node_id,x_km,y_km,n_total,n_ge_mc,mean_mag_ge_mc,b_value,b_boot_mean,b_boot_std,b_ci_low,b_ci_high,reliability_class,valid_flag,window_name,radius_km,longitude,latitude
0,-30.0,-38.0,0,0,,,,,,insufficient,0,,pre_separator,7.0,-117.8737325045117,35.37851928178576
1,-29.0,-38.0,0,0,,,,,,insufficient,0,,pre_separator,7.0,-117.86272738589399,35.37854901694201
2,-28.0,-38.0,0,0,,,,,,insufficient,0,,pre_separator,7.0,-117.85172225931575,35.37857774414393
3,-27.0,-38.0,0,0,,,,,,insufficient,0,,pre_separator,7.0,-117.84071712505143,35.37860546338977
4,-26.0,-38.0,0,0,,,,,,insufficient,0,,pre_separator,7.0,-117.82971198337553,35.378632174677804
5,-25.0,-38.0,0,0,,,,,,insufficient,0,,pre_separator,7.0,-117.81870683456256,35.37865787800639
6,-24.0,-38.0,0,0,,,,,,insufficient,0,,pre_separator,7.0,-117.80770167888697,35.37868257337396
7,-23.0,-38.0,0,0,,,,,,insufficient,0,,pre_separator,7.0,-117.79669651662329,35.378706260779
8,-22.0,-38.0,0,0,,,,,,insufficient,0,,pre_separator,7.0,-117.785691348046,35.37872894022004
9,-21.0,-38.0,0,0,,,,,,insufficient,0,,pre_separator,7.0,-117.77468617342957,35.3787506116957
10,-20.0,-38.0,0,0,,,,,,insufficient,0,,pre_separator,7.0,-117.76368099304854,35.37877127520463
11,-19.0,-38.0,0,0,,,,,,insufficient,0,,pre_separator,7.0,-117.75267580717734,35.378790930745566
12,-18.0,-38.0,0,0,,,,,,insufficient,0,,pre_separator,7.0,-117.74167061609053,35.378809578317316
13,-17.0,-38.0,0,0,,,,,,insufficient,0,,pre_separator,7.0,-117.73066542006259,35.378827217918705
14,-16.0,-38.0,0,0,,,,,,insufficient,0,,pre_separator,7.0,-117.71966021936801,35.37884384954868
15,-15.0,-38.0,0,0,,,,,,insufficient,0,,pre_separator,7.0,-117.7086550142813,35.378859473206205
16,-14.0,-38.0,0,0,,,,,,insufficient,0,,pre_separator,7.0,-117.69764980507696,35.37887408889029
17,-13.0,-38.0,0,0,,,,,,insufficient,0,,pre_separator,7.0,-117.68664459202951,35.3788876966001
18,-12.0,-38.0,0,0,,,,,,insufficient,0,,pre_separator,7.0,-117.67563937541343,35.378900296334756
19,-11.0,-38.0,0,0,,,,,,insufficient,0,,pre_separator,7.0,-117.66463415550324,35.37891188809348
20,-10.0,-38.0,0,0,,,,,,insufficient,0,,pre_separator,7.0,-117.65362893257344,35.37892247187556
21,-9.0,-38.0,0,0,,,,,,insufficient,0,,pre_separator,7.0,-117.64262370689856,35.37893204768038
22,-8.0,-38.0,0,0,,,,,,insufficient,0,,pre_separator,7.0,-117.63161847875307,35.3789406155073
23,-7.0,-38.0,0,0,,,,,,insufficient,0,,pre_separator,7.0,-117.62061324841149,35.378948175355845
24,-6.0,-38.0,0,0,,,,,,insufficient,0,,pre_separator,7.0,-117.60960801614836,35.37895472722551
25,-5.0,-38.0,0,0,,,,,,insufficient,0,,pre_separator,7.0,-117.59860278223815,35.37896027111591
26,-4.0,-38.0,0,0,,,,,,insufficient,0,,pre_separator,7.0,-117.58759754695538,35.378964807026705
27,-3.0,-38.0,0,0,,,,,,insufficient,0,,pre_separator,7.0,-117.57659231057457,35.37896833495761
28,-2.0,-38.0,0,0,,,,,,insufficient,0,,pre_separator,7.0,-117.56558707337022,35.37897085490842
29,-1.0,-38.0,0,0,,,,,,insufficient,0,,pre_separator,7.0,-117.55458183561689,35.37897236687895
30,0.0,-38.0,0,0,,,,,,insufficient,0,,pre_separator,7.0,-117.54357659758901,35.378972870869156
31,1.0,-38.0,0,0,,,,,,insufficient,0,,pre_separator,7.0,-117.53257135956113,35.37897236687895
32,2.0,-38.0,0,0,,,,,,insufficient,0,,pre_separator,7.0,-117.5215661218078,35.37897085490842
33,3.0,-38.0,0,0,,,,,,insufficient,0,,pre_separator,7.0,-117.51056088460345,35.37896833495761
34,4.0,-38.0,0,0,,,,,,insufficient,0,,pre_separator,7.0,-117.49955564822262,35.378964807026705
35,5.0,-38.0,0,0,,,,,,insufficient,0,,pre_separator,7.0,-117.48855041293987,35.37896027111591
36,6.0,-38.0,0,0,,,,,,insufficient,0,,pre_separator,7.0,-117.47754517902966,35.37895472722551
37,7.0,-38.0,0,0,,,,,,insufficient,0,,pre_separator,7.0,-117.46653994676653,35.378948175355845
38,8.0,-38.0,0,0,,,,,,insufficient,0,,pre_separator,7.0,-117.45553471642495,35.3789406155073
39,9.0,-38.0,0,0,,,,,,insufficient,0,,pre_separator,7.0,-117.44452948827946,35.37893204768038
40,10.0,-38.0,0,0,,,,,,insufficient,0,,pre_separator,7.0,-117.43352426260458,35.37892247187556
41,11.0,-38.0,0,0,,,,,,insufficient,0,,pre_separator,7.0,-117.42251903967478,35.37891188809348
42,12.0,-38.0,0,0,,,,,,insufficient,0,,pre_separator,7.0,-117.4115138197646,35.378900296334756
43,13.0,-38.0,0,0,,,,,,insufficient,0,,pre_separator,7.0,-117.40050860314851,35.3788876966001
44,14.0,-38.0,0,0,,,,,,insufficient,0,,pre_separator,7.0,-117.38950339010105,35.37887408889029
45,15.0,-38.0,0,0,,,,,,insufficient,0,,pre_separator,7.0,-117.37849818089671,35.378859473206205
46,16.0,-38.0,0,0,,,,,,insufficient,0,,pre_separator,7.0,-117.36749297581001,35.37884384954868
47,17.0,-38.0,0,0,,,,,,insufficient,0,,pre_separator,7.0,-117.35648777511543,35.378827217918705
48,18.0,-38.0,0,0,,,,,,insufficient,0,,pre_separator,7.0,-117.34548257908749,35.378809578317316
49,19.0,-38.0,0,0,,,,,,insufficient,0,,pre_separator,7.0,-117.33447738800068,35.378790930745566
50,20.0,-38.0,0,0,,,,,,insufficient,0,,pre_separator,7.0,-117.32347220212948,35.37877127520463
51,21.0,-38.0,0,0,,,,,,insufficient,0,,pre_separator,7.0,-117.31246702174845,35.3787506116957
52,22.0,-38.0,0,0,,,,,,insufficient,0,,pre_separator,7.0,-117.30146184713202,35.37872894022004
53,23.0,-38.0,0,0,,,,,,insufficient,0,,pre_separator,7.0,-117.29045667855473,35.378706260779
54,24.0,-38.0,0,0,,,,,,insufficient,0,,pre_separator,7.0,-117.27945151629105,35.37868257337396
55,25.0,-38.0,0,0,,,,,,insufficient,0,,pre_separator,7.0,-117.26844636061546,35.37865787800639
56,-30.0,-37.0,0,0,,,,,,insufficient,0,,pre_separator,7.0,-117.87376933048756,35.38753246150872
57,-29.0,-37.0,0,0,,,,,,insufficient,0,,pre_separator,7.0,-117.86276298438074,35.387562202111596
58,-28.0,-37.0,0,0,,,,,,insufficient,0,,pre_separator,7.0,-117.85175663030894,35.38759093457551
59,-27.0,-37.0,0,0,,,,,,insufficient,0,,pre_separator,7.0,-117.84075026854684,35.38761865889872
60,-26.0,-37.0,0,0,,,,,,insufficient,0,,pre_separator,7.0,-117.82974389936903,35.38764537507951
61,-25.0,-37.0,0,0,,,,,,insufficient,0,,pre_separator,7.0,-117.8187375230502,35.387671083116224
62,-24.0,-37.0,0,0,,,,,,insufficient,0,,pre_separator,7.0,-117.80773113986496,35.38769578300729
63,-23.0,-37.0,0,0,,,,,,insufficient,0,,pre_separator,7.0,-117.79672475008798,35.387719474751194
64,-22.0,-37.0,0,0,,,,,,insufficient,0,,pre_separator,7.0,-117.78571835399384,35.387742158346484
65,-21.0,-37.0,0,0,,,,,,insufficient,0,,pre_separator,7.0,-117.77471195185726,35.38776383379176
66,-20.0,-37.0,0,0,,,,,,insufficient,0,,pre_separator,7.0,-117.76370554395284,35.387784501085676
67,-19.0,-37.0,0,0,,,,,,insufficient,0,,pre_separator,7.0,-117.75269913055524,35.38780416022697
68,-18.0,-37.0,0,0,,,,,,insufficient,0,,pre_separator,7.0,-117.74169271193911,35.38782281121444
69,-17.0,-37.0,0,0,,,,,,insufficient,0,,pre_separator,7.0,-117.73068628837913,35.38784045404694
70,-16.0,-37.0,0,0,,,,,,insufficient,0,,pre_separator,7.0,-117.71967986014991,35.38785708872338
71,-15.0,-37.0,0,0,,,,,,insufficient,0,,pre_separator,7.0,-117.70867342752614,35.38787271524272
72,-14.0,-37.0,0,0,,,,,,insufficient,0,,pre_separator,7.0,-117.69766699078244,35.387887333604034
73,-13.0,-37.0,0,0,,,,,,insufficient,0,,pre_separator,7.0,-117.6866605501935,35.387900943806386
74,-12.0,-37.0,0,0,,,,,,insufficient,0,,pre_separator,7.0,-117.67565410603396,35.387913545848974
75,-11.0,-37.0,0,0,,,,,,insufficient,0,,pre_separator,7.0,-117.66464765857849,35.38792513973101
76,-10.0,-37.0,0,0,,,,,,insufficient,0,,pre_separator,7.0,-117.65364120810172,35.38793572545176
77,-9.0,-37.0,0,0,,,,,,insufficient,0,,pre_separator,7.0,-117.64263475487834,35.38794530301061
78,-8.0,-37.0,0,0,,,,,,insufficient,0,,pre_separator,7.0,-117.63162829918298,35.387953872406946
79,-7.0,-37.0,0,0,,,,,,insufficient,0,,pre_separator,7.0,-117.62062184129034,35.387961433640235
80,-6.0,-37.0,0,0,,,,,,insufficient,0,,pre_separator,7.0,-117.60961538147505,35.387967986710045
81,-5.0,-37.0,0,0,,,,,,insufficient,0,,pre_separator,7.0,-117.59860892001178,35.38797353161594
82,-4.0,-37.0,0,0,,,,,,insufficient,0,,pre_separator,7.0,-117.58760245717522,35.38797806835759
83,-3.0,-37.0,0,0,,,,,,insufficient,0,,pre_separator,7.0,-117.57659599323999,35.387981596934715
84,-2.0,-37.0,0,0,,,,,,insufficient,0,,pre_separator,7.0,-117.56558952848077,35.3879841173471
85,-1.0,-37.0,0,0,,,,,,insufficient,0,,pre_separator,7.0,-117.55458306317222,35.38798562959461
86,0.0,-37.0,0,0,,,,,,insufficient,0,,pre_separator,7.0,-117.54357659758901,35.387986133677124
87,1.0,-37.0,0,0,,,,,,insufficient,0,,pre_separator,7.0,-117.53257013200579,35.38798562959461
88,2.0,-37.0,0,0,,,,,,insufficient,0,,pre_separator,7.0,-117.52156366669725,35.3879841173471
89,3.0,-37.0,0,0,,,,,,insufficient,0,,pre_separator,7.0,-117.51055720193803,35.387981596934715
90,4.0,-37.0,0,0,,,,,,insufficient,0,,pre_separator,7.0,-117.4995507380028,35.38797806835759
91,5.0,-37.0,0,0,,,,,,insufficient,0,,pre_separator,7.0,-117.48854427516623,35.38797353161594
92,6.0,-37.0,0,0,,,,,,insufficient,0,,pre_separator,7.0,-117.47753781370295,35.387967986710045
93,7.0,-37.0,0,0,,,,,,insufficient,0,,pre_separator,7.0,-117.46653135388766,35.387961433640235
94,8.0,-37.0,0,0,,,,,,insufficient,0,,pre_separator,7.0,-117.45552489599504,35.387953872406946
95,9.0,-37.0,0,0,,,,,,insufficient,0,,pre_separator,7.0,-117.44451844029967,35.38794530301061
96,10.0,-37.0,0,0,,,,,,insufficient,0,,pre_separator,7.0,-117.4335119870763,35.38793572545176
97,11.0,-37.0,0,0,,,,,,insufficient,0,,pre_separator,7.0,-117.42250553659953,35.38792513973101
98,12.0,-37.0,0,0,,,,,,insufficient,0,,pre_separator,7.0,-117.41149908914404,35.387913545848974
99,13.0,-37.0,0,0,,,,,,insufficient,0,,pre_separator,7.0,-117.40049264498452,35.387900943806386
100,14.0,-37.0,0,0,,,,,,insufficient,0,,pre_separator,7.0,-117.38948620439558,35.387887333604034
101,15.0,-37.0,0,0,,,,,,insufficient,0,,pre_separator,7.0,-117.37847976765188,35.38787271524272
102,16.0,-37.0,0,0,,,,,,insufficient,0,,pre_separator,7.0,-117.36747333502811,35.38785708872338
103,17.0,-37.0,0,0,,,,,,insufficient,0,,pre_separator,7.0,-117.35646690679889,35.38784045404694
104,18.0,-37.0,0,0,,,,,,insufficient,0,,pre_separator,7.0,-117.34546048323891,35.38782281121444
105,19.0,-37.0,0,0,,,,,,insufficient,0,,pre_separator,7.0,-117.33445406462278,35.38780416022697
106,20.0,-37.0,0,0,,,,,,insufficient,0,,pre_separator,7.0,-117.32344765122518,35.387784501085676
107,21.0,-37.0,0,0,,,,,,insufficient,0,,pre_separator,7.0,-117.31244124332076,35.38776383379176
108,22.0,-37.0,0,0,,,,,,insufficient,0,,pre_separator,7.0,-117.30143484118418,35.387742158346484
109,23.0,-37.0,0,0,,,,,,insufficient,0,,pre_separator,7.0,-117.29042844509004,35.387719474751194
110,24.0,-37.0,0,0,,,,,,insufficient,0,,pre_separator,7.0,-117.27942205531306,35.38769578300729
111,25.0,-37.0,0,0,,,,,,insufficient,0,,pre_separator,7.0,-117.26841567212782,35.387671083116224
112,-30.0,-36.0,0,0,,,,,,insufficient,0,,pre_separator,7.0,-117.87380617008131,35.39654562773182
113,-29.0,-36.0,0,0,,,,,,insufficient,0,,pre_separator,7.0,-117.86279859603147,35.39657537378301
114,-28.0,-36.0,0,0,,,,,,insufficient,0,,pre_separator,7.0,-117.85179101401224,35.396604111510555
115,-27.0,-36.0,0,0,,,,,,insufficient,0,,pre_separator,7.0,-117.84078342429842,35.39663184091271
116,-26.0,-36.0,0,0,,,,,,insufficient,0,,pre_separator,7.0,-117.82977582716482,35.39665856198776
117,-25.0,-36.0,0,0,,,,,,insufficient,0,,pre_separator,7.0,-117.8187682228862,35.396684274734056
118,-24.0,-36.0,0,0,,,,,,insufficient,0,,pre_separator,7.0,-117.80776061173741,35.39670897915004
119,-23.0,-36.0,0,0,,,,,,insufficient,0,,pre_separator,7.0,-117.79675299399314,35.396732675234155
120,-22.0,-36.0,0,0,,,,,,insufficient,0,,pre_separator,7.0,-117.7857453699283,35.39675536298497
121,-21.0,-36.0,0,0,,,,,,insufficient,0,,pre_separator,7.0,-117.77473773981761,35.39677704240109
122,-20.0,-36.0,0,0,,,,,,insufficient,0,,pre_separator,7.0,-117.76373010393588,35.396797713481156
123,-19.0,-36.0,0,0,,,,,,insufficient,0,,pre_separator,7.0,-117.75272246255794,35.396817376223936
124,-18.0,-36.0,0,0,,,,,,insufficient,0,,pre_separator,7.0,-117.74171481595859,35.39683603062819
125,-17.0,-36.0,0,0,,,,,,insufficient,0,,pre_separator,7.0,-117.73070716441265,35.39685367669279
126,-16.0,-36.0,0,0,,,,,,insufficient,0,,pre_separator,7.0,-117.71969950819486,35.396870314416624
127,-15.0,-36.0,0,0,,,,,,insufficient,0,,pre_separator,7.0,-117.70869184758008,35.39688594379869
128,-14.0,-36.0,0,0,,,,,,insufficient,0,,pre_separator,7.0,-117.6976841828431,35.39690056483803
129,-13.0,-36.0,0,0,,,,,,insufficient,0,,pre_separator,7.0,-117.68667651425874,35.39691417753374
130,-12.0,-36.0,0,0,,,,,,insufficient,0,,pre_separator,7.0,-117.6756688421018,35.396926781884964
131,-11.0,-36.0,0,0,,,,,,insufficient,0,,pre_separator,7.0,-117.6646611666471,35.396938377890955
132,-10.0,-36.0,0,0,,,,,,insufficient,0,,pre_separator,7.0,-117.65365348816943,35.39694896555098
133,-9.0,-36.0,0,0,,,,,,insufficient,0,,pre_separator,7.0,-117.6426458069436,35.39695854486441
134,-8.0,-36.0,0,0,,,,,,insufficient,0,,pre_separator,7.0,-117.63163812324446,35.396967115830634
135,-7.0,-36.0,0,0,,,,,,insufficient,0,,pre_separator,7.0,-117.62063043734679,35.39697467844912
136,-6.0,-36.0,0,0,,,,,,insufficient,0,,pre_separator,7.0,-117.60962274952544,35.39698123271942
137,-5.0,-36.0,0,0,,,,,,insufficient,0,,pre_separator,7.0,-117.59861506005517,35.39698677864112
138,-4.0,-36.0,0,0,,,,,,insufficient,0,,pre_separator,7.0,-117.58760736921084,35.39699131621389
139,-3.0,-36.0,0,0,,,,,,insufficient,0,,pre_separator,7.0,-117.57659967726721,35.39699484543746
140,-2.0,-36.0,0,0,,,,,,insufficient,0,,pre_separator,7.0,-117.56559198449919,35.396997366311574
141,-1.0,-36.0,0,0,,,,,,insufficient,0,,pre_separator,7.0,-117.55458429118151,35.396998878836115
142,0.0,-36.0,0,0,,,,,,insufficient,0,,pre_separator,7.0,-117.54357659758901,35.39699938301097
143,1.0,-36.0,0,0,,,,,,insufficient,0,,pre_separator,7.0,-117.5325689039965,35.396998878836115
144,2.0,-36.0,1,1,1.69,,,,,insufficient,0,,pre_separator,7.0,-117.52156121067883,35.396997366311574
145,3.0,-36.0,1,1,1.69,,,,,insufficient,0,,pre_separator,7.0,-117.51055351791081,35.39699484543746
146,4.0,-36.0,0,0,,,,,,insufficient,0,,pre_separator,7.0,-117.49954582596718,35.39699131621389
147,5.0,-36.0,0,0,,,,,,insufficient,0,,pre_separator,7.0,-117.48853813512285,35.39698677864112
148,6.0,-36.0,0,0,,,,,,insufficient,0,,pre_separator,7.0,-117.47753044565258,35.39698123271942
149,7.0,-36.0,0,0,,,,,,insufficient,0,,pre_separator,7.0,-117.46652275783123,35.39697467844912
150,8.0,-36.0,0,0,,,,,,insufficient,0,,pre_separator,7.0,-117.45551507193356,35.396967115830634
151,9.0,-36.0,0,0,,,,,,insufficient,0,,pre_separator,7.0,-117.44450738823441,35.39695854486441
152,10.0,-36.0,0,0,,,,,,insufficient,0,,pre_separator,7.0,-117.4334997070086,35.39694896555098
153,11.0,-36.0,0,0,,,,,,insufficient,0,,pre_separator,7.0,-117.42249202853093,35.396938377890955
154,12.0,-36.0,0,0,,,,,,insufficient,0,,pre_separator,7.0,-117.41148435307622,35.396926781884964
155,13.0,-36.0,0,0,,,,,,insufficient,0,,pre_separator,7.0,-117.40047668091928,35.39691417753374
156,14.0,-36.0,0,0,,,,,,insufficient,0,,pre_separator,7.0,-117.38946901233491,35.39690056483803
157,15.0,-36.0,0,0,,,,,,insufficient,0,,pre_separator,7.0,-117.37846134759793,35.39688594379869
158,16.0,-36.0,0,0,,,,,,insufficient,0,,pre_separator,7.0,-117.36745368698315,35.396870314416624
159,17.0,-36.0,0,0,,,,,,insufficient,0,,pre_separator,7.0,-117.35644603076537,35.39685367669279
160,18.0,-36.0,0,0,,,,,,insufficient,0,,pre_separator,7.0,-117.34543837921942,35.39683603062819
161,19.0,-36.0,0,0,,,,,,insufficient,0,,pre_separator,7.0,-117.33443073262008,35.396817376223936
162,20.0,-36.0,0,0,,,,,,insufficient,0,,pre_separator,7.0,-117.32342309124213,35.396797713481156
163,21.0,-36.0,0,0,,,,,,insufficient,0,,pre_separator,7.0,-117.31241545536041,35.39677704240109
164,22.0,-36.0,0,0,,,,,,insufficient,0,,pre_separator,7.0,-117.30140782524971,35.39675536298497
165,23.0,-36.0,0,0,,,,,,insufficient,0,,pre_separator,7.0,-117.29040020118488,35.396732675234155
166,24.0,-36.0,0,0,,,,,,insufficient,0,,pre_separator,7.0,-117.27939258344061,35.39670897915004
167,25.0,-36.0,0,0,,,,,,insufficient,0,,pre_separator,7.0,-117.2683849722918,35.396684274734056
168,-30.0,-35.0,0,0,,,,,,insufficient,0,,pre_separator,7.0,-117.8738430232993,35.40555878045362
169,-29.0,-35.0,0,0,,,,,,insufficient,0,,pre_separator,7.0,-117.86283422085233,35.40558853195479
170,-28.0,-35.0,0,0,,,,,,insufficient,0,,pre_separator,7.0,-117.85182541043153,35.4056172749476
171,-27.0,-35.0,0,0,,,,,,insufficient,0,,pre_separator,7.0,-117.84081659231192,35.40564500943029
172,-26.0,-35.0,0,0,,,,,,insufficient,0,,pre_separator,7.0,-117.8298077667684,35.40567173540111
173,-25.0,-35.0,0,0,,,,,,insufficient,0,,pre_separator,7.0,-117.81879893407589,35.40569745285845
174,-24.0,-35.0,0,0,,,,,,insufficient,0,,pre_separator,7.0,-117.80779009450936,35.40572216180073
175,-23.0,-35.0,0,0,,,,,,insufficient,0,,pre_separator,7.0,-117.79678124834373,35.40574586222641
176,-22.0,-35.0,0,0,,,,,,insufficient,0,,pre_separator,7.0,-117.785772395854,35.40576855413404
177,-21.0,-35.0,0,0,,,,,,insufficient,0,,pre_separator,7.0,-117.77476353731508,35.405790237522226
178,-20.0,-35.0,0,0,,,,,,insufficient,0,,pre_separator,7.0,-117.76375467300194,35.40581091238965
179,-19.0,-35.0,0,0,,,,,,insufficient,0,,pre_separator,7.0,-117.75274580318954,35.405830578735014
180,-18.0,-35.0,0,0,,,,,,insufficient,0,,pre_separator,7.0,-117.74173692815282,35.405849236557096
181,-17.0,-35.0,0,0,,,,,,insufficient,0,,pre_separator,7.0,-117.73072804816674,35.4058668858548
182,-16.0,-35.0,0,0,,,,,,insufficient,0,,pre_separator,7.0,-117.71971916350626,35.405883526626994
183,-15.0,-35.0,0,0,,,,,,insufficient,0,,pre_separator,7.0,-117.70871027444632,35.40589915887267
184,-14.0,-35.0,0,0,,,,,,insufficient,0,,pre_separator,7.0,-117.69770138126192,35.405913782590865
185,-13.0,-35.0,0,0,,,,,,insufficient,0,,pre_separator,7.0,-117.68669248422798,35.40592739778069
186,-12.0,-35.0,0,0,,,,,,insufficient,0,,pre_separator,7.0,-117.67568358361947,35.405940004441284
187,-11.0,-35.0,0,0,,,,,,insufficient,0,,pre_separator,7.0,-117.6646746797114,35.40595160257189
188,-10.0,-35.0,0,0,,,,,,insufficient,0,,pre_separator,7.0,-117.65366577277868,35.405962192171785
189,-9.0,-35.0,0,0,,,,,,insufficient,0,,pre_separator,7.0,-117.64265686309626,35.40597177324034
190,-8.0,-35.0,0,0,,,,,,insufficient,0,,pre_separator,7.0,-117.63164795093917,35.40598034577692
191,-7.0,-35.0,0,0,,,,,,insufficient,0,,pre_separator,7.0,-117.62063903658235,35.40598790978103
192,-6.0,-35.0,0,0,,,,,,insufficient,0,,pre_separator,7.0,-117.60963012030074,35.40599446525221
193,-5.0,-35.0,0,0,,,,,,insufficient,0,,pre_separator,7.0,-117.59862120236932,35.40600001219004
194,-4.0,-35.0,0,0,,,,,,insufficient,0,,pre_separator,7.0,-117.58761228306307,35.40600455059418
195,-3.0,-35.0,0,0,,,,,,insufficient,0,,pre_separator,7.0,-117.57660336265694,35.40600808046437
196,-2.0,-35.0,0,0,,,,,,insufficient,0,,pre_separator,7.0,-117.5655944414259,35.40601060180036
197,-1.0,-35.0,1,1,1.69,,,,,insufficient,0,,pre_separator,7.0,-117.55458551964493,35.406012114602035
198,0.0,-35.0,1,1,1.69,,,,,insufficient,0,,pre_separator,7.0,-117.54357659758901,35.406012618869255
199,1.0,-35.0,1,1,1.69,,,,,insufficient,0,,pre_separator,7.0,-117.53256767553309,35.406012114602035
200,2.0,-35.0,1,1,1.69,,,,,insufficient,0,,pre_separator,7.0,-117.52155875375212,35.40601060180036
201,3.0,-35.0,1,1,1.69,,,,,insufficient,0,,pre_separator,7.0,-117.51054983252108,35.40600808046437
202,4.0,-35.0,1,1,1.69,,,,,insufficient,0,,pre_separator,7.0,-117.49954091211495,35.40600455059418
203,5.0,-35.0,1,1,1.69,,,,,insufficient,0,,pre_separator,7.0,-117.4885319928087,35.40600001219004
204,6.0,-35.0,1,1,1.69,,,,,insufficient,0,,pre_separator,7.0,-117.47752307487728,35.40599446525221
205,7.0,-35.0,0,0,,,,,,insufficient,0,,pre_separator,7.0,-117.46651415859567,35.40598790978103
206,8.0,-35.0,0,0,,,,,,insufficient,0,,pre_separator,7.0,-117.45550524423885,35.40598034577692
207,9.0,-35.0,0,0,,,,,,insufficient,0,,pre_separator,7.0,-117.44449633208175,35.40597177324034
208,10.0,-35.0,0,0,,,,,,insufficient,0,,pre_separator,7.0,-117.43348742239934,35.405962192171785
209,11.0,-35.0,0,0,,,,,,insufficient,0,,pre_separator,7.0,-117.42247851546662,35.40595160257189
210,12.0,-35.0,0,0,,,,,,insufficient,0,,pre_separator,7.0,-117.41146961155853,35.405940004441284
211,13.0,-35.0,0,0,,,,,,insufficient,0,,pre_separator,7.0,-117.40046071095004,35.40592739778069
212,14.0,-35.0,0,0,,,,,,insufficient,0,,pre_separator,7.0,-117.3894518139161,35.405913782590865
213,15.0,-35.0,0,0,,,,,,insufficient,0,,pre_separator,7.0,-117.3784429207317,35.40589915887267
214,16.0,-35.0,0,0,,,,,,insufficient,0,,pre_separator,7.0,-117.36743403167176,35.405883526626994
215,17.0,-35.0,0,0,,,,,,insufficient,0,,pre_separator,7.0,-117.35642514701128,35.4058668858548
216,18.0,-35.0,0,0,,,,,,insufficient,0,,pre_separator,7.0,-117.34541626702519,35.405849236557096
217,19.0,-35.0,0,0,,,,,,insufficient,0,,pre_separator,7.0,-117.33440739198848,35.405830578735014
218,20.0,-35.0,0,0,,,,,,insufficient,0,,pre_separator,7.0,-117.32339852217606,35.40581091238965
219,21.0,-35.0,0,0,,,,,,insufficient,0,,pre_separator,7.0,-117.31238965786294,35.405790237522226
220,22.0,-35.0,0,0,,,,,,insufficient,0,,pre_separator,7.0,-117.30138079932402,35.40576855413404
221,23.0,-35.0,0,0,,,,,,insufficient,0,,pre_separator,7.0,-117.29037194683428,35.40574586222641
222,24.0,-35.0,0,0,,,,,,insufficient,0,,pre_separator,7.0,-117.27936310066866,35.40572216180073
223,25.0,-35.0,0,0,,,,,,insufficient,0,,pre_separator,7.0,-117.26835426110213,35.40569745285845
224,-30.0,-34.0,0,0,,,,,,insufficient,0,,pre_separator,7.0,-117.87387989014789,35.41457191967261
225,-29.0,-34.0,0,0,,,,,,insufficient,0,,pre_separator,7.0,-117.86286985884948,35.41460167662548
226,-28.0,-34.0,0,0,,,,,,insufficient,0,,pre_separator,7.0,-117.85185981957284,35.41463042488518
227,-27.0,-34.0,0,0,,,,,,insufficient,0,,pre_separator,7.0,-117.84084977259303,35.41465816444996
228,-26.0,-34.0,0,0,,,,,,insufficient,0,,pre_separator,7.0,-117.82983971818526,35.41468489531809
229,-25.0,-34.0,0,0,,,,,,insufficient,0,,pre_separator,7.0,-117.8188296566245,35.41471061748794
230,-24.0,-34.0,0,0,,,,,,insufficient,0,,pre_separator,7.0,-117.80781958818591,35.41473533095792
231,-23.0,-34.0,0,0,,,,,,insufficient,0,,pre_separator,7.0,-117.7968095131446,35.414759035726505
232,-22.0,-34.0,0,0,,,,,,insufficient,0,,pre_separator,7.0,-117.78579943177564,35.414781731792246
233,-21.0,-34.0,0,0,,,,,,insufficient,0,,pre_separator,7.0,-117.77478934435416,35.41480341915374
234,-20.0,-34.0,0,0,,,,,,insufficient,0,,pre_separator,7.0,-117.76377925115526,35.414824097809664
235,-19.0,-34.0,0,0,,,,,,insufficient,0,,pre_separator,7.0,-117.75276915245402,35.414843767758725
236,-18.0,-34.0,0,0,,,,,,insufficient,0,,pre_separator,7.0,-117.74175904852555,35.414862428999726
237,-17.0,-34.0,0,0,,,,,,insufficient,0,,pre_separator,7.0,-117.73074893964503,35.41488008153152
238,-16.0,-34.0,0,0,,,,,,insufficient,0,,pre_separator,7.0,-117.71973882608746,35.41489672535302
239,-15.0,-34.0,0,0,,,,,,insufficient,0,,pre_separator,7.0,-117.70872870812802,35.414912360463184
240,-14.0,-34.0,0,0,,,,,,insufficient,0,,pre_separator,7.0,-117.69771858604182,35.414926986861076
241,-13.0,-34.0,0,0,,,,,,insufficient,0,,pre_separator,7.0,-117.68670846010397,35.41494060454578
242,-12.0,-34.0,0,0,,,,,,insufficient,0,,pre_separator,7.0,-117.67569833058957,35.41495321351647
243,-11.0,-34.0,0,0,,,,,,insufficient,0,,pre_separator,7.0,-117.66468819777373,35.414964813772336
244,-10.0,-34.0,0,0,,,,,,insufficient,0,,pre_separator,7.0,-117.65367806193159,35.41497540531271
245,-9.0,-34.0,0,0,,,,,,insufficient,0,,pre_separator,7.0,-117.64266792333825,35.414984988136915
246,-8.0,-34.0,0,0,,,,,,insufficient,0,,pre_separator,7.0,-117.63165778226885,35.41499356224436
247,-7.0,-34.0,0,0,,,,,,insufficient,0,,pre_separator,7.0,-117.62064763899848,35.41500112763453
248,-6.0,-34.0,0,0,,,,,,insufficient,0,,pre_separator,7.0,-117.60963749380227,35.41500768430696
249,-5.0,-34.0,0,0,,,,,,insufficient,0,,pre_separator,7.0,-117.59862734695531,35.41501323226123
250,-4.0,-34.0,0,0,,,,,,insufficient,0,,pre_separator,7.0,-117.58761719873277,35.415017771497006
251,-3.0,-34.0,0,0,,,,,,insufficient,0,,pre_separator,7.0,-117.57660704940974,35.415021302014004
252,-2.0,-34.0,1,1,1.69,,,,,insufficient,0,,pre_separator,7.0,-117.56559689926138,35.415023823812035
253,-1.0,-34.0,1,1,1.69,,,,,insufficient,0,,pre_separator,7.0,-117.55458674856276,35.4150253368909
254,0.0,-34.0,2,1,1.69,,,,,insufficient,0,,pre_separator,7.0,-117.54357659758901,35.41502584125053
255,1.0,-34.0,2,1,1.69,,,,,insufficient,0,,pre_separator,7.0,-117.53256644661525,35.4150253368909
256,2.0,-34.0,1,1,1.69,,,,,insufficient,0,,pre_separator,7.0,-117.52155629591664,35.415023823812035
257,3.0,-34.0,1,1,1.69,,,,,insufficient,0,,pre_separator,7.0,-117.51054614576827,35.415021302014004
258,4.0,-34.0,1,1,1.69,,,,,insufficient,0,,pre_separator,7.0,-117.49953599644525,35.415017771497006
259,5.0,-34.0,1,1,1.69,,,,,insufficient,0,,pre_separator,7.0,-117.48852584822271,35.41501323226123
260,6.0,-34.0,1,1,1.69,,,,,insufficient,0,,pre_separator,7.0,-117.47751570137575,35.41500768430696
261,7.0,-34.0,1,1,1.69,,,,,insufficient,0,,pre_separator,7.0,-117.46650555617954,35.41500112763453
262,8.0,-34.0,0,0,,,,,,insufficient,0,,pre_separator,7.0,-117.45549541290917,35.41499356224436
263,9.0,-34.0,0,0,,,,,,insufficient,0,,pre_separator,7.0,-117.44448527183977,35.414984988136915
264,10.0,-34.0,0,0,,,,,,insufficient,0,,pre_separator,7.0,-117.43347513324643,35.41497540531271
265,11.0,-34.0,0,0,,,,,,insufficient,0,,pre_separator,7.0,-117.42246499740429,35.414964813772336
266,12.0,-34.0,0,0,,,,,,insufficient,0,,pre_separator,7.0,-117.41145486458845,35.41495321351647
267,13.0,-34.0,0,0,,,,,,insufficient,0,,pre_separator,7.0,-117.40044473507405,35.41494060454578
268,14.0,-34.0,0,0,,,,,,insufficient,0,,pre_separator,7.0,-117.3894346091362,35.414926986861076
269,15.0,-34.0,0,0,,,,,,insufficient,0,,pre_separator,7.0,-117.37842448705,35.414912360463184
270,16.0,-34.0,0,0,,,,,,insufficient,0,,pre_separator,7.0,-117.36741436909055,35.41489672535302
271,17.0,-34.0,0,0,,,,,,insufficient,0,,pre_separator,7.0,-117.356404255533,35.41488008153152
272,18.0,-34.0,0,0,,,,,,insufficient,0,,pre_separator,7.0,-117.34539414665245,35.414862428999726
273,19.0,-34.0,0,0,,,,,,insufficient,0,,pre_separator,7.0,-117.334384042724,35.414843767758725
274,20.0,-34.0,0,0,,,,,,insufficient,0,,pre_separator,7.0,-117.32337394402276,35.414824097809664
275,21.0,-34.0,0,0,,,,,,insufficient,0,,pre_separator,7.0,-117.31236385082386,35.41480341915374
276,22.0,-34.0,0,0,,,,,,insufficient,0,,pre_separator,7.0,-117.30135376340237,35.414781731792246
277,23.0,-34.0,0,0,,,,,,insufficient,0,,pre_separator,7.0,-117.29034368203342,35.414759035726505
278,24.0,-34.0,0,0,,,,,,insufficient,0,,pre_separator,7.0,-117.27933360699211,35.41473533095792
279,25.0,-34.0,0,0,,,,,,insufficient,0,,pre_separator,7.0,-117.26832353855352,35.41471061748794
280,-30.0,-33.0,0,0,,,,,,insufficient,0,,pre_separator,7.0,-117.87391677063344,35.42358504538738
281,-29.0,-33.0,0,0,,,,,,insufficient,0,,pre_separator,7.0,-117.86290551002905,35.42361480779362
282,-28.0,-33.0,0,0,,,,,,insufficient,0,,pre_separator,7.0,-117.85189424144197,35.423643561321846
283,-27.0,-33.0,0,0,,,,,,insufficient,0,,pre_separator,7.0,-117.84088296514751,35.4236713059703
284,-26.0,-33.0,0,0,,,,,,insufficient,0,,pre_separator,7.0,-117.82987168142088,35.42369804173725
285,-25.0,-33.0,0,0,,,,,,insufficient,0,,pre_separator,7.0,-117.81886039053738,35.423723768621045
286,-24.0,-33.0,0,0,,,,,,insufficient,0,,pre_separator,7.0,-117.80784909277219,35.42374848662014
287,-23.0,-33.0,0,0,,,,,,insufficient,0,,pre_separator,7.0,-117.79683778840061,35.42377219573299
288,-22.0,-33.0,0,0,,,,,,insufficient,0,,pre_separator,7.0,-117.7858264776979,35.423794895958125
289,-21.0,-33.0,0,0,,,,,,insufficient,0,,pre_separator,7.0,-117.77481516093928,35.42381658729416
290,-20.0,-33.0,0,0,,,,,,insufficient,0,,pre_separator,7.0,-117.76380383840004,35.42383726973976
291,-19.0,-33.0,0,0,,,,,,insufficient,0,,pre_separator,7.0,-117.75279251035539,35.42385694329365
292,-18.0,-33.0,0,0,,,,,,insufficient,0,,pre_separator,7.0,-117.74178117708067,35.423875607954606
293,-17.0,-33.0,0,0,,,,,,insufficient,0,,pre_separator,7.0,-117.73076983885109,35.4238932637215
294,-16.0,-33.0,0,0,,,,,,insufficient,0,,pre_separator,7.0,-117.7197584959419,35.42390991059324
295,-15.0,-33.0,0,0,,,,,,insufficient,0,,pre_separator,7.0,-117.7087471486284,35.423925548568796
296,-14.0,-33.0,0,0,,,,,,insufficient,0,,pre_separator,7.0,-117.69773579718584,35.42394017764721
297,-13.0,-33.0,0,0,,,,,,insufficient,0,,pre_separator,7.0,-117.68672444188948,35.42395379782757
298,-12.0,-33.0,0,0,,,,,,insufficient,0,,pre_separator,7.0,-117.67571308301459,35.42396640910905
299,-11.0,-33.0,0,0,,,,,,insufficient,0,,pre_separator,7.0,-117.66470172083643,35.42397801149086
300,-10.0,-33.0,0,0,,,,,,insufficient,0,,pre_separator,7.0,-117.6536903556303,35.42398860497231
301,-9.0,-33.0,0,0,,,,,,insufficient,0,,pre_separator,7.0,-117.64267898767145,35.42399818955271
302,-8.0,-33.0,0,0,,,,,,insufficient,0,,pre_separator,7.0,-117.63166761723512,35.42400676523152
303,-7.0,-33.0,0,0,,,,,,insufficient,0,,pre_separator,7.0,-117.62065624459665,35.42401433200816
304,-6.0,-33.0,0,0,,,,,,insufficient,0,,pre_separator,7.0,-117.60964487003125,35.424020889882215
305,-5.0,-33.0,0,0,,,,,,insufficient,0,,pre_separator,7.0,-117.59863349381419,35.42402643885323
306,-4.0,-33.0,0,0,,,,,,insufficient,0,,pre_separator,7.0,-117.5876221162208,35.424030978920904
307,-3.0,-33.0,2,1,1.69,,,,,insufficient,0,,pre_separator,7.0,-117.5766107375263,35.42403451008494
308,-2.0,-33.0,2,1,1.69,,,,,insufficient,0,,pre_separator,7.0,-117.565599358006,35.424037032345105
309,-1.0,-33.0,2,1,1.69,,,,,insufficient,0,,pre_separator,7.0,-117.55458797793513,35.42403854570127
310,0.0,-33.0,2,1,1.69,,,,,insufficient,0,,pre_separator,7.0,-117.54357659758901,35.42403905015334
311,1.0,-33.0,2,1,1.69,,,,,insufficient,0,,pre_separator,7.0,-117.53256521724289,35.42403854570127
312,2.0,-33.0,2,1,1.69,,,,,insufficient,0,,pre_separator,7.0,-117.52155383717202,35.424037032345105
313,3.0,-33.0,2,1,1.69,,,,,insufficient,0,,pre_separator,7.0,-117.51054245765172,35.42403451008494
314,4.0,-33.0,1,1,1.69,,,,,insufficient,0,,pre_separator,7.0,-117.49953107895722,35.424030978920904
315,5.0,-33.0,1,1,1.69,,,,,insufficient,0,,pre_separator,7.0,-117.48851970136383,35.42402643885323
316,6.0,-33.0,1,1,1.69,,,,,insufficient,0,,pre_separator,7.0,-117.47750832514677,35.424020889882215
317,7.0,-33.0,1,1,1.69,,,,,insufficient,0,,pre_separator,7.0,-117.46649695058137,35.42401433200816
318,8.0,-33.0,1,1,1.69,,,,,insufficient,0,,pre_separator,7.0,-117.4554855779429,35.42400676523152
319,9.0,-33.0,0,0,,,,,,insufficient,0,,pre_separator,7.0,-117.44447420750657,35.42399818955271
320,10.0,-33.0,0,0,,,,,,insufficient,0,,pre_separator,7.0,-117.43346283954772,35.42398860497231
321,11.0,-33.0,0,0,,,,,,insufficient,0,,pre_separator,7.0,-117.42245147434159,35.42397801149086
322,12.0,-33.0,0,0,,,,,,insufficient,0,,pre_separator,7.0,-117.41144011216342,35.42396640910905
323,13.0,-33.0,0,0,,,,,,insufficient,0,,pre_separator,7.0,-117.40042875328854,35.42395379782757
324,14.0,-33.0,0,0,,,,,,insufficient,0,,pre_separator,7.0,-117.38941739799218,35.42394017764721
325,15.0,-33.0,0,0,,,,,,insufficient,0,,pre_separator,7.0,-117.37840604654961,35.423925548568796
326,16.0,-33.0,0,0,,,,,,insufficient,0,,pre_separator,7.0,-117.36739469923612,35.42390991059324
327,17.0,-33.0,0,0,,,,,,insufficient,0,,pre_separator,7.0,-117.35638335632693,35.4238932637215
328,18.0,-33.0,0,0,,,,,,insufficient,0,,pre_separator,7.0,-117.34537201809735,35.423875607954606
329,19.0,-33.0,0,0,,,,,,insufficient,0,,pre_separator,7.0,-117.33436068482263,35.42385694329365
330,20.0,-33.0,0,0,,,,,,insufficient,0,,pre_separator,7.0,-117.32334935677797,35.42383726973976
331,21.0,-33.0,0,0,,,,,,insufficient,0,,pre_separator,7.0,-117.31233803423873,35.42381658729416
332,22.0,-33.0,0,0,,,,,,insufficient,0,,pre_separator,7.0,-117.30132671748012,35.423794895958125
333,23.0,-33.0,0,0,,,,,,insufficient,0,,pre_separator,7.0,-117.29031540677741,35.42377219573299
334,24.0,-33.0,0,0,,,,,,insufficient,0,,pre_separator,7.0,-117.27930410240582,35.42374848662014
335,25.0,-33.0,0,0,,,,,,insufficient,0,,pre_separator,7.0,-117.26829280464064,35.423723768621045
336,-30.0,-32.0,0,0,,,,,,insufficient,0,,pre_separator,7.0,-117.87395366476237,35.43259815759644
337,-29.0,-32.0,0,0,,,,,,insufficient,0,,pre_separator,7.0,-117.86294117439722,35.43262792545775
338,-28.0,-32.0,0,0,,,,,,insufficient,0,,pre_separator,7.0,-117.85192867604498,35.432656684256145
339,-27.0,-32.0,0,0,,,,,,insufficient,0,,pre_separator,7.0,-117.84091616998106,35.432684433989834
340,-26.0,-32.0,0,0,,,,,,insufficient,0,,pre_separator,7.0,-117.82990365648088,35.432711174657115
341,-25.0,-32.0,0,0,,,,,,insufficient,0,,pre_separator,7.0,-117.8188911358198,35.43273690625636
342,-24.0,-32.0,0,0,,,,,,insufficient,0,,pre_separator,7.0,-117.80787860827326,35.432761628785954
343,-23.0,-32.0,0,0,,,,,,insufficient,0,,pre_separator,7.0,-117.79686607411666,35.4327853422444
344,-22.0,-32.0,0,0,,,,,,insufficient,0,,pre_separator,7.0,-117.78585353362541,35.43280804663023
345,-21.0,-32.0,0,0,,,,,,insufficient,0,,pre_separator,7.0,-117.7748409870749,35.43282974194203
346,-20.0,-32.0,0,0,,,,,,insufficient,0,,pre_separator,7.0,-117.76382843474053,35.432850428178476
347,-19.0,-32.0,0,0,,,,,,insufficient,0,,pre_separator,7.0,-117.75281587689774,35.4328701053383
348,-18.0,-32.0,0,0,,,,,,insufficient,0,,pre_separator,7.0,-117.74180331382196,35.432888773420295
349,-17.0,-32.0,0,0,,,,,,insufficient,0,,pre_separator,7.0,-117.73079074578855,35.43290643242331
350,-16.0,-32.0,0,0,,,,,,insufficient,0,,pre_separator,7.0,-117.71977817307295,35.43292308234622
351,-15.0,-32.0,0,0,,,,,,insufficient,0,,pre_separator,7.0,-117.7087655959506,35.432938723188045
352,-14.0,-32.0,0,0,,,,,,insufficient,0,,pre_separator,7.0,-117.69775301469689,35.43295335494781
353,-13.0,-32.0,0,0,,,,,,insufficient,0,,pre_separator,7.0,-117.68674042958723,35.432966977624616
354,-12.0,-32.0,0,0,,,,,,insufficient,0,,pre_separator,7.0,-117.6757278408971,35.432979591217595
355,-11.0,-32.0,0,0,,,,,,insufficient,0,,pre_separator,7.0,-117.66471524890184,35.43299119572602
356,-10.0,-32.0,0,0,,,,,,insufficient,0,,pre_separator,7.0,-117.65370265387692,35.43300179114914
357,-9.0,-32.0,0,0,,,,,,insufficient,0,,pre_separator,7.0,-117.64269005609775,35.4330113774863
358,-8.0,-32.0,0,0,,,,,,insufficient,0,,pre_separator,7.0,-117.63167745583976,35.433019954736935
359,-7.0,-32.0,0,0,,,,,,insufficient,0,,pre_separator,7.0,-117.62066485337836,35.433027522900495
360,-6.0,-32.0,0,0,,,,,,insufficient,0,,pre_separator,7.0,-117.609652248989,35.43303408197653
361,-5.0,-32.0,0,0,,,,,,insufficient,0,,pre_separator,7.0,-117.59863964294706,35.43303963196462
362,-4.0,-32.0,1,0,,,,,,insufficient,0,,pre_separator,7.0,-117.58762703552802,35.433044172864435
363,-3.0,-32.0,2,1,1.69,,,,,insufficient,0,,pre_separator,7.0,-117.57661442700724,35.433047704675694
364,-2.0,-32.0,2,1,1.69,,,,,insufficient,0,,pre_separator,7.0,-117.56560181766021,35.433050227398176
365,-1.0,-32.0,2,1,1.69,,,,,insufficient,0,,pre_separator,7.0,-117.55458920776232,35.433051741031726
366,0.0,-32.0,2,1,1.69,,,,,insufficient,0,,pre_separator,7.0,-117.54357659758901,35.43305224557625
367,1.0,-32.0,2,1,1.69,,,,,insufficient,0,,pre_separator,7.0,-117.5325639874157,35.433051741031726
368,2.0,-32.0,2,1,1.69,,,,,insufficient,0,,pre_separator,7.0,-117.52155137751781,35.433050227398176
369,3.0,-32.0,2,1,1.69,,,,,insufficient,0,,pre_separator,7.0,-117.51053876817078,35.433047704675694
370,4.0,-32.0,2,1,1.69,,,,,insufficient,0,,pre_separator,7.0,-117.49952615965,35.433044172864435
371,5.0,-32.0,2,1,1.69,,,,,insufficient,0,,pre_separator,7.0,-117.48851355223096,35.43303963196462
372,6.0,-32.0,1,1,1.69,,,,,insufficient,0,,pre_separator,7.0,-117.47750094618902,35.43303408197653
373,7.0,-32.0,1,1,1.69,,,,,insufficient,0,,pre_separator,7.0,-117.46648834179966,35.433027522900495
374,8.0,-32.0,1,1,1.69,,,,,insufficient,0,,pre_separator,7.0,-117.45547573933825,35.433019954736935
375,9.0,-32.0,1,0,,,,,,insufficient,0,,pre_separator,7.0,-117.44446313908027,35.4330113774863
376,10.0,-32.0,1,0,,,,,,insufficient,0,,pre_separator,7.0,-117.4334505413011,35.43300179114914
377,11.0,-32.0,1,0,,,,,,insufficient,0,,pre_separator,7.0,-117.42243794627618,35.43299119572602
378,12.0,-32.0,1,0,,,,,,insufficient,0,,pre_separator,7.0,-117.41142535428092,35.432979591217595
379,13.0,-32.0,1,0,,,,,,insufficient,0,,pre_separator,7.0,-117.40041276559079,35.432966977624616
380,14.0,-32.0,0,0,,,,,,insufficient,0,,pre_separator,7.0,-117.38940018048113,35.43295335494781
381,15.0,-32.0,0,0,,,,,,insufficient,0,,pre_separator,7.0,-117.37838759922742,35.432938723188045
382,16.0,-32.0,0,0,,,,,,insufficient,0,,pre_separator,7.0,-117.36737502210507,35.43292308234622
383,17.0,-32.0,0,0,,,,,,insufficient,0,,pre_separator,7.0,-117.35636244938947,35.43290643242331
384,18.0,-32.0,0,0,,,,,,insufficient,0,,pre_separator,7.0,-117.34534988135606,35.432888773420295
385,19.0,-32.0,0,0,,,,,,insufficient,0,,pre_separator,7.0,-117.33433731828028,35.4328701053383
386,20.0,-32.0,0,0,,,,,,insufficient,0,,pre_separator,7.0,-117.32332476043749,35.432850428178476
387,21.0,-32.0,0,0,,,,,,insufficient,0,,pre_separator,7.0,-117.31231220810312,35.43282974194203
388,22.0,-32.0,0,0,,,,,,insufficient,0,,pre_separator,7.0,-117.3012996615526,35.43280804663023
389,23.0,-32.0,0,0,,,,,,insufficient,0,,pre_separator,7.0,-117.29028712106135,35.4327853422444
390,24.0,-32.0,0,0,,,,,,insufficient,0,,pre_separator,7.0,-117.27927458690476,35.432761628785954
391,25.0,-32.0,0,0,,,,,,insufficient,0,,pre_separator,7.0,-117.26826205935822,35.43273690625636
392,-30.0,-31.0,0,0,,,,,,insufficient,0,,pre_separator,7.0,-117.87399057254099,35.441611256298344
393,-29.0,-31.0,0,0,,,,,,insufficient,0,,pre_separator,7.0,-117.8629768519601,35.44164102961642
394,-28.0,-31.0,0,0,,,,,,insufficient,0,,pre_separator,7.0,-117.85196312338773,35.44166979368659
395,-27.0,-31.0,0,0,,,,,,insufficient,0,,pre_separator,7.0,-117.84094938709941,35.44169754850711
396,-26.0,-31.0,0,0,,,,,,insufficient,0,,pre_separator,7.0,-117.82993564337069,35.44172429407625
397,-25.0,-31.0,0,0,,,,,,insufficient,0,,pre_separator,7.0,-117.8189218924771,35.44175003039238
398,-24.0,-31.0,0,0,,,,,,insufficient,0,,pre_separator,7.0,-117.80790813469424,35.4417747574539
399,-23.0,-31.0,0,0,,,,,,insufficient,0,,pre_separator,7.0,-117.79689437029764,35.44179847525928
400,-22.0,-31.0,0,0,,,,,,insufficient,0,,pre_separator,7.0,-117.78588059956284,35.44182118380709
401,-21.0,-31.0,0,0,,,,,,insufficient,0,,pre_separator,7.0,-117.77486682276546,35.441842883095894
402,-20.0,-31.0,0,0,,,,,,insufficient,0,,pre_separator,7.0,-117.76385304018102,35.44186357312439
403,-19.0,-31.0,0,0,,,,,,insufficient,0,,pre_separator,7.0,-117.75283925208507,35.44188325389128
404,-18.0,-31.0,0,0,,,,,,insufficient,0,,pre_separator,7.0,-117.74182545875323,35.441901925395356
405,-17.0,-31.0,0,0,,,,,,insufficient,0,,pre_separator,7.0,-117.73081166046101,35.441919587635454
406,-16.0,-31.0,0,0,,,,,,insufficient,0,,pre_separator,7.0,-117.71979785748402,35.441936240610524
407,-15.0,-31.0,0,0,,,,,,insufficient,0,,pre_separator,7.0,-117.70878405009783,35.4419518843195
408,-14.0,-31.0,0,0,,,,,,insufficient,0,,pre_separator,7.0,-117.69777023857797,35.441966518761454
409,-13.0,-31.0,0,0,,,,,,insufficient,0,,pre_separator,7.0,-117.68675642320005,35.441980143935446
410,-12.0,-31.0,0,0,,,,,,insufficient,0,,pre_separator,7.0,-117.67574260423963,35.44199275984068
411,-11.0,-31.0,0,0,,,,,,insufficient,0,,pre_separator,7.0,-117.6647287819723,35.44200436647634
412,-10.0,-31.0,0,0,,,,,,insufficient,0,,pre_separator,7.0,-117.65371495667358,35.442014963841736
413,-9.0,-31.0,0,0,,,,,,insufficient,0,,pre_separator,7.0,-117.64270112861912,35.44202455193621
414,-8.0,-31.0,0,0,,,,,,insufficient,0,,pre_separator,7.0,-117.63168729808443,35.44203313075915
415,-7.0,-31.0,0,0,,,,,,insufficient,0,,pre_separator,7.0,-117.62067346534512,35.44204070031005
416,-6.0,-31.0,0,0,,,,,,insufficient,0,,pre_separator,7.0,-117.60965963067677,35.442047260588446
417,-5.0,-31.0,1,0,,,,,,insufficient,0,,pre_separator,7.0,-117.59864579435495,35.44205281159393
418,-4.0,-31.0,2,1,1.69,,,,,insufficient,0,,pre_separator,7.0,-117.58763195665524,35.44205735332616
419,-3.0,-31.0,2,1,1.69,,,,,insufficient,0,,pre_separator,7.0,-117.57661811785322,35.442060885784834
420,-2.0,-31.0,2,1,1.69,,,,,insufficient,0,,pre_separator,7.0,-117.56560427822443,35.442063408969766
421,-1.0,-31.0,2,1,1.69,,,,,insufficient,0,,pre_separator,7.0,-117.55459043804451,35.44206492288079
422,0.0,-31.0,2,1,1.69,,,,,insufficient,0,,pre_separator,7.0,-117.54357659758901,35.442065427517804
423,1.0,-31.0,2,1,1.69,,,,,insufficient,0,,pre_separator,7.0,-117.5325627571335,35.44206492288079
424,2.0,-31.0,2,1,1.69,,,,,insufficient,0,,pre_separator,7.0,-117.52154891695359,35.442063408969766
425,3.0,-31.0,2,1,1.69,,,,,insufficient,0,,pre_separator,7.0,-117.5105350773248,35.442060885784834
426,4.0,-31.0,2,1,1.69,,,,,insufficient,0,,pre_separator,7.0,-117.49952123852277,35.44205735332616
427,5.0,-31.0,2,1,1.69,,,,,insufficient,0,,pre_separator,7.0,-117.48850740082307,35.44205281159393
428,6.0,-31.0,2,1,1.69,,,,,insufficient,0,,pre_separator,7.0,-117.47749356450123,35.442047260588446
429,7.0,-31.0,2,1,1.69,,,,,insufficient,0,,pre_separator,7.0,-117.4664797298329,35.44204070031005
430,8.0,-31.0,2,1,1.69,,,,,insufficient,0,,pre_separator,7.0,-117.45546589709359,35.44203313075915
431,9.0,-31.0,2,1,1.69,,,,,insufficient,0,,pre_separator,7.0,-117.4444520665589,35.44202455193621
432,10.0,-31.0,1,0,,,,,,insufficient,0,,pre_separator,7.0,-117.43343823850444,35.442014963841736
433,11.0,-31.0,1,0,,,,,,insufficient,0,,pre_separator,7.0,-117.42242441320572,35.44200436647634
434,12.0,-31.0,1,0,,,,,,insufficient,0,,pre_separator,7.0,-117.41141059093839,35.44199275984068
435,13.0,-31.0,1,0,,,,,,insufficient,0,,pre_separator,7.0,-117.40039677197797,35.441980143935446
436,14.0,-31.0,1,0,,,,,,insufficient,0,,pre_separator,7.0,-117.38938295660003,35.441966518761454
437,15.0,-31.0,0,0,,,,,,insufficient,0,,pre_separator,7.0,-117.37836914508017,35.4419518843195
438,16.0,-31.0,0,0,,,,,,insufficient,0,,pre_separator,7.0,-117.367355337694,35.441936240610524
439,17.0,-31.0,0,0,,,,,,insufficient,0,,pre_separator,7.0,-117.356341534717,35.441919587635454
440,18.0,-31.0,0,0,,,,,,insufficient,0,,pre_separator,7.0,-117.34532773642479,35.441901925395356
441,19.0,-31.0,0,0,,,,,,insufficient,0,,pre_separator,7.0,-117.33431394309295,35.44188325389128
442,20.0,-31.0,0,0,,,,,,insufficient,0,,pre_separator,7.0,-117.323300154997,35.44186357312439
443,21.0,-31.0,0,0,,,,,,insufficient,0,,pre_separator,7.0,-117.31228637241256,35.441842883095894
444,22.0,-31.0,0,0,,,,,,insufficient,0,,pre_separator,7.0,-117.30127259561517,35.44182118380709
445,23.0,-31.0,0,0,,,,,,insufficient,0,,pre_separator,7.0,-117.29025882488038,35.44179847525928
446,24.0,-31.0,0,0,,,,,,insufficient,0,,pre_separator,7.0,-117.27924506048377,35.4417747574539
447,25.0,-31.0,0,0,,,,,,insufficient,0,,pre_separator,7.0,-117.26823130270091,35.44175003039238
448,-30.0,-30.0,0,0,,,,,,insufficient,0,,pre_separator,7.0,-117.87402749397567,35.450624341491626
449,-29.0,-30.0,0,0,,,,,,insufficient,0,,pre_separator,7.0,-117.86301254272392,35.45065412026815
450,-28.0,-30.0,0,0,,,,,,insufficient,0,,pre_separator,7.0,-117.85199758347625,35.45068288961176
451,-27.0,-30.0,0,0,,,,,,insufficient,0,,pre_separator,7.0,-117.84098261650836,35.45071064952068
452,-26.0,-30.0,0,0,,,,,,insufficient,0,,pre_separator,7.0,-117.8299676420959,35.450737399993194
453,-25.0,-30.0,1,0,,,,,,insufficient,0,,pre_separator,7.0,-117.8189526605146,35.45076314102767
454,-24.0,-30.0,1,0,,,,,,insufficient,0,,pre_separator,7.0,-117.8079376720402,35.45078787262252
455,-23.0,-30.0,1,0,,,,,,insufficient,0,,pre_separator,7.0,-117.79692267694841,35.450811594776205
456,-22.0,-30.0,1,0,,,,,,insufficient,0,,pre_separator,7.0,-117.7859076755149,35.45083430748727
457,-21.0,-30.0,1,0,,,,,,insufficient,0,,pre_separator,7.0,-117.77489266801544,35.45085601075433
458,-20.0,-30.0,1,0,,,,,,insufficient,0,,pre_separator,7.0,-117.76387765472569,35.45087670457601
459,-19.0,-30.0,0,0,,,,,,insufficient,0,,pre_separator,7.0,-117.75286263592142,35.45089638895108
460,-18.0,-30.0,0,0,,,,,,insufficient,0,,pre_separator,7.0,-117.74184761187833,35.4509150638783
461,-17.0,-30.0,0,0,,,,,,insufficient,0,,pre_separator,7.0,-117.7308325828721,35.45093272935654
462,-16.0,-30.0,0,0,,,,,,insufficient,0,,pre_separator,7.0,-117.71981754917852,35.450949385384675
463,-15.0,-30.0,0,0,,,,,,insufficient,0,,pre_separator,7.0,-117.70880251107326,35.45096503196171
464,-14.0,-30.0,0,0,,,,,,insufficient,0,,pre_separator,7.0,-117.69778746883206,35.45097966908666
465,-13.0,-30.0,0,0,,,,,,insufficient,0,,pre_separator,7.0,-117.68677242273067,35.450993296758654
466,-12.0,-30.0,0,0,,,,,,insufficient,0,,pre_separator,7.0,-117.67575737304476,35.451005914976825
467,-11.0,-30.0,0,0,,,,,,insufficient,0,,pre_separator,7.0,-117.6647423200501,35.45101752374041
468,-10.0,-30.0,0,0,,,,,,insufficient,0,,pre_separator,7.0,-117.65372726402241,35.451028123048665
469,-9.0,-30.0,0,0,,,,,,insufficient,0,,pre_separator,7.0,-117.6427122052374,35.451037712900984
470,-8.0,-30.0,0,0,,,,,,insufficient,0,,pre_separator,7.0,-117.63169714397084,35.45104629329674
471,-7.0,-30.0,0,0,,,,,,insufficient,0,,pre_separator,7.0,-117.6206820804984,35.45105386423542
472,-6.0,-30.0,1,0,,,,,,insufficient,0,,pre_separator,7.0,-117.60966701509585,35.45106042571655
473,-5.0,-30.0,1,0,,,,,,insufficient,0,,pre_separator,7.0,-117.59865194803892,35.451065977739724
474,-4.0,-30.0,2,1,1.69,,,,,insufficient,0,,pre_separator,7.0,-117.58763687960332,35.45107052030462
475,-3.0,-30.0,2,1,1.69,,,,,insufficient,0,,pre_separator,7.0,-117.5766218100648,35.45107405341093
476,-2.0,-30.0,2,1,1.69,,,,,insufficient,0,,pre_separator,7.0,-117.5656067396991,35.45107657705846
477,-1.0,-30.0,2,1,1.69,,,,,insufficient,0,,pre_separator,7.0,-117.55459166878192,35.45107809124703
478,0.0,-30.0,2,1,1.69,,,,,insufficient,0,,pre_separator,7.0,-117.54357659758901,35.45107859597656
479,1.0,-30.0,2,1,1.69,,,,,insufficient,0,,pre_separator,7.0,-117.5325615263961,35.45107809124703
480,2.0,-30.0,2,1,1.69,,,,,insufficient,0,,pre_separator,7.0,-117.52154645547891,35.45107657705846
481,3.0,-30.0,2,1,1.69,,,,,insufficient,0,,pre_separator,7.0,-117.51053138511323,35.45107405341093
482,4.0,-30.0,2,1,1.69,,,,,insufficient,0,,pre_separator,7.0,-117.4995163155747,35.45107052030462
483,5.0,-30.0,2,1,1.69,,,,,insufficient,0,,pre_separator,7.0,-117.4885012471391,35.451065977739724
484,6.0,-30.0,3,1,1.69,,,,,insufficient,0,,pre_separator,7.0,-117.47748618008217,35.45106042571655
485,7.0,-30.0,2,1,1.69,,,,,insufficient,0,,pre_separator,7.0,-117.46647111467962,35.45105386423542
486,8.0,-30.0,2,1,1.69,,,,,insufficient,0,,pre_separator,7.0,-117.45545605120718,35.45104629329674
487,9.0,-30.0,2,1,1.69,,,,,insufficient,0,,pre_separator,7.0,-117.44444098994062,35.451037712900984
488,10.0,-30.0,1,0,,,,,,insufficient,0,,pre_separator,7.0,-117.43342593115561,35.451028123048665
489,11.0,-30.0,1,0,,,,,,insufficient,0,,pre_separator,7.0,-117.42241087512792,35.45101752374041
490,12.0,-30.0,1,0,,,,,,insufficient,0,,pre_separator,7.0,-117.41139582213326,35.451005914976825
491,13.0,-30.0,1,0,,,,,,insufficient,0,,pre_separator,7.0,-117.40038077244735,35.450993296758654
492,14.0,-30.0,1,0,,,,,,insufficient,0,,pre_separator,7.0,-117.38936572634596,35.45097966908666
493,15.0,-30.0,1,0,,,,,,insufficient,0,,pre_separator,7.0,-117.37835068410476,35.45096503196171
494,16.0,-30.0,1,0,,,,,,insufficient,0,,pre_separator,7.0,-117.3673356459995,35.450949385384675
495,17.0,-30.0,0,0,,,,,,insufficient,0,,pre_separator,7.0,-117.35632061230592,35.45093272935654
496,18.0,-30.0,0,0,,,,,,insufficient,0,,pre_separator,7.0,-117.34530558329969,35.4509150638783
497,19.0,-30.0,0,0,,,,,,insufficient,0,,pre_separator,7.0,-117.33429055925659,35.45089638895108
498,20.0,-30.0,0,0,,,,,,insufficient,0,,pre_separator,7.0,-117.32327554045233,35.45087670457601
499,21.0,-30.0,0,0,,,,,,insufficient,0,,pre_separator,7.0,-117.31226052716258,35.45085601075433
500,22.0,-30.0,0,0,,,,,,insufficient,0,,pre_separator,7.0,-117.30124551966311,35.45083430748727
501,23.0,-30.0,0,0,,,,,,insufficient,0,,pre_separator,7.0,-117.2902305182296,35.450811594776205
502,24.0,-30.0,0,0,,,,,,insufficient,0,,pre_separator,7.0,-117.27921552313782,35.45078787262252
503,25.0,-30.0,0,0,,,,,,insufficient,0,,pre_separator,7.0,-117.26820053466342,35.45076314102767
504,-30.0,-29.0,0,0,,,,,,insufficient,0,,pre_separator,7.0,-117.87406442907285,35.45963741317483
505,-29.0,-29.0,0,0,,,,,,insufficient,0,,pre_separator,7.0,-117.86304824669483,35.459667197411505
506,-28.0,-29.0,0,0,,,,,,insufficient,0,,pre_separator,7.0,-117.85203205631645,35.45969597203017
507,-27.0,-29.0,1,0,,,,,,insufficient,0,,pre_separator,7.0,-117.84101585821354,35.45972373702908
508,-26.0,-29.0,1,0,,,,,,insufficient,0,,pre_separator,7.0,-117.82999965266198,35.459750492406506
509,-25.0,-29.0,1,0,,,,,,insufficient,0,,pre_separator,7.0,-117.81898343993761,35.45977623816079
510,-24.0,-29.0,1,0,,,,,,insufficient,0,,pre_separator,7.0,-117.80796722031629,35.45980097429037
511,-23.0,-29.0,1,0,,,,,,insufficient,0,,pre_separator,7.0,-117.79695099407387,35.459824700793696
512,-22.0,-29.0,1,0,,,,,,insufficient,0,,pre_separator,7.0,-117.78593476148627,35.45984741766933
513,-21.0,-29.0,1,0,,,,,,insufficient,0,,pre_separator,7.0,-117.77491852282931,35.459869124915855
514,-20.0,-29.0,1,0,,,,,,insufficient,0,,pre_separator,7.0,-117.76390227837888,35.45988982253192
515,-19.0,-29.0,2,0,,,,,,insufficient,0,,pre_separator,7.0,-117.75288602841084,35.45990951051629
516,-18.0,-29.0,2,0,,,,,,insufficient,0,,pre_separator,7.0,-117.74186977320107,35.45992818886772
517,-17.0,-29.0,1,0,,,,,,insufficient,0,,pre_separator,7.0,-117.73085351302545,35.459945857585055
518,-16.0,-29.0,1,0,,,,,,insufficient,0,,pre_separator,7.0,-117.71983724815982,35.459962516667225
519,-15.0,-29.0,0,0,,,,,,insufficient,0,,pre_separator,7.0,-117.7088209788801,35.4599781661132
520,-14.0,-29.0,0,0,,,,,,insufficient,0,,pre_separator,7.0,-117.69780470546215,35.45999280592202
521,-13.0,-29.0,0,0,,,,,,insufficient,0,,pre_separator,7.0,-117.68678842818183,35.460006436092755
522,-12.0,-29.0,0,0,,,,,,insufficient,0,,pre_separator,7.0,-117.67577214731503,35.4600190566246
523,-11.0,-29.0,0,0,,,,,,insufficient,0,,pre_separator,7.0,-117.66475586313764,35.46003066751675
524,-10.0,-29.0,0,0,,,,,,insufficient,0,,pre_separator,7.0,-117.65373957592551,35.4600412687685
525,-9.0,-29.0,0,0,,,,,,insufficient,0,,pre_separator,7.0,-117.64272328595457,35.46005086037921
526,-8.0,-29.0,0,0,,,,,,insufficient,0,,pre_separator,7.0,-117.63170699350067,35.460059442348246
527,-7.0,-29.0,0,0,,,,,,insufficient,0,,pre_separator,7.0,-117.62069069883968,35.460067014675126
528,-6.0,-29.0,1,0,,,,,,insufficient,0,,pre_separator,7.0,-117.60967440224752,35.460073577359374
529,-5.0,-29.0,1,0,,,,,,insufficient,0,,pre_separator,7.0,-117.59865810400004,35.46007913040058
530,-4.0,-29.0,2,1,1.69,,,,,insufficient,0,,pre_separator,7.0,-117.58764180437315,35.46008367379838
531,-3.0,-29.0,2,1,1.69,,,,,insufficient,0,,pre_separator,7.0,-117.57662550364269,35.460087207552526
532,-2.0,-29.0,2,1,1.69,,,,,insufficient,0,,pre_separator,7.0,-117.56560920208462,35.46008973166278
533,-1.0,-29.0,2,1,1.69,,,,,insufficient,0,,pre_separator,7.0,-117.55459289997475,35.460091246129
534,0.0,-29.0,2,1,1.69,,,,,insufficient,0,,pre_separator,7.0,-117.54357659758901,35.46009175095109
535,1.0,-29.0,2,1,1.69,,,,,insufficient,0,,pre_separator,7.0,-117.53256029520327,35.460091246129
536,2.0,-29.0,2,1,1.69,,,,,insufficient,0,,pre_separator,7.0,-117.5215439930934,35.46008973166278
537,3.0,-29.0,2,1,1.69,,,,,insufficient,0,,pre_separator,7.0,-117.51052769153533,35.460087207552526
538,4.0,-29.0,2,1,1.69,,,,,insufficient,0,,pre_separator,7.0,-117.49951139080487,35.46008367379838
539,5.0,-29.0,3,1,1.69,,,,,insufficient,0,,pre_separator,7.0,-117.48849509117798,35.46007913040058
540,6.0,-29.0,3,1,1.69,,,,,insufficient,0,,pre_separator,7.0,-117.4774787929305,35.460073577359374
541,7.0,-29.0,2,1,1.69,,,,,insufficient,0,,pre_separator,7.0,-117.46646249633834,35.460067014675126
542,8.0,-29.0,2,1,1.69,,,,,insufficient,0,,pre_separator,7.0,-117.45544620167735,35.460059442348246
543,9.0,-29.0,2,1,1.69,,,,,insufficient,0,,pre_separator,7.0,-117.44442990922344,35.46005086037921
544,10.0,-29.0,1,0,,,,,,insufficient,0,,pre_separator,7.0,-117.4334136192525,35.4600412687685
545,11.0,-29.0,1,0,,,,,,insufficient,0,,pre_separator,7.0,-117.42239733204038,35.46003066751675
546,12.0,-29.0,1,0,,,,,,insufficient,0,,pre_separator,7.0,-117.41138104786299,35.4600190566246
547,13.0,-29.0,1,0,,,,,,insufficient,0,,pre_separator,7.0,-117.40036476699619,35.460006436092755
548,14.0,-29.0,1,0,,,,,,insufficient,0,,pre_separator,7.0,-117.38934848971587,35.45999280592202
549,15.0,-29.0,1,0,,,,,,insufficient,0,,pre_separator,7.0,-117.37833221629792,35.4599781661132
550,16.0,-29.0,1,0,,,,,,insufficient,0,,pre_separator,7.0,-117.3673159470182,35.459962516667225
551,17.0,-29.0,0,0,,,,,,insufficient,0,,pre_separator,7.0,-117.35629968215257,35.459945857585055
552,18.0,-29.0,0,0,,,,,,insufficient,0,,pre_separator,7.0,-117.34528342197694,35.45992818886772
553,19.0,-29.0,0,0,,,,,,insufficient,0,,pre_separator,7.0,-117.33426716676718,35.45990951051629
554,20.0,-29.0,0,0,,,,,,insufficient,0,,pre_separator,7.0,-117.32325091679914,35.45988982253192
555,21.0,-29.0,0,0,,,,,,insufficient,0,,pre_separator,7.0,-117.31223467234871,35.459869124915855
556,22.0,-29.0,0,0,,,,,,insufficient,0,,pre_separator,7.0,-117.30121843369174,35.45984741766933
557,23.0,-29.0,0,0,,,,,,insufficient,0,,pre_separator,7.0,-117.29020220110415,35.459824700793696
558,24.0,-29.0,0,0,,,,,,insufficient,0,,pre_separator,7.0,-117.27918597486173,35.45980097429037
559,25.0,-29.0,0,0,,,,,,insufficient,0,,pre_separator,7.0,-117.26816975524041,35.45977623816079
560,-30.0,-28.0,0,0,,,,,,insufficient,0,,pre_separator,7.0,-117.87410137783885,35.46865047134653
561,-29.0,-28.0,0,0,,,,,,insufficient,0,,pre_separator,7.0,-117.86308396387898,35.46868026104503
562,-28.0,-28.0,1,0,,,,,,insufficient,0,,pre_separator,7.0,-117.85206654191431,35.468709040940404
563,-27.0,-28.0,1,0,,,,,,insufficient,0,,pre_separator,7.0,-117.8410491122208,35.468736811030865
564,-26.0,-28.0,1,0,,,,,,insufficient,0,,pre_separator,7.0,-117.83003167507451,35.46876357131471
565,-25.0,-28.0,1,0,,,,,,insufficient,0,,pre_separator,7.0,-117.81901423075142,35.46878932179028
566,-24.0,-28.0,1,0,,,,,,insufficient,0,,pre_separator,7.0,-117.80799677952756,35.46881406245599
567,-23.0,-28.0,1,0,,,,,,insufficient,0,,pre_separator,7.0,-117.79697932167895,35.468837793310314
568,-22.0,-28.0,1,0,,,,,,insufficient,0,,pre_separator,7.0,-117.7859618574816,35.46886051435181
569,-21.0,-28.0,2,0,,,,,,insufficient,0,,pre_separator,7.0,-117.77494438721155,35.46888222557903
570,-20.0,-28.0,2,0,,,,,,insufficient,0,,pre_separator,7.0,-117.76392691114481,35.468902926990665
571,-19.0,-28.0,2,0,,,,,,insufficient,0,,pre_separator,7.0,-117.75290942955738,35.468922618585445
572,-18.0,-28.0,2,0,,,,,,insufficient,0,,pre_separator,7.0,-117.74189194272532,35.46894130036214
573,-17.0,-28.0,2,0,,,,,,insufficient,0,,pre_separator,7.0,-117.73087445092465,35.46895897231961
574,-16.0,-28.0,1,0,,,,,,insufficient,0,,pre_separator,7.0,-117.71985695443135,35.46897563445677
575,-15.0,-28.0,1,0,,,,,,insufficient,0,,pre_separator,7.0,-117.70883945352155,35.468991286772564
576,-14.0,-28.0,1,0,,,,,,insufficient,0,,pre_separator,7.0,-117.69782194847117,35.469005929266054
577,-13.0,-28.0,0,0,,,,,,insufficient,0,,pre_separator,7.0,-117.68680443955631,35.46901956193634
578,-12.0,-28.0,0,0,,,,,,insufficient,0,,pre_separator,7.0,-117.67578692705298,35.46903218478254
579,-11.0,-28.0,0,0,,,,,,insufficient,0,,pre_separator,7.0,-117.6647694112372,35.469043797803934
580,-10.0,-28.0,0,0,,,,,,insufficient,0,,pre_separator,7.0,-117.65375189238506,35.46905440099978
581,-9.0,-28.0,0,0,,,,,,insufficient,0,,pre_separator,7.0,-117.6427343707725,35.469063994369414
582,-8.0,-28.0,0,0,,,,,,insufficient,0,,pre_separator,7.0,-117.63171684667564,35.46907257791226
583,-7.0,-28.0,1,0,,,,,,insufficient,0,,pre_separator,7.0,-117.62069932037046,35.46908015162777
584,-6.0,-28.0,2,0,,,,,,insufficient,0,,pre_separator,7.0,-117.60968179213305,35.46908671551549
585,-5.0,-28.0,2,0,,,,,,insufficient,0,,pre_separator,7.0,-117.59866426223938,35.469092269575015
586,-4.0,-28.0,3,1,1.69,,,,,insufficient,0,,pre_separator,7.0,-117.58764673096553,35.46909681380601
587,-3.0,-28.0,3,1,1.69,,,,,insufficient,0,,pre_separator,7.0,-117.57662919858754,35.46910034820818
588,-2.0,-28.0,3,1,1.69,,,,,insufficient,0,,pre_separator,7.0,-117.56561166538141,35.46910287278132
589,-1.0,-28.0,2,1,1.69,,,,,insufficient,0,,pre_separator,7.0,-117.55459413162322,35.46910438752526
590,0.0,-28.0,3,1,1.69,,,,,insufficient,0,,pre_separator,7.0,-117.54357659758901,35.469104892439915
591,1.0,-28.0,3,1,1.69,,,,,insufficient,0,,pre_separator,7.0,-117.5325590635548,35.46910438752526
592,2.0,-28.0,3,1,1.69,,,,,insufficient,0,,pre_separator,7.0,-117.52154152979661,35.46910287278132
593,3.0,-28.0,3,1,1.69,,,,,insufficient,0,,pre_separator,7.0,-117.51052399659048,35.46910034820818
594,4.0,-28.0,3,1,1.69,,,,,insufficient,0,,pre_separator,7.0,-117.49950646421249,35.46909681380601
595,5.0,-28.0,3,1,1.69,,,,,insufficient,0,,pre_separator,7.0,-117.48848893293864,35.469092269575015
596,6.0,-28.0,3,1,1.69,,,,,insufficient,0,,pre_separator,7.0,-117.47747140304497,35.46908671551549
597,7.0,-28.0,3,1,1.69,,,,,insufficient,0,,pre_separator,7.0,-117.46645387480756,35.46908015162777
598,8.0,-28.0,2,1,1.69,,,,,insufficient,0,,pre_separator,7.0,-117.45543634850237,35.46907257791226
599,9.0,-28.0,2,1,1.69,,,,,insufficient,0,,pre_separator,7.0,-117.44441882440552,35.469063994369414
600,10.0,-28.0,2,0,,,,,,insufficient,0,,pre_separator,7.0,-117.43340130279296,35.46905440099978
601,11.0,-28.0,2,0,,,,,,insufficient,0,,pre_separator,7.0,-117.42238378394082,35.469043797803934
602,12.0,-28.0,1,0,,,,,,insufficient,0,,pre_separator,7.0,-117.41136626812504,35.46903218478254
603,13.0,-28.0,1,0,,,,,,insufficient,0,,pre_separator,7.0,-117.4003487556217,35.46901956193634
604,14.0,-28.0,1,0,,,,,,insufficient,0,,pre_separator,7.0,-117.38933124670685,35.469005929266054
605,15.0,-28.0,1,0,,,,,,insufficient,0,,pre_separator,7.0,-117.37831374165647,35.468991286772564
606,16.0,-28.0,1,0,,,,,,insufficient,0,,pre_separator,7.0,-117.36729624074667,35.46897563445677
607,17.0,-28.0,1,0,,,,,,insufficient,0,,pre_separator,7.0,-117.35627874425337,35.46895897231961
608,18.0,-28.0,0,0,,,,,,insufficient,0,,pre_separator,7.0,-117.3452612524527,35.46894130036214
609,19.0,-28.0,0,0,,,,,,insufficient,0,,pre_separator,7.0,-117.33424376562064,35.468922618585445
610,20.0,-28.0,0,0,,,,,,insufficient,0,,pre_separator,7.0,-117.32322628403321,35.468902926990665
611,21.0,-28.0,0,0,,,,,,insufficient,0,,pre_separator,7.0,-117.31220880796647,35.46888222557903
612,22.0,-28.0,0,0,,,,,,insufficient,0,,pre_separator,7.0,-117.30119133769642,35.46886051435181
613,23.0,-28.0,0,0,,,,,,insufficient,0,,pre_separator,7.0,-117.29017387349907,35.468837793310314
614,24.0,-28.0,0,0,,,,,,insufficient,0,,pre_separator,7.0,-117.27915641565046,35.46881406245599
615,25.0,-28.0,0,0,,,,,,insufficient,0,,pre_separator,7.0,-117.2681389644266,35.46878932179028
616,-30.0,-27.0,0,0,,,,,,insufficient,0,,pre_separator,7.0,-117.87413834028008,35.47766351600522
617,-29.0,-27.0,0,0,,,,,,insufficient,0,,pre_separator,7.0,-117.86311969428256,35.47769331116727
618,-28.0,-27.0,1,0,,,,,,insufficient,0,,pre_separator,7.0,-117.85210104027576,35.477722096340976
619,-27.0,-27.0,1,0,,,,,,insufficient,0,,pre_separator,7.0,-117.84108237853586,35.47774987152458
620,-26.0,-27.0,1,0,,,,,,insufficient,0,,pre_separator,7.0,-117.830063709339,35.47777663671638
621,-25.0,-27.0,1,0,,,,,,insufficient,0,,pre_separator,7.0,-117.81904503296137,35.477802391914686
622,-24.0,-27.0,1,0,,,,,,insufficient,0,,pre_separator,7.0,-117.80802634967917,35.47782713711794
623,-23.0,-27.0,1,0,,,,,,insufficient,0,,pre_separator,7.0,-117.79700765976851,35.47785087232461
624,-22.0,-27.0,2,0,,,,,,insufficient,0,,pre_separator,7.0,-117.7859889635056,35.47787359753324
625,-21.0,-27.0,2,0,,,,,,insufficient,0,,pre_separator,7.0,-117.7749702611666,35.47789531274241
626,-20.0,-27.0,2,0,,,,,,insufficient,0,,pre_separator,7.0,-117.7639515530277,35.47791601795078
627,-19.0,-27.0,2,0,,,,,,insufficient,0,,pre_separator,7.0,-117.75293283936507,35.4779357131571
628,-18.0,-27.0,2,0,,,,,,insufficient,0,,pre_separator,7.0,-117.74191412045488,35.47795439836013
629,-17.0,-27.0,2,0,,,,,,insufficient,0,,pre_separator,7.0,-117.73089539657329,35.47797207355873
630,-16.0,-27.0,1,0,,,,,,insufficient,0,,pre_separator,7.0,-117.71987666799653,35.47798873875181
631,-15.0,-27.0,1,0,,,,,,insufficient,0,,pre_separator,7.0,-117.70885793500075,35.47800439393834
632,-14.0,-27.0,1,0,,,,,,insufficient,0,,pre_separator,7.0,-117.69783919786214,35.47801903911735
633,-13.0,-27.0,1,0,,,,,,insufficient,0,,pre_separator,7.0,-117.68682045685689,35.47803267428793
634,-12.0,-27.0,0,0,,,,,,insufficient,0,,pre_separator,7.0,-117.67580171226119,35.478045299449256
635,-11.0,-27.0,0,0,,,,,,insufficient,0,,pre_separator,7.0,-117.66478296435119,35.47805691460053
636,-10.0,-27.0,0,0,,,,,,insufficient,0,,pre_separator,7.0,-117.65376421340312,35.47806751974106
637,-9.0,-27.0,1,0,,,,,,insufficient,0,,pre_separator,7.0,-117.64274545969315,35.47807711487016
638,-8.0,-27.0,1,0,,,,,,insufficient,0,,pre_separator,7.0,-117.63172670349743,35.47808569998728
639,-7.0,-27.0,1,0,,,,,,insufficient,0,,pre_separator,7.0,-117.62070794509224,35.478093275091865
640,-6.0,-27.0,2,0,,,,,,insufficient,0,,pre_separator,7.0,-117.60968918475369,35.478099840183454
641,-5.0,-27.0,2,0,,,,,,insufficient,0,,pre_separator,7.0,-117.598670422758,35.47810539526162
642,-4.0,-27.0,3,1,1.69,,,,,insufficient,0,,pre_separator,7.0,-117.58765165938134,35.47810994032606
643,-3.0,-27.0,3,1,1.69,,,,,insufficient,0,,pre_separator,7.0,-117.57663289489993,35.47811347537646
644,-2.0,-27.0,3,1,1.69,,,,,insufficient,0,,pre_separator,7.0,-117.56561412958995,35.47811600041262
645,-1.0,-27.0,4,1,1.69,,,,,insufficient,0,,pre_separator,7.0,-117.55459536372756,35.47811751543436
646,0.0,-27.0,3,1,1.69,,,,,insufficient,0,,pre_separator,7.0,-117.54357659758901,35.478118020441634
647,1.0,-27.0,3,1,1.69,,,,,insufficient,0,,pre_separator,7.0,-117.53255783145045,35.47811751543436
648,2.0,-27.0,3,1,1.69,,,,,insufficient,0,,pre_separator,7.0,-117.52153906558807,35.47811600041262
649,3.0,-27.0,3,1,1.69,,,,,insufficient,0,,pre_separator,7.0,-117.51052030027809,35.47811347537646
650,4.0,-27.0,4,1,1.69,,,,,insufficient,0,,pre_separator,7.0,-117.49950153579668,35.47810994032606
651,5.0,-27.0,5,1,1.69,,,,,insufficient,0,,pre_separator,7.0,-117.48848277242001,35.47810539526162
652,6.0,-27.0,5,1,1.69,,,,,insufficient,0,,pre_separator,7.0,-117.47746401042433,35.478099840183454
653,7.0,-27.0,5,1,1.69,,,,,insufficient,0,,pre_separator,7.0,-117.46644525008578,35.478093275091865
654,8.0,-27.0,5,1,1.69,,,,,insufficient,0,,pre_separator,7.0,-117.45542649168057,35.47808569998728
655,9.0,-27.0,4,1,1.69,,,,,insufficient,0,,pre_separator,7.0,-117.44440773548487,35.47807711487016
656,10.0,-27.0,3,0,,,,,,insufficient,0,,pre_separator,7.0,-117.4333889817749,35.47806751974106
657,11.0,-27.0,2,0,,,,,,insufficient,0,,pre_separator,7.0,-117.42237023082683,35.47805691460053
658,12.0,-27.0,2,0,,,,,,insufficient,0,,pre_separator,7.0,-117.41135148291681,35.478045299449256
659,13.0,-27.0,2,0,,,,,,insufficient,0,,pre_separator,7.0,-117.40033273832113,35.47803267428793
660,14.0,-27.0,2,0,,,,,,insufficient,0,,pre_separator,7.0,-117.38931399731588,35.47801903911735
661,15.0,-27.0,1,0,,,,,,insufficient,0,,pre_separator,7.0,-117.37829526017727,35.47800439393834
662,16.0,-27.0,1,0,,,,,,insufficient,0,,pre_separator,7.0,-117.36727652718149,35.47798873875181
663,17.0,-27.0,1,0,,,,,,insufficient,0,,pre_separator,7.0,-117.35625779860472,35.47797207355873
664,18.0,-27.0,0,0,,,,,,insufficient,0,,pre_separator,7.0,-117.34523907472314,35.47795439836013
665,19.0,-27.0,0,0,,,,,,insufficient,0,,pre_separator,7.0,-117.33422035581295,35.4779357131571
666,20.0,-27.0,0,0,,,,,,insufficient,0,,pre_separator,7.0,-117.32320164215032,35.47791601795078
667,21.0,-27.0,0,0,,,,,,insufficient,0,,pre_separator,7.0,-117.31218293401142,35.47789531274241
668,22.0,-27.0,0,0,,,,,,insufficient,0,,pre_separator,7.0,-117.30116423167242,35.47787359753324
669,23.0,-27.0,0,0,,,,,,insufficient,0,,pre_separator,7.0,-117.29014553540951,35.47785087232461
670,24.0,-27.0,0,0,,,,,,insufficient,0,,pre_separator,7.0,-117.27912684549885,35.47782713711794
671,25.0,-27.0,0,0,,,,,,insufficient,0,,pre_separator,7.0,-117.26810816221665,35.477802391914686
672,-30.0,-26.0,0,0,,,,,,insufficient,0,,pre_separator,7.0,-117.87417531640297,35.48667654714951
673,-29.0,-26.0,1,0,,,,,,insufficient,0,,pre_separator,7.0,-117.86315543791173,35.486706347776774
674,-28.0,-26.0,1,0,,,,,,insufficient,0,,pre_separator,7.0,-117.85213555140677,35.486735138230465
675,-27.0,-26.0,1,0,,,,,,insufficient,0,,pre_separator,7.0,-117.84111565716444,35.486762918508795
676,-26.0,-26.0,1,0,,,,,,insufficient,0,,pre_separator,7.0,-117.83009575546099,35.486789688610045
677,-25.0,-26.0,1,0,,,,,,insufficient,0,,pre_separator,7.0,-117.81907584657283,35.486815448532575
678,-24.0,-26.0,1,0,,,,,,insufficient,0,,pre_separator,7.0,-117.80805593077619,35.486840198274784
679,-23.0,-26.0,2,0,,,,,,insufficient,0,,pre_separator,7.0,-117.79703600834746,35.48686393783514
680,-22.0,-26.0,2,0,,,,,,insufficient,0,,pre_separator,7.0,-117.78601607956294,35.48688666721221
681,-21.0,-26.0,3,0,,,,,,insufficient,0,,pre_separator,7.0,-117.77499614469896,35.48690838640456
682,-20.0,-26.0,3,0,,,,,,insufficient,0,,pre_separator,7.0,-117.76397620403185,35.486929095410865
683,-19.0,-26.0,3,0,,,,,,insufficient,0,,pre_separator,7.0,-117.75295625783797,35.48694879422983
684,-18.0,-26.0,3,0,,,,,,insufficient,0,,pre_separator,7.0,-117.74193630639357,35.486967482860265
685,-17.0,-26.0,5,0,,,,,,insufficient,0,,pre_separator,7.0,-117.73091634997508,35.486985161301
686,-16.0,-26.0,5,0,,,,,,insufficient,0,,pre_separator,7.0,-117.71989638885874,35.48700182955094
687,-15.0,-26.0,3,0,,,,,,insufficient,0,,pre_separator,7.0,-117.70887642332097,35.48701748760908
688,-14.0,-26.0,2,0,,,,,,insufficient,0,,pre_separator,7.0,-117.69785645363807,35.487032135474436
689,-13.0,-26.0,2,0,,,,,,insufficient,0,,pre_separator,7.0,-117.68683648008634,35.48704577314611
690,-12.0,-26.0,2,0,,,,,,insufficient,0,,pre_separator,7.0,-117.67581650294218,35.48705840062325
691,-11.0,-26.0,0,0,,,,,,insufficient,0,,pre_separator,7.0,-117.66479652248192,35.48707001790509
692,-10.0,-26.0,1,0,,,,,,insufficient,0,,pre_separator,7.0,-117.65377653898186,35.4870806249909
693,-9.0,-26.0,1,0,,,,,,insufficient,0,,pre_separator,7.0,-117.64275655271838,35.48709022188005
694,-8.0,-26.0,1,0,,,,,,insufficient,0,,pre_separator,7.0,-117.63173656396782,35.48709880857193
695,-7.0,-26.0,1,0,,,,,,insufficient,0,,pre_separator,7.0,-117.62071657300649,35.48710638506599
696,-6.0,-26.0,2,0,,,,,,insufficient,0,,pre_separator,7.0,-117.60969658011076,35.48711295136181
697,-5.0,-26.0,2,0,,,,,,insufficient,0,,pre_separator,7.0,-117.59867658555696,35.48711850745896
698,-4.0,-26.0,2,0,,,,,,insufficient,0,,pre_separator,7.0,-117.58765658962143,35.48712305335709
699,-3.0,-26.0,4,1,1.69,,,,,insufficient,0,,pre_separator,7.0,-117.57663659258054,35.48712658905591
700,-2.0,-26.0,4,1,1.69,,,,,insufficient,0,,pre_separator,7.0,-117.5656165947106,35.48712911455524
701,-1.0,-26.0,4,1,1.69,,,,,insufficient,0,,pre_separator,7.0,-117.55459659628796,35.487130629854896
702,0.0,-26.0,4,1,1.69,,,,,insufficient,0,,pre_separator,7.0,-117.54357659758901,35.48713113495479
703,1.0,-26.0,3,1,1.69,,,,,insufficient,0,,pre_separator,7.0,-117.53255659889005,35.487130629854896
704,2.0,-26.0,3,1,1.69,,,,,insufficient,0,,pre_separator,7.0,-117.52153660046741,35.48712911455524
705,3.0,-26.0,3,1,1.69,,,,,insufficient,0,,pre_separator,7.0,-117.51051660259748,35.48712658905591
706,4.0,-26.0,5,1,1.69,,,,,insufficient,0,,pre_separator,7.0,-117.49949660555659,35.48712305335709
707,5.0,-26.0,6,1,1.69,,,,,insufficient,0,,pre_separator,7.0,-117.48847660962106,35.48711850745896
708,6.0,-26.0,7,1,1.69,,,,,insufficient,0,,pre_separator,7.0,-117.47745661506725,35.48711295136181
709,7.0,-26.0,7,1,1.69,,,,,insufficient,0,,pre_separator,7.0,-117.46643662217153,35.48710638506599
710,8.0,-26.0,5,1,1.69,,,,,insufficient,0,,pre_separator,7.0,-117.4554166312102,35.48709880857193
711,9.0,-26.0,4,0,,,,,,insufficient,0,,pre_separator,7.0,-117.44439664245962,35.48709022188005
712,10.0,-26.0,4,0,,,,,,insufficient,0,,pre_separator,7.0,-117.43337665619616,35.4870806249909
713,11.0,-26.0,4,0,,,,,,insufficient,0,,pre_separator,7.0,-117.4223566726961,35.48707001790509
714,12.0,-26.0,3,0,,,,,,insufficient,0,,pre_separator,7.0,-117.41133669223584,35.48705840062325
715,13.0,-26.0,2,0,,,,,,insufficient,0,,pre_separator,7.0,-117.40031671509166,35.48704577314611
716,14.0,-26.0,2,0,,,,,,insufficient,0,,pre_separator,7.0,-117.38929674153995,35.487032135474436
717,15.0,-26.0,2,0,,,,,,insufficient,0,,pre_separator,7.0,-117.37827677185705,35.48701748760908
718,16.0,-26.0,1,0,,,,,,insufficient,0,,pre_separator,7.0,-117.36725680631928,35.48700182955094
719,17.0,-26.0,1,0,,,,,,insufficient,0,,pre_separator,7.0,-117.35623684520294,35.486985161301
720,18.0,-26.0,0,0,,,,,,insufficient,0,,pre_separator,7.0,-117.34521688878445,35.486967482860265
721,19.0,-26.0,0,0,,,,,,insufficient,0,,pre_separator,7.0,-117.33419693734005,35.48694879422983
722,20.0,-26.0,0,0,,,,,,insufficient,0,,pre_separator,7.0,-117.32317699114617,35.486929095410865
723,21.0,-26.0,0,0,,,,,,insufficient,0,,pre_separator,7.0,-117.31215705047906,35.48690838640456
724,22.0,-26.0,0,0,,,,,,insufficient,0,,pre_separator,7.0,-117.30113711561506,35.48688666721221
725,23.0,-26.0,0,0,,,,,,insufficient,0,,pre_separator,7.0,-117.29011718683056,35.48686393783514
726,24.0,-26.0,0,0,,,,,,insufficient,0,,pre_separator,7.0,-117.27909726440183,35.486840198274784
727,25.0,-26.0,0,0,,,,,,insufficient,0,,pre_separator,7.0,-117.26807734860519,35.486815448532575
728,-30.0,-25.0,0,0,,,,,,insufficient,0,,pre_separator,7.0,-117.87421230621386,35.49568956477789
729,-29.0,-25.0,1,0,,,,,,insufficient,0,,pre_separator,7.0,-117.86319119477268,35.495719370872095
730,-28.0,-25.0,1,0,,,,,,insufficient,0,,pre_separator,7.0,-117.85217007531335,35.49574816660739
731,-27.0,-25.0,1,0,,,,,,insufficient,0,,pre_separator,7.0,-117.84114894811232,35.495775951982026
732,-26.0,-25.0,1,0,,,,,,insufficient,0,,pre_separator,7.0,-117.83012781344607,35.49580272699426
733,-25.0,-25.0,1,0,,,,,,insufficient,0,,pre_separator,7.0,-117.81910667159107,35.49582849164248
734,-24.0,-25.0,1,0,,,,,,insufficient,0,,pre_separator,7.0,-117.80808552282379,35.495853245925055
735,-23.0,-25.0,2,0,,,,,,insufficient,0,,pre_separator,7.0,-117.79706436742073,35.49587698984047
736,-22.0,-25.0,3,0,,,,,,insufficient,0,,pre_separator,7.0,-117.78604320565833,35.49589972338727
737,-21.0,-25.0,4,0,,,,,,insufficient,0,,pre_separator,7.0,-117.77502203781312,35.49592144656403
738,-20.0,-25.0,5,0,,,,,,insufficient,0,,pre_separator,7.0,-117.76400086416153,35.49594215936943
739,-19.0,-25.0,6,0,,,,,,insufficient,0,,pre_separator,7.0,-117.7529796849801,35.49596186180218
740,-18.0,-25.0,7,0,,,,,,insufficient,0,,pre_separator,7.0,-117.74195850054528,35.495980553861074
741,-17.0,-25.0,7,0,,,,,,insufficient,0,,pre_separator,7.0,-117.73093731113356,35.49599823554495
742,-16.0,-25.0,7,0,,,,,,insufficient,0,,pre_separator,7.0,-117.71991611702141,35.49601490685272
743,-15.0,-25.0,5,0,,,,,,insufficient,0,,pre_separator,7.0,-117.70889491848537,35.49603056778336
744,-14.0,-25.0,5,0,,,,,,insufficient,0,,pre_separator,7.0,-117.69787371580186,35.496045218335894
745,-13.0,-25.0,4,0,,,,,,insufficient,0,,pre_separator,7.0,-117.68685250924744,35.496058858509436
746,-12.0,-25.0,3,0,,,,,,insufficient,0,,pre_separator,7.0,-117.67583129909856,35.49607148830311
747,-11.0,-25.0,1,0,,,,,,insufficient,0,,pre_separator,7.0,-117.66481008563174,35.49608310771616
748,-10.0,-25.0,1,0,,,,,,insufficient,0,,pre_separator,7.0,-117.65378886912343,35.49609371674788
749,-9.0,-25.0,1,0,,,,,,insufficient,0,,pre_separator,7.0,-117.64276764985019,35.49610331539759
750,-8.0,-25.0,1,0,,,,,,insufficient,0,,pre_separator,7.0,-117.63174642808843,35.496111903664726
751,-7.0,-25.0,1,0,,,,,,insufficient,0,,pre_separator,7.0,-117.62072520411472,35.49611948154871
752,-6.0,-25.0,4,0,,,,,,insufficient,0,,pre_separator,7.0,-117.6097039782055,35.496126049049145
753,-5.0,-25.0,4,0,,,,,,insufficient,0,,pre_separator,7.0,-117.59868275063734,35.49613160616556
754,-4.0,-25.0,4,0,,,,,,insufficient,0,,pre_separator,7.0,-117.58766152168664,35.49613615289765
755,-3.0,-25.0,7,1,1.69,,,,,insufficient,0,,pre_separator,7.0,-117.57664029162999,35.49613968924512
756,-2.0,-25.0,7,1,1.69,,,,,insufficient,0,,pre_separator,7.0,-117.56561906074383,35.496142215207755
757,-1.0,-25.0,5,1,1.69,,,,,insufficient,0,,pre_separator,7.0,-117.55459782930467,35.4961437307854
758,0.0,-25.0,5,1,1.69,,,,,insufficient,0,,pre_separator,7.0,-117.54357659758901,35.49614423597795
759,1.0,-25.0,5,1,1.69,,,,,insufficient,0,,pre_separator,7.0,-117.53255536587335,35.4961437307854
760,2.0,-25.0,4,1,1.69,,,,,insufficient,0,,pre_separator,7.0,-117.52153413443419,35.496142215207755
761,3.0,-25.0,6,1,1.69,,,,,insufficient,0,,pre_separator,7.0,-117.51051290354803,35.49613968924512
762,4.0,-25.0,6,1,1.69,,,,,insufficient,0,,pre_separator,7.0,-117.49949167349138,35.49613615289765
763,5.0,-25.0,7,1,1.69,,,,,insufficient,0,,pre_separator,7.0,-117.48847044454068,35.49613160616556
764,6.0,-25.0,7,1,1.69,,,,,insufficient,0,,pre_separator,7.0,-117.47744921697252,35.496126049049145
765,7.0,-25.0,7,1,1.69,,,,,insufficient,0,,pre_separator,7.0,-117.4664279910633,35.49611948154871
766,8.0,-25.0,7,1,1.69,,,,,insufficient,0,,pre_separator,7.0,-117.45540676708958,35.496111903664726
767,9.0,-25.0,5,0,,,,,,insufficient,0,,pre_separator,7.0,-117.44438554532783,35.49610331539759
768,10.0,-25.0,5,0,,,,,,insufficient,0,,pre_separator,7.0,-117.43336432605459,35.49609371674788
769,11.0,-25.0,4,0,,,,,,insufficient,0,,pre_separator,7.0,-117.42234310954626,35.49608310771616
770,12.0,-25.0,5,0,,,,,,insufficient,0,,pre_separator,7.0,-117.41132189607946,35.49607148830311
771,13.0,-25.0,4,0,,,,,,insufficient,0,,pre_separator,7.0,-117.40030068593057,35.496058858509436
772,14.0,-25.0,3,0,,,,,,insufficient,0,,pre_separator,7.0,-117.38927947937616,35.496045218335894
773,15.0,-25.0,3,0,,,,,,insufficient,0,,pre_separator,7.0,-117.37825827669265,35.49603056778336
774,16.0,-25.0,3,0,,,,,,insufficient,0,,pre_separator,7.0,-117.3672370781566,35.49601490685272
775,17.0,-25.0,1,0,,,,,,insufficient,0,,pre_separator,7.0,-117.35621588404446,35.49599823554495
776,18.0,-25.0,0,0,,,,,,insufficient,0,,pre_separator,7.0,-117.34519469463274,35.495980553861074
777,19.0,-25.0,0,0,,,,,,insufficient,0,,pre_separator,7.0,-117.33417351019791,35.49596186180218
778,20.0,-25.0,0,0,,,,,,insufficient,0,,pre_separator,7.0,-117.32315233101649,35.49594215936943
779,21.0,-25.0,0,0,,,,,,insufficient,0,,pre_separator,7.0,-117.3121311573649,35.49592144656403
780,22.0,-25.0,0,0,,,,,,insufficient,0,,pre_separator,7.0,-117.30110998951969,35.49589972338727
781,23.0,-25.0,0,0,,,,,,insufficient,0,,pre_separator,7.0,-117.29008882775729,35.49587698984047
782,24.0,-25.0,0,0,,,,,,insufficient,0,,pre_separator,7.0,-117.27906767235423,35.495853245925055
783,25.0,-25.0,0,0,,,,,,insufficient,0,,pre_separator,7.0,-117.26804652358695,35.49582849164248
784,-30.0,-24.0,0,0,,,,,,insufficient,0,,pre_separator,7.0,-117.87424930971922,35.50470256888894
785,-29.0,-24.0,1,0,,,,,,insufficient,0,,pre_separator,7.0,-117.86322696487164,35.50473238045178
786,-28.0,-24.0,1,0,,,,,,insufficient,0,,pre_separator,7.0,-117.85220461200146,35.50476118147035
787,-27.0,-24.0,1,0,,,,,,insufficient,0,,pre_separator,7.0,-117.84118225138528,35.504788971942865
788,-26.0,-24.0,1,0,,,,,,insufficient,0,,pre_separator,7.0,-117.83015988329971,35.504815751867625
789,-25.0,-24.0,1,0,,,,,,insufficient,0,,pre_separator,7.0,-117.81913750802144,35.504841521242966
790,-24.0,-24.0,2,0,,,,,,insufficient,0,,pre_separator,7.0,-117.80811512582707,35.50486628006731
791,-23.0,-24.0,4,0,,,,,,insufficient,0,,pre_separator,7.0,-117.79709273699318,35.50489002833913
792,-22.0,-24.0,4,0,,,,,,insufficient,0,,pre_separator,7.0,-117.78607034179646,35.50491276605696
793,-21.0,-24.0,6,1,1.69,,,,,insufficient,0,,pre_separator,7.0,-117.77504794051352,35.50493449321937
794,-20.0,-24.0,7,1,1.69,,,,,insufficient,0,,pre_separator,7.0,-117.76402553342102,35.50495520982505
795,-19.0,-24.0,8,1,1.69,,,,,insufficient,0,,pre_separator,7.0,-117.75300312079555,35.5049749158727
796,-18.0,-24.0,8,1,1.69,,,,,insufficient,0,,pre_separator,7.0,-117.7419807029138,35.50499361136112
797,-17.0,-24.0,8,1,1.69,,,,,insufficient,0,,pre_separator,7.0,-117.73095828005239,35.505011296289155
798,-16.0,-24.0,7,0,,,,,,insufficient,0,,pre_separator,7.0,-117.71993585248796,35.505027970655696
799,-15.0,-24.0,6,0,,,,,,insufficient,0,,pre_separator,7.0,-117.70891342049715,35.50504363445973
800,-14.0,-24.0,5,0,,,,,,insufficient,0,,pre_separator,7.0,-117.69789098435659,35.50505828770029
801,-13.0,-24.0,5,0,,,,,,insufficient,0,,pre_separator,7.0,-117.68686854434294,35.50507193037645
802,-12.0,-24.0,4,0,,,,,,insufficient,0,,pre_separator,7.0,-117.67584610073287,35.50508456248739
803,-11.0,-24.0,4,0,,,,,,insufficient,0,,pre_separator,7.0,-117.66482365380298,35.505096184032325
804,-10.0,-24.0,4,0,,,,,,insufficient,0,,pre_separator,7.0,-117.65380120382994,35.50510679501054
805,-9.0,-24.0,18,4,1.5925000000000002,,,,,insufficient,0,,pre_separator,7.0,-117.6427787510904,35.505116395421375
806,-8.0,-24.0,28,8,1.7712500000000002,,,,,insufficient,0,,pre_separator,7.0,-117.63175629586101,35.50512498526424
807,-7.0,-24.0,35,9,1.7533333333333334,,,,,insufficient,0,,pre_separator,7.0,-117.6207338384184,35.5051325645386
808,-6.0,-24.0,33,8,1.7974999999999999,,,,,insufficient,0,,pre_separator,7.0,-117.60971137903924,35.50513913324401
809,-5.0,-24.0,29,7,1.8314285714285714,,,,,insufficient,0,,pre_separator,7.0,-117.59868891800018,35.505144691380025
810,-4.0,-24.0,25,6,1.875,,,,,insufficient,0,,pre_separator,7.0,-117.58766645557786,35.505149238946316
811,-3.0,-24.0,13,1,1.54,,,,,insufficient,0,,pre_separator,7.0,-117.57664399204891,35.50515277594263
812,-2.0,-24.0,8,1,1.69,,,,,insufficient,0,,pre_separator,7.0,-117.56562152769003,35.50515530236871
813,-1.0,-24.0,9,1,1.69,,,,,insufficient,0,,pre_separator,7.0,-117.55459906277785,35.50515681822443
814,0.0,-24.0,8,1,1.69,,,,,insufficient,0,,pre_separator,7.0,-117.54357659758901,35.505157323509685
815,1.0,-24.0,6,1,1.69,,,,,insufficient,0,,pre_separator,7.0,-117.53255413240016,35.50515681822443
816,2.0,-24.0,8,1,1.69,,,,,insufficient,0,,pre_separator,7.0,-117.52153166748799,35.50515530236871
817,3.0,-24.0,8,1,1.69,,,,,insufficient,0,,pre_separator,7.0,-117.5105092031291,35.50515277594263
818,4.0,-24.0,9,1,1.69,,,,,insufficient,0,,pre_separator,7.0,-117.49948673960016,35.505149238946316
819,5.0,-24.0,10,1,1.69,,,,,insufficient,0,,pre_separator,7.0,-117.48846427717784,35.505144691380025
820,6.0,-24.0,8,1,1.69,,,,,insufficient,0,,pre_separator,7.0,-117.47744181613878,35.50513913324401
821,7.0,-24.0,7,1,1.69,,,,,insufficient,0,,pre_separator,7.0,-117.46641935675962,35.5051325645386
822,8.0,-24.0,6,0,,,,,,insufficient,0,,pre_separator,7.0,-117.45539689931701,35.50512498526424
823,9.0,-24.0,5,0,,,,,,insufficient,0,,pre_separator,7.0,-117.44437444408761,35.505116395421375
824,10.0,-24.0,6,0,,,,,,insufficient,0,,pre_separator,7.0,-117.43335199134808,35.50510679501054
825,11.0,-24.0,6,0,,,,,,insufficient,0,,pre_separator,7.0,-117.42232954137503,35.505096184032325
826,12.0,-24.0,6,0,,,,,,insufficient,0,,pre_separator,7.0,-117.41130709444515,35.50508456248739
827,13.0,-24.0,5,0,,,,,,insufficient,0,,pre_separator,7.0,-117.40028465083508,35.50507193037645
828,14.0,-24.0,3,0,,,,,,insufficient,0,,pre_separator,7.0,-117.38926221082143,35.50505828770029
829,15.0,-24.0,3,0,,,,,,insufficient,0,,pre_separator,7.0,-117.37823977468086,35.50504363445973
830,16.0,-24.0,3,0,,,,,,insufficient,0,,pre_separator,7.0,-117.36721734269005,35.505027970655696
831,17.0,-24.0,2,0,,,,,,insufficient,0,,pre_separator,7.0,-117.35619491512563,35.505011296289155
832,18.0,-24.0,1,0,,,,,,insufficient,0,,pre_separator,7.0,-117.34517249226421,35.50499361136112
833,19.0,-24.0,0,0,,,,,,insufficient,0,,pre_separator,7.0,-117.33415007438246,35.5049749158727
834,20.0,-24.0,0,0,,,,,,insufficient,0,,pre_separator,7.0,-117.323127661757,35.50495520982505
835,21.0,-24.0,0,0,,,,,,insufficient,0,,pre_separator,7.0,-117.3121052546645,35.50493449321937
836,22.0,-24.0,0,0,,,,,,insufficient,0,,pre_separator,7.0,-117.30108285338156,35.50491276605696
837,23.0,-24.0,0,0,,,,,,insufficient,0,,pre_separator,7.0,-117.29006045818484,35.50489002833913
838,24.0,-24.0,0,0,,,,,,insufficient,0,,pre_separator,7.0,-117.27903806935095,35.50486628006731
839,25.0,-24.0,0,0,,,,,,insufficient,0,,pre_separator,7.0,-117.26801568715658,35.504841521242966
840,-30.0,-23.0,0,0,,,,,,insufficient,0,,pre_separator,7.0,-117.87428632692537,35.51371555948121
841,-29.0,-23.0,1,0,,,,,,insufficient,0,,pre_separator,7.0,-117.86326274821475,35.51374537651437
842,-28.0,-23.0,1,0,,,,,,insufficient,0,,pre_separator,7.0,-117.85223916147706,35.51377418281783
843,-27.0,-23.0,1,0,,,,,,insufficient,0,,pre_separator,7.0,-117.84121556698905,35.51380197838982
844,-26.0,-23.0,1,0,,,,,,insufficient,0,,pre_separator,7.0,-117.83019196502755,35.51382876322864
845,-25.0,-23.0,1,0,,,,,,insufficient,0,,pre_separator,7.0,-117.81916835586931,35.51385453733259
846,-24.0,-23.0,4,0,,,,,,insufficient,0,,pre_separator,7.0,-117.8081447397911,35.51387930070013
847,-23.0,-23.0,5,1,1.69,,,,,insufficient,0,,pre_separator,7.0,-117.79712111706976,35.5139030533297
848,-22.0,-23.0,6,1,1.69,,,,,insufficient,0,,pre_separator,7.0,-117.786097487982,35.51392579521985
849,-21.0,-23.0,7,1,1.69,,,,,insufficient,0,,pre_separator,7.0,-117.77507385280468,35.51394752636916
850,-20.0,-23.0,8,1,1.69,,,,,insufficient,0,,pre_separator,7.0,-117.76405021181455,35.51396824677629
851,-19.0,-23.0,8,1,1.69,,,,,insufficient,0,,pre_separator,7.0,-117.7530265652884,35.51398795643997
852,-18.0,-23.0,9,1,1.69,,,,,insufficient,0,,pre_separator,7.0,-117.74200291350301,35.51400665535898
853,-17.0,-23.0,10,1,1.69,,,,,insufficient,0,,pre_separator,7.0,-117.73097925673522,35.514024343532164
854,-16.0,-23.0,10,1,1.69,,,,,insufficient,0,,pre_separator,7.0,-117.71995559526178,35.51404102095843
855,-15.0,-23.0,8,0,,,,,,insufficient,0,,pre_separator,7.0,-117.70893192935951,35.514056687636746
856,-14.0,-23.0,8,0,,,,,,insufficient,0,,pre_separator,7.0,-117.69790825930521,35.51407134356616
857,-13.0,-23.0,8,0,,,,,,insufficient,0,,pre_separator,7.0,-117.68688458537565,35.51408498874574
858,-12.0,-23.0,10,0,,,,,,insufficient,0,,pre_separator,7.0,-117.67586090784765,35.51409762317466
859,-11.0,-23.0,35,11,1.7272727272727273,,,,,insufficient,0,,pre_separator,7.0,-117.66483722699802,35.51410924685214
860,-10.0,-23.0,51,20,1.7515,,,,,insufficient,0,,pre_separator,7.0,-117.65381354310352,35.51411985977746
861,-9.0,-23.0,84,29,1.7786206896551726,,,,,insufficient,0,,pre_separator,7.0,-117.64278985644101,35.51412946194996
862,-8.0,-23.0,95,32,1.7584374999999999,1.6485674283397467,1.7395993098077196,0.41212611819942113,1.0985678102735987,2.654842364379314,exploratory,1.0,pre_separator,7.0,-117.63176616728725,35.51413805336906
863,-7.0,-23.0,98,33,1.7718181818181817,1.5688799017851465,1.6773375903868748,0.3835611188812234,1.0755705001584739,2.5504862293285857,exploratory,1.0,pre_separator,7.0,-117.62074247591906,35.51414563403421
864,-6.0,-23.0,97,31,1.7116129032258067,2.0049335724498567,2.101493276479207,0.4188937044768142,1.4823924461312796,3.0291814397679904,exploratory,1.0,pre_separator,7.0,-117.60971878261323,35.51415220394495
865,-5.0,-23.0,87,27,1.73,,,,,insufficient,0,,pre_separator,7.0,-117.59869508764656,35.51415776310089
866,-4.0,-23.0,56,12,1.7366666666666664,,,,,insufficient,0,,pre_separator,7.0,-117.5876713912959,35.514162311501664
867,-3.0,-23.0,45,8,1.79875,,,,,insufficient,0,,pre_separator,7.0,-117.576647693838,35.51416584914701
868,-2.0,-23.0,35,7,1.8314285714285714,,,,,insufficient,0,,pre_separator,7.0,-117.56562399554969,35.5141683760367
869,-1.0,-23.0,11,2,1.835,,,,,insufficient,0,,pre_separator,7.0,-117.55460029670775,35.51416989217058
870,0.0,-23.0,11,2,1.835,,,,,insufficient,0,,pre_separator,7.0,-117.54357659758901,35.51417039754854
871,1.0,-23.0,12,2,1.835,,,,,insufficient,0,,pre_separator,7.0,-117.53255289847027,35.51416989217058
872,2.0,-23.0,11,2,1.835,,,,,insufficient,0,,pre_separator,7.0,-117.52152919962833,35.5141683760367
873,3.0,-23.0,10,2,1.835,,,,,insufficient,0,,pre_separator,7.0,-117.51050550134002,35.51416584914701
874,4.0,-23.0,12,2,1.835,,,,,insufficient,0,,pre_separator,7.0,-117.49948180388212,35.514162311501664
875,5.0,-23.0,12,1,1.69,,,,,insufficient,0,,pre_separator,7.0,-117.48845810753146,35.51415776310089
876,6.0,-23.0,9,0,,,,,,insufficient,0,,pre_separator,7.0,-117.47743441256479,35.51415220394495
877,7.0,-23.0,7,0,,,,,,insufficient,0,,pre_separator,7.0,-117.46641071925896,35.51414563403421
878,8.0,-23.0,6,0,,,,,,insufficient,0,,pre_separator,7.0,-117.45538702789077,35.51413805336906
879,9.0,-23.0,6,0,,,,,,insufficient,0,,pre_separator,7.0,-117.444363338737,35.51412946194996
880,10.0,-23.0,6,0,,,,,,insufficient,0,,pre_separator,7.0,-117.4333396520745,35.51411985977746
881,11.0,-23.0,6,0,,,,,,insufficient,0,,pre_separator,7.0,-117.42231596818,35.51410924685214
882,12.0,-23.0,6,0,,,,,,insufficient,0,,pre_separator,7.0,-117.41129228733037,35.51409762317466
883,13.0,-23.0,6,0,,,,,,insufficient,0,,pre_separator,7.0,-117.40026860980237,35.51408498874574
884,14.0,-23.0,5,0,,,,,,insufficient,0,,pre_separator,7.0,-117.38924493587281,35.51407134356616
885,15.0,-23.0,3,0,,,,,,insufficient,0,,pre_separator,7.0,-117.37822126581851,35.514056687636746
886,16.0,-23.0,3,0,,,,,,insufficient,0,,pre_separator,7.0,-117.36719759991624,35.51404102095843
887,17.0,-23.0,3,0,,,,,,insufficient,0,,pre_separator,7.0,-117.3561739384428,35.514024343532164
888,18.0,-23.0,1,0,,,,,,insufficient,0,,pre_separator,7.0,-117.345150281675,35.51400665535898
889,19.0,-23.0,1,0,,,,,,insufficient,0,,pre_separator,7.0,-117.33412662988962,35.51398795643997
890,20.0,-23.0,0,0,,,,,,insufficient,0,,pre_separator,7.0,-117.32310298336347,35.51396824677629
891,21.0,-23.0,0,0,,,,,,insufficient,0,,pre_separator,7.0,-117.31207934237334,35.51394752636916
892,22.0,-23.0,0,0,,,,,,insufficient,0,,pre_separator,7.0,-117.30105570719601,35.51392579521985
893,23.0,-23.0,0,0,,,,,,insufficient,0,,pre_separator,7.0,-117.29003207810824,35.5139030533297
894,24.0,-23.0,0,0,,,,,,insufficient,0,,pre_separator,7.0,-117.27900845538691,35.51387930070013
895,25.0,-23.0,0,0,,,,,,insufficient,0,,pre_separator,7.0,-117.26798483930871,35.51385453733259
896,-30.0,-22.0,0,0,,,,,,insufficient,0,,pre_separator,7.0,-117.8743233578388,35.52272853655327
897,-29.0,-22.0,1,0,,,,,,insufficient,0,,pre_separator,7.0,-117.86329854480825,35.52275835905845
898,-28.0,-22.0,1,0,,,,,,insufficient,0,,pre_separator,7.0,-117.85227372374614,35.522787170648456
899,-27.0,-22.0,1,0,,,,,,insufficient,0,,pre_separator,7.0,-117.84124889492944,35.52281497132151
900,-26.0,-22.0,1,0,,,,,,insufficient,0,,pre_separator,7.0,-117.8302240586351,35.522841761075874
901,-25.0,-22.0,1,0,,,,,,insufficient,0,,pre_separator,7.0,-117.81919921513999,35.522867539909925
902,-24.0,-22.0,5,1,1.69,,,,,insufficient,0,,pre_separator,7.0,-117.80817436472111,35.522892307822055
903,-23.0,-22.0,5,1,1.69,,,,,insufficient,0,,pre_separator,7.0,-117.79714950765535,35.52291606481073
904,-22.0,-22.0,6,1,1.69,,,,,insufficient,0,,pre_separator,7.0,-117.78612464421971,35.52293881087449
905,-21.0,-22.0,8,1,1.69,,,,,insufficient,0,,pre_separator,7.0,-117.77509977469107,35.52296054601192
906,-20.0,-22.0,8,1,1.69,,,,,insufficient,0,,pre_separator,7.0,-117.7640748993464,35.52298127022171
907,-19.0,-22.0,9,1,1.69,,,,,insufficient,0,,pre_separator,7.0,-117.75305001846264,35.52300098350254
908,-18.0,-22.0,10,1,1.69,,,,,insufficient,0,,pre_separator,7.0,-117.74202513231674,35.5230196858532
909,-17.0,-22.0,10,1,1.69,,,,,insufficient,0,,pre_separator,7.0,-117.73100024118565,35.52303737727255
910,-16.0,-22.0,10,1,1.69,,,,,insufficient,0,,pre_separator,7.0,-117.71997534534631,35.523054057759495
911,-15.0,-22.0,10,1,1.69,,,,,insufficient,0,,pre_separator,7.0,-117.70895044507569,35.52306972731299
912,-14.0,-22.0,11,1,1.69,,,,,insufficient,0,,pre_separator,7.0,-117.69792554065069,35.52308438593208
913,-13.0,-22.0,20,3,1.8,,,,,insufficient,0,,pre_separator,7.0,-117.6869006323483,35.52309803361586
914,-12.0,-22.0,49,16,1.788125,,,,,insufficient,0,,pre_separator,7.0,-117.67587572044549,35.52311067036348
915,-11.0,-22.0,78,26,1.791923076923077,,,,,insufficient,0,,pre_separator,7.0,-117.66485080521917,35.523122296174165
916,-10.0,-22.0,108,33,1.770909090909091,1.5740491930595613,1.667644286649836,0.37343913686903113,1.0937797777702507,2.6715942903181134,exploratory,1.0,pre_separator,7.0,-117.65382588694634,35.5231329110472
917,-9.0,-22.0,124,39,1.7771794871794877,1.5390717668538654,1.6210699439236018,0.30926102310441606,1.1401874651111978,2.404185208548871,exploratory,1.0,pre_separator,7.0,-117.64280096590393,35.52314251498191
918,-8.0,-22.0,132,40,1.7845,1.5001536507884348,1.552052622842464,0.28692723538839643,1.0827331143147774,2.175763587740838,exploratory,1.0,pre_separator,7.0,-117.6317760423689,35.523151107977725
919,-7.0,-22.0,136,40,1.7845,1.5001536507884348,1.5481444491149463,0.3040365779877248,1.0888671544952722,2.24014784222161,exploratory,1.0,pre_separator,7.0,-117.62075111661817,35.523158690034094
920,-6.0,-22.0,143,41,1.7887804878048779,1.4782958703224023,1.5462922271401798,0.2955493797838813,1.0523529681336892,2.251155960040052,exploratory,1.0,pre_separator,7.0,-117.60972618892876,35.523165261150574
921,-5.0,-22.0,139,40,1.78175,1.5145404774306954,1.5486822549791894,0.26935855926173835,1.0839926030704283,2.158217437198095,exploratory,1.0,pre_separator,7.0,-117.59870125957758,35.52317082132675
922,-4.0,-22.0,130,36,1.7336111111111112,1.820093288535164,1.8694312138590659,0.3336912824731152,1.3430146410343877,2.6320877691106146,exploratory,1.0,pre_separator,7.0,-117.58767632884162,35.52317537056225
923,-3.0,-22.0,83,20,1.7425000000000002,,,,,insufficient,0,,pre_separator,7.0,-117.57665139699783,35.523178908856856
924,-2.0,-22.0,57,10,1.8039999999999998,,,,,insufficient,0,,pre_separator,7.0,-117.56562646432315,35.52318143621027
925,-1.0,-22.0,48,9,1.818888888888889,,,,,insufficient,0,,pre_separator,7.0,-117.55460153109456,35.523182952622385
926,0.0,-22.0,13,1,1.98,,,,,insufficient,0,,pre_separator,7.0,-117.54357659758901,35.5231834580931
927,1.0,-22.0,12,1,1.98,,,,,insufficient,0,,pre_separator,7.0,-117.53255166408346,35.523182952622385
928,2.0,-22.0,12,1,1.98,,,,,insufficient,0,,pre_separator,7.0,-117.52152673085487,35.52318143621027
929,3.0,-22.0,12,1,1.98,,,,,insufficient,0,,pre_separator,7.0,-117.51050179818019,35.523178908856856
930,4.0,-22.0,12,1,1.98,,,,,insufficient,0,,pre_separator,7.0,-117.4994768663364,35.52317537056225
931,5.0,-22.0,13,1,1.98,,,,,insufficient,0,,pre_separator,7.0,-117.48845193560044,35.52317082132675
932,6.0,-22.0,12,1,1.98,,,,,insufficient,0,,pre_separator,7.0,-117.47742700624926,35.523165261150574
933,7.0,-22.0,9,0,,,,,,insufficient,0,,pre_separator,7.0,-117.46640207855985,35.523158690034094
934,8.0,-22.0,8,0,,,,,,insufficient,0,,pre_separator,7.0,-117.45537715280912,35.523151107977725
935,9.0,-22.0,7,0,,,,,,insufficient,0,,pre_separator,7.0,-117.44435222927407,35.52314251498191
936,10.0,-22.0,6,0,,,,,,insufficient,0,,pre_separator,7.0,-117.43332730823167,35.5231329110472
937,11.0,-22.0,6,0,,,,,,insufficient,0,,pre_separator,7.0,-117.42230238995884,35.523122296174165
938,12.0,-22.0,6,0,,,,,,insufficient,0,,pre_separator,7.0,-117.41127747473253,35.52311067036348
939,13.0,-22.0,6,0,,,,,,insufficient,0,,pre_separator,7.0,-117.40025256282972,35.52309803361586
940,14.0,-22.0,6,0,,,,,,insufficient,0,,pre_separator,7.0,-117.38922765452733,35.52308438593208
941,15.0,-22.0,3,0,,,,,,insufficient,0,,pre_separator,7.0,-117.37820275010233,35.52306972731299
942,16.0,-22.0,3,0,,,,,,insufficient,0,,pre_separator,7.0,-117.3671778498317,35.523054057759495
943,17.0,-22.0,2,0,,,,,,insufficient,0,,pre_separator,7.0,-117.35615295399236,35.52303737727255
944,18.0,-22.0,1,0,,,,,,insufficient,0,,pre_separator,7.0,-117.34512806286128,35.5230196858532
945,19.0,-22.0,1,0,,,,,,insufficient,0,,pre_separator,7.0,-117.33410317671537,35.52300098350254
946,20.0,-22.0,1,0,,,,,,insufficient,0,,pre_separator,7.0,-117.32307829583162,35.52298127022171
947,21.0,-22.0,0,0,,,,,,insufficient,0,,pre_separator,7.0,-117.31205342048695,35.52296054601192
948,22.0,-22.0,0,0,,,,,,insufficient,0,,pre_separator,7.0,-117.3010285509583,35.52293881087449
949,23.0,-22.0,0,0,,,,,,insufficient,0,,pre_separator,7.0,-117.29000368752266,35.52291606481073
950,24.0,-22.0,0,0,,,,,,insufficient,0,,pre_separator,7.0,-117.27897883045691,35.522892307822055
951,25.0,-22.0,0,0,,,,,,insufficient,0,,pre_separator,7.0,-117.26795398003803,35.522867539909925
952,-30.0,-21.0,0,0,,,,,,insufficient,0,,pre_separator,7.0,-117.87436040246587,35.53174150010366
953,-29.0,-21.0,0,0,,,,,,insufficient,0,,pre_separator,7.0,-117.86333435465828,35.531771328082556
954,-28.0,-21.0,1,0,,,,,,insufficient,0,,pre_separator,7.0,-117.8523082988147,35.53180014496075
955,-27.0,-21.0,1,0,,,,,,insufficient,0,,pre_separator,7.0,-117.8412822352122,35.531827950736435
956,-26.0,-21.0,1,0,,,,,,insufficient,0,,pre_separator,7.0,-117.83025616412789,35.5318547454079
957,-25.0,-21.0,4,1,1.69,,,,,insufficient,0,,pre_separator,7.0,-117.81923008583885,35.53188052897351
958,-24.0,-21.0,5,1,1.69,,,,,insufficient,0,,pre_separator,7.0,-117.80820400062217,35.531905301431635
959,-23.0,-21.0,6,1,1.69,,,,,insufficient,0,,pre_separator,7.0,-117.79717790875493,35.53192906278078
960,-22.0,-21.0,6,1,1.69,,,,,insufficient,0,,pre_separator,7.0,-117.78615181051423,35.53195181301946
961,-21.0,-21.0,8,1,1.69,,,,,insufficient,0,,pre_separator,7.0,-117.77512570617719,35.53197355214626
962,-20.0,-21.0,9,1,1.69,,,,,insufficient,0,,pre_separator,7.0,-117.76409959602086,35.531994280159864
963,-19.0,-21.0,10,1,1.69,,,,,insufficient,0,,pre_separator,7.0,-117.7530734803224,35.53201399705896
964,-18.0,-21.0,11,1,1.69,,,,,insufficient,0,,pre_separator,7.0,-117.74204735935885,35.53203270284236
965,-17.0,-21.0,11,1,1.69,,,,,insufficient,0,,pre_separator,7.0,-117.73102123340735,35.53205039750888
966,-16.0,-21.0,13,1,1.69,,,,,insufficient,0,,pre_separator,7.0,-117.71999510274496,35.53206708105745
967,-15.0,-21.0,13,1,1.69,,,,,insufficient,0,,pre_separator,7.0,-117.70896896764883,35.532082753487025
968,-14.0,-21.0,16,1,1.69,,,,,insufficient,0,,pre_separator,7.0,-117.69794282839604,35.53209741479664
969,-13.0,-21.0,49,15,1.7946666666666666,,,,,insufficient,0,,pre_separator,7.0,-117.68691668526371,35.53211106498538
970,-12.0,-21.0,78,25,1.8063999999999998,,,,,insufficient,0,,pre_separator,7.0,-117.67589053852893,35.53212370405243
971,-11.0,-21.0,121,39,1.7900000000000005,1.4721846844178004,1.5541927042112247,0.29109503040475726,1.1011802964555526,2.16922154265094,exploratory,1.0,pre_separator,7.0,-117.66486438846883,35.53213533199698
972,-10.0,-21.0,136,40,1.7845,1.5001536507884348,1.5536393546756662,0.2726075650552698,1.0762995030008262,2.11213540590902,exploratory,1.0,pre_separator,7.0,-117.65383823536051,35.53214594881832
973,-9.0,-21.0,149,40,1.7845,1.5001536507884348,1.5833210909540039,0.3127618160767469,1.0632480806010316,2.357612322961795,exploratory,1.0,pre_separator,7.0,-117.64281207948105,35.532155554515796
974,-8.0,-21.0,152,42,1.786428571428571,1.4902261633935132,1.517110263549402,0.25982868950995813,1.0777016485935924,2.129703078374856,exploratory,1.0,pre_separator,7.0,-117.63178592110759,35.532164149088814
975,-7.0,-21.0,171,47,1.7891489361702126,1.4764441699423394,1.5000184841167938,0.25487212521683417,1.0805490703379217,2.065148118074477,exploratory,1.0,pre_separator,7.0,-117.62075976051725,35.53217173253686
976,-6.0,-21.0,190,52,1.8559615384615389,1.2031599924863647,1.2405784839332161,0.20859711490567406,0.8851895972504265,1.6916072605088048,moderately_uncertain,1.0,pre_separator,7.0,-117.6097335979871,35.532178304859436
977,-5.0,-21.0,204,65,2.0246153846153847,0.8200186295921964,0.8276374705076401,0.12176828267688962,0.6184496823394309,1.0693372441867717,moderately_uncertain,1.0,pre_separator,7.0,-117.59870743379429,35.532183866056144
978,-4.0,-21.0,200,63,2.01047619047619,0.8425112351009972,0.8603038113120725,0.13943663200971695,0.6183735916580994,1.1412117772640202,moderately_uncertain,1.0,pre_separator,7.0,-117.5876812682159,35.53218841612665
979,-3.0,-21.0,188,59,1.9357627118644067,0.9853249156812867,1.008773296434757,0.16820823269756854,0.7281051068779587,1.3863688049460097,moderately_uncertain,1.0,pre_separator,7.0,-117.57665510152907,35.53219195507068
980,-2.0,-21.0,102,28,1.8260714285714283,,,,,insufficient,0,,pre_separator,7.0,-117.5656289340109,35.53219448288799
981,-1.0,-21.0,68,14,1.8342857142857143,,,,,insufficient,0,,pre_separator,7.0,-117.55460276593853,35.53219599957844
982,0.0,-21.0,46,7,1.7442857142857144,,,,,insufficient,0,,pre_separator,7.0,-117.54357659758901,35.532196505141926
983,1.0,-21.0,19,1,1.98,,,,,insufficient,0,,pre_separator,7.0,-117.53255042923949,35.53219599957844
984,2.0,-21.0,14,1,1.98,,,,,insufficient,0,,pre_separator,7.0,-117.52152426116712,35.53219448288799
985,3.0,-21.0,12,1,1.98,,,,,insufficient,0,,pre_separator,7.0,-117.51049809364895,35.53219195507068
986,4.0,-21.0,11,1,1.98,,,,,insufficient,0,,pre_separator,7.0,-117.49947192696212,35.53218841612665
987,5.0,-21.0,11,1,1.98,,,,,insufficient,0,,pre_separator,7.0,-117.48844576138373,35.532183866056144
988,6.0,-21.0,12,1,1.98,,,,,insufficient,0,,pre_separator,7.0,-117.47741959719092,35.532178304859436
989,7.0,-21.0,12,2,2.19,,,,,insufficient,0,,pre_separator,7.0,-117.46639343466077,35.53217173253686
990,8.0,-21.0,12,1,2.4,,,,,insufficient,0,,pre_separator,7.0,-117.45536727407043,35.532164149088814
991,9.0,-21.0,10,1,2.4,,,,,insufficient,0,,pre_separator,7.0,-117.44434111569696,35.532155554515796
992,10.0,-21.0,7,1,2.4,,,,,insufficient,0,,pre_separator,7.0,-117.43331495981751,35.53214594881832
993,11.0,-21.0,7,1,2.4,,,,,insufficient,0,,pre_separator,7.0,-117.42228880670919,35.53213533199698
994,12.0,-21.0,7,0,,,,,,insufficient,0,,pre_separator,7.0,-117.41126265664907,35.53212370405243
995,13.0,-21.0,7,0,,,,,,insufficient,0,,pre_separator,7.0,-117.40023650991431,35.53211106498538
996,14.0,-21.0,7,0,,,,,,insufficient,0,,pre_separator,7.0,-117.38921036678198,35.53209741479664
997,15.0,-21.0,5,0,,,,,,insufficient,0,,pre_separator,7.0,-117.37818422752919,35.532082753487025
998,16.0,-21.0,4,0,,,,,,insufficient,0,,pre_separator,7.0,-117.36715809243306,35.53206708105745
999,17.0,-21.0,3,0,,,,,,insufficient,0,,pre_separator,7.0,-117.35613196177067,35.53205039750888
1000,18.0,-21.0,2,0,,,,,,insufficient,0,,pre_separator,7.0,-117.34510583581917,35.53203270284236
1001,19.0,-21.0,1,0,,,,,,insufficient,0,,pre_separator,7.0,-117.33407971485562,35.53201399705896
1002,20.0,-21.0,1,0,,,,,,insufficient,0,,pre_separator,7.0,-117.32305359915716,35.531994280159864
1003,21.0,-21.0,0,0,,,,,,insufficient,0,,pre_separator,7.0,-117.31202748900083,35.53197355214626
1004,22.0,-21.0,0,0,,,,,,insufficient,0,,pre_separator,7.0,-117.30100138466378,35.53195181301946
1005,23.0,-21.0,0,0,,,,,,insufficient,0,,pre_separator,7.0,-117.28997528642309,35.53192906278078
1006,24.0,-21.0,0,0,,,,,,insufficient,0,,pre_separator,7.0,-117.27894919455585,35.531905301431635
1007,25.0,-21.0,0,0,,,,,,insufficient,0,,pre_separator,7.0,-117.26792310933916,35.53188052897351
1008,-30.0,-20.0,0,0,,,,,,insufficient,0,,pre_separator,7.0,-117.87439746081304,35.54075445013092
1009,-29.0,-20.0,0,0,,,,,,insufficient,0,,pre_separator,7.0,-117.86337017777112,35.54078428358526
1010,-28.0,-20.0,1,0,,,,,,insufficient,0,,pre_separator,7.0,-117.85234288668875,35.540813105753266
1011,-27.0,-20.0,1,0,,,,,,insufficient,0,,pre_separator,7.0,-117.84131558784313,35.54084091663318
1012,-26.0,-20.0,1,0,,,,,,insufficient,0,,pre_separator,7.0,-117.83028828151153,35.540867716223275
1013,-25.0,-20.0,4,1,1.69,,,,,insufficient,0,,pre_separator,7.0,-117.81926096797123,35.540893504521904
1014,-24.0,-20.0,5,1,1.69,,,,,insufficient,0,,pre_separator,7.0,-117.80823364749942,35.54091828152745
1015,-23.0,-20.0,6,1,1.69,,,,,insufficient,0,,pre_separator,7.0,-117.79720632037338,35.54094204723841
1016,-22.0,-20.0,7,1,1.69,,,,,insufficient,0,,pre_separator,7.0,-117.78617898687033,35.54096480165331
1017,-21.0,-20.0,9,1,1.69,,,,,insufficient,0,,pre_separator,7.0,-117.77515164726752,35.54098654477072
1018,-20.0,-20.0,10,1,1.69,,,,,insufficient,0,,pre_separator,7.0,-117.76412430184224,35.54100727658931
1019,-19.0,-20.0,11,1,1.69,,,,,insufficient,0,,pre_separator,7.0,-117.7530969508717,35.541026997107835
1020,-18.0,-20.0,11,1,1.69,,,,,insufficient,0,,pre_separator,7.0,-117.74206959463316,35.541045706324994
1021,-17.0,-20.0,14,1,1.69,,,,,insufficient,0,,pre_separator,7.0,-117.73104223340391,35.54106340423971
1022,-16.0,-20.0,14,1,1.69,,,,,insufficient,0,,pre_separator,7.0,-117.72001486746116,35.54108009085085
1023,-15.0,-20.0,15,1,1.69,,,,,insufficient,0,,pre_separator,7.0,-117.70898749708222,35.54109576615739
1024,-14.0,-20.0,44,11,1.739090909090909,,,,,insufficient,0,,pre_separator,7.0,-117.69796012254429,35.54111043015836
1025,-13.0,-20.0,69,21,1.759047619047619,,,,,insufficient,0,,pre_separator,7.0,-117.68693274412465,35.54112408285287
1026,-12.0,-20.0,118,37,1.784864864864865,1.498265345493735,1.5634113461723067,0.31440431838110616,1.0597457998748947,2.2552836253221513,exploratory,1.0,pre_separator,7.0,-117.67590536210058,35.54113672424005
1027,-11.0,-20.0,140,41,1.7919512195121952,1.4625111916249136,1.499424731054432,0.28142769184507527,1.0516426045211644,2.1756774531861356,exploratory,1.0,pre_separator,7.0,-117.66487797674934,35.54114835431912
1028,-10.0,-20.0,155,43,1.793488372093023,1.4549795653946118,1.4895373156865686,0.25135221987959516,1.0887662536531297,2.1048468850510047,exploratory,1.0,pre_separator,7.0,-117.65385058834816,35.54115897308939
1029,-9.0,-20.0,174,45,1.7873333333333332,1.4856139631810217,1.5308988538822186,0.25244519169355506,1.1299943154464502,2.1048197830529163,exploratory,1.0,pre_separator,7.0,-117.64282319717434,35.541168580550185
1030,-8.0,-20.0,220,64,1.99109375,0.8754282469860822,0.8912455916108395,0.14604755304356365,0.6630064114805191,1.2423189406024084,moderately_uncertain,1.0,pre_separator,7.0,-117.63179580350511,35.541177176700906
1031,-7.0,-20.0,256,93,2.053010752688172,0.7782905254263887,0.785629320149038,0.10323788076403698,0.6143954076078776,1.0101256291185692,moderately_uncertain,1.0,pre_separator,7.0,-117.62076840761777,35.54118476154103
1032,-6.0,-20.0,286,110,2.0450909090909093,0.7894958355537545,0.7974835783188687,0.08740353350444562,0.649489248260341,0.9815026629545933,robust,1.0,pre_separator,7.0,-117.60974100978954,35.541191335070096
1033,-5.0,-20.0,296,113,2.0394690265486726,0.7976477278353101,0.8189612120453499,0.08681953703548795,0.6723926776149616,0.9930397762981075,robust,1.0,pre_separator,7.0,-117.59871361029772,35.541196897287676
1034,-4.0,-20.0,307,117,2.0437606837606834,0.7914096158037612,0.7963600586969288,0.08603862036294231,0.6410753108671176,0.9757932957145937,robust,1.0,pre_separator,7.0,-117.58768620941957,35.54120144819342
1035,-3.0,-20.0,300,117,2.05008547008547,0.7823920915032795,0.7924683545583759,0.07771348902375913,0.6581243278653403,0.9601685727371176,robust,1.0,pre_separator,7.0,-117.57665880743238,35.54120498778709
1036,-2.0,-20.0,271,109,2.0375229357798164,0.8005089799180597,0.8111099814434011,0.0909115754520745,0.6594813735316849,1.0107302841869341,robust,1.0,pre_separator,7.0,-117.56563140461337,35.541207516068425
1037,-1.0,-20.0,138,50,2.1418,0.6714509615078106,0.6858593267097913,0.11210898111895524,0.49878006029399025,0.9333745299487777,moderately_uncertain,1.0,pre_separator,7.0,-117.55460400123984,35.5412090330373
1038,0.0,-20.0,84,22,2.075454545454545,,,,,insufficient,0,,pre_separator,7.0,-117.54357659758901,35.54120953869359
1039,1.0,-20.0,33,5,1.718,,,,,insufficient,0,,pre_separator,7.0,-117.53254919393818,35.5412090330373
1040,2.0,-20.0,19,3,1.8666666666666665,,,,,insufficient,0,,pre_separator,7.0,-117.52152179056465,35.541207516068425
1041,3.0,-20.0,16,3,1.8666666666666665,,,,,insufficient,0,,pre_separator,7.0,-117.51049438774564,35.54120498778709
1042,4.0,-20.0,15,3,1.8666666666666665,,,,,insufficient,0,,pre_separator,7.0,-117.49946698575845,35.54120144819342
1043,5.0,-20.0,14,4,2.0,,,,,insufficient,0,,pre_separator,7.0,-117.4884395848803,35.541196897287676
1044,6.0,-20.0,13,3,2.08,,,,,insufficient,0,,pre_separator,7.0,-117.47741218538847,35.541191335070096
1045,7.0,-20.0,13,2,2.19,,,,,insufficient,0,,pre_separator,7.0,-117.46638478756024,35.54118476154103
1046,8.0,-20.0,12,1,2.4,,,,,insufficient,0,,pre_separator,7.0,-117.4553573916729,35.541177176700906
1047,9.0,-20.0,11,1,2.4,,,,,insufficient,0,,pre_separator,7.0,-117.44432999800368,35.541168580550185
1048,10.0,-20.0,7,1,2.4,,,,,insufficient,0,,pre_separator,7.0,-117.43330260682986,35.54115897308939
1049,11.0,-20.0,8,1,2.4,,,,,insufficient,0,,pre_separator,7.0,-117.42227521842868,35.54114835431912
1050,12.0,-20.0,8,1,2.4,,,,,insufficient,0,,pre_separator,7.0,-117.41124783307744,35.54113672424005
1051,13.0,-20.0,8,1,2.4,,,,,insufficient,0,,pre_separator,7.0,-117.40022045105337,35.54112408285287
1052,14.0,-20.0,7,0,,,,,,insufficient,0,,pre_separator,7.0,-117.38919307263373,35.54111043015836
1053,15.0,-20.0,5,0,,,,,,insufficient,0,,pre_separator,7.0,-117.3781656980958,35.54109576615739
1054,16.0,-20.0,3,0,,,,,,insufficient,0,,pre_separator,7.0,-117.36713832771686,35.54108009085085
1055,17.0,-20.0,3,0,,,,,,insufficient,0,,pre_separator,7.0,-117.3561109617741,35.54106340423971
1056,18.0,-20.0,2,0,,,,,,insufficient,0,,pre_separator,7.0,-117.34508360054485,35.541045706324994
1057,19.0,-20.0,2,0,,,,,,insufficient,0,,pre_separator,7.0,-117.33405624430632,35.541026997107835
1058,20.0,-20.0,2,0,,,,,,insufficient,0,,pre_separator,7.0,-117.32302889333577,35.54100727658931
1059,21.0,-20.0,0,0,,,,,,insufficient,0,,pre_separator,7.0,-117.3120015479105,35.54098654477072
1060,22.0,-20.0,0,0,,,,,,insufficient,0,,pre_separator,7.0,-117.3009742083077,35.54096480165331
1061,23.0,-20.0,0,0,,,,,,insufficient,0,,pre_separator,7.0,-117.28994687480464,35.54094204723841
1062,24.0,-20.0,0,0,,,,,,insufficient,0,,pre_separator,7.0,-117.2789195476786,35.54091828152745
1063,25.0,-20.0,0,0,,,,,,insufficient,0,,pre_separator,7.0,-117.26789222720679,35.540893504521904
1064,-30.0,-19.0,0,0,,,,,,insufficient,0,,pre_separator,7.0,-117.8744345328867,35.54976738663363
1065,-29.0,-19.0,0,0,,,,,,insufficient,0,,pre_separator,7.0,-117.86340601415294,35.54979722556509
1066,-28.0,-19.0,0,0,,,,,,insufficient,0,,pre_separator,7.0,-117.85237748737421,35.549826053024574
1067,-27.0,-19.0,1,0,,,,,,insufficient,0,,pre_separator,7.0,-117.84134895282796,35.5498538690103
1068,-26.0,-19.0,2,1,1.69,,,,,insufficient,0,,pre_separator,7.0,-117.83032041079159,35.549880673520555
1069,-25.0,-19.0,4,1,1.69,,,,,insufficient,0,,pre_separator,7.0,-117.81929186154247,35.54990646655367
1070,-24.0,-19.0,4,1,1.69,,,,,insufficient,0,,pre_separator,7.0,-117.80826330535801,35.54993124810805
1071,-23.0,-19.0,6,1,1.69,,,,,insufficient,0,,pre_separator,7.0,-117.79723474251558,35.549955018182196
1072,-22.0,-19.0,7,1,1.69,,,,,insufficient,0,,pre_separator,7.0,-117.78620617329265,35.5499777767746
1073,-21.0,-19.0,9,1,1.69,,,,,insufficient,0,,pre_separator,7.0,-117.77517759796659,35.54999952388386
1074,-20.0,-19.0,11,1,1.69,,,,,insufficient,0,,pre_separator,7.0,-117.76414901681476,35.55002025950865
1075,-19.0,-19.0,12,1,1.69,,,,,insufficient,0,,pre_separator,7.0,-117.75312043011463,35.55003998364767
1076,-18.0,-19.0,14,1,1.69,,,,,insufficient,0,,pre_separator,7.0,-117.74209183814357,35.550058696299715
1077,-17.0,-19.0,15,1,1.69,,,,,insufficient,0,,pre_separator,7.0,-117.731063241179,35.55007639746361
1078,-16.0,-19.0,17,1,1.69,,,,,insufficient,0,,pre_separator,7.0,-117.72003463949837,35.55009308713827
1079,-15.0,-19.0,20,1,1.69,,,,,insufficient,0,,pre_separator,7.0,-117.709006033379,35.550108765322676
1080,-14.0,-19.0,55,16,1.788125,,,,,insufficient,0,,pre_separator,7.0,-117.69797742309838,35.55012343201585
1081,-13.0,-19.0,97,29,1.7558620689655173,,,,,insufficient,0,,pre_separator,7.0,-117.6869488089339,35.55013708721689
1082,-12.0,-19.0,136,39,1.7989743589743592,1.4287207755568796,1.4828317602691554,0.25149272527839145,1.0357970785620572,2.023214523370962,exploratory,1.0,pre_separator,7.0,-117.67592019116297,35.55014973092492
1083,-11.0,-19.0,153,42,1.7895238095238095,1.4745649345138703,1.5132201552324849,0.255112229619958,1.0977452453627305,2.0811060396211656,exploratory,1.0,pre_separator,7.0,-117.66489157006302,35.5501613631392
1084,-10.0,-19.0,187,48,1.845625,1.238629538404996,1.2657899989618353,0.2423121939392802,0.8802901044961512,1.8233709415425268,exploratory,1.0,pre_separator,7.0,-117.65386294591146,35.550171983859
1085,-9.0,-19.0,241,75,1.9993333333333332,0.8611258729079682,0.8819442264672799,0.12556341650930472,0.6665784628588154,1.1728217277474982,moderately_uncertain,1.0,pre_separator,7.0,-117.64283431898569,35.55018159308364
1086,-8.0,-19.0,290,107,2.050093457943925,0.7823808327914465,0.7941692234500816,0.0874886787110713,0.6415758123612185,0.9926381548407802,robust,1.0,pre_separator,7.0,-117.63180568956314,35.55019019081254
1087,-7.0,-19.0,324,119,2.032941176470588,0.8073270850033115,0.8043407798384502,0.0803115755317482,0.6671033942270861,0.9715955205980258,robust,1.0,pre_separator,7.0,-117.62077705792125,35.55019777704518
1088,-6.0,-19.0,346,133,2.0206766917293235,0.8261627131964882,0.8340623597534325,0.07794475395168438,0.6852140075395319,1.006296482655714,robust,1.0,pre_separator,7.0,-117.60974842433737,35.550204351781105
1089,-5.0,-19.0,351,135,2.014962962962963,0.8352411860807608,0.8434579499642557,0.08050562882594066,0.7069917277348208,1.0186908612856422,robust,1.0,pre_separator,7.0,-117.59871978908902,35.55020991501987
1090,-4.0,-19.0,362,141,2.030496453900709,0.8110128064149201,0.8123664597654984,0.0783223818915025,0.6743239021314922,0.9773264352488779,robust,1.0,pre_separator,7.0,-117.58769115245354,35.55021446676113
1091,-3.0,-19.0,363,143,2.034125874125874,0.805553030834231,0.8125521024608167,0.0724695530345803,0.6866365212771084,0.9600821369755934,robust,1.0,pre_separator,7.0,-117.57666251470837,35.55021800700466
1092,-2.0,-19.0,346,137,2.031021897810219,0.8102177983352011,0.8218035753618013,0.07179926181249423,0.6998488202853252,0.9741917798867327,robust,1.0,pre_separator,7.0,-117.56563387613096,35.55022053575016
1093,-1.0,-19.0,282,111,2.059819819819819,0.7689080068787144,0.7835309133915953,0.08133925067793954,0.6352907805535515,0.9582490656209443,robust,1.0,pre_separator,7.0,-117.55460523699868,35.55022205299753
1094,0.0,-19.0,173,76,2.1213157894736843,0.6934113576606541,0.7107465932807608,0.08503278098522543,0.5686592593142311,0.8891805125174338,moderately_uncertain,1.0,pre_separator,7.0,-117.54357659758901,35.55022255874667
1095,1.0,-19.0,90,33,2.1130303030303033,0.702707423525732,0.7376039957527761,0.15069345773306947,0.5037124891353526,1.0812724764853752,exploratory,1.0,pre_separator,7.0,-117.53254795817934,35.55022205299753
1096,2.0,-19.0,24,4,1.91,,,,,insufficient,0,,pre_separator,7.0,-117.52151931904706,35.55022053575016
1097,3.0,-19.0,19,4,1.91,,,,,insufficient,0,,pre_separator,7.0,-117.51049068046964,35.55021800700466
1098,4.0,-19.0,19,4,2.0,,,,,insufficient,0,,pre_separator,7.0,-117.49946204272447,35.55021446676113
1099,5.0,-19.0,17,4,2.0,,,,,insufficient,0,,pre_separator,7.0,-117.488433406089,35.55020991501987
1100,6.0,-19.0,16,4,2.0,,,,,insufficient,0,,pre_separator,7.0,-117.47740477084064,35.550204351781105
1101,7.0,-19.0,16,4,2.0,,,,,insufficient,0,,pre_separator,7.0,-117.46637613725677,35.55019777704518
1102,8.0,-19.0,14,3,2.08,,,,,insufficient,0,,pre_separator,7.0,-117.45534750561488,35.55019019081254
1103,9.0,-19.0,10,1,2.4,,,,,insufficient,0,,pre_separator,7.0,-117.44431887619233,35.55018159308364
1104,10.0,-19.0,11,1,2.4,,,,,insufficient,0,,pre_separator,7.0,-117.43329024926656,35.550171983859
1105,11.0,-19.0,8,1,2.4,,,,,insufficient,0,,pre_separator,7.0,-117.422261625115,35.5501613631392
1106,12.0,-19.0,8,1,2.4,,,,,insufficient,0,,pre_separator,7.0,-117.41123300401505,35.55014973092492
1107,13.0,-19.0,8,1,2.4,,,,,insufficient,0,,pre_separator,7.0,-117.40020438624411,35.55013708721689
1108,14.0,-19.0,7,1,2.4,,,,,insufficient,0,,pre_separator,7.0,-117.38917577207964,35.55012343201585
1109,15.0,-19.0,4,0,,,,,,insufficient,0,,pre_separator,7.0,-117.37814716179902,35.550108765322676
1110,16.0,-19.0,3,0,,,,,,insufficient,0,,pre_separator,7.0,-117.36711855567965,35.55009308713827
1111,17.0,-19.0,3,0,,,,,,insufficient,0,,pre_separator,7.0,-117.35608995399902,35.55007639746361
1112,18.0,-19.0,2,0,,,,,,insufficient,0,,pre_separator,7.0,-117.34506135703445,35.550058696299715
1113,19.0,-19.0,2,0,,,,,,insufficient,0,,pre_separator,7.0,-117.33403276506338,35.55003998364767
1114,20.0,-19.0,2,0,,,,,,insufficient,0,,pre_separator,7.0,-117.32300417836326,35.55002025950865
1115,21.0,-19.0,1,0,,,,,,insufficient,0,,pre_separator,7.0,-117.31197559721143,35.54999952388386
1116,22.0,-19.0,0,0,,,,,,insufficient,0,,pre_separator,7.0,-117.30094702188535,35.5499777767746
1117,23.0,-19.0,0,0,,,,,,insufficient,0,,pre_separator,7.0,-117.28991845266243,35.549955018182196
1118,24.0,-19.0,0,0,,,,,,insufficient,0,,pre_separator,7.0,-117.27888988982001,35.54993124810805
1119,25.0,-19.0,0,0,,,,,,insufficient,0,,pre_separator,7.0,-117.26786133363555,35.54990646655367
1120,-30.0,-18.0,0,0,,,,,,insufficient,0,,pre_separator,7.0,-117.87447161869332,35.55878030961034
1121,-29.0,-18.0,0,0,,,,,,insufficient,0,,pre_separator,7.0,-117.86344186380991,35.55881015402063
1122,-28.0,-18.0,0,0,,,,,,insufficient,0,,pre_separator,7.0,-117.85241210087713,35.55883898677323
1123,-27.0,-18.0,0,0,,,,,,insufficient,0,,pre_separator,7.0,-117.84138233017251,35.55886680786636
1124,-26.0,-18.0,2,1,1.69,,,,,insufficient,0,,pre_separator,7.0,-117.8303525519736,35.558893617298295
1125,-25.0,-18.0,3,1,1.69,,,,,insufficient,0,,pre_separator,7.0,-117.81932276655792,35.55891941506738
1126,-24.0,-18.0,4,1,1.69,,,,,insufficient,0,,pre_separator,7.0,-117.80829297420304,35.558944201172025
1127,-23.0,-18.0,6,1,1.69,,,,,insufficient,0,,pre_separator,7.0,-117.79726317518654,35.55896797561068
1128,-22.0,-18.0,8,1,1.69,,,,,insufficient,0,,pre_separator,7.0,-117.78623336978596,35.5589907383819
1129,-21.0,-18.0,11,1,1.69,,,,,insufficient,0,,pre_separator,7.0,-117.77520355827883,35.55901248948425
1130,-20.0,-18.0,13,1,1.69,,,,,insufficient,0,,pre_separator,7.0,-117.76417374094275,35.5590332289164
1131,-19.0,-18.0,14,1,1.69,,,,,insufficient,0,,pre_separator,7.0,-117.75314391805524,35.55905295667708
1132,-18.0,-18.0,14,1,1.69,,,,,insufficient,0,,pre_separator,7.0,-117.74211408989392,35.55907167276505
1133,-17.0,-18.0,18,2,1.91,,,,,insufficient,0,,pre_separator,7.0,-117.73108425673627,35.55908937717915
1134,-16.0,-18.0,19,2,1.91,,,,,insufficient,0,,pre_separator,7.0,-117.72005441885993,35.5591060699183
1135,-15.0,-18.0,30,6,1.8316666666666663,,,,,insufficient,0,,pre_separator,7.0,-117.70902457654245,35.55912175098146
1136,-14.0,-18.0,75,23,1.7639130434782608,,,,,insufficient,0,,pre_separator,7.0,-117.69799473006135,35.55913642036766
1137,-13.0,-18.0,116,36,1.8044444444444447,1.4034651120751391,1.4627180186706032,0.287205977345168,0.9891140069086246,2.0921210005391555,exploratory,1.0,pre_separator,7.0,-117.68696487969426,35.559150078075994
1138,-12.0,-18.0,150,42,1.787857142857143,1.4829567674745174,1.5336351647764814,0.26515650934166546,1.0870812614015366,2.1310115160047904,exploratory,1.0,pre_separator,7.0,-117.67593502571869,35.55916272410563
1139,-11.0,-18.0,176,47,1.8259574468085105,1.312236621629884,1.3518411739292533,0.26325181281166904,0.9269168141734502,1.9640184513851826,exploratory,1.0,pre_separator,7.0,-117.66490516841228,35.55917435845577
1140,-10.0,-18.0,239,71,1.9388732394366204,0.9784200607688667,0.9912331255438568,0.15131403135656923,0.7487103051493639,1.3410603786021538,moderately_uncertain,1.0,pre_separator,7.0,-117.65387530805253,35.55918498112569
1141,-9.0,-18.0,304,111,2.038288288288288,0.7993812700648533,0.8130704203846812,0.0877078100091761,0.6590901119915415,0.9840329694311171,robust,1.0,pre_separator,7.0,-117.64284544491704,35.559194592114736
1142,-8.0,-18.0,346,128,2.0110156249999998,0.841630487261412,0.8561736937911828,0.08739529664517756,0.6958666434279396,1.0385067973116016,robust,1.0,pre_separator,7.0,-117.6318155792834,35.55920319142233
1143,-7.0,-18.0,375,144,2.0193749999999997,0.8282135530932101,0.8369978270508696,0.07732652111822198,0.7011433803942451,1.0007310886161904,robust,1.0,pre_separator,7.0,-117.62078571142915,35.55921077904794
1144,-6.0,-18.0,392,151,2.027549668874172,0.815500426131829,0.8220972563776389,0.07012952855244554,0.6939590078074511,0.9603712141156598,robust,1.0,pre_separator,7.0,-117.60975584163191,35.559217354991056
1145,-5.0,-18.0,407,157,2.0266242038216555,0.8169200701948194,0.8219354203857946,0.07214059848613628,0.6935375086722633,0.9680373349080553,robust,1.0,pre_separator,7.0,-117.59872597016918,35.559222919251326
1146,-4.0,-18.0,417,165,2.0320606060606057,0.8086507872711911,0.8125632879167589,0.06817828037608005,0.6944131526778871,0.9518903715149573,robust,1.0,pre_separator,7.0,-117.5876960973186,35.55922747182838
1147,-3.0,-18.0,424,168,2.030119047619048,0.8115847937680343,0.8169297197176879,0.06565595659148978,0.6937703290937108,0.9542946614270325,robust,1.0,pre_separator,7.0,-117.57666622335772,35.55923101272192
1148,-2.0,-18.0,413,163,2.023374233128834,0.8219448539939633,0.8278839317719423,0.07157340926053253,0.6925430327163923,0.9808310910522725,robust,1.0,pre_separator,7.0,-117.5656363485641,35.559233541931754
1149,-1.0,-18.0,372,148,2.0363513513513514,0.8022414293769504,0.8043960768792598,0.07226918891310156,0.673653286311358,0.9498004982806304,robust,1.0,pre_separator,7.0,-117.55460647321536,35.55923505945772
1150,0.0,-18.0,286,117,2.11017094017094,0.705973662836825,0.7185508770367938,0.06975720232415562,0.5940214759624839,0.8658260434060084,robust,1.0,pre_separator,7.0,-117.54357659758901,35.55923556529972
1151,1.0,-18.0,170,76,2.1052631578947367,0.7116511562019652,0.7185404359965598,0.0818604116038354,0.5762287120224711,0.8860892897201726,moderately_uncertain,1.0,pre_separator,7.0,-117.53254672196266,35.55923505945772
1152,2.0,-18.0,57,21,2.0119047619047614,,,,,insufficient,0,,pre_separator,7.0,-117.52151684661392,35.559233541931754
1153,3.0,-18.0,23,5,2.008,,,,,insufficient,0,,pre_separator,7.0,-117.5104869718203,35.55923101272192
1154,4.0,-18.0,21,5,2.008,,,,,insufficient,0,,pre_separator,7.0,-117.49945709785942,35.55922747182838
1155,5.0,-18.0,21,4,2.0,,,,,insufficient,0,,pre_separator,7.0,-117.48842722500883,35.559222919251326
1156,6.0,-18.0,19,4,2.0,,,,,insufficient,0,,pre_separator,7.0,-117.47739735354611,35.559217354991056
1157,7.0,-18.0,18,4,2.0,,,,,insufficient,0,,pre_separator,7.0,-117.46636748374887,35.55921077904794
1158,8.0,-18.0,18,4,2.0,,,,,insufficient,0,,pre_separator,7.0,-117.45533761589462,35.55920319142233
1159,9.0,-18.0,15,2,2.13,,,,,insufficient,0,,pre_separator,7.0,-117.44430775026098,35.559194592114736
1160,10.0,-18.0,10,1,2.4,,,,,insufficient,0,,pre_separator,7.0,-117.43327788712548,35.55918498112569
1161,11.0,-18.0,7,1,2.4,,,,,insufficient,0,,pre_separator,7.0,-117.42224802676574,35.55917435845577
1162,12.0,-18.0,7,1,2.4,,,,,insufficient,0,,pre_separator,7.0,-117.41121816945932,35.55916272410563
1163,13.0,-18.0,7,1,2.4,,,,,insufficient,0,,pre_separator,7.0,-117.40018831548376,35.559150078075994
1164,14.0,-18.0,7,1,2.4,,,,,insufficient,0,,pre_separator,7.0,-117.38915846511667,35.55913642036766
1165,15.0,-18.0,4,0,,,,,,insufficient,0,,pre_separator,7.0,-117.37812861863557,35.55912175098146
1166,16.0,-18.0,3,0,,,,,,insufficient,0,,pre_separator,7.0,-117.36709877631809,35.5591060699183
1167,17.0,-18.0,2,0,,,,,,insufficient,0,,pre_separator,7.0,-117.35606893844174,35.55908937717915
1168,18.0,-18.0,2,0,,,,,,insufficient,0,,pre_separator,7.0,-117.3450391052841,35.55907167276505
1169,19.0,-18.0,2,0,,,,,,insufficient,0,,pre_separator,7.0,-117.33400927712277,35.55905295667708
1170,20.0,-18.0,2,0,,,,,,insufficient,0,,pre_separator,7.0,-117.32297945423527,35.5590332289164
1171,21.0,-18.0,2,0,,,,,,insufficient,0,,pre_separator,7.0,-117.31194963689919,35.55901248948425
1172,22.0,-18.0,0,0,,,,,,insufficient,0,,pre_separator,7.0,-117.30091982539206,35.5589907383819
1173,23.0,-18.0,0,0,,,,,,insufficient,0,,pre_separator,7.0,-117.28989001999147,35.55896797561068
1174,24.0,-18.0,0,0,,,,,,insufficient,0,,pre_separator,7.0,-117.27886022097496,35.558944201172025
1175,25.0,-18.0,0,0,,,,,,insufficient,0,,pre_separator,7.0,-117.2678304286201,35.55891941506738
1176,-30.0,-17.0,0,0,,,,,,insufficient,0,,pre_separator,7.0,-117.87450871823926,35.56779321905961
1177,-29.0,-17.0,0,0,,,,,,insufficient,0,,pre_separator,7.0,-117.86347772674833,35.56782306895045
1178,-28.0,-17.0,0,0,,,,,,insufficient,0,,pre_separator,7.0,-117.85244672720354,35.5678519069978
1179,-27.0,-17.0,0,0,,,,,,insufficient,0,,pre_separator,7.0,-117.84141571988256,35.567879733199916
1180,-26.0,-17.0,1,1,1.69,,,,,insufficient,0,,pre_separator,7.0,-117.83038470506317,35.56790654755507
1181,-25.0,-17.0,2,1,1.69,,,,,insufficient,0,,pre_separator,7.0,-117.81935368302298,35.56793235006159
1182,-24.0,-17.0,4,1,1.69,,,,,insufficient,0,,pre_separator,7.0,-117.80832265403973,35.5679571407179
1183,-23.0,-17.0,4,1,1.69,,,,,insufficient,0,,pre_separator,7.0,-117.79729161839117,35.56798091952244
1184,-22.0,-17.0,7,1,1.69,,,,,insufficient,0,,pre_separator,7.0,-117.78626057635495,35.56800368647377
1185,-21.0,-17.0,12,1,1.69,,,,,insufficient,0,,pre_separator,7.0,-117.77522952820883,35.56802544157045
1186,-20.0,-17.0,13,1,1.69,,,,,insufficient,0,,pre_separator,7.0,-117.76419847423048,35.568046184811166
1187,-19.0,-17.0,14,2,1.91,,,,,insufficient,0,,pre_separator,7.0,-117.75316741469764,35.56806591619462
1188,-18.0,-17.0,19,2,1.91,,,,,insufficient,0,,pre_separator,7.0,-117.74213634988804,35.56808463571957
1189,-17.0,-17.0,23,2,1.91,,,,,insufficient,0,,pre_separator,7.0,-117.73110528007936,35.5681023433849
1190,-16.0,-17.0,25,3,1.7733333333333334,,,,,insufficient,0,,pre_separator,7.0,-117.72007420554937,35.56811903918948
1191,-15.0,-17.0,42,8,1.9625000000000001,,,,,insufficient,0,,pre_separator,7.0,-117.70904312657574,35.56813472313229
1192,-14.0,-17.0,82,25,1.7944,,,,,insufficient,0,,pre_separator,7.0,-117.69801204343621,35.568149395212366
1193,-13.0,-17.0,127,37,1.8105405405405408,1.3763508205927455,1.4362444977904574,0.2626338453466948,1.0070186486477435,2.041856768029794,exploratory,1.0,pre_separator,7.0,-117.68698095640849,35.5681630554288
1194,-12.0,-17.0,159,44,1.7947727272727272,1.4487458077136532,1.4718940997893377,0.22666693621490883,1.0990572971276409,2.0253809117203567,exploratory,1.0,pre_separator,7.0,-117.6759498657703,35.568175703780724
1195,-11.0,-17.0,216,60,1.9121666666666666,1.0410574875827054,1.0673117441177824,0.16059338419767122,0.8064406026238384,1.4011070612589769,moderately_uncertain,1.0,pre_separator,7.0,-117.66491877179942,35.56818734026738
1196,-10.0,-17.0,297,108,2.0305555555555554,0.8109233064583542,0.8198308634070091,0.09021658634472837,0.6735640970164829,1.015267244031715,robust,1.0,pre_separator,7.0,-117.65388767477351,35.56819796488804
1197,-9.0,-17.0,357,129,2.01,0.8432902561228194,0.8511586079640188,0.08280473454017438,0.702044061343959,1.0332137126478866,robust,1.0,pre_separator,7.0,-117.64285657497035,35.568207577642056
1198,-8.0,-17.0,397,150,2.0285333333333333,0.8139969047293237,0.8134334506083694,0.07210501586667842,0.6886026683179313,0.955694156865741,robust,1.0,pre_separator,7.0,-117.6318254726676,35.56821617852881
1199,-7.0,-17.0,417,160,2.04,0.7968706089967923,0.7991370558986743,0.06788763701760607,0.6803499280642172,0.944488358277424,robust,1.0,pre_separator,7.0,-117.62079436814302,35.5682237675478
1200,-6.0,-17.0,438,169,2.0379881656804733,0.7998231073028886,0.8040193671034688,0.06902777672715374,0.6901411060643075,0.9587708725388575,robust,1.0,pre_separator,7.0,-117.60976326167435,35.56823034469854
1201,-5.0,-17.0,458,182,2.021703296703296,0.8245524275651148,0.8303053220264202,0.06857197770818473,0.7108779582644064,0.975725492613347,robust,1.0,pre_separator,7.0,-117.59873215353933,35.568235909980615
1202,-4.0,-17.0,468,186,2.0281182795698927,0.8146306336628157,0.813422702659288,0.06453049055310371,0.6915094914719934,0.9494791259799632,robust,1.0,pre_separator,7.0,-117.58770104401563,35.56824046339369
1203,-3.0,-17.0,475,190,2.0264210526315787,0.817232361707615,0.8242259929305915,0.06224532730974056,0.7149336051056759,0.9428336469747616,robust,1.0,pre_separator,7.0,-117.57666993338103,35.5682440049375
1204,-2.0,-17.0,468,189,2.023015873015873,0.8225027013348826,0.8258259427735454,0.061648534700202595,0.7183981586587282,0.9615834981797847,robust,1.0,pre_separator,7.0,-117.56563882191324,35.568246534611795
1205,-1.0,-17.0,439,181,2.020441988950276,0.8265317409651295,0.8295758780778794,0.0664403382907338,0.7075343318996283,0.9691103391283734,robust,1.0,pre_separator,7.0,-117.55460770988999,35.568248052416436
1206,0.0,-17.0,372,149,2.061677852348993,0.766386898840345,0.7689929948885933,0.06237417827140827,0.6517330188796203,0.8953411011749638,robust,1.0,pre_separator,7.0,-117.54357659758901,35.56824855835132
1207,1.0,-17.0,289,124,2.0958870967741934,0.7227555463159743,0.726372019322183,0.06765592000254682,0.604879695186935,0.8652090452498644,robust,1.0,pre_separator,7.0,-117.53254548528803,35.568248052416436
1208,2.0,-17.0,123,61,2.1021311475409834,0.7153223544241493,0.7296865183743285,0.10888381745180328,0.5476912705323208,0.9619575777444959,moderately_uncertain,1.0,pre_separator,7.0,-117.52151437326478,35.568246534611795
1209,3.0,-17.0,36,14,1.9757142857142858,,,,,insufficient,0,,pre_separator,7.0,-117.51048326179699,35.5682440049375
1210,4.0,-17.0,22,5,2.008,,,,,insufficient,0,,pre_separator,7.0,-117.49945215116239,35.56824046339369
1211,5.0,-17.0,23,6,2.02,,,,,insufficient,0,,pre_separator,7.0,-117.48842104163869,35.568235909980615
1212,6.0,-17.0,21,4,2.0,,,,,insufficient,0,,pre_separator,7.0,-117.47738993350366,35.56823034469854
1213,7.0,-17.0,17,4,2.0,,,,,insufficient,0,,pre_separator,7.0,-117.466358827035,35.5682237675478
1214,8.0,-17.0,17,4,2.0,,,,,insufficient,0,,pre_separator,7.0,-117.45532772251042,35.56821617852881
1215,9.0,-17.0,15,2,2.13,,,,,insufficient,0,,pre_separator,7.0,-117.44429662020767,35.568207577642056
1216,10.0,-17.0,15,2,2.13,,,,,insufficient,0,,pre_separator,7.0,-117.4332655204045,35.56819796488804
1217,11.0,-17.0,9,1,2.4,,,,,insufficient,0,,pre_separator,7.0,-117.4222344233786,35.56818734026738
1218,12.0,-17.0,7,1,2.4,,,,,insufficient,0,,pre_separator,7.0,-117.41120332940771,35.568175703780724
1219,13.0,-17.0,7,1,2.4,,,,,insufficient,0,,pre_separator,7.0,-117.40017223876953,35.5681630554288
1220,14.0,-17.0,6,1,2.4,,,,,insufficient,0,,pre_separator,7.0,-117.38914115174181,35.568149395212366
1221,15.0,-17.0,5,1,2.4,,,,,insufficient,0,,pre_separator,7.0,-117.37811006860228,35.56813472313229
1222,16.0,-17.0,3,0,,,,,,insufficient,0,,pre_separator,7.0,-117.36707898962865,35.56811903918948
1223,17.0,-17.0,2,0,,,,,,insufficient,0,,pre_separator,7.0,-117.35604791509866,35.5681023433849
1224,18.0,-17.0,2,0,,,,,,insufficient,0,,pre_separator,7.0,-117.34501684528998,35.56808463571957
1225,19.0,-17.0,2,0,,,,,,insufficient,0,,pre_separator,7.0,-117.33398578048038,35.56806591619462
1226,20.0,-17.0,2,0,,,,,,insufficient,0,,pre_separator,7.0,-117.32295472094754,35.568046184811166
1227,21.0,-17.0,1,0,,,,,,insufficient,0,,pre_separator,7.0,-117.3119236669692,35.56802544157045
1228,22.0,-17.0,0,0,,,,,,insufficient,0,,pre_separator,7.0,-117.30089261882307,35.56800368647377
1229,23.0,-17.0,0,0,,,,,,insufficient,0,,pre_separator,7.0,-117.28986157678683,35.56798091952244
1230,24.0,-17.0,0,0,,,,,,insufficient,0,,pre_separator,7.0,-117.27883054113829,35.5679571407179
1231,25.0,-17.0,0,0,,,,,,insufficient,0,,pre_separator,7.0,-117.26779951215504,35.56793235006159
1232,-30.0,-16.0,0,0,,,,,,insufficient,0,,pre_separator,7.0,-117.87454583153101,35.57680611498003
1233,-29.0,-16.0,0,0,,,,,,insufficient,0,,pre_separator,7.0,-117.86351360297438,35.57683597035307
1234,-28.0,-16.0,0,0,,,,,,insufficient,0,,pre_separator,7.0,-117.8524813663594,35.57686481369685
1235,-27.0,-16.0,0,0,,,,,,insufficient,0,,pre_separator,7.0,-117.84144912196395,35.576892645009536
1236,-26.0,-16.0,1,1,1.69,,,,,insufficient,0,,pre_separator,7.0,-117.83041687006583,35.57691946428944
1237,-25.0,-16.0,2,1,1.69,,,,,insufficient,0,,pre_separator,7.0,-117.81938461094296,35.576945271534875
1238,-24.0,-16.0,3,1,1.69,,,,,insufficient,0,,pre_separator,7.0,-117.80835234487319,35.57697006674426
1239,-23.0,-16.0,3,1,1.69,,,,,insufficient,0,,pre_separator,7.0,-117.79732007213435,35.57699384991606
1240,-22.0,-16.0,6,1,1.69,,,,,insufficient,0,,pre_separator,7.0,-117.78628779300435,35.57701662104879
1241,-21.0,-16.0,10,1,1.69,,,,,insufficient,0,,pre_separator,7.0,-117.77525550776102,35.577038380141055
1242,-20.0,-16.0,14,2,1.91,,,,,insufficient,0,,pre_separator,7.0,-117.76422321668224,35.57705912719151
1243,-19.0,-16.0,19,2,1.91,,,,,insufficient,0,,pre_separator,7.0,-117.7531909200459,35.577078862198846
1244,-18.0,-16.0,20,2,1.91,,,,,insufficient,0,,pre_separator,7.0,-117.74215861812982,35.57709758516187
1245,-17.0,-16.0,25,3,1.7733333333333334,,,,,insufficient,0,,pre_separator,7.0,-117.73112631121191,35.57711529607942
1246,-16.0,-16.0,25,3,1.7733333333333334,,,,,insufficient,0,,pre_separator,7.0,-117.72009399957007,35.577131994950385
1247,-15.0,-16.0,40,8,1.9625000000000001,,,,,insufficient,0,,pre_separator,7.0,-117.70906168348208,35.57714768177376
1248,-14.0,-16.0,91,28,1.8050000000000002,,,,,insufficient,0,,pre_separator,7.0,-117.69802936322591,35.577162356548534
1249,-13.0,-16.0,126,38,1.8073684210526317,1.3903277432454557,1.430776457149495,0.24683017805753638,1.0285093996720711,1.9968173673760634,exploratory,1.0,pre_separator,7.0,-117.68699703907939,35.57717601927383
1250,-12.0,-16.0,165,45,1.7895555555555556,1.4744060117424618,1.5218140138102718,0.2648775944281659,1.1159551769159302,2.1022619759664463,exploratory,1.0,pre_separator,7.0,-117.67596471132042,35.57718866994879
1251,-11.0,-16.0,247,74,1.9294594594594594,0.9996202693885113,1.0206182820021719,0.13926656620138325,0.7715223395351826,1.309888749312901,moderately_uncertain,1.0,pre_separator,7.0,-117.66493238022686,35.57720030857263
1252,-10.0,-16.0,338,119,2.0157983193277307,0.8339014658569909,0.844059976912368,0.09178601911891845,0.6838279957444127,1.025229455129531,robust,1.0,pre_separator,7.0,-117.65390004607659,35.57721093514464
1253,-9.0,-16.0,410,154,2.027207792207792,0.8160242827367107,0.8231565204295118,0.07290795769237823,0.6935545618497009,0.9774175646519856,robust,1.0,pre_separator,7.0,-117.64286770914751,35.57722054966415
1254,-8.0,-16.0,439,170,2.0443529411764705,0.7905563970826943,0.7976566836765839,0.06790825362441728,0.6757783156575596,0.9404221071163658,robust,1.0,pre_separator,7.0,-117.63183536971746,35.57722915213058
1255,-7.0,-16.0,465,183,2.045846994535519,0.7884121838033343,0.7892600353306858,0.06436335820529612,0.6804946286519332,0.9225318756622736,robust,1.0,pre_separator,7.0,-117.62080302806436,35.577236742543384
1256,-6.0,-16.0,493,199,2.0463316582914572,0.7877191076766815,0.7940183328168414,0.06078323390132378,0.6839918005718271,0.9275342204004287,robust,1.0,pre_separator,7.0,-117.60977068446607,35.5772433209021
1257,-5.0,-16.0,516,209,2.041387559808612,0.7948469435420086,0.8010973109133873,0.06280424426329131,0.6916077274522903,0.9424377622863984,robust,1.0,pre_separator,7.0,-117.5987383392005,35.577248887206316
1258,-4.0,-16.0,525,214,2.042476635514019,0.7932657829233173,0.7981975039800503,0.058591815118060206,0.6977559461927321,0.9187943069155342,robust,1.0,pre_separator,7.0,-117.5877059925455,35.5772534414557
1259,-3.0,-16.0,537,220,2.0393636363636363,0.7978021544648916,0.7986768995364993,0.052180908466687104,0.7021213053738928,0.901584940946593,robust,1.0,pre_separator,7.0,-117.57667364477898,35.577256983649946
1260,-2.0,-16.0,544,223,2.0487443946188337,0.7842869131022004,0.7856825692242496,0.05498522213697911,0.6832108251732489,0.8916892740618186,robust,1.0,pre_separator,7.0,-117.56564129617878,35.577259513788846
1261,-1.0,-16.0,517,216,2.042314814814815,0.7935003222052307,0.8007859680920021,0.05846017391566626,0.6973973144190653,0.925151586601213,robust,1.0,pre_separator,7.0,-117.55460894702284,35.577261031872254
1262,0.0,-16.0,459,193,2.06300518134715,0.7645959863838323,0.7699984580317927,0.05588137910843774,0.6709779407107423,0.8946425328859803,robust,1.0,pre_separator,7.0,-117.54357659758901,35.577261537900064
1263,1.0,-16.0,385,166,2.0852409638554215,0.7357918350269426,0.7433255260397903,0.05981112228655683,0.6381372468929788,0.8673454704628111,robust,1.0,pre_separator,7.0,-117.53254424815518,35.577261031872254
1264,2.0,-16.0,243,115,2.126521739130435,0.687695220913927,0.6951032985599476,0.06657304481226667,0.5760041593477233,0.8360597055587154,robust,1.0,pre_separator,7.0,-117.52151189899924,35.577259513788846
1265,3.0,-16.0,71,37,2.0494594594594595,0.7832754487165643,0.8072602812589387,0.12631306200112635,0.5934328438982744,1.0912662703171694,exploratory,1.0,pre_separator,7.0,-117.51047955039904,35.577256983649946
1266,4.0,-16.0,28,8,1.90875,,,,,insufficient,0,,pre_separator,7.0,-117.49944720263252,35.5772534414557
1267,5.0,-16.0,23,6,2.02,,,,,insufficient,0,,pre_separator,7.0,-117.48841485597752,35.577248887206316
1268,6.0,-16.0,23,6,2.02,,,,,insufficient,0,,pre_separator,7.0,-117.47738251071195,35.5772433209021
1269,7.0,-16.0,19,5,2.016,,,,,insufficient,0,,pre_separator,7.0,-117.46635016711366,35.577236742543384
1270,8.0,-16.0,18,5,2.016,,,,,insufficient,0,,pre_separator,7.0,-117.45531782546055,35.57722915213058
1271,9.0,-16.0,16,3,2.0066666666666664,,,,,insufficient,0,,pre_separator,7.0,-117.44428548603051,35.57722054966415
1272,10.0,-16.0,15,2,2.13,,,,,insufficient,0,,pre_separator,7.0,-117.43325314910143,35.57721093514464
1273,11.0,-16.0,12,1,2.4,,,,,insufficient,0,,pre_separator,7.0,-117.42222081495116,35.57720030857263
1274,12.0,-16.0,8,1,2.4,,,,,insufficient,0,,pre_separator,7.0,-117.4111884838576,35.57718866994879
1275,13.0,-16.0,6,1,2.4,,,,,insufficient,0,,pre_separator,7.0,-117.40015615609863,35.57717601927383
1276,14.0,-16.0,5,1,2.4,,,,,insufficient,0,,pre_separator,7.0,-117.3891238319521,35.577162356548534
1277,15.0,-16.0,5,1,2.4,,,,,insufficient,0,,pre_separator,7.0,-117.37809151169594,35.57714768177376
1278,16.0,-16.0,2,0,,,,,,insufficient,0,,pre_separator,7.0,-117.36705919560795,35.577131994950385
1279,17.0,-16.0,2,0,,,,,,insufficient,0,,pre_separator,7.0,-117.35602688396611,35.57711529607942
1280,18.0,-16.0,2,0,,,,,,insufficient,0,,pre_separator,7.0,-117.3449945770482,35.57709758516187
1281,19.0,-16.0,2,0,,,,,,insufficient,0,,pre_separator,7.0,-117.33396227513212,35.577078862198846
1282,20.0,-16.0,2,0,,,,,,insufficient,0,,pre_separator,7.0,-117.32292997849578,35.57705912719151
1283,21.0,-16.0,1,0,,,,,,insufficient,0,,pre_separator,7.0,-117.311897687417,35.577038380141055
1284,22.0,-16.0,1,0,,,,,,insufficient,0,,pre_separator,7.0,-117.30086540217367,35.57701662104879
1285,23.0,-16.0,0,0,,,,,,insufficient,0,,pre_separator,7.0,-117.28983312304366,35.57699384991606
1286,24.0,-16.0,0,0,,,,,,insufficient,0,,pre_separator,7.0,-117.27880085030483,35.57697006674426
1287,25.0,-16.0,0,0,,,,,,insufficient,0,,pre_separator,7.0,-117.26776858423506,35.576945271534875
1288,-30.0,-15.0,0,0,,,,,,insufficient,0,,pre_separator,7.0,-117.874582958575,35.58581899737011
1289,-29.0,-15.0,0,0,,,,,,insufficient,0,,pre_separator,7.0,-117.8635494924943,35.5858488582271
1290,-28.0,-15.0,0,0,,,,,,insufficient,0,,pre_separator,7.0,-117.85251601835076,35.585877706868935
1291,-27.0,-15.0,0,0,,,,,,insufficient,0,,pre_separator,7.0,-117.8414825364224,35.58590554329379
1292,-26.0,-15.0,0,0,,,,,,insufficient,0,,pre_separator,7.0,-117.83044904698724,35.58593236749997
1293,-25.0,-15.0,1,1,1.69,,,,,insufficient,0,,pre_separator,7.0,-117.81941555032328,35.5859581794858
1294,-24.0,-15.0,2,1,1.69,,,,,insufficient,0,,pre_separator,7.0,-117.80838204670857,35.585982979249664
1295,-23.0,-15.0,3,1,1.69,,,,,insufficient,0,,pre_separator,7.0,-117.7973485364211,35.58600676679007
1296,-22.0,-15.0,4,1,1.69,,,,,insufficient,0,,pre_separator,7.0,-117.7863150197389,35.58602954210552
1297,-21.0,-15.0,11,2,1.91,,,,,insufficient,0,,pre_separator,7.0,-117.77528149693998,35.5860513051946
1298,-20.0,-15.0,17,2,1.91,,,,,insufficient,0,,pre_separator,7.0,-117.76424796830234,35.58607205605598
1299,-19.0,-15.0,18,2,1.91,,,,,insufficient,0,,pre_separator,7.0,-117.75321443410405,35.58609179468835
1300,-18.0,-15.0,21,2,1.91,,,,,insufficient,0,,pre_separator,7.0,-117.74218089462313,35.58611052109052
1301,-17.0,-15.0,24,3,1.7733333333333334,,,,,insufficient,0,,pre_separator,7.0,-117.73114735013758,35.5861282352613
1302,-16.0,-15.0,24,3,1.7733333333333334,,,,,insufficient,0,,pre_separator,7.0,-117.72011380092545,35.5861449371996
1303,-15.0,-15.0,28,3,1.7733333333333334,,,,,insufficient,0,,pre_separator,7.0,-117.70908024726475,35.58616062690441
1304,-14.0,-15.0,88,27,1.8092592592592591,,,,,insufficient,0,,pre_separator,7.0,-117.69804668943351,35.58617530437474
1305,-13.0,-15.0,124,37,1.7862162162162163,1.4913128380900522,1.546589574524347,0.2802353613271154,1.0963372615895952,2.1777509426823594,exploratory,1.0,pre_separator,7.0,-117.68701312770978,35.58618896960967
1306,-12.0,-15.0,173,49,1.846326530612245,1.2361562366110563,1.2805529492990784,0.22529881219874112,0.9193715190129426,1.7886350918047942,exploratory,1.0,pre_separator,7.0,-117.67597956237157,35.586201622608385
1307,-11.0,-15.0,275,89,1.9438202247191012,0.9676357213515936,0.9837964407144917,0.12768395873342936,0.7826631393883416,1.2781921128132796,moderately_uncertain,1.0,pre_separator,7.0,-117.66494599369693,35.586213263370084
1308,-10.0,-15.0,391,141,2.0279432624113474,0.8148981562094421,0.8205814995900417,0.0781934802654648,0.6833603978436702,0.9901611851819402,robust,1.0,pre_separator,7.0,-117.65391242196387,35.58622389189405
1309,-9.0,-15.0,436,169,2.052366863905325,0.7791896325882435,0.7837236395503151,0.06772812054991555,0.6667766037482044,0.9262611377525579,robust,1.0,pre_separator,7.0,-117.64287884745046,35.58623350817962
1310,-8.0,-15.0,465,181,2.0598895027624313,0.7688131568730845,0.7728649567685831,0.062461445866291945,0.6616438927975401,0.8969622695196434,robust,1.0,pre_separator,7.0,-117.63184527043471,35.5862421122262
1311,-7.0,-15.0,509,202,2.0409405940594056,0.795497690827502,0.7946636479673416,0.0618129291395262,0.6899908357780752,0.9328992166145809,robust,1.0,pre_separator,7.0,-117.62081169119465,35.58624970403326
1312,-6.0,-15.0,526,212,2.0427830188679246,0.7928220973347918,0.7929561749094072,0.054763011368696636,0.6923424126355284,0.9068008861759715,robust,1.0,pre_separator,7.0,-117.60977811000834,35.58625628360032
1313,-5.0,-15.0,550,221,2.037647058823529,0.8003258745100582,0.7984556887899545,0.05610082993485179,0.6972145774111098,0.9111324509634364,robust,1.0,pre_separator,7.0,-117.5987445271538,35.586261850926995
1314,-4.0,-15.0,576,235,2.056085106382979,0.7740260380513758,0.7792321626935553,0.05526357516036551,0.6755085100920951,0.8907091092896524,robust,1.0,pre_separator,7.0,-117.58771094290907,35.586266406012925
1315,-3.0,-15.0,598,252,2.0594444444444444,0.7694193577026115,0.7744522049863977,0.05064789689067584,0.6850124614720335,0.8784028885025116,robust,1.0,pre_separator,7.0,-117.57667735755219,35.58626994885783
1316,-2.0,-15.0,616,259,2.0653281853281857,0.7614817101373735,0.7635239082260418,0.05083448354003116,0.6691447284925327,0.8677922412092186,robust,1.0,pre_separator,7.0,-117.56564377136118,35.586272479461485
1317,-1.0,-15.0,589,248,2.0715322580645164,0.7532873934256987,0.7561973567248549,0.051195901148054855,0.6584161945449396,0.8642990011951102,robust,1.0,pre_separator,7.0,-117.55461018461412,35.586273997823746
1318,0.0,-15.0,544,231,2.0814718614718615,0.7405205781114683,0.7422862008636802,0.049895469976753794,0.6559618836799805,0.8539552895601895,robust,1.0,pre_separator,7.0,-117.54357659758901,35.5862745039445
1319,1.0,-15.0,483,217,2.087511520737327,0.7329722152285099,0.7358914844204537,0.051785807649911114,0.6322558879388289,0.8377226888005822,robust,1.0,pre_separator,7.0,-117.53254301056388,35.586273997823746
1320,2.0,-15.0,377,177,2.0842937853107344,0.7369744815385224,0.7416747633251964,0.05645328653127278,0.6439783995457179,0.8593047125300751,robust,1.0,pre_separator,7.0,-117.52150942381682,35.586272479461485
1321,3.0,-15.0,206,101,2.0670297029702973,0.7592166624358011,0.7637711125912826,0.07331070273471704,0.6306724903387432,0.9068424612439615,robust,1.0,pre_separator,7.0,-117.51047583762583,35.58626994885783
1322,4.0,-15.0,53,24,2.1654166666666668,,,,,insufficient,0,,pre_separator,7.0,-117.49944225226895,35.586266406012925
1323,5.0,-15.0,28,8,1.92625,,,,,insufficient,0,,pre_separator,7.0,-117.48840866802422,35.586261850926995
1324,6.0,-15.0,25,8,1.92625,,,,,insufficient,0,,pre_separator,7.0,-117.47737508516968,35.58625628360032
1325,7.0,-15.0,20,6,1.95,,,,,insufficient,0,,pre_separator,7.0,-117.46634150398337,35.58624970403326
1326,8.0,-15.0,19,6,1.95,,,,,insufficient,0,,pre_separator,7.0,-117.45530792474331,35.5862421122262
1327,9.0,-15.0,20,5,1.9439999999999997,,,,,insufficient,0,,pre_separator,7.0,-117.44427434772756,35.58623350817962
1328,10.0,-15.0,17,3,2.1133333333333333,,,,,insufficient,0,,pre_separator,7.0,-117.43324077321415,35.58622389189405
1329,11.0,-15.0,13,1,2.4,,,,,insufficient,0,,pre_separator,7.0,-117.42220720148109,35.586213263370084
1330,12.0,-15.0,9,1,2.4,,,,,insufficient,0,,pre_separator,7.0,-117.41117363280645,35.586201622608385
1331,13.0,-15.0,6,1,2.4,,,,,insufficient,0,,pre_separator,7.0,-117.40014006746823,35.58618896960967
1332,14.0,-15.0,5,1,2.4,,,,,insufficient,0,,pre_separator,7.0,-117.38910650574451,35.58617530437474
1333,15.0,-15.0,4,1,2.4,,,,,insufficient,0,,pre_separator,7.0,-117.37807294791327,35.58616062690441
1334,16.0,-15.0,3,0,,,,,,insufficient,0,,pre_separator,7.0,-117.36703939425257,35.5861449371996
1335,17.0,-15.0,3,0,,,,,,insufficient,0,,pre_separator,7.0,-117.35600584504044,35.5861282352613
1336,18.0,-15.0,3,0,,,,,,insufficient,0,,pre_separator,7.0,-117.34497230055489,35.58611052109052
1337,19.0,-15.0,2,0,,,,,,insufficient,0,,pre_separator,7.0,-117.33393876107397,35.58609179468835
1338,20.0,-15.0,2,0,,,,,,insufficient,0,,pre_separator,7.0,-117.32290522687568,35.58607205605598
1339,21.0,-15.0,1,0,,,,,,insufficient,0,,pre_separator,7.0,-117.31187169823804,35.5860513051946
1340,22.0,-15.0,1,0,,,,,,insufficient,0,,pre_separator,7.0,-117.30083817543913,35.58602954210552
1341,23.0,-15.0,0,0,,,,,,insufficient,0,,pre_separator,7.0,-117.2898046587569,35.58600676679007
1342,24.0,-15.0,0,0,,,,,,insufficient,0,,pre_separator,7.0,-117.27877114846945,35.585982979249664
1343,25.0,-15.0,0,0,,,,,,insufficient,0,,pre_separator,7.0,-117.26773764485473,35.5859581794858
1344,-30.0,-14.0,0,0,,,,,,insufficient,0,,pre_separator,7.0,-117.8746200993777,35.59483186622844
1345,-29.0,-14.0,0,0,,,,,,insufficient,0,,pre_separator,7.0,-117.8635853953143,35.5948617325711
1346,-28.0,-14.0,0,0,,,,,,insufficient,0,,pre_separator,7.0,-117.85255068318358,35.594890586512626
1347,-27.0,-14.0,0,0,,,,,,insufficient,0,,pre_separator,7.0,-117.84151596326375,35.59491842805125
1348,-26.0,-14.0,0,0,,,,,,insufficient,0,,pre_separator,7.0,-117.83048123583293,35.594945257185245
1349,-25.0,-14.0,1,1,1.69,,,,,insufficient,0,,pre_separator,7.0,-117.81944650116928,35.59497107391292
1350,-24.0,-14.0,2,1,1.69,,,,,insufficient,0,,pre_separator,7.0,-117.80841175955103,35.594995878232716
1351,-23.0,-14.0,2,1,1.69,,,,,insufficient,0,,pre_separator,7.0,-117.7973770112563,35.59501967014309
1352,-22.0,-14.0,4,1,1.69,,,,,insufficient,0,,pre_separator,7.0,-117.78634225656327,35.595042449642534
1353,-21.0,-14.0,13,2,1.91,,,,,insufficient,0,,pre_separator,7.0,-117.77530749575016,35.59506421672968
1354,-20.0,-14.0,16,2,1.91,,,,,insufficient,0,,pre_separator,7.0,-117.76427272909507,35.59508497140316
1355,-19.0,-14.0,18,2,1.91,,,,,insufficient,0,,pre_separator,7.0,-117.75323795687625,35.5951047136617
1356,-18.0,-14.0,22,3,1.7733333333333334,,,,,insufficient,0,,pre_separator,7.0,-117.74220317937183,35.59512344350406
1357,-17.0,-14.0,23,3,1.7733333333333334,,,,,insufficient,0,,pre_separator,7.0,-117.73116839686001,35.595141160929096
1358,-16.0,-14.0,24,3,1.7733333333333334,,,,,insufficient,0,,pre_separator,7.0,-117.72013360961897,35.5951578659357
1359,-15.0,-14.0,27,3,1.7733333333333334,,,,,insufficient,0,,pre_separator,7.0,-117.70909881792691,35.595173558522845
1360,-14.0,-14.0,69,19,1.8400000000000005,,,,,insufficient,0,,pre_separator,7.0,-117.698064022062,35.595188238689566
1361,-13.0,-14.0,117,34,1.785294117647059,1.4960498870020826,1.5494174170079758,0.30079889108104213,1.0736462815904984,2.1880867356583913,exploratory,1.0,pre_separator,7.0,-117.68702922230239,35.59520190643493
1362,-12.0,-14.0,167,47,1.8582978723404255,1.1954225856194924,1.2328063315277304,0.2286011167711977,0.8583526897150205,1.780521860520301,exploratory,1.0,pre_separator,7.0,-117.67599441892632,35.59521456175813
1363,-11.0,-14.0,304,104,1.9824038461538462,0.8910362224884234,0.8985710324288477,0.10527822834701424,0.7210632390650191,1.1222090691153948,robust,1.0,pre_separator,7.0,-117.66495961221199,35.595226204658324
1364,-10.0,-14.0,419,154,2.0498051948051947,0.7827873386364792,0.7886833719982612,0.07153103388624359,0.6450420900585339,0.9313553614442499,robust,1.0,pre_separator,7.0,-117.65392480243752,35.595236835134855
1365,-9.0,-14.0,460,178,2.0533146067415733,0.7778669528957415,0.7846036238756016,0.05918927916697788,0.6775934512207042,0.9141042762050883,robust,1.0,pre_separator,7.0,-117.64288998988114,35.59524645318702
1366,-8.0,-14.0,503,195,2.039794871794872,0.7971706497023964,0.799479867549783,0.06349392916493836,0.6924703004087606,0.9366083693011478,robust,1.0,pre_separator,7.0,-117.63185517482104,35.59525505881425
1367,-7.0,-14.0,529,211,2.0430331753554505,0.7924602039312154,0.792083859175534,0.05709072198752217,0.692629559945412,0.9091799828156123,robust,1.0,pre_separator,7.0,-117.62082035753538,35.595262652016
1368,-6.0,-14.0,555,223,2.030986547085202,0.8102712358454308,0.8150447944314893,0.05734524501958892,0.7156394789509187,0.9361332894922925,robust,1.0,pre_separator,7.0,-117.60978553830242,35.59526923279179
1369,-5.0,-14.0,588,240,2.053833333333333,0.7771449124424433,0.7798777757834179,0.05272213559436677,0.685566184538906,0.8869235999641685,robust,1.0,pre_separator,7.0,-117.59875071740028,35.59527480114124
1370,-4.0,-14.0,621,256,2.055625,0.7746612832165026,0.7780652970443712,0.05012662477254821,0.6825460708281936,0.8816431382765416,robust,1.0,pre_separator,7.0,-117.58771589510718,35.59527935706397
1371,-3.0,-14.0,642,266,2.0580451127819552,0.7713315896792743,0.7746652836718438,0.05013371516353061,0.6808949661507824,0.8819307335913597,robust,1.0,pre_separator,7.0,-117.5766810717013,35.59528290055973
1372,-2.0,-14.0,662,277,2.0630324909747295,0.7645592264590594,0.765295325115013,0.051375008373991005,0.6759096150462836,0.8765374558266337,robust,1.0,pre_separator,7.0,-117.56564624746086,35.595285431628284
1373,-1.0,-14.0,635,268,2.0836194029850743,0.7378188345487895,0.7390790911800871,0.04290085784406736,0.6619668037306485,0.8253255909075783,robust,1.0,pre_separator,7.0,-117.55461142266404,35.595286950269475
1374,0.0,-14.0,609,263,2.1098098859315595,0.7063882540620002,0.7070655218334525,0.04279251420763785,0.6299121478809707,0.7911989776252787,robust,1.0,pre_separator,7.0,-117.54357659758901,35.59528745648322
1375,1.0,-14.0,578,258,2.128527131782946,0.6855183623801708,0.686357195287163,0.04001312962183394,0.6130060449846925,0.7682705889253455,robust,1.0,pre_separator,7.0,-117.53254177251398,35.595286950269475
1376,2.0,-14.0,522,250,2.1331599999999997,0.6805416853191237,0.6828700049997624,0.042588519023977076,0.6113362339586558,0.7718141288790985,robust,1.0,pre_separator,7.0,-117.52150694771714,35.595285431628284
1377,3.0,-14.0,357,178,2.121404494382022,0.6933131639352366,0.6942262508608724,0.05133804947174521,0.6085225340420231,0.8118187226787577,robust,1.0,pre_separator,7.0,-117.51047212347672,35.59528290055973
1378,4.0,-14.0,208,102,2.147843137254902,0.6652355782269361,0.6667546748533965,0.06265833403720095,0.560352194827738,0.7956427306721007,robust,1.0,pre_separator,7.0,-117.49943730007084,35.59527935706397
1379,5.0,-14.0,83,35,2.125142857142857,0.6892000392933039,0.7078032363638395,0.12352819011768641,0.5261427375784087,0.9955552551149689,exploratory,1.0,pre_separator,7.0,-117.48840247777774,35.59527480114124
1380,6.0,-14.0,33,10,1.8970000000000002,,,,,insufficient,0,,pre_separator,7.0,-117.4773676568756,35.59526923279179
1381,7.0,-14.0,30,9,1.8933333333333333,,,,,insufficient,0,,pre_separator,7.0,-117.46633283764263,35.595262652016
1382,8.0,-14.0,26,8,1.875,,,,,insufficient,0,,pre_separator,7.0,-117.45529802035698,35.59525505881425
1383,9.0,-14.0,20,5,1.9439999999999997,,,,,insufficient,0,,pre_separator,7.0,-117.44426320529688,35.59524645318702
1384,10.0,-14.0,16,4,1.99,,,,,insufficient,0,,pre_separator,7.0,-117.4332283927405,35.595236835134855
1385,11.0,-14.0,17,4,1.99,,,,,insufficient,0,,pre_separator,7.0,-117.42219358296602,35.595226204658324
1386,12.0,-14.0,11,1,2.4,,,,,insufficient,0,,pre_separator,7.0,-117.4111587762517,35.59521456175813
1387,13.0,-14.0,9,1,2.4,,,,,insufficient,0,,pre_separator,7.0,-117.40012397287562,35.59520190643493
1388,14.0,-14.0,5,1,2.4,,,,,insufficient,0,,pre_separator,7.0,-117.38908917311602,35.595188238689566
1389,15.0,-14.0,4,1,2.4,,,,,insufficient,0,,pre_separator,7.0,-117.3780543772511,35.595173558522845
1390,16.0,-14.0,3,0,,,,,,insufficient,0,,pre_separator,7.0,-117.36701958555905,35.5951578659357
1391,17.0,-14.0,3,0,,,,,,insufficient,0,,pre_separator,7.0,-117.355984798318,35.595141160929096
1392,18.0,-14.0,3,0,,,,,,insufficient,0,,pre_separator,7.0,-117.34495001580619,35.59512344350406
1393,19.0,-14.0,3,0,,,,,,insufficient,0,,pre_separator,7.0,-117.33391523830177,35.5951047136617
1394,20.0,-14.0,1,0,,,,,,insufficient,0,,pre_separator,7.0,-117.32288046608295,35.59508497140316
1395,21.0,-14.0,1,0,,,,,,insufficient,0,,pre_separator,7.0,-117.31184569942786,35.59506421672968
1396,22.0,-14.0,1,0,,,,,,insufficient,0,,pre_separator,7.0,-117.30081093861475,35.595042449642534
1397,23.0,-14.0,0,0,,,,,,insufficient,0,,pre_separator,7.0,-117.28977618392172,35.59501967014309
1398,24.0,-14.0,0,0,,,,,,insufficient,0,,pre_separator,7.0,-117.27874143562698,35.594995878232716
1399,25.0,-14.0,0,0,,,,,,insufficient,0,,pre_separator,7.0,-117.26770669400874,35.59497107391292
1400,-30.0,-13.0,0,0,,,,,,insufficient,0,,pre_separator,7.0,-117.87465725394553,35.603844721553585
1401,-29.0,-13.0,0,0,,,,,,insufficient,0,,pre_separator,7.0,-117.86362131144061,35.60387459338361
1402,-28.0,-13.0,0,0,,,,,,insufficient,0,,pre_separator,7.0,-117.85258536086394,35.6039034526265
1403,-27.0,-13.0,0,0,,,,,,insufficient,0,,pre_separator,7.0,-117.8415494024938,35.60393129928047
1404,-26.0,-13.0,0,0,,,,,,insufficient,0,,pre_separator,7.0,-117.8305134366085,35.6039581333438
1405,-25.0,-13.0,0,0,,,,,,insufficient,0,,pre_separator,7.0,-117.81947746348635,35.60398395481483
1406,-24.0,-13.0,1,1,1.69,,,,,insufficient,0,,pre_separator,7.0,-117.80844148340573,35.60400876369195
1407,-23.0,-13.0,1,1,1.69,,,,,insufficient,0,,pre_separator,7.0,-117.79740549664493,35.60403255997363
1408,-22.0,-13.0,6,3,1.95,,,,,insufficient,0,,pre_separator,7.0,-117.78636950348226,35.60405534365841
1409,-21.0,-13.0,12,3,1.95,,,,,insufficient,0,,pre_separator,7.0,-117.7753335041961,35.60407711474486
1410,-20.0,-13.0,14,3,1.95,,,,,insufficient,0,,pre_separator,7.0,-117.76429749906472,35.60409787323164
1411,-19.0,-13.0,19,3,1.95,,,,,insufficient,0,,pre_separator,7.0,-117.7532614883665,35.60411761911745
1412,-18.0,-13.0,21,3,1.7733333333333334,,,,,insufficient,0,,pre_separator,7.0,-117.74222547237977,35.604136352401085
1413,-17.0,-13.0,23,3,1.7733333333333334,,,,,insufficient,0,,pre_separator,7.0,-117.73118945138287,35.60415407308139
1414,-16.0,-13.0,23,3,1.7733333333333334,,,,,insufficient,0,,pre_separator,7.0,-117.72015342565409,35.604170781157244
1415,-15.0,-13.0,25,3,1.7733333333333334,,,,,insufficient,0,,pre_separator,7.0,-117.70911739547182,35.604186476627625
1416,-14.0,-13.0,39,6,2.0533333333333332,,,,,insufficient,0,,pre_separator,7.0,-117.69808136111438,35.60420115949156
1417,-13.0,-13.0,110,32,1.7890625,1.476878153124767,1.518825961735291,0.3039446954853265,1.048748782147391,2.1973093140228706,exploratory,1.0,pre_separator,7.0,-117.68704532286009,35.60421482974815
1418,-12.0,-13.0,155,47,1.8308510638297872,1.2931162907477247,1.3582089628865988,0.2584251797110009,0.945944110339313,1.9028526065056102,exploratory,1.0,pre_separator,7.0,-117.67600928098733,35.604227487396535
1419,-11.0,-13.0,304,104,2.0247115384615384,0.8198697788698166,0.8224354016405783,0.08612441467362818,0.6633737677196082,1.007483667984216,robust,1.0,pre_separator,7.0,-117.6649732357744,35.60423913243593
1420,-10.0,-13.0,433,162,2.057283950617284,0.7723757390309232,0.7818365806973798,0.06590199790085378,0.6608294917513169,0.9223017239340243,robust,1.0,pre_separator,7.0,-117.65393718749965,35.60424976486563
1421,-9.0,-13.0,488,186,2.0448924731182796,0.7897807355690735,0.7922715161722569,0.06209914167696552,0.6810696355177409,0.9195787544886187,robust,1.0,pre_separator,7.0,-117.64290113644148,35.60425938468495
1422,-8.0,-13.0,524,209,2.039712918660287,0.7972905856012966,0.8033116659413706,0.058327404954760166,0.6967725002411557,0.918198053935972,robust,1.0,pre_separator,7.0,-117.63186508287819,35.6042679918933
1423,-7.0,-13.0,549,220,2.0340000000000003,0.8057411538093722,0.8083966811583582,0.05869680268879079,0.7026630666064775,0.9315603444395506,robust,1.0,pre_separator,7.0,-117.6208290270881,35.604275586490175
1424,-6.0,-13.0,588,237,2.042194092827004,0.7936753842855434,0.7962495797915835,0.05597599601873844,0.6927775372363822,0.9141884685563381,robust,1.0,pre_separator,7.0,-117.60979296934961,35.60428216847508
1425,-5.0,-13.0,627,256,2.0538671875,0.7770978357952925,0.7821811601704434,0.05057088611982267,0.6925369938542211,0.8903561382533327,robust,1.0,pre_separator,7.0,-117.59875690994103,35.60428773784761
1426,-4.0,-13.0,658,273,2.062051282051282,0.7658821973423837,0.7702151149242381,0.04947913887180275,0.6845107943656986,0.8726166112658492,robust,1.0,pre_separator,7.0,-117.58772084914071,35.60429229460743
1427,-3.0,-13.0,691,289,2.0738062283737024,0.7503279346587343,0.7526159635154143,0.04519089163222693,0.6715191546455719,0.8407778376537542,robust,1.0,pre_separator,7.0,-117.57668478722698,35.60429583875424
1428,-2.0,-13.0,704,296,2.0865202702702708,0.7342005062731306,0.7344774226081897,0.04201167249075676,0.6567835720690841,0.8167735274635144,robust,1.0,pre_separator,7.0,-117.56564872447825,35.60429837028784
1429,-1.0,-13.0,729,315,2.122857142857143,0.691709072428387,0.6921059957415953,0.03913805663513558,0.6222500628630402,0.7736892412563872,robust,1.0,pre_separator,7.0,-117.5546126611728,35.60429988920806
1430,0.0,-13.0,720,320,2.134875,0.6787176900226635,0.6803772966790695,0.03492824102440249,0.6178625577012783,0.7507516902800313,robust,1.0,pre_separator,7.0,-117.54357659758901,35.60430039551482
1431,1.0,-13.0,718,329,2.1585714285714284,0.6544803817702397,0.6591699184920068,0.03400767879615069,0.5993649700534065,0.7320374787948728,robust,1.0,pre_separator,7.0,-117.53254053400522,35.60429988920806
1432,2.0,-13.0,664,324,2.138148148148148,0.6752635192276303,0.674715038489985,0.03431908447454426,0.6121897504858471,0.7469839461728754,robust,1.0,pre_separator,7.0,-117.52150447069977,35.60429837028784
1433,3.0,-13.0,519,261,2.14095785440613,0.6723263428734467,0.6749705021028942,0.03874335674518615,0.6068700581709261,0.7521755290496144,robust,1.0,pre_separator,7.0,-117.51046840795104,35.60429583875424
1434,4.0,-13.0,391,201,2.1617910447761193,0.6513202078907191,0.6519219160502787,0.04064989835447652,0.5725419563794809,0.7336896565829087,robust,1.0,pre_separator,7.0,-117.49943234603731,35.60429229460743
1435,5.0,-13.0,283,135,2.1634074074074072,0.6497451660324598,0.6519824551768438,0.0468495884732142,0.5657715546342762,0.7465081879807358,robust,1.0,pre_separator,7.0,-117.48839628523699,35.60428773784761
1436,6.0,-13.0,132,54,2.176851851851852,0.6369337866044432,0.6396479326627795,0.07455043802215182,0.5195317731647054,0.7979566816704188,moderately_uncertain,1.0,pre_separator,7.0,-117.4773602258284,35.60428216847508
1437,7.0,-13.0,56,18,2.0950000000000006,,,,,insufficient,0,,pre_separator,7.0,-117.46632416808991,35.604275586490175
1438,8.0,-13.0,35,9,1.7933333333333334,,,,,insufficient,0,,pre_separator,7.0,-117.45528811229983,35.6042679918933
1439,9.0,-13.0,34,8,1.8225,,,,,insufficient,0,,pre_separator,7.0,-117.44425205873654,35.60425938468495
1440,10.0,-13.0,29,6,1.8583333333333334,,,,,insufficient,0,,pre_separator,7.0,-117.43321600767835,35.60424976486563
1441,11.0,-13.0,21,5,1.904,,,,,insufficient,0,,pre_separator,7.0,-117.42217995940362,35.60423913243593
1442,12.0,-13.0,13,2,1.98,,,,,insufficient,0,,pre_separator,7.0,-117.41114391419069,35.604227487396535
1443,13.0,-13.0,10,1,2.4,,,,,insufficient,0,,pre_separator,7.0,-117.40010787231792,35.60421482974815
1444,14.0,-13.0,8,1,2.4,,,,,insufficient,0,,pre_separator,7.0,-117.38907183406364,35.60420115949156
1445,15.0,-13.0,5,1,2.4,,,,,insufficient,0,,pre_separator,7.0,-117.3780357997062,35.604186476627625
1446,16.0,-13.0,3,0,,,,,,insufficient,0,,pre_separator,7.0,-117.36699976952393,35.604170781157244
1447,17.0,-13.0,3,0,,,,,,insufficient,0,,pre_separator,7.0,-117.35596374379514,35.60415407308139
1448,18.0,-13.0,3,0,,,,,,insufficient,0,,pre_separator,7.0,-117.34492772279825,35.604136352401085
1449,19.0,-13.0,2,0,,,,,,insufficient,0,,pre_separator,7.0,-117.33389170681151,35.60411761911745
1450,20.0,-13.0,2,0,,,,,,insufficient,0,,pre_separator,7.0,-117.3228556961133,35.60409787323164
1451,21.0,-13.0,1,0,,,,,,insufficient,0,,pre_separator,7.0,-117.31181969098192,35.60407711474486
1452,22.0,-13.0,1,0,,,,,,insufficient,0,,pre_separator,7.0,-117.30078369169576,35.60405534365841
1453,23.0,-13.0,0,0,,,,,,insufficient,0,,pre_separator,7.0,-117.28974769853309,35.60403255997363
1454,24.0,-13.0,0,0,,,,,,insufficient,0,,pre_separator,7.0,-117.27871171177229,35.60400876369195
1455,25.0,-13.0,0,0,,,,,,insufficient,0,,pre_separator,7.0,-117.26767573169167,35.60398395481483
1456,-30.0,-12.0,0,0,,,,,,insufficient,0,,pre_separator,7.0,-117.87469442228492,35.61285756334412
1457,-29.0,-12.0,0,0,,,,,,insufficient,0,,pre_separator,7.0,-117.86365724087952,35.612887440663215
1458,-28.0,-12.0,0,0,,,,,,insufficient,0,,pre_separator,7.0,-117.85262005139784,35.61291630520911
1459,-27.0,-12.0,0,0,,,,,,insufficient,0,,pre_separator,7.0,-117.84158285411836,35.612944156980014
1460,-26.0,-12.0,0,0,,,,,,insufficient,0,,pre_separator,7.0,-117.83054564931955,35.61297099597422
1461,-25.0,-12.0,0,0,,,,,,insufficient,0,,pre_separator,7.0,-117.81950843727986,35.61299682219008
1462,-24.0,-12.0,1,1,2.03,,,,,insufficient,0,,pre_separator,7.0,-117.80847121827784,35.61302163562594
1463,-23.0,-12.0,2,2,1.8599999999999999,,,,,insufficient,0,,pre_separator,7.0,-117.7974339925919,35.613045436280316
1464,-22.0,-12.0,6,3,1.95,,,,,insufficient,0,,pre_separator,7.0,-117.78639676050057,35.613068224151704
1465,-21.0,-12.0,11,3,1.95,,,,,insufficient,0,,pre_separator,7.0,-117.77535952228232,35.61308999923871
1466,-20.0,-12.0,13,3,1.95,,,,,insufficient,0,,pre_separator,7.0,-117.7643222782156,35.613110761539964
1467,-19.0,-12.0,16,3,1.95,,,,,insufficient,0,,pre_separator,7.0,-117.75328502857897,35.613130511054194
1468,-18.0,-12.0,19,4,1.8375,,,,,insufficient,0,,pre_separator,7.0,-117.74224777365085,35.61314924778018
1469,-17.0,-12.0,21,4,1.8375,,,,,insufficient,0,,pre_separator,7.0,-117.73121051370978,35.61316697171675
1470,-16.0,-12.0,20,3,1.7733333333333334,,,,,insufficient,0,,pre_separator,7.0,-117.72017324903423,35.61318368286282
1471,-15.0,-12.0,22,3,1.7733333333333334,,,,,insufficient,0,,pre_separator,7.0,-117.70913597990268,35.61319938121734
1472,-14.0,-12.0,29,3,1.9066666666666665,,,,,insufficient,0,,pre_separator,7.0,-117.69809870659365,35.61321406677935
1473,-13.0,-12.0,61,15,1.9020000000000001,,,,,insufficient,0,,pre_separator,7.0,-117.68706142938561,35.61322773954792
1474,-12.0,-12.0,138,41,1.7782926829268293,1.5330239998306778,1.573763937463438,0.28515489241919134,1.1359178965157317,2.1677841531314423,exploratory,1.0,pre_separator,7.0,-117.67602414855708,35.61324039952222
1475,-11.0,-12.0,270,93,2.0247311827956986,0.8198393751548247,0.8322295302028839,0.09799290975585104,0.6600977991419854,1.0448531350575276,moderately_uncertain,1.0,pre_separator,7.0,-117.66498686438655,35.613252046701476
1476,-10.0,-12.0,425,159,2.0683018867924527,0.757531924991685,0.7591535913626521,0.06258357478095528,0.6431240315678427,0.8934151751238827,robust,1.0,pre_separator,7.0,-117.65394957715252,35.613262681084926
1477,-9.0,-12.0,501,192,2.045625,0.7887300465893339,0.7966494020986109,0.06428264938362069,0.6930413254551987,0.9419671065519823,robust,1.0,pre_separator,7.0,-117.64291228713343,35.613272302671966
1478,-8.0,-12.0,533,213,2.038262910798122,0.7994186116354205,0.805390801907341,0.0575984830539608,0.6999834708604051,0.917673819042971,robust,1.0,pre_separator,7.0,-117.63187499460788,35.61328091146195
1479,-7.0,-12.0,567,227,2.0409691629955944,0.795456064808474,0.796410682144704,0.05590360209428488,0.6986223591333285,0.9246115869154465,robust,1.0,pre_separator,7.0,-117.6208376998543,35.613288507454385
1480,-6.0,-12.0,619,254,2.0551181102362204,0.7753623279920291,0.7767064304247201,0.05254646881357642,0.6844311941992464,0.8808165610676428,robust,1.0,pre_separator,7.0,-117.60980040315123,35.61329509064877
1481,-5.0,-12.0,668,277,2.06,0.7686627998287642,0.7733000267889432,0.05207437960534842,0.6801562656490465,0.8800615396332911,robust,1.0,pre_separator,7.0,-117.59876310477712,35.613300661044704
1482,-4.0,-12.0,708,300,2.0831333333333335,0.7384286135285395,0.7409530148421278,0.04460607039995429,0.6514177717558897,0.8387430473317612,robust,1.0,pre_separator,7.0,-117.5877258050105,35.61330521864185
1483,-3.0,-12.0,744,319,2.1030094043887146,0.7142890862681414,0.7180959846801672,0.038250545588282024,0.6447188899352773,0.7961992565039673,robust,1.0,pre_separator,7.0,-117.57668850412988,35.61330876343993
1484,-2.0,-12.0,782,343,2.124139941690962,0.6902986968781268,0.690652093339646,0.03650741773228176,0.6267429747907305,0.7700176249406597,robust,1.0,pre_separator,7.0,-117.56565120241378,35.61331129543871
1485,-1.0,-12.0,816,367,2.160217983651226,0.6528604045241093,0.6570424559251734,0.03113089097335349,0.5984534122086544,0.719685020284175,robust,1.0,pre_separator,7.0,-117.55461390014062,35.61331281463804
1486,0.0,-12.0,841,386,2.150544041450777,0.6624947439719224,0.6645311508447549,0.032530326807421614,0.6036097548525193,0.7294463010443756,robust,1.0,pre_separator,7.0,-117.54357659758901,35.613313321037836
1487,1.0,-12.0,852,397,2.156675062972292,0.6563561273601118,0.6564452586352034,0.03252096041756244,0.60012055157633,0.7328790364577882,robust,1.0,pre_separator,7.0,-117.5325392950374,35.61331281463804
1488,2.0,-12.0,795,381,2.1508661417322834,0.6621693883391918,0.6631391838526215,0.032281330183098096,0.6012122327674508,0.7296540402368537,robust,1.0,pre_separator,7.0,-117.52150199276424,35.61331129543871
1489,3.0,-12.0,665,313,2.1359424920127794,0.6775872832824955,0.6813528173308698,0.037100154440902096,0.6139568695934595,0.7590504664474386,robust,1.0,pre_separator,7.0,-117.51046469104814,35.61330876343993
1490,4.0,-12.0,571,267,2.16123595505618,0.6518628702148478,0.652896568105637,0.03659086083892738,0.5889852129123689,0.7255361775565609,robust,1.0,pre_separator,7.0,-117.49942739016751,35.61330521864185
1491,5.0,-12.0,496,232,2.180603448275862,0.6334485087486135,0.6341617380193448,0.03910505352761726,0.5615364674850715,0.7161500551554746,robust,1.0,pre_separator,7.0,-117.4883900904009,35.613300661044704
1492,6.0,-12.0,384,181,2.203480662983425,0.6129941219206039,0.6140947500166882,0.03897076925748418,0.5441966721713414,0.6919630673803531,robust,1.0,pre_separator,7.0,-117.47735279202679,35.61329509064877
1493,7.0,-12.0,184,73,2.164383561643836,0.6487976502391768,0.6601980847374496,0.06693695527526311,0.5483967755949449,0.813035479760193,moderately_uncertain,1.0,pre_separator,7.0,-117.46631549532371,35.613288507454385
1494,8.0,-12.0,98,33,2.2654545454545456,0.5636860532077603,0.5742675682646172,0.09930933485055875,0.4085417587040419,0.7956358398168456,exploratory,1.0,pre_separator,7.0,-117.45527820057013,35.61328091146195
1495,9.0,-12.0,71,25,2.1848,,,,,insufficient,0,,pre_separator,7.0,-117.44424090804459,35.613272302671966
1496,10.0,-12.0,53,16,2.081875,,,,,insufficient,0,,pre_separator,7.0,-117.4332036180255,35.613262681084926
1497,11.0,-12.0,32,8,1.8824999999999998,,,,,insufficient,0,,pre_separator,7.0,-117.42216633079147,35.613252046701476
1498,12.0,-12.0,24,4,1.915,,,,,insufficient,0,,pre_separator,7.0,-117.41112904662094,35.61324039952222
1499,13.0,-12.0,12,2,1.98,,,,,insufficient,0,,pre_separator,7.0,-117.40009176579241,35.61322773954792
1500,14.0,-12.0,8,1,2.4,,,,,insufficient,0,,pre_separator,7.0,-117.38905448858436,35.61321406677935
1501,15.0,-12.0,8,1,2.4,,,,,insufficient,0,,pre_separator,7.0,-117.37801721527534,35.61319938121734
1502,16.0,-12.0,5,0,,,,,,insufficient,0,,pre_separator,7.0,-117.36697994614379,35.61318368286282
1503,17.0,-12.0,4,0,,,,,,insufficient,0,,pre_separator,7.0,-117.35594268146824,35.61316697171675
1504,18.0,-12.0,2,0,,,,,,insufficient,0,,pre_separator,7.0,-117.34490542152716,35.61314924778018
1505,19.0,-12.0,2,0,,,,,,insufficient,0,,pre_separator,7.0,-117.33386816659903,35.613130511054194
1506,20.0,-12.0,2,0,,,,,,insufficient,0,,pre_separator,7.0,-117.32283091696242,35.613110761539964
1507,21.0,-12.0,2,0,,,,,,insufficient,0,,pre_separator,7.0,-117.3117936728957,35.61308999923871
1508,22.0,-12.0,0,0,,,,,,insufficient,0,,pre_separator,7.0,-117.30075643467744,35.613068224151704
1509,23.0,-12.0,0,0,,,,,,insufficient,0,,pre_separator,7.0,-117.28971920258611,35.613045436280316
1510,24.0,-12.0,0,0,,,,,,insufficient,0,,pre_separator,7.0,-117.27868197690017,35.61302163562594
1511,25.0,-12.0,0,0,,,,,,insufficient,0,,pre_separator,7.0,-117.26764475789814,35.61299682219008
1512,-30.0,-11.0,0,0,,,,,,insufficient,0,,pre_separator,7.0,-117.87473160440238,35.62187039159861
1513,-29.0,-11.0,0,0,,,,,,insufficient,0,,pre_separator,7.0,-117.86369318363724,35.62190027440847
1514,-28.0,-11.0,0,0,,,,,,insufficient,0,,pre_separator,7.0,-117.85265475479129,35.62192914425903
1515,-27.0,-11.0,0,0,,,,,,insufficient,0,,pre_separator,7.0,-117.84161631814322,35.62195700114847
1516,-26.0,-11.0,0,0,,,,,,insufficient,0,,pre_separator,7.0,-117.83057787397166,35.62198384507511
1517,-25.0,-11.0,1,1,2.03,,,,,insufficient,0,,pre_separator,7.0,-117.8195394225552,35.62200967603723
1518,-24.0,-11.0,1,1,2.03,,,,,insufficient,0,,pre_separator,7.0,-117.80850096417251,35.62203449403328
1519,-23.0,-11.0,1,1,2.03,,,,,insufficient,0,,pre_separator,7.0,-117.7974624991022,35.6220582990617
1520,-22.0,-11.0,7,3,1.95,,,,,insufficient,0,,pre_separator,7.0,-117.78642402762293,35.62208109112101
1521,-21.0,-11.0,11,5,1.986,,,,,insufficient,0,,pre_separator,7.0,-117.77538555001333,35.6221028702098
1522,-20.0,-11.0,12,5,1.986,,,,,insufficient,0,,pre_separator,7.0,-117.76434706655203,35.62212363632673
1523,-19.0,-11.0,17,5,1.986,,,,,insufficient,0,,pre_separator,7.0,-117.7533085775177,35.62214338947051
1524,-18.0,-11.0,19,5,1.8239999999999998,,,,,insufficient,0,,pre_separator,7.0,-117.74227008318893,35.62216212963991
1525,-17.0,-11.0,20,5,1.8239999999999998,,,,,insufficient,0,,pre_separator,7.0,-117.73123158384443,35.62217985683377
1526,-16.0,-11.0,19,3,1.8866666666666667,,,,,insufficient,0,,pre_separator,7.0,-117.72019307976282,35.622196571051006
1527,-15.0,-11.0,20,2,1.815,,,,,insufficient,0,,pre_separator,7.0,-117.70915457122275,35.62221227229056
1528,-14.0,-11.0,26,3,1.9066666666666665,,,,,insufficient,0,,pre_separator,7.0,-117.69811605850286,35.62222696055146
1529,-13.0,-11.0,34,4,1.8175,,,,,insufficient,0,,pre_separator,7.0,-117.68707754188179,35.62224063583281
1530,-12.0,-11.0,88,22,2.0527272727272727,,,,,insufficient,0,,pre_separator,7.0,-117.67603902163822,35.62225329813376
1531,-11.0,-11.0,229,81,2.001604938271605,0.8572646042198954,0.8697030348183205,0.11122256413957482,0.6843012484851574,1.1196644172089678,moderately_uncertain,1.0,pre_separator,7.0,-117.6650004980508,35.622264947453516
1532,-10.0,-11.0,384,143,2.0776223776223777,0.745413321876793,0.7544698104677426,0.07138218819744795,0.6252130330163439,0.9195400761509964,robust,1.0,pre_separator,7.0,-117.65396197139813,35.62227558379138
1533,-9.0,-11.0,483,191,2.041937172774869,0.7940482079502332,0.8012609699413621,0.06265470117333193,0.6885801271780977,0.932143136899296,robust,1.0,pre_separator,7.0,-117.64292344195893,35.62228520714665
1534,-8.0,-11.0,542,217,2.035852534562212,0.8029813195842511,0.8068746263175256,0.05842587251122139,0.6992701634983025,0.9261823875368819,robust,1.0,pre_separator,7.0,-117.6318849100118,35.62229381751877
1535,-7.0,-11.0,594,237,2.0427848101265824,0.7928195048031631,0.7932239823277675,0.05953510813328024,0.6843956480706356,0.9126524035429863,robust,1.0,pre_separator,7.0,-117.62084637583546,35.622301414907184
1536,-6.0,-11.0,655,275,2.0591272727272725,0.7698519516768898,0.7731399266008057,0.047414697169206675,0.6910075685542135,0.8722892514763482,robust,1.0,pre_separator,7.0,-117.60980783970851,35.62230799931144
1537,-5.0,-11.0,704,300,2.0770666666666666,0.7461249832262945,0.7468444676823074,0.04353129671777046,0.6676182215656181,0.8292740933327161,robust,1.0,pre_separator,7.0,-117.5987693019096,35.6223135707311
1538,-4.0,-11.0,727,311,2.100771704180064,0.7169276460198593,0.7212802929747121,0.042386820340805875,0.647048632802713,0.8106691473792195,robust,1.0,pre_separator,7.0,-117.58773076271744,35.62231812916584
1539,-3.0,-11.0,777,339,2.1282005899705014,0.6858718844900067,0.6884639508138637,0.03474621074070356,0.6216499755809811,0.759367551740799,robust,1.0,pre_separator,7.0,-117.57669222241063,35.62232167461539
1540,-2.0,-11.0,857,389,2.149228791773779,0.6638266113690444,0.6652431781039673,0.03075650502669007,0.6057850298993169,0.7299076304976552,robust,1.0,pre_separator,7.0,-117.56565368126785,35.6223242070795
1541,-1.0,-11.0,887,409,2.1477750611246944,0.6653049538304773,0.6681641900847574,0.031462313243636686,0.6091107618643833,0.7278700114045412,robust,1.0,pre_separator,7.0,-117.55461513956774,35.62232572655803
1542,0.0,-11.0,917,426,2.153849765258216,0.6591707317874559,0.6623043147307169,0.031727699802183255,0.6048060131406975,0.727685841124959,robust,1.0,pre_separator,7.0,-117.54357659758901,35.622326233050885
1543,1.0,-11.0,938,429,2.16025641025641,0.6528226939382087,0.6521356076821467,0.03083069787174603,0.5952358290478574,0.7153368112309275,robust,1.0,pre_separator,7.0,-117.53253805561027,35.62232572655803
1544,2.0,-11.0,897,404,2.151980198019802,0.6610465326234412,0.6617860794784403,0.031639917947520795,0.6069232453985556,0.7307666404728391,robust,1.0,pre_separator,7.0,-117.52149951391017,35.6223242070795
1545,3.0,-11.0,830,367,2.1492370572207085,0.6638182247703855,0.6632056739259138,0.030612720771518352,0.6095377927134858,0.7290832511137557,robust,1.0,pre_separator,7.0,-117.51046097276739,35.62232167461539
1546,4.0,-11.0,763,339,2.1844837758112097,0.6298835406130974,0.6335907279431524,0.0321343508164072,0.5786661618439951,0.7031162182390207,robust,1.0,pre_separator,7.0,-117.49942243246058,35.62231812916584
1547,5.0,-11.0,697,310,2.2003870967741936,0.6156824868066404,0.6176192134794418,0.032439174592878504,0.5606115841972449,0.6878447434262801,robust,1.0,pre_separator,7.0,-117.48838389326842,35.6223135707311
1548,6.0,-11.0,614,267,2.2275280898876404,0.592870755263278,0.5950788510826419,0.03420874677879625,0.5320027431720095,0.6654078191232162,robust,1.0,pre_separator,7.0,-117.47734535546951,35.62230799931144
1549,7.0,-11.0,468,199,2.2530150753768843,0.5729364705409336,0.572608554222273,0.038482971055706486,0.5062487850206872,0.6527280165316902,robust,1.0,pre_separator,7.0,-117.46630681934256,35.622301414907184
1550,8.0,-11.0,225,85,2.2603529411764707,0.5674434088352379,0.573040361928682,0.05709022764008379,0.4734760457751695,0.6902070920396668,moderately_uncertain,1.0,pre_separator,7.0,-117.4552682851662,35.62229381751877
1551,9.0,-11.0,106,37,2.349189189189189,0.50842891410917,0.5243614762184636,0.0941133586640007,0.3740367145487014,0.7444875828956061,exploratory,1.0,pre_separator,7.0,-117.44422975321909,35.62228520714665
1552,10.0,-11.0,78,28,2.3207142857142853,,,,,insufficient,0,,pre_separator,7.0,-117.43319122377987,35.62227558379138
1553,11.0,-11.0,58,20,2.3489999999999993,,,,,insufficient,0,,pre_separator,7.0,-117.42215269712722,35.622264947453516
1554,12.0,-11.0,36,11,2.149090909090909,,,,,insufficient,0,,pre_separator,7.0,-117.41111417353979,35.62225329813376
1555,13.0,-11.0,20,3,2.0500000000000003,,,,,insufficient,0,,pre_separator,7.0,-117.40007565329623,35.62224063583281
1556,14.0,-11.0,11,2,1.98,,,,,insufficient,0,,pre_separator,7.0,-117.38903713667516,35.62222696055146
1557,15.0,-11.0,6,0,,,,,,insufficient,0,,pre_separator,7.0,-117.37799862395526,35.62221227229056
1558,16.0,-11.0,4,0,,,,,,insufficient,0,,pre_separator,7.0,-117.3669601154152,35.622196571051006
1559,17.0,-11.0,4,0,,,,,,insufficient,0,,pre_separator,7.0,-117.35592161133359,35.62217985683377
1560,18.0,-11.0,2,0,,,,,,insufficient,0,,pre_separator,7.0,-117.34488311198909,35.62216212963991
1561,19.0,-11.0,2,0,,,,,,insufficient,0,,pre_separator,7.0,-117.33384461766032,35.62214338947051
1562,20.0,-11.0,2,0,,,,,,insufficient,0,,pre_separator,7.0,-117.32280612862598,35.62212363632673
1563,21.0,-11.0,2,0,,,,,,insufficient,0,,pre_separator,7.0,-117.3117676451647,35.6221028702098
1564,22.0,-11.0,0,0,,,,,,insufficient,0,,pre_separator,7.0,-117.30072916755509,35.62208109112101
1565,23.0,-11.0,0,0,,,,,,insufficient,0,,pre_separator,7.0,-117.28969069607582,35.6220582990617
1566,24.0,-11.0,0,0,,,,,,insufficient,0,,pre_separator,7.0,-117.27865223100551,35.62203449403328
1567,25.0,-11.0,0,0,,,,,,insufficient,0,,pre_separator,7.0,-117.26761377262282,35.62200967603723
1568,-30.0,-10.0,0,0,,,,,,insufficient,0,,pre_separator,7.0,-117.87476880030434,35.63088320631562
1569,-29.0,-10.0,0,0,,,,,,insufficient,0,,pre_separator,7.0,-117.86372913971996,35.63091309461798
1570,-28.0,-10.0,0,0,,,,,,insufficient,0,,pre_separator,7.0,-117.85268947105034,35.63094196977483
1571,-27.0,-10.0,0,0,,,,,,insufficient,0,,pre_separator,7.0,-117.84164979457424,35.63096983178442
1572,-26.0,-10.0,1,1,2.03,,,,,insufficient,0,,pre_separator,7.0,-117.83061011057045,35.63099668064499
1573,-25.0,-10.0,1,1,2.03,,,,,insufficient,0,,pre_separator,7.0,-117.81957041931771,35.63102251635489
1574,-24.0,-10.0,1,1,2.03,,,,,insufficient,0,,pre_separator,7.0,-117.80853072109491,35.63104733891252
1575,-23.0,-10.0,3,3,2.0366666666666666,,,,,insufficient,0,,pre_separator,7.0,-117.79749101618076,35.631071148316344
1576,-22.0,-10.0,8,4,2.06,,,,,insufficient,0,,pre_separator,7.0,-117.78645130485407,35.63109394456489
1577,-21.0,-10.0,10,4,2.06,,,,,insufficient,0,,pre_separator,7.0,-117.77541158739363,35.631115727656734
1578,-20.0,-10.0,11,4,2.06,,,,,insufficient,0,,pre_separator,7.0,-117.76437186407827,35.63113649759051
1579,-19.0,-10.0,13,4,2.06,,,,,insufficient,0,,pre_separator,7.0,-117.75333213518678,35.63115625436497
1580,-18.0,-10.0,16,5,1.948,,,,,insufficient,0,,pre_separator,7.0,-117.74229240099791,35.63117499797885
1581,-17.0,-10.0,18,5,1.948,,,,,insufficient,0,,pre_separator,7.0,-117.7312526617905,35.631192728431024
1582,-16.0,-10.0,20,5,1.948,,,,,insufficient,0,,pre_separator,7.0,-117.72021291784336,35.63120944572036
1583,-15.0,-10.0,21,4,1.8575,,,,,insufficient,0,,pre_separator,7.0,-117.70917316943525,35.631225149845854
1584,-14.0,-10.0,23,2,1.815,,,,,insufficient,0,,pre_separator,7.0,-117.698133416845,35.6312398408065
1585,-13.0,-10.0,29,4,1.8175,,,,,insufficient,0,,pre_separator,7.0,-117.68709366035144,35.63125351860142
1586,-12.0,-10.0,49,11,2.2063636363636365,,,,,insufficient,0,,pre_separator,7.0,-117.67605390023333,35.631266183229734
1587,-11.0,-10.0,120,37,2.135135135135135,0.6784418758885505,0.6886749956014232,0.10403789362390516,0.5202027798226324,0.9110015179643225,exploratory,1.0,pre_separator,7.0,-117.66501413676951,35.63127783469068
1588,-10.0,-10.0,297,101,2.076930693069307,0.7462993223688373,0.7563713586376798,0.07404641406159967,0.6263453565133649,0.90759300721666,robust,1.0,pre_separator,7.0,-117.65397437023876,35.63128847298351
1589,-9.0,-10.0,437,175,2.0662857142857143,0.7602053946793605,0.7689749831796202,0.06056193938946359,0.6597885300565965,0.8992162731004376,robust,1.0,pre_separator,7.0,-117.64293460091992,35.63129809810761
1590,-8.0,-10.0,509,215,2.050744186046512,0.7814647328886396,0.7814840381644425,0.05247336964352422,0.6909500576584889,0.8974085448118572,robust,1.0,pre_separator,7.0,-117.63189482909175,35.63130671006233
1591,-7.0,-10.0,560,235,2.0668510638297874,0.7594538322525888,0.7631430002932496,0.05206028561749983,0.6711269215520247,0.8639274566606348,robust,1.0,pre_separator,7.0,-117.62085505503312,35.63131430884718
1592,-6.0,-10.0,632,269,2.0962081784386615,0.722369550978357,0.7238407215461768,0.045611016202382594,0.6433190593702695,0.827090585095655,robust,1.0,pre_separator,7.0,-117.6098152790228,35.63132089446166
1593,-5.0,-10.0,668,289,2.1229411764705883,0.6916165051386679,0.6951210701591286,0.03930642599453326,0.6243083429685382,0.7729172388391342,robust,1.0,pre_separator,7.0,-117.59877550133959,35.631326466905385
1594,-4.0,-10.0,703,308,2.135064935064935,0.6785162850066021,0.6793492329910034,0.035890742258762355,0.61526895278185,0.7545335623043897,robust,1.0,pre_separator,7.0,-117.58773572226235,35.631331026177975
1595,-3.0,-10.0,837,378,2.158333333333333,0.654715299351636,0.6557387347803862,0.03248721454695633,0.5998643001365056,0.7216866601235227,robust,1.0,pre_separator,7.0,-117.57669594206986,35.63133457227918
1596,-2.0,-10.0,886,408,2.1450245098039216,0.6681201637062205,0.6690331013999494,0.032931551252495764,0.6083414748264361,0.7351269436785401,robust,1.0,pre_separator,7.0,-117.56565616104093,35.63133710520877
1597,-1.0,-10.0,937,430,2.151,0.6620342711939816,0.6615191094827593,0.032282479964139854,0.6028669503394003,0.7285864897431693,robust,1.0,pre_separator,7.0,-117.55461637945437,35.63133862496658
1598,0.0,-10.0,980,445,2.1539550561797753,0.659065406404239,0.6623811805202053,0.03177342749869124,0.6026324452282052,0.7240173497157676,robust,1.0,pre_separator,7.0,-117.54357659758901,35.63133913155253
1599,1.0,-10.0,1010,458,2.149344978165939,0.6637087414050828,0.6669948210620921,0.028538051027667783,0.6138343189473192,0.7244885299591265,robust,1.0,pre_separator,7.0,-117.53253681572365,35.63133862496658
1600,2.0,-10.0,1017,439,2.1508883826879273,0.6621469343967475,0.6620285545767731,0.030176145602526825,0.6080640642673076,0.7223111098379071,robust,1.0,pre_separator,7.0,-117.52149703413708,35.63133710520877
1601,3.0,-10.0,972,427,2.1692505854800936,0.6441143563768901,0.6448287889038168,0.029499459937765742,0.5891962529145036,0.7033042335173548,robust,1.0,pre_separator,7.0,-117.51045725310816,35.63133457227918
1602,4.0,-10.0,942,415,2.181734939759036,0.6324048140839297,0.6343980040702606,0.029585552666525853,0.5813721972841448,0.6930175642061458,robust,1.0,pre_separator,7.0,-117.49941747291567,35.631331026177975
1603,5.0,-10.0,875,387,2.1922222222222225,0.6228924840046637,0.6242766675616113,0.031053549411590317,0.5673535811778648,0.6836050648933016,robust,1.0,pre_separator,7.0,-117.48837769383843,35.631326466905385
1604,6.0,-10.0,800,352,2.1967045454545455,0.6189135936435005,0.6212594285393177,0.03214937754516943,0.5595789671832085,0.6793722256102178,robust,1.0,pre_separator,7.0,-117.47733791615521,35.63132089446166
1605,7.0,-10.0,685,305,2.2232786885245903,0.596330070818196,0.5981397760951852,0.03117033385342971,0.5452070570708106,0.6613963052989394,robust,1.0,pre_separator,7.0,-117.4662981401449,35.63131430884718
1606,8.0,-10.0,501,218,2.252660550458715,0.5732045592717137,0.5749639874549561,0.035233195897035906,0.5141596738344936,0.6476349075549563,robust,1.0,pre_separator,7.0,-117.45525836608627,35.63130671006233
1607,9.0,-10.0,242,90,2.3037777777777775,0.5369762793143656,0.5391490561425372,0.05450564898269063,0.44209605435662536,0.6565607153517483,moderately_uncertain,1.0,pre_separator,7.0,-117.4442185942581,35.63129809810761
1608,10.0,-10.0,117,40,2.3637500000000005,0.49990731729870685,0.5140953126255106,0.08578281153318731,0.38342199917161296,0.7047573938225485,exploratory,1.0,pre_separator,7.0,-117.43317882493926,35.63128847298351
1609,11.0,-10.0,80,27,2.459259259259259,,,,,insufficient,0,,pre_separator,7.0,-117.4221390584085,35.63127783469068
1610,12.0,-10.0,56,19,2.3847368421052635,,,,,insufficient,0,,pre_separator,7.0,-117.41109929494469,35.631266183229734
1611,13.0,-10.0,30,10,2.1559999999999997,,,,,insufficient,0,,pre_separator,7.0,-117.40005953482658,35.63125351860142
1612,14.0,-10.0,15,3,2.0500000000000003,,,,,insufficient,0,,pre_separator,7.0,-117.38901977833302,35.6312398408065
1613,15.0,-10.0,9,1,1.56,,,,,insufficient,0,,pre_separator,7.0,-117.37798002574277,35.631225149845854
1614,16.0,-10.0,6,0,,,,,,insufficient,0,,pre_separator,7.0,-117.36694027733466,35.63120944572036
1615,17.0,-10.0,4,0,,,,,,insufficient,0,,pre_separator,7.0,-117.35590053338751,35.631192728431024
1616,18.0,-10.0,3,0,,,,,,insufficient,0,,pre_separator,7.0,-117.34486079418011,35.63117499797885
1617,19.0,-10.0,2,0,,,,,,insufficient,0,,pre_separator,7.0,-117.33382105999124,35.63115625436497
1618,20.0,-10.0,2,0,,,,,,insufficient,0,,pre_separator,7.0,-117.32278133109975,35.63113649759051
1619,21.0,-10.0,1,0,,,,,,insufficient,0,,pre_separator,7.0,-117.31174160778437,35.631115727656734
1620,22.0,-10.0,1,0,,,,,,insufficient,0,,pre_separator,7.0,-117.30070189032395,35.63109394456489
1621,23.0,-10.0,0,0,,,,,,insufficient,0,,pre_separator,7.0,-117.28966217899726,35.631071148316344
1622,24.0,-10.0,0,0,,,,,,insufficient,0,,pre_separator,7.0,-117.27862247408311,35.63104733891252
1623,25.0,-10.0,0,0,,,,,,insufficient,0,,pre_separator,7.0,-117.2675827758603,35.63102251635489
1624,-30.0,-9.0,0,0,,,,,,insufficient,0,,pre_separator,7.0,-117.87480600999729,35.63989600749374
1625,-29.0,-9.0,0,0,,,,,,insufficient,0,,pre_separator,7.0,-117.86376510913404,35.639925901290276
1626,-28.0,-9.0,0,0,,,,,,insufficient,0,,pre_separator,7.0,-117.85272420018104,35.639954781755094
1627,-27.0,-9.0,0,0,,,,,,insufficient,0,,pre_separator,7.0,-117.8416832834172,35.639982648886395
1628,-26.0,-9.0,1,1,2.03,,,,,insufficient,0,,pre_separator,7.0,-117.83064235912151,35.64000950268245
1629,-25.0,-9.0,1,1,2.03,,,,,insufficient,0,,pre_separator,7.0,-117.81960142757288,35.640035343141626
1630,-24.0,-9.0,3,3,2.0366666666666666,,,,,insufficient,0,,pre_separator,7.0,-117.80856048905024,35.64006017026226
1631,-23.0,-9.0,3,3,2.0366666666666666,,,,,insufficient,0,,pre_separator,7.0,-117.79751954383255,35.64008398404285
1632,-22.0,-9.0,4,3,2.0366666666666666,,,,,insufficient,0,,pre_separator,7.0,-117.78647859219876,35.64010678448192
1633,-21.0,-9.0,9,4,2.06,,,,,insufficient,0,,pre_separator,7.0,-117.77543763442783,35.64012857157805
1634,-20.0,-9.0,11,4,2.06,,,,,insufficient,0,,pre_separator,7.0,-117.7643966707987,35.64014934532988
1635,-19.0,-9.0,11,4,2.06,,,,,insufficient,0,,pre_separator,7.0,-117.7533557015903,35.64016910573615
1636,-18.0,-9.0,14,4,2.06,,,,,insufficient,0,,pre_separator,7.0,-117.74231472708163,35.6401878527956
1637,-17.0,-9.0,17,5,1.948,,,,,insufficient,0,,pre_separator,7.0,-117.73127374755163,35.640205586507086
1638,-16.0,-9.0,17,5,1.948,,,,,insufficient,0,,pre_separator,7.0,-117.72023276327921,35.640222306869504
1639,-15.0,-9.0,18,5,1.948,,,,,insufficient,0,,pre_separator,7.0,-117.7091917745434,35.64023801388182
1640,-14.0,-9.0,20,3,1.8,,,,,insufficient,0,,pre_separator,7.0,-117.69815078162311,35.64025270754306
1641,-13.0,-9.0,26,4,1.7999999999999998,,,,,insufficient,0,,pre_separator,7.0,-117.68710978479731,35.640266387852314
1642,-12.0,-9.0,45,12,2.1908333333333334,,,,,insufficient,0,,pre_separator,7.0,-117.67606878434496,35.640279054808715
1643,-11.0,-9.0,70,21,2.1723809523809527,,,,,insufficient,0,,pre_separator,7.0,-117.66502778054505,35.640290708411506
1644,-10.0,-9.0,172,53,2.0520754716981138,0.7795972071421616,0.7837058177969531,0.10497201844397167,0.6095183375879992,1.006301922815008,moderately_uncertain,1.0,pre_separator,7.0,-117.65398677367651,35.64030134865996
1645,-9.0,-9.0,335,128,2.069765625,0.7556027413839368,0.761391212162565,0.06267054627272257,0.657498728733382,0.8970101514030849,robust,1.0,pre_separator,7.0,-117.6429457640183,35.6403109755534
1646,-8.0,-9.0,447,190,2.088947368421053,0.7312002796776057,0.7343803829890481,0.04931185241539571,0.6416095967460583,0.8323823164526222,robust,1.0,pre_separator,7.0,-117.63190475184939,35.640319589091234
1647,-7.0,-9.0,521,225,2.0827999999999998,0.7388473662865804,0.7407340218787404,0.053151132463310186,0.6453326890527775,0.8438092873255258,robust,1.0,pre_separator,7.0,-117.62086373744877,35.640327189272945
1648,-6.0,-9.0,593,261,2.118927203065134,0.6960659509149729,0.6980870919298654,0.04356534724584316,0.6213363730684723,0.7875854937187304,robust,1.0,pre_separator,7.0,-117.60982272109536,35.64033377609803
1649,-5.0,-9.0,652,292,2.1272260273972603,0.6869291409769217,0.6869446308686696,0.037627421087006924,0.6242680505067804,0.7679392152955178,robust,1.0,pre_separator,7.0,-117.59878170306818,35.64033934956611
1650,-4.0,-9.0,730,329,2.1498176291793314,0.6632296727373446,0.6654408227694818,0.03533730819158213,0.5992492206623711,0.7403094397269013,robust,1.0,pre_separator,7.0,-117.58774068364615,35.64034390967684
1651,-3.0,-9.0,862,401,2.142992518703242,0.6702152715780711,0.6740768575915134,0.033333851092410854,0.6134028593225657,0.7401499078322743,robust,1.0,pre_separator,7.0,-117.57669966310824,35.6403474564299
1652,-2.0,-9.0,928,430,2.1492558139534883,0.6637991938947083,0.6663380065149733,0.03287041267138575,0.6030783390991202,0.7318777278277951,robust,1.0,pre_separator,7.0,-117.56565864173344,35.640349989825125
1653,-1.0,-9.0,990,447,2.1512304250559287,0.6618018082082039,0.6625227062949416,0.02938183618592857,0.6036472365051704,0.7208227660937102,robust,1.0,pre_separator,7.0,-117.5546176198007,35.640351509862306
1654,0.0,-9.0,1064,484,2.150454545454546,0.6625852012393575,0.6645001708554815,0.029172452614190804,0.6145500831966482,0.7274576681818212,robust,1.0,pre_separator,7.0,-117.54357659758901,35.64035201654137
1655,1.0,-9.0,1111,500,2.15754,0.6554992632946717,0.655862712521746,0.027595937915354432,0.6073348667531142,0.716059327993604,robust,1.0,pre_separator,7.0,-117.53253557537732,35.640351509862306
1656,2.0,-9.0,1113,497,2.170201207243461,0.6432075020663519,0.6433953440130435,0.02814409537491273,0.5901838809128865,0.6984090630565861,robust,1.0,pre_separator,7.0,-117.52149455344458,35.640349989825125
1657,3.0,-9.0,1086,481,2.181081081081081,0.633007517448112,0.6336799505843979,0.026800243208048385,0.5866813065927777,0.6855373393183705,robust,1.0,pre_separator,7.0,-117.51045353206977,35.6403474564299
1658,4.0,-9.0,1065,484,2.203409090909091,0.6130560540180646,0.610423179195231,0.02583662811542336,0.562703700009413,0.6615406778663077,robust,1.0,pre_separator,7.0,-117.49941251153187,35.64034390967684
1659,5.0,-9.0,1022,470,2.2139574468085104,0.6040614556968673,0.6045141913006024,0.025900270996339795,0.5582466153539795,0.6579594009048767,robust,1.0,pre_separator,7.0,-117.48837149210983,35.64033934956611
1660,6.0,-9.0,951,428,2.2128971962616824,0.6049535841131021,0.6057901851607737,0.02819839384300431,0.5510192544449324,0.6587844260642168,robust,1.0,pre_separator,7.0,-117.47733047408266,35.64033377609803
1661,7.0,-9.0,873,391,2.2117391304347827,0.6059310332893413,0.6100175779341004,0.029080235545701046,0.5577814627621765,0.6668504979515931,robust,1.0,pre_separator,7.0,-117.46628945772925,35.640327189272945
1662,8.0,-9.0,714,309,2.2137216828478965,0.6042596073940374,0.6079134970415292,0.03316768436657382,0.5444368239581795,0.6753094915102943,robust,1.0,pre_separator,7.0,-117.45524844332863,35.640319589091234
1663,9.0,-9.0,481,202,2.21960396039604,0.5993542757700133,0.6011873871898074,0.03954944082287642,0.5284507962555356,0.6835963869110698,robust,1.0,pre_separator,7.0,-117.44420743115973,35.6403109755534
1664,10.0,-9.0,200,74,2.2786486486486486,0.5541954071536581,0.5608879599082931,0.06605465044552508,0.44280823516522294,0.7070519856628997,moderately_uncertain,1.0,pre_separator,7.0,-117.43316642150151,35.64030134865996
1665,11.0,-9.0,123,45,2.360444444444444,0.5018167078096377,0.5141487693414372,0.07551897811497914,0.3838834131512957,0.6795963793694924,exploratory,1.0,pre_separator,7.0,-117.42212541463296,35.640290708411506
1666,12.0,-9.0,75,27,2.494444444444444,,,,,insufficient,0,,pre_separator,7.0,-117.41108441083304,35.640279054808715
1667,13.0,-9.0,50,19,2.43421052631579,,,,,insufficient,0,,pre_separator,7.0,-117.4000434103807,35.640266387852314
1668,14.0,-9.0,23,6,2.473333333333333,,,,,insufficient,0,,pre_separator,7.0,-117.3890024135549,35.64025270754306
1669,15.0,-9.0,14,3,2.2566666666666664,,,,,insufficient,0,,pre_separator,7.0,-117.37796142063462,35.64023801388182
1670,16.0,-9.0,8,0,,,,,,insufficient,0,,pre_separator,7.0,-117.3669204318988,35.640222306869504
1671,17.0,-9.0,4,0,,,,,,insufficient,0,,pre_separator,7.0,-117.35587944762639,35.640205586507086
1672,18.0,-9.0,4,0,,,,,,insufficient,0,,pre_separator,7.0,-117.34483846809638,35.6401878527956
1673,19.0,-9.0,2,0,,,,,,insufficient,0,,pre_separator,7.0,-117.33379749358771,35.64016910573615
1674,20.0,-9.0,1,0,,,,,,insufficient,0,,pre_separator,7.0,-117.32275652437932,35.64014934532988
1675,21.0,-9.0,1,0,,,,,,insufficient,0,,pre_separator,7.0,-117.31171556075017,35.64012857157805
1676,22.0,-9.0,1,0,,,,,,insufficient,0,,pre_separator,7.0,-117.30067460297926,35.64010678448192
1677,23.0,-9.0,0,0,,,,,,insufficient,0,,pre_separator,7.0,-117.28963365134547,35.64008398404285
1678,24.0,-9.0,0,0,,,,,,insufficient,0,,pre_separator,7.0,-117.27859270612778,35.64006017026226
1679,25.0,-9.0,0,0,,,,,,insufficient,0,,pre_separator,7.0,-117.26755176760514,35.640035343141626
1680,-30.0,-8.0,0,0,,,,,,insufficient,0,,pre_separator,7.0,-117.87484323348767,35.6489087951315
1681,-29.0,-8.0,0,0,,,,,,insufficient,0,,pre_separator,7.0,-117.86380109188565,35.64893869442395
1682,-28.0,-8.0,0,0,,,,,,insufficient,0,,pre_separator,7.0,-117.8527589421894,35.64896758019838
1683,-27.0,-8.0,1,1,2.03,,,,,insufficient,0,,pre_separator,7.0,-117.84171678467797,35.648995452453015
1684,-26.0,-8.0,1,1,2.03,,,,,insufficient,0,,pre_separator,7.0,-117.83067461963047,35.6490223111861
1685,-25.0,-8.0,2,2,2.17,,,,,insufficient,0,,pre_separator,7.0,-117.819632447326,35.649048156395985
1686,-24.0,-8.0,3,3,2.0366666666666666,,,,,insufficient,0,,pre_separator,7.0,-117.80859026804366,35.64907298808106
1687,-23.0,-8.0,3,3,2.0366666666666666,,,,,insufficient,0,,pre_separator,7.0,-117.79754808206253,35.64909680623979
1688,-22.0,-8.0,4,3,2.0366666666666666,,,,,insufficient,0,,pre_separator,7.0,-117.78650588966175,35.6491196108707
1689,-21.0,-8.0,10,4,2.06,,,,,insufficient,0,,pre_separator,7.0,-117.7754636911204,35.64914140197236
1690,-20.0,-8.0,10,4,2.06,,,,,insufficient,0,,pre_separator,7.0,-117.7644214867176,35.649162179543424
1691,-19.0,-8.0,11,4,2.06,,,,,insufficient,0,,pre_separator,7.0,-117.7533792767324,35.64918194358262
1692,-18.0,-8.0,12,4,2.06,,,,,insufficient,0,,pre_separator,7.0,-117.74233706144402,35.64920069408871
1693,-17.0,-8.0,14,5,1.948,,,,,insufficient,0,,pre_separator,7.0,-117.73129484113149,35.64921843106053
1694,-16.0,-8.0,18,5,1.948,,,,,insufficient,0,,pre_separator,7.0,-117.7202526160739,35.64923515449699
1695,-15.0,-8.0,18,5,1.948,,,,,insufficient,0,,pre_separator,7.0,-117.70921038655045,35.64925086439704
1696,-14.0,-8.0,22,6,1.96,,,,,insufficient,0,,pre_separator,7.0,-117.6981681528402,35.6492655607597
1697,-13.0,-8.0,24,5,1.7939999999999998,,,,,insufficient,0,,pre_separator,7.0,-117.68712591522225,35.649279243584076
1698,-12.0,-8.0,36,9,2.1422222222222222,,,,,insufficient,0,,pre_separator,7.0,-117.67608367397577,35.6492919128693
1699,-11.0,-8.0,57,17,2.2305882352941175,,,,,insufficient,0,,pre_separator,7.0,-117.66504142937981,35.64930356861462
1700,-10.0,-8.0,94,34,2.151176470588235,0.6618562252223473,0.6793499759314938,0.1196871259850805,0.504575568959147,0.9399419684040586,exploratory,1.0,pre_separator,7.0,-117.65399918171353,35.64931421081926
1701,-9.0,-8.0,202,71,2.0453521126760563,0.789121131545256,0.8018678511228322,0.09787136730360511,0.6434449898086274,1.0249434630252412,moderately_uncertain,1.0,pre_separator,7.0,-117.64295693125605,35.64932383948261
1702,-8.0,-8.0,362,149,2.030335570469799,0.811256538627023,0.8170526575190811,0.06024399329495886,0.7123249207004436,0.9406535872384045,robust,1.0,pre_separator,7.0,-117.63191467828646,35.649332454604064
1703,-7.0,-8.0,475,212,2.1060377358490565,0.7107490363091663,0.7157288224605853,0.05163053455953011,0.6192613334546875,0.8157930517715117,robust,1.0,pre_separator,7.0,-117.62087242308392,35.64934005618306
1704,-6.0,-8.0,560,257,2.129533073929961,0.6844315919002649,0.6844391338606094,0.041423431198796115,0.6116622634571356,0.770421689426809,robust,1.0,pre_separator,7.0,-117.6098301659275,35.64934664421914
1705,-5.0,-8.0,630,293,2.1403754266211603,0.6729330928774044,0.6771156285017518,0.038493328862011636,0.6089731234083922,0.7483338431489706,robust,1.0,pre_separator,7.0,-117.59878790709638,35.64935221871191
1706,-4.0,-8.0,779,363,2.157933884297521,0.6551097963011089,0.6562488339799755,0.03309694522994026,0.5952702236904639,0.722802775539926,robust,1.0,pre_separator,7.0,-117.58774564686964,35.649356779661005
1707,-3.0,-8.0,882,412,2.146529126213592,0.6665772325900227,0.6686995551843982,0.033473448361325084,0.6044527179498981,0.7314764056641172,robust,1.0,pre_separator,7.0,-117.57670338552641,35.64936032706614
1708,-2.0,-8.0,967,444,2.161554054054054,0.6515517822775599,0.6545841625134594,0.029444187083224948,0.5955063929901131,0.7141573403925164,robust,1.0,pre_separator,7.0,-117.5656611233458,35.64936286092713
1709,-1.0,-8.0,1038,482,2.1679875518672205,0.6453232020388655,0.6448767414545634,0.026924263665000347,0.5978857743709707,0.6988363255779458,robust,1.0,pre_separator,7.0,-117.55461886060696,35.64936438124378
1710,0.0,-8.0,1122,506,2.159664031620553,0.6534045190385511,0.6560240184454552,0.02776643107474896,0.6054277246022985,0.7134026151328884,robust,1.0,pre_separator,7.0,-117.54357659758901,35.649364888015995
1711,1.0,-8.0,1193,533,2.1761163227016884,0.6376216035766062,0.6383182825520937,0.024788794623497125,0.5912972048397046,0.6889974868707679,robust,1.0,pre_separator,7.0,-117.53253433457105,35.64936438124378
1712,2.0,-8.0,1195,545,2.1886422018348624,0.6261073515343083,0.6276718583204539,0.02610644336722238,0.5714344049105491,0.6789880914014891,robust,1.0,pre_separator,7.0,-117.5214920718322,35.64936286092713
1713,3.0,-8.0,1198,549,2.1941165755919854,0.6212046703877787,0.624269801352336,0.024278292047975963,0.5812105306104282,0.6720187179364171,robust,1.0,pre_separator,7.0,-117.5104498096516,35.64936032706614
1714,4.0,-8.0,1192,557,2.194721723518851,0.6206674272155159,0.6232965504715048,0.02366549865528407,0.5773872210995108,0.6701281833733254,robust,1.0,pre_separator,7.0,-117.49940754830838,35.649356779661005
1715,5.0,-8.0,1153,534,2.210917602996255,0.606626349297244,0.6076567792080229,0.025280587917364795,0.5591228456275056,0.6570553053901308,robust,1.0,pre_separator,7.0,-117.48836528808164,35.64935221871191
1716,6.0,-8.0,1099,510,2.217,0.6015159029130911,0.6036267642766011,0.024164080386952204,0.5561136984013922,0.6526742787237655,robust,1.0,pre_separator,7.0,-117.47732302925051,35.64934664421914
1717,7.0,-8.0,1028,476,2.2135084033613444,0.6044389736731322,0.6049112689435525,0.027761861339834507,0.5531994933141597,0.6640958258557335,robust,1.0,pre_separator,7.0,-117.4662807720941,35.64934005618306
1718,8.0,-8.0,925,425,2.206070588235294,0.6107614195955795,0.6115080873679313,0.025657635041433764,0.5630319995547312,0.665440632291209,robust,1.0,pre_separator,7.0,-117.45523851689155,35.649332454604064
1719,9.0,-8.0,716,322,2.2178881987577643,0.6007768319493363,0.6025250117178775,0.030305521380994044,0.5455503614457293,0.6608378011089115,robust,1.0,pre_separator,7.0,-117.44419626392197,35.64932383948261
1720,10.0,-8.0,386,149,2.2651677852348993,0.5638959331060479,0.5674331794109703,0.04196342273376499,0.48914848528474764,0.662554728141861,robust,1.0,pre_separator,7.0,-117.43315401346449,35.64931421081926
1721,11.0,-8.0,162,66,2.3353030303030304,0.5168307934658243,0.5186230462181373,0.05799982990605391,0.41689900980817357,0.6455976527814614,moderately_uncertain,1.0,pre_separator,7.0,-117.4221117657982,35.64930356861462
1722,12.0,-8.0,102,43,2.3613953488372093,0.5012659434126917,0.5153276199476011,0.07946203997614562,0.37505554487864273,0.6864588027334075,exploratory,1.0,pre_separator,7.0,-117.41106952120225,35.6492919128693
1723,13.0,-8.0,57,19,2.432105263157895,,,,,insufficient,0,,pre_separator,7.0,-117.40002727995576,35.649279243584076
1724,14.0,-8.0,34,11,2.5054545454545454,,,,,insufficient,0,,pre_separator,7.0,-117.38898504233782,35.6492655607597
1725,15.0,-8.0,17,4,2.75,,,,,insufficient,0,,pre_separator,7.0,-117.37794280862757,35.64925086439704
1726,16.0,-8.0,10,2,2.29,,,,,insufficient,0,,pre_separator,7.0,-117.36690057910411,35.64923515449699
1727,17.0,-8.0,3,0,,,,,,insufficient,0,,pre_separator,7.0,-117.35585835404653,35.64921843106053
1728,18.0,-8.0,3,0,,,,,,insufficient,0,,pre_separator,7.0,-117.34481613373399,35.64920069408871
1729,19.0,-8.0,2,0,,,,,,insufficient,0,,pre_separator,7.0,-117.3337739184456,35.64918194358262
1730,20.0,-8.0,1,0,,,,,,insufficient,0,,pre_separator,7.0,-117.32273170846042,35.649162179543424
1731,21.0,-8.0,1,0,,,,,,insufficient,0,,pre_separator,7.0,-117.31168950405763,35.64914140197236
1732,22.0,-8.0,1,0,,,,,,insufficient,0,,pre_separator,7.0,-117.30064730551626,35.6491196108707
1733,23.0,-8.0,0,0,,,,,,insufficient,0,,pre_separator,7.0,-117.28960511311548,35.64909680623979
1734,24.0,-8.0,0,0,,,,,,insufficient,0,,pre_separator,7.0,-117.27856292713436,35.64907298808106
1735,25.0,-8.0,0,0,,,,,,insufficient,0,,pre_separator,7.0,-117.26752074785202,35.649048156395985
1736,-30.0,-7.0,0,0,,,,,,insufficient,0,,pre_separator,7.0,-117.87488047078197,35.65792156922751
1737,-29.0,-7.0,0,0,,,,,,insufficient,0,,pre_separator,7.0,-117.8638370879811,35.65795147401759
1738,-28.0,-7.0,0,0,,,,,,insufficient,0,,pre_separator,7.0,-117.85279369708148,35.657980365103285
1739,-27.0,-7.0,1,1,2.03,,,,,insufficient,0,,pre_separator,7.0,-117.84175029836234,35.65800824248282
1740,-26.0,-7.0,1,1,2.03,,,,,insufficient,0,,pre_separator,7.0,-117.83070689210294,35.65803510615448
1741,-25.0,-7.0,3,3,2.0366666666666666,,,,,insufficient,0,,pre_separator,7.0,-117.81966347858251,35.65806095611656
1742,-24.0,-7.0,3,3,2.0366666666666666,,,,,insufficient,0,,pre_separator,7.0,-117.80862005808032,35.658085792367494
1743,-23.0,-7.0,3,3,2.0366666666666666,,,,,insufficient,0,,pre_separator,7.0,-117.79757663087565,35.65810961490572
1744,-22.0,-7.0,3,3,2.0366666666666666,,,,,insufficient,0,,pre_separator,7.0,-117.78653319724775,35.658132423729775
1745,-21.0,-7.0,8,3,2.0366666666666666,,,,,insufficient,0,,pre_separator,7.0,-117.77548975747587,35.65815421883822
1746,-20.0,-7.0,11,4,2.06,,,,,insufficient,0,,pre_separator,7.0,-117.76444631183924,35.658175000229726
1747,-19.0,-7.0,11,4,2.06,,,,,insufficient,0,,pre_separator,7.0,-117.75340286061717,35.658194767902984
1748,-18.0,-7.0,12,4,2.06,,,,,insufficient,0,,pre_separator,7.0,-117.7423594040889,35.65821352185679
1749,-17.0,-7.0,14,4,2.06,,,,,insufficient,0,,pre_separator,7.0,-117.73131594253373,35.65823126208996
1750,-16.0,-7.0,16,5,1.948,,,,,insufficient,0,,pre_separator,7.0,-117.72027247623087,35.6582479886014
1751,-15.0,-7.0,17,5,1.948,,,,,insufficient,0,,pre_separator,7.0,-117.70922900545965,35.658263701390084
1752,-14.0,-7.0,19,6,1.96,,,,,insufficient,0,,pre_separator,7.0,-117.69818553049927,35.65827840045502
1753,-13.0,-7.0,22,5,1.7939999999999998,,,,,insufficient,0,,pre_separator,7.0,-117.68714205162905,35.658292085795296
1754,-12.0,-7.0,29,7,1.8528571428571428,,,,,insufficient,0,,pre_separator,7.0,-117.67609856912826,35.65830475741007
1755,-11.0,-7.0,47,12,2.1533333333333333,,,,,insufficient,0,,pre_separator,7.0,-117.66505508327616,35.65831641529856
1756,-10.0,-7.0,67,23,2.2060869565217396,,,,,insufficient,0,,pre_separator,7.0,-117.654011594352,35.65832705946004
1757,-9.0,-7.0,129,52,2.091346153846154,0.7282590473708185,0.7372610347453723,0.10194186772108613,0.5679157911775665,0.9595648237472648,moderately_uncertain,1.0,pre_separator,7.0,-117.6429681026351,35.65833668989385
1758,-8.0,-7.0,217,83,2.040481927710843,0.7961665819540569,0.8007915968787715,0.0896769620948792,0.6576730835081355,1.007200853399802,moderately_uncertain,1.0,pre_separator,7.0,-117.6319246084047,35.65834530659938
1759,-7.0,-7.0,344,141,2.0839716312056735,0.7373775898411528,0.7408837247852293,0.05819571052762801,0.6373937193365442,0.8614203492734713,robust,1.0,pre_separator,7.0,-117.6208811119401,35.65835290957612
1760,-6.0,-7.0,475,213,2.097136150234742,0.7212562835397655,0.721731454386183,0.04893263765792164,0.6336437379764277,0.8179945011136788,robust,1.0,pre_separator,7.0,-117.60983761352055,35.658359498823565
1761,-5.0,-7.0,578,266,2.1125939849624062,0.7032038725728326,0.7096397368554634,0.04028998240278552,0.6373587902887333,0.7898586158516051,robust,1.0,pre_separator,7.0,-117.59879411342533,35.65836507434135
1762,-4.0,-7.0,761,365,2.147452054794521,0.6656343231841393,0.6653341848731004,0.032151380681323345,0.6047899109226097,0.7314780779166722,robust,1.0,pre_separator,7.0,-117.58775061193373,35.65836963612907
1763,-3.0,-7.0,867,409,2.159364303178484,0.6536993029659766,0.6546046662586721,0.03070455695554991,0.5951269431527517,0.7190231634563508,robust,1.0,pre_separator,7.0,-117.57670710932503,35.658373184186495
1764,-2.0,-7.0,983,444,2.1701126126126127,0.6432919098083195,0.6464294784425134,0.028628080730509348,0.5928684081208241,0.7030006395062643,robust,1.0,pre_separator,7.0,-117.56566360587848,35.658375718513376
1765,-1.0,-7.0,1110,492,2.1760772357723575,0.637658196593154,0.6376721440051736,0.02783510493587069,0.5849739113158041,0.6941681844387654,robust,1.0,pre_separator,7.0,-117.55462010187338,35.65837723910957
1766,0.0,-7.0,1223,546,2.182417582417582,0.6317768020653174,0.6314392745996783,0.025851010826360425,0.5842332503968655,0.6856584524435589,robust,1.0,pre_separator,7.0,-117.54357659758901,35.65837774597498
1767,1.0,-7.0,1311,594,2.1998316498316495,0.6161676791996841,0.6162908010460618,0.023510262332302998,0.571847722420557,0.6615360045157541,robust,1.0,pre_separator,7.0,-117.53253309330464,35.65837723910957
1768,2.0,-7.0,1333,611,2.1950736497545007,0.620355418398548,0.6201938010134284,0.02342727966681671,0.575625938220533,0.6664253333716867,robust,1.0,pre_separator,7.0,-117.52148958929953,35.658375718513376
1769,3.0,-7.0,1334,614,2.201254071661238,0.614926694697437,0.6164386343431482,0.023163070570162685,0.5722427558602678,0.6615046581174859,robust,1.0,pre_separator,7.0,-117.51044608585299,35.658373184186495
1770,4.0,-7.0,1279,589,2.198981324278438,0.6169119363335269,0.6173232655742853,0.02336062025351418,0.5771456422965748,0.6639544433910214,robust,1.0,pre_separator,7.0,-117.49940258324429,35.65836963612907
1771,5.0,-7.0,1216,567,2.205643738977072,0.6111282743845627,0.6116624723461541,0.02367669259650078,0.566764772827245,0.6607026110801781,robust,1.0,pre_separator,7.0,-117.48835908175269,35.65836507434135
1772,6.0,-7.0,1141,530,2.2119999999999997,0.605710574481523,0.6074780033602318,0.023810176198861784,0.5645905271656602,0.657257570384731,robust,1.0,pre_separator,7.0,-117.47731558165746,35.658359498823565
1773,7.0,-7.0,1078,496,2.2082459677419353,0.6088986149871752,0.6107086422297109,0.0245484023398808,0.5644895695678561,0.6588282391498594,robust,1.0,pre_separator,7.0,-117.46627208323793,35.65835290957612
1774,8.0,-7.0,993,463,2.2157883369330453,0.6025270660609952,0.6032845420836231,0.02658077298495339,0.5518206543132784,0.6594707812512568,robust,1.0,pre_separator,7.0,-117.45522858677332,35.65834530659938
1775,9.0,-7.0,871,403,2.2088089330024814,0.6084183901656806,0.611311099587638,0.02937643816883062,0.5587835775732287,0.672387029308341,robust,1.0,pre_separator,7.0,-117.44418509254292,35.65833668989385
1776,10.0,-7.0,587,257,2.2115953307392995,0.606052625901424,0.6126308725648915,0.036398601853314505,0.5494307682451104,0.6902272344039607,robust,1.0,pre_separator,7.0,-117.43314160082602,35.65832705946004
1777,11.0,-7.0,334,143,2.2793706293706295,0.5536852932034503,0.5550662835139087,0.04274547569959865,0.4785623341731444,0.6457361579834767,robust,1.0,pre_separator,7.0,-117.42209811190186,35.65831641529856
1778,12.0,-7.0,138,50,2.3487999999999998,0.5086606721752776,0.5223946040384135,0.07501121077805767,0.39496990856809494,0.6858143351647804,moderately_uncertain,1.0,pre_separator,7.0,-117.41105462604976,35.65830475741007
1779,13.0,-7.0,70,27,2.5537037037037034,,,,,insufficient,0,,pre_separator,7.0,-117.40001114354897,35.658292085795296
1780,14.0,-7.0,41,12,2.6950000000000003,,,,,insufficient,0,,pre_separator,7.0,-117.38896766467874,35.65827840045502
1781,15.0,-7.0,21,6,2.473333333333333,,,,,insufficient,0,,pre_separator,7.0,-117.37792418971837,35.658263701390084
1782,16.0,-7.0,10,3,2.2566666666666664,,,,,insufficient,0,,pre_separator,7.0,-117.36688071894714,35.6582479886014
1783,17.0,-7.0,4,1,3.02,,,,,insufficient,0,,pre_separator,7.0,-117.35583725264429,35.65823126208996
1784,18.0,-7.0,3,0,,,,,,insufficient,0,,pre_separator,7.0,-117.34479379108912,35.65821352185679
1785,19.0,-7.0,2,0,,,,,,insufficient,0,,pre_separator,7.0,-117.33375033456085,35.658194767902984
1786,20.0,-7.0,1,0,,,,,,insufficient,0,,pre_separator,7.0,-117.32270688333878,35.658175000229726
1787,21.0,-7.0,1,0,,,,,,insufficient,0,,pre_separator,7.0,-117.31166343770215,35.65815421883822
1788,22.0,-7.0,0,0,,,,,,insufficient,0,,pre_separator,7.0,-117.30061999793027,35.658132423729775
1789,23.0,-7.0,0,0,,,,,,insufficient,0,,pre_separator,7.0,-117.28957656430237,35.65810961490572
1790,24.0,-7.0,0,0,,,,,,insufficient,0,,pre_separator,7.0,-117.2785331370977,35.658085792367494
1791,25.0,-7.0,0,0,,,,,,insufficient,0,,pre_separator,7.0,-117.2674897165955,35.65806095611656
1792,-30.0,-6.0,0,0,,,,,,insufficient,0,,pre_separator,7.0,-117.87491772188667,35.66693432978033
1793,-29.0,-6.0,0,0,,,,,,insufficient,0,,pre_separator,7.0,-117.86387309742662,35.66696424006973
1794,-28.0,-6.0,0,0,,,,,,insufficient,0,,pre_separator,7.0,-117.85282846486332,35.66699313646836
1795,-27.0,-6.0,1,1,2.03,,,,,insufficient,0,,pre_separator,7.0,-117.84178382447614,35.66702101897443
1796,-26.0,-6.0,2,2,2.17,,,,,insufficient,0,,pre_separator,7.0,-117.8307391765445,35.66704788758618
1797,-25.0,-6.0,3,3,2.0366666666666666,,,,,insufficient,0,,pre_separator,7.0,-117.81969452134781,35.66707374230195
1798,-24.0,-6.0,3,3,2.0366666666666666,,,,,insufficient,0,,pre_separator,7.0,-117.80864985916547,35.66709858312017
1799,-23.0,-6.0,3,3,2.0366666666666666,,,,,insufficient,0,,pre_separator,7.0,-117.79760519027691,35.66712241003926
1800,-22.0,-6.0,4,3,2.0366666666666666,,,,,insufficient,0,,pre_separator,7.0,-117.78656051496154,35.66714522305775
1801,-21.0,-6.0,5,3,2.0366666666666666,,,,,insufficient,0,,pre_separator,7.0,-117.77551583349876,35.66716702217423
1802,-20.0,-6.0,9,3,2.0366666666666666,,,,,insufficient,0,,pre_separator,7.0,-117.764471146168,35.66718780738736
1803,-19.0,-6.0,11,4,2.06,,,,,insufficient,0,,pre_separator,7.0,-117.7534264532487,35.667207578695816
1804,-18.0,-6.0,12,4,2.06,,,,,insufficient,0,,pre_separator,7.0,-117.74238175502025,35.6672263360984
1805,-17.0,-6.0,12,4,2.06,,,,,insufficient,0,,pre_separator,7.0,-117.73133705176205,35.66724407959395
1806,-16.0,-6.0,14,4,2.06,,,,,insufficient,0,,pre_separator,7.0,-117.72029234375357,35.667260809181336
1807,-15.0,-6.0,17,6,1.96,,,,,insufficient,0,,pre_separator,7.0,-117.70924763127421,35.667276524859545
1808,-14.0,-6.0,19,6,1.96,,,,,insufficient,0,,pre_separator,7.0,-117.69820291460339,35.66729122662759
1809,-13.0,-6.0,23,5,1.9460000000000002,,,,,insufficient,0,,pre_separator,7.0,-117.68715819402051,35.66730491448456
1810,-12.0,-6.0,26,5,1.768,,,,,insufficient,0,,pre_separator,7.0,-117.67611346980509,35.66731758842961
1811,-11.0,-6.0,36,11,2.0509090909090912,,,,,insufficient,0,,pre_separator,7.0,-117.66506874223646,35.667329248461954
1812,-10.0,-6.0,55,20,2.2185,,,,,insufficient,0,,pre_separator,7.0,-117.65402401159407,35.66733989458086
1813,-9.0,-6.0,92,34,2.1208823529411767,0.6938915594318871,0.7153800695361605,0.13238741689006853,0.5182108607721748,1.0366692585119148,exploratory,1.0,pre_separator,7.0,-117.6429792781574,35.667349526785685
1814,-8.0,-6.0,151,62,2.089193548387097,0.7308973365364171,0.742122822698597,0.10001681623691945,0.5767493765336318,0.9693104744771955,moderately_uncertain,1.0,pre_separator,7.0,-117.63193454220583,35.6673581450758
1815,-7.0,-6.0,247,103,2.099902912621359,0.7179573330556929,0.7222201798932669,0.07307327462859672,0.60076916774584,0.88484276751899,robust,1.0,pre_separator,7.0,-117.62088980401879,35.667365749450695
1816,-6.0,-6.0,372,161,2.094409937888199,0.724536672570577,0.7255591914517882,0.056362925374269145,0.6174925011148572,0.8479667751984928,robust,1.0,pre_separator,7.0,-117.60984506387572,35.667372339909896
1817,-5.0,-6.0,499,226,2.1495575221238936,0.663493225918576,0.670020446005619,0.04264282615599356,0.5980927282628146,0.7589554313797895,robust,1.0,pre_separator,7.0,-117.59880032205608,35.667377916452985
1818,-4.0,-6.0,732,349,2.175300859598854,0.6383859079045378,0.6391090963347271,0.03170083838991121,0.5805641426009205,0.7067323232371128,robust,1.0,pre_separator,7.0,-117.58775557883926,35.66738247907961
1819,-3.0,-6.0,917,436,2.1770183486238532,0.6367782960378591,0.6378659969426623,0.03036322258584884,0.5854523273814254,0.7000153441833169,robust,1.0,pre_separator,7.0,-117.57671083450471,35.66738602778951
1820,-2.0,-6.0,1098,504,2.1835119047619043,0.6307726546187115,0.6330067266672036,0.026944157455876493,0.5872037756148802,0.6913704912005915,robust,1.0,pre_separator,7.0,-117.56566608933186,35.66738856258246
1821,-1.0,-6.0,1294,589,2.1858573853989816,0.6286311633658509,0.6303808124320803,0.02320921283578903,0.5885344923904091,0.6771511992957964,robust,1.0,pre_separator,7.0,-117.55462134360015,35.667390083458294
1822,0.0,-6.0,1418,655,2.1900763358778628,0.6248155195137661,0.624280762205394,0.023338038268942693,0.5792420006122885,0.6735849163462534,robust,1.0,pre_separator,7.0,-117.54357659758901,35.667390590416915
1823,1.0,-6.0,1477,686,2.195860058309038,0.6196593410545781,0.6217187470670544,0.021628316215393087,0.5773538646645172,0.6629556440674651,robust,1.0,pre_separator,7.0,-117.53253185157787,35.667390083458294
1824,2.0,-6.0,1488,699,2.1973390557939916,0.6183544519139458,0.6178172159944776,0.02163969521108872,0.5772799455599539,0.663966650688202,robust,1.0,pre_separator,7.0,-117.52148710584616,35.66738856258246
1825,3.0,-6.0,1423,670,2.203208955223881,0.6132293000530634,0.6149457904139525,0.021313232439363297,0.5725344135304596,0.658918235036398,robust,1.0,pre_separator,7.0,-117.51044236067331,35.66738602778951
1826,4.0,-6.0,1348,621,2.2106280193236714,0.6068718247137621,0.6077498820054161,0.021815560144208837,0.5688804220501138,0.65387837902103,robust,1.0,pre_separator,7.0,-117.49939761633875,35.66738247907961
1827,5.0,-6.0,1281,589,2.2083870967741936,0.6087781568618948,0.6072087669517812,0.023659454369721954,0.5624116702527955,0.6542846741868281,robust,1.0,pre_separator,7.0,-117.48835287312194,35.667377916452985
1828,6.0,-6.0,1191,553,2.207305605786618,0.6097024625036452,0.6104533423868422,0.024552427572192025,0.5656667736557185,0.6615772340045726,robust,1.0,pre_separator,7.0,-117.4773081313023,35.667372339909896
1829,7.0,-6.0,1085,501,2.2043313373253492,0.6122589811706766,0.6136786411680983,0.025322019696032625,0.5650180655038862,0.6694159857529577,robust,1.0,pre_separator,7.0,-117.46626339115922,35.667365749450695
1830,8.0,-6.0,1019,470,2.2106382978723405,0.6068631083529905,0.6100096957079273,0.027300210158782708,0.5590077312241029,0.6658376082504402,robust,1.0,pre_separator,7.0,-117.45521865297219,35.6673581450758
1831,9.0,-6.0,907,419,2.2142243436754176,0.6038372946108825,0.6073510880168926,0.028401373385503602,0.5520589693573865,0.6639925312515518,robust,1.0,pre_separator,7.0,-117.44417391702062,35.667349526785685
1832,10.0,-6.0,657,291,2.2159793814432986,0.6023674089456702,0.6042907387176608,0.033986775547303,0.5430392999292428,0.6755589905565644,robust,1.0,pre_separator,7.0,-117.43312918358393,35.66733989458086
1833,11.0,-6.0,484,219,2.199178082191781,0.6167395618896485,0.6179277685132927,0.03945792974625024,0.5446627140435267,0.6973641197315857,robust,1.0,pre_separator,7.0,-117.42208445294156,35.667329248461954
1834,12.0,-6.0,231,103,2.3166019417475727,0.5285947608394085,0.5338034985181079,0.04672049015825805,0.45659261130567497,0.6318148278570882,robust,1.0,pre_separator,7.0,-117.41103972537293,35.66731758842961
1835,13.0,-6.0,92,39,2.3876923076923076,0.4864996350488819,0.49247506920849027,0.07186108945276042,0.3684825704907028,0.6449438667990351,exploratory,1.0,pre_separator,7.0,-117.39999500115749,35.66730491448456
1836,14.0,-6.0,47,13,2.706153846153846,,,,,insufficient,0,,pre_separator,7.0,-117.38895028057463,35.66729122662759
1837,15.0,-6.0,22,6,2.473333333333333,,,,,insufficient,0,,pre_separator,7.0,-117.37790556390381,35.667276524859545
1838,16.0,-6.0,13,3,2.2566666666666664,,,,,insufficient,0,,pre_separator,7.0,-117.36686085142443,35.667260809181336
1839,17.0,-6.0,5,1,3.02,,,,,insufficient,0,,pre_separator,7.0,-117.35581614341596,35.66724407959395
1840,18.0,-6.0,4,1,3.02,,,,,insufficient,0,,pre_separator,7.0,-117.34477144015777,35.6672263360984
1841,19.0,-6.0,2,0,,,,,,insufficient,0,,pre_separator,7.0,-117.33372674192931,35.667207578695816
1842,20.0,-6.0,1,0,,,,,,insufficient,0,,pre_separator,7.0,-117.32268204901001,35.66718780738736
1843,21.0,-6.0,1,0,,,,,,insufficient,0,,pre_separator,7.0,-117.31163736167926,35.66716702217423
1844,22.0,-6.0,0,0,,,,,,insufficient,0,,pre_separator,7.0,-117.30059268021648,35.66714522305775
1845,23.0,-6.0,0,0,,,,,,insufficient,0,,pre_separator,7.0,-117.2895480049011,35.66712241003926
1846,24.0,-6.0,0,0,,,,,,insufficient,0,,pre_separator,7.0,-117.27850333601253,35.66709858312017
1847,25.0,-6.0,0,0,,,,,,insufficient,0,,pre_separator,7.0,-117.2674586738302,35.66707374230195
1848,-30.0,-5.0,0,0,,,,,,insufficient,0,,pre_separator,7.0,-117.87495498680828,35.67594707678854
1849,-29.0,-5.0,0,0,,,,,,insufficient,0,,pre_separator,7.0,-117.86390912022851,35.675976992579
1850,-28.0,-5.0,0,0,,,,,,insufficient,0,,pre_separator,7.0,-117.85286324554097,35.67600589429221
1851,-27.0,-5.0,1,1,2.03,,,,,insufficient,0,,pre_separator,7.0,-117.84181736302521,35.67603378192637
1852,-26.0,-5.0,2,2,2.17,,,,,insufficient,0,,pre_separator,7.0,-117.83077147296079,35.676060655479766
1853,-25.0,-5.0,3,3,2.0366666666666666,,,,,insufficient,0,,pre_separator,7.0,-117.8197255756273,35.67608651495072
1854,-24.0,-5.0,3,3,2.0366666666666666,,,,,insufficient,0,,pre_separator,7.0,-117.80867967130425,35.67611136033764
1855,-23.0,-5.0,4,3,2.0366666666666666,,,,,insufficient,0,,pre_separator,7.0,-117.79763376027127,35.67613519163895
1856,-22.0,-5.0,4,3,2.0366666666666666,,,,,insufficient,0,,pre_separator,7.0,-117.78658784280788,35.67615800885321
1857,-21.0,-5.0,5,3,2.0366666666666666,,,,,insufficient,0,,pre_separator,7.0,-117.77554191919369,35.67617981197896
1858,-20.0,-5.0,5,3,2.0366666666666666,,,,,insufficient,0,,pre_separator,7.0,-117.76449598970822,35.67620060101491
1859,-19.0,-5.0,9,3,2.0366666666666666,,,,,insufficient,0,,pre_separator,7.0,-117.7534500546311,35.67622037595971
1860,-18.0,-5.0,11,3,2.0366666666666666,,,,,insufficient,0,,pre_separator,7.0,-117.74240411424188,35.67623913681214
1861,-17.0,-5.0,13,4,2.06,,,,,insufficient,0,,pre_separator,7.0,-117.73135816882014,35.67625688357107
1862,-16.0,-5.0,13,4,2.06,,,,,insufficient,0,,pre_separator,7.0,-117.72031221864545,35.67627361623537
1863,-15.0,-5.0,15,5,2.052,,,,,insufficient,0,,pre_separator,7.0,-117.70926626399736,35.67628933480401
1864,-14.0,-5.0,17,5,2.052,,,,,insufficient,0,,pre_separator,7.0,-117.69822030515553,35.67630403927601
1865,-13.0,-5.0,21,5,1.9739999999999998,,,,,insufficient,0,,pre_separator,7.0,-117.68717434239949,35.67631772965046
1866,-12.0,-5.0,22,4,1.7325,,,,,insufficient,0,,pre_separator,7.0,-117.6761283760088,35.6763304059265
1867,-11.0,-5.0,26,6,1.765,,,,,insufficient,0,,pre_separator,7.0,-117.6650824062631,35.67634206810337
1868,-10.0,-5.0,40,18,2.063888888888889,,,,,insufficient,0,,pre_separator,7.0,-117.65403643344192,35.676352716180325
1869,-9.0,-5.0,58,23,2.2317391304347827,,,,,insufficient,0,,pre_separator,7.0,-117.6429904578249,35.676362350156694
1870,-8.0,-5.0,112,41,2.087317073170732,0.7332128374730624,0.7601225119233405,0.11932524113044286,0.570058925855658,1.027485984306894,exploratory,1.0,pre_separator,7.0,-117.63194447969155,35.6763709700319
1871,-7.0,-5.0,174,72,2.1504166666666666,0.662623494321554,0.6725454941158738,0.08005954500424939,0.5314054504814505,0.8501920095682426,moderately_uncertain,1.0,pre_separator,7.0,-117.62089849932154,35.676378575805394
1872,-6.0,-5.0,268,115,2.1348695652173912,0.6787234547648836,0.6830056128877202,0.06428317550786793,0.5691527979668886,0.8105372107562683,robust,1.0,pre_separator,7.0,-117.6098525169944,35.67638516747672
1873,-5.0,-5.0,479,224,2.204955357142857,0.6117208322098246,0.6136093411484567,0.03775252800259512,0.5367329449652948,0.6857823842175649,robust,1.0,pre_separator,7.0,-117.59880653298971,35.67639074504545
1874,-4.0,-5.0,730,350,2.193142857142857,0.6220710810973528,0.6252611123234044,0.031821962740420054,0.5665351347129287,0.6912499032893292,robust,1.0,pre_separator,7.0,-117.58776054758711,35.67639530851125
1875,-3.0,-5.0,1018,469,2.1789339019189766,0.6349948155585088,0.6359935536780247,0.027966475503025463,0.5886526440284358,0.6931933188510789,robust,1.0,pre_separator,7.0,-117.57671456106613,35.676398857873835
1876,-2.0,-5.0,1249,571,2.1737653239929946,0.6398300952506143,0.6420527714658549,0.024679900531900674,0.5977122419133447,0.6906231360462413,robust,1.0,pre_separator,7.0,-117.5656685737064,35.67640139313298
1877,-1.0,-5.0,1431,653,2.174670750382848,0.6389777427653321,0.6393552524346844,0.02392662293438372,0.5934928812485336,0.6855773786685277,robust,1.0,pre_separator,7.0,-117.55462258578751,35.67640291428854
1878,0.0,-5.0,1531,703,2.1823613086770983,0.6318285251450927,0.6318803028965903,0.021740851538978673,0.5907992432565453,0.675911837047458,robust,1.0,pre_separator,7.0,-117.54357659758901,35.676403421340396
1879,1.0,-5.0,1614,752,2.1936170212765957,0.6216488700914523,0.6222561300182556,0.0205868418488519,0.5844911230564149,0.6670743940149758,robust,1.0,pre_separator,7.0,-117.5325306093905,35.67640291428854
1880,2.0,-5.0,1602,753,2.1959229747675963,0.619603719006714,0.6197796485248289,0.019917088994198282,0.582471424806796,0.6613716733506931,robust,1.0,pre_separator,7.0,-117.52148462147161,35.67640139313298
1881,3.0,-5.0,1538,724,2.2025276243093925,0.6138198241053279,0.6151856779903364,0.021139137970980958,0.576282172767931,0.6602265572501561,robust,1.0,pre_separator,7.0,-117.51043863411189,35.676398857873835
1882,4.0,-5.0,1437,673,2.205156017830609,0.6115479852299759,0.6145071662696207,0.020544753205100227,0.5763398740631516,0.6570336461458559,robust,1.0,pre_separator,7.0,-117.49939264759091,35.67639530851125
1883,5.0,-5.0,1327,617,2.2081685575364665,0.6089647073105084,0.6109147498798311,0.02138147058863002,0.5738304015750336,0.654373738541568,robust,1.0,pre_separator,7.0,-117.48834666218829,35.67639074504545
1884,6.0,-5.0,1220,560,2.209035714285714,0.6082251534682664,0.6069436360285813,0.021556096536772682,0.567316547449839,0.6489634953577058,robust,1.0,pre_separator,7.0,-117.47730067818362,35.67638516747672
1885,7.0,-5.0,1126,520,2.2036346153846154,0.6128609476232488,0.6157592637905724,0.025073352771727835,0.5692485329831276,0.664490660449802,robust,1.0,pre_separator,7.0,-117.46625469585648,35.676378575805394
1886,8.0,-5.0,1029,477,2.199496855345912,0.6164604974567425,0.6183236280800006,0.02556042843968939,0.5700232088220886,0.6700155022918226,robust,1.0,pre_separator,7.0,-117.45520871548646,35.6763709700319
1887,9.0,-5.0,928,432,2.2080787037037037,0.6090414419159382,0.6113980146496192,0.027610373064734923,0.5568844830496813,0.6651453742567713,robust,1.0,pre_separator,7.0,-117.44416273735312,35.676362350156694
1888,10.0,-5.0,696,312,2.231346153846154,0.5897966325142098,0.590864686880868,0.031172834149039822,0.5345055644703809,0.6544789144462312,robust,1.0,pre_separator,7.0,-117.4331167617361,35.676352716180325
1889,11.0,-5.0,511,230,2.204173913043478,0.6123948920222423,0.613892111623487,0.03725822331822905,0.5435369371180065,0.68828787695548,robust,1.0,pre_separator,7.0,-117.42207078891492,35.67634206810337
1890,12.0,-5.0,360,174,2.2402873563218386,0.5827208501786386,0.5861488333769755,0.03827252166231495,0.5200086405750928,0.6668850295767238,robust,1.0,pre_separator,7.0,-117.41102481916921,35.6763304059265
1891,13.0,-5.0,115,46,2.3493478260869565,0.5083345080801421,0.523170932935828,0.0755615662131681,0.40370304579719385,0.6929176148550571,exploratory,1.0,pre_separator,7.0,-117.39997885277853,35.67631772965046
1892,14.0,-5.0,51,18,2.4972222222222222,,,,,insufficient,0,,pre_separator,7.0,-117.38893289002247,35.67630403927601
1893,15.0,-5.0,22,6,2.473333333333333,,,,,insufficient,0,,pre_separator,7.0,-117.37788693118065,35.67628933480401
1894,16.0,-5.0,13,3,2.2566666666666664,,,,,insufficient,0,,pre_separator,7.0,-117.36684097653257,35.67627361623537
1895,17.0,-5.0,6,1,3.02,,,,,insufficient,0,,pre_separator,7.0,-117.35579502635788,35.67625688357107
1896,18.0,-5.0,5,1,3.02,,,,,insufficient,0,,pre_separator,7.0,-117.34474908093614,35.67623913681214
1897,19.0,-5.0,1,0,,,,,,insufficient,0,,pre_separator,7.0,-117.33370314054692,35.67622037595971
1898,20.0,-5.0,1,0,,,,,,insufficient,0,,pre_separator,7.0,-117.3226572054698,35.67620060101491
1899,21.0,-5.0,1,0,,,,,,insufficient,0,,pre_separator,7.0,-117.31161127598433,35.67617981197896
1900,22.0,-5.0,0,0,,,,,,insufficient,0,,pre_separator,7.0,-117.30056535237014,35.67615800885321
1901,23.0,-5.0,0,0,,,,,,insufficient,0,,pre_separator,7.0,-117.28951943490675,35.67613519163895
1902,24.0,-5.0,0,0,,,,,,insufficient,0,,pre_separator,7.0,-117.27847352387377,35.67611136033764
1903,25.0,-5.0,0,0,,,,,,insufficient,0,,pre_separator,7.0,-117.26742761955072,35.67608651495072
1904,-30.0,-4.0,0,0,,,,,,insufficient,0,,pre_separator,7.0,-117.87499226555326,35.68495981025072
1905,-29.0,-4.0,0,0,,,,,,insufficient,0,,pre_separator,7.0,-117.86394515639302,35.684989731543936
1906,-28.0,-4.0,0,0,,,,,,insufficient,0,,pre_separator,7.0,-117.8528980391205,35.68501863857338
1907,-27.0,-4.0,1,1,2.03,,,,,insufficient,0,,pre_separator,7.0,-117.8418509140154,35.68504653133726
1908,-26.0,-4.0,2,2,2.17,,,,,insufficient,0,,pre_separator,7.0,-117.83080378135747,35.685073409833834
1909,-25.0,-4.0,3,3,2.0366666666666666,,,,,insufficient,0,,pre_separator,7.0,-117.81975664142638,35.68509927406146
1910,-24.0,-4.0,3,3,2.0366666666666666,,,,,insufficient,0,,pre_separator,7.0,-117.80870949450187,35.685124124018486
1911,-23.0,-4.0,4,3,2.0366666666666666,,,,,insufficient,0,,pre_separator,7.0,-117.79766234086368,35.6851479597034
1912,-22.0,-4.0,4,3,2.0366666666666666,,,,,insufficient,0,,pre_separator,7.0,-117.7866151807915,35.68517078111472
1913,-21.0,-4.0,5,3,2.0366666666666666,,,,,insufficient,0,,pre_separator,7.0,-117.7755680145651,35.68519258825102
1914,-20.0,-4.0,6,3,2.0366666666666666,,,,,insufficient,0,,pre_separator,7.0,-117.76452084246417,35.68521338111095
1915,-19.0,-4.0,7,3,2.0366666666666666,,,,,insufficient,0,,pre_separator,7.0,-117.75347366476846,35.68523315969322
1916,-18.0,-4.0,9,3,2.0366666666666666,,,,,insufficient,0,,pre_separator,7.0,-117.7424264817577,35.6852519239966
1917,-17.0,-4.0,10,3,2.0366666666666666,,,,,insufficient,0,,pre_separator,7.0,-117.73137929371161,35.68526967401993
1918,-16.0,-4.0,13,3,2.0366666666666666,,,,,insufficient,0,,pre_separator,7.0,-117.72033210090994,35.6852864097621
1919,-15.0,-4.0,15,4,2.0324999999999998,,,,,insufficient,0,,pre_separator,7.0,-117.70928490363241,35.68530213122208
1920,-14.0,-4.0,17,5,1.954,,,,,insufficient,0,,pre_separator,7.0,-117.69823770215875,35.68531683839886
1921,-13.0,-4.0,17,4,1.935,,,,,insufficient,0,,pre_separator,7.0,-117.68719049676874,35.68533053129157
1922,-12.0,-4.0,15,3,1.8099999999999998,,,,,insufficient,0,,pre_separator,7.0,-117.67614328774204,35.685343209899344
1923,-11.0,-4.0,19,5,1.762,,,,,insufficient,0,,pre_separator,7.0,-117.66509607535846,35.685354874221396
1924,-10.0,-4.0,28,10,1.925,,,,,insufficient,0,,pre_separator,7.0,-117.6540488598977,35.685365524257
1925,-9.0,-4.0,39,17,2.051764705882353,,,,,insufficient,0,,pre_separator,7.0,-117.64300164163953,35.685375160005485
1926,-8.0,-4.0,78,27,2.122592592592593,,,,,insufficient,0,,pre_separator,7.0,-117.63195442086365,35.685383781466264
1927,-7.0,-4.0,137,53,2.236415094339623,0.5857642840277985,0.5993263692541068,0.08373968091396156,0.4585326691776258,0.7864094081937391,moderately_uncertain,1.0,pre_separator,7.0,-117.62090719784982,35.685391388638806
1928,-6.0,-4.0,242,108,2.301111111111111,0.538752630893076,0.5423909093059911,0.04795277366625678,0.4554199516090679,0.6473003780401341,robust,1.0,pre_separator,7.0,-117.6098599728778,35.68539798152263
1929,-5.0,-4.0,404,185,2.2016216216216216,0.6146068399472296,0.6192411386786939,0.042564267841563724,0.5355095048947262,0.7037628720488555,robust,1.0,pre_separator,7.0,-117.59881274622734,35.68540356011732
1930,-4.0,-4.0,748,341,2.181348973607038,0.6327604449102049,0.636805562360048,0.03165673925468316,0.5761033479477403,0.7050285457526927,robust,1.0,pre_separator,7.0,-117.58776551817813,35.685408124422544
1931,-3.0,-4.0,1146,531,2.1856873822975516,0.6287858921913179,0.6307423257631931,0.0242947169813763,0.5873956955039932,0.6770222637798758,robust,1.0,pre_separator,7.0,-117.57671828900995,35.685411674438015
1932,-2.0,-4.0,1377,630,2.192698412698413,0.622467349787393,0.6245136799824604,0.022679555375058797,0.5822803128400338,0.6741436339738242,robust,1.0,pre_separator,7.0,-117.56567105900254,35.68541421016351
1933,-1.0,-4.0,1537,696,2.184324712643678,0.6300288876016911,0.6308701417133964,0.02266802982052349,0.5911472837511997,0.6757860748184679,robust,1.0,pre_separator,7.0,-117.55462382843564,35.685415731598866
1934,0.0,-4.0,1652,762,2.1886876640419946,0.6260663183379898,0.6282542511555032,0.0203092495185455,0.5891176078462601,0.6681929114557875,robust,1.0,pre_separator,7.0,-117.54357659758901,35.685416238744
1935,1.0,-4.0,1702,789,2.194359949302915,0.6209884943170304,0.6214442745112446,0.019305436248553402,0.5859919964578677,0.658585371069516,robust,1.0,pre_separator,7.0,-117.53252936674237,35.685415731598866
1936,2.0,-4.0,1661,780,2.1944230769230773,0.6209324459436096,0.622002031884459,0.020404769716380975,0.5830614321752527,0.6644779961077464,robust,1.0,pre_separator,7.0,-117.52148213617548,35.68541421016351
1937,3.0,-4.0,1623,761,2.1977923784494084,0.6179555943128588,0.6182870543683696,0.020516513994604232,0.5801296168904049,0.6581863182166001,robust,1.0,pre_separator,7.0,-117.51043490616807,35.685411674438015
1938,4.0,-4.0,1543,722,2.2014542936288084,0.6147524133124496,0.6157537992571306,0.02016412543605429,0.5770667969231538,0.653846611581018,robust,1.0,pre_separator,7.0,-117.49938767699987,35.685408124422544
1939,5.0,-4.0,1387,648,2.199938271604938,0.6160744839608303,0.6169131555985246,0.02163383310325053,0.5729321717892896,0.6615172875496719,robust,1.0,pre_separator,7.0,-117.48834044895068,35.68540356011732
1940,6.0,-4.0,1239,574,2.2161324041811845,0.6022395878831363,0.6035561136282286,0.021583276942393544,0.5662083005797199,0.6514169224738996,robust,1.0,pre_separator,7.0,-117.47729322230022,35.68539798152263
1941,7.0,-4.0,1142,526,2.2027376425855514,0.6136376755610455,0.613324435480971,0.023564094228316755,0.5699309344987002,0.6597421814931174,robust,1.0,pre_separator,7.0,-117.46624599732819,35.685391388638806
1942,8.0,-4.0,1041,478,2.2054184100418412,0.6113221106948415,0.6119510096882422,0.025254594425254673,0.5689023788821098,0.659632519804821,robust,1.0,pre_separator,7.0,-117.45519877431437,35.685383781466264
1943,9.0,-4.0,898,414,2.202101449275362,0.614189777645509,0.6171230934442644,0.028160783888011947,0.5664104251575598,0.6738036643248997,robust,1.0,pre_separator,7.0,-117.44415155353849,35.685375160005485
1944,10.0,-4.0,702,316,2.2334810126582276,0.5880916021658709,0.5893069841087842,0.028746996681550053,0.5389269264290828,0.648299536212952,robust,1.0,pre_separator,7.0,-117.43310433528032,35.685365524257
1945,11.0,-4.0,525,239,2.2117573221757327,0.6059156543876543,0.6077312967010482,0.03424078606636794,0.5460134215825848,0.6825545877599727,robust,1.0,pre_separator,7.0,-117.42205711981956,35.685354874221396
1946,12.0,-4.0,387,185,2.239945945945946,0.5829879124340716,0.5844862140832386,0.0387293765791959,0.5156033128406199,0.6637501886043478,robust,1.0,pre_separator,7.0,-117.41100990743598,35.685343209899344
1947,13.0,-4.0,181,85,2.229882352941176,0.5909714393944836,0.597636055822157,0.06629417109363007,0.4812772962395483,0.7456066590037657,moderately_uncertain,1.0,pre_separator,7.0,-117.39996269840928,35.68533053129157
1948,14.0,-4.0,50,21,2.4128571428571433,,,,,insufficient,0,,pre_separator,7.0,-117.38891549301927,35.68531683839886
1949,15.0,-4.0,25,8,2.3362499999999997,,,,,insufficient,0,,pre_separator,7.0,-117.37786829154561,35.68530213122208
1950,16.0,-4.0,12,2,2.605,,,,,insufficient,0,,pre_separator,7.0,-117.36682109426808,35.6852864097621
1951,17.0,-4.0,6,1,3.02,,,,,insufficient,0,,pre_separator,7.0,-117.3557739014664,35.68526967401993
1952,18.0,-4.0,6,1,3.02,,,,,insufficient,0,,pre_separator,7.0,-117.34472671342031,35.6852519239966
1953,19.0,-4.0,2,0,,,,,,insufficient,0,,pre_separator,7.0,-117.33367953040955,35.68523315969322
1954,20.0,-4.0,1,0,,,,,,insufficient,0,,pre_separator,7.0,-117.32263235271385,35.68521338111095
1955,21.0,-4.0,0,0,,,,,,insufficient,0,,pre_separator,7.0,-117.31158518061292,35.68519258825102
1956,22.0,-4.0,0,0,,,,,,insufficient,0,,pre_separator,7.0,-117.3005380143865,35.68517078111472
1957,23.0,-4.0,0,0,,,,,,insufficient,0,,pre_separator,7.0,-117.28949085431434,35.6851479597034
1958,24.0,-4.0,0,0,,,,,,insufficient,0,,pre_separator,7.0,-117.27844370067615,35.685124124018486
1959,25.0,-4.0,0,0,,,,,,insufficient,0,,pre_separator,7.0,-117.26739655375164,35.68509927406146
1960,-30.0,-3.0,0,0,,,,,,insufficient,0,,pre_separator,7.0,-117.87502955812808,35.69397253016545
1961,-29.0,-3.0,0,0,,,,,,insufficient,0,,pre_separator,7.0,-117.86398120592642,35.69400245696314
1962,-28.0,-3.0,0,0,,,,,,insufficient,0,,pre_separator,7.0,-117.85293284560795,35.694031369310494
1963,-27.0,-3.0,0,0,,,,,,insufficient,0,,pre_separator,7.0,-117.84188447745257,35.694059267205674
1964,-26.0,-3.0,2,2,2.17,,,,,insufficient,0,,pre_separator,7.0,-117.83083610174012,35.694086150646974
1965,-25.0,-3.0,3,3,2.0366666666666666,,,,,insufficient,0,,pre_separator,7.0,-117.81978771875048,35.69411201963274
1966,-24.0,-3.0,4,3,2.0366666666666666,,,,,insufficient,0,,pre_separator,7.0,-117.80873932876351,35.694136874161316
1967,-23.0,-3.0,4,3,2.0366666666666666,,,,,insufficient,0,,pre_separator,7.0,-117.79769093205914,35.69416071423119
1968,-22.0,-3.0,4,3,2.0366666666666666,,,,,insufficient,0,,pre_separator,7.0,-117.78664252891721,35.69418353984088
1969,-21.0,-3.0,5,3,2.0366666666666666,,,,,insufficient,0,,pre_separator,7.0,-117.7755941196176,35.69420535098896
1970,-20.0,-3.0,7,3,2.0366666666666666,,,,,insufficient,0,,pre_separator,7.0,-117.76454570444022,35.69422614767409
1971,-19.0,-3.0,7,3,2.0366666666666666,,,,,insufficient,0,,pre_separator,7.0,-117.75349728366493,35.69424592989497
1972,-18.0,-3.0,8,3,2.0366666666666666,,,,,insufficient,0,,pre_separator,7.0,-117.74244885757165,35.694264697650354
1973,-17.0,-3.0,8,3,2.0366666666666666,,,,,insufficient,0,,pre_separator,7.0,-117.73140042644022,35.6942824509391
1974,-16.0,-3.0,9,3,2.0366666666666666,,,,,insufficient,0,,pre_separator,7.0,-117.72035199055057,35.6942991897601
1975,-15.0,-3.0,12,5,1.954,,,,,insufficient,0,,pre_separator,7.0,-117.70930355018255,35.6943149141123
1976,-14.0,-3.0,12,4,1.935,,,,,insufficient,0,,pre_separator,7.0,-117.6982551056161,35.69432962399474
1977,-13.0,-3.0,14,4,1.935,,,,,insufficient,0,,pre_separator,7.0,-117.68720665713107,35.69434331940649
1978,-12.0,-3.0,15,2,1.83,,,,,insufficient,0,,pre_separator,7.0,-117.6761582050074,35.69435600034672
1979,-11.0,-3.0,17,4,1.8,,,,,insufficient,0,,pre_separator,7.0,-117.66510974952492,35.69436766681463
1980,-10.0,-3.0,21,6,1.7716666666666667,,,,,insufficient,0,,pre_separator,7.0,-117.65406129096357,35.69437831880949
1981,-9.0,-3.0,28,10,1.9609999999999999,,,,,insufficient,0,,pre_separator,7.0,-117.64301282960322,35.694387956330644
1982,-8.0,-3.0,49,18,2.0144444444444445,,,,,insufficient,0,,pre_separator,7.0,-117.6319643657238,35.694396579377496
1983,-7.0,-3.0,132,59,2.3189830508474576,0.52706725151274,0.5350943544114,0.06391710717705934,0.4302680261902871,0.6746953232702132,moderately_uncertain,1.0,pre_separator,7.0,-117.62091589960521,35.69440418794952
1984,-6.0,-3.0,262,118,2.2783898305084747,0.5543785035112907,0.5572714904873322,0.04733247345432219,0.47747914485519494,0.6656050904272857,robust,1.0,pre_separator,7.0,-117.6098674315273,35.69441078204622
1985,-5.0,-3.0,438,192,2.2177083333333334,0.600926351437189,0.6062104826204227,0.041691504522980934,0.529350683136573,0.6855970993486566,robust,1.0,pre_separator,7.0,-117.59881896177,35.694416361667194
1986,-4.0,-3.0,702,317,2.1937854889589907,0.6214989989993038,0.6226706748390497,0.030432019473445204,0.5680703810422695,0.6835040443406,robust,1.0,pre_separator,7.0,-117.58777049061318,35.6944209268121
1987,-3.0,-3.0,1137,535,2.1920934579439253,0.6230075421797844,0.6242852372263351,0.024208306688511125,0.5847199818932983,0.6754070042529107,robust,1.0,pre_separator,7.0,-117.5767220183368,35.694424477480666
1988,-2.0,-3.0,1362,624,2.1918589743589743,0.6232171757603467,0.6232795998696944,0.02401733070967553,0.5772910597954419,0.6719138459429531,robust,1.0,pre_separator,7.0,-117.56567354522072,35.694427013672644
1989,-1.0,-3.0,1511,685,2.18770802919708,0.626951707787542,0.6284947218815197,0.02246703043983466,0.5913793282032848,0.6767299145633585,robust,1.0,pre_separator,7.0,-117.5546250715448,35.69442853538789
1990,0.0,-3.0,1644,766,2.204308093994778,0.6122790442970036,0.6140688704533931,0.020274229186473747,0.5747452545510022,0.6523915973872859,robust,1.0,pre_separator,7.0,-117.54357659758901,35.69442904262632
1991,1.0,-3.0,1703,791,2.2015044247787614,0.6147087925730248,0.616484082954845,0.019782975096387878,0.5808495809808724,0.6558690494438675,robust,1.0,pre_separator,7.0,-117.53252812363321,35.69442853538789
1992,2.0,-3.0,1693,788,2.2055837563451774,0.6111798616633256,0.6115941049975107,0.01934642119984167,0.5765842727513997,0.6507719900867632,robust,1.0,pre_separator,7.0,-117.5214796499573,35.694427013672644
1993,3.0,-3.0,1642,761,2.1994349540078844,0.6165146681497452,0.6169818082017964,0.02066489266684235,0.5806280031051204,0.6580403688054465,robust,1.0,pre_separator,7.0,-117.51043117684122,35.694424477480666
1994,4.0,-3.0,1565,727,2.1986657496561213,0.6171886042705501,0.6181330847459116,0.02154307071689816,0.5783818052881297,0.662345720338503,robust,1.0,pre_separator,7.0,-117.49938270456484,35.6944209268121
1995,5.0,-3.0,1476,688,2.1955087209302326,0.6199701287466277,0.6182480915708832,0.02159159665820272,0.5809338559815546,0.6632043352176662,robust,1.0,pre_separator,7.0,-117.48833423340803,35.694416361667194
1996,6.0,-3.0,1282,597,2.2031490787269683,0.6132811507486222,0.6155853881978703,0.023696012422585976,0.5717816597624927,0.663725860325586,robust,1.0,pre_separator,7.0,-117.47728576365071,35.69441078204622
1997,7.0,-3.0,1153,528,2.201325757575758,0.614864284992001,0.6163761717148305,0.025196123407349023,0.5666849070981042,0.6696580387185376,robust,1.0,pre_separator,7.0,-117.46623729557281,35.69440418794952
1998,8.0,-3.0,1043,478,2.193493723849372,0.621758602940441,0.6226127012330154,0.026703332393876133,0.5740626767186533,0.6786938285914402,robust,1.0,pre_separator,7.0,-117.45518882945422,35.694396579377496
1999,9.0,-3.0,835,381,2.1949081364829395,0.6205021191575159,0.6234281353258386,0.027424768104959592,0.5746960998927492,0.6806341248492609,robust,1.0,pre_separator,7.0,-117.4441403655748,35.694387956330644
2000,10.0,-3.0,694,311,2.230192926045016,0.590721790863178,0.5920217581422003,0.029256954439227868,0.5372352758422357,0.654964286571406,robust,1.0,pre_separator,7.0,-117.43309190421445,35.69437831880949
2001,11.0,-3.0,521,239,2.2034309623430968,0.6130371270996492,0.615156280300757,0.03685549278635378,0.5532533995136043,0.6936992545995665,robust,1.0,pre_separator,7.0,-117.4220434456531,35.69436766681463
2002,12.0,-3.0,387,186,2.229301075268817,0.591439256362607,0.5930373663148917,0.04108880937319977,0.5201784653159129,0.6775265279752571,robust,1.0,pre_separator,7.0,-117.41099499017062,35.69435600034672
2003,13.0,-3.0,214,110,2.320818181818182,0.5258960040660249,0.5312709583239702,0.043324932108339896,0.4515059810808907,0.6179869612653123,robust,1.0,pre_separator,7.0,-117.39994653804695,35.69434331940649
2004,14.0,-3.0,52,23,2.3813043478260876,,,,,insufficient,0,,pre_separator,7.0,-117.38889808956192,35.69432962399474
2005,15.0,-3.0,22,7,2.424285714285715,,,,,insufficient,0,,pre_separator,7.0,-117.37784964499546,35.6943149141123
2006,16.0,-3.0,11,1,3.02,,,,,insufficient,0,,pre_separator,7.0,-117.36680120462745,35.6942991897601
2007,17.0,-3.0,6,1,3.02,,,,,insufficient,0,,pre_separator,7.0,-117.3557527687378,35.6942824509391
2008,18.0,-3.0,4,1,3.02,,,,,insufficient,0,,pre_separator,7.0,-117.34470433760637,35.694264697650354
2009,19.0,-3.0,2,1,3.02,,,,,insufficient,0,,pre_separator,7.0,-117.33365591151308,35.69424592989497
2010,20.0,-3.0,0,0,,,,,,insufficient,0,,pre_separator,7.0,-117.3226074907378,35.69422614767409
2011,21.0,-3.0,0,0,,,,,,insufficient,0,,pre_separator,7.0,-117.31155907556042,35.69420535098896
2012,22.0,-3.0,0,0,,,,,,insufficient,0,,pre_separator,7.0,-117.3005106662608,35.69418353984088
2013,23.0,-3.0,0,0,,,,,,insufficient,0,,pre_separator,7.0,-117.28946226311888,35.69416071423119
2014,24.0,-3.0,0,0,,,,,,insufficient,0,,pre_separator,7.0,-117.27841386641451,35.694136874161316
2015,25.0,-3.0,0,0,,,,,,insufficient,0,,pre_separator,7.0,-117.26736547642754,35.69411201963274
2016,-30.0,-2.0,0,0,,,,,,insufficient,0,,pre_separator,7.0,-117.87506686453929,35.70298523653131
2017,-29.0,-2.0,0,0,,,,,,insufficient,0,,pre_separator,7.0,-117.86401726883501,35.70301516883519
2018,-28.0,-2.0,0,0,,,,,,insufficient,0,,pre_separator,7.0,-117.85296766500943,35.703044086502096
2019,-27.0,-2.0,0,0,,,,,,insufficient,0,,pre_separator,7.0,-117.84191805334254,35.70307198953018
2020,-26.0,-2.0,2,2,2.17,,,,,insufficient,0,,pre_separator,7.0,-117.83086843411436,35.70309887791776
2021,-25.0,-2.0,3,3,2.0366666666666666,,,,,insufficient,0,,pre_separator,7.0,-117.81981880760499,35.703124751663125
2022,-24.0,-2.0,4,3,2.0366666666666666,,,,,insufficient,0,,pre_separator,7.0,-117.8087691740944,35.7031496107647
2023,-23.0,-2.0,4,3,2.0366666666666666,,,,,insufficient,0,,pre_separator,7.0,-117.79771953386263,35.70317345522092
2024,-22.0,-2.0,4,3,2.0366666666666666,,,,,insufficient,0,,pre_separator,7.0,-117.7866698871897,35.70319628503027
2025,-21.0,-2.0,5,3,2.0366666666666666,,,,,insufficient,0,,pre_separator,7.0,-117.77562023435573,35.70321810019141
2026,-20.0,-2.0,7,3,2.0366666666666666,,,,,insufficient,0,,pre_separator,7.0,-117.76457057564069,35.703238900702914
2027,-19.0,-2.0,8,3,2.0366666666666666,,,,,insufficient,0,,pre_separator,7.0,-117.75352091132461,35.703258686563515
2028,-18.0,-2.0,8,3,2.0366666666666666,,,,,insufficient,0,,pre_separator,7.0,-117.74247124168758,35.703277457771996
2029,-17.0,-2.0,9,3,2.0366666666666666,,,,,insufficient,0,,pre_separator,7.0,-117.73142156700959,35.703295214327184
2030,-16.0,-2.0,10,3,2.0366666666666666,,,,,insufficient,0,,pre_separator,7.0,-117.72037188757075,35.70331195622797
2031,-15.0,-2.0,12,5,1.954,,,,,insufficient,0,,pre_separator,7.0,-117.70932220365107,35.703327683473304
2032,-14.0,-2.0,12,4,1.935,,,,,insufficient,0,,pre_separator,7.0,-117.69827251553058,35.703342396062226
2033,-13.0,-2.0,15,4,1.935,,,,,insufficient,0,,pre_separator,7.0,-117.68722282348934,35.70335609399381
2034,-12.0,-2.0,15,3,1.8533333333333335,,,,,insufficient,0,,pre_separator,7.0,-117.67617312780743,35.70336877726722
2035,-11.0,-2.0,19,4,1.8,,,,,insufficient,0,,pre_separator,7.0,-117.66512342876486,35.70338044588166
2036,-10.0,-2.0,19,5,1.762,,,,,insufficient,0,,pre_separator,7.0,-117.6540737266417,35.703391099836395
2037,-9.0,-2.0,28,10,1.9609999999999999,,,,,insufficient,0,,pre_separator,7.0,-117.64302402171798,35.70340073913078
2038,-8.0,-2.0,43,18,2.2372222222222224,,,,,insufficient,0,,pre_separator,7.0,-117.63197431427379,35.703409363764194
2039,-7.0,-2.0,142,71,2.3746478873239436,0.49371400552607286,0.4978948674751006,0.05275155117276224,0.4098086916239256,0.6036550872160582,moderately_uncertain,1.0,pre_separator,7.0,-117.62092460458915,35.70341697373612
2040,-6.0,-2.0,339,153,2.241699346405229,0.5816189393951376,0.582227071998625,0.045996883281039465,0.4980655970909132,0.6743525523203405,robust,1.0,pre_separator,7.0,-117.60987489294413,35.70342356904607
2041,-5.0,-2.0,488,209,2.214210526315789,0.603848895438111,0.6056811046142118,0.041754517266121116,0.5329966873736514,0.69281334796831,robust,1.0,pre_separator,7.0,-117.5988251796188,35.703429149693655
2042,-4.0,-2.0,655,283,2.1941342756183744,0.6211889433101023,0.6236221390988153,0.03539872809487659,0.5539152021263883,0.6941667044311313,robust,1.0,pre_separator,7.0,-117.58777546489317,35.7034337156785
2043,-3.0,-2.0,933,423,2.193144208037825,0.6220698774023519,0.6238470679162503,0.026812334496665844,0.5727937848938849,0.6793579471796983,robust,1.0,pre_separator,7.0,-117.57672574904731,35.70343726700036
2044,-2.0,-2.0,1220,562,2.195711743772242,0.6197904998212987,0.6206070256174908,0.023473596484745188,0.5753180370843896,0.6671324487817311,robust,1.0,pre_separator,7.0,-117.56567603236132,35.70343980365898
2045,-1.0,-2.0,1437,654,2.1895107033639145,0.6253243899621906,0.6265832269585745,0.022153867476705166,0.5864763549300838,0.6705386240641001,robust,1.0,pre_separator,7.0,-117.5546263151152,35.70344132565421
2046,0.0,-2.0,1607,745,2.1992885906040267,0.6166427906077295,0.6173100972347425,0.02088180813609778,0.5782071860203098,0.6581849189910048,robust,1.0,pre_separator,7.0,-117.54357659758901,35.703441832985966
2047,1.0,-2.0,1642,762,2.197729658792651,0.6180107477595389,0.620814239078861,0.02013652064152653,0.5829112120917159,0.659868792801719,robust,1.0,pre_separator,7.0,-117.53252688006282,35.70344132565421
2048,2.0,-2.0,1638,762,2.2057086614173227,0.6110724485011411,0.611688571484629,0.0209979491130999,0.5731766224214786,0.6531453260346599,robust,1.0,pre_separator,7.0,-117.5214771628167,35.70343980365898
2049,3.0,-2.0,1623,755,2.2046092715231786,0.6120191763715788,0.6142931433983181,0.0215795382600033,0.5767679628161596,0.6611257903991274,robust,1.0,pre_separator,7.0,-117.5104274461307,35.70343726700036
2050,4.0,-2.0,1559,719,2.2058275382475663,0.6109702544360291,0.6116423142232837,0.020785973455927614,0.5753223751448248,0.6555247238614702,robust,1.0,pre_separator,7.0,-117.49937773028485,35.7034337156785
2051,5.0,-2.0,1475,689,2.2083309143686503,0.6088261046244351,0.6082650774770566,0.02019015426710721,0.5691078695333287,0.6498121366474384,robust,1.0,pre_separator,7.0,-117.48832801555922,35.703429149693655
2052,6.0,-2.0,1353,628,2.1911624203821654,0.6238407434644943,0.6252346779660034,0.02301940804622332,0.5823405171449232,0.6701169666072536,robust,1.0,pre_separator,7.0,-117.47727830223388,35.70342356904607
2053,7.0,-2.0,1146,526,2.1838022813688216,0.6305067414123551,0.63043717758509,0.025038189806362084,0.582564357488532,0.6817145979086334,robust,1.0,pre_separator,7.0,-117.46622859058887,35.70341697373612
2054,8.0,-2.0,985,447,2.1999776286353465,0.616040090157092,0.6172251004342272,0.02665555428485286,0.5679482581195844,0.6797434783688846,robust,1.0,pre_separator,7.0,-117.45517888090423,35.703409363764194
2055,9.0,-2.0,808,363,2.213250688705234,0.6046558516861844,0.6058113909491674,0.028433936611315748,0.5532632592421761,0.6616627098074663,robust,1.0,pre_separator,7.0,-117.44412917346004,35.70340073913078
2056,10.0,-2.0,660,298,2.2201342281879195,0.5989159868905041,0.5984611291092283,0.03409947938234117,0.5406666662707421,0.667084661945922,robust,1.0,pre_separator,7.0,-117.43307946853632,35.703391099836395
2057,11.0,-2.0,498,232,2.2030172413793103,0.6133953476290906,0.6166733049245503,0.03814714124230956,0.5463527300255768,0.6988328839155437,robust,1.0,pre_separator,7.0,-117.42202976641316,35.70338044588166
2058,12.0,-2.0,357,177,2.23819209039548,0.5843637028916004,0.5869677993898323,0.039256414308469906,0.5165260517563436,0.668506943015906,robust,1.0,pre_separator,7.0,-117.41098006737059,35.70336877726722
2059,13.0,-2.0,200,105,2.277904761904762,0.5547219828458299,0.55678688267008,0.04898231223584763,0.463676133188367,0.652257509875909,robust,1.0,pre_separator,7.0,-117.39993037168868,35.70335609399381
2060,14.0,-2.0,52,23,2.144347826086957,,,,,insufficient,0,,pre_separator,7.0,-117.38888067964744,35.703342396062226
2061,15.0,-2.0,17,4,2.2649999999999997,,,,,insufficient,0,,pre_separator,7.0,-117.37783099152695,35.703327683473304
2062,16.0,-2.0,11,2,2.2800000000000002,,,,,insufficient,0,,pre_separator,7.0,-117.36678130760727,35.70331195622797
2063,17.0,-2.0,3,1,3.02,,,,,insufficient,0,,pre_separator,7.0,-117.35573162816843,35.703295214327184
2064,18.0,-2.0,3,1,3.02,,,,,insufficient,0,,pre_separator,7.0,-117.34468195349044,35.703277457771996
2065,19.0,-2.0,1,0,,,,,,insufficient,0,,pre_separator,7.0,-117.3336322838534,35.703258686563515
2066,20.0,-2.0,0,0,,,,,,insufficient,0,,pre_separator,7.0,-117.32258261953733,35.703238900702914
2067,21.0,-2.0,0,0,,,,,,insufficient,0,,pre_separator,7.0,-117.31153296082229,35.70321810019141
2068,22.0,-2.0,0,0,,,,,,insufficient,0,,pre_separator,7.0,-117.3004833079883,35.70319628503027
2069,23.0,-2.0,0,0,,,,,,insufficient,0,,pre_separator,7.0,-117.28943366131539,35.70317345522092
2070,24.0,-2.0,0,0,,,,,,insufficient,0,,pre_separator,7.0,-117.27838402108362,35.7031496107647
2071,25.0,-2.0,0,0,,,,,,insufficient,0,,pre_separator,7.0,-117.26733438757303,35.703124751663125
2072,-30.0,-1.0,0,0,,,,,,insufficient,0,,pre_separator,7.0,-117.87510418479336,35.711997929346865
2073,-29.0,-1.0,0,0,,,,,,insufficient,0,,pre_separator,7.0,-117.86405334512509,35.71202786715868
2074,-28.0,-1.0,0,0,,,,,,insufficient,0,,pre_separator,7.0,-117.85300249733095,35.71205679014678
2075,-27.0,-1.0,0,0,,,,,,insufficient,0,,pre_separator,7.0,-117.84195164169115,35.712084698309404
2076,-26.0,-1.0,0,0,,,,,,insufficient,0,,pre_separator,7.0,-117.8309007784859,35.71211159164478
2077,-25.0,-1.0,2,2,2.17,,,,,insufficient,0,,pre_separator,7.0,-117.81984990799535,35.71213747015126
2078,-24.0,-1.0,4,3,2.0366666666666666,,,,,insufficient,0,,pre_separator,7.0,-117.80879903049967,35.712162333827216
2079,-23.0,-1.0,4,3,2.0366666666666666,,,,,insufficient,0,,pre_separator,7.0,-117.7977481462791,35.71218618267113
2080,-22.0,-1.0,4,3,2.0366666666666666,,,,,insufficient,0,,pre_separator,7.0,-117.78669725561382,35.71220901668149
2081,-21.0,-1.0,5,3,2.0366666666666666,,,,,insufficient,0,,pre_separator,7.0,-117.77564635878403,35.7122308358569
2082,-20.0,-1.0,6,3,2.0366666666666666,,,,,insufficient,0,,pre_separator,7.0,-117.7645954560699,35.71225164019599
2083,-19.0,-1.0,8,3,2.0366666666666666,,,,,insufficient,0,,pre_separator,7.0,-117.75354454775162,35.71227142969748
2084,-18.0,-1.0,8,3,2.0366666666666666,,,,,insufficient,0,,pre_separator,7.0,-117.74249363410941,35.71229020436012
2085,-17.0,-1.0,9,3,2.0366666666666666,,,,,insufficient,0,,pre_separator,7.0,-117.73144271542347,35.71230796418276
2086,-16.0,-1.0,11,4,1.9374999999999998,,,,,insufficient,0,,pre_separator,7.0,-117.720391791974,35.71232470916429
2087,-15.0,-1.0,11,4,1.935,,,,,insufficient,0,,pre_separator,7.0,-117.70934086404118,35.71234043930368
2088,-14.0,-1.0,12,4,1.935,,,,,insufficient,0,,pre_separator,7.0,-117.69828993190522,35.712355154599926
2089,-13.0,-1.0,12,3,1.8099999999999998,,,,,insufficient,0,,pre_separator,7.0,-117.68723899584636,35.712368855052134
2090,-12.0,-1.0,15,3,1.8533333333333335,,,,,insufficient,0,,pre_separator,7.0,-117.67618805614478,35.71238154065946
2091,-11.0,-1.0,18,4,1.8,,,,,insufficient,0,,pre_separator,7.0,-117.66513711308068,35.71239321142108
2092,-10.0,-1.0,20,5,1.762,,,,,insufficient,0,,pre_separator,7.0,-117.65408616693425,35.7124038673363
2093,-9.0,-1.0,29,8,2.2074999999999996,,,,,insufficient,0,,pre_separator,7.0,-117.64303521798573,35.712413508404445
2094,-8.0,-1.0,83,38,2.3515789473684205,0.5070104550637045,0.5162366121965111,0.08422444363901851,0.38090249145832616,0.7047382738221104,exploratory,1.0,pre_separator,7.0,-117.63198426651532,35.71242213462492
2095,-7.0,-1.0,236,109,2.344678899082569,0.5111277711758835,0.5113374963305316,0.04414755642628005,0.43350742517166974,0.6033779479941171,robust,1.0,pre_separator,7.0,-117.62093331280322,35.7124297459972
2096,-6.0,-1.0,392,184,2.229673913043478,0.5911391083754871,0.5957457871322974,0.041434337846194234,0.51426598995838,0.6701472082945817,robust,1.0,pre_separator,7.0,-117.60988235712965,35.712436342520796
2097,-5.0,-1.0,528,246,2.2528861788617887,0.5730339119727523,0.576789326459878,0.035218978355176955,0.5148100873290997,0.6537679004348411,robust,1.0,pre_separator,7.0,-117.59883139977481,35.712441924195296
2098,-4.0,-1.0,656,294,2.2138435374149665,0.604157176490754,0.6045314745387905,0.0315347037062553,0.5495689374750403,0.6697268134543519,robust,1.0,pre_separator,7.0,-117.58778044101891,35.712446491020366
2099,-3.0,-1.0,768,344,2.1873837209302325,0.6272453681027738,0.6267781262714461,0.029322854520648603,0.5723154620740267,0.681257188137113,robust,1.0,pre_separator,7.0,-117.57672948114218,35.71245004299572
2100,-2.0,-1.0,989,448,2.2075669642857143,0.6094788331067156,0.612635717002664,0.02776990798727693,0.5647094642228759,0.6683245735879176,robust,1.0,pre_separator,7.0,-117.5656785204248,35.712452580121116
2101,-1.0,-1.0,1286,579,2.1857512953367877,0.6287277126154415,0.631001258990389,0.024235271454830325,0.5892040113585665,0.6806756961752473,robust,1.0,pre_separator,7.0,-117.55462755914702,35.71245410239643
2102,0.0,-1.0,1514,699,2.1969384835479255,0.6187073256165189,0.6199414153792916,0.019670237074644804,0.5812465815645167,0.6584508704521594,robust,1.0,pre_separator,7.0,-117.54357659758901,35.712454609821535
2103,1.0,-1.0,1576,736,2.2032065217391303,0.6132314071843937,0.612017305647976,0.02093979840921467,0.5741734855670392,0.6535952125156802,robust,1.0,pre_separator,7.0,-117.532525636031,35.71245410239643
2104,2.0,-1.0,1581,738,2.205650406504065,0.6111225406029056,0.6121122160718799,0.019940777708051406,0.5759649206526415,0.6523214558345032,robust,1.0,pre_separator,7.0,-117.52147467475322,35.712452580121116
2105,3.0,-1.0,1575,729,2.2104526748971196,0.6070205579505343,0.6081337237860617,0.020189050419607384,0.5674467361161976,0.6505747891513314,robust,1.0,pre_separator,7.0,-117.51042371403584,35.71245004299572
2106,4.0,-1.0,1546,718,2.2078969359331477,0.6091967295872597,0.6098507722921181,0.02003896103599809,0.5740857649359782,0.6509381172771501,robust,1.0,pre_separator,7.0,-117.49937275415911,35.712446491020366
2107,5.0,-1.0,1453,672,2.2050744047619046,0.6116182740721028,0.6126984821019235,0.02194178473682311,0.5717435591804809,0.6545068810163311,robust,1.0,pre_separator,7.0,-117.48832179540321,35.712441924195296
2108,6.0,-1.0,1329,611,2.1867921440261866,0.6277817486849234,0.631351384136445,0.025030301376831314,0.5864881595069227,0.6827418332051676,robust,1.0,pre_separator,7.0,-117.47727083804837,35.712436342520796
2109,7.0,-1.0,1103,510,2.1852745098039215,0.629161986622709,0.6285090321652838,0.025273584447510825,0.5798783757665423,0.6820655369874455,robust,1.0,pre_separator,7.0,-117.4662198823748,35.7124297459972
2110,8.0,-1.0,904,407,2.2075429975429977,0.6094993332343355,0.6101532099772211,0.027305058581370438,0.5589203202543562,0.6664808422055648,robust,1.0,pre_separator,7.0,-117.4551689286627,35.71242213462492
2111,9.0,-1.0,777,349,2.2124928366762178,0.605294519615163,0.6089842335099538,0.031211987680802345,0.5502088181658402,0.6700720063211679,robust,1.0,pre_separator,7.0,-117.44411797719229,35.712413508404445
2112,10.0,-1.0,608,283,2.224063604240283,0.5956880570877026,0.5984980067450961,0.03131715538621779,0.5365606086966455,0.6597175185172504,robust,1.0,pre_separator,7.0,-117.43306702824377,35.7124038673363
2113,11.0,-1.0,453,219,2.2157990867579906,0.6025180801166398,0.6010331474662198,0.03769714244930166,0.5341813794341521,0.6792410915454822,robust,1.0,pre_separator,7.0,-117.42201608209734,35.71239321142108
2114,12.0,-1.0,305,155,2.25,0.5752244793420553,0.5803291543105724,0.043242274370064074,0.49958729196029367,0.6687510905595498,robust,1.0,pre_separator,7.0,-117.41096513903324,35.71238154065946
2115,13.0,-1.0,168,92,2.243478260869565,0.5802366008582511,0.5826036719137171,0.05433109824649598,0.48751444638819963,0.6975965417727655,moderately_uncertain,1.0,pre_separator,7.0,-117.39991419933166,35.712368855052134
2116,14.0,-1.0,42,18,2.1449999999999996,,,,,insufficient,0,,pre_separator,7.0,-117.38886326327278,35.712355154599926
2117,15.0,-1.0,16,3,2.29,,,,,insufficient,0,,pre_separator,7.0,-117.37781233113684,35.71234043930368
2118,16.0,-1.0,8,2,2.2800000000000002,,,,,insufficient,0,,pre_separator,7.0,-117.36676140320402,35.71232470916429
2119,17.0,-1.0,3,1,3.02,,,,,insufficient,0,,pre_separator,7.0,-117.35571047975455,35.71230796418276
2120,18.0,-1.0,3,1,3.02,,,,,insufficient,0,,pre_separator,7.0,-117.3446595610686,35.71229020436012
2121,19.0,-1.0,2,0,,,,,,insufficient,0,,pre_separator,7.0,-117.3336086474264,35.71227142969748
2122,20.0,-1.0,1,0,,,,,,insufficient,0,,pre_separator,7.0,-117.32255773910812,35.71225164019599
2123,21.0,-1.0,0,0,,,,,,insufficient,0,,pre_separator,7.0,-117.31150683639399,35.7122308358569
2124,22.0,-1.0,0,0,,,,,,insufficient,0,,pre_separator,7.0,-117.3004559395642,35.71220901668149
2125,23.0,-1.0,0,0,,,,,,insufficient,0,,pre_separator,7.0,-117.28940504889891,35.71218618267113
2126,24.0,-1.0,0,0,,,,,,insufficient,0,,pre_separator,7.0,-117.27835416467835,35.712162333827216
2127,25.0,-1.0,0,0,,,,,,insufficient,0,,pre_separator,7.0,-117.26730328718267,35.71213747015126
2128,-30.0,0.0,0,0,,,,,,insufficient,0,,pre_separator,7.0,-117.8751415188968,35.721010608610726
2129,-29.0,0.0,0,0,,,,,,insufficient,0,,pre_separator,7.0,-117.8640894348029,35.72104055193216
2130,-28.0,0.0,0,0,,,,,,insufficient,0,,pre_separator,7.0,-117.8530373425786,35.72106948024314
2131,-27.0,0.0,0,0,,,,,,insufficient,0,,pre_separator,7.0,-117.84198524250431,35.721097393541875
2132,-26.0,0.0,0,0,,,,,,insufficient,0,,pre_separator,7.0,-117.8309331348603,35.721124291826605
2133,-25.0,0.0,1,1,2.31,,,,,insufficient,0,,pre_separator,7.0,-117.81988101992695,35.72115017509569
2134,-24.0,0.0,3,2,2.04,,,,,insufficient,0,,pre_separator,7.0,-117.8088288979846,35.72117504334747
2135,-23.0,0.0,4,3,2.0366666666666666,,,,,insufficient,0,,pre_separator,7.0,-117.79777676931361,35.721198896580454
2136,-22.0,0.0,4,3,2.0366666666666666,,,,,insufficient,0,,pre_separator,7.0,-117.78672463419431,35.72122173479312
2137,-21.0,0.0,5,3,2.0366666666666666,,,,,insufficient,0,,pre_separator,7.0,-117.77567249290703,35.72124355798407
2138,-20.0,0.0,6,3,2.0366666666666666,,,,,insufficient,0,,pre_separator,7.0,-117.76462034573217,35.721264366151935
2139,-19.0,0.0,7,3,2.0366666666666666,,,,,insufficient,0,,pre_separator,7.0,-117.75356819295007,35.721284159295436
2140,-18.0,0.0,8,3,2.0366666666666666,,,,,insufficient,0,,pre_separator,7.0,-117.74251603484105,35.72130293741331
2141,-17.0,0.0,8,2,2.04,,,,,insufficient,0,,pre_separator,7.0,-117.73146387168548,35.721320700504435
2142,-16.0,0.0,10,3,1.9066666666666665,,,,,insufficient,0,,pre_separator,7.0,-117.72041170376373,35.72133744856767
2143,-15.0,0.0,10,3,1.9066666666666665,,,,,insufficient,0,,pre_separator,7.0,-117.70935953135616,35.721353181602
2144,-14.0,0.0,12,4,1.935,,,,,insufficient,0,,pre_separator,7.0,-117.6983073547431,35.72136789960641
2145,-13.0,0.0,13,2,1.83,,,,,insufficient,0,,pre_separator,7.0,-117.68725517420492,35.72138160258003
2146,-12.0,0.0,16,3,1.8533333333333335,,,,,insufficient,0,,pre_separator,7.0,-117.67620299002202,35.72139429052198
2147,-11.0,0.0,20,3,1.8533333333333335,,,,,insufficient,0,,pre_separator,7.0,-117.66515080247473,35.72140596343148
2148,-10.0,0.0,39,15,2.4173333333333336,,,,,insufficient,0,,pre_separator,7.0,-117.65409861184338,35.7214166213078
2149,-9.0,0.0,57,21,2.448095238095238,,,,,insufficient,0,,pre_separator,7.0,-117.6430464184084,35.721426264150274
2150,-8.0,0.0,123,51,2.333529411764706,0.5179239700003705,0.5256701276803196,0.06783325332834994,0.4152509099303413,0.698201736894867,moderately_uncertain,1.0,pre_separator,7.0,-117.63199422245012,35.72143489195831
2151,-7.0,0.0,274,127,2.312047244094489,0.5315414561915187,0.538881960126634,0.04445213351451397,0.4644430661371982,0.6324863165418599,robust,1.0,pre_separator,7.0,-117.6209420242489,35.72144250473137
2152,-6.0,0.0,410,193,2.228186528497409,0.5923383273193713,0.5935387645549816,0.04082323746840173,0.5196733202093802,0.6836364833649714,robust,1.0,pre_separator,7.0,-117.6098898240851,35.721449102468966
2153,-5.0,0.0,519,244,2.2171311475409836,0.6014066605243669,0.6043455711093852,0.03466846572840701,0.5403883266357833,0.6790944717938512,robust,1.0,pre_separator,7.0,-117.59883762223913,35.72145468517072
2154,-4.0,0.0,622,283,2.227031802120141,0.5932726975049853,0.5947916239525555,0.030140952983343766,0.5393459670279097,0.6582078888575853,robust,1.0,pre_separator,7.0,-117.58778541899132,35.72145925283626
2155,-3.0,0.0,698,318,2.2062893081761,0.6105736117654811,0.6140379679255721,0.03316384002636521,0.5480426852325702,0.6783596514081122,robust,1.0,pre_separator,7.0,-117.57673321462202,35.72146280546531
2156,-2.0,0.0,819,372,2.211989247311828,0.6057196583233717,0.6057385913079975,0.027288522601810618,0.5537365037952918,0.6624224477189108,robust,1.0,pre_separator,7.0,-117.56568100941163,35.72146534305765
2157,-1.0,0.0,1018,462,2.1904112554112554,0.6245145998484262,0.6269329438704101,0.02714334814087777,0.5789737497101614,0.6831412639472534,robust,1.0,pre_separator,7.0,-117.5546288036405,35.72146686561311
2158,0.0,0.0,1325,617,2.2004376012965965,0.6156384081384622,0.6181685449609315,0.024013185499889664,0.5725560806959447,0.6656723766715992,robust,1.0,pre_separator,7.0,-117.54357659758901,35.7214673731316
2159,1.0,0.0,1439,667,2.193073463268366,0.622132919750156,0.6239190527221216,0.0221316730086487,0.5808491836861503,0.6656604170921068,robust,1.0,pre_separator,7.0,-117.53252439153752,35.72146686561311
2160,2.0,0.0,1455,674,2.196513353115727,0.6190822740213862,0.619896652629133,0.02284466360625216,0.5760086329964009,0.6672482816064913,robust,1.0,pre_separator,7.0,-117.52147218576638,35.72146534305765
2161,3.0,0.0,1450,673,2.1996136701337297,0.6163582971940161,0.6181107348177528,0.02131028171683033,0.5790112422531221,0.6628958555234356,robust,1.0,pre_separator,7.0,-117.510419980556,35.72146280546531
2162,4.0,0.0,1433,661,2.2010136157337366,0.6151361280078202,0.6154497928079561,0.022123538294255937,0.579268499021143,0.6612659846974523,robust,1.0,pre_separator,7.0,-117.4993677761867,35.72145925283626
2163,5.0,0.0,1377,636,2.2038050314465405,0.6127135991359102,0.6146848658578665,0.022495568818557306,0.5747923506375696,0.6661551796127183,robust,1.0,pre_separator,7.0,-117.48831557293889,35.72145468517072
2164,6.0,0.0,1229,566,2.1909717314487636,0.6240116692659434,0.6250176304630725,0.024086680609893055,0.5799310876949464,0.6702426151128186,robust,1.0,pre_separator,7.0,-117.4772633710929,35.721449102468966
2165,7.0,0.0,1040,470,2.184957446808511,0.6294511116767246,0.6295612273801608,0.02475613894789746,0.585665574142618,0.682766893949269,robust,1.0,pre_separator,7.0,-117.46621117092911,35.72144250473137
2166,8.0,0.0,846,377,2.2142440318302388,0.6038207655308806,0.6029344417614206,0.028623267931721475,0.550311264315717,0.6589833530499254,robust,1.0,pre_separator,7.0,-117.4551589727279,35.72143489195831
2167,9.0,0.0,709,328,2.2183841463414637,0.6003649431629221,0.603527423790296,0.0298898234018759,0.5477961463674812,0.6641504997239752,robust,1.0,pre_separator,7.0,-117.44410677676962,35.721426264150274
2168,10.0,0.0,532,265,2.216075471698113,0.6022871376840765,0.6040098810116217,0.03362741727542599,0.5450599421822429,0.6733962404953762,robust,1.0,pre_separator,7.0,-117.43305458333464,35.7214166213078
2169,11.0,0.0,370,190,2.2433684210526317,0.5803217635671836,0.5801202368408419,0.039839472242265625,0.5077138716769145,0.6638414494555063,robust,1.0,pre_separator,7.0,-117.42200239270329,35.72140596343148
2170,12.0,0.0,247,135,2.2462222222222223,0.578117192298368,0.5822363782534012,0.04909543792531822,0.5026171040145988,0.6910728898662234,robust,1.0,pre_separator,7.0,-117.410950205156,35.72139429052198
2171,13.0,0.0,136,69,2.2163768115942024,0.6020355449788929,0.603752043855303,0.060378001171835165,0.5000352092711519,0.7347139790136238,moderately_uncertain,1.0,pre_separator,7.0,-117.3998980209731,35.72138160258003
2172,14.0,0.0,28,10,1.9509999999999998,,,,,insufficient,0,,pre_separator,7.0,-117.38884584043493,35.72136789960641
2173,15.0,0.0,11,3,2.29,,,,,insufficient,0,,pre_separator,7.0,-117.37779366382186,35.721353181602
2174,16.0,0.0,8,2,2.2800000000000002,,,,,insufficient,0,,pre_separator,7.0,-117.36674149141429,35.72133744856767
2175,17.0,0.0,3,1,3.02,,,,,insufficient,0,,pre_separator,7.0,-117.35568932349254,35.721320700504435
2176,18.0,0.0,3,1,3.02,,,,,insufficient,0,,pre_separator,7.0,-117.34463716033697,35.72130293741331
2177,19.0,0.0,2,0,,,,,,insufficient,0,,pre_separator,7.0,-117.33358500222795,35.721284159295436
2178,20.0,0.0,1,0,,,,,,insufficient,0,,pre_separator,7.0,-117.32253284944585,35.721264366151935
2179,21.0,0.0,0,0,,,,,,insufficient,0,,pre_separator,7.0,-117.31148070227098,35.72124355798407
2180,22.0,0.0,0,0,,,,,,insufficient,0,,pre_separator,7.0,-117.3004285609837,35.72122173479312
2181,23.0,0.0,0,0,,,,,,insufficient,0,,pre_separator,7.0,-117.2893764258644,35.721198896580454
2182,24.0,0.0,0,0,,,,,,insufficient,0,,pre_separator,7.0,-117.27832429719342,35.72117504334747
2183,25.0,0.0,0,0,,,,,,insufficient,0,,pre_separator,7.0,-117.26727217525107,35.72115017509569
2184,-30.0,1.0,0,0,,,,,,insufficient,0,,pre_separator,7.0,-117.87517886685615,35.73002327432145
2185,-29.0,1.0,0,0,,,,,,insufficient,0,,pre_separator,7.0,-117.86412553787477,35.73005322315424
2186,-28.0,1.0,0,0,,,,,,insufficient,0,,pre_separator,7.0,-117.85307220075848,35.73008215678977
2187,-27.0,1.0,0,0,,,,,,insufficient,0,,pre_separator,7.0,-117.84201885578781,35.730110075226214
2188,-26.0,1.0,0,0,,,,,,insufficient,0,,pre_separator,7.0,-117.83096550324323,35.73013697846184
2189,-25.0,1.0,0,0,,,,,,insufficient,0,,pre_separator,7.0,-117.81991214340526,35.73016286649499
2190,-24.0,1.0,2,1,2.31,,,,,insufficient,0,,pre_separator,7.0,-117.80885877655437,35.73018773932404
2191,-23.0,1.0,3,2,2.04,,,,,insufficient,0,,pre_separator,7.0,-117.79780540297111,35.730211596947456
2192,-22.0,1.0,3,2,2.04,,,,,insufficient,0,,pre_separator,7.0,-117.78675202293593,35.73023443936375
2193,-21.0,1.0,4,2,2.04,,,,,insufficient,0,,pre_separator,7.0,-117.77569863672935,35.73025626657148
2194,-20.0,1.0,5,2,2.04,,,,,insufficient,0,,pre_separator,7.0,-117.76464524463191,35.73027707856932
2195,-19.0,1.0,6,2,2.04,,,,,insufficient,0,,pre_separator,7.0,-117.75359184692408,35.730296875355975
2196,-18.0,1.0,6,2,2.04,,,,,insufficient,0,,pre_separator,7.0,-117.74253844388639,35.73031565693017
2197,-17.0,1.0,7,2,2.04,,,,,insufficient,0,,pre_separator,7.0,-117.73148503579932,35.73033342329079
2198,-16.0,1.0,10,3,1.9066666666666665,,,,,insufficient,0,,pre_separator,7.0,-117.72043162294345,35.7303501744367
2199,-15.0,1.0,11,3,1.9066666666666665,,,,,insufficient,0,,pre_separator,7.0,-117.70937820559924,35.73036591036687
2200,-14.0,1.0,11,2,1.83,,,,,insufficient,0,,pre_separator,7.0,-117.6983247840472,35.73038063108031
2201,-13.0,1.0,16,2,1.83,,,,,insufficient,0,,pre_separator,7.0,-117.68727135856788,35.73039433657611
2202,-12.0,1.0,19,3,1.8533333333333335,,,,,insufficient,0,,pre_separator,7.0,-117.67621792944178,35.730407026853435
2203,-11.0,1.0,39,14,2.4728571428571433,,,,,insufficient,0,,pre_separator,7.0,-117.6651644969494,35.73041870191147
2204,-10.0,1.0,50,18,2.4655555555555555,,,,,insufficient,0,,pre_separator,7.0,-117.6541110613713,35.730429361749486
2205,-9.0,1.0,68,24,2.432916666666667,,,,,insufficient,0,,pre_separator,7.0,-117.64305762298798,35.730439006366844
2206,-8.0,1.0,145,60,2.3034999999999997,0.5371607692062486,0.5518604742081411,0.06914160539448347,0.4344559364696874,0.7012392814137617,moderately_uncertain,1.0,pre_separator,7.0,-117.63200418207994,35.730447635762935
2207,-7.0,1.0,278,122,2.2733606557377053,0.5579604759077158,0.5615886076496662,0.048710990411637706,0.47624567267237583,0.6584085086928302,robust,1.0,pre_separator,7.0,-117.62095073892773,35.730455249937215
2208,-6.0,1.0,427,199,2.2325125628140703,0.5888638428695337,0.5903701618371067,0.04255808562723176,0.514567802464845,0.676514842735945,robust,1.0,pre_separator,7.0,-117.60989729381187,35.73046184888921
2209,-5.0,1.0,514,239,2.2189958158995813,0.5998577234367454,0.6001336882875478,0.03712967520751482,0.531015636241269,0.6677864490717357,robust,1.0,pre_separator,7.0,-117.59884384701284,35.730467432618525
2210,-4.0,1.0,590,269,2.2155018587360598,0.6027666363902416,0.6064411748486079,0.03408430633877651,0.5415464496657889,0.6747954689574857,robust,1.0,pre_separator,7.0,-117.58779039881124,35.7304720011248
2211,-3.0,1.0,645,296,2.196756756756757,0.6188675459433973,0.6207604558785405,0.0339898450472625,0.5589798233719175,0.6957171452474024,robust,1.0,pre_separator,7.0,-117.57673694948751,35.730475554407754
2212,-2.0,1.0,715,331,2.21797583081571,0.6007040116586629,0.6023764664080877,0.02870585563443637,0.5478481774652186,0.6578736332017693,robust,1.0,pre_separator,7.0,-117.56568349932219,35.73047809246716
2213,-1.0,1.0,811,374,2.2155347593582886,0.6027391132247893,0.6044094490593626,0.028174363921991172,0.5563778075362619,0.6606448231994476,robust,1.0,pre_separator,7.0,-117.55463004859585,35.73047961530287
2214,0.0,1.0,1021,476,2.2026680672268903,0.6136980061925129,0.6145710583617944,0.02594179289123237,0.5629027606673248,0.6673370681105212,robust,1.0,pre_separator,7.0,-117.54357659758901,35.73048012291478
2215,1.0,1.0,1225,562,2.198149466192171,0.6176417714645025,0.6183026249322217,0.02330493132467389,0.5709269207160298,0.6642594657625615,robust,1.0,pre_separator,7.0,-117.53252314658216,35.73047961530287
2216,2.0,1.0,1283,581,2.1984853700516354,0.6173468566537139,0.6193024803510055,0.024223147013008577,0.5717176710547892,0.6692649391770684,robust,1.0,pre_separator,7.0,-117.52146969585583,35.73047809246716
2217,3.0,1.0,1301,592,2.1926013513513514,0.6225539573023514,0.6232617571295879,0.02254995005168172,0.5787025973965608,0.6672227554064428,robust,1.0,pre_separator,7.0,-117.51041624569051,35.730475554407754
2218,4.0,1.0,1287,585,2.2036923076923074,0.6128110566310947,0.6140386563677672,0.02407094264126509,0.5724907462129835,0.6626254923855672,robust,1.0,pre_separator,7.0,-117.49936279636678,35.7304720011248
2219,5.0,1.0,1239,574,2.2083797909407665,0.6087843914537133,0.608605683706015,0.023790864891757624,0.5653892692900467,0.6579232606560076,robust,1.0,pre_separator,7.0,-117.48830934816517,35.730467432618525
2220,6.0,1.0,1123,518,2.204073359073359,0.6124817359811717,0.6144715356853577,0.02342887792886577,0.569067979237552,0.6620415410875009,robust,1.0,pre_separator,7.0,-117.47725590136615,35.73046184888921
2221,7.0,1.0,966,441,2.1917460317460318,0.6233181993371651,0.6219085970602255,0.026411843614487014,0.5728464371069253,0.6724973459905135,robust,1.0,pre_separator,7.0,-117.46620245625029,35.730455249937215
2222,8.0,1.0,761,355,2.210647887323944,0.60685497658245,0.6080500441891379,0.028639215332543086,0.5552003022011064,0.6688135975148961,robust,1.0,pre_separator,7.0,-117.45514901309808,35.730447635762935
2223,9.0,1.0,597,292,2.213082191780822,0.6047977332876265,0.6043029622387114,0.031332769540418776,0.546961528363358,0.6678536650209156,robust,1.0,pre_separator,7.0,-117.44409557219004,35.730439006366844
2224,10.0,1.0,405,211,2.236303317535545,0.5858526080080948,0.5908122218310734,0.037736175222075515,0.5187374721423728,0.6666216125377277,robust,1.0,pre_separator,7.0,-117.43304213380671,35.730429361749486
2225,11.0,1.0,275,146,2.222260273972603,0.5971651380474169,0.5984006141654495,0.04413420221541518,0.5176689151767702,0.6945615978054003,robust,1.0,pre_separator,7.0,-117.42198869822862,35.73041870191147
2226,12.0,1.0,178,94,2.2470212765957442,0.5775029183605276,0.5852314572115652,0.050371011555839416,0.5012286324012638,0.6929459106508659,moderately_uncertain,1.0,pre_separator,7.0,-117.41093526573624,35.730407026853435
2227,13.0,1.0,88,44,2.210909090909091,0.6066335620235899,0.6161722761496385,0.08202434972139157,0.48419704701487526,0.7936041104343126,exploratory,1.0,pre_separator,7.0,-117.39988183661013,35.73039433657611
2228,14.0,1.0,21,7,1.9828571428571427,,,,,insufficient,0,,pre_separator,7.0,-117.38882841113082,35.73038063108031
2229,15.0,1.0,10,3,2.29,,,,,insufficient,0,,pre_separator,7.0,-117.37777498957878,35.73036591036687
2230,16.0,1.0,7,2,2.2800000000000002,,,,,insufficient,0,,pre_separator,7.0,-117.36672157223457,35.7303501744367
2231,17.0,1.0,3,1,3.02,,,,,insufficient,0,,pre_separator,7.0,-117.35566815937868,35.73033342329079
2232,18.0,1.0,2,0,,,,,,insufficient,0,,pre_separator,7.0,-117.34461475129163,35.73031565693017
2233,19.0,1.0,1,0,,,,,,insufficient,0,,pre_separator,7.0,-117.33356134825394,35.730296875355975
2234,20.0,1.0,0,0,,,,,,insufficient,0,,pre_separator,7.0,-117.32250795054611,35.73027707856932
2235,21.0,1.0,0,0,,,,,,insufficient,0,,pre_separator,7.0,-117.31145455844866,35.73025626657148
2236,22.0,1.0,0,0,,,,,,insufficient,0,,pre_separator,7.0,-117.30040117224209,35.73023443936375
2237,23.0,1.0,0,0,,,,,,insufficient,0,,pre_separator,7.0,-117.28934779220691,35.730211596947456
2238,24.0,1.0,0,0,,,,,,insufficient,0,,pre_separator,7.0,-117.27829441862364,35.73018773932404
2239,25.0,1.0,0,0,,,,,,insufficient,0,,pre_separator,7.0,-117.26724105177276,35.73016286649499
2240,-30.0,2.0,0,0,,,,,,insufficient,0,,pre_separator,7.0,-117.87521622867787,35.73903592647764
2241,-29.0,2.0,0,0,,,,,,insufficient,0,,pre_separator,7.0,-117.86416165434697,35.73906588082351
2242,-28.0,2.0,0,0,,,,,,insufficient,0,,pre_separator,7.0,-117.85310707187666,35.73909481978523
2243,-27.0,2.0,0,0,,,,,,insufficient,0,,pre_separator,7.0,-117.84205248154758,35.739122743360994
2244,-26.0,2.0,0,0,,,,,,insufficient,0,,pre_separator,7.0,-117.83099788364038,35.73914965154908
2245,-25.0,2.0,0,0,,,,,,insufficient,0,,pre_separator,7.0,-117.81994327843569,35.73917554434778
2246,-24.0,2.0,1,0,,,,,,insufficient,0,,pre_separator,7.0,-117.8088886662142,35.73920042175553
2247,-23.0,2.0,1,0,,,,,,insufficient,0,,pre_separator,7.0,-117.79783404725657,35.73922428377076
2248,-22.0,2.0,2,1,2.31,,,,,insufficient,0,,pre_separator,7.0,-117.78677942184346,35.739247130391966
2249,-21.0,2.0,4,2,2.04,,,,,insufficient,0,,pre_separator,7.0,-117.77572479025551,35.73926896161775
2250,-20.0,2.0,5,2,2.04,,,,,insufficient,0,,pre_separator,7.0,-117.76467015277339,35.739289777446764
2251,-19.0,2.0,6,2,2.04,,,,,insufficient,0,,pre_separator,7.0,-117.75361550967777,35.739309577877684
2252,-18.0,2.0,6,2,2.04,,,,,insufficient,0,,pre_separator,7.0,-117.74256086124934,35.73932836290929
2253,-17.0,2.0,7,2,2.04,,,,,insufficient,0,,pre_separator,7.0,-117.73150620776872,35.739346132540426
2254,-16.0,2.0,7,0,,,,,,insufficient,0,,pre_separator,7.0,-117.72045154951662,35.739362886769975
2255,-15.0,2.0,8,1,1.64,,,,,insufficient,0,,pre_separator,7.0,-117.70939688677369,35.739378625596885
2256,-14.0,2.0,13,1,1.64,,,,,insufficient,0,,pre_separator,7.0,-117.69834221982059,35.7393933490202
2257,-13.0,2.0,16,2,1.83,,,,,insufficient,0,,pre_separator,7.0,-117.68728754893803,35.73940705703899
2258,-12.0,2.0,35,12,2.5475,,,,,insufficient,0,,pre_separator,7.0,-117.67623287440667,35.739419749652384
2259,-11.0,2.0,43,16,2.42625,,,,,insufficient,0,,pre_separator,7.0,-117.66517819650714,35.73943142685963
2260,-10.0,2.0,54,20,2.4564999999999997,,,,,insufficient,0,,pre_separator,7.0,-117.65412351552015,35.73944208865998
2261,-9.0,2.0,71,27,2.372592592592593,,,,,insufficient,0,,pre_separator,7.0,-117.6430688317264,35.739451735052775
2262,-8.0,2.0,156,62,2.3338709677419343,0.5177130912901683,0.5219336783399245,0.06638564372236952,0.41360941369822307,0.6638872880372038,moderately_uncertain,1.0,pre_separator,7.0,-117.63201414540653,35.7394603660374
2263,-7.0,2.0,275,115,2.3031304347826094,0.5374064175915846,0.5409025576559118,0.04828264947916472,0.45639450920513314,0.6436085892764223,robust,1.0,pre_separator,7.0,-117.62095945684122,35.73946798161334
2264,-6.0,2.0,423,193,2.2408290155440413,0.5822976484582835,0.5864716227848875,0.03977191226721784,0.5148969722893668,0.6621349706685205,robust,1.0,pre_separator,7.0,-117.60990476631116,35.739474581780115
2265,-5.0,2.0,504,228,2.2228070175438592,0.5967165353377213,0.6037433962648302,0.03786814766656767,0.5318027282928378,0.6821633160513363,robust,1.0,pre_separator,7.0,-117.59885007409702,35.739480166537305
2266,-4.0,2.0,574,258,2.2197286821705426,0.5992511302333884,0.6021384074770644,0.03482768478055113,0.5348991612538184,0.6693022087095923,robust,1.0,pre_separator,7.0,-117.5877953804795,35.73948473588458
2267,-3.0,2.0,615,277,2.2045487364620944,0.6120713907105277,0.6127161126965556,0.0342498514984633,0.546701928135576,0.6844699318287029,robust,1.0,pre_separator,7.0,-117.57674068573927,35.73948828982164
2268,-2.0,2.0,649,296,2.1980405405405405,0.6177374658498921,0.6204136387719018,0.03270028945325059,0.5609813050606587,0.6879824956776424,robust,1.0,pre_separator,7.0,-117.56568599015698,35.739490828348266
2269,-1.0,2.0,710,325,2.226430769230769,0.5937602028418774,0.5950452890824673,0.02905637990279032,0.5428295172181152,0.6561636632803005,robust,1.0,pre_separator,7.0,-117.55463129401333,35.7394923514643
2270,0.0,2.0,772,351,2.2115384615384617,0.6061007262203191,0.6064466436804691,0.02962968848077096,0.5523277993816837,0.6628006822908754,robust,1.0,pre_separator,7.0,-117.54357659758901,35.739492859169665
2271,1.0,2.0,1007,469,2.1965671641791045,0.6190347896504175,0.620324402616241,0.024916446120757725,0.5718123056676712,0.6702345496092819,robust,1.0,pre_separator,7.0,-117.53252190116469,35.7394923514643
2272,2.0,2.0,1092,512,2.1931835937499997,0.622034785393082,0.621532715688823,0.024916699591344425,0.5748504790282726,0.6708343771438157,robust,1.0,pre_separator,7.0,-117.52146720502104,35.739490828348266
2273,3.0,2.0,1143,534,2.1905805243445693,0.6243626247478367,0.6259775006284012,0.024103278572400896,0.578598383942421,0.6785201188328985,robust,1.0,pre_separator,7.0,-117.51041250943875,35.73948828982164
2274,4.0,2.0,1149,534,2.1901310861423227,0.6247663074793542,0.6254291598620662,0.025041959736548013,0.5821839146232277,0.6756114948967521,robust,1.0,pre_separator,7.0,-117.49935781469851,35.73948473588458
2275,5.0,2.0,1117,521,2.196046065259117,0.6194949282580027,0.6203621338595431,0.022660181262420594,0.5784783250757553,0.6645968219309427,robust,1.0,pre_separator,7.0,-117.48830312108099,35.739480166537305
2276,6.0,2.0,981,465,2.1879139784946235,0.6267653639298338,0.6289280956637103,0.02675143428067229,0.5798736264805832,0.6854028831582384,robust,1.0,pre_separator,7.0,-117.47724842886686,35.739474581780115
2277,7.0,2.0,829,400,2.1834000000000002,0.6308751916084423,0.6311294028921774,0.02988414496450381,0.5768413852859388,0.6927182424243008,robust,1.0,pre_separator,7.0,-117.4661937383368,35.73946798161334
2278,8.0,2.0,637,311,2.1853054662379416,0.6291337721401654,0.6306149958880742,0.03019684565401299,0.5753159108332501,0.6921436628608489,robust,1.0,pre_separator,7.0,-117.45513904977149,35.7394603660374
2279,9.0,2.0,439,221,2.181221719457014,0.6328777851084277,0.6332609012907633,0.03750395649469791,0.568237951297891,0.7099858417533035,robust,1.0,pre_separator,7.0,-117.44408436345161,35.739451735052775
2280,10.0,2.0,289,154,2.2136363636363634,0.604331347366954,0.6068895999105175,0.044162124057579626,0.5233241668450638,0.7029459335687859,robust,1.0,pre_separator,7.0,-117.43302967965786,35.73944208865998
2281,11.0,2.0,194,104,2.2163461538461537,0.602061131937326,0.6087406881449023,0.05230893380986626,0.5149282516253234,0.7233678445180997,robust,1.0,pre_separator,7.0,-117.42197499867088,35.73943142685963
2282,12.0,2.0,131,68,2.168235294117647,0.6450857310926417,0.6573002306544455,0.07234599951084345,0.5287416374174975,0.8140028878010233,moderately_uncertain,1.0,pre_separator,7.0,-117.41092032077135,35.739419749652384
2283,13.0,2.0,53,25,2.0660000000000003,,,,,insufficient,0,,pre_separator,7.0,-117.39986564623999,35.73940705703899
2284,14.0,2.0,15,6,2.0483333333333333,,,,,insufficient,0,,pre_separator,7.0,-117.38881097535743,35.7393933490202
2285,15.0,2.0,9,2,2.2800000000000002,,,,,insufficient,0,,pre_separator,7.0,-117.37775630840433,35.739378625596885
2286,16.0,2.0,4,1,3.02,,,,,insufficient,0,,pre_separator,7.0,-117.3667016456614,35.739362886769975
2287,17.0,2.0,2,0,,,,,,insufficient,0,,pre_separator,7.0,-117.3556469874093,35.739346132540426
2288,18.0,2.0,2,0,,,,,,insufficient,0,,pre_separator,7.0,-117.34459233392867,35.73932836290929
2289,19.0,2.0,1,0,,,,,,insufficient,0,,pre_separator,7.0,-117.33353768550023,35.739309577877684
2290,20.0,2.0,0,0,,,,,,insufficient,0,,pre_separator,7.0,-117.32248304240463,35.739289777446764
2291,21.0,2.0,0,0,,,,,,insufficient,0,,pre_separator,7.0,-117.3114284049225,35.73926896161775
2292,22.0,2.0,0,0,,,,,,insufficient,0,,pre_separator,7.0,-117.30037377333454,35.739247130391966
2293,23.0,2.0,0,0,,,,,,insufficient,0,,pre_separator,7.0,-117.28931914792145,35.73922428377076
2294,24.0,2.0,0,0,,,,,,insufficient,0,,pre_separator,7.0,-117.27826452896382,35.73920042175553
2295,25.0,2.0,0,0,,,,,,insufficient,0,,pre_separator,7.0,-117.26720991674233,35.73917554434778
2296,-30.0,3.0,0,0,,,,,,insufficient,0,,pre_separator,7.0,-117.87525360436852,35.74804856507789
2297,-29.0,3.0,0,0,,,,,,insufficient,0,,pre_separator,7.0,-117.86419778422587,35.748078524938556
2298,-28.0,3.0,0,0,,,,,,insufficient,0,,pre_separator,7.0,-117.85314195593922,35.748107469228124
2299,-27.0,3.0,0,0,,,,,,insufficient,0,,pre_separator,7.0,-117.84208611978944,35.748135397944814
2300,-26.0,3.0,0,0,,,,,,insufficient,0,,pre_separator,7.0,-117.83103027605732,35.74816231108689
2301,-25.0,3.0,0,0,,,,,,insufficient,0,,pre_separator,7.0,-117.81997442502367,35.74818820865266
2302,-24.0,3.0,0,0,,,,,,insufficient,0,,pre_separator,7.0,-117.80891856696931,35.74821309064052
2303,-23.0,3.0,1,0,,,,,,insufficient,0,,pre_separator,7.0,-117.79786270217505,35.74823695704892
2304,-22.0,3.0,1,0,,,,,,insufficient,0,,pre_separator,7.0,-117.78680683092169,35.74825980787638
2305,-21.0,3.0,2,0,,,,,,insufficient,0,,pre_separator,7.0,-117.77575095349009,35.748281643121466
2306,-20.0,3.0,2,0,,,,,,insufficient,0,,pre_separator,7.0,-117.76469507016103,35.748302462782824
2307,-19.0,3.0,4,0,,,,,,insufficient,0,,pre_separator,7.0,-117.75363918121532,35.74832226685917
2308,-18.0,3.0,4,0,,,,,,insufficient,0,,pre_separator,7.0,-117.74258328693384,35.748341055349265
2309,-17.0,3.0,6,0,,,,,,insufficient,0,,pre_separator,7.0,-117.73152738759737,35.74835882825193
2310,-16.0,3.0,6,0,,,,,,insufficient,0,,pre_separator,7.0,-117.72047148348673,35.74837558556608
2311,-15.0,3.0,12,1,1.64,,,,,insufficient,0,,pre_separator,7.0,-117.70941557488277,35.74839132729064
2312,-14.0,3.0,15,1,1.64,,,,,insufficient,0,,pre_separator,7.0,-117.69835966206632,35.74840605342466
2313,-13.0,3.0,20,2,1.9499999999999997,,,,,insufficient,0,,pre_separator,7.0,-117.68730374531822,35.74841976396721
2314,-12.0,3.0,37,13,2.5353846153846153,,,,,insufficient,0,,pre_separator,7.0,-117.67624782491924,35.748432458917435
2315,-11.0,3.0,50,20,2.326,,,,,insufficient,0,,pre_separator,7.0,-117.66519190115028,35.74844413827456
2316,-10.0,3.0,60,22,2.416818181818182,,,,,insufficient,0,,pre_separator,7.0,-117.65413597429212,35.74845480203785
2317,-9.0,3.0,75,28,2.3817857142857144,,,,,insufficient,0,,pre_separator,7.0,-117.6430800446256,35.74846445020662
2318,-8.0,3.0,150,62,2.335967741935483,0.5164222838128432,0.5228273618214517,0.0629250246984285,0.4119505850348268,0.6587918822054551,moderately_uncertain,1.0,pre_separator,7.0,-117.6320241124316,35.74847308278029
2319,-7.0,3.0,242,101,2.3020792079207917,0.5381063935745378,0.5433391639291224,0.05045514819147484,0.45758000870614285,0.6575597687236748,robust,1.0,pre_separator,7.0,-117.62096817799089,35.748480699758346
2320,-6.0,3.0,395,173,2.245664739884393,0.5785465319313331,0.5806325998811819,0.040799511648411585,0.5074429116277185,0.6690482946000561,robust,1.0,pre_separator,7.0,-117.60991224158434,35.748487301140266
2321,-5.0,3.0,485,218,2.228761467889908,0.5918742001432165,0.5937228874424832,0.038078046582416314,0.5252779160932256,0.6719754712790121,robust,1.0,pre_separator,7.0,-117.59885630349277,35.74849288692565
2322,-4.0,3.0,542,243,2.2223456790123457,0.5970950188265025,0.5995025646120304,0.0369433595435131,0.5344804195984355,0.6792839540571838,robust,1.0,pre_separator,7.0,-117.58780036399705,35.74849745711419
2323,-3.0,3.0,591,267,2.2138951310861423,0.6041138173339666,0.6059469768312632,0.03501371808821515,0.5374961110419413,0.6803536557235556,robust,1.0,pre_separator,7.0,-117.57674442337795,35.748501011705564
2324,-2.0,3.0,615,278,2.2080935251798564,0.6090287831371265,0.611766096484319,0.03340630880702025,0.5515604911783312,0.6811924435512804,robust,1.0,pre_separator,7.0,-117.56568848191635,35.74850355069957
2325,-1.0,3.0,655,297,2.2056902356902355,0.6110882914853291,0.6133824574935924,0.031019337659082453,0.5533740495611787,0.6777659116996243,robust,1.0,pre_separator,7.0,-117.5546325398931,35.74850507409603
2326,0.0,3.0,696,321,2.22626168224299,0.5938974958610516,0.5945582496045997,0.03048911652095887,0.5337713405521305,0.6509732711216705,robust,1.0,pre_separator,7.0,-117.54357659758901,35.74850558189486
2327,1.0,3.0,760,355,2.227943661971831,0.5925346031847438,0.5945611144370851,0.028360737633831977,0.5429895162914804,0.6542453315748422,robust,1.0,pre_separator,7.0,-117.5325206552849,35.74850507409603
2328,2.0,3.0,932,438,2.207648401826484,0.6094091852169677,0.608616345692419,0.02615523170327748,0.561907142931325,0.6679142803737402,robust,1.0,pre_separator,7.0,-117.52146471326165,35.74850355069957
2329,3.0,3.0,988,464,2.1990732758620686,0.6168313679730293,0.6191679457197241,0.02672341562245662,0.5723126186365718,0.6734036059066005,robust,1.0,pre_separator,7.0,-117.51040877180007,35.748501011705564
2330,4.0,3.0,1005,483,2.193395445134575,0.6218460972630868,0.6242522542489474,0.026672953807274892,0.5743622413185414,0.676583525307515,robust,1.0,pre_separator,7.0,-117.49935283118097,35.74849745711419
2331,5.0,3.0,983,475,2.1912421052631577,0.6237693449164528,0.6266070857634652,0.026503330744545917,0.5738896228479025,0.6778293642764998,robust,1.0,pre_separator,7.0,-117.48829689168525,35.74849288692565
2332,6.0,3.0,828,403,2.1545161290322583,0.65850471699686,0.6583353321572524,0.029281314586996187,0.6068541385025721,0.7176479307205132,robust,1.0,pre_separator,7.0,-117.47724095359368,35.748487301140266
2333,7.0,3.0,631,309,2.176957928802589,0.6368347130530542,0.636954971953854,0.0288005115755339,0.5807691433217889,0.688624543356306,robust,1.0,pre_separator,7.0,-117.46618501718713,35.748480699758346
2334,8.0,3.0,470,232,2.183189655172414,0.6310680182985994,0.633032916449304,0.036666289765852816,0.5609276297726251,0.7105038609651821,robust,1.0,pre_separator,7.0,-117.45512908274642,35.74847308278029
2335,9.0,3.0,297,159,2.2014465408805033,0.6147591597829247,0.6194620873879492,0.041927713325461045,0.5394026454833718,0.708135373643956,robust,1.0,pre_separator,7.0,-117.44407315055241,35.74846445020662
2336,10.0,3.0,193,102,2.201960784313725,0.6143119838320857,0.6184420007151777,0.05394581817044943,0.529835031717327,0.7422781792394201,robust,1.0,pre_separator,7.0,-117.4330172208859,35.74845480203785
2337,11.0,3.0,138,70,2.1578571428571425,0.6551856408023199,0.6623724092723428,0.07356928448462076,0.5403543404703713,0.8234297852877184,moderately_uncertain,1.0,pre_separator,7.0,-117.42196129402774,35.74844413827456
2338,12.0,3.0,69,31,2.2035483870967747,0.6129355310266695,0.6321105838098711,0.10858362529413194,0.462528093278969,0.8720366698308936,exploratory,1.0,pre_separator,7.0,-117.41090537025877,35.748432458917435
2339,13.0,3.0,24,8,1.96125,,,,,insufficient,0,,pre_separator,7.0,-117.3998494498598,35.74841976396721
2340,14.0,3.0,10,3,2.29,,,,,insufficient,0,,pre_separator,7.0,-117.38879353311168,35.74840605342466
2341,15.0,3.0,8,2,2.2800000000000002,,,,,insufficient,0,,pre_separator,7.0,-117.37773762029525,35.74839132729064
2342,16.0,3.0,3,0,,,,,,insufficient,0,,pre_separator,7.0,-117.36668171169129,35.74837558556608
2343,17.0,3.0,2,0,,,,,,insufficient,0,,pre_separator,7.0,-117.35562580758065,35.74835882825193
2344,18.0,3.0,2,0,,,,,,insufficient,0,,pre_separator,7.0,-117.34456990824418,35.748341055349265
2345,19.0,3.0,1,0,,,,,,insufficient,0,,pre_separator,7.0,-117.3335140139627,35.74832226685917
2346,20.0,3.0,0,0,,,,,,insufficient,0,,pre_separator,7.0,-117.322458125017,35.748302462782824
2347,21.0,3.0,0,0,,,,,,insufficient,0,,pre_separator,7.0,-117.31140224168793,35.748281643121466
2348,22.0,3.0,0,0,,,,,,insufficient,0,,pre_separator,7.0,-117.30034636425633,35.74825980787638
2349,23.0,3.0,0,0,,,,,,insufficient,0,,pre_separator,7.0,-117.28929049300297,35.74823695704892
2350,24.0,3.0,0,0,,,,,,insufficient,0,,pre_separator,7.0,-117.27823462820871,35.74821309064052
2351,25.0,3.0,0,0,,,,,,insufficient,0,,pre_separator,7.0,-117.26717877015435,35.74818820865266
2352,-30.0,4.0,0,0,,,,,,insufficient,0,,pre_separator,7.0,-117.87529099393461,35.757061190120766
2353,-29.0,4.0,0,0,,,,,,insufficient,0,,pre_separator,7.0,-117.86423392751767,35.757091155497946
2354,-28.0,4.0,0,0,,,,,,insufficient,0,,pre_separator,7.0,-117.85317685295223,35.757120105117046
2355,-27.0,4.0,0,0,,,,,,insufficient,0,,pre_separator,7.0,-117.84211977051928,35.757148038976275
2356,-26.0,4.0,0,0,,,,,,insufficient,0,,pre_separator,7.0,-117.83106268049976,35.75717495707387
2357,-25.0,4.0,0,0,,,,,,insufficient,0,,pre_separator,7.0,-117.82000558317465,35.75720085940819
2358,-24.0,4.0,0,0,,,,,,insufficient,0,,pre_separator,7.0,-117.80894847882489,35.7572257459776
2359,-23.0,4.0,0,0,,,,,,insufficient,0,,pre_separator,7.0,-117.7978913677315,35.75724961678055
2360,-22.0,4.0,1,0,,,,,,insufficient,0,,pre_separator,7.0,-117.78683425017542,35.75727247181556
2361,-21.0,4.0,1,0,,,,,,insufficient,0,,pre_separator,7.0,-117.7757771264376,35.75729431108121
2362,-20.0,4.0,2,0,,,,,,insufficient,0,,pre_separator,7.0,-117.76471999679907,35.757315134576125
2363,-19.0,4.0,2,0,,,,,,insufficient,0,,pre_separator,7.0,-117.75366286154082,35.75733494229903
2364,-18.0,4.0,4,0,,,,,,insufficient,0,,pre_separator,7.0,-117.74260572094376,35.757353734248696
2365,-17.0,4.0,6,0,,,,,,insufficient,0,,pre_separator,7.0,-117.73154857528893,35.757371510423916
2366,-16.0,4.0,9,0,,,,,,insufficient,0,,pre_separator,7.0,-117.72049142485726,35.75738827082362
2367,-15.0,4.0,13,1,1.64,,,,,insufficient,0,,pre_separator,7.0,-117.70943426992976,35.75740401544676
2368,-14.0,4.0,18,2,1.9499999999999997,,,,,insufficient,0,,pre_separator,7.0,-117.69837711078745,35.75741874429232
2369,-13.0,4.0,24,3,1.8866666666666667,,,,,insufficient,0,,pre_separator,7.0,-117.68731994771125,35.757432457359435
2370,-12.0,4.0,42,16,2.43375,,,,,insufficient,0,,pre_separator,7.0,-117.67626278098219,35.75744515464721
2371,-11.0,4.0,53,20,2.3615000000000004,,,,,insufficient,0,,pre_separator,7.0,-117.66520561088123,35.75745683615487
2372,-10.0,4.0,61,21,2.435714285714286,,,,,insufficient,0,,pre_separator,7.0,-117.65414843768936,35.757467501881706
2373,-9.0,4.0,75,28,2.380357142857143,,,,,insufficient,0,,pre_separator,7.0,-117.64309126168759,35.757477151827025
2374,-8.0,4.0,129,50,2.347,0.5097353073981828,0.5197889378699185,0.07172682127630044,0.402930602478133,0.676203894820178,moderately_uncertain,1.0,pre_separator,7.0,-117.63203408315688,35.75748578599024
2375,-7.0,4.0,200,79,2.2864556962025313,0.5487287336322576,0.5556198680472547,0.05904644646798676,0.4573763937593293,0.6880382231961993,moderately_uncertain,1.0,pre_separator,7.0,-117.62097690237827,35.757493404370834
2376,-6.0,4.0,345,143,2.239300699300699,0.5834933143436372,0.5888343325542893,0.04750661249509323,0.5024490888574042,0.6870696691407508,robust,1.0,pre_separator,7.0,-117.6099197196327,35.757500006968264
2377,-5.0,4.0,455,203,2.2033004926108375,0.6131500492148702,0.6152122496447165,0.04382405107555593,0.5412145452420819,0.7110647563239453,robust,1.0,pre_separator,7.0,-117.59886253520119,35.7575055937822
2378,-4.0,4.0,513,230,2.218521739130435,0.600250771214157,0.5993043383173451,0.039641657668825214,0.5284088064236889,0.684940141920388,robust,1.0,pre_separator,7.0,-117.5878053493647,35.75751016481227
2379,-3.0,4.0,567,254,2.2261023622047245,0.5940269165504898,0.5973769061103256,0.03561688230285944,0.5323610466636725,0.6705069767971621,robust,1.0,pre_separator,7.0,-117.57674816240427,35.75751372005814
2380,-2.0,4.0,598,268,2.2205970149253726,0.5985339974805696,0.5989864478964856,0.03328277439127119,0.5346224871338705,0.6693037518909226,robust,1.0,pre_separator,7.0,-117.56569097460083,35.757516259519655
2381,-1.0,4.0,619,277,2.208772563176895,0.6084493917365945,0.6095852481438074,0.03337611161068042,0.5472111036442375,0.6805761577159811,robust,1.0,pre_separator,7.0,-117.55463378623543,35.75751778319662
2382,0.0,4.0,639,288,2.204340277777778,0.6122512643209972,0.6143008435219651,0.0325291653488271,0.5562565944923537,0.6824464660558526,robust,1.0,pre_separator,7.0,-117.54357659758901,35.75751829108896
2383,1.0,4.0,656,294,2.214931972789116,0.6032437762428233,0.6046859472346691,0.03437029480790376,0.5440671029072841,0.674874907732559,robust,1.0,pre_separator,7.0,-117.53251940894259,35.75751778319662
2384,2.0,4.0,711,333,2.2117417417417418,0.6059288256993102,0.6085696340784296,0.030484246959728182,0.5544232879312804,0.6682565069996779,robust,1.0,pre_separator,7.0,-117.52146222057719,35.757516259519655
2385,3.0,4.0,806,390,2.1946153846153846,0.620761766326803,0.619950270645484,0.02783137868952113,0.5682446977794041,0.676378087297827,robust,1.0,pre_separator,7.0,-117.51040503277375,35.75751372005814
2386,4.0,4.0,835,407,2.2027764127764127,0.6136040620506605,0.6146743804879671,0.026215870572907387,0.5651245390611108,0.6679907906869775,robust,1.0,pre_separator,7.0,-117.4993478458133,35.75751016481227
2387,5.0,4.0,780,372,2.167822580645161,0.6454814306125285,0.646557113290274,0.031118398366921568,0.591477169126761,0.71426982056914,robust,1.0,pre_separator,7.0,-117.48829065997683,35.7575055937822
2388,6.0,4.0,620,299,2.1609698996655515,0.6521232898384047,0.6527229062308687,0.03257752342923032,0.5928576270526797,0.7190628830871815,robust,1.0,pre_separator,7.0,-117.4772334755453,35.757500006968264
2389,7.0,4.0,473,233,2.1727038626609443,0.6408322363665347,0.6404717333608074,0.03806713001229431,0.571882798319854,0.7180204924393803,robust,1.0,pre_separator,7.0,-117.46617629279974,35.757493404370834
2390,8.0,4.0,295,148,2.1752027027027023,0.6384780304130456,0.6386468443324154,0.04348537359550456,0.563910177659482,0.7235956060038953,robust,1.0,pre_separator,7.0,-117.45511911202112,35.75748578599024
2391,9.0,4.0,172,90,2.1270000000000002,0.6871748131380564,0.6975861413288842,0.06244909910942143,0.5816610930828112,0.8289253625278001,moderately_uncertain,1.0,pre_separator,7.0,-117.44406193349043,35.757477151827025
2392,10.0,4.0,124,65,2.126923076923077,0.687258461928457,0.6941333855364862,0.08093050345008626,0.5615311775221626,0.8671761077065725,moderately_uncertain,1.0,pre_separator,7.0,-117.43300475748866,35.757467501881706
2393,11.0,4.0,66,30,2.2296666666666667,0.591144939069762,0.6110717130359385,0.10898285891313411,0.44600333888133714,0.8535243519497813,exploratory,1.0,pre_separator,7.0,-117.42194758429679,35.75745683615487
2394,12.0,4.0,31,9,1.9477777777777778,,,,,insufficient,0,,pre_separator,7.0,-117.41089041419583,35.75744515464721
2395,13.0,4.0,12,3,1.8,,,,,insufficient,0,,pre_separator,7.0,-117.39983324746677,35.757432457359435
2396,14.0,4.0,8,1,1.54,,,,,insufficient,0,,pre_separator,7.0,-117.38877608439057,35.75741874429232
2397,15.0,4.0,4,0,,,,,,insufficient,0,,pre_separator,7.0,-117.37771892524825,35.75740401544676
2398,16.0,4.0,3,0,,,,,,insufficient,0,,pre_separator,7.0,-117.36666177032076,35.75738827082362
2399,17.0,4.0,2,0,,,,,,insufficient,0,,pre_separator,7.0,-117.35560461988909,35.757371510423916
2400,18.0,4.0,1,0,,,,,,insufficient,0,,pre_separator,7.0,-117.34454747423426,35.757353734248696
2401,19.0,4.0,0,0,,,,,,insufficient,0,,pre_separator,7.0,-117.3334903336372,35.75733494229903
2402,20.0,4.0,0,0,,,,,,insufficient,0,,pre_separator,7.0,-117.32243319837893,35.757315134576125
2403,21.0,4.0,0,0,,,,,,insufficient,0,,pre_separator,7.0,-117.31137606874042,35.75729431108121
2404,22.0,4.0,0,0,,,,,,insufficient,0,,pre_separator,7.0,-117.3003189450026,35.75727247181556
2405,23.0,4.0,0,0,,,,,,insufficient,0,,pre_separator,7.0,-117.28926182744652,35.75724961678055
2406,24.0,4.0,0,0,,,,,,insufficient,0,,pre_separator,7.0,-117.27820471635313,35.7572257459776
2407,25.0,4.0,0,0,,,,,,insufficient,0,,pre_separator,7.0,-117.26714761200337,35.75720085940819
2408,-30.0,5.0,0,0,,,,,,insufficient,0,,pre_separator,7.0,-117.87532839738267,35.766073801604875
2409,-29.0,5.0,0,0,,,,,,insufficient,0,,pre_separator,7.0,-117.86427008422876,35.766103772500294
2410,-28.0,5.0,0,0,,,,,,insufficient,0,,pre_separator,7.0,-117.85321176292183,35.76613272745059
2411,-27.0,5.0,0,0,,,,,,insufficient,0,,pre_separator,7.0,-117.84215343374296,35.76616066645394
2412,-26.0,5.0,0,0,,,,,,insufficient,0,,pre_separator,7.0,-117.83109509697333,35.76618758950864
2413,-25.0,5.0,0,0,,,,,,insufficient,0,,pre_separator,7.0,-117.82003675289403,35.76621349661298
2414,-24.0,5.0,0,0,,,,,,insufficient,0,,pre_separator,7.0,-117.80897840178616,35.76623838776536
2415,-23.0,5.0,0,0,,,,,,insufficient,0,,pre_separator,7.0,-117.79792004393092,35.76626226296425
2416,-22.0,5.0,0,0,,,,,,insufficient,0,,pre_separator,7.0,-117.78686167960937,35.76628512220812
2417,-21.0,5.0,1,0,,,,,,insufficient,0,,pre_separator,7.0,-117.77580330910268,35.76630696549559
2418,-20.0,5.0,2,0,,,,,,insufficient,0,,pre_separator,7.0,-117.764744932692,35.76632779282526
2419,-19.0,5.0,2,0,,,,,,insufficient,0,,pre_separator,7.0,-117.75368655065839,35.766347604195865
2420,-18.0,5.0,2,0,,,,,,insufficient,0,,pre_separator,7.0,-117.74262816328304,35.76636639960616
2421,-17.0,5.0,5,0,,,,,,insufficient,0,,pre_separator,7.0,-117.7315697708471,35.76638417905497
2422,-16.0,5.0,11,0,,,,,,insufficient,0,,pre_separator,7.0,-117.72051137363168,35.766400942541196
2423,-15.0,5.0,16,1,2.26,,,,,insufficient,0,,pre_separator,7.0,-117.70945297191793,35.766416690063785
2424,-14.0,5.0,19,2,1.9499999999999997,,,,,insufficient,0,,pre_separator,7.0,-117.69839456598697,35.76643142162177
2425,-13.0,5.0,29,8,2.66875,,,,,insufficient,0,,pre_separator,7.0,-117.68733615611998,35.76644513721422
2426,-12.0,5.0,46,18,2.3666666666666667,,,,,insufficient,0,,pre_separator,7.0,-117.67627774259806,35.766457836840274
2427,-11.0,5.0,51,19,2.3857894736842105,,,,,insufficient,0,,pre_separator,7.0,-117.66521932570237,35.76646952049917
2428,-10.0,5.0,61,21,2.435714285714286,,,,,insufficient,0,,pre_separator,7.0,-117.65416090571406,35.76648018819016
2429,-9.0,5.0,74,27,2.368888888888889,,,,,insufficient,0,,pre_separator,7.0,-117.64310248291429,35.76648983991258
2430,-8.0,5.0,109,38,2.305,0.5361660270410515,0.5449805936730732,0.08104792039389039,0.4175312981818303,0.7341779758493916,exploratory,1.0,pre_separator,7.0,-117.63204405758417,35.76649847566583
2431,-7.0,5.0,175,63,2.2846031746031743,0.550016129458335,0.5560919134502939,0.07071166891131866,0.4441727690235551,0.7016793033875307,moderately_uncertain,1.0,pre_separator,7.0,-117.6209856300049,35.76650609544938
2432,-6.0,5.0,267,109,2.2896330275229357,0.5465346478953351,0.5493965788631363,0.051773640402247655,0.45803124094257797,0.6656351608096631,robust,1.0,pre_separator,7.0,-117.60992720045755,35.76651269926275
2433,-5.0,5.0,404,171,2.226900584795321,0.5933790612077513,0.596977614383723,0.04399100824146474,0.5186818627359329,0.6798903093296712,robust,1.0,pre_separator,7.0,-117.59886876922332,35.76651828710553
2434,-4.0,5.0,463,206,2.2101941747572815,0.6072399597642698,0.6089951361964081,0.03979835317151461,0.536735674989095,0.6912530904857412,robust,1.0,pre_separator,7.0,-117.58781033658335,35.76652285897735
2435,-3.0,5.0,521,234,2.2284188034188035,0.5921507328129642,0.596379615171348,0.03626125239821557,0.5311353179018824,0.6685333686328052,robust,1.0,pre_separator,7.0,-117.57675190281878,35.766526414877966
2436,-2.0,5.0,573,257,2.2226070038910506,0.5968805681923887,0.5997602050801863,0.03327857707942841,0.5379158187169718,0.6693415139760047,robust,1.0,pre_separator,7.0,-117.56569346821078,35.76652895480714
2437,-1.0,5.0,595,268,2.2186194029850745,0.6001697579027045,0.6041012758666381,0.03407295094525218,0.5467635676539961,0.6715673024719119,robust,1.0,pre_separator,7.0,-117.55463503304047,35.76653047876471
2438,0.0,5.0,603,270,2.2168518518518523,0.6016393540989119,0.6054192297340234,0.03336698602455999,0.5431162096392311,0.6699242380904126,robust,1.0,pre_separator,7.0,-117.54357659758901,35.76653098675057
2439,1.0,5.0,605,269,2.1911524163568767,0.6238497083383164,0.6247337802149777,0.035824403160261836,0.5612215271547406,0.7013735475420835,robust,1.0,pre_separator,7.0,-117.53251816213755,35.76653047876471
2440,2.0,5.0,602,269,2.19089219330855,0.6240829917037035,0.6258269779025453,0.03516212429097029,0.5591493109381731,0.6953758101805905,robust,1.0,pre_separator,7.0,-117.52145972696724,35.76652895480714
2441,3.0,5.0,612,278,2.1934172661870504,0.6218266685676967,0.625676630349829,0.03389840349474406,0.5612985950107661,0.6892127950875475,robust,1.0,pre_separator,7.0,-117.51040129235923,35.766526414877966
2442,4.0,5.0,626,284,2.154260563380282,0.6587599896412086,0.6606502629731635,0.03592621224601387,0.5941359927276944,0.7319092463032162,robust,1.0,pre_separator,7.0,-117.49934285859467,35.76652285897735
2443,5.0,5.0,575,261,2.129233716475096,0.6847546426843188,0.6878721083651922,0.0401528296931157,0.6099300937217228,0.7734482665807748,robust,1.0,pre_separator,7.0,-117.48828442595469,35.76651828710553
2444,6.0,5.0,416,195,2.138205128205128,0.6752036991918209,0.6794920231145931,0.04795570322860527,0.5907979317217672,0.7800082146579104,robust,1.0,pre_separator,7.0,-117.47722599472047,35.76651269926275
2445,7.0,5.0,267,130,2.1313846153846154,0.6824402592460139,0.6830307072720387,0.04738151951764606,0.5986891253088024,0.7826485489688078,robust,1.0,pre_separator,7.0,-117.46616756517312,35.76650609544938
2446,8.0,5.0,142,71,2.1195774647887324,0.6953412609117348,0.6997733411727705,0.07360146326104701,0.572300451674642,0.8643651440337952,moderately_uncertain,1.0,pre_separator,7.0,-117.45510913759384,35.76649847566583
2447,9.0,5.0,87,42,2.1997619047619046,0.6162286567546142,0.6325077895757962,0.0945432605805828,0.4762846774609233,0.8487840037197101,exploratory,1.0,pre_separator,7.0,-117.44405071226373,35.76648983991258
2448,10.0,5.0,54,23,2.1191304347826088,,,,,insufficient,0,,pre_separator,7.0,-117.43299228946395,35.76648018819016
2449,11.0,5.0,23,5,1.7600000000000002,,,,,insufficient,0,,pre_separator,7.0,-117.42193386947565,35.76646952049917
2450,12.0,5.0,13,3,1.6333333333333335,,,,,insufficient,0,,pre_separator,7.0,-117.41087545257996,35.766457836840274
2451,13.0,5.0,9,1,1.54,,,,,insufficient,0,,pre_separator,7.0,-117.39981703905804,35.76644513721422
2452,14.0,5.0,6,0,,,,,,insufficient,0,,pre_separator,7.0,-117.38875862919105,35.76643142162177
2453,15.0,5.0,5,0,,,,,,insufficient,0,,pre_separator,7.0,-117.37770022326009,35.766416690063785
2454,16.0,5.0,4,0,,,,,,insufficient,0,,pre_separator,7.0,-117.36664182154634,35.766400942541196
2455,17.0,5.0,1,0,,,,,,insufficient,0,,pre_separator,7.0,-117.35558342433092,35.76638417905497
2456,18.0,5.0,0,0,,,,,,insufficient,0,,pre_separator,7.0,-117.34452503189496,35.76636639960616
2457,19.0,5.0,0,0,,,,,,insufficient,0,,pre_separator,7.0,-117.33346664451963,35.766347604195865
2458,20.0,5.0,0,0,,,,,,insufficient,0,,pre_separator,7.0,-117.32240826248602,35.76632779282526
2459,21.0,5.0,0,0,,,,,,insufficient,0,,pre_separator,7.0,-117.31134988607533,35.76630696549559
2460,22.0,5.0,0,0,,,,,,insufficient,0,,pre_separator,7.0,-117.30029151556865,35.76628512220812
2461,23.0,5.0,0,0,,,,,,insufficient,0,,pre_separator,7.0,-117.2892331512471,35.76626226296425
2462,24.0,5.0,0,0,,,,,,insufficient,0,,pre_separator,7.0,-117.27817479339184,35.76623838776536
2463,25.0,5.0,0,0,,,,,,insufficient,0,,pre_separator,7.0,-117.26711644228399,35.76621349661298
2464,-30.0,6.0,0,0,,,,,,insufficient,0,,pre_separator,7.0,-117.87536581471925,35.7750863995288
2465,-29.0,6.0,0,0,,,,,,insufficient,0,,pre_separator,7.0,-117.86430625436545,35.775116375944194
2466,-28.0,6.0,0,0,,,,,,insufficient,0,,pre_separator,7.0,-117.85324668585409,35.77514533622733
2467,-27.0,6.0,0,0,,,,,,insufficient,0,,pre_separator,7.0,-117.84218710946642,35.77517328037645
2468,-26.0,6.0,0,0,,,,,,insufficient,0,,pre_separator,7.0,-117.83112752548371,35.77520020838976
2469,-25.0,6.0,0,0,,,,,,insufficient,0,,pre_separator,7.0,-117.82006793418729,35.77522612026562
2470,-24.0,6.0,0,0,,,,,,insufficient,0,,pre_separator,7.0,-117.80900833585841,35.77525101600242
2471,-23.0,6.0,0,0,,,,,,insufficient,0,,pre_separator,7.0,-117.79794873077837,35.7752748955986
2472,-22.0,6.0,0,0,,,,,,insufficient,0,,pre_separator,7.0,-117.78688911922842,35.77529775905266
2473,-21.0,6.0,0,0,,,,,,insufficient,0,,pre_separator,7.0,-117.77582950148991,35.77531960636319
2474,-20.0,6.0,0,0,,,,,,insufficient,0,,pre_separator,7.0,-117.76476987784406,35.77534043752882
2475,-19.0,6.0,1,0,,,,,,insufficient,0,,pre_separator,7.0,-117.75371024857222,35.77536025254827
2476,-18.0,6.0,2,0,,,,,,insufficient,0,,pre_separator,7.0,-117.74265061395565,35.77537905142028
2477,-17.0,6.0,4,0,,,,,,insufficient,0,,pre_separator,7.0,-117.73159097427563,35.7753968341437
2478,-16.0,6.0,11,1,2.26,,,,,insufficient,0,,pre_separator,7.0,-117.72053132981348,35.7754136007174
2479,-15.0,6.0,14,1,2.26,,,,,insufficient,0,,pre_separator,7.0,-117.7094716808505,35.77542935114036
2480,-14.0,6.0,16,1,2.26,,,,,insufficient,0,,pre_separator,7.0,-117.69841202766796,35.77544408541159
2481,-13.0,6.0,29,8,2.7387500000000005,,,,,insufficient,0,,pre_separator,7.0,-117.68735237054722,35.77545780353017
2482,-12.0,6.0,45,18,2.3666666666666667,,,,,insufficient,0,,pre_separator,7.0,-117.67629270976948,35.77547050549526
2483,-11.0,6.0,53,19,2.3857894736842105,,,,,insufficient,0,,pre_separator,7.0,-117.66523304561613,35.77548219130604
2484,-10.0,6.0,60,20,2.4625,,,,,insufficient,0,,pre_separator,7.0,-117.65417337836843,35.7754928609618
2485,-9.0,6.0,73,26,2.3326923076923074,,,,,insufficient,0,,pre_separator,7.0,-117.64311370830768,35.77550251446188
2486,-8.0,6.0,95,31,2.343225806451613,0.5120033823540904,0.5275145294196759,0.08157778033354685,0.3910745794413738,0.703984812043626,exploratory,1.0,pre_separator,7.0,-117.63205403571517,35.77551115180567
2487,-7.0,6.0,154,54,2.340925925925926,0.5133954033006917,0.5174808293068511,0.0656375149449222,0.40859997736668185,0.6607336116232826,moderately_uncertain,1.0,pre_separator,7.0,-117.62099436087225,35.775518772992626
2488,-6.0,6.0,189,70,2.2808571428571423,0.5526379518856145,0.5593167001423706,0.06466366222142005,0.44521320247862695,0.7095970679437927,moderately_uncertain,1.0,pre_separator,7.0,-117.60993468406016,35.77552537802228
2489,-5.0,6.0,293,118,2.2675423728813557,0.5621626685452361,0.5671605310549247,0.04809123654187654,0.4880304091473025,0.660475768122881,robust,1.0,pre_separator,7.0,-117.59887500556029,35.77553096689422
2490,-4.0,6.0,407,171,2.211520467836257,0.6061159469941325,0.606222979756053,0.044087449471305655,0.5311409900862535,0.6957614947805455,robust,1.0,pre_separator,7.0,-117.58781532565386,35.775535539608114
2491,-3.0,6.0,461,203,2.214039408866995,0.6039925997763856,0.6082718436652235,0.04213986700120129,0.5288983426051259,0.6936970130358785,robust,1.0,pre_separator,7.0,-117.57675564462221,35.77553909616366
2492,-2.0,6.0,503,224,2.2053125000000002,0.6114132609284669,0.615816820413577,0.0377406725671251,0.5472788623565656,0.6945028444492918,robust,1.0,pre_separator,7.0,-117.56569596274666,35.77554163656062
2493,-1.0,6.0,536,244,2.21094262295082,0.6066051496044044,0.6104249878480623,0.034735876500088116,0.5462025362384462,0.6742330527262534,robust,1.0,pre_separator,7.0,-117.5546362803085,35.77554316079886
2494,0.0,6.0,567,252,2.2055555555555553,0.6112041183939434,0.6147591572332872,0.03740110042544578,0.5473220808145379,0.692049056507321,robust,1.0,pre_separator,7.0,-117.54357659758901,35.77554366887829
2495,1.0,6.0,566,250,2.18092,0.6331561725904651,0.6350816702949696,0.036955049154206346,0.5573791146937924,0.7087065587096326,robust,1.0,pre_separator,7.0,-117.53251691486952,35.77554316079886
2496,2.0,6.0,549,243,2.1793004115226338,0.6346547139097946,0.6359397759009084,0.03903309483065949,0.5653240873461343,0.7165870833724773,robust,1.0,pre_separator,7.0,-117.52145723243135,35.77554163656062
2497,3.0,6.0,515,221,2.1424886877828055,0.6707367867543844,0.673541072210749,0.03993007005187513,0.6017785487764656,0.7576289403866573,robust,1.0,pre_separator,7.0,-117.51039755055581,35.77553909616366
2498,4.0,6.0,448,187,2.132513368983957,0.6812319600378149,0.6825202491913699,0.04501194011391177,0.601309853233001,0.7728321655413058,robust,1.0,pre_separator,7.0,-117.49933786952415,35.775535539608114
2499,5.0,6.0,297,130,2.1576923076923076,0.6553486087919065,0.6647039565320478,0.048708804043068724,0.5754137283441998,0.7693231810695823,robust,1.0,pre_separator,7.0,-117.48827818961773,35.77553096689422
2500,6.0,6.0,179,82,2.198658536585366,0.6171949309543613,0.6211867394697427,0.06232024640011036,0.5175174097890621,0.7514104159286146,moderately_uncertain,1.0,pre_separator,7.0,-117.47721851111784,35.77552537802228
2501,7.0,6.0,85,32,2.100625,0.7171013117081557,0.7372779307053439,0.14540160331832627,0.5163213813630949,1.0996163715130598,exploratory,1.0,pre_separator,7.0,-117.46615883430577,35.775518772992626
2502,8.0,6.0,42,15,2.058,,,,,insufficient,0,,pre_separator,7.0,-117.45509915946285,35.77551115180567
2503,9.0,6.0,27,9,1.9544444444444444,,,,,insufficient,0,,pre_separator,7.0,-117.44403948687034,35.77550251446188
2504,10.0,6.0,18,4,1.6675,,,,,insufficient,0,,pre_separator,7.0,-117.43297981680959,35.7754928609618
2505,11.0,6.0,15,3,1.7066666666666668,,,,,insufficient,0,,pre_separator,7.0,-117.42192014956187,35.77548219130604
2506,12.0,6.0,8,0,,,,,,insufficient,0,,pre_separator,7.0,-117.41086048540853,35.77547050549526
2507,13.0,6.0,6,0,,,,,,insufficient,0,,pre_separator,7.0,-117.3998008246308,35.77545780353017
2508,14.0,6.0,6,0,,,,,,insufficient,0,,pre_separator,7.0,-117.38874116751005,35.77544408541159
2509,15.0,6.0,5,0,,,,,,insufficient,0,,pre_separator,7.0,-117.37768151432752,35.77542935114036
2510,16.0,6.0,2,0,,,,,,insufficient,0,,pre_separator,7.0,-117.36662186536452,35.7754136007174
2511,17.0,6.0,0,0,,,,,,insufficient,0,,pre_separator,7.0,-117.35556222090239,35.7753968341437
2512,18.0,6.0,0,0,,,,,,insufficient,0,,pre_separator,7.0,-117.34450258122237,35.77537905142028
2513,19.0,6.0,0,0,,,,,,insufficient,0,,pre_separator,7.0,-117.3334429466058,35.77536025254827
2514,20.0,6.0,0,0,,,,,,insufficient,0,,pre_separator,7.0,-117.32238331733396,35.77534043752882
2515,21.0,6.0,0,0,,,,,,insufficient,0,,pre_separator,7.0,-117.31132369368811,35.77531960636319
2516,22.0,6.0,0,0,,,,,,insufficient,0,,pre_separator,7.0,-117.30026407594958,35.77529775905266
2517,23.0,6.0,0,0,,,,,,insufficient,0,,pre_separator,7.0,-117.28920446439965,35.7752748955986
2518,24.0,6.0,0,0,,,,,,insufficient,0,,pre_separator,7.0,-117.27814485931961,35.77525101600242
2519,25.0,6.0,0,0,,,,,,insufficient,0,,pre_separator,7.0,-117.26708526099073,35.77522612026562
2520,-30.0,7.0,0,0,,,,,,insufficient,0,,pre_separator,7.0,-117.87540324595085,35.78409898389115
2521,-29.0,7.0,0,0,,,,,,insufficient,0,,pre_separator,7.0,-117.86434243793403,35.78412896582821
2522,-28.0,7.0,0,0,,,,,,insufficient,0,,pre_separator,7.0,-117.85328162175507,35.784157931445876
2523,-27.0,7.0,0,0,,,,,,insufficient,0,,pre_separator,7.0,-117.84222079769545,35.78418588074233
2524,-26.0,7.0,0,0,,,,,,insufficient,0,,pre_separator,7.0,-117.83115996603657,35.78421281371585
2525,-25.0,7.0,0,0,,,,,,insufficient,0,,pre_separator,7.0,-117.82009912705986,35.78423873036472
2526,-24.0,7.0,0,0,,,,,,insufficient,0,,pre_separator,7.0,-117.8090382810468,35.784263630687356
2527,-23.0,7.0,0,0,,,,,,insufficient,0,,pre_separator,7.0,-117.7979774282788,35.7842875146822
2528,-22.0,7.0,0,0,,,,,,insufficient,0,,pre_separator,7.0,-117.78691656903733,35.78431038234777
2529,-21.0,7.0,0,0,,,,,,insufficient,0,,pre_separator,7.0,-117.77585570360381,35.78433223368262
2530,-20.0,7.0,0,0,,,,,,insufficient,0,,pre_separator,7.0,-117.76479483225967,35.784353068685405
2531,-19.0,7.0,0,0,,,,,,insufficient,0,,pre_separator,7.0,-117.75373395528639,35.78437288735483
2532,-18.0,7.0,0,0,,,,,,insufficient,0,,pre_separator,7.0,-117.74267307296543,35.78439168968965
2533,-17.0,7.0,6,0,,,,,,insufficient,0,,pre_separator,7.0,-117.73161218557819,35.78440947568869
2534,-16.0,7.0,10,1,2.26,,,,,insufficient,0,,pre_separator,7.0,-117.72055129340616,35.78442624535086
2535,-15.0,7.0,12,1,2.26,,,,,insufficient,0,,pre_separator,7.0,-117.70949039673076,35.78444199867509
2536,-14.0,7.0,15,1,2.26,,,,,insufficient,0,,pre_separator,7.0,-117.6984294958335,35.78445673566043
2537,-13.0,7.0,24,4,2.4475,,,,,insufficient,0,,pre_separator,7.0,-117.68736859099579,35.784470456305925
2538,-12.0,7.0,42,16,2.444375,,,,,insufficient,0,,pre_separator,7.0,-117.67630768249911,35.78448316061075
2539,-11.0,7.0,49,18,2.427222222222222,,,,,insufficient,0,,pre_separator,7.0,-117.66524677062488,35.78449484857409
2540,-10.0,7.0,54,19,2.3857894736842105,,,,,insufficient,0,,pre_separator,7.0,-117.65418585565459,35.78450552019524
2541,-9.0,7.0,69,24,2.372916666666667,,,,,insufficient,0,,pre_separator,7.0,-117.64312493786967,35.78451517547353
2542,-8.0,7.0,79,26,2.3869230769230767,,,,,insufficient,0,,pre_separator,7.0,-117.63206401755163,35.784523814408345
2543,-7.0,7.0,106,35,2.3522857142857143,0.5065924634765476,0.5190584660815961,0.07627542530858288,0.3865770719105291,0.6867139984574683,exploratory,1.0,pre_separator,7.0,-117.62100309498187,35.78453143699916
2544,-6.0,7.0,164,55,2.344727272727273,0.5110986734712495,0.5155294167040047,0.06222362055210634,0.41336284239308296,0.6480562150189855,moderately_uncertain,1.0,pre_separator,7.0,-117.60994217044191,35.78453804324548
2545,-5.0,7.0,190,70,2.3245714285714283,0.5235166821633828,0.5330063612928805,0.06509589586812534,0.4266693256601222,0.674764256282311,moderately_uncertain,1.0,pre_separator,7.0,-117.59888124421316,35.78454363314692
2546,-4.0,7.0,281,105,2.2516190476190476,0.5739935880148712,0.5809017176171737,0.053370520212195634,0.48646976394368296,0.69628288606727,robust,1.0,pre_separator,7.0,-117.58782031657711,35.78454820670312
2547,-3.0,7.0,352,145,2.2322758620689656,0.5890528962721249,0.5932122856005589,0.049311171996999116,0.5057937445950789,0.6858370924521444,robust,1.0,pre_separator,7.0,-117.5767593878152,35.78455176391378
2548,-2.0,7.0,411,174,2.2209770114942526,0.5982207081314586,0.5997594066080485,0.042919189714068016,0.5217236985598528,0.6893390423808838,robust,1.0,pre_separator,7.0,-117.5656984582089,35.78455430477871
2549,-1.0,7.0,442,197,2.2008121827411165,0.6153116828001053,0.6210747152624756,0.040931598040135,0.5465142301804079,0.7045105566648169,robust,1.0,pre_separator,7.0,-117.55463752803969,35.78455582929772
2550,0.0,7.0,453,203,2.1970443349753697,0.618614039408905,0.6233424428428752,0.04008302035101004,0.5499599600716845,0.7036886315731237,robust,1.0,pre_separator,7.0,-117.54357659758901,35.78455633747074
2551,1.0,7.0,429,187,2.1611764705882353,0.6519210765876629,0.6569001457476519,0.04714028157513006,0.5709232735698928,0.7566044900051536,robust,1.0,pre_separator,7.0,-117.53251566713833,35.78455582929772
2552,2.0,7.0,406,172,2.162848837209302,0.6502885948233597,0.6528472118052874,0.046872617293392274,0.5667711326670792,0.7453151563255225,robust,1.0,pre_separator,7.0,-117.52145473696912,35.78455430477871
2553,3.0,7.0,353,146,2.154178082191781,0.6588424185149081,0.6627353253187923,0.05140447531470544,0.5655296214076898,0.7600547371133038,robust,1.0,pre_separator,7.0,-117.5103938073628,35.78455176391378
2554,4.0,7.0,249,109,2.1925688073394496,0.6225830016105011,0.6318409163130291,0.06134749575992358,0.51990330229739,0.7638576143061199,robust,1.0,pre_separator,7.0,-117.4993328786009,35.78454820670312
2555,5.0,7.0,149,61,2.1932786885245905,0.621950073860743,0.6306539550001061,0.08039112361596978,0.48908405569080826,0.7974120924825905,moderately_uncertain,1.0,pre_separator,7.0,-117.48827195096486,35.78454363314692
2556,6.0,7.0,70,23,2.0773913043478265,,,,,insufficient,0,,pre_separator,7.0,-117.4772110247361,35.78453804324548
2557,7.0,7.0,28,7,2.0342857142857143,,,,,insufficient,0,,pre_separator,7.0,-117.46615010019613,35.78453143699916
2558,8.0,7.0,23,6,2.1133333333333337,,,,,insufficient,0,,pre_separator,7.0,-117.45508917762639,35.784523814408345
2559,9.0,7.0,20,5,2.178,,,,,insufficient,0,,pre_separator,7.0,-117.44402825730835,35.78451517547353
2560,10.0,7.0,11,1,1.77,,,,,insufficient,0,,pre_separator,7.0,-117.43296733952343,35.78450552019524
2561,11.0,7.0,7,1,1.77,,,,,insufficient,0,,pre_separator,7.0,-117.42190642455314,35.78449484857409
2562,12.0,7.0,7,1,1.77,,,,,insufficient,0,,pre_separator,7.0,-117.4108455126789,35.78448316061075
2563,13.0,7.0,7,1,1.77,,,,,insufficient,0,,pre_separator,7.0,-117.39978460418223,35.784470456305925
2564,14.0,7.0,4,0,,,,,,insufficient,0,,pre_separator,7.0,-117.38872369934452,35.78445673566043
2565,15.0,7.0,4,0,,,,,,insufficient,0,,pre_separator,7.0,-117.37766279844726,35.78444199867509
2566,16.0,7.0,0,0,,,,,,insufficient,0,,pre_separator,7.0,-117.36660190177186,35.78442624535086
2567,17.0,7.0,0,0,,,,,,insufficient,0,,pre_separator,7.0,-117.35554100959983,35.78440947568869
2568,18.0,7.0,0,0,,,,,,insufficient,0,,pre_separator,7.0,-117.34448012221259,35.78439168968965
2569,19.0,7.0,0,0,,,,,,insufficient,0,,pre_separator,7.0,-117.33341923989163,35.78437288735483
2570,20.0,7.0,0,0,,,,,,insufficient,0,,pre_separator,7.0,-117.32235836291835,35.784353068685405
2571,21.0,7.0,0,0,,,,,,insufficient,0,,pre_separator,7.0,-117.31129749157421,35.78433223368262
2572,22.0,7.0,0,0,,,,,,insufficient,0,,pre_separator,7.0,-117.30023662614069,35.78431038234777
2573,23.0,7.0,0,0,,,,,,insufficient,0,,pre_separator,7.0,-117.28917576689922,35.7842875146822
2574,24.0,7.0,0,0,,,,,,insufficient,0,,pre_separator,7.0,-117.27811491413122,35.784263630687356
2575,25.0,7.0,0,0,,,,,,insufficient,0,,pre_separator,7.0,-117.26705406811816,35.78423873036472
2576,-30.0,8.0,0,0,,,,,,insufficient,0,,pre_separator,7.0,-117.87544069108405,35.79311155469049
2577,-29.0,8.0,0,0,,,,,,insufficient,0,,pre_separator,7.0,-117.86437863494083,35.79314154215097
2578,-28.0,8.0,0,0,,,,,,insufficient,0,,pre_separator,7.0,-117.85331657063095,35.793170513104826
2579,-27.0,8.0,0,0,,,,,,insufficient,0,,pre_separator,7.0,-117.842254498436,35.79319846755025
2580,-26.0,8.0,0,0,,,,,,insufficient,0,,pre_separator,7.0,-117.83119241863756,35.79322540548548
2581,-25.0,8.0,0,0,,,,,,insufficient,0,,pre_separator,7.0,-117.82013033151723,35.793251326908866
2582,-24.0,8.0,0,0,,,,,,insufficient,0,,pre_separator,7.0,-117.80906823735661,35.79327623181878
2583,-23.0,8.0,0,0,,,,,,insufficient,0,,pre_separator,7.0,-117.79800613643731,35.79330012021367
2584,-22.0,8.0,0,0,,,,,,insufficient,0,,pre_separator,7.0,-117.78694402904088,35.79332299209204
2585,-21.0,8.0,0,0,,,,,,insufficient,0,,pre_separator,7.0,-117.77588191544898,35.79334484745249
2586,-20.0,8.0,0,0,,,,,,insufficient,0,,pre_separator,7.0,-117.76481979594317,35.79336568629363
2587,-19.0,8.0,0,0,,,,,,insufficient,0,,pre_separator,7.0,-117.75375767080509,35.79338550861416
2588,-18.0,8.0,0,0,,,,,,insufficient,0,,pre_separator,7.0,-117.74269554031632,35.79340431441287
2589,-17.0,8.0,5,0,,,,,,insufficient,0,,pre_separator,7.0,-117.73163340475851,35.79342210368857
2590,-16.0,8.0,9,1,2.26,,,,,insufficient,0,,pre_separator,7.0,-117.72057126441317,35.793438876440156
2591,-15.0,8.0,13,1,2.26,,,,,insufficient,0,,pre_separator,7.0,-117.70950911956201,35.79345463266657
2592,-14.0,8.0,15,1,2.26,,,,,insufficient,0,,pre_separator,7.0,-117.69844697048661,35.79346937236684
2593,-13.0,8.0,18,2,2.02,,,,,insufficient,0,,pre_separator,7.0,-117.68738481746855,35.79348309554006
2594,-12.0,8.0,39,15,2.4506666666666663,,,,,insufficient,0,,pre_separator,7.0,-117.6763226607895,35.79349580218535
2595,-11.0,8.0,46,17,2.4094117647058826,,,,,insufficient,0,,pre_separator,7.0,-117.66526050073102,35.79350749230195
2596,-10.0,8.0,51,18,2.427222222222222,,,,,insufficient,0,,pre_separator,7.0,-117.65419833757475,35.7935181658891
2597,-9.0,8.0,61,20,2.4795,,,,,insufficient,0,,pre_separator,7.0,-117.6431361716023,35.79352782294614
2598,-8.0,8.0,74,24,2.379583333333333,,,,,insufficient,0,,pre_separator,7.0,-117.63207400309528,35.793536463472485
2599,-7.0,8.0,82,26,2.4038461538461537,,,,,insufficient,0,,pre_separator,7.0,-117.62101183233534,35.79354408746759
2600,-6.0,8.0,112,38,2.438684210526316,0.46021166515124284,0.46819823475323047,0.07670254688172108,0.34180178813765294,0.6610484137990444,exploratory,1.0,pre_separator,7.0,-117.60994965960406,35.79355069493096
2601,-5.0,8.0,157,52,2.3576923076923078,0.5034175893662304,0.5071676033223136,0.06491225845426285,0.39236972377198387,0.6530137025788353,moderately_uncertain,1.0,pre_separator,7.0,-117.59888748518304,35.793556285862216
2602,-4.0,8.0,190,68,2.361176470588235,0.5013926106862672,0.5121145676326991,0.05703906059468018,0.415628425094422,0.6353260444418658,moderately_uncertain,1.0,pre_separator,7.0,-117.58782530935395,35.79356086026098
2603,-3.0,8.0,232,89,2.3010112359550563,0.538819389271477,0.5421657152656965,0.053803531893434675,0.45089299528533455,0.6499473961456054,moderately_uncertain,1.0,pre_separator,7.0,-117.57676313239838,35.79356441812699
2604,-2.0,8.0,273,109,2.249908256880734,0.5752943857015792,0.5833329171961673,0.05983837785668312,0.48334299958119836,0.7145329914114027,robust,1.0,pre_separator,7.0,-117.56570095459796,35.793566959460016
2605,-1.0,8.0,306,122,2.2179508196721316,0.6007247935623208,0.6045454119274637,0.05636024414133311,0.5079881992560833,0.7328068055987381,robust,1.0,pre_separator,7.0,-117.5546387762343,35.793568484259886
2606,0.0,8.0,321,132,2.204318181818182,0.6122703365505631,0.6139539003122699,0.05674444436508927,0.5171058665570337,0.7285153337301978,robust,1.0,pre_separator,7.0,-117.54357659758901,35.793568992526524
2607,1.0,8.0,296,120,2.1710833333333337,0.6423682710266263,0.6478946456413497,0.058599389088275285,0.545528357697442,0.7690953680724526,robust,1.0,pre_separator,7.0,-117.53251441894372,35.793568484259886
2608,2.0,8.0,256,106,2.185566037735849,0.6288963808981518,0.6292698555974989,0.06173548975401034,0.5257326460036712,0.7731943812144123,robust,1.0,pre_separator,7.0,-117.52145224058006,35.793566959460016
2609,3.0,8.0,193,82,2.2219512195121953,0.5974190155354242,0.607493685950223,0.07133512711154327,0.4878693844152802,0.7820244318440296,moderately_uncertain,1.0,pre_separator,7.0,-117.51039006277963,35.79356441812699
2610,4.0,8.0,108,42,2.2226190476190473,0.5968706884796003,0.6145355370272886,0.10269143193731707,0.443781947011046,0.8459029212869471,exploratory,1.0,pre_separator,7.0,-117.49932788582407,35.79356086026098
2611,5.0,8.0,62,17,2.1117647058823534,,,,,insufficient,0,,pre_separator,7.0,-117.48826570999498,35.793556285862216
2612,6.0,8.0,31,7,2.315714285714286,,,,,insufficient,0,,pre_separator,7.0,-117.47720353557396,35.79355069493096
2613,7.0,8.0,26,6,2.1133333333333337,,,,,insufficient,0,,pre_separator,7.0,-117.46614136284266,35.79354408746759
2614,8.0,8.0,20,4,2.27,,,,,insufficient,0,,pre_separator,7.0,-117.45507919208274,35.793536463472485
2615,9.0,8.0,18,3,2.276666666666667,,,,,insufficient,0,,pre_separator,7.0,-117.44401702357573,35.79352782294614
2616,10.0,8.0,8,1,1.77,,,,,insufficient,0,,pre_separator,7.0,-117.43295485760326,35.7935181658891
2617,11.0,8.0,7,1,1.77,,,,,insufficient,0,,pre_separator,7.0,-117.421892694447,35.79350749230195
2618,12.0,8.0,7,1,1.77,,,,,insufficient,0,,pre_separator,7.0,-117.41083053438852,35.79349580218535
2619,13.0,8.0,7,1,1.77,,,,,insufficient,0,,pre_separator,7.0,-117.39976837770946,35.79348309554006
2620,14.0,8.0,6,1,1.77,,,,,insufficient,0,,pre_separator,7.0,-117.3887062246914,35.79346937236684
2621,15.0,8.0,3,0,,,,,,insufficient,0,,pre_separator,7.0,-117.377644075616,35.79345463266657
2622,16.0,8.0,1,0,,,,,,insufficient,0,,pre_separator,7.0,-117.36658193076484,35.793438876440156
2623,17.0,8.0,0,0,,,,,,insufficient,0,,pre_separator,7.0,-117.3555197904195,35.79342210368857
2624,18.0,8.0,0,0,,,,,,insufficient,0,,pre_separator,7.0,-117.3444576548617,35.79340431441287
2625,19.0,8.0,0,0,,,,,,insufficient,0,,pre_separator,7.0,-117.33339552437293,35.79338550861416
2626,20.0,8.0,0,0,,,,,,insufficient,0,,pre_separator,7.0,-117.32233339923485,35.79336568629363
2627,21.0,8.0,0,0,,,,,,insufficient,0,,pre_separator,7.0,-117.31127127972904,35.79334484745249
2628,22.0,8.0,0,0,,,,,,insufficient,0,,pre_separator,7.0,-117.30020916613714,35.79332299209204
2629,23.0,8.0,0,0,,,,,,insufficient,0,,pre_separator,7.0,-117.28914705874071,35.79330012021367
2630,24.0,8.0,0,0,,,,,,insufficient,0,,pre_separator,7.0,-117.2780849578214,35.79327623181878
2631,25.0,8.0,0,0,,,,,,insufficient,0,,pre_separator,7.0,-117.26702286366078,35.793251326908866
2632,-30.0,9.0,0,0,,,,,,insufficient,0,,pre_separator,7.0,-117.87547815012536,35.80212411192544
2633,-29.0,9.0,0,0,,,,,,insufficient,0,,pre_separator,7.0,-117.86441484539219,35.80215410491106
2634,-28.0,9.0,0,0,,,,,,insufficient,0,,pre_separator,7.0,-117.85335153248779,35.802183081202756
2635,-27.0,9.0,0,0,,,,,,insufficient,0,,pre_separator,7.0,-117.84228821169394,35.80221104079875
2636,-26.0,9.0,0,0,,,,,,insufficient,0,,pre_separator,7.0,-117.83122488329235,35.802237983697275
2637,-25.0,9.0,0,0,,,,,,insufficient,0,,pre_separator,7.0,-117.82016154756481,35.80226390989666
2638,-24.0,9.0,0,0,,,,,,insufficient,0,,pre_separator,7.0,-117.80909820479303,35.80228881939528
2639,-23.0,9.0,0,0,,,,,,insufficient,0,,pre_separator,7.0,-117.7980348552588,35.8023127121916
2640,-22.0,9.0,0,0,,,,,,insufficient,0,,pre_separator,7.0,-117.78697149924389,35.8023355882841
2641,-21.0,9.0,0,0,,,,,,insufficient,0,,pre_separator,7.0,-117.77590813703,35.80235744767139
2642,-20.0,9.0,0,0,,,,,,insufficient,0,,pre_separator,7.0,-117.76484476889894,35.80237829035207
2643,-19.0,9.0,0,0,,,,,,insufficient,0,,pre_separator,7.0,-117.75378139513246,35.80239811632488
2644,-18.0,9.0,1,0,,,,,,insufficient,0,,pre_separator,7.0,-117.7427180160123,35.802416925588545
2645,-17.0,9.0,5,0,,,,,,insufficient,0,,pre_separator,7.0,-117.73165463182025,35.80243471814192
2646,-16.0,9.0,9,1,2.26,,,,,insufficient,0,,pre_separator,7.0,-117.72059124283805,35.80245149398388
2647,-15.0,9.0,13,1,2.26,,,,,insufficient,0,,pre_separator,7.0,-117.70952784934751,35.8024672531134
2648,-14.0,9.0,16,1,2.26,,,,,insufficient,0,,pre_separator,7.0,-117.69846445163036,35.80248199552947
2649,-13.0,9.0,18,2,2.02,,,,,insufficient,0,,pre_separator,7.0,-117.68740104996836,35.80249572123119
2650,-12.0,9.0,32,12,2.4333333333333336,,,,,insufficient,0,,pre_separator,7.0,-117.6763376446433,35.8025084302177
2651,-11.0,9.0,46,17,2.4094117647058826,,,,,insufficient,0,,pre_separator,7.0,-117.66527423593695,35.80252012248819
2652,-10.0,9.0,51,18,2.427222222222222,,,,,insufficient,0,,pre_separator,7.0,-117.6542108241311,35.80253079804195
2653,-9.0,9.0,55,19,2.4036842105263156,,,,,insufficient,0,,pre_separator,7.0,-117.64314740950749,35.802540456878326
2654,-8.0,9.0,66,22,2.4413636363636364,,,,,insufficient,0,,pre_separator,7.0,-117.6320839923479,35.8025490989967
2655,-7.0,9.0,74,24,2.379583333333333,,,,,insufficient,0,,pre_separator,7.0,-117.6210205729341,35.80255672439652
2656,-6.0,9.0,82,24,2.379583333333333,,,,,insufficient,0,,pre_separator,7.0,-117.6099571515479,35.80256333307733
2657,-5.0,9.0,98,31,2.3380645161290325,0.5151378970346586,0.5300864397197602,0.08465328844303051,0.404891140362997,0.7309073102788957,exploratory,1.0,pre_separator,7.0,-117.59889372847103,35.802568925038706
2658,-4.0,9.0,126,46,2.391521739130435,0.48442158505212357,0.49739907291866553,0.06200591258719267,0.3949692797063975,0.6333602310029227,exploratory,1.0,pre_separator,7.0,-117.58783030398529,35.80257350028033
2659,-3.0,9.0,151,57,2.419298245614035,0.4698640119291138,0.47822307185318946,0.055822112270282095,0.38402883623936296,0.5946860052051319,moderately_uncertain,1.0,pre_separator,7.0,-117.57676687837244,35.80257705880187
2660,-2.0,9.0,172,63,2.4233333333333333,0.46782170402504686,0.4710492933067515,0.05635910631413268,0.3760439994815958,0.5990288963332201,moderately_uncertain,1.0,pre_separator,7.0,-117.56570345191425,35.80257960060314
2661,-1.0,9.0,187,76,2.3760526315789474,0.49292683131193454,0.49420384474782986,0.05248361674257218,0.3994152151927153,0.6057911783005946,moderately_uncertain,1.0,pre_separator,7.0,-117.55464002489252,35.80258112568395
2662,0.0,9.0,185,76,2.379736842105263,0.4908741913243179,0.49535320451398857,0.05094317274128779,0.40478020494266564,0.6013424870034,moderately_uncertain,1.0,pre_separator,7.0,-117.54357659758901,35.80258163404424
2663,1.0,9.0,147,54,2.2887037037037037,0.5471745688935044,0.5548676067559167,0.08109761986273764,0.4216505683233347,0.7294282272279808,moderately_uncertain,1.0,pre_separator,7.0,-117.5325131702855,35.80258112568395
2664,2.0,9.0,101,40,2.26775,0.5620116232976407,0.5706210519251435,0.09764139102278763,0.41672403347160647,0.8013579787640297,exploratory,1.0,pre_separator,7.0,-117.52144974326377,35.80257960060314
2665,3.0,9.0,63,19,2.3773684210526316,,,,,insufficient,0,,pre_separator,7.0,-117.51038631680558,35.80257705880187
2666,4.0,9.0,41,9,2.324444444444444,,,,,insufficient,0,,pre_separator,7.0,-117.49932289119273,35.80257350028033
2667,5.0,9.0,27,6,2.408333333333333,,,,,insufficient,0,,pre_separator,7.0,-117.48825946670699,35.802568925038706
2668,6.0,9.0,23,5,2.522,,,,,insufficient,0,,pre_separator,7.0,-117.47719604363012,35.80256333307733
2669,7.0,9.0,19,5,2.522,,,,,insufficient,0,,pre_separator,7.0,-117.46613262224392,35.80255672439652
2670,8.0,9.0,16,4,2.27,,,,,insufficient,0,,pre_separator,7.0,-117.45506920283012,35.8025490989967
2671,9.0,9.0,14,3,2.276666666666667,,,,,insufficient,0,,pre_separator,7.0,-117.44400578567053,35.802540456878326
2672,10.0,9.0,10,2,1.665,,,,,insufficient,0,,pre_separator,7.0,-117.43294237104692,35.80253079804195
2673,11.0,9.0,9,1,1.77,,,,,insufficient,0,,pre_separator,7.0,-117.42187895924107,35.80252012248819
2674,12.0,9.0,7,1,1.77,,,,,insufficient,0,,pre_separator,7.0,-117.41081555053472,35.8025084302177
2675,13.0,9.0,7,1,1.77,,,,,insufficient,0,,pre_separator,7.0,-117.39975214520966,35.80249572123119
2676,14.0,9.0,6,1,1.77,,,,,insufficient,0,,pre_separator,7.0,-117.38868874354766,35.80248199552947
2677,15.0,9.0,2,0,,,,,,insufficient,0,,pre_separator,7.0,-117.37762534583051,35.8024672531134
2678,16.0,9.0,0,0,,,,,,insufficient,0,,pre_separator,7.0,-117.36656195233996,35.80245149398388
2679,17.0,9.0,0,0,,,,,,insufficient,0,,pre_separator,7.0,-117.35549856335777,35.80243471814192
2680,18.0,9.0,0,0,,,,,,insufficient,0,,pre_separator,7.0,-117.34443517916571,35.802416925588545
2681,19.0,9.0,0,0,,,,,,insufficient,0,,pre_separator,7.0,-117.33337180004555,35.80239811632488
2682,20.0,9.0,0,0,,,,,,insufficient,0,,pre_separator,7.0,-117.32230842627908,35.80237829035207
2683,21.0,9.0,0,0,,,,,,insufficient,0,,pre_separator,7.0,-117.31124505814802,35.80235744767139
2684,22.0,9.0,0,0,,,,,,insufficient,0,,pre_separator,7.0,-117.30018169593413,35.8023355882841
2685,23.0,9.0,0,0,,,,,,insufficient,0,,pre_separator,7.0,-117.28911833991921,35.8023127121916
2686,24.0,9.0,0,0,,,,,,insufficient,0,,pre_separator,7.0,-117.27805499038499,35.80228881939528
2687,25.0,9.0,0,0,,,,,,insufficient,0,,pre_separator,7.0,-117.26699164761321,35.80226390989666
2688,-30.0,10.0,0,0,,,,,,insufficient,0,,pre_separator,7.0,-117.87551562308137,35.81113665559457
2689,-29.0,10.0,0,0,,,,,,insufficient,0,,pre_separator,7.0,-117.86445106929443,35.81116665410707
2690,-28.0,10.0,0,0,,,,,,insufficient,0,,pre_separator,7.0,-117.85338650733173,35.8111956357383
2691,-27.0,10.0,0,0,,,,,,insufficient,0,,pre_separator,7.0,-117.84232193747518,35.81122360048646
2692,-26.0,10.0,0,0,,,,,,insufficient,0,,pre_separator,7.0,-117.83125736000663,35.81125054834983
2693,-25.0,10.0,0,0,,,,,,insufficient,0,,pre_separator,7.0,-117.82019277520808,35.8112764793267
2694,-24.0,10.0,0,0,,,,,,insufficient,0,,pre_separator,7.0,-117.80912818336135,35.81130139341546
2695,-23.0,10.0,0,0,,,,,,insufficient,0,,pre_separator,7.0,-117.79806358474842,35.81132529061457
2696,-22.0,10.0,0,0,,,,,,insufficient,0,,pre_separator,7.0,-117.78699897965113,35.811348170922535
2697,-21.0,10.0,0,0,,,,,,insufficient,0,,pre_separator,7.0,-117.7759343683515,35.81137003433792
2698,-20.0,10.0,0,0,,,,,,insufficient,0,,pre_separator,7.0,-117.76486975113134,35.81139088085936
2699,-19.0,10.0,0,0,,,,,,insufficient,0,,pre_separator,7.0,-117.75380512827262,35.81141071048556
2700,-18.0,10.0,1,0,,,,,,insufficient,0,,pre_separator,7.0,-117.74274050005724,35.811429523215274
2701,-17.0,10.0,3,0,,,,,,insufficient,0,,pre_separator,7.0,-117.73167586676716,35.81144731904737
2702,-16.0,10.0,11,1,2.26,,,,,insufficient,0,,pre_separator,7.0,-117.72061122868428,35.81146409798067
2703,-15.0,10.0,15,1,2.26,,,,,insufficient,0,,pre_separator,7.0,-117.7095465860905,35.81147986001419
2704,-14.0,10.0,18,1,2.26,,,,,insufficient,0,,pre_separator,7.0,-117.69848193926778,35.81149460514691
2705,-13.0,10.0,21,1,2.26,,,,,insufficient,0,,pre_separator,7.0,-117.68741728849801,35.81150833337791
2706,-12.0,10.0,22,2,2.02,,,,,insufficient,0,,pre_separator,7.0,-117.67635263406312,35.81152104470635
2707,-11.0,10.0,40,13,2.4484615384615385,,,,,insufficient,0,,pre_separator,7.0,-117.6652879762451,35.81153273913143
2708,-10.0,10.0,47,17,2.4094117647058826,,,,,insufficient,0,,pre_separator,7.0,-117.65422331532581,35.81154341665244
2709,-9.0,10.0,53,18,2.427222222222222,,,,,insufficient,0,,pre_separator,7.0,-117.64315865158719,35.811553077268684
2710,-8.0,10.0,56,19,2.4036842105263156,,,,,insufficient,0,,pre_separator,7.0,-117.6320939853112,35.811561720979576
2711,-7.0,10.0,66,21,2.3709523809523807,,,,,insufficient,0,,pre_separator,7.0,-117.62102931677977,35.81156934778457
2712,-6.0,10.0,76,24,2.379583333333333,,,,,insufficient,0,,pre_separator,7.0,-117.60996464627479,35.81157595768319
2713,-5.0,10.0,81,24,2.379583333333333,,,,,insufficient,0,,pre_separator,7.0,-117.5988999740782,35.81158155067502
2714,-4.0,10.0,83,26,2.418846153846154,,,,,insufficient,0,,pre_separator,7.0,-117.58783530047197,35.81158612675974
2715,-3.0,10.0,86,31,2.3761290322580644,0.49288409075602446,0.5017229048263834,0.07573005311971809,0.3755225822787097,0.664681754579156,exploratory,1.0,pre_separator,7.0,-117.57677062573799,35.81158968593702
2716,-2.0,10.0,91,34,2.383235294117647,0.488940807440747,0.4987926123499085,0.08393431385358087,0.3752203549706133,0.6963707631706934,exploratory,1.0,pre_separator,7.0,-117.56570595015822,35.81159222820669
2717,-1.0,10.0,88,35,2.313142857142857,0.530829644372754,0.542161176255593,0.08061588918036998,0.40590508720236845,0.7178766597198041,exploratory,1.0,pre_separator,7.0,-117.55464127401457,35.81159375356854
2718,0.0,10.0,59,17,2.1047058823529414,,,,,insufficient,0,,pre_separator,7.0,-117.54357659758901,35.8115942620225
2719,1.0,10.0,44,11,2.2818181818181817,,,,,insufficient,0,,pre_separator,7.0,-117.53251192116343,35.81159375356854
2720,2.0,10.0,33,8,2.3475,,,,,insufficient,0,,pre_separator,7.0,-117.5214472450198,35.81159222820669
2721,3.0,10.0,31,7,2.347142857142857,,,,,insufficient,0,,pre_separator,7.0,-117.51038256944003,35.81158968593702
2722,4.0,10.0,27,5,2.522,,,,,insufficient,0,,pre_separator,7.0,-117.49931789470605,35.81158612675974
2723,5.0,10.0,22,5,2.522,,,,,insufficient,0,,pre_separator,7.0,-117.48825322109982,35.81158155067502
2724,6.0,10.0,21,5,2.522,,,,,insufficient,0,,pre_separator,7.0,-117.47718854890323,35.81157595768319
2725,7.0,10.0,18,5,2.522,,,,,insufficient,0,,pre_separator,7.0,-117.46612387839825,35.81156934778457
2726,8.0,10.0,16,5,2.522,,,,,insufficient,0,,pre_separator,7.0,-117.45505920986682,35.811561720979576
2727,9.0,10.0,13,3,2.276666666666667,,,,,insufficient,0,,pre_separator,7.0,-117.44399454359083,35.811553077268684
2728,10.0,10.0,8,1,1.77,,,,,insufficient,0,,pre_separator,7.0,-117.43292987985221,35.81154341665244
2729,11.0,10.0,8,1,1.77,,,,,insufficient,0,,pre_separator,7.0,-117.42186521893292,35.81153273913143
2730,12.0,10.0,7,1,1.77,,,,,insufficient,0,,pre_separator,7.0,-117.41080056111488,35.81152104470635
2731,13.0,10.0,6,1,1.77,,,,,insufficient,0,,pre_separator,7.0,-117.39973590668001,35.81150833337791
2732,14.0,10.0,6,1,1.77,,,,,insufficient,0,,pre_separator,7.0,-117.38867125591024,35.81149460514691
2733,15.0,10.0,4,1,1.77,,,,,insufficient,0,,pre_separator,7.0,-117.37760660908752,35.81147986001419
2734,16.0,10.0,0,0,,,,,,insufficient,0,,pre_separator,7.0,-117.36654196649374,35.81146409798067
2735,17.0,10.0,0,0,,,,,,insufficient,0,,pre_separator,7.0,-117.35547732841086,35.81144731904737
2736,18.0,10.0,0,0,,,,,,insufficient,0,,pre_separator,7.0,-117.34441269512078,35.811429523215274
2737,19.0,10.0,0,0,,,,,,insufficient,0,,pre_separator,7.0,-117.3333480669054,35.81141071048556
2738,20.0,10.0,0,0,,,,,,insufficient,0,,pre_separator,7.0,-117.32228344404668,35.81139088085936
2739,21.0,10.0,0,0,,,,,,insufficient,0,,pre_separator,7.0,-117.31121882682652,35.81137003433792
2740,22.0,10.0,0,0,,,,,,insufficient,0,,pre_separator,7.0,-117.30015421552689,35.811348170922535
2741,23.0,10.0,0,0,,,,,,insufficient,0,,pre_separator,7.0,-117.2890896104296,35.81132529061457
2742,24.0,10.0,0,0,,,,,,insufficient,0,,pre_separator,7.0,-117.27802501181667,35.81130139341546
2743,25.0,10.0,0,0,,,,,,insufficient,0,,pre_separator,7.0,-117.26696041996993,35.8112764793267
2744,-30.0,11.0,0,0,,,,,,insufficient,0,,pre_separator,7.0,-117.87555310995859,35.82014918569651
2745,-29.0,11.0,0,0,,,,,,insufficient,0,,pre_separator,7.0,-117.8644873066539,35.820179189737594
2746,-28.0,11.0,0,0,,,,,,insufficient,0,,pre_separator,7.0,-117.85342149516887,35.82020817671001
2747,-27.0,11.0,0,0,,,,,,insufficient,0,,pre_separator,7.0,-117.84235567578561,35.820236146611975
2748,-26.0,11.0,0,0,,,,,,insufficient,0,,pre_separator,7.0,-117.83128984878611,35.82026309944174
2749,-25.0,11.0,0,0,,,,,,insufficient,0,,pre_separator,7.0,-117.82022401445249,35.82028903519758
2750,-24.0,11.0,0,0,,,,,,insufficient,0,,pre_separator,7.0,-117.80915817306678,35.82031395387794
2751,-23.0,11.0,0,0,,,,,,insufficient,0,,pre_separator,7.0,-117.79809232491108,35.82033785548121
2752,-22.0,11.0,0,0,,,,,,insufficient,0,,pre_separator,7.0,-117.78702647026748,35.82036074000595
2753,-21.0,11.0,0,0,,,,,,insufficient,0,,pre_separator,7.0,-117.77596060941798,35.82038260745068
2754,-20.0,11.0,0,0,,,,,,insufficient,0,,pre_separator,7.0,-117.7648947426447,35.82040345781408
2755,-19.0,11.0,0,0,,,,,,insufficient,0,,pre_separator,7.0,-117.75382887022974,35.820423291094826
2756,-18.0,11.0,3,0,,,,,,insufficient,0,,pre_separator,7.0,-117.74276299245513,35.82044210729169
2757,-17.0,11.0,4,0,,,,,,insufficient,0,,pre_separator,7.0,-117.73169710960296,35.8204599064035
2758,-16.0,11.0,10,1,2.26,,,,,insufficient,0,,pre_separator,7.0,-117.72063122195532,35.82047668842913
2759,-15.0,11.0,13,2,1.9749999999999999,,,,,insufficient,0,,pre_separator,7.0,-117.70956532979427,35.82049245336755
2760,-14.0,11.0,20,2,1.9749999999999999,,,,,insufficient,0,,pre_separator,7.0,-117.69849943340192,35.820507201217744
2761,-13.0,11.0,20,2,1.9749999999999999,,,,,insufficient,0,,pre_separator,7.0,-117.68743353306036,35.82052093197884
2762,-12.0,11.0,24,3,1.9100000000000001,,,,,insufficient,0,,pre_separator,7.0,-117.67636762905163,35.82053364564996
2763,-11.0,11.0,29,5,1.8780000000000001,,,,,insufficient,0,,pre_separator,7.0,-117.66530172165784,35.820545342230304
2764,-10.0,11.0,43,13,2.4484615384615385,,,,,insufficient,0,,pre_separator,7.0,-117.65423581116107,35.82055602171914
2765,-9.0,11.0,47,17,2.4094117647058826,,,,,insufficient,0,,pre_separator,7.0,-117.6431698978434,35.82056568411582
2766,-8.0,11.0,53,19,2.4036842105263156,,,,,insufficient,0,,pre_separator,7.0,-117.63210398198697,35.82057432941974
2767,-7.0,11.0,55,19,2.4036842105263156,,,,,insufficient,0,,pre_separator,7.0,-117.6210380638738,35.82058195763033
2768,-6.0,11.0,62,20,2.3585000000000003,,,,,insufficient,0,,pre_separator,7.0,-117.60997214378598,35.820588568747155
2769,-5.0,11.0,67,21,2.3709523809523807,,,,,insufficient,0,,pre_separator,7.0,-117.59890622200565,35.82059416276977
2770,-4.0,11.0,70,22,2.423636363636364,,,,,insufficient,0,,pre_separator,7.0,-117.58784029881487,35.82059873969784
2771,-3.0,11.0,74,25,2.4068,,,,,insufficient,0,,pre_separator,7.0,-117.57677437449571,35.82060229953109
2772,-2.0,11.0,66,24,2.4445833333333336,,,,,insufficient,0,,pre_separator,7.0,-117.5657084493303,35.82060484226928
2773,-1.0,11.0,42,11,2.282727272727273,,,,,insufficient,0,,pre_separator,7.0,-117.55464252360069,35.820606367912255
2774,0.0,11.0,39,11,2.282727272727273,,,,,insufficient,0,,pre_separator,7.0,-117.54357659758901,35.82060687645991
2775,1.0,11.0,32,6,2.3866666666666667,,,,,insufficient,0,,pre_separator,7.0,-117.53251067157731,35.820606367912255
2776,2.0,11.0,29,6,2.4316666666666666,,,,,insufficient,0,,pre_separator,7.0,-117.5214447458477,35.82060484226928
2777,3.0,11.0,27,5,2.522,,,,,insufficient,0,,pre_separator,7.0,-117.5103788206823,35.82060229953109
2778,4.0,11.0,23,5,2.522,,,,,insufficient,0,,pre_separator,7.0,-117.49931289636315,35.82059873969784
2779,5.0,11.0,21,5,2.522,,,,,insufficient,0,,pre_separator,7.0,-117.48824697317237,35.82059416276977
2780,6.0,11.0,18,5,2.522,,,,,insufficient,0,,pre_separator,7.0,-117.47718105139204,35.820588568747155
2781,7.0,11.0,16,5,2.522,,,,,insufficient,0,,pre_separator,7.0,-117.46611513130422,35.82058195763033
2782,8.0,11.0,14,4,2.59,,,,,insufficient,0,,pre_separator,7.0,-117.45504921319105,35.82057432941974
2783,9.0,11.0,11,2,1.665,,,,,insufficient,0,,pre_separator,7.0,-117.44398329733461,35.82056568411582
2784,10.0,11.0,8,1,1.77,,,,,insufficient,0,,pre_separator,7.0,-117.43291738401695,35.82055602171914
2785,11.0,11.0,8,1,1.77,,,,,insufficient,0,,pre_separator,7.0,-117.42185147352018,35.820545342230304
2786,12.0,11.0,7,1,1.77,,,,,insufficient,0,,pre_separator,7.0,-117.41078556612639,35.82053364564996
2787,13.0,11.0,6,1,1.77,,,,,insufficient,0,,pre_separator,7.0,-117.39971966211765,35.82052093197884
2788,14.0,11.0,5,1,1.77,,,,,insufficient,0,,pre_separator,7.0,-117.3886537617761,35.820507201217744
2789,15.0,11.0,4,1,1.77,,,,,insufficient,0,,pre_separator,7.0,-117.37758786538375,35.82049245336755
2790,16.0,11.0,0,0,,,,,,insufficient,0,,pre_separator,7.0,-117.3665219732227,35.82047668842913
2791,17.0,11.0,0,0,,,,,,insufficient,0,,pre_separator,7.0,-117.35545608557506,35.8204599064035
2792,18.0,11.0,0,0,,,,,,insufficient,0,,pre_separator,7.0,-117.34439020272289,35.82044210729169
2793,19.0,11.0,0,0,,,,,,insufficient,0,,pre_separator,7.0,-117.33332432494828,35.820423291094826
2794,20.0,11.0,0,0,,,,,,insufficient,0,,pre_separator,7.0,-117.32225845253332,35.82040345781408
2795,21.0,11.0,0,0,,,,,,insufficient,0,,pre_separator,7.0,-117.31119258576004,35.82038260745068
2796,22.0,11.0,0,0,,,,,,insufficient,0,,pre_separator,7.0,-117.30012672491054,35.82036074000595
2797,23.0,11.0,0,0,,,,,,insufficient,0,,pre_separator,7.0,-117.28906087026694,35.82033785548121
2798,24.0,11.0,0,0,,,,,,insufficient,0,,pre_separator,7.0,-117.27799502211124,35.82031395387794
2799,25.0,11.0,0,0,,,,,,insufficient,0,,pre_separator,7.0,-117.26692918072553,35.82028903519758
2800,-30.0,12.0,0,0,,,,,,insufficient,0,,pre_separator,7.0,-117.87559061076364,35.82916170222982
2801,-29.0,12.0,0,0,,,,,,insufficient,0,,pre_separator,7.0,-117.86452355747693,35.82919171180125
2802,-28.0,12.0,0,0,,,,,,insufficient,0,,pre_separator,7.0,-117.85345649600536,35.82922070411654
2803,-27.0,12.0,0,0,,,,,,insufficient,0,,pre_separator,7.0,-117.84238942663112,35.8292486791739
2804,-26.0,12.0,0,0,,,,,,insufficient,0,,pre_separator,7.0,-117.83132234963642,35.829275636971595
2805,-25.0,12.0,0,0,,,,,,insufficient,0,,pre_separator,7.0,-117.82025526530352,35.82930157750793
2806,-24.0,12.0,0,0,,,,,,insufficient,0,,pre_separator,7.0,-117.8091881739146,35.8293265007813
2807,-23.0,12.0,0,0,,,,,,insufficient,0,,pre_separator,7.0,-117.79812107575191,35.82935040679013
2808,-22.0,12.0,0,0,,,,,,insufficient,0,,pre_separator,7.0,-117.78705397109766,35.82937329553294
2809,-21.0,12.0,0,0,,,,,,insufficient,0,,pre_separator,7.0,-117.77598686023413,35.82939516700831
2810,-20.0,12.0,0,0,,,,,,insufficient,0,,pre_separator,7.0,-117.76491974344347,35.829416021214854
2811,-19.0,12.0,2,0,,,,,,insufficient,0,,pre_separator,7.0,-117.75385262100798,35.829435858151285
2812,-18.0,12.0,4,0,,,,,,insufficient,0,,pre_separator,7.0,-117.74278549320987,35.82945467781637
2813,-17.0,12.0,7,1,1.69,,,,,insufficient,0,,pre_separator,7.0,-117.73171836033136,35.829472480208935
2814,-16.0,12.0,13,2,1.9749999999999999,,,,,insufficient,0,,pre_separator,7.0,-117.72065122265471,35.829489265327844
2815,-15.0,12.0,15,2,1.9749999999999999,,,,,insufficient,0,,pre_separator,7.0,-117.70958408046215,35.82950503317207
2816,-14.0,12.0,21,2,1.9749999999999999,,,,,insufficient,0,,pre_separator,7.0,-117.69851693403591,35.82951978374063
2817,-13.0,12.0,24,2,1.9749999999999999,,,,,insufficient,0,,pre_separator,7.0,-117.68744978365824,35.82953351703259
2818,-12.0,12.0,26,2,1.9749999999999999,,,,,insufficient,0,,pre_separator,7.0,-117.67638262961138,35.82954623304711
2819,-11.0,12.0,29,3,1.9100000000000001,,,,,insufficient,0,,pre_separator,7.0,-117.66531547217757,35.82955793178339
2820,-10.0,12.0,33,5,1.8780000000000001,,,,,insufficient,0,,pre_separator,7.0,-117.65424831163908,35.8295686132407
2821,-9.0,12.0,38,10,2.3389999999999995,,,,,insufficient,0,,pre_separator,7.0,-117.64318114827812,35.82957827741836
2822,-8.0,12.0,44,13,2.4484615384615385,,,,,insufficient,0,,pre_separator,7.0,-117.63211398237691,35.8295869243158
2823,-7.0,12.0,49,17,2.4376470588235293,,,,,insufficient,0,,pre_separator,7.0,-117.62104681421775,35.82959455393244
2824,-6.0,12.0,54,19,2.4036842105263156,,,,,insufficient,0,,pre_separator,7.0,-117.60997964408284,35.829601166267835
2825,-5.0,12.0,52,19,2.4036842105263156,,,,,insufficient,0,,pre_separator,7.0,-117.59891247225447,35.82960676132156
2826,-4.0,12.0,50,18,2.4594444444444443,,,,,insufficient,0,,pre_separator,7.0,-117.58784529901487,35.829611339093255
2827,-3.0,12.0,33,8,2.18,,,,,insufficient,0,,pre_separator,7.0,-117.57677812464627,35.82961489958266
2828,-2.0,12.0,36,9,2.332222222222222,,,,,insufficient,0,,pre_separator,7.0,-117.56571094943094,35.82961744278953
2829,-1.0,12.0,34,8,2.2824999999999998,,,,,insufficient,0,,pre_separator,7.0,-117.55464377365111,35.82961896871371
2830,0.0,12.0,28,5,2.564,,,,,insufficient,0,,pre_separator,7.0,-117.54357659758901,35.829619477355116
2831,1.0,12.0,27,5,2.564,,,,,insufficient,0,,pre_separator,7.0,-117.53250942152691,35.82961896871371
2832,2.0,12.0,25,5,2.522,,,,,insufficient,0,,pre_separator,7.0,-117.52144224574708,35.82961744278953
2833,3.0,12.0,24,5,2.522,,,,,insufficient,0,,pre_separator,7.0,-117.51037507053175,35.82961489958266
2834,4.0,12.0,22,5,2.522,,,,,insufficient,0,,pre_separator,7.0,-117.49930789616315,35.829611339093255
2835,5.0,12.0,18,5,2.522,,,,,insufficient,0,,pre_separator,7.0,-117.48824072292355,35.82960676132156
2836,6.0,12.0,15,5,2.522,,,,,insufficient,0,,pre_separator,7.0,-117.47717355109518,35.829601166267835
2837,7.0,12.0,14,4,2.59,,,,,insufficient,0,,pre_separator,7.0,-117.46610638096027,35.82959455393244
2838,8.0,12.0,14,4,2.59,,,,,insufficient,0,,pre_separator,7.0,-117.45503921280111,35.8295869243158
2839,9.0,12.0,10,2,1.665,,,,,insufficient,0,,pre_separator,7.0,-117.4439720468999,35.82957827741836
2840,10.0,12.0,8,1,1.77,,,,,insufficient,0,,pre_separator,7.0,-117.43290488353894,35.8295686132407
2841,11.0,12.0,7,1,1.77,,,,,insufficient,0,,pre_separator,7.0,-117.42183772300045,35.82955793178339
2842,12.0,12.0,6,1,1.77,,,,,insufficient,0,,pre_separator,7.0,-117.41077056556664,35.82954623304711
2843,13.0,12.0,6,1,1.77,,,,,insufficient,0,,pre_separator,7.0,-117.39970341151978,35.82953351703259
2844,14.0,12.0,5,1,1.77,,,,,insufficient,0,,pre_separator,7.0,-117.38863626114211,35.82951978374063
2845,15.0,12.0,3,1,1.77,,,,,insufficient,0,,pre_separator,7.0,-117.37756911471587,35.82950503317207
2846,16.0,12.0,0,0,,,,,,insufficient,0,,pre_separator,7.0,-117.36650197252331,35.829489265327844
2847,17.0,12.0,0,0,,,,,,insufficient,0,,pre_separator,7.0,-117.35543483484666,35.829472480208935
2848,18.0,12.0,0,0,,,,,,insufficient,0,,pre_separator,7.0,-117.34436770196815,35.82945467781637
2849,19.0,12.0,0,0,,,,,,insufficient,0,,pre_separator,7.0,-117.33330057417004,35.829435858151285
2850,20.0,12.0,0,0,,,,,,insufficient,0,,pre_separator,7.0,-117.32223345173455,35.829416021214854
2851,21.0,12.0,0,0,,,,,,insufficient,0,,pre_separator,7.0,-117.31116633494389,35.82939516700831
2852,22.0,12.0,0,0,,,,,,insufficient,0,,pre_separator,7.0,-117.30009922408034,35.82937329553294
2853,23.0,12.0,0,0,,,,,,insufficient,0,,pre_separator,7.0,-117.28903211942611,35.82935040679013
2854,24.0,12.0,0,0,,,,,,insufficient,0,,pre_separator,7.0,-117.27796502126341,35.8293265007813
2855,25.0,12.0,0,0,,,,,,insufficient,0,,pre_separator,7.0,-117.2668979298745,35.82930157750793
2856,-30.0,13.0,0,0,,,,,,insufficient,0,,pre_separator,7.0,-117.875628125503,35.83817420519314
2857,-29.0,13.0,0,0,,,,,,insufficient,0,,pre_separator,7.0,-117.86455982176987,35.83820422029662
2858,-28.0,13.0,0,0,,,,,,insufficient,0,,pre_separator,7.0,-117.8534915098473,35.83823321795645
2859,-27.0,13.0,0,0,,,,,,insufficient,0,,pre_separator,7.0,-117.84242319001764,35.83826119817083
2860,-26.0,13.0,0,0,,,,,,insufficient,0,,pre_separator,7.0,-117.83135486256329,35.83828816093802
2861,-25.0,13.0,0,0,,,,,,insufficient,0,,pre_separator,7.0,-117.82028652776663,35.838314106256334
2862,-24.0,13.0,0,0,,,,,,insufficient,0,,pre_separator,7.0,-117.80921818591003,35.838339034124154
2863,-23.0,13.0,0,0,,,,,,insufficient,0,,pre_separator,7.0,-117.79814983727586,35.83836294453992
2864,-22.0,13.0,0,0,,,,,,insufficient,0,,pre_separator,7.0,-117.78708148214656,35.83838583750213
2865,-21.0,13.0,0,0,,,,,,insufficient,0,,pre_separator,7.0,-117.77601312080445,35.838407713009374
2866,-20.0,13.0,1,0,,,,,,insufficient,0,,pre_separator,7.0,-117.76494475353196,35.83842857106029
2867,-19.0,13.0,3,0,,,,,,insufficient,0,,pre_separator,7.0,-117.75387638061147,35.83844841165356
2868,-18.0,13.0,7,1,1.69,,,,,insufficient,0,,pre_separator,7.0,-117.74280800232538,35.83846723478794
2869,-17.0,13.0,9,1,1.69,,,,,insufficient,0,,pre_separator,7.0,-117.73173961895606,35.83848504046228
2870,-16.0,13.0,9,1,1.69,,,,,insufficient,0,,pre_separator,7.0,-117.72067123078592,35.83850182867544
2871,-15.0,13.0,14,2,1.9749999999999999,,,,,insufficient,0,,pre_separator,7.0,-117.70960283809734,35.83851759942638
2872,-14.0,13.0,16,2,1.9749999999999999,,,,,insufficient,0,,pre_separator,7.0,-117.69853444117277,35.83853235271415
2873,-13.0,13.0,18,2,1.9749999999999999,,,,,insufficient,0,,pre_separator,7.0,-117.68746604029451,35.83854608853779
2874,-12.0,13.0,25,2,1.9749999999999999,,,,,insufficient,0,,pre_separator,7.0,-117.67639763574506,35.83855880689643
2875,-11.0,13.0,30,3,1.9100000000000001,,,,,insufficient,0,,pre_separator,7.0,-117.66532922780675,35.83857050778932
2876,-10.0,13.0,30,3,1.9100000000000001,,,,,insufficient,0,,pre_separator,7.0,-117.654260816762,35.8385811912157
2877,-9.0,13.0,30,3,1.9100000000000001,,,,,insufficient,0,,pre_separator,7.0,-117.64319240289322,35.838590857174935
2878,-8.0,13.0,32,5,1.8780000000000001,,,,,insufficient,0,,pre_separator,7.0,-117.63212398648281,35.83859950566636
2879,-7.0,13.0,30,4,1.925,,,,,insufficient,0,,pre_separator,7.0,-117.62105556781317,35.838607136689504
2880,-6.0,13.0,26,4,1.925,,,,,insufficient,0,,pre_separator,7.0,-117.60998714716666,35.83861375024384
2881,-5.0,13.0,27,5,1.936,,,,,insufficient,0,,pre_separator,7.0,-117.59891872482578,35.83861934632899
2882,-4.0,13.0,24,5,2.19,,,,,insufficient,0,,pre_separator,7.0,-117.58785030107285,35.83862392494458
2883,-3.0,13.0,28,5,2.19,,,,,insufficient,0,,pre_separator,7.0,-117.57678187619031,35.83862748609035
2884,-2.0,13.0,28,6,2.085,,,,,insufficient,0,,pre_separator,7.0,-117.56571345046055,35.83863002976605
2885,-1.0,13.0,25,5,2.564,,,,,insufficient,0,,pre_separator,7.0,-117.55464502416599,35.83863155597153
2886,0.0,13.0,23,4,2.71,,,,,insufficient,0,,pre_separator,7.0,-117.54357659758901,35.8386320647067
2887,1.0,13.0,23,4,2.71,,,,,insufficient,0,,pre_separator,7.0,-117.53250817101203,35.83863155597153
2888,2.0,13.0,24,5,2.522,,,,,insufficient,0,,pre_separator,7.0,-117.52143974471747,35.83863002976605
2889,3.0,13.0,21,5,2.522,,,,,insufficient,0,,pre_separator,7.0,-117.51037131898771,35.83862748609035
2890,4.0,13.0,16,5,2.522,,,,,insufficient,0,,pre_separator,7.0,-117.49930289410517,35.83862392494458
2891,5.0,13.0,15,5,2.522,,,,,insufficient,0,,pre_separator,7.0,-117.48823447035224,35.83861934632899
2892,6.0,13.0,14,4,2.59,,,,,insufficient,0,,pre_separator,7.0,-117.47716604801136,35.83861375024384
2893,7.0,13.0,14,4,2.59,,,,,insufficient,0,,pre_separator,7.0,-117.46609762736485,35.838607136689504
2894,8.0,13.0,11,3,2.2866666666666666,,,,,insufficient,0,,pre_separator,7.0,-117.45502920869521,35.83859950566636
2895,9.0,13.0,8,2,2.65,,,,,insufficient,0,,pre_separator,7.0,-117.4439607922848,35.838590857174935
2896,10.0,13.0,7,1,1.77,,,,,insufficient,0,,pre_separator,7.0,-117.43289237841601,35.8385811912157
2897,11.0,13.0,7,1,1.77,,,,,insufficient,0,,pre_separator,7.0,-117.42182396737125,35.83857050778932
2898,12.0,13.0,6,1,1.77,,,,,insufficient,0,,pre_separator,7.0,-117.41075555943296,35.83855880689643
2899,13.0,13.0,6,1,1.77,,,,,insufficient,0,,pre_separator,7.0,-117.39968715488351,35.83854608853779
2900,14.0,13.0,6,1,1.77,,,,,insufficient,0,,pre_separator,7.0,-117.38861875400525,35.83853235271415
2901,15.0,13.0,2,1,1.77,,,,,insufficient,0,,pre_separator,7.0,-117.37755035708068,35.83851759942638
2902,16.0,13.0,0,0,,,,,,insufficient,0,,pre_separator,7.0,-117.3664819643921,35.83850182867544
2903,17.0,13.0,0,0,,,,,,insufficient,0,,pre_separator,7.0,-117.35541357622196,35.83848504046228
2904,18.0,13.0,0,0,,,,,,insufficient,0,,pre_separator,7.0,-117.34434519285264,35.83846723478794
2905,19.0,13.0,0,0,,,,,,insufficient,0,,pre_separator,7.0,-117.33327681456655,35.83844841165356
2906,20.0,13.0,0,0,,,,,,insufficient,0,,pre_separator,7.0,-117.32220844164605,35.83842857106029
2907,21.0,13.0,0,0,,,,,,insufficient,0,,pre_separator,7.0,-117.31114007437357,35.838407713009374
2908,22.0,13.0,0,0,,,,,,insufficient,0,,pre_separator,7.0,-117.30007171303146,35.83838583750213
2909,23.0,13.0,0,0,,,,,,insufficient,0,,pre_separator,7.0,-117.28900335790215,35.83836294453992
2910,24.0,13.0,0,0,,,,,,insufficient,0,,pre_separator,7.0,-117.27793500926799,35.838339034124154
2911,25.0,13.0,0,0,,,,,,insufficient,0,,pre_separator,7.0,-117.26686666741139,35.838314106256334
2912,-30.0,14.0,0,0,,,,,,insufficient,0,,pre_separator,7.0,-117.87566565418331,35.84718669458507
2913,-29.0,14.0,0,0,,,,,,insufficient,0,,pre_separator,7.0,-117.86459609953907,35.847216715222324
2914,-28.0,14.0,0,0,,,,,,insufficient,0,,pre_separator,7.0,-117.85352653670081,35.847245718228365
2915,-27.0,14.0,0,0,,,,,,insufficient,0,,pre_separator,7.0,-117.84245696595106,35.847273703601374
2916,-26.0,14.0,0,0,,,,,,insufficient,0,,pre_separator,7.0,-117.83138738757238,35.84730067133961
2917,-25.0,14.0,0,0,,,,,,insufficient,0,,pre_separator,7.0,-117.82031780184731,35.8473266214414
2918,-24.0,14.0,0,0,,,,,,insufficient,0,,pre_separator,7.0,-117.80924820905832,35.847351553905106
2919,-23.0,14.0,0,0,,,,,,insufficient,0,,pre_separator,7.0,-117.79817860948803,35.847375468729176
2920,-22.0,14.0,0,0,,,,,,insufficient,0,,pre_separator,7.0,-117.78710900341893,35.84739836591212
2921,-21.0,14.0,0,0,,,,,,insufficient,0,,pre_separator,7.0,-117.77603939113361,35.84742024545251
2922,-20.0,14.0,4,0,,,,,,insufficient,0,,pre_separator,7.0,-117.7649697729146,35.847441107348985
2923,-19.0,14.0,6,0,,,,,,insufficient,0,,pre_separator,7.0,-117.75390014904441,35.84746095160022
2924,-18.0,14.0,9,1,1.69,,,,,insufficient,0,,pre_separator,7.0,-117.74283051980564,35.847479778205
2925,-17.0,14.0,12,1,1.69,,,,,insufficient,0,,pre_separator,7.0,-117.73176088548082,35.84749758716213
2926,-16.0,14.0,12,1,1.69,,,,,insufficient,0,,pre_separator,7.0,-117.72069124635247,35.84751437847053
2927,-15.0,14.0,14,1,1.69,,,,,insufficient,0,,pre_separator,7.0,-117.70962160270321,35.84753015212911
2928,-14.0,14.0,17,2,1.9749999999999999,,,,,insufficient,0,,pre_separator,7.0,-117.69855195481551,35.84754490813691
2929,-13.0,14.0,21,2,1.9749999999999999,,,,,insufficient,0,,pre_separator,7.0,-117.68748230297203,35.847558646493006
2930,-12.0,14.0,22,2,1.9749999999999999,,,,,insufficient,0,,pre_separator,7.0,-117.67641264745524,35.84757136719653
2931,-11.0,14.0,24,2,1.9749999999999999,,,,,insufficient,0,,pre_separator,7.0,-117.66534298854774,35.8475830702467
2932,-10.0,14.0,26,2,1.9749999999999999,,,,,insufficient,0,,pre_separator,7.0,-117.65427332653204,35.84759375564278
2933,-9.0,14.0,28,3,1.9100000000000001,,,,,insufficient,0,,pre_separator,7.0,-117.64320366169075,35.84760342338409
2934,-8.0,14.0,25,3,1.9100000000000001,,,,,insufficient,0,,pre_separator,7.0,-117.6321339943064,35.84761207347006
2935,-7.0,14.0,22,3,1.9100000000000001,,,,,insufficient,0,,pre_separator,7.0,-117.62106432466155,35.847619705900115
2936,-6.0,14.0,21,2,2.02,,,,,insufficient,0,,pre_separator,7.0,-117.60999465303878,35.8476263206738
2937,-5.0,14.0,19,2,2.02,,,,,insufficient,0,,pre_separator,7.0,-117.59892497972064,35.84763191779069
2938,-4.0,14.0,20,2,2.655,,,,,insufficient,0,,pre_separator,7.0,-117.58785530498967,35.84763649725044
2939,-3.0,14.0,19,2,2.655,,,,,insufficient,0,,pre_separator,7.0,-117.57678562912847,35.84764005905277
2940,-2.0,14.0,17,1,3.53,,,,,insufficient,0,,pre_separator,7.0,-117.56571595241958,35.84764260319745
2941,-1.0,14.0,18,2,2.545,,,,,insufficient,0,,pre_separator,7.0,-117.55464627514557,35.84764412968432
2942,0.0,14.0,18,2,2.545,,,,,insufficient,0,,pre_separator,7.0,-117.54357659758901,35.84764463851329
2943,1.0,14.0,18,3,2.8633333333333333,,,,,insufficient,0,,pre_separator,7.0,-117.53250692003245,35.84764412968432
2944,2.0,14.0,17,4,2.59,,,,,insufficient,0,,pre_separator,7.0,-117.52143724275844,35.84764260319745
2945,3.0,14.0,13,4,2.59,,,,,insufficient,0,,pre_separator,7.0,-117.51036756604954,35.84764005905277
2946,4.0,14.0,13,4,2.59,,,,,insufficient,0,,pre_separator,7.0,-117.49929789018834,35.84763649725044
2947,5.0,14.0,13,4,2.59,,,,,insufficient,0,,pre_separator,7.0,-117.48822821545737,35.84763191779069
2948,6.0,14.0,13,3,2.2866666666666666,,,,,insufficient,0,,pre_separator,7.0,-117.47715854213924,35.8476263206738
2949,7.0,14.0,13,3,2.2866666666666666,,,,,insufficient,0,,pre_separator,7.0,-117.46608887051647,35.847619705900115
2950,8.0,14.0,8,2,2.65,,,,,insufficient,0,,pre_separator,7.0,-117.45501920087162,35.84761207347006
2951,9.0,14.0,7,1,1.77,,,,,insufficient,0,,pre_separator,7.0,-117.44394953348727,35.84760342338409
2952,10.0,14.0,7,1,1.77,,,,,insufficient,0,,pre_separator,7.0,-117.43287986864598,35.84759375564278
2953,11.0,14.0,7,1,1.77,,,,,insufficient,0,,pre_separator,7.0,-117.42181020663028,35.8475830702467
2954,12.0,14.0,6,1,1.77,,,,,insufficient,0,,pre_separator,7.0,-117.41074054772278,35.84757136719653
2955,13.0,14.0,5,1,1.77,,,,,insufficient,0,,pre_separator,7.0,-117.39967089220599,35.847558646493006
2956,14.0,14.0,4,1,1.77,,,,,insufficient,0,,pre_separator,7.0,-117.38860124036249,35.84754490813691
2957,15.0,14.0,2,1,1.77,,,,,insufficient,0,,pre_separator,7.0,-117.37753159247481,35.84753015212911
2958,16.0,14.0,0,0,,,,,,insufficient,0,,pre_separator,7.0,-117.36646194882555,35.84751437847053
2959,17.0,14.0,0,0,,,,,,insufficient,0,,pre_separator,7.0,-117.3553923096972,35.84749758716213
2960,18.0,14.0,0,0,,,,,,insufficient,0,,pre_separator,7.0,-117.34432267537238,35.847479778205
2961,19.0,14.0,0,0,,,,,,insufficient,0,,pre_separator,7.0,-117.3332530461336,35.84746095160022
2962,20.0,14.0,0,0,,,,,,insufficient,0,,pre_separator,7.0,-117.32218342226342,35.847441107348985
2963,21.0,14.0,0,0,,,,,,insufficient,0,,pre_separator,7.0,-117.31111380404441,35.84742024545251
2964,22.0,14.0,0,0,,,,,,insufficient,0,,pre_separator,7.0,-117.30004419175908,35.84739836591212
2965,23.0,14.0,0,0,,,,,,insufficient,0,,pre_separator,7.0,-117.28897458568999,35.847375468729176
2966,24.0,14.0,0,0,,,,,,insufficient,0,,pre_separator,7.0,-117.2779049861197,35.847351553905106
2967,25.0,14.0,0,0,,,,,,insufficient,0,,pre_separator,7.0,-117.26683539333071,35.8473266214414
2968,-30.0,15.0,0,0,,,,,,insufficient,0,,pre_separator,7.0,-117.87570319681112,35.85619917040419
2969,-29.0,15.0,0,0,,,,,,insufficient,0,,pre_separator,7.0,-117.86463239079087,35.856229196576955
2970,-28.0,15.0,0,0,,,,,,insufficient,0,,pre_separator,7.0,-117.85356157657205,35.85625820493087
2971,-27.0,15.0,0,0,,,,,,insufficient,0,,pre_separator,7.0,-117.84249075443734,35.85628619546413
2972,-26.0,15.0,0,0,,,,,,insufficient,0,,pre_separator,7.0,-117.83141992466942,35.85631316817498
2973,-25.0,15.0,0,0,,,,,,insufficient,0,,pre_separator,7.0,-117.82034908755098,35.85633912306174
2974,-24.0,15.0,0,0,,,,,,insufficient,0,,pre_separator,7.0,-117.80927824336477,35.85636406012278
2975,-23.0,15.0,0,0,,,,,,insufficient,0,,pre_separator,7.0,-117.79820739239341,35.856387979356526
2976,-22.0,15.0,0,0,,,,,,insufficient,0,,pre_separator,7.0,-117.78713653491965,35.85641088076152
2977,-21.0,15.0,1,0,,,,,,insufficient,0,,pre_separator,7.0,-117.77606567122618,35.856432764336326
2978,-20.0,15.0,6,0,,,,,,insufficient,0,,pre_separator,7.0,-117.7649948015957,35.85645363007955
2979,-19.0,15.0,9,1,1.69,,,,,insufficient,0,,pre_separator,7.0,-117.75392392631095,35.85647347798992
2980,-18.0,15.0,11,1,1.69,,,,,insufficient,0,,pre_separator,7.0,-117.74285304565456,35.85649230806617
2981,-17.0,15.0,12,1,1.69,,,,,insufficient,0,,pre_separator,7.0,-117.73178215990932,35.85651012030714
2982,-16.0,15.0,12,1,1.69,,,,,insufficient,0,,pre_separator,7.0,-117.72071126935789,35.85652691471172
2983,-15.0,15.0,13,1,1.69,,,,,insufficient,0,,pre_separator,7.0,-117.70964037428297,35.85654269127884
2984,-14.0,15.0,15,1,1.69,,,,,insufficient,0,,pre_separator,7.0,-117.69856947496731,35.85655745000754
2985,-13.0,15.0,17,2,1.9749999999999999,,,,,insufficient,0,,pre_separator,7.0,-117.68749857169362,35.85657119089688
2986,-12.0,15.0,19,2,1.9749999999999999,,,,,insufficient,0,,pre_separator,7.0,-117.67642766474458,35.85658391394601
2987,-11.0,15.0,21,2,1.9749999999999999,,,,,insufficient,0,,pre_separator,7.0,-117.66535675440294,35.85659561915414
2988,-10.0,15.0,24,2,1.9749999999999999,,,,,insufficient,0,,pre_separator,7.0,-117.65428584095136,35.85660630652053
2989,-9.0,15.0,22,2,1.9749999999999999,,,,,insufficient,0,,pre_separator,7.0,-117.64321492467263,35.85661597604451
2990,-8.0,15.0,23,2,1.9749999999999999,,,,,insufficient,0,,pre_separator,7.0,-117.63214400584944,35.8566246277255
2991,-7.0,15.0,16,2,1.9749999999999999,,,,,insufficient,0,,pre_separator,7.0,-117.62107308476446,35.85663226156293
2992,-6.0,15.0,14,0,,,,,,insufficient,0,,pre_separator,7.0,-117.61000216170046,35.856638877556314
2993,-5.0,15.0,13,0,,,,,,insufficient,0,,pre_separator,7.0,-117.59893123694016,35.856644475705274
2994,-4.0,15.0,15,1,3.53,,,,,insufficient,0,,pre_separator,7.0,-117.58786031076625,35.85664905600946
2995,-3.0,15.0,13,1,3.53,,,,,insufficient,0,,pre_separator,7.0,-117.57678938346146,35.856652618468544
2996,-2.0,15.0,12,1,3.53,,,,,insufficient,0,,pre_separator,7.0,-117.5657184553085,35.856655163082344
2997,-1.0,15.0,14,1,3.53,,,,,insufficient,0,,pre_separator,7.0,-117.5546475265901,35.856656689850695
2998,0.0,15.0,14,2,2.545,,,,,insufficient,0,,pre_separator,7.0,-117.54357659758901,35.856657198773476
2999,1.0,15.0,12,2,2.545,,,,,insufficient,0,,pre_separator,7.0,-117.53250566858792,35.856656689850695
3000,2.0,15.0,10,2,2.545,,,,,insufficient,0,,pre_separator,7.0,-117.52143473986952,35.856655163082344
3001,3.0,15.0,11,3,2.2866666666666666,,,,,insufficient,0,,pre_separator,7.0,-117.51036381171656,35.856652618468544
3002,4.0,15.0,11,3,2.2866666666666666,,,,,insufficient,0,,pre_separator,7.0,-117.49929288441177,35.85664905600946
3003,5.0,15.0,12,3,2.2866666666666666,,,,,insufficient,0,,pre_separator,7.0,-117.48822195823786,35.856644475705274
3004,6.0,15.0,9,3,2.2866666666666666,,,,,insufficient,0,,pre_separator,7.0,-117.47715103347755,35.856638877556314
3005,7.0,15.0,7,2,2.65,,,,,insufficient,0,,pre_separator,7.0,-117.46608011041356,35.85663226156293
3006,8.0,15.0,8,2,2.65,,,,,insufficient,0,,pre_separator,7.0,-117.45500918932858,35.8566246277255
3007,9.0,15.0,7,1,1.77,,,,,insufficient,0,,pre_separator,7.0,-117.44393827050538,35.85661597604451
3008,10.0,15.0,7,1,1.77,,,,,insufficient,0,,pre_separator,7.0,-117.43286735422666,35.85660630652053
3009,11.0,15.0,5,1,1.77,,,,,insufficient,0,,pre_separator,7.0,-117.42179644077508,35.85659561915414
3010,12.0,15.0,5,1,1.77,,,,,insufficient,0,,pre_separator,7.0,-117.41072553043344,35.85658391394601
3011,13.0,15.0,4,1,1.77,,,,,insufficient,0,,pre_separator,7.0,-117.3996546234844,35.85657119089688
3012,14.0,15.0,3,1,1.77,,,,,insufficient,0,,pre_separator,7.0,-117.3885837202107,35.85655745000754
3013,15.0,15.0,2,1,1.77,,,,,insufficient,0,,pre_separator,7.0,-117.37751282089503,35.85654269127884
3014,16.0,15.0,0,0,,,,,,insufficient,0,,pre_separator,7.0,-117.36644192582013,35.85652691471172
3015,17.0,15.0,0,0,,,,,,insufficient,0,,pre_separator,7.0,-117.3553710352687,35.85651012030714
3016,18.0,15.0,0,0,,,,,,insufficient,0,,pre_separator,7.0,-117.34430014952346,35.85649230806617
3017,19.0,15.0,0,0,,,,,,insufficient,0,,pre_separator,7.0,-117.33322926886707,35.85647347798992
3018,20.0,15.0,0,0,,,,,,insufficient,0,,pre_separator,7.0,-117.32215839358231,35.85645363007955
3019,21.0,15.0,0,0,,,,,,insufficient,0,,pre_separator,7.0,-117.31108752395184,35.856432764336326
3020,22.0,15.0,0,0,,,,,,insufficient,0,,pre_separator,7.0,-117.30001666025836,35.85641088076152
3021,23.0,15.0,0,0,,,,,,insufficient,0,,pre_separator,7.0,-117.28894580278461,35.856387979356526
3022,24.0,15.0,0,0,,,,,,insufficient,0,,pre_separator,7.0,-117.27787495181325,35.85636406012278
3023,25.0,15.0,0,0,,,,,,insufficient,0,,pre_separator,7.0,-117.26680410762704,35.85633912306174
3024,-30.0,16.0,0,0,,,,,,insufficient,0,,pre_separator,7.0,-117.87574075339299,35.8652116326491
3025,-29.0,16.0,0,0,,,,,,insufficient,0,,pre_separator,7.0,-117.86466869553165,35.865241664359125
3026,-28.0,16.0,0,0,,,,,,insufficient,0,,pre_separator,7.0,-117.85359662946716,35.86527067806261
3027,-27.0,16.0,0,0,,,,,,insufficient,0,,pre_separator,7.0,-117.84252455548236,35.865298673757714
3028,-26.0,16.0,0,0,,,,,,insufficient,0,,pre_separator,7.0,-117.83145247386007,35.86532565144274
3029,-25.0,16.0,0,0,,,,,,insufficient,0,,pre_separator,7.0,-117.8203803848832,35.865351611115955
3030,-24.0,16.0,0,0,,,,,,insufficient,0,,pre_separator,7.0,-117.80930828883459,35.86537655277576
3031,-23.0,16.0,0,0,,,,,,insufficient,0,,pre_separator,7.0,-117.79823618599706,35.86540047642058
3032,-22.0,16.0,1,0,,,,,,insufficient,0,,pre_separator,7.0,-117.78716407665351,35.865423382048945
3033,-21.0,16.0,1,0,,,,,,insufficient,0,,pre_separator,7.0,-117.77609196108679,35.86544526965942
3034,-20.0,16.0,7,0,,,,,,insufficient,0,,pre_separator,7.0,-117.76501983957975,35.865466139250614
3035,-19.0,16.0,11,1,1.69,,,,,insufficient,0,,pre_separator,7.0,-117.75394771241523,35.86548599082124
3036,-18.0,16.0,11,1,1.69,,,,,insufficient,0,,pre_separator,7.0,-117.74287557987613,35.86550482437006
3037,-17.0,16.0,11,1,1.69,,,,,insufficient,0,,pre_separator,7.0,-117.73180344224532,35.8655226398959
3038,-16.0,16.0,12,1,1.69,,,,,insufficient,0,,pre_separator,7.0,-117.72073129980565,35.86553943739762
3039,-15.0,16.0,12,1,1.69,,,,,insufficient,0,,pre_separator,7.0,-117.70965915283996,35.86555521687419
3040,-14.0,16.0,14,1,1.69,,,,,insufficient,0,,pre_separator,7.0,-117.69858700163118,35.86556997832464
3041,-13.0,16.0,15,1,1.69,,,,,insufficient,0,,pre_separator,7.0,-117.68751484646214,35.86558372174804
3042,-12.0,16.0,16,1,1.69,,,,,insufficient,0,,pre_separator,7.0,-117.67644268761573,35.86559644714352
3043,-11.0,16.0,18,1,1.69,,,,,insufficient,0,,pre_separator,7.0,-117.66537052537478,35.86560815451026
3044,-10.0,16.0,22,2,1.9749999999999999,,,,,insufficient,0,,pre_separator,7.0,-117.65429836002224,35.865618843847585
3045,-9.0,16.0,22,2,1.9749999999999999,,,,,insufficient,0,,pre_separator,7.0,-117.64322619184087,35.86562851515478
3046,-8.0,16.0,18,1,1.69,,,,,insufficient,0,,pre_separator,7.0,-117.63215402111368,35.86563716843127
3047,-7.0,16.0,15,1,1.69,,,,,insufficient,0,,pre_separator,7.0,-117.62108184812344,35.8656448036765
3048,-6.0,16.0,11,1,1.69,,,,,insufficient,0,,pre_separator,7.0,-117.61000967315307,35.86565142089002
3049,-5.0,16.0,9,0,,,,,,insufficient,0,,pre_separator,7.0,-117.59893749648543,35.86565702007138
3050,-4.0,16.0,11,1,3.53,,,,,insufficient,0,,pre_separator,7.0,-117.58786531840342,35.86566160122022
3051,-3.0,16.0,9,1,3.53,,,,,insufficient,0,,pre_separator,7.0,-117.57679313918989,35.86566516433629
3052,-2.0,16.0,8,1,3.53,,,,,insufficient,0,,pre_separator,7.0,-117.56572095912773,35.86566770941937
3053,-1.0,16.0,6,1,3.53,,,,,insufficient,0,,pre_separator,7.0,-117.55464877849981,35.86566923646928
3054,0.0,16.0,6,1,3.53,,,,,insufficient,0,,pre_separator,7.0,-117.54357659758901,35.86566974548591
3055,1.0,16.0,5,1,3.53,,,,,insufficient,0,,pre_separator,7.0,-117.53250441667821,35.86566923646928
3056,2.0,16.0,4,1,3.53,,,,,insufficient,0,,pre_separator,7.0,-117.52143223605029,35.86566770941937
3057,3.0,16.0,8,3,2.2866666666666666,,,,,insufficient,0,,pre_separator,7.0,-117.51036005598813,35.86566516433629
3058,4.0,16.0,7,2,2.65,,,,,insufficient,0,,pre_separator,7.0,-117.4992878767746,35.86566160122022
3059,5.0,16.0,7,2,2.65,,,,,insufficient,0,,pre_separator,7.0,-117.48821569869258,35.86565702007138
3060,6.0,16.0,7,2,2.65,,,,,insufficient,0,,pre_separator,7.0,-117.47714352202495,35.86565142089002
3061,7.0,16.0,7,2,2.65,,,,,insufficient,0,,pre_separator,7.0,-117.46607134705458,35.8656448036765
3062,8.0,16.0,7,2,2.65,,,,,insufficient,0,,pre_separator,7.0,-117.45499917406434,35.86563716843127
3063,9.0,16.0,6,1,1.77,,,,,insufficient,0,,pre_separator,7.0,-117.44392700333714,35.86562851515478
3064,10.0,16.0,6,1,1.77,,,,,insufficient,0,,pre_separator,7.0,-117.43285483515578,35.865618843847585
3065,11.0,16.0,4,1,1.77,,,,,insufficient,0,,pre_separator,7.0,-117.42178266980324,35.86560815451026
3066,12.0,16.0,4,1,1.77,,,,,insufficient,0,,pre_separator,7.0,-117.41071050756229,35.86559644714352
3067,13.0,16.0,3,1,1.77,,,,,insufficient,0,,pre_separator,7.0,-117.39963834871588,35.86558372174804
3068,14.0,16.0,3,1,1.77,,,,,insufficient,0,,pre_separator,7.0,-117.38856619354684,35.86556997832464
3069,15.0,16.0,0,0,,,,,,insufficient,0,,pre_separator,7.0,-117.37749404233806,35.86555521687419
3070,16.0,16.0,0,0,,,,,,insufficient,0,,pre_separator,7.0,-117.36642189537237,35.86553943739762
3071,17.0,16.0,0,0,,,,,,insufficient,0,,pre_separator,7.0,-117.3553497529327,35.8655226398959
3072,18.0,16.0,0,0,,,,,,insufficient,0,,pre_separator,7.0,-117.34427761530189,35.86550482437006
3073,19.0,16.0,0,0,,,,,,insufficient,0,,pre_separator,7.0,-117.33320548276279,35.86548599082124
3074,20.0,16.0,0,0,,,,,,insufficient,0,,pre_separator,7.0,-117.32213335559827,35.865466139250614
3075,21.0,16.0,0,0,,,,,,insufficient,0,,pre_separator,7.0,-117.31106123409121,35.86544526965942
3076,22.0,16.0,0,0,,,,,,insufficient,0,,pre_separator,7.0,-117.29998911852451,35.865423382048945
3077,23.0,16.0,0,0,,,,,,insufficient,0,,pre_separator,7.0,-117.28891700918096,35.86540047642058
3078,24.0,16.0,0,0,,,,,,insufficient,0,,pre_separator,7.0,-117.27784490634343,35.86537655277576
3079,25.0,16.0,0,0,,,,,,insufficient,0,,pre_separator,7.0,-117.26677281029482,35.865351611115955
3080,-30.0,17.0,0,0,,,,,,insufficient,0,,pre_separator,7.0,-117.87577832393552,35.87422408131844
3081,-29.0,17.0,0,0,,,,,,insufficient,0,,pre_separator,7.0,-117.86470501376776,35.87425411856744
3082,-28.0,17.0,0,0,,,,,,insufficient,0,,pre_separator,7.0,-117.85363169539225,35.87428313762214
3083,-27.0,17.0,0,0,,,,,,insufficient,0,,pre_separator,7.0,-117.84255836909203,35.87431113848074
3084,-26.0,17.0,0,0,,,,,,insufficient,0,,pre_separator,7.0,-117.83148503515008,35.87433812114148
3085,-25.0,17.0,0,0,,,,,,insufficient,0,,pre_separator,7.0,-117.82041169384942,35.87436408560266
3086,-24.0,17.0,0,0,,,,,,insufficient,0,,pre_separator,7.0,-117.80933834547308,35.87438903186267
3087,-23.0,17.0,0,0,,,,,,insufficient,0,,pre_separator,7.0,-117.79826499030402,35.874412959919944
3088,-22.0,17.0,1,0,,,,,,insufficient,0,,pre_separator,7.0,-117.78719162862535,35.87443586977301
3089,-21.0,17.0,1,0,,,,,,insufficient,0,,pre_separator,7.0,-117.77611826071998,35.8744577614204
3090,-20.0,17.0,9,0,,,,,,insufficient,0,,pre_separator,7.0,-117.76504488687102,35.87447863486077
3091,-19.0,17.0,11,1,1.69,,,,,insufficient,0,,pre_separator,7.0,-117.75397150736146,35.87449849009281
3092,-18.0,17.0,11,1,1.69,,,,,insufficient,0,,pre_separator,7.0,-117.74289812247427,35.87451732711529
3093,-17.0,17.0,11,1,1.69,,,,,insufficient,0,,pre_separator,7.0,-117.73182473249253,35.874535145927005
3094,-16.0,17.0,11,1,1.69,,,,,insufficient,0,,pre_separator,7.0,-117.72075133769926,35.87455194652686
3095,-15.0,17.0,11,1,1.69,,,,,insufficient,0,,pre_separator,7.0,-117.70967793837747,35.87456772891381
3096,-14.0,17.0,14,1,1.69,,,,,insufficient,0,,pre_separator,7.0,-117.69860453481017,35.87458249308686
3097,-13.0,17.0,15,1,1.69,,,,,insufficient,0,,pre_separator,7.0,-117.68753112728045,35.87459623904507
3098,-12.0,17.0,16,1,1.69,,,,,insufficient,0,,pre_separator,7.0,-117.67645771607127,35.87460896678762
3099,-11.0,17.0,16,1,1.69,,,,,insufficient,0,,pre_separator,7.0,-117.66538430146569,35.87462067631369
3100,-10.0,17.0,15,1,1.69,,,,,insufficient,0,,pre_separator,7.0,-117.65431088374675,35.87463136762255
3101,-9.0,17.0,18,1,1.69,,,,,insufficient,0,,pre_separator,7.0,-117.64323746319747,35.87464104071353
3102,-8.0,17.0,16,1,1.69,,,,,insufficient,0,,pre_separator,7.0,-117.63216404010086,35.87464969558603
3103,-7.0,17.0,14,1,1.69,,,,,insufficient,0,,pre_separator,7.0,-117.62109061474,35.87465733223952
3104,-6.0,17.0,9,1,1.69,,,,,insufficient,0,,pre_separator,7.0,-117.61001718739787,35.8746639506735
3105,-5.0,17.0,9,0,,,,,,insufficient,0,,pre_separator,7.0,-117.59894375835755,35.87466955088756
3106,-4.0,17.0,7,0,,,,,,insufficient,0,,pre_separator,7.0,-117.58787032790205,35.87467413288138
3107,-3.0,17.0,8,1,3.53,,,,,insufficient,0,,pre_separator,7.0,-117.57679689631442,35.87467769665464
3108,-2.0,17.0,7,1,3.53,,,,,insufficient,0,,pre_separator,7.0,-117.56572346387766,35.87468024220712
3109,-1.0,17.0,5,1,3.53,,,,,insufficient,0,,pre_separator,7.0,-117.55465003087484,35.874681769538675
3110,0.0,17.0,3,1,3.53,,,,,insufficient,0,,pre_separator,7.0,-117.54357659758901,35.87468227864921
3111,1.0,17.0,4,1,3.53,,,,,insufficient,0,,pre_separator,7.0,-117.53250316430317,35.874681769538675
3112,2.0,17.0,4,1,3.53,,,,,insufficient,0,,pre_separator,7.0,-117.52142973130036,35.87468024220712
3113,3.0,17.0,4,1,3.53,,,,,insufficient,0,,pre_separator,7.0,-117.5103562988636,35.87467769665464
3114,4.0,17.0,6,2,2.65,,,,,insufficient,0,,pre_separator,7.0,-117.49928286727597,35.87467413288138
3115,5.0,17.0,6,2,2.65,,,,,insufficient,0,,pre_separator,7.0,-117.48820943682047,35.87466955088756
3116,6.0,17.0,6,2,2.65,,,,,insufficient,0,,pre_separator,7.0,-117.47713600778015,35.8746639506735
3117,7.0,17.0,6,2,2.65,,,,,insufficient,0,,pre_separator,7.0,-117.46606258043802,35.87465733223952
3118,8.0,17.0,5,1,1.77,,,,,insufficient,0,,pre_separator,7.0,-117.45498915507716,35.87464969558603
3119,9.0,17.0,5,1,1.77,,,,,insufficient,0,,pre_separator,7.0,-117.44391573198054,35.87464104071353
3120,10.0,17.0,4,1,1.77,,,,,insufficient,0,,pre_separator,7.0,-117.43284231143127,35.87463136762255
3121,11.0,17.0,3,1,1.77,,,,,insufficient,0,,pre_separator,7.0,-117.42176889371233,35.87462067631369
3122,12.0,17.0,3,1,1.77,,,,,insufficient,0,,pre_separator,7.0,-117.41069547910675,35.87460896678762
3123,13.0,17.0,3,1,1.77,,,,,insufficient,0,,pre_separator,7.0,-117.39962206789757,35.87459623904507
3124,14.0,17.0,1,1,1.77,,,,,insufficient,0,,pre_separator,7.0,-117.38854866036785,35.87458249308686
3125,15.0,17.0,0,0,,,,,,insufficient,0,,pre_separator,7.0,-117.37747525680055,35.87456772891381
3126,16.0,17.0,0,0,,,,,,insufficient,0,,pre_separator,7.0,-117.36640185747876,35.87455194652686
3127,17.0,17.0,0,0,,,,,,insufficient,0,,pre_separator,7.0,-117.35532846268549,35.874535145927005
3128,18.0,17.0,0,0,,,,,,insufficient,0,,pre_separator,7.0,-117.34425507270375,35.87451732711529
3129,19.0,17.0,0,0,,,,,,insufficient,0,,pre_separator,7.0,-117.33318168781656,35.87449849009281
3130,20.0,17.0,0,0,,,,,,insufficient,0,,pre_separator,7.0,-117.32210830830698,35.87447863486077
3131,21.0,17.0,0,0,,,,,,insufficient,0,,pre_separator,7.0,-117.31103493445804,35.8744577614204
3132,22.0,17.0,0,0,,,,,,insufficient,0,,pre_separator,7.0,-117.29996156655267,35.87443586977301
3133,23.0,17.0,0,0,,,,,,insufficient,0,,pre_separator,7.0,-117.28888820487398,35.874412959919944
3134,24.0,17.0,0,0,,,,,,insufficient,0,,pre_separator,7.0,-117.27781484970494,35.87438903186267
3135,25.0,17.0,0,0,,,,,,insufficient,0,,pre_separator,7.0,-117.2667415013286,35.87436408560266
3136,-30.0,18.0,0,0,,,,,,insufficient,0,,pre_separator,7.0,-117.8758159084453,35.883236516410776
3137,-29.0,18.0,0,0,,,,,,insufficient,0,,pre_separator,7.0,-117.86474134550555,35.88326655920051
3138,-28.0,18.0,0,0,,,,,,insufficient,0,,pre_separator,7.0,-117.8536667743535,35.88329558360812
3139,-27.0,18.0,0,0,,,,,,insufficient,0,,pre_separator,7.0,-117.84259219527232,35.88332358963181
3140,-26.0,18.0,0,0,,,,,,insufficient,0,,pre_separator,7.0,-117.83151760854511,35.88335057726982
3141,-25.0,18.0,0,0,,,,,,insufficient,0,,pre_separator,7.0,-117.82044301445514,35.883376546520466
3142,-24.0,18.0,0,0,,,,,,insufficient,0,,pre_separator,7.0,-117.8093684132855,35.88340149738212
3143,-23.0,18.0,1,0,,,,,,insufficient,0,,pre_separator,7.0,-117.79829380531939,35.88342542985323
3144,-22.0,18.0,1,0,,,,,,insufficient,0,,pre_separator,7.0,-117.78721919083999,35.88344834393231
3145,-21.0,18.0,1,0,,,,,,insufficient,0,,pre_separator,7.0,-117.77614457013046,35.88347023961789
3146,-20.0,18.0,10,0,,,,,,insufficient,0,,pre_separator,7.0,-117.76506994347399,35.883491116908644
3147,-19.0,18.0,11,1,1.69,,,,,insufficient,0,,pre_separator,7.0,-117.75399531115376,35.883510975803254
3148,-18.0,18.0,11,1,1.69,,,,,insufficient,0,,pre_separator,7.0,-117.74292067345294,35.88352981630046
3149,-17.0,18.0,11,1,1.69,,,,,insufficient,0,,pre_separator,7.0,-117.7318460306547,35.88354763839909
3150,-16.0,18.0,11,1,1.69,,,,,insufficient,0,,pre_separator,7.0,-117.72077138304226,35.883564442098056
3151,-15.0,18.0,13,1,1.69,,,,,insufficient,0,,pre_separator,7.0,-117.70969673089877,35.883580227396266
3152,-14.0,18.0,13,1,1.69,,,,,insufficient,0,,pre_separator,7.0,-117.6986220745074,35.883594994292764
3153,-13.0,18.0,13,1,1.69,,,,,insufficient,0,,pre_separator,7.0,-117.6875474141514,35.883608742786635
3154,-12.0,18.0,13,1,1.69,,,,,insufficient,0,,pre_separator,7.0,-117.67647275011387,35.88362147287698
3155,-11.0,18.0,15,1,1.69,,,,,insufficient,0,,pre_separator,7.0,-117.66539808267807,35.88363318456303
3156,-10.0,18.0,15,1,1.69,,,,,insufficient,0,,pre_separator,7.0,-117.65432341212717,35.88364387784405
3157,-9.0,18.0,14,1,1.69,,,,,insufficient,0,,pre_separator,7.0,-117.64324873874433,35.883653552719366
3158,-8.0,18.0,15,1,1.69,,,,,insufficient,0,,pre_separator,7.0,-117.63217406281278,35.883662209188394
3159,-7.0,18.0,12,1,1.69,,,,,insufficient,0,,pre_separator,7.0,-117.62109938461568,35.883669847250566
3160,-6.0,18.0,7,1,1.69,,,,,insufficient,0,,pre_separator,7.0,-117.61002470443623,35.8836764669054
3161,-5.0,18.0,6,0,,,,,,insufficient,0,,pre_separator,7.0,-117.59895002255762,35.88368206815252
3162,-4.0,18.0,4,0,,,,,,insufficient,0,,pre_separator,7.0,-117.58787533926306,35.88368665099154
3163,-3.0,18.0,3,0,,,,,,insufficient,0,,pre_separator,7.0,-117.57680065483574,35.88369021542217
3164,-2.0,18.0,4,1,3.53,,,,,insufficient,0,,pre_separator,7.0,-117.56572596955883,35.88369276144424
3165,-1.0,18.0,1,1,3.53,,,,,insufficient,0,,pre_separator,7.0,-117.55465128371551,35.88369428905753
3166,0.0,18.0,2,1,3.53,,,,,insufficient,0,,pre_separator,7.0,-117.54357659758901,35.88369479826197
3167,1.0,18.0,2,1,3.53,,,,,insufficient,0,,pre_separator,7.0,-117.5325019114625,35.88369428905753
3168,2.0,18.0,3,1,3.53,,,,,insufficient,0,,pre_separator,7.0,-117.52142722561919,35.88369276144424
3169,3.0,18.0,3,1,3.53,,,,,insufficient,0,,pre_separator,7.0,-117.51035254034228,35.88369021542217
3170,4.0,18.0,3,1,3.53,,,,,insufficient,0,,pre_separator,7.0,-117.49927785591495,35.88368665099154
3171,5.0,18.0,5,2,2.65,,,,,insufficient,0,,pre_separator,7.0,-117.4882031726204,35.88368206815252
3172,6.0,18.0,5,2,2.65,,,,,insufficient,0,,pre_separator,7.0,-117.47712849074179,35.8836764669054
3173,7.0,18.0,5,2,2.65,,,,,insufficient,0,,pre_separator,7.0,-117.46605381056234,35.883669847250566
3174,8.0,18.0,3,1,1.77,,,,,insufficient,0,,pre_separator,7.0,-117.45497913236524,35.883662209188394
3175,9.0,18.0,3,1,1.77,,,,,insufficient,0,,pre_separator,7.0,-117.44390445643369,35.883653552719366
3176,10.0,18.0,3,1,1.77,,,,,insufficient,0,,pre_separator,7.0,-117.43282978305085,35.88364387784405
3177,11.0,18.0,3,1,1.77,,,,,insufficient,0,,pre_separator,7.0,-117.42175511249995,35.88363318456303
3178,12.0,18.0,3,1,1.77,,,,,insufficient,0,,pre_separator,7.0,-117.41068044506414,35.88362147287698
3179,13.0,18.0,2,1,1.77,,,,,insufficient,0,,pre_separator,7.0,-117.39960578102662,35.883608742786635
3180,14.0,18.0,0,0,,,,,,insufficient,0,,pre_separator,7.0,-117.38853112067062,35.883594994292764
3181,15.0,18.0,0,0,,,,,,insufficient,0,,pre_separator,7.0,-117.37745646427925,35.883580227396266
3182,16.0,18.0,0,0,,,,,,insufficient,0,,pre_separator,7.0,-117.36638181213576,35.883564442098056
3183,17.0,18.0,0,0,,,,,,insufficient,0,,pre_separator,7.0,-117.35530716452332,35.88354763839909
3184,18.0,18.0,0,0,,,,,,insufficient,0,,pre_separator,7.0,-117.34423252172508,35.88352981630046
3185,19.0,18.0,0,0,,,,,,insufficient,0,,pre_separator,7.0,-117.33315788402425,35.883510975803254
3186,20.0,18.0,0,0,,,,,,insufficient,0,,pre_separator,7.0,-117.32208325170403,35.883491116908644
3187,21.0,18.0,0,0,,,,,,insufficient,0,,pre_separator,7.0,-117.31100862504756,35.88347023961789
3188,22.0,18.0,0,0,,,,,,insufficient,0,,pre_separator,7.0,-117.29993400433803,35.88344834393231
3189,23.0,18.0,0,0,,,,,,insufficient,0,,pre_separator,7.0,-117.28885938985863,35.88342542985323
3190,24.0,18.0,0,0,,,,,,insufficient,0,,pre_separator,7.0,-117.27778478189252,35.88340149738212
3191,25.0,18.0,0,0,,,,,,insufficient,0,,pre_separator,7.0,-117.26671018072288,35.883376546520466
3192,-30.0,19.0,0,0,,,,,,insufficient,0,,pre_separator,7.0,-117.8758535069289,35.892248937924755
3193,-29.0,19.0,0,0,,,,,,insufficient,0,,pre_separator,7.0,-117.86477769075142,35.89227898625693
3194,-28.0,19.0,0,0,,,,,,insufficient,0,,pre_separator,7.0,-117.85370186635704,35.892308016019136
3195,-27.0,19.0,0,0,,,,,,insufficient,0,,pre_separator,7.0,-117.84262603402911,35.892336027209524
3196,-26.0,19.0,0,0,,,,,,insufficient,0,,pre_separator,7.0,-117.83155019405093,35.89236301982638
3197,-25.0,19.0,0,0,,,,,,insufficient,0,,pre_separator,7.0,-117.8204743467058,35.89238899386798
3198,-24.0,19.0,0,0,,,,,,insufficient,0,,pre_separator,7.0,-117.80939849227711,35.892413949332735
3199,-23.0,19.0,1,0,,,,,,insufficient,0,,pre_separator,7.0,-117.79832263104817,35.89243788621907
3200,-22.0,19.0,1,0,,,,,,insufficient,0,,pre_separator,7.0,-117.78724676330226,35.89246080452547
3201,-21.0,19.0,3,0,,,,,,insufficient,0,,pre_separator,7.0,-117.77617088932278,35.89248270425052
3202,-20.0,19.0,10,0,,,,,,insufficient,0,,pre_separator,7.0,-117.76509500939301,35.892503585392866
3203,-19.0,19.0,11,1,1.69,,,,,insufficient,0,,pre_separator,7.0,-117.75401912379634,35.89252344795116
3204,-18.0,19.0,11,1,1.69,,,,,insufficient,0,,pre_separator,7.0,-117.74294323281607,35.8925422919242
3205,-17.0,19.0,11,1,1.69,,,,,insufficient,0,,pre_separator,7.0,-117.73186733673556,35.89256011731077
3206,-16.0,19.0,11,1,1.69,,,,,insufficient,0,,pre_separator,7.0,-117.72079143583812,35.892576924109804
3207,-15.0,19.0,13,1,1.69,,,,,insufficient,0,,pre_separator,7.0,-117.70971553040717,35.89259271232022
3208,-14.0,19.0,13,1,1.69,,,,,insufficient,0,,pre_separator,7.0,-117.69863962072593,35.89260748194102
3209,-13.0,19.0,13,1,1.69,,,,,insufficient,0,,pre_separator,7.0,-117.68756370707783,35.8926212329713
3210,-12.0,19.0,13,1,1.69,,,,,insufficient,0,,pre_separator,7.0,-117.67648778974619,35.892633965410205
3211,-11.0,19.0,13,1,1.69,,,,,insufficient,0,,pre_separator,7.0,-117.66541186901433,35.89264567925691
3212,-10.0,19.0,13,1,1.69,,,,,insufficient,0,,pre_separator,7.0,-117.65433594516567,35.89265637451071
3213,-9.0,19.0,12,1,1.69,,,,,insufficient,0,,pre_separator,7.0,-117.6432600184835,35.892666051170934
3214,-8.0,19.0,12,1,1.69,,,,,insufficient,0,,pre_separator,7.0,-117.63218408925117,35.892674709236964
3215,-7.0,19.0,6,1,1.69,,,,,insufficient,0,,pre_separator,7.0,-117.62110815775202,35.892682348708256
3216,-6.0,19.0,3,1,1.69,,,,,insufficient,0,,pre_separator,7.0,-117.61003222426945,35.89268896958436
3217,-5.0,19.0,3,0,,,,,,insufficient,0,,pre_separator,7.0,-117.59895628908676,35.89269457186483
3218,-4.0,19.0,2,0,,,,,,insufficient,0,,pre_separator,7.0,-117.58788035248732,35.89269915554932
3219,-3.0,19.0,2,0,,,,,,insufficient,0,,pre_separator,7.0,-117.57680441475445,35.89270272063757
3220,-2.0,19.0,1,0,,,,,,insufficient,0,,pre_separator,7.0,-117.56572847617157,35.89270526712932
3221,-1.0,19.0,1,1,3.53,,,,,insufficient,0,,pre_separator,7.0,-117.55465253702197,35.89270679502445
3222,0.0,19.0,1,1,3.53,,,,,insufficient,0,,pre_separator,7.0,-117.54357659758901,35.89270730432283
3223,1.0,19.0,1,1,3.53,,,,,insufficient,0,,pre_separator,7.0,-117.53250065815605,35.89270679502445
3224,2.0,19.0,2,1,3.53,,,,,insufficient,0,,pre_separator,7.0,-117.52142471900645,35.89270526712932
3225,3.0,19.0,2,1,3.53,,,,,insufficient,0,,pre_separator,7.0,-117.51034878042356,35.89270272063757
3226,4.0,19.0,2,1,3.53,,,,,insufficient,0,,pre_separator,7.0,-117.4992728426907,35.89269915554932
3227,5.0,19.0,2,1,3.53,,,,,insufficient,0,,pre_separator,7.0,-117.48819690609126,35.89269457186483
3228,6.0,19.0,2,1,1.77,,,,,insufficient,0,,pre_separator,7.0,-117.47712097090857,35.89268896958436
3229,7.0,19.0,3,1,1.77,,,,,insufficient,0,,pre_separator,7.0,-117.466045037426,35.892682348708256
3230,8.0,19.0,3,1,1.77,,,,,insufficient,0,,pre_separator,7.0,-117.45496910592685,35.892674709236964
3231,9.0,19.0,3,1,1.77,,,,,insufficient,0,,pre_separator,7.0,-117.44389317669452,35.892666051170934
3232,10.0,19.0,3,1,1.77,,,,,insufficient,0,,pre_separator,7.0,-117.43281725001235,35.89265637451071
3233,11.0,19.0,3,1,1.77,,,,,insufficient,0,,pre_separator,7.0,-117.42174132616368,35.89264567925691
3234,12.0,19.0,1,0,,,,,,insufficient,0,,pre_separator,7.0,-117.41066540543183,35.892633965410205
3235,13.0,19.0,0,0,,,,,,insufficient,0,,pre_separator,7.0,-117.39958948810019,35.8926212329713
3236,14.0,19.0,0,0,,,,,,insufficient,0,,pre_separator,7.0,-117.38851357445209,35.89260748194102
3237,15.0,19.0,0,0,,,,,,insufficient,0,,pre_separator,7.0,-117.37743766477085,35.89259271232022
3238,16.0,19.0,0,0,,,,,,insufficient,0,,pre_separator,7.0,-117.3663617593399,35.892576924109804
3239,17.0,19.0,0,0,,,,,,insufficient,0,,pre_separator,7.0,-117.35528585844246,35.89256011731077
3240,18.0,19.0,0,0,,,,,,insufficient,0,,pre_separator,7.0,-117.34420996236193,35.8925422919242
3241,19.0,19.0,0,0,,,,,,insufficient,0,,pre_separator,7.0,-117.33313407138168,35.89252344795116
3242,20.0,19.0,0,0,,,,,,insufficient,0,,pre_separator,7.0,-117.322058185785,35.892503585392866
3243,21.0,19.0,0,0,,,,,,insufficient,0,,pre_separator,7.0,-117.31098230585523,35.89248270425052
3244,22.0,19.0,0,0,,,,,,insufficient,0,,pre_separator,7.0,-117.29990643187575,35.89246080452547
3245,23.0,19.0,0,0,,,,,,insufficient,0,,pre_separator,7.0,-117.28883056412985,35.89243788621907
3246,24.0,19.0,0,0,,,,,,insufficient,0,,pre_separator,7.0,-117.2777547029009,35.892413949332735
3247,25.0,19.0,0,0,,,,,,insufficient,0,,pre_separator,7.0,-117.26667884847222,35.89238899386798
3248,-30.0,20.0,0,0,,,,,,insufficient,0,,pre_separator,7.0,-117.87589111939295,35.901261345858956
3249,-29.0,20.0,0,0,,,,,,insufficient,0,,pre_separator,7.0,-117.86481404951175,35.90129139973533
3250,-28.0,20.0,0,0,,,,,,insufficient,0,,pre_separator,7.0,-117.85373697140906,35.90132043485379
3251,-27.0,20.0,0,0,,,,,,insufficient,0,,pre_separator,7.0,-117.84265988536839,35.90134845121251
3252,-26.0,20.0,0,0,,,,,,insufficient,0,,pre_separator,7.0,-117.83158279167318,35.90137544880976
3253,-25.0,20.0,0,0,,,,,,insufficient,0,,pre_separator,7.0,-117.82050569060695,35.90140142764383
3254,-24.0,20.0,0,0,,,,,,insufficient,0,,pre_separator,7.0,-117.8094285824532,35.901426387713116
3255,-23.0,20.0,1,0,,,,,,insufficient,0,,pre_separator,7.0,-117.79835146749538,35.901450329016036
3256,-22.0,20.0,1,0,,,,,,insufficient,0,,pre_separator,7.0,-117.78727434601701,35.9014732515511
3257,-21.0,20.0,3,0,,,,,,insufficient,0,,pre_separator,7.0,-117.77619721830155,35.901495155316894
3258,-20.0,20.0,9,0,,,,,,insufficient,0,,pre_separator,7.0,-117.76512008463251,35.90151604031202
3259,-19.0,20.0,11,1,1.69,,,,,insufficient,0,,pre_separator,7.0,-117.75404294529338,35.90153590653517
3260,-18.0,20.0,11,1,1.69,,,,,insufficient,0,,pre_separator,7.0,-117.74296580056765,35.901554753985124
3261,-17.0,20.0,11,1,1.69,,,,,insufficient,0,,pre_separator,7.0,-117.73188865073885,35.90157258266069
3262,-16.0,20.0,11,1,1.69,,,,,insufficient,0,,pre_separator,7.0,-117.72081149609043,35.901589392560744
3263,-15.0,20.0,12,1,1.69,,,,,insufficient,0,,pre_separator,7.0,-117.70973433690592,35.901605183684254
3264,-14.0,20.0,13,1,1.69,,,,,insufficient,0,,pre_separator,7.0,-117.69865717346882,35.901619956030224
3265,-13.0,20.0,13,1,1.69,,,,,insufficient,0,,pre_separator,7.0,-117.6875800060626,35.90163370959773
3266,-12.0,20.0,13,1,1.69,,,,,insufficient,0,,pre_separator,7.0,-117.6765028349708,35.9016464443859
3267,-11.0,20.0,13,1,1.69,,,,,insufficient,0,,pre_separator,7.0,-117.66542566047693,35.90165816039396
3268,-10.0,20.0,13,1,1.69,,,,,insufficient,0,,pre_separator,7.0,-117.65434848286446,35.901668857621154
3269,-9.0,20.0,12,1,1.69,,,,,insufficient,0,,pre_separator,7.0,-117.6432713024169,35.901678536066825
3270,-8.0,20.0,12,1,1.69,,,,,insufficient,0,,pre_separator,7.0,-117.63219411941778,35.90168719573037
3271,-7.0,20.0,5,1,1.69,,,,,insufficient,0,,pre_separator,7.0,-117.62111693415059,35.90169483661124
3272,-6.0,20.0,2,0,,,,,,insufficient,0,,pre_separator,7.0,-117.61003974689883,35.90170145870896
3273,-5.0,20.0,2,0,,,,,,insufficient,0,,pre_separator,7.0,-117.59896255794604,35.901707062023135
3274,-4.0,20.0,2,0,,,,,,insufficient,0,,pre_separator,7.0,-117.58788536757568,35.90171164655337
3275,-3.0,20.0,2,0,,,,,,insufficient,0,,pre_separator,7.0,-117.5768081760713,35.9017152122994
3276,-2.0,20.0,1,0,,,,,,insufficient,0,,pre_separator,7.0,-117.56573098371638,35.90171775926103
3277,-1.0,20.0,0,0,,,,,,insufficient,0,,pre_separator,7.0,-117.55465379079446,35.90171928743806
3278,0.0,20.0,0,0,,,,,,insufficient,0,,pre_separator,7.0,-117.54357659758901,35.90171979683042
3279,1.0,20.0,0,0,,,,,,insufficient,0,,pre_separator,7.0,-117.53249940438356,35.90171928743806
3280,2.0,20.0,1,1,3.53,,,,,insufficient,0,,pre_separator,7.0,-117.52142221146164,35.90171775926103
3281,3.0,20.0,1,0,,,,,,insufficient,0,,pre_separator,7.0,-117.51034501910672,35.9017152122994
3282,4.0,20.0,1,0,,,,,,insufficient,0,,pre_separator,7.0,-117.49926782760234,35.90171164655337
3283,5.0,20.0,1,0,,,,,,insufficient,0,,pre_separator,7.0,-117.48819063723198,35.901707062023135
3284,6.0,20.0,1,0,,,,,,insufficient,0,,pre_separator,7.0,-117.47711344827918,35.90170145870896
3285,7.0,20.0,1,0,,,,,,insufficient,0,,pre_separator,7.0,-117.46603626102743,35.90169483661124
3286,8.0,20.0,1,0,,,,,,insufficient,0,,pre_separator,7.0,-117.45495907576024,35.90168719573037
3287,9.0,20.0,1,0,,,,,,insufficient,0,,pre_separator,7.0,-117.44388189276111,35.901678536066825
3288,10.0,20.0,1,0,,,,,,insufficient,0,,pre_separator,7.0,-117.43280471231355,35.901668857621154
3289,11.0,20.0,1,0,,,,,,insufficient,0,,pre_separator,7.0,-117.42172753470109,35.90165816039396
3290,12.0,20.0,0,0,,,,,,insufficient,0,,pre_separator,7.0,-117.4106503602072,35.9016464443859
3291,13.0,20.0,0,0,,,,,,insufficient,0,,pre_separator,7.0,-117.39957318911542,35.90163370959773
3292,14.0,20.0,0,0,,,,,,insufficient,0,,pre_separator,7.0,-117.3884960217092,35.901619956030224
3293,15.0,20.0,0,0,,,,,,insufficient,0,,pre_separator,7.0,-117.3774188582721,35.901605183684254
3294,16.0,20.0,0,0,,,,,,insufficient,0,,pre_separator,7.0,-117.36634169908758,35.901589392560744
3295,17.0,20.0,0,0,,,,,,insufficient,0,,pre_separator,7.0,-117.35526454443917,35.90157258266069
3296,18.0,20.0,0,0,,,,,,insufficient,0,,pre_separator,7.0,-117.34418739461037,35.901554753985124
3297,19.0,20.0,0,0,,,,,,insufficient,0,,pre_separator,7.0,-117.33311024988464,35.90153590653517
3298,20.0,20.0,0,0,,,,,,insufficient,0,,pre_separator,7.0,-117.3220331105455,35.90151604031202
3299,21.0,20.0,0,0,,,,,,insufficient,0,,pre_separator,7.0,-117.31095597687647,35.901495155316894
3300,22.0,20.0,0,0,,,,,,insufficient,0,,pre_separator,7.0,-117.299878849161,35.9014732515511
3301,23.0,20.0,0,0,,,,,,insufficient,0,,pre_separator,7.0,-117.28880172768264,35.901450329016036
3302,24.0,20.0,0,0,,,,,,insufficient,0,,pre_separator,7.0,-117.27772461272481,35.901426387713116
3303,25.0,20.0,0,0,,,,,,insufficient,0,,pre_separator,7.0,-117.26664750457107,35.90140142764383
3304,-30.0,21.0,0,0,,,,,,insufficient,0,,pre_separator,7.0,-117.87592874584399,35.910273740212006
3305,-29.0,21.0,0,0,,,,,,insufficient,0,,pre_separator,7.0,-117.86485042179287,35.910303799634306
3306,-28.0,21.0,0,0,,,,,,insufficient,0,,pre_separator,7.0,-117.85377208951567,35.910332840110705
3307,-27.0,21.0,0,0,,,,,,insufficient,0,,pre_separator,7.0,-117.84269374929605,35.91036086163938
3308,-26.0,21.0,0,0,,,,,,insufficient,0,,pre_separator,7.0,-117.83161540141765,35.910387864218585
3309,-25.0,21.0,0,0,,,,,,insufficient,0,,pre_separator,7.0,-117.8205370461641,35.91041384784663
3310,-24.0,21.0,0,0,,,,,,insufficient,0,,pre_separator,7.0,-117.80945868381907,35.910438812521875
3311,-23.0,21.0,1,0,,,,,,insufficient,0,,pre_separator,7.0,-117.79838031466618,35.910462758242794
3312,-22.0,21.0,1,0,,,,,,insufficient,0,,pre_separator,7.0,-117.78730193898907,35.91048568500784
3313,-21.0,21.0,3,0,,,,,,insufficient,0,,pre_separator,7.0,-117.7762235570714,35.91050759281562
3314,-20.0,21.0,6,0,,,,,,insufficient,0,,pre_separator,7.0,-117.76514516919684,35.910528481664734
3315,-19.0,21.0,10,0,,,,,,insufficient,0,,pre_separator,7.0,-117.75406677564905,35.9105483515539
3316,-18.0,21.0,11,1,1.69,,,,,insufficient,0,,pre_separator,7.0,-117.74298837671165,35.91056720248186
3317,-17.0,21.0,11,1,1.69,,,,,insufficient,0,,pre_separator,7.0,-117.7319099726683,35.91058503444742
3318,-16.0,21.0,12,1,1.69,,,,,insufficient,0,,pre_separator,7.0,-117.72083156380266,35.910601847449506
3319,-15.0,21.0,12,1,1.69,,,,,insufficient,0,,pre_separator,7.0,-117.70975315039837,35.91061764148702
3320,-14.0,21.0,13,1,1.69,,,,,insufficient,0,,pre_separator,7.0,-117.69867473273915,35.910632416559004
3321,-13.0,21.0,13,1,1.69,,,,,insufficient,0,,pre_separator,7.0,-117.68759631110862,35.910646172664514
3322,-12.0,21.0,13,1,1.69,,,,,insufficient,0,,pre_separator,7.0,-117.6765178857904,35.91065890980272
3323,-11.0,21.0,13,1,1.69,,,,,insufficient,0,,pre_separator,7.0,-117.66543945706822,35.91067062797278
3324,-10.0,21.0,13,1,1.69,,,,,insufficient,0,,pre_separator,7.0,-117.65436102522573,35.91068132717399
3325,-9.0,21.0,12,1,1.69,,,,,insufficient,0,,pre_separator,7.0,-117.64328259054655,35.910691007405674
3326,-8.0,21.0,9,1,1.69,,,,,insufficient,0,,pre_separator,7.0,-117.63220415331439,35.910699668667235
3327,-7.0,21.0,4,1,1.69,,,,,insufficient,0,,pre_separator,7.0,-117.62112571381289,35.910707310958124
3328,-6.0,21.0,2,0,,,,,,insufficient,0,,pre_separator,7.0,-117.6100472723257,35.91071393427786
3329,-5.0,21.0,2,0,,,,,,insufficient,0,,pre_separator,7.0,-117.59896882913654,35.910719538626026
3330,-4.0,21.0,2,0,,,,,,insufficient,0,,pre_separator,7.0,-117.58789038452905,35.91072412400228
3331,-3.0,21.0,2,0,,,,,,insufficient,0,,pre_separator,7.0,-117.57681193878688,35.91072769040634
3332,-2.0,21.0,1,0,,,,,,insufficient,0,,pre_separator,7.0,-117.5657334921937,35.91073023783796
3333,-1.0,21.0,0,0,,,,,,insufficient,0,,pre_separator,7.0,-117.5546550450332,35.910731766297005
3334,0.0,21.0,0,0,,,,,,insufficient,0,,pre_separator,7.0,-117.54357659758901,35.910732275783346
3335,1.0,21.0,0,0,,,,,,insufficient,0,,pre_separator,7.0,-117.53249815014482,35.910731766297005
3336,2.0,21.0,0,0,,,,,,insufficient,0,,pre_separator,7.0,-117.52141970298432,35.91073023783796
3337,3.0,21.0,0,0,,,,,,insufficient,0,,pre_separator,7.0,-117.51034125639114,35.91072769040634
3338,4.0,21.0,0,0,,,,,,insufficient,0,,pre_separator,7.0,-117.49926281064897,35.91072412400228
3339,5.0,21.0,1,0,,,,,,insufficient,0,,pre_separator,7.0,-117.48818436604148,35.910719538626026
3340,6.0,21.0,1,0,,,,,,insufficient,0,,pre_separator,7.0,-117.47710592285232,35.91071393427786
3341,7.0,21.0,1,0,,,,,,insufficient,0,,pre_separator,7.0,-117.46602748136513,35.910707310958124
3342,8.0,21.0,1,0,,,,,,insufficient,0,,pre_separator,7.0,-117.45494904186363,35.910699668667235
3343,9.0,21.0,1,0,,,,,,insufficient,0,,pre_separator,7.0,-117.44387060463147,35.910691007405674
3344,10.0,21.0,1,0,,,,,,insufficient,0,,pre_separator,7.0,-117.4327921699523,35.91068132717399
3345,11.0,21.0,0,0,,,,,,insufficient,0,,pre_separator,7.0,-117.4217137381098,35.91067062797278
3346,12.0,21.0,0,0,,,,,,insufficient,0,,pre_separator,7.0,-117.41063530938762,35.91065890980272
3347,13.0,21.0,0,0,,,,,,insufficient,0,,pre_separator,7.0,-117.3995568840694,35.910646172664514
3348,14.0,21.0,0,0,,,,,,insufficient,0,,pre_separator,7.0,-117.38847846243887,35.910632416559004
3349,15.0,21.0,0,0,,,,,,insufficient,0,,pre_separator,7.0,-117.37740004477963,35.91061764148702
3350,16.0,21.0,0,0,,,,,,insufficient,0,,pre_separator,7.0,-117.36632163137536,35.910601847449506
3351,17.0,21.0,0,0,,,,,,insufficient,0,,pre_separator,7.0,-117.35524322250971,35.91058503444742
3352,18.0,21.0,0,0,,,,,,insufficient,0,,pre_separator,7.0,-117.34416481846637,35.91056720248186
3353,19.0,21.0,0,0,,,,,,insufficient,0,,pre_separator,7.0,-117.33308641952897,35.9105483515539
3354,20.0,21.0,0,0,,,,,,insufficient,0,,pre_separator,7.0,-117.32200802598116,35.910528481664734
3355,21.0,21.0,0,0,,,,,,insufficient,0,,pre_separator,7.0,-117.31092963810661,35.91050759281562
3356,22.0,21.0,0,0,,,,,,insufficient,0,,pre_separator,7.0,-117.29985125618894,35.91048568500784
3357,23.0,21.0,0,0,,,,,,insufficient,0,,pre_separator,7.0,-117.28877288051184,35.910462758242794
3358,24.0,21.0,0,0,,,,,,insufficient,0,,pre_separator,7.0,-117.27769451135894,35.910438812521875
3359,25.0,21.0,0,0,,,,,,insufficient,0,,pre_separator,7.0,-117.26661614901391,35.91041384784663
3360,-30.0,22.0,0,0,,,,,,insufficient,0,,pre_separator,7.0,-117.8759663862887,35.91928612098253
3361,-29.0,22.0,0,0,,,,,,insufficient,0,,pre_separator,7.0,-117.86488680760121,35.91931618595248
3362,-28.0,22.0,0,0,,,,,,insufficient,0,,pre_separator,7.0,-117.85380722068308,35.91934523178849
3363,-27.0,22.0,0,0,,,,,,insufficient,0,,pre_separator,7.0,-117.84272762581807,35.91937325848874
3364,-26.0,22.0,0,0,,,,,,insufficient,0,,pre_separator,7.0,-117.83164802329003,35.91940026605147
3365,-25.0,22.0,0,0,,,,,,insufficient,0,,pre_separator,7.0,-117.8205684133827,35.91942625447497
3366,-24.0,22.0,0,0,,,,,,insufficient,0,,pre_separator,7.0,-117.80948879637997,35.91945122375765
3367,-23.0,22.0,1,0,,,,,,insufficient,0,,pre_separator,7.0,-117.79840917256554,35.919475173897915
3368,-22.0,22.0,1,0,,,,,,insufficient,0,,pre_separator,7.0,-117.78732954222328,35.91949810489429
3369,-21.0,22.0,3,0,,,,,,insufficient,0,,pre_separator,7.0,-117.77624990563697,35.91952001674533
3370,-20.0,22.0,3,0,,,,,,insufficient,0,,pre_separator,7.0,-117.76517026309045,35.919540909449665
3371,-19.0,22.0,6,0,,,,,,insufficient,0,,pre_separator,7.0,-117.75409061486752,35.91956078300597
3372,-18.0,22.0,11,1,1.69,,,,,insufficient,0,,pre_separator,7.0,-117.74301096125197,35.919579637413015
3373,-17.0,22.0,11,1,1.69,,,,,insufficient,0,,pre_separator,7.0,-117.73193130252766,35.91959747266962
3374,-16.0,22.0,12,1,1.69,,,,,insufficient,0,,pre_separator,7.0,-117.72085163897833,35.91961428877468
3375,-15.0,22.0,12,1,1.69,,,,,insufficient,0,,pre_separator,7.0,-117.70977197088784,35.91963008572713
3376,-14.0,22.0,13,1,1.69,,,,,insufficient,0,,pre_separator,7.0,-117.69869229854002,35.919644863525974
3377,-13.0,22.0,13,1,1.69,,,,,insufficient,0,,pre_separator,7.0,-117.68761262221868,35.919658622170296
3378,-12.0,22.0,13,1,1.69,,,,,insufficient,0,,pre_separator,7.0,-117.6765329422076,35.91967136165925
3379,-11.0,22.0,13,1,1.69,,,,,insufficient,0,,pre_separator,7.0,-117.66545325879069,35.919683081992005
3380,-10.0,22.0,13,1,1.69,,,,,insufficient,0,,pre_separator,7.0,-117.65437357225169,35.919693783167865
3381,-9.0,22.0,10,1,1.69,,,,,insufficient,0,,pre_separator,7.0,-117.64329388287443,35.919703465186124
3382,-8.0,22.0,7,1,1.69,,,,,insufficient,0,,pre_separator,7.0,-117.63221419094273,35.91971212804619
3383,-7.0,22.0,2,0,,,,,,insufficient,0,,pre_separator,7.0,-117.62113449674047,35.91971977174754
3384,-6.0,22.0,2,0,,,,,,insufficient,0,,pre_separator,7.0,-117.61005480055141,35.91972639628967
3385,-5.0,22.0,2,0,,,,,,insufficient,0,,pre_separator,7.0,-117.59897510265941,35.919732001672166
3386,-4.0,22.0,2,0,,,,,,insufficient,0,,pre_separator,7.0,-117.58789540334828,35.9197365878947
3387,-3.0,22.0,2,0,,,,,,insufficient,0,,pre_separator,7.0,-117.57681570290187,35.91974015495696
3388,-2.0,22.0,1,0,,,,,,insufficient,0,,pre_separator,7.0,-117.56573600160394,35.919742702858734
3389,-1.0,22.0,0,0,,,,,,insufficient,0,,pre_separator,7.0,-117.5546562997384,35.919744231599864
3390,0.0,22.0,0,0,,,,,,insufficient,0,,pre_separator,7.0,-117.54357659758901,35.91974474118025
3391,1.0,22.0,0,0,,,,,,insufficient,0,,pre_separator,7.0,-117.5324968954396,35.919744231599864
3392,2.0,22.0,0,0,,,,,,insufficient,0,,pre_separator,7.0,-117.52141719357408,35.919742702858734
3393,3.0,22.0,0,0,,,,,,insufficient,0,,pre_separator,7.0,-117.51033749227615,35.91974015495696
3394,4.0,22.0,0,0,,,,,,insufficient,0,,pre_separator,7.0,-117.49925779182973,35.9197365878947
3395,5.0,22.0,0,0,,,,,,insufficient,0,,pre_separator,7.0,-117.48817809251861,35.919732001672166
3396,6.0,22.0,0,0,,,,,,insufficient,0,,pre_separator,7.0,-117.47709839462661,35.91972639628967
3397,7.0,22.0,0,0,,,,,,insufficient,0,,pre_separator,7.0,-117.46601869843755,35.91971977174754
3398,8.0,22.0,0,0,,,,,,insufficient,0,,pre_separator,7.0,-117.45493900423529,35.91971212804619
3399,9.0,22.0,0,0,,,,,,insufficient,0,,pre_separator,7.0,-117.44385931230359,35.919703465186124
3400,10.0,22.0,0,0,,,,,,insufficient,0,,pre_separator,7.0,-117.43277962292633,35.919693783167865
3401,11.0,22.0,0,0,,,,,,insufficient,0,,pre_separator,7.0,-117.42169993638733,35.919683081992005
3402,12.0,22.0,0,0,,,,,,insufficient,0,,pre_separator,7.0,-117.41062025297042,35.91967136165925
3403,13.0,22.0,0,0,,,,,,insufficient,0,,pre_separator,7.0,-117.39954057295932,35.919658622170296
3404,14.0,22.0,0,0,,,,,,insufficient,0,,pre_separator,7.0,-117.388460896638,35.919644863525974
3405,15.0,22.0,0,0,,,,,,insufficient,0,,pre_separator,7.0,-117.37738122429018,35.91963008572713
3406,16.0,22.0,0,0,,,,,,insufficient,0,,pre_separator,7.0,-117.36630155619969,35.91961428877468
3407,17.0,22.0,0,0,,,,,,insufficient,0,,pre_separator,7.0,-117.35522189265036,35.91959747266962
3408,18.0,22.0,0,0,,,,,,insufficient,0,,pre_separator,7.0,-117.34414223392605,35.919579637413015
3409,19.0,22.0,0,0,,,,,,insufficient,0,,pre_separator,7.0,-117.3330625803105,35.91956078300597
3410,20.0,22.0,0,0,,,,,,insufficient,0,,pre_separator,7.0,-117.32198293208756,35.919540909449665
3411,21.0,22.0,0,0,,,,,,insufficient,0,,pre_separator,7.0,-117.31090328954105,35.91952001674533
3412,22.0,22.0,0,0,,,,,,insufficient,0,,pre_separator,7.0,-117.29982365295474,35.91949810489429
3413,23.0,22.0,0,0,,,,,,insufficient,0,,pre_separator,7.0,-117.28874402261248,35.919475173897915
3414,24.0,22.0,0,0,,,,,,insufficient,0,,pre_separator,7.0,-117.27766439879805,35.91945122375765
3415,25.0,22.0,0,0,,,,,,insufficient,0,,pre_separator,7.0,-117.26658478179532,35.91942625447497
3416,-30.0,23.0,0,0,,,,,,insufficient,0,,pre_separator,7.0,-117.87600404073362,35.928298488169105
3417,-29.0,23.0,0,0,,,,,,insufficient,0,,pre_separator,7.0,-117.86492320694315,35.92832855868848
3418,-28.0,23.0,0,0,,,,,,insufficient,0,,pre_separator,7.0,-117.8538423649174,35.92835760988578
3419,-27.0,23.0,0,0,,,,,,insufficient,0,,pre_separator,7.0,-117.8427615149404,35.92838564175922
3420,-26.0,23.0,0,0,,,,,,insufficient,0,,pre_separator,7.0,-117.83168065729605,35.92841265430702
3421,-25.0,23.0,0,0,,,,,,insufficient,0,,pre_separator,7.0,-117.82059979226834,35.928438647527514
3422,-24.0,23.0,0,0,,,,,,insufficient,0,,pre_separator,7.0,-117.80951892014116,35.92846362141905
3423,-23.0,23.0,0,0,,,,,,insufficient,0,,pre_separator,7.0,-117.79843804119857,35.92848757598007
3424,-22.0,23.0,1,0,,,,,,insufficient,0,,pre_separator,7.0,-117.7873571557245,35.928510511209076
3425,-21.0,23.0,1,0,,,,,,insufficient,0,,pre_separator,7.0,-117.77627626400289,35.928532427104635
3426,-20.0,23.0,3,0,,,,,,insufficient,0,,pre_separator,7.0,-117.76519536631776,35.92855332366537
3427,-19.0,23.0,4,0,,,,,,insufficient,0,,pre_separator,7.0,-117.754114462953,35.92857320088998
3428,-18.0,23.0,7,0,,,,,,insufficient,0,,pre_separator,7.0,-117.74303355419264,35.92859205877722
3429,-17.0,23.0,9,1,1.69,,,,,insufficient,0,,pre_separator,7.0,-117.73195264032063,35.928609897325906
3430,-16.0,23.0,12,1,1.69,,,,,insufficient,0,,pre_separator,7.0,-117.72087172162095,35.92862671653492
3431,-15.0,23.0,12,1,1.69,,,,,insufficient,0,,pre_separator,7.0,-117.70979079837758,35.9286425164032
3432,-14.0,23.0,12,1,1.69,,,,,insufficient,0,,pre_separator,7.0,-117.69870987087451,35.92865729692978
3433,-13.0,23.0,13,1,1.69,,,,,insufficient,0,,pre_separator,7.0,-117.68762893939567,35.928671058113714
3434,-12.0,23.0,13,1,1.69,,,,,insufficient,0,,pre_separator,7.0,-117.67654800422507,35.928683799954136
3435,-11.0,23.0,12,1,1.69,,,,,insufficient,0,,pre_separator,7.0,-117.6654670656467,35.92869552245028
3436,-10.0,23.0,9,1,1.69,,,,,insufficient,0,,pre_separator,7.0,-117.6543861239445,35.928706225601374
3437,-9.0,23.0,8,1,1.69,,,,,insufficient,0,,pre_separator,7.0,-117.64330517940249,35.928715909406776
3438,-8.0,23.0,4,0,,,,,,insufficient,0,,pre_separator,7.0,-117.63222423230461,35.92872457386587
3439,-7.0,23.0,2,0,,,,,,insufficient,0,,pre_separator,7.0,-117.62114328293487,35.928732218978105
3440,-6.0,23.0,2,0,,,,,,insufficient,0,,pre_separator,7.0,-117.61006233157725,35.928738844743016
3441,-5.0,23.0,2,0,,,,,,insufficient,0,,pre_separator,7.0,-117.59898137851573,35.92874445116017
3442,-4.0,23.0,2,0,,,,,,insufficient,0,,pre_separator,7.0,-117.58790042403427,35.928749038229235
3443,-3.0,23.0,2,0,,,,,,insufficient,0,,pre_separator,7.0,-117.57681946841691,35.92875260594992
3444,-2.0,23.0,0,0,,,,,,insufficient,0,,pre_separator,7.0,-117.56573851194759,35.928755154322
3445,-1.0,23.0,0,0,,,,,,insufficient,0,,pre_separator,7.0,-117.55465755491029,35.928756683345306
3446,0.0,23.0,0,0,,,,,,insufficient,0,,pre_separator,7.0,-117.54357659758901,35.928757193019756
3447,1.0,23.0,0,0,,,,,,insufficient,0,,pre_separator,7.0,-117.53249564026773,35.928756683345306
3448,2.0,23.0,0,0,,,,,,insufficient,0,,pre_separator,7.0,-117.52141468323043,35.928755154322
3449,3.0,23.0,0,0,,,,,,insufficient,0,,pre_separator,7.0,-117.5103337267611,35.92875260594992
3450,4.0,23.0,0,0,,,,,,insufficient,0,,pre_separator,7.0,-117.49925277114374,35.928749038229235
3451,5.0,23.0,0,0,,,,,,insufficient,0,,pre_separator,7.0,-117.48817181666229,35.92874445116017
3452,6.0,23.0,0,0,,,,,,insufficient,0,,pre_separator,7.0,-117.47709086360076,35.928738844743016
3453,7.0,23.0,0,0,,,,,,insufficient,0,,pre_separator,7.0,-117.46600991224315,35.928732218978105
3454,8.0,23.0,0,0,,,,,,insufficient,0,,pre_separator,7.0,-117.45492896287341,35.92872457386587
3455,9.0,23.0,0,0,,,,,,insufficient,0,,pre_separator,7.0,-117.44384801577553,35.928715909406776
3456,10.0,23.0,0,0,,,,,,insufficient,0,,pre_separator,7.0,-117.43276707123351,35.928706225601374
3457,11.0,23.0,0,0,,,,,,insufficient,0,,pre_separator,7.0,-117.42168612953132,35.92869552245028
3458,12.0,23.0,0,0,,,,,,insufficient,0,,pre_separator,7.0,-117.41060519095295,35.928683799954136
3459,13.0,23.0,0,0,,,,,,insufficient,0,,pre_separator,7.0,-117.39952425578234,35.928671058113714
3460,14.0,23.0,0,0,,,,,,insufficient,0,,pre_separator,7.0,-117.38844332430351,35.92865729692978
3461,15.0,23.0,0,0,,,,,,insufficient,0,,pre_separator,7.0,-117.37736239680044,35.9286425164032
3462,16.0,23.0,0,0,,,,,,insufficient,0,,pre_separator,7.0,-117.36628147355707,35.92862671653492
3463,17.0,23.0,0,0,,,,,,insufficient,0,,pre_separator,7.0,-117.35520055485739,35.928609897325906
3464,18.0,23.0,0,0,,,,,,insufficient,0,,pre_separator,7.0,-117.34411964098538,35.92859205877722
3465,19.0,23.0,0,0,,,,,,insufficient,0,,pre_separator,7.0,-117.33303873222502,35.92857320088998
3466,20.0,23.0,0,0,,,,,,insufficient,0,,pre_separator,7.0,-117.32195782886026,35.92855332366537
3467,21.0,23.0,0,0,,,,,,insufficient,0,,pre_separator,7.0,-117.31087693117513,35.928532427104635
3468,22.0,23.0,0,0,,,,,,insufficient,0,,pre_separator,7.0,-117.29979603945353,35.928510511209076
3469,23.0,23.0,0,0,,,,,,insufficient,0,,pre_separator,7.0,-117.28871515397944,35.92848757598007
3470,24.0,23.0,0,0,,,,,,insufficient,0,,pre_separator,7.0,-117.27763427503686,35.92846362141905
3471,25.0,23.0,0,0,,,,,,insufficient,0,,pre_separator,7.0,-117.26655340290968,35.928438647527514
3472,-30.0,24.0,0,0,,,,,,insufficient,0,,pre_separator,7.0,-117.87604170918539,35.937310841770376
3473,-29.0,24.0,0,0,,,,,,insufficient,0,,pre_separator,7.0,-117.86495961982506,35.937340917840885
3474,-28.0,24.0,0,0,,,,,,insufficient,0,,pre_separator,7.0,-117.85387752222488,35.93736997440118
3475,-27.0,24.0,0,0,,,,,,insufficient,0,,pre_separator,7.0,-117.84279541666895,35.937398011449424
3476,-26.0,24.0,0,0,,,,,,insufficient,0,,pre_separator,7.0,-117.83171330344143,35.93742502898388
3477,-25.0,24.0,0,0,,,,,,insufficient,0,,pre_separator,7.0,-117.82063118282643,35.93745102700284
3478,-24.0,24.0,0,0,,,,,,insufficient,0,,pre_separator,7.0,-117.80954905510802,35.93747600550468
3479,-23.0,24.0,0,0,,,,,,insufficient,0,,pre_separator,7.0,-117.79846692057038,35.93749996448784
3480,-22.0,24.0,1,0,,,,,,insufficient,0,,pre_separator,7.0,-117.78738477949759,35.93752290395081
3481,-21.0,24.0,1,0,,,,,,insufficient,0,,pre_separator,7.0,-117.77630263217378,35.937544823892175
3482,-20.0,24.0,3,0,,,,,,insufficient,0,,pre_separator,7.0,-117.7652204788831,35.937565724310524
3483,-19.0,24.0,3,0,,,,,,insufficient,0,,pre_separator,7.0,-117.75413831990966,35.93758560520459
3484,-18.0,24.0,4,0,,,,,,insufficient,0,,pre_separator,7.0,-117.7430561555376,35.93760446657311
3485,-17.0,24.0,6,0,,,,,,insufficient,0,,pre_separator,7.0,-117.73197398605103,35.937622308414895
3486,-16.0,24.0,7,0,,,,,,insufficient,0,,pre_separator,7.0,-117.7208918117341,35.93763913072884
3487,-15.0,24.0,9,1,1.69,,,,,insufficient,0,,pre_separator,7.0,-117.70980963287096,35.937654933513876
3488,-14.0,24.0,9,1,1.69,,,,,insufficient,0,,pre_separator,7.0,-117.6987274497457,35.93766971676902
3489,-13.0,24.0,9,1,1.69,,,,,insufficient,0,,pre_separator,7.0,-117.68764526264248,35.93768348049336
3490,-12.0,24.0,10,1,1.69,,,,,insufficient,0,,pre_separator,7.0,-117.67656307184545,35.93769622468602
3491,-11.0,24.0,10,1,1.69,,,,,insufficient,0,,pre_separator,7.0,-117.66548087763871,35.937707949346205
3492,-10.0,24.0,7,1,1.69,,,,,insufficient,0,,pre_separator,7.0,-117.65439868030641,35.93771865447317
3493,-9.0,24.0,4,0,,,,,,insufficient,0,,pre_separator,7.0,-117.64331648013274,35.93772834006627
3494,-8.0,24.0,2,0,,,,,,insufficient,0,,pre_separator,7.0,-117.63223427740176,35.93773700612487
3495,-7.0,24.0,2,0,,,,,,insufficient,0,,pre_separator,7.0,-117.62115207239765,35.93774465264846
3496,-6.0,24.0,2,0,,,,,,insufficient,0,,pre_separator,7.0,-117.61006986540455,35.93775127963653
3497,-5.0,24.0,2,0,,,,,,insufficient,0,,pre_separator,7.0,-117.59898765670661,35.937756887088675
3498,-4.0,24.0,2,0,,,,,,insufficient,0,,pre_separator,7.0,-117.58790544658794,35.93776147500454
3499,-3.0,24.0,1,0,,,,,,insufficient,0,,pre_separator,7.0,-117.5768232353327,35.937765043383855
3500,-2.0,24.0,0,0,,,,,,insufficient,0,,pre_separator,7.0,-117.56574102322504,35.93776759222637
3501,-1.0,24.0,0,0,,,,,,insufficient,0,,pre_separator,7.0,-117.5546588105491,35.93776912153194
3502,0.0,24.0,0,0,,,,,,insufficient,0,,pre_separator,7.0,-117.54357659758901,35.93776963130048
3503,1.0,24.0,0,0,,,,,,insufficient,0,,pre_separator,7.0,-117.5324943846289,35.93776912153194
3504,2.0,24.0,0,0,,,,,,insufficient,0,,pre_separator,7.0,-117.52141217195297,35.93776759222637
3505,3.0,24.0,0,0,,,,,,insufficient,0,,pre_separator,7.0,-117.51032995984532,35.937765043383855
3506,4.0,24.0,0,0,,,,,,insufficient,0,,pre_separator,7.0,-117.49924774859008,35.93776147500454
3507,5.0,24.0,0,0,,,,,,insufficient,0,,pre_separator,7.0,-117.4881655384714,35.937756887088675
3508,6.0,24.0,0,0,,,,,,insufficient,0,,pre_separator,7.0,-117.47708332977346,35.93775127963653
3509,7.0,24.0,0,0,,,,,,insufficient,0,,pre_separator,7.0,-117.46600112278036,35.93774465264846
3510,8.0,24.0,0,0,,,,,,insufficient,0,,pre_separator,7.0,-117.45491891777625,35.93773700612487
3511,9.0,24.0,0,0,,,,,,insufficient,0,,pre_separator,7.0,-117.44383671504528,35.93772834006627
3512,10.0,24.0,0,0,,,,,,insufficient,0,,pre_separator,7.0,-117.4327545148716,35.93771865447317
3513,11.0,24.0,0,0,,,,,,insufficient,0,,pre_separator,7.0,-117.42167231753929,35.937707949346205
3514,12.0,24.0,0,0,,,,,,insufficient,0,,pre_separator,7.0,-117.41059012333257,35.93769622468602
3515,13.0,24.0,0,0,,,,,,insufficient,0,,pre_separator,7.0,-117.39950793253554,35.93768348049336
3516,14.0,24.0,0,0,,,,,,insufficient,0,,pre_separator,7.0,-117.3884257454323,35.93766971676902
3517,15.0,24.0,0,0,,,,,,insufficient,0,,pre_separator,7.0,-117.37734356230706,35.937654933513876
3518,16.0,24.0,0,0,,,,,,insufficient,0,,pre_separator,7.0,-117.36626138344391,35.93763913072884
3519,17.0,24.0,0,0,,,,,,insufficient,0,,pre_separator,7.0,-117.35517920912699,35.937622308414895
3520,18.0,24.0,0,0,,,,,,insufficient,0,,pre_separator,7.0,-117.34409703964042,35.93760446657311
3521,19.0,24.0,0,0,,,,,,insufficient,0,,pre_separator,7.0,-117.33301487526836,35.93758560520459
3522,20.0,24.0,0,0,,,,,,insufficient,0,,pre_separator,7.0,-117.32193271629492,35.937565724310524
3523,21.0,24.0,0,0,,,,,,insufficient,0,,pre_separator,7.0,-117.31085056300424,35.937544823892175
3524,22.0,24.0,0,0,,,,,,insufficient,0,,pre_separator,7.0,-117.29976841568043,35.93752290395081
3525,23.0,24.0,0,0,,,,,,insufficient,0,,pre_separator,7.0,-117.28868627460764,35.93749996448784
3526,24.0,24.0,0,0,,,,,,insufficient,0,,pre_separator,7.0,-117.27760414007,35.93747600550468
3527,25.0,24.0,0,0,,,,,,insufficient,0,,pre_separator,7.0,-117.26652201235159,35.93745102700284
3528,-30.0,25.0,0,0,,,,,,insufficient,0,,pre_separator,7.0,-117.87607939165063,35.94632318178496
3529,-29.0,25.0,0,0,,,,,,insufficient,0,,pre_separator,7.0,-117.86499604625337,35.946353263408355
3530,-28.0,25.0,0,0,,,,,,insufficient,0,,pre_separator,7.0,-117.85391269261163,35.946382325333296
3531,-27.0,25.0,0,0,,,,,,insufficient,0,,pre_separator,7.0,-117.84282933100972,35.94641036755799
3532,-26.0,25.0,0,0,,,,,,insufficient,0,,pre_separator,7.0,-117.83174596173193,35.94643739008064
3533,-25.0,25.0,0,0,,,,,,insufficient,0,,pre_separator,7.0,-117.82066258506252,35.94646339289959
3534,-24.0,25.0,0,0,,,,,,insufficient,0,,pre_separator,7.0,-117.80957920128577,35.94648837601318
3535,-23.0,25.0,0,0,,,,,,insufficient,0,,pre_separator,7.0,-117.79849581068594,35.94651233941987
3536,-22.0,25.0,0,0,,,,,,insufficient,0,,pre_separator,7.0,-117.78741241354734,35.94653528311813
3537,-21.0,25.0,1,0,,,,,,insufficient,0,,pre_separator,7.0,-117.77632901015423,35.946557207106544
3538,-20.0,25.0,1,0,,,,,,insufficient,0,,pre_separator,7.0,-117.76524560079093,35.94657811138374
3539,-19.0,25.0,3,0,,,,,,insufficient,0,,pre_separator,7.0,-117.75416218574169,35.9465979959484
3540,-18.0,25.0,3,0,,,,,,insufficient,0,,pre_separator,7.0,-117.7430787652908,35.946616860799296
3541,-17.0,25.0,3,0,,,,,,insufficient,0,,pre_separator,7.0,-117.73199533972259,35.94663470593521
3542,-16.0,25.0,4,0,,,,,,insufficient,0,,pre_separator,7.0,-117.72091190932129,35.94665153135505
3543,-15.0,25.0,6,0,,,,,,insufficient,0,,pre_separator,7.0,-117.70982847437122,35.94666733705777
3544,-14.0,25.0,7,0,,,,,,insufficient,0,,pre_separator,7.0,-117.69874503515669,35.94668212304235
3545,-13.0,25.0,7,0,,,,,,insufficient,0,,pre_separator,7.0,-117.68766159196198,35.94669588930788
3546,-12.0,25.0,6,0,,,,,,insufficient,0,,pre_separator,7.0,-117.67657814507135,35.946708635853504
3547,-11.0,25.0,4,0,,,,,,insufficient,0,,pre_separator,7.0,-117.66549469476915,35.94672036267842
3548,-10.0,25.0,4,0,,,,,,insufficient,0,,pre_separator,7.0,-117.65441124133964,35.94673106978189
3549,-9.0,25.0,2,0,,,,,,insufficient,0,,pre_separator,7.0,-117.64332778506716,35.94674075716323
3550,-8.0,25.0,2,0,,,,,,insufficient,0,,pre_separator,7.0,-117.63224432623596,35.94674942482185
3551,-7.0,25.0,2,0,,,,,,insufficient,0,,pre_separator,7.0,-117.62116086513036,35.94675707275722
3552,-6.0,25.0,2,0,,,,,,insufficient,0,,pre_separator,7.0,-117.61007740203465,35.94676370096884
3553,-5.0,25.0,1,0,,,,,,insufficient,0,,pre_separator,7.0,-117.59899393723313,35.946769309456286
3554,-4.0,25.0,1,0,,,,,,insufficient,0,,pre_separator,7.0,-117.58791047101012,35.94677389821922
3555,-3.0,25.0,1,0,,,,,,insufficient,0,,pre_separator,7.0,-117.5768270036499,35.94677746725736
3556,-2.0,25.0,0,0,,,,,,insufficient,0,,pre_separator,7.0,-117.56574353543677,35.94678001657049
3557,-1.0,25.0,0,0,,,,,,insufficient,0,,pre_separator,7.0,-117.55466006665503,35.94678154615843
3558,0.0,25.0,0,0,,,,,,insufficient,0,,pre_separator,7.0,-117.54357659758901,35.94678205602108
3559,1.0,25.0,0,0,,,,,,insufficient,0,,pre_separator,7.0,-117.53249312852299,35.94678154615843
3560,2.0,25.0,0,0,,,,,,insufficient,0,,pre_separator,7.0,-117.52140965974125,35.94678001657049
3561,3.0,25.0,0,0,,,,,,insufficient,0,,pre_separator,7.0,-117.51032619152812,35.94677746725736
3562,4.0,25.0,0,0,,,,,,insufficient,0,,pre_separator,7.0,-117.4992427241679,35.94677389821922
3563,5.0,25.0,0,0,,,,,,insufficient,0,,pre_separator,7.0,-117.48815925794489,35.946769309456286
3564,6.0,25.0,0,0,,,,,,insufficient,0,,pre_separator,7.0,-117.47707579314337,35.94676370096884
3565,7.0,25.0,0,0,,,,,,insufficient,0,,pre_separator,7.0,-117.46599233004765,35.94675707275722
3566,8.0,25.0,0,0,,,,,,insufficient,0,,pre_separator,7.0,-117.45490886894206,35.94674942482185
3567,9.0,25.0,0,0,,,,,,insufficient,0,,pre_separator,7.0,-117.44382541011086,35.94674075716323
3568,10.0,25.0,0,0,,,,,,insufficient,0,,pre_separator,7.0,-117.43274195383837,35.94673106978189
3569,11.0,25.0,0,0,,,,,,insufficient,0,,pre_separator,7.0,-117.42165850040887,35.94672036267842
3570,12.0,25.0,0,0,,,,,,insufficient,0,,pre_separator,7.0,-117.41057505010667,35.946708635853504
3571,13.0,25.0,0,0,,,,,,insufficient,0,,pre_separator,7.0,-117.39949160321603,35.94669588930788
3572,14.0,25.0,0,0,,,,,,insufficient,0,,pre_separator,7.0,-117.38840816002133,35.94668212304235
3573,15.0,25.0,0,0,,,,,,insufficient,0,,pre_separator,7.0,-117.3773247208068,35.94666733705777
3574,16.0,25.0,0,0,,,,,,insufficient,0,,pre_separator,7.0,-117.36624128585673,35.94665153135505
3575,17.0,25.0,0,0,,,,,,insufficient,0,,pre_separator,7.0,-117.35515785545543,35.94663470593521
3576,18.0,25.0,0,0,,,,,,insufficient,0,,pre_separator,7.0,-117.34407442988721,35.946616860799296
3577,19.0,25.0,0,0,,,,,,insufficient,0,,pre_separator,7.0,-117.33299100943633,35.9465979959484
3578,20.0,25.0,0,0,,,,,,insufficient,0,,pre_separator,7.0,-117.32190759438708,35.94657811138374
3579,21.0,25.0,0,0,,,,,,insufficient,0,,pre_separator,7.0,-117.31082418502379,35.946557207106544
3580,22.0,25.0,0,0,,,,,,insufficient,0,,pre_separator,7.0,-117.29974078163067,35.94653528311813
3581,23.0,25.0,0,0,,,,,,insufficient,0,,pre_separator,7.0,-117.28865738449208,35.94651233941987
3582,24.0,25.0,0,0,,,,,,insufficient,0,,pre_separator,7.0,-117.27757399389225,35.94648837601318
3583,25.0,25.0,0,0,,,,,,insufficient,0,,pre_separator,7.0,-117.2664906101155,35.94646339289959
3584,-30.0,26.0,0,0,,,,,,insufficient,0,,pre_separator,7.0,-117.876117088136,35.95533550821145
3585,-29.0,26.0,0,0,,,,,,insufficient,0,,pre_separator,7.0,-117.86503248623444,35.95536559538947
3586,-28.0,26.0,0,0,,,,,,insufficient,0,,pre_separator,7.0,-117.85394787608386,35.95539466268077
3587,-27.0,26.0,0,0,,,,,,insufficient,0,,pre_separator,7.0,-117.84286325796867,35.9554227100835
3588,-26.0,26.0,0,0,,,,,,insufficient,0,,pre_separator,7.0,-117.83177863217328,35.955449737595934
3589,-25.0,26.0,0,0,,,,,,insufficient,0,,pre_separator,7.0,-117.82069399898216,35.95547574521637
3590,-24.0,26.0,0,0,,,,,,insufficient,0,,pre_separator,7.0,-117.80960935867974,35.955500732943165
3591,-23.0,26.0,0,0,,,,,,insufficient,0,,pre_separator,7.0,-117.79852471155043,35.95552470077476
3592,-22.0,26.0,0,0,,,,,,insufficient,0,,pre_separator,7.0,-117.78744005787867,35.95554764870964
3593,-21.0,26.0,0,0,,,,,,insufficient,0,,pre_separator,7.0,-117.77635539794896,35.9555695767464
3594,-20.0,26.0,1,0,,,,,,insufficient,0,,pre_separator,7.0,-117.76527073204568,35.95559048488365
3595,-19.0,26.0,1,0,,,,,,insufficient,0,,pre_separator,7.0,-117.7541860604533,35.95561037312006
3596,-18.0,26.0,3,0,,,,,,insufficient,0,,pre_separator,7.0,-117.74310138345628,35.955629241454396
3597,-17.0,26.0,3,0,,,,,,insufficient,0,,pre_separator,7.0,-117.73201670133903,35.95564708988549
3598,-16.0,26.0,3,0,,,,,,insufficient,0,,pre_separator,7.0,-117.72093201438604,35.955663918412206
3599,-15.0,26.0,3,0,,,,,,insufficient,0,,pre_separator,7.0,-117.70984732288173,35.9556797270335
3600,-14.0,26.0,4,0,,,,,,insufficient,0,,pre_separator,7.0,-117.69876262711055,35.95569451574837
3601,-13.0,26.0,4,0,,,,,,insufficient,0,,pre_separator,7.0,-117.68767792735699,35.955708284555904
3602,-12.0,26.0,3,0,,,,,,insufficient,0,,pre_separator,7.0,-117.67659322390544,35.95572103345523
3603,-11.0,26.0,3,0,,,,,,insufficient,0,,pre_separator,7.0,-117.66550851704044,35.95573276244556
3604,-10.0,26.0,1,0,,,,,,insufficient,0,,pre_separator,7.0,-117.65442380704638,35.955743471526134
3605,-9.0,26.0,1,0,,,,,,insufficient,0,,pre_separator,7.0,-117.64333909420773,35.955753160696304
3606,-8.0,26.0,1,0,,,,,,insufficient,0,,pre_separator,7.0,-117.63225437880897,35.955761829955435
3607,-7.0,26.0,1,0,,,,,,insufficient,0,,pre_separator,7.0,-117.6211696611345,35.95576947930303
3608,-6.0,26.0,1,0,,,,,,insufficient,0,,pre_separator,7.0,-117.61008494146883,35.955776108738576
3609,-5.0,26.0,1,0,,,,,,insufficient,0,,pre_separator,7.0,-117.5990002200964,35.955781718261655
3610,-4.0,26.0,1,0,,,,,,insufficient,0,,pre_separator,7.0,-117.5879154973017,35.95578630787194
3611,-3.0,26.0,0,0,,,,,,insufficient,0,,pre_separator,7.0,-117.57683077336912,35.95578987756912
3612,-2.0,26.0,0,0,,,,,,insufficient,0,,pre_separator,7.0,-117.5657460485832,35.955792427352975
3613,-1.0,26.0,0,0,,,,,,insufficient,0,,pre_separator,7.0,-117.55466132322832,35.95579395722335
3614,0.0,26.0,0,0,,,,,,insufficient,0,,pre_separator,7.0,-117.54357659758901,35.955794467180155
3615,1.0,26.0,0,0,,,,,,insufficient,0,,pre_separator,7.0,-117.5324918719497,35.95579395722335
3616,2.0,26.0,0,0,,,,,,insufficient,0,,pre_separator,7.0,-117.52140714659483,35.955792427352975
3617,3.0,26.0,0,0,,,,,,insufficient,0,,pre_separator,7.0,-117.5103224218089,35.95578987756912
3618,4.0,26.0,0,0,,,,,,insufficient,0,,pre_separator,7.0,-117.49923769787632,35.95578630787194
3619,5.0,26.0,0,0,,,,,,insufficient,0,,pre_separator,7.0,-117.48815297508162,35.955781718261655
3620,6.0,26.0,0,0,,,,,,insufficient,0,,pre_separator,7.0,-117.47706825370919,35.955776108738576
3621,7.0,26.0,0,0,,,,,,insufficient,0,,pre_separator,7.0,-117.46598353404352,35.95576947930303
3622,8.0,26.0,0,0,,,,,,insufficient,0,,pre_separator,7.0,-117.45489881636905,35.955761829955435
3623,9.0,26.0,0,0,,,,,,insufficient,0,,pre_separator,7.0,-117.44381410097029,35.955753160696304
3624,10.0,26.0,0,0,,,,,,insufficient,0,,pre_separator,7.0,-117.43272938813163,35.955743471526134
3625,11.0,26.0,0,0,,,,,,insufficient,0,,pre_separator,7.0,-117.42164467813758,35.95573276244556
3626,12.0,26.0,0,0,,,,,,insufficient,0,,pre_separator,7.0,-117.41055997127256,35.95572103345523
3627,13.0,26.0,0,0,,,,,,insufficient,0,,pre_separator,7.0,-117.39947526782103,35.955708284555904
3628,14.0,26.0,0,0,,,,,,insufficient,0,,pre_separator,7.0,-117.38839056806746,35.95569451574837
3629,15.0,26.0,0,0,,,,,,insufficient,0,,pre_separator,7.0,-117.37730587229629,35.9556797270335
3630,16.0,26.0,0,0,,,,,,insufficient,0,,pre_separator,7.0,-117.36622118079198,35.955663918412206
3631,17.0,26.0,0,0,,,,,,insufficient,0,,pre_separator,7.0,-117.35513649383898,35.95564708988549
3632,18.0,26.0,0,0,,,,,,insufficient,0,,pre_separator,7.0,-117.34405181172174,35.955629241454396
3633,19.0,26.0,0,0,,,,,,insufficient,0,,pre_separator,7.0,-117.33296713472471,35.95561037312006
3634,20.0,26.0,0,0,,,,,,insufficient,0,,pre_separator,7.0,-117.32188246313234,35.95559048488365
3635,21.0,26.0,0,0,,,,,,insufficient,0,,pre_separator,7.0,-117.31079779722906,35.9555695767464
3636,22.0,26.0,0,0,,,,,,insufficient,0,,pre_separator,7.0,-117.29971313729935,35.95554764870964
3637,23.0,26.0,0,0,,,,,,insufficient,0,,pre_separator,7.0,-117.28862848362759,35.95552470077476
3638,24.0,26.0,0,0,,,,,,insufficient,0,,pre_separator,7.0,-117.27754383649828,35.955500732943165
3639,25.0,26.0,0,0,,,,,,insufficient,0,,pre_separator,7.0,-117.26645919619585,35.95547574521637
3640,-30.0,27.0,0,0,,,,,,insufficient,0,,pre_separator,7.0,-117.87615479864805,35.96434782104849
3641,-29.0,27.0,0,0,,,,,,insufficient,0,,pre_separator,7.0,-117.86506893977473,35.96437791378289
3642,-28.0,27.0,0,0,,,,,,insufficient,0,,pre_separator,7.0,-117.85398307264776,35.9644069864422
3643,-27.0,27.0,0,0,,,,,,insufficient,0,,pre_separator,7.0,-117.84289719755171,35.96443503902463
3644,-26.0,27.0,0,0,,,,,,insufficient,0,,pre_separator,7.0,-117.83181131477124,35.964462071528395
3645,-25.0,27.0,0,0,,,,,,insufficient,0,,pre_separator,7.0,-117.82072542459086,35.96448808395182
3646,-24.0,27.0,0,0,,,,,,insufficient,0,,pre_separator,7.0,-117.8096395272952,35.964513076293265
3647,-23.0,27.0,0,0,,,,,,insufficient,0,,pre_separator,7.0,-117.79855362316886,35.96453704855116
3648,-22.0,27.0,0,0,,,,,,insufficient,0,,pre_separator,7.0,-117.78746771249645,35.964560000724006
3649,-21.0,27.0,0,0,,,,,,insufficient,0,,pre_separator,7.0,-117.77638179556251,35.964581932810354
3650,-20.0,27.0,0,0,,,,,,insufficient,0,,pre_separator,7.0,-117.76529587265173,35.96460284480885
3651,-19.0,27.0,0,0,,,,,,insufficient,0,,pre_separator,7.0,-117.75420994404868,35.96462273671816
3652,-18.0,27.0,0,0,,,,,,insufficient,0,,pre_separator,7.0,-117.74312401003792,35.964641608537065
3653,-17.0,27.0,1,0,,,,,,insufficient,0,,pre_separator,7.0,-117.73203807090412,35.96465946026436
3654,-16.0,27.0,3,0,,,,,,insufficient,0,,pre_separator,7.0,-117.72095212693188,35.964676291898925
3655,-15.0,27.0,2,0,,,,,,insufficient,0,,pre_separator,7.0,-117.70986617840575,35.96469210343971
3656,-14.0,27.0,2,0,,,,,,insufficient,0,,pre_separator,7.0,-117.6987802256104,35.96470689488574
3657,-13.0,27.0,3,0,,,,,,insufficient,0,,pre_separator,7.0,-117.68769426883043,35.96472066623607
3658,-12.0,27.0,1,0,,,,,,insufficient,0,,pre_separator,7.0,-117.67660830835042,35.96473341748983
3659,-11.0,27.0,1,0,,,,,,insufficient,0,,pre_separator,7.0,-117.66552234445503,35.96474514864623
3660,-10.0,27.0,1,0,,,,,,insufficient,0,,pre_separator,7.0,-117.65443637742881,35.96475585970454
3661,-9.0,27.0,1,0,,,,,,insufficient,0,,pre_separator,7.0,-117.64335040755645,35.96476555066409
3662,-8.0,27.0,1,0,,,,,,insufficient,0,,pre_separator,7.0,-117.63226443512254,35.96477422152426
3663,-7.0,27.0,1,0,,,,,,insufficient,0,,pre_separator,7.0,-117.62117846041167,35.96478187228451
3664,-6.0,27.0,1,0,,,,,,insufficient,0,,pre_separator,7.0,-117.61009248370847,35.96478850294438
3665,-5.0,27.0,1,0,,,,,,insufficient,0,,pre_separator,7.0,-117.59900650529755,35.964794113503416
3666,-4.0,27.0,0,0,,,,,,insufficient,0,,pre_separator,7.0,-117.58792052546357,35.96479870396128
3667,-3.0,27.0,0,0,,,,,,insufficient,0,,pre_separator,7.0,-117.57683454449108,35.96480227431771
3668,-2.0,27.0,0,0,,,,,,insufficient,0,,pre_separator,7.0,-117.56574856266475,35.96480482457247
3669,-1.0,27.0,0,0,,,,,,insufficient,0,,pre_separator,7.0,-117.55466258026921,35.96480635472537
3670,0.0,27.0,0,0,,,,,,insufficient,0,,pre_separator,7.0,-117.54357659758901,35.96480686477636
3671,1.0,27.0,0,0,,,,,,insufficient,0,,pre_separator,7.0,-117.53249061490881,35.96480635472537
3672,2.0,27.0,0,0,,,,,,insufficient,0,,pre_separator,7.0,-117.52140463251327,35.96480482457247
3673,3.0,27.0,0,0,,,,,,insufficient,0,,pre_separator,7.0,-117.51031865068694,35.96480227431771
3674,4.0,27.0,0,0,,,,,,insufficient,0,,pre_separator,7.0,-117.49923266971444,35.96479870396128
3675,5.0,27.0,0,0,,,,,,insufficient,0,,pre_separator,7.0,-117.48814668988047,35.964794113503416
3676,6.0,27.0,0,0,,,,,,insufficient,0,,pre_separator,7.0,-117.47706071146955,35.96478850294438
3677,7.0,27.0,0,0,,,,,,insufficient,0,,pre_separator,7.0,-117.46597473476635,35.96478187228451
3678,8.0,27.0,0,0,,,,,,insufficient,0,,pre_separator,7.0,-117.45488876005548,35.96477422152426
3679,9.0,27.0,0,0,,,,,,insufficient,0,,pre_separator,7.0,-117.44380278762156,35.96476555066409
3680,10.0,27.0,0,0,,,,,,insufficient,0,,pre_separator,7.0,-117.43271681774921,35.96475585970454
3681,11.0,27.0,0,0,,,,,,insufficient,0,,pre_separator,7.0,-117.42163085072299,35.96474514864623
3682,12.0,27.0,0,0,,,,,,insufficient,0,,pre_separator,7.0,-117.41054488682758,35.96473341748983
3683,13.0,27.0,0,0,,,,,,insufficient,0,,pre_separator,7.0,-117.39945892634759,35.96472066623607
3684,14.0,27.0,0,0,,,,,,insufficient,0,,pre_separator,7.0,-117.38837296956761,35.96470689488574
3685,15.0,27.0,0,0,,,,,,insufficient,0,,pre_separator,7.0,-117.37728701677227,35.96469210343971
3686,16.0,27.0,0,0,,,,,,insufficient,0,,pre_separator,7.0,-117.36620106824614,35.964676291898925
3687,17.0,27.0,0,0,,,,,,insufficient,0,,pre_separator,7.0,-117.3551151242739,35.96465946026436
3688,18.0,27.0,0,0,,,,,,insufficient,0,,pre_separator,7.0,-117.34402918514009,35.964641608537065
3689,19.0,27.0,0,0,,,,,,insufficient,0,,pre_separator,7.0,-117.33294325112934,35.96462273671816
3690,20.0,27.0,0,0,,,,,,insufficient,0,,pre_separator,7.0,-117.32185732252628,35.96460284480885
3691,21.0,27.0,0,0,,,,,,insufficient,0,,pre_separator,7.0,-117.3107713996155,35.964581932810354
3692,22.0,27.0,0,0,,,,,,insufficient,0,,pre_separator,7.0,-117.29968548268157,35.964560000724006
3693,23.0,27.0,0,0,,,,,,insufficient,0,,pre_separator,7.0,-117.28859957200916,35.96453704855116
3694,24.0,27.0,0,0,,,,,,insufficient,0,,pre_separator,7.0,-117.27751366788281,35.964513076293265
3695,25.0,27.0,0,0,,,,,,insufficient,0,,pre_separator,7.0,-117.26642777058716,35.96448808395182
3696,-30.0,28.0,0,0,,,,,,insufficient,0,,pre_separator,7.0,-117.87619252319347,35.97336012029469
3697,-29.0,28.0,0,0,,,,,,insufficient,0,,pre_separator,7.0,-117.8651054068806,35.973390218587205
3698,-28.0,28.0,0,0,,,,,,insufficient,0,,pre_separator,7.0,-117.8540182823095,35.97341929661623
3699,-27.0,28.0,0,0,,,,,,insufficient,0,,pre_separator,7.0,-117.84293114976488,35.973447354379964
3700,-26.0,28.0,0,0,,,,,,insufficient,0,,pre_separator,7.0,-117.8318440095315,35.97347439187664
3701,-25.0,28.0,0,0,,,,,,insufficient,0,,pre_separator,7.0,-117.82075686189413,35.97350040910456
3702,-24.0,28.0,0,0,,,,,,insufficient,0,,pre_separator,7.0,-117.80966970713747,35.973525406062095
3703,-23.0,28.0,0,0,,,,,,insufficient,0,,pre_separator,7.0,-117.79858254554634,35.97354938274768
3704,-22.0,28.0,0,0,,,,,,insufficient,0,,pre_separator,7.0,-117.78749537740548,35.973572339159794
3705,-21.0,28.0,0,0,,,,,,insufficient,0,,pre_separator,7.0,-117.77640820299962,35.97359427529703
3706,-20.0,28.0,0,0,,,,,,insufficient,0,,pre_separator,7.0,-117.76532102261353,35.97361519115798
3707,-19.0,28.0,0,0,,,,,,insufficient,0,,pre_separator,7.0,-117.75423383653201,35.97363508674137
3708,-18.0,28.0,0,0,,,,,,insufficient,0,,pre_separator,7.0,-117.7431466450398,35.97365396204591
3709,-17.0,28.0,0,0,,,,,,insufficient,0,,pre_separator,7.0,-117.73205944842165,35.97367181707044
3710,-16.0,28.0,0,0,,,,,,insufficient,0,,pre_separator,7.0,-117.72097224696235,35.97368865181384
3711,-15.0,28.0,0,0,,,,,,insufficient,0,,pre_separator,7.0,-117.70988504094662,35.97370446627504
3712,-14.0,28.0,0,0,,,,,,insufficient,0,,pre_separator,7.0,-117.69879783065932,35.973719260453066
3713,-13.0,28.0,0,0,,,,,,insufficient,0,,pre_separator,7.0,-117.68771061638512,35.97373303434699
3714,-12.0,28.0,1,0,,,,,,insufficient,0,,pre_separator,7.0,-117.67662339840886,35.97374578795592
3715,-11.0,28.0,1,0,,,,,,insufficient,0,,pre_separator,7.0,-117.66553617701528,35.9737575212791
3716,-10.0,28.0,1,0,,,,,,insufficient,0,,pre_separator,7.0,-117.6544489524892,35.97376823431576
3717,-9.0,28.0,1,0,,,,,,insufficient,0,,pre_separator,7.0,-117.64336172511531,35.97377792706524
3718,-8.0,28.0,1,0,,,,,,insufficient,0,,pre_separator,7.0,-117.63227449517844,35.973786599526946
3719,-7.0,28.0,1,0,,,,,,insufficient,0,,pre_separator,7.0,-117.62118726296337,35.97379425170031
3720,-6.0,28.0,1,0,,,,,,insufficient,0,,pre_separator,7.0,-117.61010002875486,35.97380088358485
3721,-5.0,28.0,0,0,,,,,,insufficient,0,,pre_separator,7.0,-117.59901279283768,35.97380649518019
3722,-4.0,28.0,0,0,,,,,,insufficient,0,,pre_separator,7.0,-117.5879255554966,35.97381108648594
3723,-3.0,28.0,0,0,,,,,,insufficient,0,,pre_separator,7.0,-117.57683831701642,35.973814657501805
3724,-2.0,28.0,0,0,,,,,,insufficient,0,,pre_separator,7.0,-117.56575107768192,35.9738172082276
3725,-1.0,28.0,0,0,,,,,,insufficient,0,,pre_separator,7.0,-117.55466383777785,35.973818738663134
3726,0.0,28.0,0,0,,,,,,insufficient,0,,pre_separator,7.0,-117.54357659758901,35.973819248808326
3727,1.0,28.0,0,0,,,,,,insufficient,0,,pre_separator,7.0,-117.53248935740017,35.973818738663134
3728,2.0,28.0,0,0,,,,,,insufficient,0,,pre_separator,7.0,-117.5214021174961,35.9738172082276
3729,3.0,28.0,0,0,,,,,,insufficient,0,,pre_separator,7.0,-117.5103148781616,35.973814657501805
3730,4.0,28.0,0,0,,,,,,insufficient,0,,pre_separator,7.0,-117.49922763968142,35.97381108648594
3731,5.0,28.0,0,0,,,,,,insufficient,0,,pre_separator,7.0,-117.48814040234033,35.97380649518019
3732,6.0,28.0,0,0,,,,,,insufficient,0,,pre_separator,7.0,-117.47705316642316,35.97380088358485
3733,7.0,28.0,0,0,,,,,,insufficient,0,,pre_separator,7.0,-117.46596593221464,35.97379425170031
3734,8.0,28.0,0,0,,,,,,insufficient,0,,pre_separator,7.0,-117.45487869999958,35.973786599526946
3735,9.0,28.0,0,0,,,,,,insufficient,0,,pre_separator,7.0,-117.4437914700627,35.97377792706524
3736,10.0,28.0,0,0,,,,,,insufficient,0,,pre_separator,7.0,-117.43270424268881,35.97376823431576
3737,11.0,28.0,0,0,,,,,,insufficient,0,,pre_separator,7.0,-117.42161701816273,35.9737575212791
3738,12.0,28.0,0,0,,,,,,insufficient,0,,pre_separator,7.0,-117.41052979676915,35.97374578795592
3739,13.0,28.0,0,0,,,,,,insufficient,0,,pre_separator,7.0,-117.3994425787929,35.97373303434699
3740,14.0,28.0,0,0,,,,,,insufficient,0,,pre_separator,7.0,-117.3883553645187,35.973719260453066
3741,15.0,28.0,0,0,,,,,,insufficient,0,,pre_separator,7.0,-117.37726815423139,35.97370446627504
3742,16.0,28.0,0,0,,,,,,insufficient,0,,pre_separator,7.0,-117.36618094821567,35.97368865181384
3743,17.0,28.0,0,0,,,,,,insufficient,0,,pre_separator,7.0,-117.35509374675637,35.97367181707044
3744,18.0,28.0,0,0,,,,,,insufficient,0,,pre_separator,7.0,-117.34400655013822,35.97365396204591
3745,19.0,28.0,0,0,,,,,,insufficient,0,,pre_separator,7.0,-117.33291935864601,35.97363508674137
3746,20.0,28.0,0,0,,,,,,insufficient,0,,pre_separator,7.0,-117.32183217256448,35.97361519115798
3747,21.0,28.0,0,0,,,,,,insufficient,0,,pre_separator,7.0,-117.3107449921784,35.97359427529703
3748,22.0,28.0,0,0,,,,,,insufficient,0,,pre_separator,7.0,-117.29965781777254,35.973572339159794
3749,23.0,28.0,0,0,,,,,,insufficient,0,,pre_separator,7.0,-117.28857064963168,35.97354938274768
3750,24.0,28.0,0,0,,,,,,insufficient,0,,pre_separator,7.0,-117.27748348804055,35.973525406062095
3751,25.0,28.0,0,0,,,,,,insufficient,0,,pre_separator,7.0,-117.2663963332839,35.97350040910456
3752,-30.0,29.0,0,0,,,,,,insufficient,0,,pre_separator,7.0,-117.87623026177883,35.98237240594868
3753,-29.0,29.0,0,0,,,,,,insufficient,0,,pre_separator,7.0,-117.86514188755848,35.98240250980104
3754,-28.0,29.0,0,0,,,,,,insufficient,0,,pre_separator,7.0,-117.85405350507529,35.98243159320147
3755,-27.0,29.0,0,0,,,,,,insufficient,0,,pre_separator,7.0,-117.8429651146141,35.982459656148144
3756,-26.0,29.0,0,0,,,,,,insufficient,0,,pre_separator,7.0,-117.83187671645987,35.9824866986393
3757,-25.0,29.0,0,0,,,,,,insufficient,0,,pre_separator,7.0,-117.8207883108975,35.982512720673206
3758,-24.0,29.0,0,0,,,,,,insufficient,0,,pre_separator,7.0,-117.80969989821187,35.98253772224828
3759,-23.0,29.0,0,0,,,,,,insufficient,0,,pre_separator,7.0,-117.79861147868796,35.98256170336295
3760,-22.0,29.0,0,0,,,,,,insufficient,0,,pre_separator,7.0,-117.78752305261065,35.982584664015704
3761,-21.0,29.0,0,0,,,,,,insufficient,0,,pre_separator,7.0,-117.77643462026485,35.98260660420505
3762,-20.0,29.0,0,0,,,,,,insufficient,0,,pre_separator,7.0,-117.76534618193551,35.98262752392969
3763,-19.0,29.0,0,0,,,,,,insufficient,0,,pre_separator,7.0,-117.75425773790754,35.98264742318828
3764,-18.0,29.0,0,0,,,,,,insufficient,0,,pre_separator,7.0,-117.74316928846582,35.98266630197956
3765,-17.0,29.0,0,0,,,,,,insufficient,0,,pre_separator,7.0,-117.73208083389534,35.98268416030236
3766,-16.0,29.0,0,0,,,,,,insufficient,0,,pre_separator,7.0,-117.72099237448099,35.98270099815556
3767,-15.0,29.0,0,0,,,,,,insufficient,0,,pre_separator,7.0,-117.70990391050769,35.98271681553811
3768,-14.0,29.0,0,0,,,,,,insufficient,0,,pre_separator,7.0,-117.69881544226038,35.982731612448994
3769,-13.0,29.0,0,0,,,,,,insufficient,0,,pre_separator,7.0,-117.68772697002402,35.9827453888873
3770,-12.0,29.0,0,0,,,,,,insufficient,0,,pre_separator,7.0,-117.67663849408346,35.98275814485216
3771,-11.0,29.0,0,0,,,,,,insufficient,0,,pre_separator,7.0,-117.66555001472372,35.98276988034277
3772,-10.0,29.0,0,0,,,,,,insufficient,0,,pre_separator,7.0,-117.65446153222969,35.98278059535841
3773,-9.0,29.0,0,0,,,,,,insufficient,0,,pre_separator,7.0,-117.6433730468863,35.982790289898404
3774,-8.0,29.0,0,0,,,,,,insufficient,0,,pre_separator,7.0,-117.63228455897847,35.98279896396212
3775,-7.0,29.0,0,0,,,,,,insufficient,0,,pre_separator,7.0,-117.62119606879118,35.98280661754904
3776,-6.0,29.0,0,0,,,,,,insufficient,0,,pre_separator,7.0,-117.61010757660932,35.98281325065868
3777,-5.0,29.0,0,0,,,,,,insufficient,0,,pre_separator,7.0,-117.59901908271786,35.98281886329061
3778,-4.0,29.0,0,0,,,,,,insufficient,0,,pre_separator,7.0,-117.5879305874017,35.98282345544448
3779,-3.0,29.0,0,0,,,,,,insufficient,0,,pre_separator,7.0,-117.57684209094582,35.98282702712002
3780,-2.0,29.0,0,0,,,,,,insufficient,0,,pre_separator,7.0,-117.56575359363511,35.982829578317
3781,-1.0,29.0,0,0,,,,,,insufficient,0,,pre_separator,7.0,-117.55466509575453,35.982831109035246
3782,0.0,29.0,0,0,,,,,,insufficient,0,,pre_separator,7.0,-117.54357659758901,35.98283161927468
3783,1.0,29.0,0,0,,,,,,insufficient,0,,pre_separator,7.0,-117.53248809942349,35.982831109035246
3784,2.0,29.0,0,0,,,,,,insufficient,0,,pre_separator,7.0,-117.52139960154291,35.982829578317
3785,3.0,29.0,0,0,,,,,,insufficient,0,,pre_separator,7.0,-117.5103111042322,35.98282702712002
3786,4.0,29.0,0,0,,,,,,insufficient,0,,pre_separator,7.0,-117.49922260777632,35.98282345544448
3787,5.0,29.0,0,0,,,,,,insufficient,0,,pre_separator,7.0,-117.48813411246016,35.98281886329061
3788,6.0,29.0,0,0,,,,,,insufficient,0,,pre_separator,7.0,-117.4770456185687,35.98281325065868
3789,7.0,29.0,0,0,,,,,,insufficient,0,,pre_separator,7.0,-117.46595712638684,35.98280661754904
3790,8.0,29.0,0,0,,,,,,insufficient,0,,pre_separator,7.0,-117.45486863619955,35.98279896396212
3791,9.0,29.0,0,0,,,,,,insufficient,0,,pre_separator,7.0,-117.44378014829172,35.982790289898404
3792,10.0,29.0,0,0,,,,,,insufficient,0,,pre_separator,7.0,-117.43269166294833,35.98278059535841
3793,11.0,29.0,0,0,,,,,,insufficient,0,,pre_separator,7.0,-117.4216031804543,35.98276988034277
3794,12.0,29.0,0,0,,,,,,insufficient,0,,pre_separator,7.0,-117.41051470109456,35.98275814485216
3795,13.0,29.0,0,0,,,,,,insufficient,0,,pre_separator,7.0,-117.399426225154,35.9827453888873
3796,14.0,29.0,0,0,,,,,,insufficient,0,,pre_separator,7.0,-117.38833775291764,35.982731612448994
3797,15.0,29.0,0,0,,,,,,insufficient,0,,pre_separator,7.0,-117.37724928467031,35.98271681553811
3798,16.0,29.0,0,0,,,,,,insufficient,0,,pre_separator,7.0,-117.36616082069703,35.98270099815556
3799,17.0,29.0,0,0,,,,,,insufficient,0,,pre_separator,7.0,-117.35507236128268,35.98268416030236
3800,18.0,29.0,0,0,,,,,,insufficient,0,,pre_separator,7.0,-117.3439839067122,35.98266630197956
3801,19.0,29.0,0,0,,,,,,insufficient,0,,pre_separator,7.0,-117.33289545727048,35.98264742318828
3802,20.0,29.0,0,0,,,,,,insufficient,0,,pre_separator,7.0,-117.3218070132425,35.98262752392969
3803,21.0,29.0,0,0,,,,,,insufficient,0,,pre_separator,7.0,-117.31071857491317,35.98260660420505
3804,22.0,29.0,0,0,,,,,,insufficient,0,,pre_separator,7.0,-117.29963014256737,35.982584664015704
3805,23.0,29.0,0,0,,,,,,insufficient,0,,pre_separator,7.0,-117.28854171649006,35.98256170336295
3806,24.0,29.0,0,0,,,,,,insufficient,0,,pre_separator,7.0,-117.27745329696614,35.98253772224828
3807,25.0,29.0,0,0,,,,,,insufficient,0,,pre_separator,7.0,-117.26636488428052,35.982512720673206
3808,-30.0,30.0,0,0,,,,,,insufficient,0,,pre_separator,7.0,-117.87626801441085,35.99138467800908
3809,-29.0,30.0,0,0,,,,,,insufficient,0,,pre_separator,7.0,-117.86517838181481,35.99141478742305
3810,-28.0,30.0,0,0,,,,,,insufficient,0,,pre_separator,7.0,-117.85408874095131,35.99144387619656
3811,-27.0,30.0,0,0,,,,,,insufficient,0,,pre_separator,7.0,-117.84299909210534,35.991471944327785
3812,-26.0,30.0,0,0,,,,,,insufficient,0,,pre_separator,7.0,-117.83190943556207,35.99149899181498
3813,-25.0,30.0,0,0,,,,,,insufficient,0,,pre_separator,7.0,-117.8208197716065,35.991525018656404
3814,-24.0,30.0,0,0,,,,,,insufficient,0,,pre_separator,7.0,-117.80973010052372,35.991550024850476
3815,-23.0,30.0,0,0,,,,,,insufficient,0,,pre_separator,7.0,-117.79864042259882,35.9915740103956
3816,-22.0,30.0,0,0,,,,,,insufficient,0,,pre_separator,7.0,-117.78755073811685,35.991596975290285
3817,-21.0,30.0,0,0,,,,,,insufficient,0,,pre_separator,7.0,-117.77646104736291,35.99161891953308
3818,-20.0,30.0,0,0,,,,,,insufficient,0,,pre_separator,7.0,-117.76537135062208,35.991639843122606
3819,-19.0,30.0,0,0,,,,,,insufficient,0,,pre_separator,7.0,-117.75428164817941,35.99165974605755
3820,-18.0,30.0,0,0,,,,,,insufficient,0,,pre_separator,7.0,-117.74319194032,35.991678628336665
3821,-17.0,30.0,0,0,,,,,,insufficient,0,,pre_separator,7.0,-117.73210222732895,35.99169648995878
3822,-16.0,30.0,0,0,,,,,,insufficient,0,,pre_separator,7.0,-117.72101250949133,35.99171333092276
3823,-15.0,30.0,0,0,,,,,,insufficient,0,,pre_separator,7.0,-117.70992278709222,35.99172915122753
3824,-14.0,30.0,0,0,,,,,,insufficient,0,,pre_separator,7.0,-117.69883306041672,35.99174395087215
3825,-13.0,30.0,0,0,,,,,,insufficient,0,,pre_separator,7.0,-117.68774332974992,35.99175772985564
3826,-12.0,30.0,0,0,,,,,,insufficient,0,,pre_separator,7.0,-117.67665359537689,35.99177048817717
3827,-11.0,30.0,0,0,,,,,,insufficient,0,,pre_separator,7.0,-117.66556385758273,35.99178222583591
3828,-10.0,30.0,0,0,,,,,,insufficient,0,,pre_separator,7.0,-117.65447411665254,35.99179294283114
3829,-9.0,30.0,0,0,,,,,,insufficient,0,,pre_separator,7.0,-117.6433843728714,35.99180263916218
3830,-8.0,30.0,0,0,,,,,,insufficient,0,,pre_separator,7.0,-117.63229462652438,35.991811314828446
3831,-7.0,30.0,0,0,,,,,,insufficient,0,,pre_separator,7.0,-117.62120487789664,35.99181896982937
3832,-6.0,30.0,0,0,,,,,,insufficient,0,,pre_separator,7.0,-117.61011512727322,35.99182560416446
3833,-5.0,30.0,0,0,,,,,,insufficient,0,,pre_separator,7.0,-117.59902537493923,35.99183121783332
3834,-4.0,30.0,0,0,,,,,,insufficient,0,,pre_separator,7.0,-117.58793562117975,35.99183581083561
3835,-3.0,30.0,0,0,,,,,,insufficient,0,,pre_separator,7.0,-117.5768458662799,35.99183938317101
3836,-2.0,30.0,0,0,,,,,,insufficient,0,,pre_separator,7.0,-117.56575611052476,35.991841934839314
3837,-1.0,30.0,0,0,,,,,,insufficient,0,,pre_separator,7.0,-117.55466635419944,35.99184346584037
3838,0.0,30.0,0,0,,,,,,insufficient,0,,pre_separator,7.0,-117.54357659758901,35.99184397617405
3839,1.0,30.0,0,0,,,,,,insufficient,0,,pre_separator,7.0,-117.53248684097858,35.99184346584037
3840,2.0,30.0,0,0,,,,,,insufficient,0,,pre_separator,7.0,-117.52139708465326,35.991841934839314
3841,3.0,30.0,0,0,,,,,,insufficient,0,,pre_separator,7.0,-117.51030732889812,35.99183938317101
3842,4.0,30.0,0,0,,,,,,insufficient,0,,pre_separator,7.0,-117.49921757399827,35.99183581083561
3843,5.0,30.0,0,0,,,,,,insufficient,0,,pre_separator,7.0,-117.48812782023879,35.99183121783332
3844,6.0,30.0,0,0,,,,,,insufficient,0,,pre_separator,7.0,-117.4770380679048,35.99182560416446
3845,7.0,30.0,0,0,,,,,,insufficient,0,,pre_separator,7.0,-117.46594831728137,35.99181896982937
3846,8.0,30.0,0,0,,,,,,insufficient,0,,pre_separator,7.0,-117.45485856865363,35.991811314828446
3847,9.0,30.0,0,0,,,,,,insufficient,0,,pre_separator,7.0,-117.44376882230662,35.99180263916218
3848,10.0,30.0,0,0,,,,,,insufficient,0,,pre_separator,7.0,-117.43267907852548,35.99179294283114
3849,11.0,30.0,0,0,,,,,,insufficient,0,,pre_separator,7.0,-117.4215893375953,35.99178222583591
3850,12.0,30.0,0,0,,,,,,insufficient,0,,pre_separator,7.0,-117.41049959980113,35.99177048817717
3851,13.0,30.0,0,0,,,,,,insufficient,0,,pre_separator,7.0,-117.3994098654281,35.99175772985564
3852,14.0,30.0,0,0,,,,,,insufficient,0,,pre_separator,7.0,-117.3883201347613,35.99174395087215
3853,15.0,30.0,0,0,,,,,,insufficient,0,,pre_separator,7.0,-117.3772304080858,35.99172915122753
3854,16.0,30.0,0,0,,,,,,insufficient,0,,pre_separator,7.0,-117.36614068568669,35.99171333092276
3855,17.0,30.0,0,0,,,,,,insufficient,0,,pre_separator,7.0,-117.35505096784907,35.99169648995878
3856,18.0,30.0,0,0,,,,,,insufficient,0,,pre_separator,7.0,-117.34396125485802,35.991678628336665
3857,19.0,30.0,0,0,,,,,,insufficient,0,,pre_separator,7.0,-117.33287154699859,35.99165974605755
3858,20.0,30.0,0,0,,,,,,insufficient,0,,pre_separator,7.0,-117.32178184455594,35.991639843122606
3859,21.0,30.0,0,0,,,,,,insufficient,0,,pre_separator,7.0,-117.3106921478151,35.99161891953308
3860,22.0,30.0,0,0,,,,,,insufficient,0,,pre_separator,7.0,-117.29960245706117,35.991596975290285
3861,23.0,30.0,0,0,,,,,,insufficient,0,,pre_separator,7.0,-117.2885127725792,35.9915740103956
3862,24.0,30.0,0,0,,,,,,insufficient,0,,pre_separator,7.0,-117.2774230946543,35.991550024850476
3863,25.0,30.0,0,0,,,,,,insufficient,0,,pre_separator,7.0,-117.26633342357152,35.991525018656404
3864,-30.0,31.0,0,0,,,,,,insufficient,0,,pre_separator,7.0,-117.87630578109614,36.000396936474516
3865,-29.0,31.0,0,0,,,,,,insufficient,0,,pre_separator,7.0,-117.865214889656,36.00042705145182
3866,-28.0,31.0,0,0,,,,,,insufficient,0,,pre_separator,7.0,-117.85412398994377,36.0004561456001
3867,-27.0,31.0,0,0,,,,,,insufficient,0,,pre_separator,7.0,-117.84303308224465,36.00048421891751
3868,-26.0,31.0,0,0,,,,,,insufficient,0,,pre_separator,7.0,-117.83194216684387,36.00051127140232
3869,-25.0,31.0,0,0,,,,,,insufficient,0,,pre_separator,7.0,-117.82085124402668,36.00053730305277
3870,-24.0,31.0,0,0,,,,,,insufficient,0,,pre_separator,7.0,-117.80976031407832,36.00056231386729
3871,-23.0,31.0,0,0,,,,,,insufficient,0,,pre_separator,7.0,-117.79866937728399,36.000586303844266
3872,-22.0,31.0,0,0,,,,,,insufficient,0,,pre_separator,7.0,-117.78757843392894,36.000609272982224
3873,-21.0,31.0,0,0,,,,,,insufficient,0,,pre_separator,7.0,-117.77648748429843,36.00063122127971
3874,-20.0,31.0,0,0,,,,,,insufficient,0,,pre_separator,7.0,-117.76539652867764,36.00065214873534
3875,-19.0,31.0,0,0,,,,,,insufficient,0,,pre_separator,7.0,-117.75430556735188,36.000672055347806
3876,-18.0,31.0,0,0,,,,,,insufficient,0,,pre_separator,7.0,-117.74321460060635,36.000690941115856
3877,-17.0,31.0,0,0,,,,,,insufficient,0,,pre_separator,7.0,-117.73212362872627,36.000708806038304
3878,-16.0,31.0,0,0,,,,,,insufficient,0,,pre_separator,7.0,-117.72103265199695,36.00072565011404
3879,-15.0,31.0,0,0,,,,,,insufficient,0,,pre_separator,7.0,-117.70994167070359,36.00074147334199
3880,-14.0,31.0,0,0,,,,,,insufficient,0,,pre_separator,7.0,-117.69885068513145,36.00075627572117
3881,-13.0,31.0,0,0,,,,,,insufficient,0,,pre_separator,7.0,-117.68775969556573,36.000770057250655
3882,-12.0,31.0,0,0,,,,,,insufficient,0,,pre_separator,7.0,-117.67666870229178,36.000782817929576
3883,-11.0,31.0,0,0,,,,,,insufficient,0,,pre_separator,7.0,-117.66557770559476,36.000794557757125
3884,-10.0,31.0,0,0,,,,,,insufficient,0,,pre_separator,7.0,-117.65448670575994,36.00080527673257
3885,-9.0,31.0,0,0,,,,,,insufficient,0,,pre_separator,7.0,-117.6433957030726,36.000814974855246
3886,-8.0,31.0,0,0,,,,,,insufficient,0,,pre_separator,7.0,-117.63230469781796,36.00082365212453
3887,-7.0,31.0,0,0,,,,,,insufficient,0,,pre_separator,7.0,-117.62121369028131,36.000831308539894
3888,-6.0,31.0,0,0,,,,,,insufficient,0,,pre_separator,7.0,-117.61012268074786,36.000837944100844
3889,-5.0,31.0,0,0,,,,,,insufficient,0,,pre_separator,7.0,-117.59903166950289,36.00084355880697
3890,-4.0,31.0,0,0,,,,,,insufficient,0,,pre_separator,7.0,-117.58794065683165,36.00084815265793
3891,-3.0,31.0,0,0,,,,,,insufficient,0,,pre_separator,7.0,-117.57684964301937,36.00085172565339
3892,-2.0,31.0,0,0,,,,,,insufficient,0,,pre_separator,7.0,-117.56575862835133,36.000854277793174
3893,-1.0,31.0,0,0,,,,,,insufficient,0,,pre_separator,7.0,-117.5546676131128,36.000855809077116
3894,0.0,31.0,0,0,,,,,,insufficient,0,,pre_separator,7.0,-117.54357659758901,36.000856319505104
3895,1.0,31.0,0,0,,,,,,insufficient,0,,pre_separator,7.0,-117.53248558206522,36.000855809077116
3896,2.0,31.0,0,0,,,,,,insufficient,0,,pre_separator,7.0,-117.52139456682669,36.000854277793174
3897,3.0,31.0,0,0,,,,,,insufficient,0,,pre_separator,7.0,-117.51030355215863,36.00085172565339
3898,4.0,31.0,0,0,,,,,,insufficient,0,,pre_separator,7.0,-117.49921253834637,36.00084815265793
3899,5.0,31.0,0,0,,,,,,insufficient,0,,pre_separator,7.0,-117.48812152567513,36.00084355880697
3900,6.0,31.0,0,0,,,,,,insufficient,0,,pre_separator,7.0,-117.47703051443014,36.000837944100844
3901,7.0,31.0,0,0,,,,,,insufficient,0,,pre_separator,7.0,-117.46593950489671,36.000831308539894
3902,8.0,31.0,0,0,,,,,,insufficient,0,,pre_separator,7.0,-117.45484849736006,36.00082365212453
3903,9.0,31.0,0,0,,,,,,insufficient,0,,pre_separator,7.0,-117.44375749210542,36.000814974855246
3904,10.0,31.0,0,0,,,,,,insufficient,0,,pre_separator,7.0,-117.43266648941808,36.00080527673257
3905,11.0,31.0,0,0,,,,,,insufficient,0,,pre_separator,7.0,-117.42157548958326,36.000794557757125
3906,12.0,31.0,0,0,,,,,,insufficient,0,,pre_separator,7.0,-117.41048449288624,36.000782817929576
3907,13.0,31.0,0,0,,,,,,insufficient,0,,pre_separator,7.0,-117.39939349961229,36.000770057250655
3908,14.0,31.0,0,0,,,,,,insufficient,0,,pre_separator,7.0,-117.38830251004657,36.00075627572117
3909,15.0,31.0,0,0,,,,,,insufficient,0,,pre_separator,7.0,-117.37721152447442,36.00074147334199
3910,16.0,31.0,0,0,,,,,,insufficient,0,,pre_separator,7.0,-117.36612054318105,36.00072565011404
3911,17.0,31.0,0,0,,,,,,insufficient,0,,pre_separator,7.0,-117.35502956645175,36.000708806038304
3912,18.0,31.0,0,0,,,,,,insufficient,0,,pre_separator,7.0,-117.34393859457167,36.000690941115856
3913,19.0,31.0,0,0,,,,,,insufficient,0,,pre_separator,7.0,-117.33284762782614,36.000672055347806
3914,20.0,31.0,0,0,,,,,,insufficient,0,,pre_separator,7.0,-117.32175666650038,36.00065214873534
3915,21.0,31.0,0,0,,,,,,insufficient,0,,pre_separator,7.0,-117.31066571087958,36.00063122127971
3916,22.0,31.0,0,0,,,,,,insufficient,0,,pre_separator,7.0,-117.29957476124908,36.000609272982224
3917,23.0,31.0,0,0,,,,,,insufficient,0,,pre_separator,7.0,-117.28848381789403,36.000586303844266
3918,24.0,31.0,0,0,,,,,,insufficient,0,,pre_separator,7.0,-117.2773928810997,36.00056231386729
3919,25.0,31.0,0,0,,,,,,insufficient,0,,pre_separator,7.0,-117.26630195115133,36.00053730305277
