node_id,x_km,y_km,n_total,n_ge_mc,mean_mag_ge_mc,b_value,b_boot_mean,b_boot_std,b_ci_low,b_ci_high,reliability_class,valid_flag,window_name,radius_km,longitude,latitude,is_low_abs,is_low_q20,dist_to_mw71_km,dist_to_mw64_km
1144,-6.0,-18.0,545,157,2.004331210191083,0.8526759664704624,0.8555806964990369,0.07496544681790665,0.7171984279723363,1.0150700875272765,robust,1.0,full_interevent,5.0,-117.60975584163191,35.559217354991056,True,False,24.126720374812447,19.206581375276702
1145,-5.0,-18.0,572,165,1.9986666666666666,0.8622656821374954,0.867039564272797,0.07606788378986827,0.7288028691646943,1.0367310340108702,robust,1.0,full_interevent,5.0,-117.59872597016918,35.559222919251326,True,False,24.08341384469115,18.678999050915483
1146,-4.0,-18.0,588,168,1.9994642857142855,0.8609023358082164,0.8657992968666163,0.06975846546381366,0.7345425004968499,1.0226851911651351,robust,1.0,full_interevent,5.0,-117.5876960973186,35.55922747182838,True,False,24.0815906614354,18.191130887415362
1147,-3.0,-18.0,524,155,2.027161290322581,0.8160955894405525,0.821114670887255,0.06722136410315421,0.6966611772875414,0.9591958842892329,robust,1.0,full_interevent,5.0,-117.57666622335772,35.55923101272192,True,False,24.121260231488815,17.74625257292516
1148,-2.0,-18.0,335,96,2.0796875,0.7427805142118685,0.7550669829200617,0.08092906781798373,0.6142306670146355,0.924169624064525,moderately_uncertain,1.0,full_interevent,5.0,-117.5656363485641,35.559233541931754,True,False,24.202218524868233,17.347671826531325
1149,-1.0,-18.0,205,54,2.0649999999999995,0.7619201436899161,0.7791530350787537,0.1137291383523799,0.5804207967395734,1.0187620340041532,moderately_uncertain,1.0,full_interevent,5.0,-117.55460647321536,35.55923505945772,True,False,24.32405327850904,16.998645687818907
1199,-7.0,-17.0,575,165,1.9991515151515151,0.8614364310156465,0.8621527069447136,0.0746767539339195,0.7263299715737347,1.0137199830835328,robust,1.0,full_interevent,5.0,-117.62079436814302,35.5682237675478,True,False,23.217060694691487,18.96596413163667
1200,-6.0,-17.0,647,184,1.9895108695652173,0.8782304063105655,0.8820922200301613,0.07340345520137052,0.7448714851514524,1.0403891038356254,robust,1.0,full_interevent,5.0,-117.60976326167435,35.56823034469854,True,False,23.12885846018475,18.37716063110688
1201,-5.0,-17.0,677,198,1.9816161616161616,0.8924785409117163,0.8970680331125039,0.06833645399061229,0.7716910929640853,1.041328919644359,robust,1.0,full_interevent,5.0,-117.59873215353933,35.568235909980615,True,False,23.083679950162427,17.82504615086537
1202,-4.0,-17.0,689,204,2.0043627450980392,0.852623176867129,0.8591200817082377,0.06485924939473035,0.7384084316978838,0.9959625065227876,robust,1.0,full_interevent,5.0,-117.58770104401563,35.56824046339369,True,False,23.081777800069954,17.3131310772909
1203,-3.0,-17.0,651,197,2.0128426395939085,0.8386611080227478,0.848644458191373,0.06539265202206322,0.7327515890757383,0.9864847259274673,robust,1.0,full_interevent,5.0,-117.57666993338103,35.5682440049375,True,False,23.12316268986735,16.84508073944532
1204,-2.0,-17.0,509,151,2.0611258278145694,0.7671341962612276,0.7723520903154152,0.06631509699401128,0.6530642050649988,0.9193288847411942,robust,1.0,full_interevent,5.0,-117.56563882191324,35.568246534611795,True,False,23.2076030462507,16.424645583311907
1205,-1.0,-17.0,340,110,2.101181818181818,0.7164426066190421,0.7187257988124397,0.07449900260518831,0.5851520176040486,0.8711885334127056,robust,1.0,full_interevent,5.0,-117.55460770988999,35.568248052416436,True,False,23.334631463183985,16.05556663454713
1206,0.0,-17.0,111,42,2.263571428571429,0.5650671697625952,0.5786137966296117,0.0911395579425582,0.4231973595471363,0.7910670043166248,exploratory,1.0,full_interevent,5.0,-117.54357659758901,35.56824855835132,True,True,23.5035574305867,15.741456647189892
1254,-8.0,-16.0,588,165,1.9893333333333334,0.8785458163922827,0.8839250771477215,0.07725127510017056,0.7451471477288787,1.0356289834063759,robust,1.0,full_interevent,5.0,-117.63183536971746,35.57722915213058,True,False,22.359901130317784,18.828776454138804
1255,-7.0,-16.0,677,191,1.979738219895288,0.8959361240321985,0.9040482548643054,0.07571461745837925,0.7720722196424264,1.0613255586079693,robust,1.0,full_interevent,5.0,-117.62080302806436,35.577236742543384,True,False,22.223351793279466,18.180623206559986
1256,-6.0,-16.0,730,217,2.0067281105990786,0.8486820890000053,0.8524642882231835,0.05973594817819401,0.74314948682433,0.9797732251555407,robust,1.0,full_interevent,5.0,-117.60977068446607,35.5772433209021,True,False,22.131189559039274,17.56551444159502
1257,-5.0,-16.0,756,225,2.0040444444444443,0.853156314037034,0.8609831276820623,0.062428012217679,0.7548527894738816,0.9923039916023418,robust,1.0,full_interevent,5.0,-117.5987383392005,35.577248887206316,True,False,22.083970151863554,16.98704020766593
1258,-4.0,-16.0,772,233,2.0081974248927037,0.8462522624583542,0.8507454847430471,0.06363314391917067,0.740365894258383,0.9902932346560978,robust,1.0,full_interevent,5.0,-117.5877059925455,35.5772534414557,True,False,22.081981886566965,16.44906600496924
1259,-3.0,-16.0,735,220,2.009454545454545,0.8441843613599178,0.8512386869642213,0.06106463235730012,0.7427848495864704,0.9824643547631008,robust,1.0,full_interevent,5.0,-117.57667364477898,35.577256983649946,True,False,22.125236957125296,15.955688949550577
1260,-2.0,-16.0,624,188,2.042446808510638,0.7933090030879458,0.798329427739777,0.06632921403396187,0.6854503631283002,0.9463053401440069,robust,1.0,full_interevent,5.0,-117.56564129617878,35.577259513788846,True,False,22.213471065531703,15.511165245518665
1261,-1.0,-16.0,480,151,2.067218543046357,0.758966110380083,0.7629767427089426,0.0677059440180175,0.6344773745769401,0.9024032424620575,robust,1.0,full_interevent,5.0,-117.55460894702284,35.577261031872254,True,False,22.346151416955124,15.119804386722793
1262,0.0,-16.0,222,86,2.1780232558139536,0.6358414273694186,0.6395928698973712,0.07334493140841984,0.5095736165311512,0.7949100442695876,moderately_uncertain,1.0,full_interevent,5.0,-117.54357659758901,35.577261537900064,True,True,22.522492524579885,14.785828421557499
1310,-8.0,-15.0,674,190,1.9823684210526316,0.8911009887863699,0.8971411552491805,0.07194139228756112,0.7707719638066929,1.059734371471218,robust,1.0,full_interevent,5.0,-117.63184527043471,35.5862421122262,True,False,21.37312883469465,18.092818671956852
1311,-7.0,-15.0,747,220,1.9971363636363637,0.8648935097195201,0.8681765591605378,0.059211391173116384,0.7636386602546074,0.9869187012269718,robust,1.0,full_interevent,5.0,-117.62081169119465,35.58624970403326,True,False,21.230233690534995,17.41729958734379
1312,-6.0,-15.0,792,237,2.0047257383966244,0.852015994462735,0.8522588104849894,0.060346998697393225,0.7504584490138548,0.9891606383455551,robust,1.0,full_interevent,5.0,-117.60977811000834,35.58625628360032,True,False,21.133741006385936,16.774223151438697
1313,-5.0,-15.0,831,250,2.00168,0.8571376053983815,0.8603321164930392,0.059278810381549855,0.7571910208230211,0.9872872715623722,robust,1.0,full_interevent,5.0,-117.5987445271538,35.586261850926995,True,False,21.084287877357152,16.167461141231723
1314,-4.0,-15.0,845,258,2.0031007751937984,0.8547408370664352,0.8555530779505216,0.057386691343485785,0.7550804240639404,0.9725484571858143,robust,1.0,full_interevent,5.0,-117.58771094290907,35.586266406012925,True,False,21.082205332116967,15.60125114124548
1315,-3.0,-15.0,783,240,2.0140416666666665,0.8367237349023077,0.8397869995640285,0.05805387898742053,0.7268426085161895,0.9576395883693862,robust,1.0,full_interevent,5.0,-117.57667735755219,35.58626994885783,True,False,21.12750737867135,15.080161623510177
1316,-2.0,-15.0,691,212,2.0373584905660374,0.800751697369016,0.8029718617647682,0.059788682443528,0.6959758978203678,0.9227576680606085,robust,1.0,full_interevent,5.0,-117.56564377136118,35.586272479461485,True,False,21.219890537090045,14.6090215966082
1317,-1.0,-15.0,532,172,2.0729651162790694,0.7514198862021865,0.756708928251694,0.06127208929502629,0.6412181592795256,0.8985010911327587,robust,1.0,full_interevent,5.0,-117.55461018461412,35.586273997823746,True,False,21.358743895097273,14.192806256309586
1318,0.0,-15.0,366,131,2.094198473282443,0.7247923705882663,0.7324236748714095,0.06428611047451037,0.6223348405276582,0.8781979462318751,robust,1.0,full_interevent,5.0,-117.54357659758901,35.5862745039445,True,False,21.54316892071884,13.836473063903108
1319,1.0,-15.0,124,53,2.1103773584905663,0.7057368554613624,0.7220035538069055,0.10704942024403821,0.5438075254275352,0.9673199696070041,moderately_uncertain,1.0,full_interevent,5.0,-117.53254301056388,35.586273997823746,True,False,21.77200756744535,13.54474895548426
1366,-8.0,-14.0,740,213,1.9994835680751173,0.860869430416385,0.868125510192752,0.06529024811343408,0.7514254255514302,1.0020776734172507,robust,1.0,full_interevent,5.0,-117.63185517482104,35.59525505881425,True,False,20.38764561717035,17.38324918514054
1367,-7.0,-14.0,806,246,2.0151626016260162,0.8349206201015938,0.8415759775414624,0.057179739650906725,0.7296287959362822,0.9605909342311578,robust,1.0,full_interevent,5.0,-117.62082035753538,35.595262652016,True,False,20.237793362459175,16.679016447370778
1368,-6.0,-14.0,853,262,2.0196946564885496,0.8277089856597947,0.8322796639154123,0.056850352572255396,0.7364969272541015,0.9504130982534548,robust,1.0,full_interevent,5.0,-117.60978553830242,35.59526923279179,True,False,20.136545546639027,16.006305853339196
1369,-5.0,-14.0,910,284,2.0126056338028167,0.8390451215001604,0.8423240399643055,0.054722689268683726,0.7430456889791164,0.9678726208363441,robust,1.0,full_interevent,5.0,-117.59875071740028,35.59527480114124,True,False,20.08463723650839,15.369257122242974
1370,-4.0,-14.0,916,290,2.0228620689655172,0.8227423553171089,0.8253617193721898,0.05064627652723617,0.7301254014660841,0.9258359661587148,robust,1.0,full_interevent,5.0,-117.58771589510718,35.59527935706397,True,False,20.082451028009768,14.772484622046223
1371,-3.0,-14.0,855,268,2.031194029850746,0.8099576976344575,0.8124138645865331,0.0530696612170146,0.7177956379514093,0.9195774761007465,robust,1.0,full_interevent,5.0,-117.5766810717013,35.59528290055973,True,False,20.130003121278495,14.221059711834693
1372,-2.0,-14.0,745,241,2.045560165975104,0.7888229275252188,0.7946609934502913,0.053364028382050455,0.69781975168992,0.9115966566971533,robust,1.0,full_interevent,5.0,-117.56564624746086,35.595285431628284,True,False,20.226942725803948,13.720451040200665
1373,-1.0,-14.0,630,216,2.077453703703703,0.745629187593216,0.7503274376401196,0.05108383088296103,0.6598734390201351,0.8544020127144905,robust,1.0,full_interevent,5.0,-117.55461142266404,35.595286950269475,True,False,20.372564845969308,13.276408180133632
1374,0.0,-14.0,520,189,2.085238095238095,0.7357954110502856,0.7377919233990546,0.05407797175699561,0.6314398862089252,0.8534647052522817,robust,1.0,full_interevent,5.0,-117.54357659758901,35.59528745648322,True,False,20.565835377477274,12.89477613549359
1375,1.0,-14.0,292,111,2.0816216216216215,0.7403315286993929,0.74635657923759,0.07163661816837359,0.6254435976060548,0.9035083401979378,robust,1.0,full_interevent,5.0,-117.53254177251398,35.595286950269475,True,False,20.80542648310212,12.581235591287156
1422,-8.0,-13.0,724,214,2.009392523364486,0.8442861475953477,0.8551521897081015,0.06418203535229156,0.7374736739494197,1.0014721542625065,robust,1.0,full_interevent,5.0,-117.63186508287819,35.6042679918933,True,False,19.40364788997664,16.703431293272292
1423,-7.0,-13.0,834,257,2.013735408560311,0.8372177313065731,0.8398227460803493,0.05593437564889721,0.739968505766172,0.9529104273700546,robust,1.0,full_interevent,5.0,-117.6208290270881,35.604275586490175,True,False,19.246135659099625,15.969247145311632
1424,-6.0,-13.0,911,286,2.018111888111888,0.8302133669161827,0.8311909105687255,0.05003061204740072,0.7423342281853961,0.9319917190414563,robust,1.0,full_interevent,5.0,-117.60979296934961,35.60428216847508,True,False,19.139642739057003,15.265290426553287
1425,-5.0,-13.0,924,293,2.0230034129692833,0.8225221110995299,0.8229421854581869,0.04818810757711884,0.7333696406147053,0.9211828081188246,robust,1.0,full_interevent,5.0,-117.59875690994103,35.60428773784761,True,False,19.08502320011712,14.595935366601044
1426,-4.0,-13.0,898,279,2.0261648745519714,0.8176265086609349,0.8240111646325955,0.05539328848563104,0.7282430659212781,0.941853526169365,robust,1.0,full_interevent,5.0,-117.58772084914071,35.60429229460743,True,False,19.0827224713687,13.966157905629265
1427,-3.0,-13.0,828,270,2.0766666666666667,0.7466380777706335,0.7492880074285077,0.04552708189185225,0.6653875740458957,0.840128874758333,robust,1.0,full_interevent,5.0,-117.57668478722698,35.60429583875424,True,False,19.13275942695019,13.381547147618864
1428,-2.0,-13.0,783,271,2.082583025830258,0.7391201971663347,0.7434916400357872,0.04730635801340465,0.6581902453441161,0.8329141757304926,robust,1.0,full_interevent,5.0,-117.56564872447825,35.60429837028784,True,False,19.234725619561686,12.848269980153837
1429,-1.0,-13.0,760,265,2.083207547169811,0.7383354463792255,0.7416078570347828,0.04441802953903653,0.6584739403065016,0.8375385582291871,robust,1.0,full_interevent,5.0,-117.5546126611728,35.60429988920806,True,False,19.38780173279307,12.372965647002257
1430,0.0,-13.0,656,244,2.059098360655738,0.7698914093606032,0.7766114424694778,0.04916167445192514,0.687713374078166,0.8735890769511286,robust,1.0,full_interevent,5.0,-117.54357659758901,35.60430039551482,True,False,19.590789733963387,11.962546397856675
1431,1.0,-13.0,434,159,2.0523270440251573,0.7792453040976925,0.7883651844023277,0.06735810992349582,0.6580286854920532,0.9322204826342717,robust,1.0,full_interevent,5.0,-117.53254053400522,35.60429988920806,True,False,19.842157865782553,11.62388720436711
1432,2.0,-13.0,263,99,2.058181818181818,0.7711443585045634,0.7795851109444855,0.08341231457103725,0.6321148384805949,0.9553739768102503,moderately_uncertain,1.0,full_interevent,5.0,-117.52150447069977,35.60429837028784,True,False,20.14009471529138,11.363405790467272
1433,3.0,-13.0,115,38,2.0578947368421048,0.7715376490099852,0.7929112470632221,0.12330601608215352,0.5894689934839535,1.048906450643733,exploratory,1.0,full_interevent,5.0,-117.51046840795104,35.60429583875424,True,False,20.48256823523796,11.186564645940274
1477,-9.0,-12.0,375,111,2.015405405405405,0.834531074028581,0.8446072137470867,0.08792990390334936,0.691449438457738,1.0414460469283517,robust,1.0,full_interevent,5.0,-117.64291228713343,35.613272302671966,True,False,18.639603608843004,16.846947625207093
1478,-8.0,-12.0,618,200,2.0477499999999997,0.7856978415255577,0.7907246214501169,0.06156913876152871,0.6782916085865763,0.9186703660371685,robust,1.0,full_interevent,5.0,-117.63187499460788,35.61328091146195,True,False,18.42137370190031,16.057144257477628
1479,-7.0,-12.0,732,234,2.0418376068376065,0.7941927849746873,0.7985109005288691,0.054945376925007894,0.702466082682169,0.9239453516735675,robust,1.0,full_interevent,5.0,-117.6208376998543,35.613288507454385,True,False,18.255388120643605,15.291962566146388
1480,-6.0,-12.0,779,251,2.0507569721115537,0.7814467540608353,0.7857892808171598,0.0498458407320342,0.6960201418824687,0.8873759716573265,robust,1.0,full_interevent,5.0,-117.60980040315123,35.61329509064877,True,False,18.143080824534927,14.555286206165722
1481,-5.0,-12.0,804,258,2.041434108527132,0.7947792334447364,0.7957153888400788,0.0505394174136306,0.6998559055066365,0.9006561097161377,robust,1.0,full_interevent,5.0,-117.59876310477712,35.613300661044704,True,False,18.085451837758388,13.851663942009777
1482,-4.0,-12.0,819,271,2.0754243542435424,0.7482361460680965,0.7543173006978307,0.04650582477009836,0.66481195155608,0.8514492357516483,robust,1.0,full_interevent,5.0,-117.5877258050105,35.61330521864185,True,False,18.083023932576918,13.186388109764916
1483,-3.0,-12.0,834,279,2.0792831541218635,0.7432945462135836,0.7459853281523585,0.044228637296231374,0.6619126413863237,0.8368156385151831,robust,1.0,full_interevent,5.0,-117.57668850412988,35.61330876343993,True,False,18.135819278886213,12.565550875322788
1484,-2.0,-12.0,843,290,2.076068965517241,0.7474060871873662,0.748025818040323,0.04548338167749035,0.6670987061148681,0.8390490357147274,robust,1.0,full_interevent,5.0,-117.56565120241378,35.61331129543871,True,False,18.24335844318946,11.996053776942691
1485,-1.0,-12.0,830,292,2.0801712328767126,0.7421664933326475,0.7448141889451649,0.04377957656888102,0.6673377212340456,0.8390223612745239,robust,1.0,full_interevent,5.0,-117.55461390014062,35.61331281463804,True,False,18.404681840688347,11.485536279959971
1486,0.0,-12.0,719,273,2.07,0.7552947511360903,0.7580942386261165,0.04413398281064977,0.6821233393812661,0.8430909215263231,robust,1.0,full_interevent,5.0,-117.54357659758901,35.613313321037836,True,False,18.618391445751556,11.042181897489845
1487,1.0,-12.0,561,209,2.065023923444976,0.7618881665151268,0.7704043550882493,0.054764201309803334,0.6723577836655706,0.8760730301158547,robust,1.0,full_interevent,5.0,-117.5325392950374,35.61331281463804,True,False,18.882708661564052,10.674362673069908
1488,2.0,-12.0,438,173,2.0908092485549137,0.7289153079724716,0.7305728451002411,0.05198972636814779,0.631637697317419,0.827600223753917,robust,1.0,full_interevent,5.0,-117.52150199276424,35.61331129543871,True,False,19.19554304435739,10.390103748048134
1489,3.0,-12.0,325,123,2.106910569105691,0.7097352192134454,0.7201494119386523,0.06626492817738323,0.607527605746009,0.8614111011780848,robust,1.0,full_interevent,5.0,-117.51046469104814,35.61330876343993,True,False,19.55456619662141,10.196396094413926
1490,4.0,-12.0,165,56,2.1235714285714287,0.6909230393915369,0.6988406504716044,0.09049917530331433,0.5483402563176124,0.903276421254584,moderately_uncertain,1.0,full_interevent,5.0,-117.49942739016751,35.61330521864185,True,False,19.957285524547668,10.098451897848268
1533,-9.0,-11.0,221,65,2.020923076923077,0.825775671309386,0.8395186724004293,0.10403174444648476,0.656785764637528,1.0602694997432456,moderately_uncertain,1.0,full_interevent,5.0,-117.64292344195893,35.62228520714665,True,False,17.67145382592113,16.267971877983122
1534,-8.0,-11.0,454,133,2.0490225563909776,0.7838931409802873,0.7901278638801826,0.06704536072235341,0.6748710940900143,0.9285056426622394,robust,1.0,full_interevent,5.0,-117.6318849100118,35.62229381751877,True,False,17.441114261764753,15.448596908516496
1535,-7.0,-11.0,634,210,2.0796666666666668,0.7428069815905104,0.7479643717568792,0.05289132587535605,0.6467072288311488,0.8490848633657421,robust,1.0,full_interevent,5.0,-117.62084637583546,35.622301414907184,True,False,17.265707430111433,14.651668296163448
1536,-6.0,-11.0,692,234,2.069358974358974,0.7561377140279832,0.7649998042300707,0.050446039933237055,0.6739192948974401,0.8650932391324593,robust,1.0,full_interevent,5.0,-117.60980783970851,35.62230799931144,True,False,17.146919240273935,13.881052599849077
1537,-5.0,-11.0,750,249,2.0717670682730924,0.7529807192417901,0.7564599836221584,0.04815355821592552,0.674500707899016,0.8537960736135558,robust,1.0,full_interevent,5.0,-117.5987693019096,35.6223135707311,True,False,17.08593063905937,13.14137963452668
1538,-4.0,-11.0,819,281,2.072811387900356,0.7516198036203229,0.7552112470305983,0.04609694493835136,0.6723826195520236,0.8510709853234161,robust,1.0,full_interevent,5.0,-117.58773076271744,35.62231812916584,True,False,17.083360681464846,12.438170931359977
1539,-3.0,-11.0,874,304,2.0779605263157896,0.7449809417593303,0.7474086276870453,0.04183504049993327,0.6735482324133769,0.8375199961853108,robust,1.0,full_interevent,5.0,-117.57669222241063,35.62232167461539,True,False,17.139235646413475,11.777959650835284
1540,-2.0,-11.0,898,319,2.0870846394984324,0.733500673604963,0.7366200241158418,0.042753628082312096,0.6578689114841693,0.827974120278602,robust,1.0,full_interevent,5.0,-117.56565368126785,35.6223242070795,True,False,17.25298770977252,11.168373693411217
1541,-1.0,-11.0,903,336,2.0833333333333335,0.738177589637255,0.7413499582882374,0.04287207485959659,0.6631675424507617,0.8344999467240475,robust,1.0,full_interevent,5.0,-117.55461513956774,35.62232572655803,True,False,17.4234833280786,10.618135823893732
1542,0.0,-11.0,855,320,2.0748124999999997,0.7490257314274046,0.7504738929142492,0.040885350595912265,0.6763808323042885,0.8397552014651005,robust,1.0,full_interevent,5.0,-117.54357659758901,35.622326233050885,True,False,17.649078096436206,10.136915003768708
1543,1.0,-11.0,752,295,2.075627118644068,0.7479748498786192,0.7494285699249381,0.04148959422785638,0.669187222013759,0.8394858718242083,robust,1.0,full_interevent,5.0,-117.53253805561027,35.62232572655803,True,False,17.92769209977613,9.734951628673194
1544,2.0,-11.0,647,262,2.1024045801526716,0.7150003409491769,0.7179990542123744,0.04471636949791318,0.6376590710822295,0.8145873353116532,robust,1.0,full_interevent,5.0,-117.52149951391017,35.6223242070795,True,False,18.25689815917936,9.42239463361531
1545,3.0,-11.0,570,236,2.106949152542373,0.7096904703584502,0.7139061657775556,0.04700253713924068,0.6296791152767794,0.8140176935491188,robust,1.0,full_interevent,5.0,-117.51046097276739,35.62232167461539,True,False,18.63401504681474,9.208352624142838
1546,4.0,-11.0,454,186,2.1248924731182797,0.6894739982417619,0.6933648682165394,0.04732242360826028,0.6056131067745312,0.787215910303955,robust,1.0,full_interevent,5.0,-117.49942243246058,35.62231812916584,True,False,19.056198548902387,9.099779968193408
1547,5.0,-11.0,212,80,2.0747500000000003,0.7491064802125944,0.7580464893452269,0.08860102014303171,0.6035071959086687,0.9498496361833106,moderately_uncertain,1.0,full_interevent,5.0,-117.48838389326842,35.6223135707311,True,False,19.520524826588566,9.100452345268872
1589,-9.0,-10.0,113,35,2.0382857142857143,0.7993850574080366,0.8223039821525919,0.15700323640820818,0.5844712092903819,1.2006800475246922,exploratory,1.0,full_interevent,5.0,-117.64293460091992,35.63129809810761,True,False,16.70705653155373,15.73131188932533
1590,-8.0,-10.0,301,85,2.0065882352941182,0.8489141304306396,0.8605622550881264,0.08880962413007452,0.711457571280798,1.0567553536188106,moderately_uncertain,1.0,full_interevent,5.0,-117.63189482909175,35.63130671006233,True,False,16.463229462010283,14.882419533738597
1591,-7.0,-10.0,518,169,2.029289940828402,0.8128442044592677,0.8154565086018624,0.06449456769206204,0.6990972498356504,0.9506469315514362,robust,1.0,full_interevent,5.0,-117.62085505503312,35.63131430884718,True,False,16.277288185968654,14.053421241718326
1592,-6.0,-10.0,648,224,2.0791964285714286,0.7434048903127648,0.7493246401199753,0.05073491677167703,0.6601329195932806,0.8639435455025226,robust,1.0,full_interevent,5.0,-117.6098152790228,35.63132089446166,True,False,16.151232060104455,13.248052159323482
1593,-5.0,-10.0,747,259,2.070888030888031,0.7541300714890029,0.7576667041101094,0.04770667646895632,0.6696145469207617,0.8587925811304445,robust,1.0,full_interevent,5.0,-117.59877550133959,35.631326466905385,True,False,16.086468954671727,12.470891044152832
1594,-4.0,-10.0,860,304,2.0754934210526317,0.7481471213157393,0.750916399313534,0.04355619763273693,0.6773459406983422,0.8372101230311986,robust,1.0,full_interevent,5.0,-117.58773572226235,35.631331026177975,True,False,16.083739297809093,11.727547094516696
1595,-3.0,-10.0,912,327,2.086819571865443,0.7338291982036604,0.7339264565253731,0.039616919664286224,0.6620335286981517,0.8127521017295868,robust,1.0,full_interevent,5.0,-117.57669594206986,35.63133457227918,True,False,16.143074557535808,11.024862732618612
1596,-2.0,-10.0,941,344,2.0902616279069766,0.7295858855043155,0.730387918165818,0.036949194041811656,0.658637713139761,0.7986951192351007,robust,1.0,full_interevent,5.0,-117.56565616104093,35.63133710520877,True,False,16.263795453104763,10.37110580854609
1597,-1.0,-10.0,960,365,2.089890410958904,0.7300411536356967,0.7332246208074459,0.039081387686889894,0.6576806799904029,0.8148432121371647,robust,1.0,full_interevent,5.0,-117.55461637945437,35.63133862496658,True,False,16.44455012795128,9.776097028519825
1598,0.0,-10.0,986,375,2.1002666666666667,0.7175258540091174,0.7212151301928934,0.03696012397814594,0.65383011375498,0.7967893534637934,robust,1.0,full_interevent,5.0,-117.54357659758901,35.63133913155253,True,False,16.683387404270565,9.251178872447007
1599,1.0,-10.0,932,364,2.0991758241758243,0.7188213505492163,0.7191105359668358,0.038230550293673844,0.6503821892496988,0.8015864617119174,robust,1.0,full_interevent,5.0,-117.53253681572365,35.63133862496658,True,False,16.977856214824207,8.808890279086555
1600,2.0,-10.0,851,331,2.1005438066465256,0.7171974630677096,0.7202803759942435,0.038091383131801854,0.6492558457119736,0.8003555502264493,robust,1.0,full_interevent,5.0,-117.52149703413708,35.63133710520877,True,False,17.32512014450452,8.462197431398142
1601,3.0,-10.0,775,301,2.0975415282392027,0.7207710365995578,0.7219971695040742,0.04141975921859762,0.6477891965665679,0.8051915027683054,robust,1.0,full_interevent,5.0,-117.51045725310816,35.63133457227918,True,False,17.722075905259732,8.223200276470045
1602,4.0,-10.0,716,278,2.1200719424460432,0.6947911950803015,0.6988966949777414,0.04135731576243417,0.6273758246750893,0.7835566239812681,robust,1.0,full_interevent,5.0,-117.49941747291567,35.631331026177975,True,False,18.16546615867754,8.101435687945239
1603,5.0,-10.0,582,221,2.132850678733032,0.6808717092939284,0.6818032283396762,0.042926242448622975,0.6043052336064022,0.7777599773856746,robust,1.0,full_interevent,5.0,-117.48837769383843,35.631326466905385,True,False,18.65197971080631,8.10219091510984
1604,6.0,-10.0,319,108,2.097962962962963,0.7202672611417567,0.7194435654799252,0.06440114525532747,0.612069595614374,0.8722349771672891,robust,1.0,full_interevent,5.0,-117.47733791615521,35.63132089446166,True,False,19.178335003399056,8.225432210155535
1605,7.0,-10.0,153,41,2.190243902439024,0.6246649274875752,0.6404285542733965,0.09654178527437693,0.4883947295269621,0.8538453099216524,exploratory,1.0,full_interevent,5.0,-117.4662981401449,35.63131430884718,True,True,19.74134544231656,8.465811978944481
1606,8.0,-10.0,110,30,2.1889999999999996,0.6257845560565591,0.6474790183374702,0.11665868710508039,0.46381645411006905,0.931330004455464,exploratory,1.0,full_interevent,5.0,-117.45525836608627,35.63130671006233,True,True,20.337967111861108,8.813751181070158
1646,-8.0,-9.0,169,56,2.060892857142857,0.7674500153544369,0.7782303028498397,0.1071252965602459,0.6042996926803744,1.0257482491177603,moderately_uncertain,1.0,full_interevent,5.0,-117.63190475184939,35.640319589091234,True,False,15.488169095980098,14.3636233560541
1647,-7.0,-9.0,335,94,2.026808510638298,0.8166369533687873,0.8219538472221466,0.07559695408570931,0.6903442801041381,0.9799633408617614,moderately_uncertain,1.0,full_interevent,5.0,-117.62086373744877,35.640327189272945,True,False,15.290375022083149,13.502811312225264
1648,-6.0,-9.0,526,170,2.001705882352941,0.8570938231199543,0.8583952304447858,0.060443287209821034,0.7576899357169392,0.9878724120628055,robust,1.0,full_interevent,5.0,-117.60982272109536,35.64033377609803,True,False,15.156112782841632,12.66247016788329
1649,-5.0,-9.0,677,230,2.0295217391304345,0.8124917100841709,0.8144576660848917,0.052219300154517395,0.724110566853931,0.9264842025720949,robust,1.0,full_interevent,5.0,-117.59878170306818,35.64033934956611,True,False,15.087078612391693,11.846956916082291
1650,-4.0,-9.0,788,282,2.051205673758865,0.7808163461696974,0.7871640527254379,0.046675765758571124,0.7028131205944397,0.8865474842807507,robust,1.0,full_interevent,5.0,-117.58774068364615,35.64034390967684,True,False,15.084168105227352,11.061764126507386
1651,-3.0,-9.0,846,304,2.0645723684210524,0.7624921888454439,0.7667012617448975,0.043281975513145235,0.6883524292158499,0.8564799299085726,robust,1.0,full_interevent,5.0,-117.57669966310824,35.6403474564299,True,False,15.1474193774725,10.313819031254205
1652,-2.0,-9.0,926,334,2.0805988023952096,0.7416246073709603,0.745488210320355,0.039968876661561056,0.6638903122575099,0.8263145790737163,robust,1.0,full_interevent,5.0,-117.56565864173344,35.640349989825125,True,False,15.276010610342633,9.611820869556254
1653,-1.0,-9.0,1061,394,2.109187817258883,0.7071037062270393,0.7072585164134527,0.03347384674261671,0.641432474936069,0.7699375500833544,robust,1.0,full_interevent,5.0,-117.5546176198007,35.640351509862306,True,False,15.468312336437094,8.966567785246085
1654,0.0,-9.0,1050,402,2.0952736318407963,0.7234941847627829,0.725206297524879,0.03504969884501088,0.6643176501640523,0.7979891172114012,robust,1.0,full_interevent,5.0,-117.54357659758901,35.64035201654137,True,False,15.721986926207618,8.391160543476008
1655,1.0,-9.0,1021,380,2.0851052631578946,0.7359610378310548,0.7387341392920365,0.0376244152715883,0.6658085007006372,0.8158915031146309,robust,1.0,full_interevent,5.0,-117.53253557537732,35.640351509862306,True,False,16.034121718326656,7.900874172227039
1656,2.0,-9.0,1022,383,2.094073107049608,0.7249440457144217,0.7259437240729848,0.03653776658374781,0.663224345693631,0.8030008738763867,robust,1.0,full_interevent,5.0,-117.52149455344458,35.640349989825125,True,False,16.401379382490543,7.512393101025799
1657,3.0,-9.0,1014,369,2.105121951219512,0.7118158608048503,0.7129591286812499,0.036243124502070116,0.645740986919348,0.7872458828960728,robust,1.0,full_interevent,5.0,-117.51045353206977,35.6403474564299,True,False,16.820149583718248,7.242118994004153
1658,4.0,-9.0,1014,363,2.1065013774104684,0.7102101449752467,0.712534755193313,0.036371352615111166,0.6499317282194088,0.780645953558045,robust,1.0,full_interevent,5.0,-117.49941251153187,35.64034390967684,True,False,17.286689052242725,7.103557203422201
1659,5.0,-9.0,942,343,2.1378425655976674,0.6755845134484475,0.6748202718338798,0.03395692277768848,0.6128677538805656,0.746642148572058,robust,1.0,full_interevent,5.0,-117.48837149210983,35.64033934956611,True,False,17.797241492972997,7.104418509721056
1660,6.0,-9.0,743,272,2.1615073529411766,0.6515974354773263,0.6542558199521147,0.03885348907077578,0.580494829125476,0.7381967223721442,robust,1.0,full_interevent,5.0,-117.47733047408266,35.64033377609803,True,False,18.34813317832283,7.244653185642696
1661,7.0,-9.0,395,128,2.15296875,0.6600533564903377,0.6705803558581304,0.060907858716240194,0.5580889443451645,0.7969905852140916,robust,1.0,full_interevent,5.0,-117.46628945772925,35.640327189272945,True,False,18.935843722943595,7.51646440816549
1662,8.0,-9.0,168,43,2.302558139534884,0.5377872634079143,0.5521882233485317,0.08451084886667726,0.4079786502084711,0.7421796485378206,exploratory,1.0,full_interevent,5.0,-117.45524844332863,35.640319589091234,True,True,19.557054069312525,7.906293355181953
1663,9.0,-9.0,123,34,2.3576470588235297,0.5034439953873358,0.5182174398854349,0.09780009166793822,0.36258305001988594,0.7496864090431312,exploratory,1.0,full_interevent,5.0,-117.44420743115973,35.6403109755534,True,True,20.208675123329705,8.397720645340021
1702,-8.0,-8.0,126,39,2.151025641025641,0.662008395318617,0.6735959793360874,0.10437044562519979,0.5007240200126065,0.8947395207539157,exploratory,1.0,full_interevent,5.0,-117.63191467828646,35.649332454604064,True,False,14.516502318828127,13.897515628736008
1703,-7.0,-8.0,237,71,2.0687323943661977,0.7569635010465411,0.7618983027590535,0.08757718914509519,0.6157683785835611,0.9437142602262977,moderately_uncertain,1.0,full_interevent,5.0,-117.62087242308392,35.64934005618306,True,False,14.305279652730096,13.005890129857983
1704,-6.0,-8.0,375,117,1.9987179487179487,0.8621778973900138,0.8735815973591112,0.07584628904076104,0.7428525761058434,1.029989818210256,robust,1.0,full_interevent,5.0,-117.6098301659275,35.64934664421914,True,False,14.161681125949878,12.131175354800252
1705,-5.0,-8.0,535,176,2.0313636363636367,0.809701576429791,0.8152538365611736,0.06367847841255021,0.6993788772025078,0.9461467702381611,robust,1.0,full_interevent,5.0,-117.59878790709638,35.64935221871191,True,False,14.087774795309453,11.277306988279104
1706,-4.0,-8.0,686,234,2.0622649572649574,0.7655937077396482,0.772615484499904,0.05226494966648933,0.6800849252647462,0.877955976728716,robust,1.0,full_interevent,5.0,-117.58774564686964,35.649356779661005,True,False,14.08465778972381,10.449396648939327
1707,-3.0,-8.0,781,275,2.0715999999999997,0.7531988933459106,0.7541374648012952,0.04688543841558403,0.667618852271086,0.8488254354700914,robust,1.0,full_interevent,5.0,-117.57670338552641,35.64936032706614,True,False,14.152376882485108,9.654124908340483
1708,-2.0,-8.0,927,346,2.1048843930635837,0.7120931226354145,0.7129506911077591,0.03867266904633416,0.6457015813962627,0.7969721856849266,robust,1.0,full_interevent,5.0,-117.5656611233458,35.64936286092713,True,False,14.289925045085791,8.900245230599879
1709,-1.0,-8.0,1045,397,2.1048614609571787,0.7121198988728125,0.7107173220533606,0.03540693976518259,0.6479278364518923,0.7827956045794043,robust,1.0,full_interevent,5.0,-117.55461886060696,35.64936438124378,True,False,14.495314559002901,8.199183043681339
1710,0.0,-8.0,1084,398,2.087889447236181,0.7325049955396625,0.7338178896255181,0.03798298917918664,0.6651547431725021,0.8096559772633467,robust,1.0,full_interevent,5.0,-117.54357659758901,35.649364888015995,True,False,14.76571469772841,7.565635465892294
1711,1.0,-8.0,1158,420,2.0829761904761903,0.7386259663873894,0.7404367007721957,0.034992705814086325,0.6779987127357248,0.8098294956016161,robust,1.0,full_interevent,5.0,-117.53253433457105,35.64936438124378,True,False,15.097632824551804,7.017911186510059
1712,2.0,-8.0,1205,441,2.083696145124717,0.7377226528487719,0.7393299538059849,0.036462854235980446,0.6672220074892806,0.8080212830530377,robust,1.0,full_interevent,5.0,-117.5214920718322,35.64936286092713,True,False,15.487114104159476,6.577485449677463
1713,3.0,-8.0,1284,463,2.1126349892008642,0.7031571874921948,0.7032034419705733,0.03247247500721867,0.6465011561063249,0.7685626915234668,robust,1.0,full_interevent,5.0,-117.5104498096516,35.64936032706614,True,False,15.929936900236818,6.267021003610443
1714,4.0,-8.0,1257,454,2.1174449339207047,0.6977235386392879,0.6989976488850439,0.03523166516598922,0.6360803922951911,0.7702694591239932,robust,1.0,full_interevent,5.0,-117.49940754830838,35.649356779661005,True,False,16.421786626789363,6.106372874192188
1715,5.0,-8.0,1200,427,2.1166510538641687,0.6986145671332611,0.701717392980453,0.036423579161186825,0.6386991542862973,0.7811686106605608,robust,1.0,full_interevent,5.0,-117.48836528808164,35.64935221871191,True,False,16.958397989965597,6.107374812277848
1716,6.0,-8.0,1035,376,2.126994680851064,0.6871805967075819,0.6886472203016959,0.034574964332675394,0.6186567986163388,0.7578856546498175,robust,1.0,full_interevent,5.0,-117.47732302925051,35.64934664421914,True,False,17.535662198968723,6.26994932328975
1717,7.0,-8.0,760,272,2.1373897058823523,0.6760607742098358,0.6797086952594056,0.04192730947637717,0.6020900082577415,0.7605772324126617,robust,1.0,full_interevent,5.0,-117.4662807720941,35.64934005618306,True,False,18.14970068972521,6.582135059051684
1718,8.0,-8.0,345,99,2.1992929292929295,0.6166389918741042,0.6196924585776585,0.06518119893894295,0.5114771766140767,0.7563846901851512,moderately_uncertain,1.0,full_interevent,5.0,-117.45523851689155,35.649332454604064,True,True,18.796909892237156,7.024011628305653
1719,9.0,-8.0,201,56,2.2651785714285713,0.563888035858616,0.5709692583272422,0.07901694806532701,0.4381803457763296,0.7285475613386009,moderately_uncertain,1.0,full_interevent,5.0,-117.44419626392197,35.64932383948261,True,True,19.473982845508374,7.572910720030228
1720,10.0,-8.0,119,32,2.4146875,0.47221962014624735,0.4870559162995322,0.08824924319805834,0.3472570647617093,0.6791249945992405,exploratory,1.0,full_interevent,5.0,-117.43315401346449,35.64931421081926,True,True,20.177913525372876,8.207387781293416
1759,-7.0,-7.0,170,56,2.100892857142857,0.7167842907922812,0.7306495381605016,0.09508562784822044,0.5821015156919993,0.9439819058588104,moderately_uncertain,1.0,full_interevent,5.0,-117.6208811119401,35.65835290957612,True,False,13.322405322226283,12.569027122506977
1760,-6.0,-7.0,271,87,2.0404597701149427,0.7961989237294889,0.8109028649073589,0.0897612294914552,0.6531808105867358,0.9992241318086549,moderately_uncertain,1.0,full_interevent,5.0,-117.60983761352055,35.658359498823565,True,False,13.168092874063216,11.661589952716213
1761,-5.0,-7.0,394,136,2.0596323529411764,0.7691632965079079,0.7730749261153608,0.06507570572485316,0.662018118293376,0.9053488722353548,robust,1.0,full_interevent,5.0,-117.59879411342533,35.65836507434135,True,False,13.088577321856864,10.770557907753314
1762,-4.0,-7.0,572,191,2.0578010471204187,0.7716660871996012,0.7737635308997185,0.059020122530060525,0.6533972674319752,0.9001818879371515,robust,1.0,full_interevent,5.0,-117.58775061193373,35.65836963612907,True,False,13.08522230153149,9.900361360235452
1763,-3.0,-7.0,702,251,2.093585657370518,0.7255343935419893,0.7288542473556777,0.04310472557738726,0.6549855138004509,0.8151450602687358,robust,1.0,full_interevent,5.0,-117.57670710932503,35.658373184186495,True,False,13.158086070959117,9.057007921064157
1764,-2.0,-7.0,938,356,2.1011797752808987,0.716445021119359,0.7182495157040886,0.03760322431975293,0.6517474768044587,0.7974069558578264,robust,1.0,full_interevent,5.0,-117.56566360587848,35.658375718513376,True,False,13.305916556969672,8.248735048551056
1765,-1.0,-7.0,1040,390,2.086897435897436,0.7337326630664884,0.7356904417346553,0.0381121317646986,0.6586591106558527,0.8156771246622019,robust,1.0,full_interevent,5.0,-117.55462010187338,35.65837723910957,True,False,13.52625601529525,7.486913070162516
1766,0.0,-7.0,1163,422,2.0856872037914695,0.7352359744982234,0.7338611922299972,0.036737665785025894,0.6672181272807045,0.8052635209947029,robust,1.0,full_interevent,5.0,-117.54357659758901,35.65837774597498,True,False,13.815635640881032,6.787201539599811
1767,1.0,-7.0,1292,469,2.096055437100213,0.7225531208876537,0.7269613276690907,0.03387322055091104,0.6689047861836281,0.8008993134393758,robust,1.0,full_interevent,5.0,-117.53253309330464,35.65837723910957,True,False,14.169826199775828,6.170765119344744
1768,2.0,-7.0,1385,501,2.1047105788423153,0.7122961237245812,0.7141448103035355,0.03184640472273738,0.6535789702477584,0.7749899788958169,robust,1.0,full_interevent,5.0,-117.52148958929953,35.658375718513376,True,False,14.584106448532417,5.66485477105084
1769,3.0,-7.0,1482,534,2.1223782771535578,0.6922370405836564,0.6939827078151651,0.02974628296307627,0.6348407204024812,0.7580732098525576,robust,1.0,full_interevent,5.0,-117.51044608585299,35.658373184186495,True,False,15.053516109945745,5.301209012675616
1770,4.0,-7.0,1451,538,2.1373977695167286,0.6760522880239273,0.6783284745401407,0.02855986478297888,0.6244399834194075,0.7328217141808431,robust,1.0,full_interevent,5.0,-117.49940258324429,35.65836963612907,True,False,15.57307078397409,5.11028907353086
1771,5.0,-7.0,1382,513,2.1410526315789475,0.6722277112962756,0.6725738873158508,0.029866959822006586,0.6165685664803059,0.7294306408657382,robust,1.0,full_interevent,5.0,-117.48835908175269,35.65836507434135,True,False,16.137927996274453,5.111486264681204
1772,6.0,-7.0,1275,484,2.135206611570248,0.6783661306434321,0.6785371617134388,0.030424162113484466,0.6234117472716872,0.7455588991727653,robust,1.0,full_interevent,5.0,-117.47731558165746,35.658359498823565,True,False,16.743503408283765,5.3046705131422
1773,7.0,-7.0,1076,392,2.1395408163265306,0.6738044680838863,0.6772729980579277,0.03445683254009319,0.6170269863142911,0.7463964571627749,robust,1.0,full_interevent,5.0,-117.46627208323793,35.65835290957612,True,False,17.38554263615264,5.670252787308168
1774,8.0,-7.0,617,200,2.1430000000000002,0.6702075338013143,0.6759116841709568,0.046339439977172305,0.5850496416221534,0.7720638217214533,robust,1.0,full_interevent,5.0,-117.45522858677332,35.65834530659938,True,False,18.060157228655363,6.1777021691687075
1775,9.0,-7.0,304,97,2.19680412371134,0.6188257766377588,0.6266115823516004,0.06864351637287595,0.5067832856504593,0.7647626125219239,moderately_uncertain,1.0,full_interevent,5.0,-117.44418509254292,35.65833668989385,True,True,18.76383397640322,6.7953102585479845
1776,10.0,-7.0,185,54,2.299074074074074,0.5401175039791709,0.5512347587465347,0.07262493184193622,0.42428902723274803,0.7146526394709597,moderately_uncertain,1.0,full_interevent,5.0,-117.43314160082602,35.65832705946004,True,True,19.49342586269266,7.4958974732118095
1815,-7.0,-6.0,116,35,2.068,0.7579310329899682,0.791976974701726,0.14448775474022604,0.550231929434192,1.11175787660292,exploratory,1.0,full_interevent,5.0,-117.62088980401879,35.667365749450695,True,False,12.342282657456547,12.198676466842407
1816,-6.0,-6.0,205,66,2.068333333333334,0.7574903754126479,0.7698715020226291,0.09587318419735978,0.613052783005064,0.9914734200384885,moderately_uncertain,1.0,full_interevent,5.0,-117.60984506387572,35.667372339909896,True,False,12.175554507570649,11.261436185570226
1817,-5.0,-6.0,278,92,2.0928260869565216,0.7264562242745305,0.7315252819826183,0.07481848111030341,0.6026503933062213,0.8875468761128095,moderately_uncertain,1.0,full_interevent,5.0,-117.59880032205608,35.667377916452985,True,False,12.089512559946131,10.33596547888228
1818,-4.0,-6.0,390,129,2.0592248062015504,0.7697188729205123,0.7764481563978263,0.07268474305436248,0.6475883023146295,0.9244306764464405,robust,1.0,full_interevent,5.0,-117.58775557883926,35.66738247907961,True,False,12.085880204079741,9.425731791199127
1819,-3.0,-6.0,613,218,2.106697247706422,0.7099827300705578,0.7123920394677788,0.04276307138804559,0.6385672677855476,0.802311769117144,robust,1.0,full_interevent,5.0,-117.57671083450471,35.66738602778951,True,False,12.164731262039364,8.53561112156579
1820,-2.0,-6.0,881,333,2.0954354354354354,0.7232992196543192,0.7254848215981455,0.03925053711339095,0.6563565883156104,0.809996775494542,robust,1.0,full_interevent,5.0,-117.56566608933186,35.66738856258246,True,False,12.324482668571088,7.672606769382445
1821,-1.0,-6.0,1081,402,2.109228855721393,0.7070564625186586,0.7074612000682328,0.033180891666902544,0.6486619891345522,0.7737071005348924,robust,1.0,full_interevent,5.0,-117.55462134360015,35.667390083458294,True,False,12.562048376685246,6.8469797762626
1822,0.0,-6.0,1243,456,2.1193640350877194,0.6955789531378693,0.6966113044856044,0.03373198109069335,0.6379788683360252,0.768627295430009,robust,1.0,full_interevent,5.0,-117.54357659758901,35.667390590416915,True,False,12.873121058564303,6.07399123110371
1823,1.0,-6.0,1395,506,2.1166403162055336,0.6986266343762372,0.7007649961843762,0.030234547745650264,0.6459067474984226,0.766362841618621,robust,1.0,full_interevent,5.0,-117.53253185157787,35.667390083458294,True,False,13.25252550115347,5.376393483972362
1824,2.0,-6.0,1538,560,2.1120535714285715,0.703819736263409,0.7040626154353106,0.028967616498379967,0.651788031920099,0.765187560010111,robust,1.0,full_interevent,5.0,-117.52148710584616,35.66738856258246,True,False,13.694583547117974,4.787258538399215
1825,3.0,-6.0,1633,616,2.138522727272727,0.6748704645503475,0.6742471842322175,0.02565581064658075,0.6305579581858443,0.7277192776092511,robust,1.0,full_interevent,5.0,-117.51044236067331,35.66738602778951,True,False,14.193442320285294,4.350871376224756
1826,4.0,-6.0,1608,615,2.1289756097560977,0.6850334227689502,0.6859270618581068,0.027065483158925565,0.637618348242213,0.736663343537425,robust,1.0,full_interevent,5.0,-117.49939761633875,35.66738247907961,True,False,14.74333718225073,4.116104851850547
1827,5.0,-6.0,1562,595,2.131949579831933,0.6818349452681104,0.6815536507481724,0.027318932676137216,0.6350080355566128,0.7385886742333446,robust,1.0,full_interevent,5.0,-117.48835287312194,35.667377916452985,True,False,15.338780187479323,4.117591112580672
1828,6.0,-6.0,1493,575,2.138417391304348,0.6749809498043591,0.678691718146948,0.027314225562138496,0.6303290929087476,0.7330338992382847,robust,1.0,full_interevent,5.0,-117.4773081313023,35.667372339909896,True,False,15.974678839027703,4.355088287208314
1829,7.0,-6.0,1330,510,2.126607843137255,0.6876014707893281,0.6895466240104873,0.029832839736111134,0.636544432383912,0.7450522754196137,robust,1.0,full_interevent,5.0,-117.46626339115922,35.667365749450695,True,False,16.646397519594164,4.793644898024338
1830,8.0,-6.0,939,336,2.1411309523809523,0.6721462271740793,0.674387524262125,0.03747990903811991,0.6066927347407317,0.7552986686232355,robust,1.0,full_interevent,5.0,-117.45521865297219,35.6673581450758,True,False,17.349776273791605,5.384354077076514
1831,9.0,-6.0,573,207,2.167826086956522,0.6454780668028944,0.6483958760644795,0.0429665699107824,0.5756555591828303,0.7383716822797399,robust,1.0,full_interevent,5.0,-117.44417391702062,35.667349526785685,True,False,18.081120626800026,6.083050735141554
1832,10.0,-6.0,248,79,2.238227848101266,0.5843355883565851,0.5869338319013859,0.0718949683133538,0.4726947392185757,0.7540306457983883,moderately_uncertain,1.0,full_interevent,5.0,-117.43312918358393,35.66733989458086,True,True,18.83717360675865,6.856802729062716
1833,11.0,-6.0,126,42,2.363571428571429,0.5000100942965069,0.5119724085205252,0.07840035972303379,0.39372907756842634,0.6889031483773757,exploratory,1.0,full_interevent,5.0,-117.42208445294156,35.667329248461954,True,True,19.61507827823881,7.682966945409672
1873,-5.0,-5.0,205,64,2.1615625,0.6515435265308981,0.6567537474374291,0.07848230620627743,0.5214793028481824,0.8314467557899692,moderately_uncertain,1.0,full_interevent,5.0,-117.59880653298971,35.67639074504545,True,False,11.090616374393479,9.982957834080283
1874,-4.0,-5.0,261,75,2.1038666666666668,0.7132833930306335,0.7214645055146965,0.0817726063919667,0.5873176125259184,0.8992306375324363,moderately_uncertain,1.0,full_interevent,5.0,-117.58776054758711,35.67639530851125,True,False,11.086656751890358,9.037238767234195
1875,-3.0,-5.0,432,144,2.161736111111111,0.6513738714099394,0.6541877483180134,0.05281491936333616,0.556427242503274,0.7635001638705193,robust,1.0,full_interevent,5.0,-117.57671456106613,35.676398857873835,True,False,11.172562119071316,8.104561799071949
1876,-2.0,-5.0,787,285,2.124245614035088,0.6901827715862868,0.6931165058180485,0.040898826823062666,0.6173775165053408,0.7755344014113371,robust,1.0,full_interevent,5.0,-117.5656685737064,35.67640139313298,True,False,11.346291494350858,7.190004128924548
1877,-1.0,-5.0,1131,425,2.138470588235294,0.6749251478522059,0.6754186497211567,0.032565207326650976,0.6140894685382549,0.7411539521493955,robust,1.0,full_interevent,5.0,-117.55462258578751,35.67640291428854,True,False,11.603900940849586,6.3014598937807875
1878,0.0,-5.0,1388,509,2.139214145383104,0.6741461438183473,0.6773403409838789,0.029946088026831078,0.6223725813057659,0.7357154584108184,robust,1.0,full_interevent,5.0,-117.54357659758901,35.676403421340396,True,False,11.93996245451891,5.451663435310683
1879,1.0,-5.0,1618,590,2.128135593220339,0.6859422950687153,0.6867480361763819,0.0274172786245717,0.6348296861835667,0.7389592697780585,robust,1.0,full_interevent,5.0,-117.5325306093905,35.67640291428854,True,False,12.348072310510354,4.661852810941074
1880,2.0,-5.0,1751,644,2.1395186335403724,0.6738276588182578,0.6741206210462305,0.025890181121054776,0.622867383324781,0.7229368373963637,robust,1.0,full_interevent,5.0,-117.52148462147161,35.67640139313298,True,False,12.821352352847331,3.968010716953133
1881,3.0,-5.0,1796,669,2.1285351270553066,0.6855097110745346,0.6857110133721135,0.025964580234323287,0.6356874483552244,0.7346588833446676,robust,1.0,full_interevent,5.0,-117.51043863411189,35.676398857873835,True,False,13.352874691471312,3.428898725368049
1882,4.0,-5.0,1723,654,2.1374006116207953,0.676049297038361,0.6749665380292076,0.025933278990083655,0.6273658563129766,0.7277330965258816,robust,1.0,full_interevent,5.0,-117.49939264759091,35.67639530851125,True,False,13.935976783003278,3.125633357866265
1883,5.0,-5.0,1634,626,2.1330511182108625,0.6806578180147106,0.6809734892389891,0.027198981618166605,0.6270802830580033,0.7348503162595528,robust,1.0,full_interevent,5.0,-117.48834666218829,35.67639074504545,True,False,14.56446481222972,3.12759033551104
1884,6.0,-5.0,1554,595,2.13272268907563,0.6810083588726558,0.6801738477117079,0.026788379185955162,0.6303557922790788,0.731651675387813,robust,1.0,full_interevent,5.0,-117.47730067818362,35.67638516747672,True,False,15.232722069182152,3.434247912681578
1885,7.0,-5.0,1400,534,2.133558052434457,0.6801174619089604,0.6819049992934209,0.028740471467003807,0.6311377299538713,0.7389185350561223,robust,1.0,full_interevent,5.0,-117.46625469585648,35.676378575805394,True,False,15.93574623314579,3.9757132875414305
1886,8.0,-5.0,1059,395,2.1411898734177215,0.6720849393789672,0.6743781548341712,0.03412763236471581,0.6128263037518625,0.7458252017513151,robust,1.0,full_interevent,5.0,-117.45520871548646,35.6763709700319,True,False,16.669138981287894,4.671031316926617
1887,9.0,-5.0,776,290,2.140724137931034,0.6725696878775129,0.6715913331426273,0.03642382806321395,0.6054870974568961,0.746942268505097,robust,1.0,full_interevent,5.0,-117.44416273735312,35.676362350156694,True,False,17.429067122131432,5.461755302344194
1888,10.0,-5.0,452,170,2.1796470588235293,0.6343333784994658,0.6399698783996534,0.04972882565976317,0.5488754908458544,0.7396319567576917,robust,1.0,full_interevent,5.0,-117.4331167617361,35.676352716180325,True,True,18.212209287124782,6.312131842861066
1889,11.0,-5.0,157,52,2.3103846153846153,0.5326253079945542,0.5397932084228415,0.07435945767196547,0.4207219580994356,0.7059828647907885,moderately_uncertain,1.0,full_interevent,5.0,-117.42207078891492,35.67634206810337,True,True,19.015697554607495,7.201058659713608
1929,-5.0,-4.0,140,41,2.0595121951219513,0.7693270148210553,0.7876434702271553,0.13277633988359275,0.5896803107544485,1.0895294702087008,exploratory,1.0,full_interevent,5.0,-117.59881274622734,35.68540356011732,True,False,10.091938822190423,9.720427555072032
1930,-4.0,-4.0,218,65,2.25523076923077,0.5712666462351785,0.5801999313473861,0.07101354927619744,0.4452698947811755,0.7496143778585059,moderately_uncertain,1.0,full_interevent,5.0,-117.58776551817813,35.685408124422544,True,True,10.087587202156199,8.746367775961593
1931,-3.0,-4.0,357,123,2.257235772357724,0.5697639728451809,0.5734700779686138,0.051458806853640016,0.4813407779024101,0.6746983387652299,robust,1.0,full_interevent,5.0,-117.57671828900995,35.685411674438015,True,True,10.181925256619046,7.7788936675696405
1932,-2.0,-4.0,705,265,2.1645660377358493,0.6486208341328469,0.653390718564903,0.03626830339019206,0.588846136446512,0.7260344427508921,robust,1.0,full_interevent,5.0,-117.56567105900254,35.68541421016351,True,False,10.372260520332494,6.820808171348229
1933,-1.0,-4.0,1267,480,2.1443125,0.6688527972328454,0.6709467140641596,0.029081853487025303,0.6151817210457751,0.729142064144767,robust,1.0,full_interevent,5.0,-117.55462382843564,35.685415731598866,True,False,10.653448956648706,5.8767049891334935
1934,0.0,-4.0,1643,614,2.137475570032573,0.6759704215387263,0.6781142097119293,0.02554257927008196,0.6300638847460657,0.7278650322894458,robust,1.0,full_interevent,5.0,-117.54357659758901,35.685416238744,True,False,11.01853715527568,4.954583630163306
1935,1.0,-4.0,1859,689,2.1276487663280115,0.6864701316402816,0.6865344202770204,0.024844230644373643,0.6375314621152463,0.7384445424502453,robust,1.0,full_interevent,5.0,-117.53252936674237,35.685415731598866,True,False,11.459509038892634,4.069414745053387
1936,2.0,-4.0,1913,721,2.1358113730929267,0.677725927065082,0.6800721305225379,0.023687434253082534,0.634836971646455,0.7291066278371467,robust,1.0,full_interevent,5.0,-117.52148213617548,35.68541421016351,True,False,11.967979519648805,3.251518689202576
1937,3.0,-4.0,1922,726,2.1509779614325066,0.6620565132323218,0.662997730573095,0.022245402928382268,0.6254283000981192,0.711531729430254,robust,1.0,full_interevent,5.0,-117.51043490616807,35.685411674438015,True,False,12.535737718738558,2.5660497277350944
1938,4.0,-4.0,1818,684,2.147836257309941,0.6652425888427115,0.6647286776135308,0.023271314093749162,0.6223712209594725,0.71312085348665,robust,1.0,full_interevent,5.0,-117.49938767699987,35.685408124422544,True,False,13.155109521523409,2.1440262648076556
1939,5.0,-4.0,1709,647,2.1415146831530136,0.6717472831169486,0.6698167709110772,0.023656569121464584,0.626682350810691,0.7191355217293627,robust,1.0,full_interevent,5.0,-117.48834044895068,35.68540356011732,True,False,13.81915673597876,2.1468782087395604
1940,6.0,-4.0,1546,587,2.128977853492334,0.685030998339918,0.6885563758960691,0.029864105391477262,0.6321984111803235,0.7517431638751393,robust,1.0,full_interevent,5.0,-117.47729322230022,35.68539798152263,True,False,14.521751935073759,2.573193242284088
1941,7.0,-4.0,1328,497,2.1306438631790745,0.6832355459725437,0.6852209406082991,0.029438447135793876,0.6341883920540583,0.7457438026013308,robust,1.0,full_interevent,5.0,-117.46624599732819,35.685391388638806,True,False,15.25757076451195,3.2609141174082175
1942,8.0,-4.0,1083,403,2.1516873449131513,0.6613413297323225,0.6644685127350629,0.032339785477807775,0.6041122287727411,0.7332137105846793,robust,1.0,full_interevent,5.0,-117.45519877431437,35.685383781466264,True,False,16.022036449976046,4.0799262615993355
1943,9.0,-4.0,809,304,2.1364802631578947,0.6770192425957056,0.6795315018958129,0.03821445449783885,0.6125266691509492,0.7575157905013653,robust,1.0,full_interevent,5.0,-117.44415155353849,35.685375160005485,True,False,16.81124142871764,4.965685825650234
1944,10.0,-4.0,582,225,2.1692888888888886,0.6440777670515881,0.6509458815844591,0.04358631180425404,0.5763401515135902,0.7463287211036922,robust,1.0,full_interevent,5.0,-117.43310433528032,35.685365524257,True,False,17.62186212478419,5.888146833940146
1945,11.0,-4.0,236,82,2.2136585365853656,0.6043127017829062,0.61393067699679,0.06921210913818439,0.49803196357340623,0.7655740182924284,moderately_uncertain,1.0,full_interevent,5.0,-117.42205711981956,35.685354874221396,True,True,18.451076150598233,6.832460066258351
1985,-5.0,-3.0,116,37,2.0870270270270272,0.7335720534316508,0.745230442953623,0.11302123999011922,0.5642021462478851,0.9921946878018123,exploratory,1.0,full_interevent,5.0,-117.59881896177,35.694416361667194,True,False,9.09355193627351,9.555834688282461
1986,-4.0,-3.0,270,102,2.3287254901960788,0.520908244992141,0.5287195961818306,0.05067036786621948,0.44326297934364484,0.6437874034939172,robust,1.0,full_interevent,5.0,-117.58777049061318,35.6944209268121,True,True,9.088722307782048,8.563072696687684
1987,-3.0,-3.0,465,170,2.1928235294117644,0.6223557441081754,0.6232863586961143,0.047117793177506,0.5436344362392569,0.7256352324392453,robust,1.0,full_interevent,5.0,-117.5767220183368,35.694424477480666,True,True,9.193316026235925,7.572215754172208
1988,-2.0,-3.0,747,252,2.1472222222222217,0.6658688819641004,0.6685627162419006,0.03700321303552441,0.601445658014621,0.7487583247356054,robust,1.0,full_interevent,5.0,-117.56567354522072,35.694427013672644,True,False,9.403682572722115,6.5841239999493855
1989,-1.0,-3.0,1304,480,2.1482499999999995,0.6648212505216259,0.6677561960122061,0.02724270963674091,0.6161093824695507,0.7239062559126141,robust,1.0,full_interevent,5.0,-117.5546250715448,35.69442853538789,True,False,9.712951780936056,5.600261267627182
1990,0.0,-3.0,1739,646,2.1326780185758514,0.6810560647412262,0.682656001812893,0.025556965723598724,0.6345304105632426,0.7350635235998062,robust,1.0,full_interevent,5.0,-117.54357659758901,35.69442904262632,True,False,10.112053138164384,4.623328204298385
1991,1.0,-3.0,1965,735,2.1288979591836736,0.6851173372801691,0.6862108400217131,0.02388331048930635,0.6400673643157938,0.7373711070500475,robust,1.0,full_interevent,5.0,-117.53252812363321,35.69442853538789,True,False,10.590835898989818,3.658879760751458
1992,2.0,-3.0,2102,796,2.1464447236180906,0.6666635957863049,0.6674818276098813,0.02341208810706027,0.6252518232273173,0.7133652640630486,robust,1.0,full_interevent,5.0,-117.5214796499573,35.694427013672644,True,False,11.139030092858299,2.720227660070451
1993,3.0,-3.0,2051,777,2.1466280566280567,0.6664760325860909,0.6673145320927965,0.022978927679407655,0.622027812732303,0.7159395534621348,robust,1.0,full_interevent,5.0,-117.51043117684122,35.694424477480666,True,False,11.746922055580093,1.8471264010857724
1994,4.0,-3.0,1863,707,2.1404101838755305,0.6728968534326799,0.6736233838473277,0.02331199390902296,0.6265160121696052,0.7230987208601228,robust,1.0,full_interevent,5.0,-117.49938270456484,35.6944209268121,True,False,12.405739161780945,1.193362208452988
1995,5.0,-3.0,1722,639,2.1347261345852893,0.6788756288420026,0.677762083076433,0.025282149972973872,0.6280747110687162,0.7255026024298222,robust,1.0,full_interevent,5.0,-117.48833423340803,35.694416361667194,True,False,13.107804946687933,1.19847852694135
1996,6.0,-3.0,1523,562,2.134110320284697,0.6795297589777484,0.6818050181441224,0.026616051538082264,0.6321168691440076,0.7342008211407482,robust,1.0,full_interevent,5.0,-117.47728576365071,35.69441078204622,True,False,13.846542416455017,1.8570374790281492
1997,7.0,-3.0,1241,463,2.1266522678185744,0.6875531111494269,0.6883477161765856,0.033101370338718294,0.6298318565908381,0.7562315262272802,robust,1.0,full_interevent,5.0,-117.46623729557281,35.69440418794952,True,False,14.616392279251377,2.7314511925880973
1998,8.0,-3.0,1036,392,2.153316326530612,0.6597048628461395,0.6598749955317115,0.032676536505623,0.6016647599298878,0.7282153120738253,robust,1.0,full_interevent,5.0,-117.45518882945422,35.694396579377496,True,False,15.412693133623032,3.6705671273614726
1999,9.0,-3.0,794,300,2.1370999999999998,0.6763658026837751,0.6798736306004575,0.038556434044005446,0.6076832652574734,0.7557161945341501,robust,1.0,full_interevent,5.0,-117.4441403655748,35.694387956330644,True,False,16.231552482788015,4.635223884068856
2000,10.0,-3.0,583,230,2.162913043478261,0.6502260827870583,0.6512385729948312,0.04102397205864294,0.5749132462946427,0.7303751360601632,robust,1.0,full_interevent,5.0,-117.43309190421445,35.69437831880949,True,False,17.069724144571673,5.6122667322943665
2001,11.0,-3.0,308,131,2.23381679389313,0.5878243232869347,0.5898481618326163,0.05089416827994485,0.5026467840658134,0.6949235856858281,robust,1.0,full_interevent,5.0,-117.4220434456531,35.69436766681463,True,True,17.92449912109246,6.596194000588051
2041,-5.0,-2.0,188,69,2.2797101449275363,0.5534457337025463,0.5629842167296755,0.06465629357265353,0.44988271995327084,0.7159815692331282,moderately_uncertain,1.0,full_interevent,5.0,-117.5988251796188,35.703429149693655,True,True,8.09556325678289,9.494274133716651
2042,-4.0,-2.0,448,163,2.2012883435582817,0.6148968560280572,0.6183879153803143,0.04914205923192049,0.5309385342530053,0.7202859138925807,robust,1.0,full_interevent,5.0,-117.58777546489317,35.7034337156785,True,True,8.090137873661023,8.494320381592443
2043,-3.0,-2.0,774,262,2.1666030534351144,0.6466535249980222,0.6472210385234884,0.03881394358347703,0.5743774462999369,0.721577243349106,robust,1.0,full_interevent,5.0,-117.57672574904731,35.70343726700036,True,False,8.207467160160666,7.494378971209857
2044,-2.0,-2.0,1082,379,2.1605540897097626,0.652530708800303,0.6538272325805151,0.031146706586937287,0.5953494898352146,0.7123495045143223,robust,1.0,full_interevent,5.0,-117.56567603236132,35.70343980365898,True,False,8.442434693581413,6.494455603288718
2045,-1.0,-2.0,1371,493,2.1459026369168357,0.6672188085769587,0.6678811515995069,0.02884908890831997,0.6172286201604692,0.7289222899595009,robust,1.0,full_interevent,5.0,-117.5546263151152,35.70344132565421,True,False,8.785606975369339,5.494560128168946
2046,0.0,-2.0,1673,607,2.1416803953871497,0.6715751474779929,0.6725330924516768,0.026630199388503157,0.6218040102610563,0.7266115924590337,robust,1.0,full_interevent,5.0,-117.54357659758901,35.703441832985966,True,False,9.224916059018081,4.494711161024661
2047,1.0,-2.0,1969,721,2.135936199722607,0.6775939353889071,0.6802079042580561,0.02503556396954231,0.6325174734618227,0.7331688413856423,robust,1.0,full_interevent,5.0,-117.53252688006282,35.70344132565421,True,False,9.747372090271355,3.494948617650247
2048,2.0,-2.0,2150,809,2.132521631644005,0.6812231308658774,0.6833477285931722,0.023345445948392118,0.641865918132356,0.727699914790803,robust,1.0,full_interevent,5.0,-117.5214771628167,35.70343980365898,True,False,10.340379540252489,2.4953763762188435
2049,3.0,-2.0,2097,793,2.1284489281210592,0.685602994374715,0.6851383074819524,0.022228317136124432,0.64102737337043,0.7275982390145511,robust,1.0,full_interevent,5.0,-117.5104274461307,35.70343726700036,True,False,10.992526343236278,1.4963758478292817
2050,4.0,-2.0,1884,708,2.1398022598870057,0.6735312651964914,0.674011472726858,0.02456555155949177,0.6276043959079582,0.7239967618377446,robust,1.0,full_interevent,5.0,-117.49937773028485,35.7034337156785,True,False,11.693922429066085,0.5013762030077984
2051,5.0,-2.0,1630,603,2.139054726368159,0.6743130111819058,0.6745939449719677,0.026304466014839753,0.6280866114636882,0.7312078515106794,robust,1.0,full_interevent,5.0,-117.48832801555922,35.703429149693655,True,False,12.436237700658754,0.5134350162564221
2052,6.0,-2.0,1402,516,2.137596899224806,0.6758427910672478,0.6752966932031574,0.03041609800340931,0.6224260855396541,0.7421818822538206,robust,1.0,full_interevent,5.0,-117.47727830223388,35.70342356904607,True,False,13.212577133835678,1.508593031567476
2053,7.0,-2.0,1202,446,2.1464125560538116,0.6666965164659426,0.6683597869134787,0.03027952817350363,0.6134719726993398,0.7306528505522324,robust,1.0,full_interevent,5.0,-117.46622859058887,35.70341697373612,True,False,14.017288642523871,2.5076064990084994
2054,8.0,-2.0,979,375,2.1553333333333335,0.6576897757242579,0.6595423416249357,0.03335884040491729,0.5944428586063273,0.7235403653524559,robust,1.0,full_interevent,5.0,-117.45517888090423,35.703409363764194,True,False,14.845759234815175,3.507182312461868
2055,9.0,-2.0,730,282,2.143687943262411,0.6694967686913958,0.6741129180123624,0.03976162018863556,0.6051361598518032,0.756861099266006,robust,1.0,full_interevent,5.0,-117.44412917346004,35.70340073913078,True,False,15.694226761085469,4.506946326707374
2056,10.0,-2.0,507,205,2.1964878048780485,0.6191048210435427,0.6231755517424749,0.039358345866648874,0.5511985649214587,0.7077169359628944,robust,1.0,full_interevent,5.0,-117.43307946853632,35.703391099836395,True,True,16.5596177491705,5.506796038605099
2057,11.0,-2.0,277,122,2.2,0.61602054170674,0.6167883161771062,0.05385572530237294,0.5194426686286312,0.7256542389185152,robust,1.0,full_interevent,5.0,-117.42202976641316,35.70338044588166,True,True,17.439413016753573,6.506691942129466
2096,-6.0,-1.0,112,38,2.1410526315789475,0.6722277112962756,0.6974548312817284,0.12127013621689327,0.5120887510760658,0.9856665959193986,exploratory,1.0,full_interevent,5.0,-117.60988235712965,35.712436342520796,True,False,7.243715600516865,10.53357815006677
2097,-5.0,-1.0,454,171,2.205906432748538,0.6109024505857448,0.6141010095422443,0.0472547966456715,0.5311214973102651,0.7134784857074329,robust,1.0,full_interevent,5.0,-117.59883139977481,35.712441924195296,True,True,7.098140747508652,9.537741140466112
2098,-4.0,-1.0,800,281,2.142455516014235,0.6707711513167547,0.6732480604710596,0.040164727171351396,0.5982715843069059,0.7532649828932255,robust,1.0,full_interevent,5.0,-117.58778044101891,35.712446491020366,True,False,7.091952371647316,8.542876768484696
2099,-3.0,-1.0,1072,380,2.1755,0.63819909170206,0.6380057758507068,0.03194439504305333,0.5766953937639752,0.6997695893250866,robust,1.0,full_interevent,5.0,-117.57672948114218,35.71245004299572,True,True,7.225508619604939,7.549369569738339
2100,-2.0,-1.0,1265,444,2.1683783783783785,0.6449486586562437,0.6448998644565354,0.02818896361364636,0.5870472030220654,0.7039631360395953,robust,1.0,full_interevent,5.0,-117.5656785204248,35.712452580121116,True,False,7.491339078045831,6.557836405360151
2101,-1.0,-1.0,1392,499,2.155230460921844,0.6577922522642625,0.6619084892621625,0.02806339961363739,0.608509361986978,0.722601532849681,robust,1.0,full_interevent,5.0,-117.55462755914702,35.71245410239643,True,False,7.876061677801149,5.5693317138093565
2102,0.0,-1.0,1491,536,2.1586380597014925,0.6544146700968289,0.6554793899416764,0.027685761338266106,0.6091579340977489,0.7089075639530403,robust,1.0,full_interevent,5.0,-117.54357659758901,35.712454609821535,True,False,8.363284876338911,4.585814339614981
2103,1.0,-1.0,1714,614,2.1428501628664494,0.6703625418286406,0.6718556262410033,0.02643765259452113,0.6214904033144257,0.7266244701535004,robust,1.0,full_interevent,5.0,-117.532525636031,35.71245410239643,True,False,8.936258741390072,3.611361319003416
2104,2.0,-1.0,2001,731,2.1353351573187416,0.6782299502681715,0.6804405023921807,0.02385818328525374,0.6331489653137058,0.7297729260680254,robust,1.0,full_interevent,5.0,-117.52147467475322,35.712452580121116,True,False,9.579608899289248,2.655968372434019
2105,3.0,-1.0,1982,730,2.131821917808219,0.681971630935669,0.6826876627828419,0.023925639073407636,0.6346084093843154,0.7319384071234594,robust,1.0,full_interevent,5.0,-117.51042371403584,35.71245004299572,True,False,10.28013098329068,1.751115477158924
2106,4.0,-1.0,1811,671,2.126438152011923,0.6877862551058704,0.6899033068638885,0.024684335361926497,0.643816946331013,0.738144713354569,robust,1.0,full_interevent,5.0,-117.49937275415911,35.712446491020366,True,False,11.026934270407361,1.038577312154103
2107,5.0,-1.0,1478,547,2.1282998171846432,0.685764420135037,0.6865293237844997,0.026837806637929385,0.636364792349781,0.7415403183566677,robust,1.0,full_interevent,5.0,-117.48832179540321,35.712441924195296,True,False,11.81124319342192,1.044452130208444
2108,6.0,-1.0,1318,483,2.1522981366459626,0.660726780878087,0.6633187092516889,0.027544847043638996,0.6166890755598498,0.7233174785775146,robust,1.0,full_interevent,5.0,-117.47727083804837,35.712436342520796,True,False,12.626070336586396,1.7615668228235544
2109,7.0,-1.0,1109,419,2.151957040572792,0.6610698342232487,0.6628431661793207,0.030345880574552776,0.605435075132071,0.7191010309710227,robust,1.0,full_interevent,5.0,-117.4662198823748,35.7124297459972,True,False,13.465876819379353,2.6674622940631023
2110,8.0,-1.0,847,334,2.1668862275449103,0.646380985498356,0.648105063003322,0.03482571730188357,0.5888360509495342,0.7218157942533149,robust,1.0,full_interevent,5.0,-117.4551689286627,35.71242213462492,True,False,14.326270445756967,3.6232019691460895
2111,9.0,-1.0,589,243,2.1752674897119344,0.6384172233295433,0.6393597987052285,0.039869194087085724,0.5676927871775472,0.7189485717123317,robust,1.0,full_interevent,5.0,-117.44411797719229,35.712413508404445,True,True,15.203756485002014,4.597807078184101
2112,10.0,-1.0,396,172,2.1645348837209304,0.6486510149996465,0.653795946267229,0.051163732561079034,0.5565747408325051,0.7625910773281355,robust,1.0,full_interevent,5.0,-117.43306702824377,35.7124038673363,True,False,16.095539681089047,5.581403707596821
2113,11.0,-1.0,229,98,2.146020408163265,0.6670981069987256,0.6705180420428474,0.06311578753407054,0.5628777951196037,0.8007628449808626,moderately_uncertain,1.0,full_interevent,5.0,-117.42201608209734,35.71239321142108,True,False,16.999370105853433,6.56995470046417
2152,-6.0,0.0,279,93,2.1043010752688174,0.7127748489720711,0.7239153887535457,0.08554708404033792,0.5937389315426032,0.9190006998968612,moderately_uncertain,1.0,full_interevent,5.0,-117.6098898240851,35.721449102468966,True,False,6.270316844310252,10.666936457106267
2153,-5.0,0.0,670,234,2.2067521367521366,0.6101765761955026,0.6152584393873815,0.04199143216009458,0.5424271855912326,0.7029096566831151,robust,1.0,full_interevent,5.0,-117.59883762223913,35.72145468517072,True,True,6.101562070348229,9.684821670992116
2154,-4.0,0.0,980,345,2.1581739130434783,0.6548726862764566,0.657293942798472,0.034790624854347654,0.5919245147646511,0.7224901494914173,robust,1.0,full_interevent,5.0,-117.58778541899132,35.72145925283626,True,False,6.09436182619505,8.706779440062453
2155,-3.0,0.0,1204,426,2.1547652582159627,0.6582560637970014,0.6598222262694883,0.03158124847081986,0.6005095728947475,0.7214267818134599,robust,1.0,full_interevent,5.0,-117.57673321462202,35.72146280546531,True,False,6.249274553006513,7.734354894680613
2156,-2.0,0.0,1349,467,2.1511777301927197,0.6618549547173741,0.6649719384646234,0.028858030010859265,0.6113880137640836,0.7224725224066895,robust,1.0,full_interevent,5.0,-117.56568100941163,35.72146534305765,True,False,6.554816458843531,6.769969206417831
2157,-1.0,0.0,1414,491,2.1418126272912428,0.6714378532188123,0.6732264032926071,0.028619437824028624,0.6168649015872983,0.7295976465865258,robust,1.0,full_interevent,5.0,-117.5546288036405,35.72146686561311,True,False,6.991266350197033,5.817621547919853
2158,0.0,0.0,1486,523,2.157074569789675,0.6559600711460893,0.6570381327489992,0.02642479869021347,0.6062412634241964,0.7115121895416178,robust,1.0,full_interevent,5.0,-117.54357659758901,35.7214673731316,True,False,7.535913451577628,4.884358493578978
2159,1.0,0.0,1519,544,2.1581433823529412,0.6549028361895189,0.6547174583503965,0.025439522387609173,0.607415040071716,0.7051798274701044,robust,1.0,full_interevent,5.0,-117.53252439153752,35.72146686561311,True,False,8.167140131033625,3.983615859087422
2160,2.0,0.0,1735,649,2.1476117103235746,0.6654714817910977,0.6665547822863632,0.026823454979361137,0.6135754987990768,0.7184923784754205,robust,1.0,full_interevent,5.0,-117.52147218576638,35.72146534305765,True,False,8.866474174676833,3.1434746271838327
2161,3.0,0.0,1787,668,2.1320359281437127,0.6817425245837575,0.682356387609685,0.026223115289036522,0.6359690936535969,0.7365816201865351,robust,1.0,full_interevent,5.0,-117.510419980556,35.72146280546531,True,False,9.619072234913434,2.427688231780236
2162,4.0,0.0,1676,632,2.1266772151898734,0.6875259570233334,0.6876083306004642,0.025574590160980393,0.6400272564667494,0.7424653000963501,robust,1.0,full_interevent,5.0,-117.4993677761867,35.72145925283626,True,False,10.41339219614597,1.9763369069316004
2163,5.0,0.0,1402,531,2.109378531073446,0.7068842089004147,0.7092051114265091,0.028614926384208945,0.6571861378665557,0.7655586560907833,robust,1.0,full_interevent,5.0,-117.48831557293889,35.72145468517072,True,False,11.240592662356603,1.9794304707858976
2164,6.0,0.0,1142,434,2.1348617511520738,0.6787317434137965,0.6808343383366035,0.031582237126210305,0.6174506509568782,0.7400098553874825,robust,1.0,full_interevent,5.0,-117.4772633710929,35.721449102468966,True,False,12.093928632636146,2.435237649111765
2165,7.0,0.0,904,359,2.1550696378830083,0.6579525204281957,0.6617744491166717,0.03005179309063699,0.6083855308908689,0.7220034883340137,robust,1.0,full_interevent,5.0,-117.46621117092911,35.72144250473137,True,False,12.968241829236826,3.153192005988077
2166,8.0,0.0,635,261,2.145172413793104,0.6679681768864648,0.670794815705534,0.039965045534892954,0.5957760802382656,0.7481411128722086,robust,1.0,full_interevent,5.0,-117.4551589727279,35.72143489195831,True,False,13.859562854283643,3.99435316986403
2167,9.0,0.0,453,188,2.1427659574468083,0.6704496846593149,0.6738457365279328,0.046897070100315186,0.5898089658910676,0.7603534826336262,robust,1.0,full_interevent,5.0,-117.44410677676962,35.721426264150274,True,False,14.764811847162505,4.895619946909537
2168,10.0,0.0,303,131,2.1521374045801527,0.6608883908848927,0.661757826419242,0.05044226320421972,0.5676020532331003,0.7667050462487268,robust,1.0,full_interevent,5.0,-117.43305458333464,35.7214166213078,True,False,15.681576937680138,5.829179366219078
2169,11.0,0.0,177,75,2.1190666666666664,0.6959103972384125,0.7059272203790904,0.07209887017523776,0.5837408007040702,0.86186791045435,moderately_uncertain,1.0,full_interevent,5.0,-117.42200239270329,35.72140596343148,True,False,16.60795115667953,6.781708450127443
2207,-7.0,1.0,199,68,2.233235294117647,0.5882873460044047,0.6004902106372895,0.06746759516949719,0.4817467180929574,0.7417989646086937,moderately_uncertain,1.0,full_interevent,5.0,-117.62095073892773,35.730455249937215,True,True,5.6789210757536575,11.857426394346533
2208,-6.0,1.0,500,175,2.196342857142857,0.6192327725022941,0.6209915755219098,0.04611669216358571,0.5379444479756021,0.717609990192265,robust,1.0,full_interevent,5.0,-117.60989729381187,35.73046184888921,True,True,5.3068192879454985,10.890858465535283
2209,-5.0,1.0,825,282,2.1999645390070923,0.616051528655518,0.6189476632099409,0.03769443409446741,0.55198718560093,0.6971976124420761,robust,1.0,full_interevent,5.0,-117.59884384701284,35.730467432618525,True,True,5.106321310413365,9.930913126963565
2210,-4.0,1.0,1101,386,2.1745854922279797,0.6390579064297617,0.6386221086804557,0.03199902875234633,0.5827541680785115,0.7002234224964617,robust,1.0,full_interevent,5.0,-117.58779039881124,35.7304720011248,True,True,5.097715536929552,8.979714525210307
2211,-3.0,1.0,1288,452,2.1584734513274335,0.6545770309789252,0.6573580623822597,0.032352250667704585,0.5984475191642313,0.7265730397719461,robust,1.0,full_interevent,5.0,-117.57673694948751,35.730475554407754,True,False,5.281939990734867,8.040367552124012
2212,-2.0,1.0,1404,484,2.1625206611570245,0.6506082990007861,0.6521213351062802,0.026577848196207267,0.5979580037598506,0.7044057442419064,robust,1.0,full_interevent,5.0,-117.56568349932219,35.73047809246716,True,False,5.640130888197147,7.1175661424551855
2213,-1.0,1.0,1458,497,2.1472635814889336,0.6658266600012838,0.6661692080191272,0.028990637607119115,0.611188078949215,0.7269348993798944,robust,1.0,full_interevent,5.0,-117.55463004859585,35.73047961530287,True,False,6.141926636346842,6.218680343223964
2214,0.0,1.0,1498,516,2.1493217054263565,0.6637323480202528,0.6636758905023554,0.026473603266514167,0.6143566596283925,0.7199484540887784,robust,1.0,full_interevent,5.0,-117.54357659758901,35.73048012291478,True,False,6.755401481521148,5.355765363622256
2215,1.0,1.0,1494,533,2.148874296435272,0.6641865023153471,0.6663287246138575,0.02827215037728927,0.6129952822105922,0.7230749807867932,robust,1.0,full_interevent,5.0,-117.53252314658216,35.73047961530287,True,False,7.453028615724578,4.549336220719628
2216,2.0,1.0,1467,537,2.1548603351955307,0.6581612179713168,0.6607862647474846,0.025574982562194964,0.608342462324876,0.7096541853482314,robust,1.0,full_interevent,5.0,-117.52146969585583,35.73047809246716,True,False,8.213392838351318,3.8351919727866637
2217,3.0,1.0,1621,606,2.152013201320132,0.6610133267195044,0.6627681126097713,0.025344004507489238,0.6174007932785811,0.7172231822577991,robust,1.0,full_interevent,5.0,-117.51041624569051,35.730475554407754,True,False,9.020643451957959,3.2742838739338067
2218,4.0,1.0,1437,550,2.133945454545455,0.6797050965989084,0.6816223898741312,0.027837208653540165,0.6307008670962794,0.7397008310881193,robust,1.0,full_interevent,5.0,-117.49936279636678,35.7304720011248,True,False,9.863275047245885,2.9551941232478605
2219,5.0,1.0,1205,463,2.118552915766739,0.6964837641232589,0.6980867290825413,0.030291816362013398,0.6409833418905381,0.7602237044533977,robust,1.0,full_interevent,5.0,-117.48830934816517,35.730467432618525,True,False,10.732957701765837,2.957263891683393
2220,6.0,1.0,895,349,2.14189111747851,0.6713563846665114,0.6733126154466695,0.03168757426449553,0.6116157411446684,0.7366233130797519,robust,1.0,full_interevent,5.0,-117.47725590136615,35.73046184888921,True,False,11.623621096636189,3.279885233362613
2221,7.0,1.0,667,268,2.1276119402985074,0.6865100928988528,0.6864904788839451,0.03669613350056023,0.615049329811295,0.7562628417981729,robust,1.0,full_interevent,5.0,-117.46620245625029,35.730455249937215,True,False,12.530792224294409,3.843160751647768
2222,8.0,1.0,455,195,2.1414358974358976,0.6718291537117456,0.6753047063547541,0.04558756000636534,0.5965845260729322,0.7734506794475584,robust,1.0,full_interevent,5.0,-117.45514901309808,35.730447635762935,True,False,13.451131556070235,4.558741271664971
2223,9.0,1.0,320,140,2.1451428571428566,0.6679985439074413,0.6741305719933327,0.05326337859295036,0.577709945136168,0.7924643093228675,robust,1.0,full_interevent,5.0,-117.44409557219004,35.730439006366844,True,False,14.382111336969261,5.366037588477858
2224,10.0,1.0,224,91,2.0938461538461532,0.7252187880208452,0.7315815783275602,0.06875274627113469,0.6096350727776148,0.8831512655454008,moderately_uncertain,1.0,full_interevent,5.0,-117.43304213380671,35.730429361749486,True,False,15.321792090981102,6.229494106260394
2225,11.0,1.0,106,39,2.1084615384615386,0.7079408482435451,0.7241276116241174,0.11028715737651697,0.5419828575725233,0.9481362499373361,exploratory,1.0,full_interevent,5.0,-117.42198869822862,35.73041870191147,True,False,16.26866617917776,7.128733003760815
2263,-7.0,2.0,298,91,2.1875824175824174,0.6270654161554292,0.6335993230750617,0.056301163909727815,0.5378040373029613,0.747905996614487,moderately_uncertain,1.0,full_interevent,5.0,-117.62095945684122,35.73946798161334,True,True,4.805788406859852,12.14190369891495
2264,-6.0,2.0,594,194,2.1895876288659792,0.6252551353560732,0.6263477721507745,0.043065833413123575,0.5491665329763449,0.7201725877128037,robust,1.0,full_interevent,5.0,-117.60990476631116,35.739474581780115,True,True,4.359792263603835,11.199913519875958
2265,-5.0,2.0,878,287,2.186620209059233,0.6279378135783438,0.632451733755398,0.036715088745708044,0.5651157930284718,0.7056931062444531,robust,1.0,full_interevent,5.0,-117.59885007409702,35.739480166537305,True,True,4.113389715557127,10.268899662168092
2266,-4.0,2.0,1180,408,2.177279411764706,0.6365346431602785,0.6377537607955098,0.030406451721184436,0.5751024983691991,0.6964690600881613,robust,1.0,full_interevent,5.0,-117.5877953804795,35.73948473588458,True,True,4.102701710132292,9.352140807892688
2267,-3.0,2.0,1334,458,2.171899563318777,0.641593680122861,0.6423833072049905,0.027849025933629944,0.5884528574681702,0.6964789636940025,robust,1.0,full_interevent,5.0,-117.57674068573927,35.73948828982164,True,False,4.329474297486212,8.454275552028536
2268,-2.0,2.0,1401,478,2.167761506276151,0.645540028452498,0.6476901199025228,0.02906092584364415,0.591447190248163,0.705136078781939,robust,1.0,full_interevent,5.0,-117.56568599015698,35.739490828348266,True,False,4.759888030496623,7.5820190271855115
2269,-1.0,2.0,1449,495,2.1594545454545453,0.6536105214031702,0.6543647751147343,0.029015497931953026,0.6006563169895599,0.7144909703348117,robust,1.0,full_interevent,5.0,-117.55463129401333,35.7394923514643,True,False,5.344971509104265,6.745313183802427
2270,0.0,2.0,1472,503,2.1456461232604376,0.6674818559234148,0.6677370820988966,0.02905007962843416,0.6190381807443934,0.7324593223502288,robust,1.0,full_interevent,5.0,-117.54357659758901,35.739492859169665,True,False,6.0399426159035325,5.959151564321431
2271,1.0,2.0,1499,519,2.1479768786127167,0.6650993260679199,0.6674393497180976,0.02744811062225459,0.6121691343529333,0.7214900024424942,robust,1.0,full_interevent,5.0,-117.53252190116469,35.7394923514643,True,False,6.811247548994157,5.246305822722334
2272,2.0,2.0,1401,490,2.1604489795918367,0.6526337784297648,0.6538539332838468,0.02893102065537035,0.6012971017695251,0.7141425554753733,robust,1.0,full_interevent,5.0,-117.52146720502104,35.739490828348266,True,False,7.63578938577736,4.640685531740541
2273,3.0,2.0,1304,482,2.1668464730290458,0.6464192331697722,0.6454546907195031,0.027473526003017563,0.5955904481122855,0.7037678814383048,robust,1.0,full_interevent,5.0,-117.51041250943875,35.73948828982164,True,False,8.498086014757764,4.189057128218915
2274,4.0,2.0,1163,439,2.126514806378132,0.6877027704132868,0.6888355505745251,0.02929858060915961,0.6338502772345055,0.7474251357125518,robust,1.0,full_interevent,5.0,-117.49935781469851,35.73948473588458,True,False,9.38773946615972,3.9446719816047335
2275,5.0,2.0,940,365,2.125972602739726,0.6882937230832457,0.6896359357792887,0.03238310665560454,0.6285219248224516,0.7532875096879301,robust,1.0,full_interevent,5.0,-117.48830312108099,35.739480166537305,True,False,10.29766180522375,3.946222809400545
2276,6.0,2.0,677,272,2.1337132352941177,0.6799522194076123,0.6808207771875384,0.03855225857972869,0.6105917378401621,0.7607965536748483,robust,1.0,full_interevent,5.0,-117.47724842886686,35.739474581780115,True,False,11.222924085328001,4.193436762419203
2277,7.0,2.0,446,186,2.1186559139784946,0.6963687382241797,0.697963412416835,0.04708352450088447,0.6116511483277227,0.7964523245829157,robust,1.0,full_interevent,5.0,-117.4661937383368,35.73946798161334,True,False,12.160025139583663,4.6472733187735535
2278,8.0,2.0,293,123,2.123577235772358,0.6909166561999605,0.6961175291628433,0.0567467081287486,0.6014074161793045,0.8188450181139325,robust,1.0,full_interevent,5.0,-117.45513904977149,35.7394603660374,True,False,13.10642581963435,5.254463504332319
2279,9.0,2.0,217,90,2.082333333333333,0.7394344186775005,0.7478634482240634,0.06889186137125224,0.6170106423466932,0.8895734161563734,moderately_uncertain,1.0,full_interevent,5.0,-117.44408436345161,35.739451735052775,True,False,14.06024836679101,5.968385387802633
2280,10.0,2.0,130,49,2.16,0.6530744088770702,0.6653115383861322,0.08822869792167583,0.5176843290575915,0.8618023450254564,exploratory,1.0,full_interevent,5.0,-117.43302967965786,35.73944208865998,True,False,15.020078911447854,6.755283973032644
2318,-8.0,3.0,165,47,2.361276595744681,0.5013346592030661,0.509451250635436,0.061584374947071904,0.40614556641658633,0.6441252226297879,exploratory,1.0,full_interevent,5.0,-117.6320241124316,35.74847308278029,True,True,4.693492672638016,13.425380916425707
2319,-7.0,3.0,389,122,2.1743442622950817,0.6392848309869298,0.641426205177941,0.053251380885978035,0.5533067131251669,0.7538267143548538,robust,1.0,full_interevent,5.0,-117.62096817799089,35.748480699758346,True,False,3.9926256822269286,12.500123606192991
2320,-6.0,3.0,627,211,2.193649289099526,0.6216201586106309,0.62478843218032,0.04247639727960079,0.5488558638832192,0.7124536652050886,robust,1.0,full_interevent,5.0,-117.60991224158434,35.748487301140266,True,True,3.4428543693640803,11.587291641668427
2321,-5.0,3.0,864,279,2.2032258064516133,0.6132147091323525,0.6152732309110451,0.03828877710533338,0.5450319046671507,0.6937274478233268,robust,1.0,full_interevent,5.0,-117.59885630349277,35.74849288692565,True,True,3.1249692124756416,10.69006852214029
2322,-4.0,3.0,1136,380,2.178184210526316,0.6356916263750845,0.6365360030214602,0.031988584089566056,0.5789816338122089,0.7071102733330947,robust,1.0,full_interevent,5.0,-117.58780036399705,35.74849745711419,True,True,3.110887164329803,9.812736745018203
2323,-3.0,3.0,1284,439,2.160478359908884,0.6526049651903251,0.6545196910837249,0.030419316963723936,0.6028169851423731,0.7165817100930183,robust,1.0,full_interevent,5.0,-117.57674442337795,35.748501011705564,True,False,3.4043803135759108,8.961140543815063
2324,-2.0,3.0,1374,470,2.1697234042553193,0.6436629871800211,0.6449225745322632,0.02840079729601427,0.5949909798061289,0.7004773779376557,robust,1.0,full_interevent,5.0,-117.56568848191635,35.74850355069957,True,False,3.937256873730048,8.143357861778018
2325,-1.0,3.0,1436,485,2.1636494845360827,0.6495099330025965,0.6505629552614823,0.02712121682208171,0.5980400401528785,0.7075766497757664,robust,1.0,full_interevent,5.0,-117.5546325398931,35.74850507409603,True,False,4.627545576221352,7.370652256344588
2326,0.0,3.0,1441,492,2.1565447154471546,0.6564854525513083,0.6578184990179847,0.028719919397698208,0.6053030557541933,0.7153759446841286,robust,1.0,full_interevent,5.0,-117.54357659758901,35.74850558189486,True,False,5.415382205373605,6.6587350227301645
2327,1.0,3.0,1443,494,2.1489473684210525,0.6641122862102041,0.6679160095505348,0.027784189875569434,0.6190865133849998,0.7233786189041657,robust,1.0,full_interevent,5.0,-117.5325206552849,35.74850507409603,True,False,6.264068230834367,6.0291781796451325
2328,2.0,3.0,1386,487,2.1487679671457904,0.6642945260828358,0.6642045328893562,0.02958505782310759,0.6118709777526291,0.7276053856923295,robust,1.0,full_interevent,5.0,-117.52146471326165,35.74850355069957,True,False,7.151974354737276,5.510283744135569
2329,3.0,3.0,1111,383,2.1465274151436033,0.6665789831845047,0.6698210125763494,0.03293758490966503,0.6084726718105479,0.7363228842083313,robust,1.0,full_interevent,5.0,-117.51040877180007,35.748501011705564,True,False,8.066159156692297,5.135704855213199
2330,4.0,3.0,815,282,2.087163120567376,0.7334034606666088,0.7363427923495328,0.04030067216649694,0.6597040423276872,0.8316145702748228,robust,1.0,full_interevent,5.0,-117.49935283118097,35.74849745711419,True,False,8.998617111054468,4.938390606142465
2331,5.0,3.0,610,224,2.099017857142857,0.7190093418058272,0.7209430500399384,0.042609884567342104,0.642419652594651,0.8187110053438109,robust,1.0,full_interevent,5.0,-117.48829689168525,35.74849288692565,True,False,9.944209183320389,4.939629459565956
2332,6.0,3.0,405,152,2.0632236842105263,0.7643019711623744,0.7680089776860598,0.05430949527031401,0.6687444454951977,0.8826033855753712,robust,1.0,full_interevent,5.0,-117.47724095359368,35.748487301140266,True,False,10.899517542162354,5.13927783027806
2333,7.0,3.0,229,93,2.040860215053763,0.7956148294494719,0.803072472691641,0.07917318467668741,0.6674059259298826,0.973380557316109,moderately_uncertain,1.0,full_interevent,5.0,-117.46618501718713,35.748480699758346,True,False,11.862194949594116,5.51583303189675
2334,8.0,3.0,164,70,2.0855714285714284,0.7353801096571755,0.743773919558334,0.08304261932017575,0.6031238294349471,0.9125410261591731,moderately_uncertain,1.0,full_interevent,5.0,-117.45512908274642,35.74847308278029,True,False,12.830582815774482,6.03627794710772
2335,9.0,3.0,104,39,2.1700000000000004,0.6433992324492616,0.6601965457861422,0.10257032690505351,0.4883178416619735,0.871303926497349,exploratory,1.0,full_interevent,5.0,-117.44407315055241,35.74846445020662,True,False,13.803479335396519,6.666999990529078
2373,-9.0,4.0,118,36,2.4091666666666667,0.47507144784311955,0.4840309539382782,0.06283364616321313,0.3868746370836523,0.6267585047376637,exploratory,1.0,full_interevent,5.0,-117.64309126168759,35.757477151827025,True,True,4.99621303836265,14.732816433680648
2374,-8.0,4.0,192,49,2.3708163265306124,0.4958739278401337,0.5049842929468121,0.05410102144923028,0.4094355729542943,0.6260056763100678,exploratory,1.0,full_interevent,5.0,-117.63203408315688,35.75748578599024,True,True,4.107837763955174,13.822739145607368
2375,-7.0,4.0,400,125,2.16824,0.6450812220058996,0.6532951323832827,0.05620751570348703,0.5564622811892929,0.7784855584030541,robust,1.0,full_interevent,5.0,-117.62097690237827,35.757493404370834,True,False,3.284283402090558,12.925956634094128
2376,-6.0,4.0,618,204,2.1966176470588237,0.6189902487826686,0.6227586559564371,0.040864800855582,0.5448210716597903,0.7009436183443023,robust,1.0,full_interevent,5.0,-117.6099197196327,35.757500006968264,True,True,2.588185432985594,12.045438652264089
2377,-5.0,4.0,793,249,2.186385542168675,0.6281509453336219,0.6312485702595168,0.03955365204117255,0.560898215063741,0.7150603490884829,robust,1.0,full_interevent,5.0,-117.59886253520119,35.7575055937822,True,True,2.147298350437153,11.185027033692561
2378,-4.0,4.0,1007,326,2.185184049079754,0.6292444493353787,0.6305280213204348,0.031906068833198645,0.5723689185213747,0.6912993498304474,robust,1.0,full_interevent,5.0,-117.5878053493647,35.75751016481227,True,True,2.1267525892922783,10.349737540798275
2379,-3.0,4.0,1222,408,2.1638235294117645,0.6493409140154163,0.648797708192874,0.03181095586431685,0.5899963491556866,0.7195802956961731,robust,1.0,full_interevent,5.0,-117.57674816240427,35.75751372005814,True,False,2.5367820060723987,9.54616700997761
2380,-2.0,4.0,1301,442,2.15762443438914,0.6554157368247657,0.655587710974534,0.03042540453209576,0.6024244461946938,0.7153307434971801,robust,1.0,full_interevent,5.0,-117.56569097460083,35.757516259519655,True,False,3.2167451432471297,8.783025788494564
2381,-1.0,4.0,1343,453,2.145562913907285,0.667567229270535,0.6688217077430916,0.03069991675099014,0.6125669927676575,0.7331811968998027,robust,1.0,full_interevent,5.0,-117.55463378623543,35.75751778319662,True,False,4.03232385689385,8.071789109010238
2382,0.0,4.0,1386,473,2.1526849894291757,0.6603381389017086,0.661735594530853,0.030059219499984358,0.6092301619174066,0.7242829913492875,robust,1.0,full_interevent,5.0,-117.54357659758901,35.75751829108896,True,False,4.916484725608997,7.427382906469277
2383,1.0,4.0,1396,477,2.141823899371069,0.6714261521961888,0.6733394861638278,0.029307005747621843,0.6208703618265261,0.7362840198302718,robust,1.0,full_interevent,5.0,-117.53251940894259,35.75751778319662,True,False,5.838151113787469,6.868642825062875
2384,2.0,4.0,1299,445,2.13,0.683928317957877,0.6887229472828442,0.030208950174671085,0.6308093644479942,0.7474145038737852,robust,1.0,full_interevent,5.0,-117.52146222057719,35.757516259519655,True,False,6.782049454087545,6.4179819006649925
2385,3.0,4.0,972,319,2.122131661442006,0.6925092585895748,0.6935487131564206,0.036166132283005976,0.622249469878371,0.7635295485609825,robust,1.0,full_interevent,5.0,-117.51040503277375,35.75751372005814,True,False,7.740050462882039,6.09940399516536
2386,4.0,4.0,557,181,2.0931491712707184,0.7260638361842567,0.7342844341174403,0.050082667088163904,0.6443882725528784,0.834422156330954,robust,1.0,full_interevent,5.0,-117.4993478458133,35.75751016481227,True,False,8.707500648190143,5.934219958445664
2387,5.0,4.0,274,100,2.1391,0.6742656138848809,0.6783020859113016,0.05649236025620846,0.583803697691995,0.7964001531782874,robust,1.0,full_interevent,5.0,-117.48829065997683,35.7575055937822,True,False,9.681567740221778,5.935250957978995
2388,6.0,4.0,94,31,2.135806451612903,0.677731132091659,0.6921056774989213,0.12002043874536597,0.508229609665787,0.9808170128060834,exploratory,1.0,full_interevent,5.0,-117.4772334755453,35.757500006968264,True,False,10.660438090377633,6.102412748509092
2429,-9.0,5.0,140,42,2.3452380952380953,0.5107916057109094,0.5194015112109562,0.05958477781542729,0.4178276032921116,0.6503785295875012,exploratory,1.0,full_interevent,5.0,-117.64310248291429,35.76648983991258,True,True,4.669861063412319,15.161897796941822
2430,-8.0,5.0,182,45,2.392666666666667,0.48380373030440216,0.4898434486800135,0.05563466469007285,0.39624022876567694,0.609647946800831,exploratory,1.0,full_interevent,5.0,-117.63204405758417,35.76649847566583,True,True,3.704023315510544,14.279194032713647
2431,-7.0,5.0,361,104,2.181923076923077,0.6322316085937595,0.6351702171971599,0.05783787800736188,0.5334936119573401,0.7563987875813187,robust,1.0,full_interevent,5.0,-117.6209856300049,35.76650609544938,True,True,2.7626029559306957,13.412964610512498
2432,-6.0,5.0,566,178,2.1712359550561797,0.6422232930030641,0.6486629060397079,0.046925800297498835,0.5679665811598816,0.7462301679558003,robust,1.0,full_interevent,5.0,-117.60992720045755,35.76651269926275,True,False,1.8825943435558044,12.566616770707876
2433,-5.0,5.0,744,230,2.1866521739130436,0.6279087932973844,0.6311931428165413,0.039622633172995136,0.5587450064922911,0.7111684096974291,robust,1.0,full_interevent,5.0,-117.59886876922332,35.76651828710553,True,True,1.2067923734676165,11.744449517998369
2434,-4.0,5.0,839,263,2.17680608365019,0.6369765426236247,0.637274311884607,0.037992923027435,0.5702504445123838,0.710919021824566,robust,1.0,full_interevent,5.0,-117.58781033658335,35.76652285897735,True,True,1.1698436660216167,10.951909965836455
2435,-3.0,5.0,1024,327,2.1788379204892965,0.6350839415171763,0.6382338221641333,0.0353287548680836,0.5705054133324904,0.7113074189739279,robust,1.0,full_interevent,5.0,-117.57675190281878,35.766526414877966,True,True,1.8112759516987436,10.195909440494436
2436,-2.0,5.0,1161,382,2.16282722513089,0.6503096393204587,0.6534101717653024,0.03331064936145611,0.591342546983089,0.7250852089565178,robust,1.0,full_interevent,5.0,-117.56569346821078,35.76652895480714,True,False,2.681959534272186,9.485188808755433
2437,-1.0,5.0,1227,410,2.138390243902439,0.6750094301540365,0.6777952799490201,0.030489286156855682,0.6197526196027746,0.7413464851711511,robust,1.0,full_interevent,5.0,-117.55463503304047,35.76653047876471,True,False,3.6200957603003787,8.83068763781819
2438,0.0,5.0,1203,402,2.1331592039800995,0.6805425342056102,0.6814596492269342,0.03382481636539054,0.6253027000701258,0.7542979452008987,robust,1.0,full_interevent,5.0,-117.54357659758901,35.76653098675057,True,False,4.58446067537023,8.245803876863112
2439,1.0,5.0,1152,384,2.1026822916666665,0.7146735849618544,0.7164891084175034,0.034694286235571754,0.6531796056619252,0.7832256489711525,robust,1.0,full_interevent,5.0,-117.53251816213755,35.76653047876471,True,False,5.561426620417405,7.746322933796812
2440,2.0,5.0,980,326,2.112852760736196,0.7029093491235238,0.7025232252679824,0.03902884679747855,0.6305571285915245,0.7819562108599977,robust,1.0,full_interevent,5.0,-117.52145972696724,35.76652895480714,True,False,6.545353498823318,7.3496772999664515
2441,3.0,5.0,617,194,2.1391237113402064,0.6742407929675962,0.6778460807211811,0.04679582955699526,0.5950252115583264,0.7753600063315857,robust,1.0,full_interevent,5.0,-117.51040129235923,35.766526414877966,True,False,7.533514372112789,7.073188378137392
2442,4.0,5.0,287,95,2.1553684210526316,0.6576548303308986,0.6642875286115459,0.06286317659391044,0.5517257205944436,0.8011374781598367,moderately_uncertain,1.0,full_interevent,5.0,-117.49934285859467,35.76652285897735,True,False,8.524436941235546,6.931250338257419
2484,-10.0,6.0,104,30,2.3220000000000005,0.5251444763038108,0.5362694477426321,0.08664176400187604,0.3975145398433377,0.7117933367405933,exploratory,1.0,full_interevent,5.0,-117.65417337836843,35.7754928609618,True,True,5.544445293099448,16.51357538882214
2485,-9.0,6.0,145,40,2.3557499999999996,0.5045535659636968,0.5091371116058165,0.06267361187844062,0.40209299648332236,0.6563869704059098,exploratory,1.0,full_interevent,5.0,-117.64311370830768,35.77550251446188,True,True,4.544563783075766,15.643222479440993
2486,-8.0,6.0,177,45,2.3673333333333337,0.4978538195299025,0.5049756705081829,0.06527907972640343,0.40017332687179646,0.6616456570149584,exploratory,1.0,full_interevent,5.0,-117.63205403571517,35.77551115180567,True,True,3.544749123522737,14.78927472732398
2487,-7.0,6.0,296,88,2.1748863636363636,0.6387751029163657,0.649576842742556,0.06257664306704501,0.537105431457423,0.7909418773012984,moderately_uncertain,1.0,full_interevent,5.0,-117.62099436087225,35.775518772992626,True,True,2.5450801007014503,13.95474415312726
2488,-6.0,6.0,515,158,2.1751265822784807,0.638549489491102,0.6439201492945668,0.04707768369764259,0.5583645427890943,0.7358046538604432,robust,1.0,full_interevent,5.0,-117.60993468406016,35.77552537802228,True,True,1.545839283126741,13.143329935682782
2489,-5.0,6.0,633,193,2.2001554404145076,0.6158847496772668,0.6204143454436392,0.04374185640162472,0.5397237718951265,0.7112211131589761,robust,1.0,full_interevent,5.0,-117.59887500556029,35.77553096689422,True,True,0.5493682367311464,12.359585721907951
2490,-4.0,6.0,754,233,2.1789270386266093,0.6350011878099695,0.6388610427389049,0.03960425633457159,0.5629151813996583,0.7174349624833046,robust,1.0,full_interevent,5.0,-117.58781532565386,35.775535539608114,True,True,0.46259250945122515,11.609116961947045
2491,-3.0,6.0,827,255,2.18521568627451,0.62921560685963,0.6307510541312461,0.04102880724214373,0.5492586242675243,0.7232596102565025,robust,1.0,full_interevent,5.0,-117.57675564462221,35.77553909616366,True,True,1.4581420370017713,10.898799661207757
2492,-2.0,6.0,940,299,2.16628762541806,0.6469573778196563,0.6478687523696235,0.03715510557410814,0.581105302627538,0.7277696113577433,robust,1.0,full_interevent,5.0,-117.56569596274666,35.77554163656062,True,False,2.457308399518255,10.236995236597409
2493,-1.0,6.0,985,310,2.1357741935483867,0.6777652506544912,0.6780343165790536,0.0362660319919355,0.608703177877484,0.7465990994459742,robust,1.0,full_interevent,5.0,-117.5546362803085,35.77554316079886,True,False,3.4569568901874175,9.633706913389764
2494,0.0,6.0,968,309,2.1272168284789643,0.6869391359735089,0.6906828549945548,0.041572005201177646,0.6160083576444304,0.7771292025877085,robust,1.0,full_interevent,5.0,-117.54357659758901,35.77554366887829,True,False,4.4567630979092385,9.100579449247693
2495,1.0,6.0,893,289,2.118823529411765,0.6961816305851275,0.6973535097492746,0.041317976387524546,0.6214739496215712,0.779863014804584,robust,1.0,full_interevent,5.0,-117.53251691486952,35.77554316079886,True,False,5.45664032909966,8.650594414896885
2496,2.0,6.0,588,189,2.166613756613757,0.6466432195983343,0.6523612542392841,0.045238714767910776,0.5695483363073169,0.742471246071461,robust,1.0,full_interevent,5.0,-117.52145723243135,35.77554163656062,True,False,6.456555587263858,8.297289988304668
2497,3.0,6.0,315,101,2.155940594059406,0.6570855017935501,0.6592439832463638,0.06377732539141477,0.5457185679513266,0.7899132818455149,robust,1.0,full_interevent,5.0,-117.51039755055581,35.77553909616366,True,False,7.456493574174085,8.053400435157599
2540,-10.0,7.0,103,30,2.2993333333333337,0.5399434089141131,0.5534206944852403,0.08796611890602142,0.4087319697808725,0.7564714862553483,exploratory,1.0,full_interevent,5.0,-117.65418585565459,35.78450552019524,True,True,5.620171815437861,17.015447007313416
2541,-9.0,7.0,146,41,2.3360975609756096,0.51634257671548,0.5262372263357774,0.062139986680369436,0.42419663117966333,0.6622265120939277,exploratory,1.0,full_interevent,5.0,-117.64312493786967,35.78451517547353,True,True,4.636649394262348,16.172126461219214
2542,-8.0,7.0,170,42,2.343095238095238,0.5120822077466753,0.5137575795683345,0.06209902817236875,0.41266876236382427,0.635634188083552,exploratory,1.0,full_interevent,5.0,-117.63206401755163,35.784523814408345,True,True,3.662062803337034,15.347635378019717
2543,-7.0,7.0,216,51,2.3252941176470587,0.5230610125650217,0.5289387190570136,0.061580529121044475,0.42008173221349454,0.6550388642420837,moderately_uncertain,1.0,full_interevent,5.0,-117.62100309498187,35.78453143699916,True,True,2.7060839502602256,14.545176145912368
2544,-6.0,7.0,400,112,2.178482142857143,0.635414526102733,0.6416668539943468,0.0583686829637355,0.5441630327992141,0.7659159663934878,robust,1.0,full_interevent,5.0,-117.60994217044191,35.78453804324548,True,True,1.7986319012314003,13.768601473446527
2545,-5.0,7.0,529,152,2.187565789473684,0.6270804716376394,0.6280427466776082,0.046115748471567915,0.5451068001502681,0.7205381300694713,robust,1.0,full_interevent,5.0,-117.59888124421316,35.78454363314692,True,True,1.0711036767739035,13.022542914253329
2546,-4.0,7.0,618,188,2.201276595744681,0.6149070838816938,0.6195287013884886,0.043920375086092305,0.5434766422379588,0.7137429019781317,robust,1.0,full_interevent,5.0,-117.58782031657711,35.78454820670312,True,True,1.0292956118967318,12.312548938889352
2547,-3.0,7.0,674,202,2.1932673267326734,0.6219601938635722,0.6245319169762474,0.04108781008543735,0.5515265131478657,0.7110983119280663,robust,1.0,full_interevent,5.0,-117.5767593878152,35.78455176391378,True,True,1.7238433301611722,11.64521785075406
2548,-2.0,7.0,721,229,2.206943231441048,0.6100127969812904,0.612663662423063,0.04097092483093577,0.5451997984779411,0.6964353754366641,robust,1.0,full_interevent,5.0,-117.5656984582089,35.78455430477871,True,True,2.6237039080682205,11.02829706756654
2549,-1.0,7.0,739,232,2.1794396551724136,0.6345255985991212,0.6346564023030189,0.042613341444348835,0.5598607720757791,0.7245359659567353,robust,1.0,full_interevent,5.0,-117.55463752803969,35.78455582929772,True,True,3.577150900854442,10.470700722944594
2550,0.0,7.0,658,206,2.1717961165048543,0.6416917463209718,0.6418903893387573,0.0401153684779477,0.5787718259530995,0.7233362724261796,robust,1.0,full_interevent,5.0,-117.54357659758901,35.78455633747074,True,False,4.550625774303468,9.982375020427162
2551,1.0,7.0,456,138,2.2067391304347823,0.6101877265592422,0.6181779271391336,0.054559481352904116,0.5215824594580927,0.7247996262963403,robust,1.0,full_interevent,5.0,-117.53251566713833,35.78455582929772,True,True,5.533568587089739,9.573925447141516
2552,2.0,7.0,258,76,2.192894736842105,0.6222922440544334,0.6332765618551863,0.08148954820755239,0.4876239375110558,0.8108619606528923,moderately_uncertain,1.0,full_interevent,5.0,-117.52145473696912,35.78455430477871,True,True,6.521699753768003,9.255932469848707
2597,-9.0,8.0,141,37,2.28,0.5532413782207031,0.5665545150242188,0.08378344784094517,0.43440896245057053,0.7526371997720592,exploratory,1.0,full_interevent,5.0,-117.6431361716023,35.79352782294614,True,True,4.933961413730644,16.744101618601263
2598,-8.0,8.0,166,42,2.343095238095238,0.5120822077466753,0.5187881960336717,0.061895933425192055,0.4097071946164782,0.6622843341017732,exploratory,1.0,full_interevent,5.0,-117.63207400309528,35.793536463472485,True,True,4.031893054441571,15.949206138018946
2599,-7.0,8.0,187,43,2.3532558139534885,0.5060198542701484,0.5128079693556904,0.05743320635622487,0.4134283726587091,0.630961560157578,exploratory,1.0,full_interevent,5.0,-117.62101183233534,35.79354408746759,True,True,3.1887847172121035,15.178584052934479
2600,-6.0,8.0,250,62,2.2891935483870958,0.5468370811941845,0.5480127312149562,0.059051149258203,0.4452542396392197,0.6634672470724898,moderately_uncertain,1.0,full_interevent,5.0,-117.60994965960406,35.79355069493096,True,True,2.4658739511574326,14.436123138535935
2601,-5.0,8.0,380,100,2.2087,0.6085112538927447,0.6115424147037061,0.05826234756900825,0.5172836695009794,0.7372952654717182,robust,1.0,full_interevent,5.0,-117.59888748518304,35.793556285862216,True,True,1.9981793496250682,13.726393870567327
2602,-4.0,8.0,453,123,2.186422764227643,0.6281171294502902,0.631884207347921,0.0517861365498206,0.5417051776439431,0.7424379032786664,robust,1.0,full_interevent,5.0,-117.58782530935395,35.79356086026098,True,True,1.9760837744233803,13.054735773232794
2603,-3.0,8.0,490,138,2.181449275362319,0.6326679879937586,0.6330606548810178,0.04844145294994476,0.553046186344192,0.7455180076209331,robust,1.0,full_interevent,5.0,-117.57676313239838,35.79356441812699,True,True,2.4118651400546103,12.427323264802432
2604,-2.0,8.0,499,147,2.201088435374149,0.6150709459971874,0.6208863988520095,0.046570766550192266,0.5459836195555696,0.719335151020396,robust,1.0,full_interevent,5.0,-117.56570095459796,35.793566959460016,True,True,3.119179351060458,11.851185634647507
2605,-1.0,8.0,426,117,2.153247863247863,0.6597734776690319,0.664963247470002,0.05750221397929918,0.5663815936223727,0.7982730491395259,robust,1.0,full_interevent,5.0,-117.5546387762343,35.793568484259886,True,False,3.954929353901689,11.334144800815418
2606,0.0,8.0,306,73,2.15041095890411,0.6626292648957545,0.6673155420948108,0.07454577362575984,0.5423481059419147,0.8297447761750505,moderately_uncertain,1.0,full_interevent,5.0,-117.54357659758901,35.793568992526524,True,False,4.853210541963384,10.88462566121715
2607,1.0,8.0,191,47,2.0904255319148937,0.7293850509005837,0.7384973607412958,0.10931431959367757,0.5631325474551884,1.0037025868384235,exploratory,1.0,full_interevent,5.0,-117.53251441894372,35.793568484259886,True,False,5.78496663213331,10.51129455413569
2653,-9.0,9.0,128,31,2.2674193548387094,0.5622522004176576,0.5790680820389212,0.0916558234846001,0.4258654712357814,0.7767380397809717,exploratory,1.0,full_interevent,5.0,-117.64314740950749,35.802540456878326,True,True,5.40272457738245,17.354889908911094
2654,-8.0,9.0,162,36,2.2958333333333334,0.5423032032090553,0.5560459471630272,0.07795878947538978,0.4274649000681439,0.7356540331444428,exploratory,1.0,full_interevent,5.0,-117.6320839923479,35.8025490989967,True,True,4.5936498810122295,16.589286939751204
2655,-7.0,9.0,174,41,2.3426829268292684,0.5123312834997359,0.5251645613617687,0.06393487898169342,0.418073782715851,0.6581682362743408,exploratory,1.0,full_interevent,5.0,-117.6210205729341,35.80255672439652,True,True,3.874765231545643,15.849816358190893
2656,-6.0,9.0,190,43,2.3532558139534885,0.5060198542701484,0.5103903930569572,0.06207068282728298,0.41184757972632347,0.661905959252287,exploratory,1.0,full_interevent,5.0,-117.6099571515479,35.80256333307733,True,True,3.3054488303203624,15.140307658939804
2657,-5.0,9.0,245,61,2.3062295081967212,0.5353534080246208,0.5410046940653498,0.0602211779589,0.4403805887997571,0.6762848917772281,moderately_uncertain,1.0,full_interevent,5.0,-117.59889372847103,35.802568925038706,True,True,2.972907388422577,14.465170355938676
2658,-4.0,9.0,311,83,2.185903614457831,0.6285891010196166,0.6299153021503833,0.06484251132745503,0.5124641587825538,0.7691979404214562,moderately_uncertain,1.0,full_interevent,5.0,-117.58783030398529,35.80257350028033,True,True,2.9581015382181928,13.829439281666584
2659,-3.0,9.0,335,89,2.178202247191011,0.6356748439994971,0.6400281282576535,0.060220878418446054,0.5434768449204646,0.7738550434919104,moderately_uncertain,1.0,full_interevent,5.0,-117.57676687837244,35.80257705880187,True,True,3.2653561950697094,13.238792553109912
2660,-2.0,9.0,311,78,2.1311538461538464,0.6826878191949542,0.6868577324738911,0.07212065495675112,0.5678540011496289,0.8343470911329848,moderately_uncertain,1.0,full_interevent,5.0,-117.56570345191425,35.80257960060314,True,False,3.8176874480438316,12.699522262008683
2661,-1.0,9.0,250,60,2.0989999999999998,0.7190305991775695,0.7341083590398401,0.09085964934104003,0.5831188184539104,0.9492949730871628,moderately_uncertain,1.0,full_interevent,5.0,-117.55464002489252,35.80258112568395,True,False,4.526248316345748,12.218432923342906
2662,0.0,9.0,164,37,2.167837837837838,0.6454667937505651,0.6538518165509918,0.10507788171402555,0.47737100293155305,0.8851446117957923,exploratory,1.0,full_interevent,5.0,-117.54357659758901,35.80258163404424,True,False,5.3290815523403285,11.802641251906525
2711,-7.0,10.0,150,31,2.2819354838709676,0.5518806697684283,0.5618213856612513,0.08364221575845751,0.4248922012786006,0.7469565841464977,exploratory,1.0,full_interevent,5.0,-117.62102931677977,35.81156934778457,True,True,4.67538909893759,16.554272660698636
2712,-6.0,10.0,165,38,2.3210526315789477,0.5257467445786417,0.5374152293004638,0.06920891231300295,0.4135342529731195,0.6877834120845187,exploratory,1.0,full_interevent,5.0,-117.60996464627479,35.81157595768319,True,True,4.215619716807452,15.876277294873947
2713,-5.0,10.0,162,40,2.357,0.5038219047601528,0.509506716470233,0.06437835645016557,0.4046890924307759,0.6469011566198022,exploratory,1.0,full_interevent,5.0,-117.5988999740782,35.81158155067502,True,True,3.9602570581979943,15.233791982389208
2714,-4.0,10.0,173,45,2.284222222222222,0.550281618630053,0.5519136200803096,0.0647351736873086,0.4461319396738769,0.6844194111771692,exploratory,1.0,full_interevent,5.0,-117.58783530047197,35.81158612675974,True,True,3.9491546357769183,14.631495329653818
2715,-3.0,10.0,196,40,2.1997500000000003,0.6162390661982996,0.6254078605567781,0.09629834910296757,0.46827742694758495,0.8273023645249387,exploratory,1.0,full_interevent,5.0,-117.57677062573799,35.81158968593702,True,True,4.184257246818079,14.074547701459439
2716,-2.0,10.0,183,39,2.1756410256410263,0.6380668598314863,0.6574255092726896,0.09881348024452509,0.5128873528453614,0.8854726046042297,exploratory,1.0,full_interevent,5.0,-117.56570595015822,35.81159222820669,True,True,4.628195661142786,13.568534571560514
2717,-1.0,10.0,140,30,2.2116666666666664,0.605992300330119,0.6212236947378865,0.11823527985863176,0.44345930759351776,0.9113892857881277,exploratory,1.0,full_interevent,5.0,-117.55464127401457,35.81159375356854,True,True,5.228038011347298,13.11935089242637
1089,-5.0,-19.0,201,64,2.029375,0.8127148199359099,0.8412499592356103,0.12812985736968807,0.6364530626655672,1.1228897715261745,moderately_uncertain,1.0,pre_separator,5.0,-117.59871978908902,35.55020991501987,True,False,25.083168954256795,19.546808967392167
1090,-4.0,-19.0,192,61,1.9849180327868852,0.8864635568378239,0.9050851773598276,0.1539961299564912,0.6408045701489,1.2350833326523125,moderately_uncertain,1.0,pre_separator,5.0,-117.58769115245354,35.55021446676113,True,False,25.081418443901118,19.081141952899426
1143,-7.0,-18.0,236,78,2.0202564102564105,0.8268237634477332,0.8471130522069821,0.10569730428872014,0.6632363139444399,1.0644911941014608,moderately_uncertain,1.0,pre_separator,5.0,-117.62078571142915,35.55921077904794,True,False,24.21128765006353,19.770698791548824
1144,-6.0,-18.0,274,105,2.051142857142857,0.7809045397695255,0.782765012909086,0.08964171977924867,0.6378273064380419,0.9864990935606589,robust,1.0,pre_separator,5.0,-117.60975584163191,35.559217354991056,True,False,24.126720374812447,19.206581375276702
1145,-5.0,-18.0,287,111,2.040900900900901,0.7955555324904848,0.8001091540700845,0.09000692768662145,0.6464600521984187,0.9897892493352408,robust,1.0,pre_separator,5.0,-117.59872597016918,35.559222919251326,True,False,24.08341384469115,18.678999050915483
1146,-4.0,-18.0,299,114,2.0409649122807014,0.7954622579847483,0.8025552538976201,0.08438594990904655,0.6483251392457652,0.9855642045838577,robust,1.0,pre_separator,5.0,-117.5876960973186,35.55922747182838,True,False,24.0815906614354,18.191130887415362
1147,-3.0,-18.0,262,106,2.0676415094339617,0.758405520292335,0.7638406365067961,0.07919183466295092,0.6258563328230634,0.9293140923459057,robust,1.0,pre_separator,5.0,-117.57666622335772,35.55923101272192,True,False,24.121260231488815,17.74625257292516
1148,-2.0,-18.0,159,64,2.15421875,0.6588017739229228,0.6659052695876355,0.08925133510924865,0.5107742465513965,0.8529456782407494,moderately_uncertain,1.0,pre_separator,5.0,-117.5656363485641,35.559233541931754,True,False,24.202218524868233,17.347671826531325
1149,-1.0,-18.0,92,32,2.1865625,0.6279902133259855,0.6587484981339062,0.1377289534267911,0.4197951604996744,0.943477489538633,exploratory,1.0,pre_separator,5.0,-117.55460647321536,35.55923505945772,True,False,24.32405327850904,16.998645687818907
1198,-8.0,-17.0,245,82,2.019878048780488,0.8274197842952287,0.8475961971374493,0.11283365667899455,0.6549954926388641,1.084100239209702,moderately_uncertain,1.0,pre_separator,5.0,-117.6318254726676,35.56821617852881,True,False,23.34779905966978,19.588148407227088
1199,-7.0,-17.0,294,110,2.041818181818182,0.7942209976618069,0.7965698746944146,0.08662065621151609,0.6600645674601409,0.9786466899718622,robust,1.0,pre_separator,5.0,-117.62079436814302,35.5682237675478,True,False,23.217060694691487,18.96596413163667
1200,-6.0,-17.0,330,123,2.0278048780487805,0.8151098081040661,0.8189508705219248,0.07834694774795022,0.6730999845889953,0.9816909660780632,robust,1.0,pre_separator,5.0,-117.60976326167435,35.56823034469854,True,False,23.12885846018475,18.37716063110688
1201,-5.0,-17.0,348,135,2.014962962962963,0.8352411860807608,0.8449388388765815,0.0819893904609412,0.684985247589037,1.0031959764386087,robust,1.0,pre_separator,5.0,-117.59873215353933,35.568235909980615,True,False,23.083679950162427,17.82504615086537
1202,-4.0,-17.0,357,140,2.0308571428571427,0.8104669083771697,0.8263916981517297,0.08184446934249492,0.6832139048802937,0.9987821046401685,robust,1.0,pre_separator,5.0,-117.58770104401563,35.56824046339369,True,False,23.081777800069954,17.3131310772909
1203,-3.0,-17.0,334,137,2.0321897810218976,0.8084563356307565,0.8143931734696952,0.07226823938967945,0.6871696860633306,0.9662322701212197,robust,1.0,pre_separator,5.0,-117.57666993338103,35.5682440049375,True,False,23.12316268986735,16.84508073944532
1204,-2.0,-17.0,265,108,2.086111111111111,0.7347087099867046,0.7398718105872076,0.07802060815169751,0.6063794788948129,0.8950822448500174,robust,1.0,pre_separator,5.0,-117.56563882191324,35.568246534611795,True,False,23.2076030462507,16.424645583311907
1205,-1.0,-17.0,171,78,2.128846153846154,0.6851733330997904,0.6954383239285197,0.07942654051921201,0.556170007666156,0.8763583480895488,moderately_uncertain,1.0,pre_separator,5.0,-117.55460770988999,35.568248052416436,True,False,23.334631463183985,16.05556663454713
1206,0.0,-17.0,71,35,2.244,0.5798324190964642,0.59499882980956,0.09792811043574866,0.4274440822415049,0.8089680778209741,exploratory,1.0,pre_separator,5.0,-117.54357659758901,35.56824855835132,True,True,23.5035574305867,15.741456647189892
1254,-8.0,-16.0,300,110,2.034545454545454,0.8049265881947385,0.8142452717842252,0.09098961869829851,0.66289105932545,1.013243982896852,robust,1.0,pre_separator,5.0,-117.63183536971746,35.57722915213058,True,False,22.359901130317784,18.828776454138804
1255,-7.0,-16.0,346,128,2.0139843749999997,0.8368161024178272,0.8377867172888475,0.08656756618445664,0.6854172137361785,1.0164981034366571,robust,1.0,pre_separator,5.0,-117.62080302806436,35.577236742543384,True,False,22.223351793279466,18.180623206559986
1256,-6.0,-16.0,382,149,2.0288590604026844,0.8135002552465214,0.8197786587169755,0.0756058113011684,0.6841926353747763,0.984854696044206,robust,1.0,pre_separator,5.0,-117.60977068446607,35.5772433209021,True,False,22.131189559039274,17.56551444159502
1257,-5.0,-16.0,397,155,2.0298709677419353,0.811961216995405,0.8219906429201501,0.0716713592168895,0.6934557203895124,0.9747121859592971,robust,1.0,pre_separator,5.0,-117.5987383392005,35.577248887206316,True,False,22.083970151863554,16.98704020766593
1258,-4.0,-16.0,405,162,2.034259259259259,0.8053537782546569,0.8103159096666837,0.06828277673428654,0.6799323138974323,0.9476250205625726,robust,1.0,pre_separator,5.0,-117.5877059925455,35.5772534414557,True,False,22.081981886566965,16.44906600496924
1259,-3.0,-16.0,385,153,2.034183006535948,0.8054676735704892,0.8062535099052544,0.07167087257249014,0.6764350451041846,0.9572927127937964,robust,1.0,pre_separator,5.0,-117.57667364477898,35.577256983649946,True,False,22.125236957125296,15.955688949550577
1260,-2.0,-16.0,336,135,2.0699999999999994,0.7552947511360909,0.7570764133150573,0.06878047309300396,0.6295956620742755,0.8900426293986474,robust,1.0,pre_separator,5.0,-117.56564129617878,35.577259513788846,True,False,22.213471065531703,15.511165245518665
1261,-1.0,-16.0,272,115,2.1039999999999996,0.7131272280841577,0.723210133916101,0.07342808384154145,0.596661702396032,0.8746047500040213,robust,1.0,pre_separator,5.0,-117.55460894702284,35.577261031872254,True,False,22.346151416955124,15.119804386722793
1262,0.0,-16.0,145,75,2.163333333333333,0.6498171799051151,0.6569475857502782,0.07298338824275306,0.5192833380885632,0.8120410624383707,moderately_uncertain,1.0,pre_separator,5.0,-117.54357659758901,35.577261537900064,True,False,22.522492524579885,14.785828421557499
1310,-8.0,-15.0,348,128,2.0153125,0.8346800853395833,0.8380725153616957,0.08446446098378088,0.6990061935981413,1.0253099246313782,robust,1.0,pre_separator,5.0,-117.63184527043471,35.5862421122262,True,False,21.37312883469465,18.092818671956852
1311,-7.0,-15.0,393,151,2.0340397350993378,0.8056817589211993,0.8120275725234383,0.07250722890499568,0.6828459668232473,0.9716413329698829,robust,1.0,pre_separator,5.0,-117.62081169119465,35.58624970403326,True,False,21.230233690534995,17.41729958734379
1312,-6.0,-15.0,424,165,2.0336969696969693,0.8061944030380447,0.8125771045281449,0.06721993084017298,0.6898063369710231,0.9427935084507634,robust,1.0,pre_separator,5.0,-117.60977811000834,35.58625628360032,True,False,21.133741006385936,16.774223151438697
1313,-5.0,-15.0,442,174,2.031379310344827,0.8096779154737587,0.8144871741906815,0.06568393815132688,0.694381434560497,0.9403765669653263,robust,1.0,pre_separator,5.0,-117.5987445271538,35.586261850926995,True,False,21.084287877357152,16.167461141231723
1314,-4.0,-15.0,457,183,2.0289617486338796,0.8133438078933134,0.8231370571839663,0.06369283714754674,0.7094228335325327,0.9496604652663411,robust,1.0,pre_separator,5.0,-117.58771094290907,35.586266406012925,True,False,21.082205332116967,15.60125114124548
1315,-3.0,-15.0,427,174,2.0410919540229884,0.7952772032326441,0.8040143900872049,0.0654025578442913,0.6815832693184168,0.9347684154592883,robust,1.0,pre_separator,5.0,-117.57667735755219,35.58626994885783,True,False,21.12750737867135,15.080161623510177
1316,-2.0,-15.0,382,157,2.065668789808917,0.7610272186931253,0.7674406223901199,0.06321216427307218,0.6539419592055896,0.8962253408777899,robust,1.0,pre_separator,5.0,-117.56564377136118,35.586272479461485,True,False,21.219890537090045,14.6090215966082
1317,-1.0,-15.0,326,139,2.093597122302158,0.7255204973805903,0.7290728183689383,0.06287825614005202,0.6140952582845451,0.8640573426876897,robust,1.0,pre_separator,5.0,-117.55461018461412,35.586273997823746,True,False,21.358743895097273,14.192806256309586
1318,0.0,-15.0,234,107,2.1045794392523365,0.712449360883832,0.7178639281433387,0.07670575890495172,0.5855234430327045,0.8818213483882219,robust,1.0,pre_separator,5.0,-117.54357659758901,35.5862745039445,True,False,21.54316892071884,13.836473063903108
1319,1.0,-15.0,80,45,2.0795555555555563,0.7429481728054099,0.7632584437091973,0.12869517170944933,0.5449115205812444,1.0221500290945702,exploratory,1.0,pre_separator,5.0,-117.53254301056388,35.586273997823746,True,False,21.77200756744535,13.54474895548426
1365,-9.0,-14.0,276,98,1.9807142857142856,0.8941356980361068,0.9057372702918743,0.11432664972400824,0.707617819937185,1.144333811502142,moderately_uncertain,1.0,pre_separator,5.0,-117.64288998988114,35.59524645318702,True,False,20.585040865663935,18.11532817295104
1366,-8.0,-14.0,392,145,2.038206896551724,0.7995010458448741,0.8063668136303733,0.07515818996488823,0.6582584745134615,0.956919652262165,robust,1.0,pre_separator,5.0,-117.63185517482104,35.59525505881425,True,False,20.38764561717035,17.38324918514054
1367,-7.0,-14.0,432,172,2.0504651162790695,0.781857346528777,0.7874815795289579,0.06345541180720551,0.6733704372058015,0.9275923189411106,robust,1.0,pre_separator,5.0,-117.62082035753538,35.595262652016,True,False,20.237793362459175,16.679016447370778
1368,-6.0,-14.0,460,184,2.0553260869565215,0.7750745360833983,0.7852617777403611,0.06400641827294684,0.6689543444359816,0.9187905198241805,robust,1.0,pre_separator,5.0,-117.60978553830242,35.59526923279179,True,False,20.136545546639027,16.006305853339196
1369,-5.0,-14.0,496,202,2.0410891089108913,0.7952813466091635,0.7996559363757407,0.06183729513053889,0.6949857107339942,0.9301297207383221,robust,1.0,pre_separator,5.0,-117.59875071740028,35.59527480114124,True,False,20.08463723650839,15.369257122242974
1370,-4.0,-14.0,497,206,2.053252427184466,0.7779535936701727,0.7832790561263167,0.05718395118830025,0.6745697543466644,0.8953810958039425,robust,1.0,pre_separator,5.0,-117.58771589510718,35.59527935706397,True,False,20.082451028009768,14.772484622046223
1371,-3.0,-14.0,474,196,2.058826530612245,0.7702625866712273,0.7683648902226443,0.05877451718107997,0.6664935188047976,0.8869617427637526,robust,1.0,pre_separator,5.0,-117.5766810717013,35.59528290055973,True,False,20.130003121278495,14.221059711834693
1372,-2.0,-14.0,430,182,2.0766483516483514,0.7466615880067247,0.7512507262115066,0.05616136044874003,0.6523650706590433,0.8684028879314943,robust,1.0,pre_separator,5.0,-117.56564624746086,35.595285431628284,True,False,20.226942725803948,13.720451040200665
1373,-1.0,-14.0,386,177,2.091186440677966,0.7284541416429811,0.7301647765226937,0.054616803989433305,0.6303400232945302,0.8443624632060738,robust,1.0,pre_separator,5.0,-117.55461142266404,35.595286950269475,True,False,20.372564845969308,13.276408180133632
1374,0.0,-14.0,330,157,2.097770700636943,0.7204970006742804,0.722249283935623,0.05822074972171274,0.6168371196039575,0.8453918942756635,robust,1.0,pre_separator,5.0,-117.54357659758901,35.59528745648322,True,False,20.565835377477274,12.89477613549359
1375,1.0,-14.0,185,92,2.0840217391304345,0.7373148613231073,0.7466455938229051,0.0769376287437528,0.6031643588844121,0.9112099234361188,moderately_uncertain,1.0,pre_separator,5.0,-117.53254177251398,35.595286950269475,True,False,20.80542648310212,12.581235591287156
1421,-9.0,-13.0,257,93,2.0094623655913977,0.8441715292507562,0.8479922461012753,0.09619220114339228,0.6775572094180515,1.0427548655139827,moderately_uncertain,1.0,pre_separator,5.0,-117.64290113644148,35.60425938468495,True,False,19.610950131697432,17.464031022364
1422,-8.0,-13.0,402,155,2.055548387096774,0.7747671599816314,0.7791554701011592,0.06858348364012905,0.6582649775256331,0.9229523255308523,robust,1.0,pre_separator,5.0,-117.63186508287819,35.6042679918933,True,False,19.40364788997664,16.703431293272292
1423,-7.0,-13.0,453,179,2.0478212290502795,0.7855966071515542,0.7884901732313088,0.0638299293248779,0.6739333170522821,0.9206627987170035,robust,1.0,pre_separator,5.0,-117.6208290270881,35.604275586490175,True,False,19.246135659099625,15.969247145311632
1424,-6.0,-13.0,500,204,2.045294117647059,0.78920429635011,0.7973466237897808,0.05926869290973193,0.6907511718051552,0.9255232194180816,robust,1.0,pre_separator,5.0,-117.60979296934961,35.60428216847508,True,False,19.139642739057003,15.265290426553287
1425,-5.0,-13.0,503,207,2.0498067632850243,0.7827851256386704,0.7884789767701612,0.054792593441255574,0.6907946818218977,0.9000719162662866,robust,1.0,pre_separator,5.0,-117.59875690994103,35.60428773784761,True,False,19.08502320011712,14.595935366601044
1426,-4.0,-13.0,501,205,2.0551219512195122,0.7753570110182156,0.7816135661704032,0.05541054786159515,0.6787209053484973,0.8969279423826146,robust,1.0,pre_separator,5.0,-117.58772084914071,35.60429229460743,True,False,19.0827224713687,13.966157905629265
1427,-3.0,-13.0,486,207,2.1085024154589376,0.7078936789162807,0.7106794523522313,0.048116997013940274,0.6245260846743017,0.8099125730885264,robust,1.0,pre_separator,5.0,-117.57668478722698,35.60429583875424,True,False,19.13275942695019,13.381547147618864
1428,-2.0,-13.0,473,212,2.1086792452830188,0.707689701487236,0.7099201783473348,0.04890769512021902,0.6217647673538562,0.8158348647565273,robust,1.0,pre_separator,5.0,-117.56564872447825,35.60429837028784,True,False,19.234725619561686,12.848269980153837
1429,-1.0,-13.0,459,211,2.108388625592417,0.7080250004372117,0.7092412452496898,0.04819494782546833,0.6206049604770111,0.8136393845201881,robust,1.0,pre_separator,5.0,-117.5546126611728,35.60429988920806,True,False,19.38780173279307,12.372965647002257
1430,0.0,-13.0,405,198,2.0744444444444445,0.7495015028052283,0.75010521591491,0.05104778511435438,0.6590155465028423,0.8560232528997698,robust,1.0,pre_separator,5.0,-117.54357659758901,35.60430039551482,True,False,19.590789733963387,11.962546397856675
1431,1.0,-13.0,265,130,2.074538461538462,0.7493799130265819,0.7532514068848575,0.07049260046295482,0.6335551560623345,0.8963864822678669,robust,1.0,pre_separator,5.0,-117.53254053400522,35.60429988920806,True,False,19.842157865782553,11.62388720436711
1432,2.0,-13.0,164,81,2.0919753086419757,0.7274915320889954,0.7366362299215268,0.08339885249656212,0.593682412658619,0.90846711249529,moderately_uncertain,1.0,pre_separator,5.0,-117.52150447069977,35.60429837028784,True,False,20.14009471529138,11.363405790467272
1433,3.0,-13.0,65,30,2.1246666666666667,0.6897212523609081,0.7245973037209432,0.13429673573532855,0.5159733321777693,1.011264839984275,exploratory,1.0,pre_separator,5.0,-117.51046840795104,35.60429583875424,True,False,20.48256823523796,11.186564645940274
1477,-9.0,-12.0,214,77,2.0728571428571425,0.7515602900674325,0.7601360868586599,0.09530519966590674,0.6040238080727,0.9790086581564816,moderately_uncertain,1.0,pre_separator,5.0,-117.64291228713343,35.613272302671966,True,False,18.639603608843004,16.846947625207093
1478,-8.0,-12.0,358,146,2.095,0.7238241365054194,0.7241141793551835,0.06453477657709433,0.6164337965709165,0.8614887256314239,robust,1.0,pre_separator,5.0,-117.63187499460788,35.61328091146195,True,False,18.42137370190031,16.057144257477628
1479,-7.0,-12.0,423,172,2.0653488372093025,0.7614541374858235,0.7629567567089789,0.061599132198412364,0.6504825558129176,0.882582595596545,robust,1.0,pre_separator,5.0,-117.6208376998543,35.613288507454385,True,False,18.255388120643605,15.291962566146388
1480,-6.0,-12.0,459,190,2.075789473684211,0.7477657595071844,0.7498823023752177,0.05659987018150702,0.6497786234050942,0.8732033091572243,robust,1.0,pre_separator,5.0,-117.60980040315123,35.61329509064877,True,False,18.143080824534927,14.555286206165722
1481,-5.0,-12.0,477,197,2.0628934010152284,0.7647464843346646,0.7714850021470925,0.05769751913049148,0.663994975475193,0.8896588063831217,robust,1.0,pre_separator,5.0,-117.59876310477712,35.613300661044704,True,False,18.085451837758388,13.851663942009777
1482,-4.0,-12.0,493,210,2.103285714285714,0.7139646250170886,0.715670988358658,0.0509864058430863,0.618351150509833,0.8177410729508537,robust,1.0,pre_separator,5.0,-117.5877258050105,35.61330521864185,True,False,18.083023932576918,13.186388109764916
1483,-3.0,-12.0,497,216,2.1131018518518516,0.7026260811257765,0.7050165912007234,0.04819423185100082,0.6183737594649592,0.8026941277754462,robust,1.0,pre_separator,5.0,-117.57668850412988,35.61330876343993,True,False,18.135819278886213,12.565550875322788
1484,-2.0,-12.0,502,227,2.112246696035242,0.7035995246193354,0.7071136068750965,0.04817362952053382,0.6183330095291457,0.8070705614272129,robust,1.0,pre_separator,5.0,-117.56565120241378,35.61331129543871,True,False,18.24335844318946,11.996053776942691
1485,-1.0,-12.0,498,230,2.117260869565217,0.697929924802599,0.7029535678332086,0.04587274043423332,0.6205397629466414,0.7982812593851831,robust,1.0,pre_separator,5.0,-117.55461390014062,35.61331281463804,True,False,18.404681840688347,11.485536279959971
1486,0.0,-12.0,443,222,2.1003603603603604,0.7174148000782937,0.7167785809739787,0.044026621010727615,0.6291376356744285,0.8067812030276857,robust,1.0,pre_separator,5.0,-117.54357659758901,35.613313321037836,True,False,18.618391445751556,11.042181897489845
1487,1.0,-12.0,348,169,2.1024852071005915,0.7149054443252285,0.7168758363885597,0.05188305122940991,0.6262852555248342,0.8291827321406341,robust,1.0,pre_separator,5.0,-117.5325392950374,35.61331281463804,True,False,18.882708661564052,10.674362673069908
1488,2.0,-12.0,276,142,2.159718309859155,0.6533511646388573,0.6560710847962821,0.05004413785676109,0.5759659389555519,0.7665416873379339,robust,1.0,pre_separator,5.0,-117.52150199276424,35.61331129543871,True,False,19.19554304435739,10.390103748048134
1489,3.0,-12.0,199,99,2.1947474747474747,0.6206445861915834,0.6232470566338125,0.058646985670568474,0.5183536969689122,0.7377638414613225,moderately_uncertain,1.0,pre_separator,5.0,-117.51046469104814,35.61330876343993,True,False,19.55456619662141,10.196396094413926
1490,4.0,-12.0,101,44,2.2059090909090906,0.6109001663600732,0.6167283101511155,0.07940465594447836,0.4720340575928947,0.7876897892547483,exploratory,1.0,pre_separator,5.0,-117.49942739016751,35.61330521864185,True,False,19.957285524547668,10.098451897848268
1533,-9.0,-11.0,131,45,2.1004444444444443,0.7173151655586836,0.7350308781442761,0.10698127175122804,0.5522580461053715,0.9816690029699116,exploratory,1.0,pre_separator,5.0,-117.64292344195893,35.62228520714665,True,False,17.67145382592113,16.267971877983122
1534,-8.0,-11.0,270,94,2.0951063829787233,0.7236958216434263,0.726458685531496,0.07215435819251076,0.6034194319005612,0.8897925304905342,moderately_uncertain,1.0,pre_separator,5.0,-117.6318849100118,35.62229381751877,True,False,17.441114261764753,15.448596908516496
1535,-7.0,-11.0,381,159,2.099496855345912,0.7184396048755868,0.7293878099491837,0.05748953755125436,0.6204211880628846,0.8404267891503457,robust,1.0,pre_separator,5.0,-117.62084637583546,35.622301414907184,True,False,17.265707430111433,14.651668296163448
1536,-6.0,-11.0,421,181,2.0897237569060776,0.7302457264572302,0.7345529827536414,0.05677773757664412,0.6247700572020101,0.8478518169847915,robust,1.0,pre_separator,5.0,-117.60980783970851,35.62230799931144,True,False,17.146919240273935,13.881052599849077
1537,-5.0,-11.0,458,194,2.094381443298969,0.7245711170384492,0.7291708944026749,0.05569853315977868,0.6330170407903255,0.8501057715401988,robust,1.0,pre_separator,5.0,-117.5987693019096,35.6223135707311,True,False,17.08593063905937,13.14137963452668
1538,-4.0,-11.0,493,216,2.107962962962963,0.7085166774252448,0.7114147005953929,0.050588521610686416,0.6222413453209474,0.8146042487729175,robust,1.0,pre_separator,5.0,-117.58773076271744,35.62231812916584,True,False,17.083360681464846,12.438170931359977
1539,-3.0,-11.0,519,234,2.1177777777777775,0.6973506399873806,0.7025400281510897,0.04544725758879176,0.6239299494859555,0.7870060771773596,robust,1.0,pre_separator,5.0,-117.57669222241063,35.62232167461539,True,False,17.139235646413475,11.777959650835284
1540,-2.0,-11.0,538,248,2.1335887096774195,0.6800848109617126,0.6793233338278508,0.04230638213606535,0.6085136203503144,0.7654276576859331,robust,1.0,pre_separator,5.0,-117.56565368126785,35.6223242070795,True,False,17.25298770977252,11.168373693411217
1541,-1.0,-11.0,545,261,2.1322605363984675,0.6815022382489025,0.68779620229076,0.04000089572207968,0.612181050281126,0.7642321411162917,robust,1.0,pre_separator,5.0,-117.55461513956774,35.62232572655803,True,False,17.4234833280786,10.618135823893732
1542,0.0,-11.0,522,249,2.1256224899598393,0.6886758541245643,0.6928907726140163,0.042419544267896875,0.6183159359930581,0.7788187389361638,robust,1.0,pre_separator,5.0,-117.54357659758901,35.622326233050885,True,False,17.649078096436206,10.136915003768708
1543,1.0,-11.0,471,229,2.1330131004366812,0.680698376892267,0.6820198513043034,0.04261208943350674,0.6020063787411255,0.766911633861654,robust,1.0,pre_separator,5.0,-117.53253805561027,35.62232572655803,True,False,17.92769209977613,9.734951628673194
1544,2.0,-11.0,411,209,2.1698564593301435,0.6435360822275135,0.6466183539975862,0.04138297305449647,0.5692219418294749,0.7268108971635553,robust,1.0,pre_separator,5.0,-117.52149951391017,35.6223242070795,True,False,18.25689815917936,9.42239463361531
1545,3.0,-11.0,360,188,2.179946808510638,0.634055778502845,0.6385883235130069,0.042937031364404604,0.5585774439506156,0.7216176252673244,robust,1.0,pre_separator,5.0,-117.51046097276739,35.62232167461539,True,False,18.63401504681474,9.208352624142838
1546,4.0,-11.0,283,144,2.2210416666666664,0.5981674356199741,0.6032629057805022,0.043545454535522096,0.5222885297186509,0.6968184689892026,robust,1.0,pre_separator,5.0,-117.49942243246058,35.62231812916584,True,True,19.056198548902387,9.099779968193408
1547,5.0,-11.0,139,63,2.154920634920635,0.6581010790115421,0.6674647020839511,0.07684969288176509,0.5283347767797765,0.8376549509799187,moderately_uncertain,1.0,pre_separator,5.0,-117.48838389326842,35.6223135707311,True,False,19.520524826588566,9.100452345268872
1590,-8.0,-10.0,176,57,2.0305263157894737,0.810967582915163,0.8285493432647684,0.10939488973361604,0.6362021800484776,1.0465607704922946,moderately_uncertain,1.0,pre_separator,5.0,-117.63189482909175,35.63130671006233,True,False,16.463229462010283,14.882419533738597
1591,-7.0,-10.0,303,126,2.0519047619047615,0.7798361795612052,0.7892555766464816,0.07244616082426436,0.6628683427938652,0.9396804220814601,robust,1.0,pre_separator,5.0,-117.62085505503312,35.63131430884718,True,False,16.277288185968654,14.053421241718326
1592,-6.0,-10.0,392,175,2.0976,0.7207010984122998,0.719401650786127,0.05467339784912999,0.6231875281851895,0.8295459190338801,robust,1.0,pre_separator,5.0,-117.6098152790228,35.63132089446166,True,False,16.151232060104455,13.248052159323482
1593,-5.0,-10.0,443,199,2.0962814070351756,0.72228157535203,0.7251130808974001,0.048700614243955956,0.6369363448211566,0.8252607333843511,robust,1.0,pre_separator,5.0,-117.59877550133959,35.631326466905385,True,False,16.086468954671727,12.470891044152832
1594,-4.0,-10.0,512,236,2.114237288135593,0.7013377427751983,0.7076830020531293,0.043808643811620765,0.6289749128076503,0.7913746678078372,robust,1.0,pre_separator,5.0,-117.58773572226235,35.631331026177975,True,False,16.083739297809093,11.727547094516696
1595,-3.0,-10.0,546,257,2.1290272373540855,0.6849776418370354,0.6858738253873959,0.040314252734030755,0.6118903441493507,0.7703675941860954,robust,1.0,pre_separator,5.0,-117.57669594206986,35.63133457227918,True,False,16.143074557535808,11.024862732618612
1596,-2.0,-10.0,569,271,2.140258302583026,0.6730552403041273,0.6741119828056051,0.03896680581963944,0.6082683133778999,0.7560471063053105,robust,1.0,pre_separator,5.0,-117.56565616104093,35.63133710520877,True,False,16.263795453104763,10.37110580854609
1597,-1.0,-10.0,583,278,2.1497122302158274,0.6633364428828307,0.6657428134251784,0.03943566581508381,0.5902363789075195,0.7478676114358356,robust,1.0,pre_separator,5.0,-117.55461637945437,35.63133862496658,True,False,16.44455012795128,9.776097028519825
1598,0.0,-10.0,612,289,2.152837370242215,0.6601851788130325,0.6635690265297938,0.03878702367247352,0.5951030802901134,0.7490774757357007,robust,1.0,pre_separator,5.0,-117.54357659758901,35.63133913155253,True,False,16.683387404270565,9.251178872447007
1599,1.0,-10.0,586,286,2.151433566433566,0.6615970055626401,0.6643292981598291,0.03546516971373733,0.5985153539418849,0.7399534864815066,robust,1.0,pre_separator,5.0,-117.53253681572365,35.63133862496658,True,False,16.977856214824207,8.808890279086555
1600,2.0,-10.0,538,263,2.172015209125475,0.6414840849207001,0.6435839217962329,0.035350003773333236,0.5774255018254133,0.7175275846814203,robust,1.0,pre_separator,5.0,-117.52149703413708,35.63133710520877,True,False,17.32512014450452,8.462197431398142
1601,3.0,-10.0,487,237,2.1677637130801686,0.6455379109477921,0.648230787389082,0.03786389129901747,0.5795983134512197,0.7288038830462071,robust,1.0,pre_separator,5.0,-117.51045725310816,35.63133457227918,True,False,17.722075905259732,8.223200276470045
1602,4.0,-10.0,450,213,2.197699530516432,0.6180372450001176,0.6169719993115578,0.03926759092392519,0.5451275764185572,0.700247214773468,robust,1.0,pre_separator,5.0,-117.49941747291567,35.631331026177975,True,False,18.16546615867754,8.101435687945239
1603,5.0,-10.0,369,170,2.2183529411764704,0.6003908426734392,0.6031868847046401,0.041812917797232126,0.5280921998118854,0.6891283831280621,robust,1.0,pre_separator,5.0,-117.48837769383843,35.631326466905385,True,False,18.65197971080631,8.10219091510984
1604,6.0,-10.0,202,83,2.158313253012048,0.6547351193891547,0.658664520917016,0.06669497271898335,0.5438874743100408,0.8046216405155949,moderately_uncertain,1.0,pre_separator,5.0,-117.47733791615521,35.63132089446166,True,False,19.178335003399056,8.225432210155535
1605,7.0,-10.0,96,32,2.2690625,0.5610586766614477,0.5775155594252951,0.09206849309540181,0.42531315554670024,0.7869891387214715,exploratory,1.0,pre_separator,5.0,-117.4662981401449,35.63131430884718,True,True,19.74134544231656,8.465811978944481
1646,-8.0,-9.0,90,36,2.1113888888888894,0.7045786997979744,0.7183925739784104,0.12606420968717938,0.5388518581087155,1.0019459928046561,exploratory,1.0,pre_separator,5.0,-117.63190475184939,35.640319589091234,True,False,15.488169095980098,14.3636233560541
1647,-7.0,-9.0,186,65,2.0580000000000003,0.7713933959205179,0.7935027832734953,0.09697697359864352,0.6246797796574427,1.0069799906531332,moderately_uncertain,1.0,pre_separator,5.0,-117.62086373744877,35.640327189272945,True,False,15.290375022083149,13.502811312225264
1648,-6.0,-9.0,310,130,2.026538461538462,0.8170518472854222,0.8252013154364656,0.07470997030825283,0.6911717825856089,0.9839713830250144,robust,1.0,pre_separator,5.0,-117.60982272109536,35.64033377609803,True,False,15.156112782841632,12.66247016788329
1649,-5.0,-9.0,399,177,2.0440112994350286,0.7910483488230051,0.7991947573698696,0.05820232954360124,0.697820294531712,0.9232221588316163,robust,1.0,pre_separator,5.0,-117.59878170306818,35.64033934956611,True,False,15.087078612391693,11.846956916082291
1650,-4.0,-9.0,466,220,2.084090909090909,0.7372282871814461,0.7433867218514899,0.053428378725080626,0.6431534838304525,0.8523098326353257,robust,1.0,pre_separator,5.0,-117.58774068364615,35.64034390967684,True,False,15.084168105227352,11.061764126507386
1651,-3.0,-9.0,504,239,2.1068200836820083,0.7098401858428941,0.7132605774453875,0.04077440955291053,0.6450338698931823,0.7994800731889866,robust,1.0,pre_separator,5.0,-117.57669966310824,35.6403474564299,True,False,15.1474193774725,10.313819031254205
1652,-2.0,-9.0,548,252,2.136706349206349,0.6767807151049379,0.6745075275063152,0.03788506714174344,0.6060846353128356,0.7599834773656872,robust,1.0,pre_separator,5.0,-117.56565864173344,35.640349989825125,True,False,15.276010610342633,9.611820869556254
1653,-1.0,-9.0,645,303,2.1668316831683168,0.6464334635948484,0.6466961521049008,0.03271959545678212,0.5882217202039507,0.714426273601944,robust,1.0,pre_separator,5.0,-117.5546176198007,35.640351509862306,True,False,15.468312336437094,8.966567785246085
1654,0.0,-9.0,643,312,2.15625,0.6567780444661653,0.6616427580012753,0.03514244196034098,0.5980684576522481,0.7351977877792604,robust,1.0,pre_separator,5.0,-117.54357659758901,35.64035201654137,True,False,15.721986926207618,8.391160543476008
1655,1.0,-9.0,633,294,2.1514625850340137,0.6615677599976996,0.6633332363740346,0.037351319528870275,0.5962937666092525,0.7378523764643169,robust,1.0,pre_separator,5.0,-117.53253557537732,35.640351509862306,True,False,16.034121718326656,7.900874172227039
1656,2.0,-9.0,643,295,2.1743389830508475,0.6392897989643935,0.6390725177553865,0.03269268352813951,0.584654188898259,0.707275203336416,robust,1.0,pre_separator,5.0,-117.52149455344458,35.640349989825125,True,False,16.401379382490543,7.512393101025799
1657,3.0,-9.0,629,280,2.1870357142857144,0.6275607933782861,0.6300871219546584,0.03431800366461372,0.5597595991076054,0.7007712183428555,robust,1.0,pre_separator,5.0,-117.51045353206977,35.6403474564299,True,False,16.820149583718248,7.242118994004153
1658,4.0,-9.0,621,268,2.1904850746268654,0.6244483134828668,0.6295087671495861,0.03527377261956272,0.5611910895388527,0.7047711116627513,robust,1.0,pre_separator,5.0,-117.49941251153187,35.64034390967684,True,False,17.286689052242725,7.103557203422201
1659,5.0,-9.0,584,254,2.2299212598425195,0.5909401532299029,0.5953059940512813,0.03318906347219015,0.5334786201467201,0.6612833091882692,robust,1.0,pre_separator,5.0,-117.48837149210983,35.64033934956611,True,True,17.797241492972997,7.104418509721056
1660,6.0,-9.0,464,199,2.2596482412060306,0.5679663647931329,0.5684655161863631,0.03856456162315039,0.49970454496835154,0.6467310441472301,robust,1.0,pre_separator,5.0,-117.47733047408266,35.64033377609803,True,True,18.34813317832283,7.244653185642696
1661,7.0,-9.0,243,89,2.271685393258427,0.5591639622334816,0.5644994807212781,0.05861833206934949,0.4641166212543357,0.6838830730106004,moderately_uncertain,1.0,pre_separator,5.0,-117.46628945772925,35.640327189272945,True,True,18.935843722943595,7.51646440816549
1662,8.0,-9.0,103,35,2.364,0.4997635004640413,0.5210591703545119,0.09096098944681871,0.3801137203129284,0.7266506780513724,exploratory,1.0,pre_separator,5.0,-117.45524844332863,35.640319589091234,True,True,19.557054069312525,7.906293355181953
1703,-7.0,-8.0,128,49,2.1061224489795918,0.710650513049235,0.7219297783298952,0.10426927574954288,0.5541381843751719,0.9729172191079656,exploratory,1.0,pre_separator,5.0,-117.62087242308392,35.64934005618306,True,False,14.305279652730096,13.005890129857983
1704,-6.0,-8.0,211,82,2.0303658536585365,0.8112106495687165,0.8213272420416562,0.08971743139310615,0.6667689640790553,1.0180881081544333,moderately_uncertain,1.0,pre_separator,5.0,-117.6098301659275,35.64934664421914,True,False,14.161681125949878,12.131175354800252
1705,-5.0,-8.0,308,131,2.08175572519084,0.7401623252367912,0.7422522640736737,0.06858243156844109,0.6244882598429823,0.8878169961572513,robust,1.0,pre_separator,5.0,-117.59878790709638,35.64935221871191,True,False,14.087774795309453,11.277306988279104
1706,-4.0,-8.0,395,178,2.106629213483146,0.7100617045906018,0.7123493238465374,0.054674053831569314,0.615422297220455,0.8258974147916291,robust,1.0,pre_separator,5.0,-117.58774564686964,35.649356779661005,True,False,14.08465778972381,10.449396648939327
1707,-3.0,-8.0,454,208,2.1256730769230767,0.6886206146964202,0.6879573719554383,0.048937312232063275,0.6047824996642271,0.7939135786906479,robust,1.0,pre_separator,5.0,-117.57670338552641,35.64936032706614,True,False,14.152376882485108,9.654124908340483
1708,-2.0,-8.0,558,264,2.1674242424242425,0.6458638081481437,0.6455136882882921,0.03644468839557441,0.5757298475643793,0.7230688899196083,robust,1.0,pre_separator,5.0,-117.5656611233458,35.64936286092713,True,False,14.289925045085791,8.900245230599879
1709,-1.0,-8.0,639,306,2.164869281045752,0.6483272097882476,0.6499149691205908,0.03417441535124935,0.583780498648709,0.7175641039604559,robust,1.0,pre_separator,5.0,-117.55461886060696,35.64936438124378,True,False,14.495314559002901,8.199183043681339
1710,0.0,-8.0,664,308,2.155811688311688,0.6572136806672315,0.6629092701749116,0.035920588565788975,0.5919437125266345,0.7411816100156123,robust,1.0,pre_separator,5.0,-117.54357659758901,35.649364888015995,True,False,14.76571469772841,7.565635465892294
1711,1.0,-8.0,704,314,2.156369426751592,0.6566594468032029,0.659846687361961,0.03714967186902765,0.5918958510290471,0.7366486887931798,robust,1.0,pre_separator,5.0,-117.53253433457105,35.64936438124378,True,False,15.097632824551804,7.017911186510059
1712,2.0,-8.0,750,334,2.1647604790419166,0.648432529976245,0.6515073061948875,0.0329307430694252,0.5887407538131092,0.7130643744248595,robust,1.0,pre_separator,5.0,-117.5214920718322,35.64936286092713,True,False,15.487114104159476,6.577485449677463
1713,3.0,-8.0,796,348,2.1963505747126435,0.6192259585460387,0.6225546309769582,0.03198912408095024,0.5641002712089324,0.6870303814326265,robust,1.0,pre_separator,5.0,-117.5104498096516,35.64936032706614,True,False,15.929936900236818,6.267021003610443
1714,4.0,-8.0,779,342,2.204444444444445,0.6121613683835966,0.6142522884435434,0.032154541306888273,0.554017898337296,0.675137710125253,robust,1.0,pre_separator,5.0,-117.49940754830838,35.649356779661005,True,False,16.421786626789363,6.106372874192188
1715,5.0,-8.0,750,322,2.1982608695652175,0.6175439309907135,0.6196206963750608,0.035649518837339224,0.5488954893325206,0.684299180701183,robust,1.0,pre_separator,5.0,-117.48836528808164,35.64935221871191,True,False,16.958397989965597,6.107374812277848
1716,6.0,-8.0,656,286,2.2033216783216787,0.6131317100618519,0.6150966340862942,0.03352383179354991,0.5554048968136082,0.6826434381427923,robust,1.0,pre_separator,5.0,-117.47732302925051,35.64934664421914,True,False,17.535662198968723,6.26994932328975
1717,7.0,-8.0,488,207,2.2221739130434783,0.5972360588206153,0.5978266767327519,0.036539034570293394,0.527007559981255,0.6696861085793887,robust,1.0,pre_separator,5.0,-117.4662807720941,35.64934005618306,True,True,18.14970068972521,6.582135059051684
1718,8.0,-8.0,216,72,2.318888888888889,0.5271274898353696,0.5324296748867898,0.06256239893149673,0.42319344740043974,0.6729046993607309,moderately_uncertain,1.0,pre_separator,5.0,-117.45523851689155,35.649332454604064,True,True,18.796909892237156,7.024011628305653
1719,9.0,-8.0,123,43,2.338139534883721,0.5150920623869765,0.5259295518681399,0.0834585599857262,0.4022374168170501,0.7225922410201187,exploratory,1.0,pre_separator,5.0,-117.44419626392197,35.64932383948261,True,True,19.473982845508374,7.572910720030228
1759,-7.0,-7.0,90,36,2.151944444444444,0.661082509451039,0.6742558488166914,0.11214912698503636,0.5060269957726365,0.9427989570223169,exploratory,1.0,pre_separator,5.0,-117.6208811119401,35.65835290957612,True,False,13.322405322226283,12.569027122506977
1760,-6.0,-7.0,146,59,2.082542372881356,0.7391713380150541,0.7518565931028555,0.10429280205231956,0.5865222116748541,0.9976603383801185,moderately_uncertain,1.0,pre_separator,5.0,-117.60983761352055,35.658359498823565,True,False,13.168092874063216,11.661589952716213
1761,-5.0,-7.0,229,101,2.109504950495049,0.7067387846971475,0.7114876954297626,0.0696846583143552,0.5929260778535034,0.8551169013870511,robust,1.0,pre_separator,5.0,-117.59879411342533,35.65836507434135,True,False,13.088577321856864,10.770557907753314
1762,-4.0,-7.0,325,143,2.117902097902098,0.697211461264833,0.7027105560511365,0.06118069103322535,0.5918876867383327,0.8369262302023457,robust,1.0,pre_separator,5.0,-117.58775061193373,35.65836963612907,True,False,13.08522230153149,9.900361360235452
1763,-3.0,-7.0,417,191,2.161570680628272,0.6515355303265217,0.6545571203599129,0.042551426056656495,0.5748630753391258,0.7349977259507358,robust,1.0,pre_separator,5.0,-117.57670710932503,35.658373184186495,True,False,13.158086070959117,9.057007921064157
1764,-2.0,-7.0,573,274,2.174014598540146,0.6395952058129051,0.6418215607349803,0.036699885090966826,0.5744027874767985,0.7238023901604353,robust,1.0,pre_separator,5.0,-117.56566360587848,35.658375718513376,True,False,13.305916556969672,8.248735048551056
1765,-1.0,-7.0,630,300,2.1540666666666666,0.6589537961307685,0.6598948414413592,0.03661824352511387,0.5974905161867592,0.740580212408887,robust,1.0,pre_separator,5.0,-117.55462010187338,35.65837723910957,True,False,13.52625601529525,7.486913070162516
1766,0.0,-7.0,704,318,2.1573270440251573,0.6557100239542022,0.6600360810566347,0.03495444551699951,0.5989186190124403,0.7282430831321924,robust,1.0,pre_separator,5.0,-117.54357659758901,35.65837774597498,True,False,13.815635640881032,6.787201539599811
1767,1.0,-7.0,788,353,2.1741076487252124,0.6395075695561493,0.641160940358794,0.029975949041349377,0.5854461556289859,0.701296891366605,robust,1.0,pre_separator,5.0,-117.53253309330464,35.65837723910957,True,False,14.169826199775828,6.170765119344744
1768,2.0,-7.0,853,380,2.1842894736842107,0.6300610969466486,0.6322559075854516,0.029523518665320946,0.574882171355261,0.6919438845372409,robust,1.0,pre_separator,5.0,-117.52148958929953,35.658375718513376,True,False,14.584106448532417,5.66485477105084
1769,3.0,-7.0,918,405,2.203777777777778,0.6127371589793488,0.6135378158637468,0.026729544175118494,0.5648734760344347,0.6640637496930555,robust,1.0,pre_separator,5.0,-117.51044608585299,35.658373184186495,True,False,15.053516109945745,5.301209012675616
1770,4.0,-7.0,906,410,2.2228048780487804,0.5967182894783287,0.5989266674284958,0.02874949144258577,0.5454418655775026,0.6571516881306675,robust,1.0,pre_separator,5.0,-117.49940258324429,35.65836963612907,True,True,15.57307078397409,5.11028907353086
1771,5.0,-7.0,869,391,2.220895140664962,0.5982881790686916,0.5986095799751187,0.027901693870055415,0.5487744848911216,0.6633333150071883,robust,1.0,pre_separator,5.0,-117.48835908175269,35.65836507434135,True,True,16.137927996274453,5.111486264681204
1772,6.0,-7.0,815,367,2.213433242506812,0.6045022087060982,0.6029851117894643,0.02856651373589041,0.5488409299816399,0.6648455203059066,robust,1.0,pre_separator,5.0,-117.47731558165746,35.658359498823565,True,False,16.743503408283765,5.3046705131422
1773,7.0,-7.0,680,297,2.215925925925926,0.602412073536491,0.6039472466487832,0.03303550370775238,0.5425884589823281,0.6694120802488179,robust,1.0,pre_separator,5.0,-117.46627208323793,35.65835290957612,True,False,17.38554263615264,5.670252787308168
1774,8.0,-7.0,398,150,2.2261999999999995,0.5939475956007277,0.5975139446795945,0.04551725913613271,0.5159462634317532,0.692450596742512,robust,1.0,pre_separator,5.0,-117.45522858677332,35.65834530659938,True,True,18.060157228655363,6.1777021691687075
1775,9.0,-7.0,187,75,2.2878666666666665,0.5477522263977784,0.5566955536700524,0.06314244769289636,0.4543623637241773,0.693165752776437,moderately_uncertain,1.0,pre_separator,5.0,-117.44418509254292,35.65833668989385,True,True,18.76383397640322,6.7953102585479845
1776,10.0,-7.0,113,43,2.362325581395349,0.5007283207357508,0.5166588695623529,0.07687454133512565,0.3901104407167054,0.6776315344460444,exploratory,1.0,pre_separator,5.0,-117.43314160082602,35.65832705946004,True,True,19.49342586269266,7.4958974732118095
1816,-6.0,-6.0,103,40,2.15425,0.6587705451698925,0.6727316171183367,0.10911629436714675,0.5016667126704885,0.9153075957066908,exploratory,1.0,pre_separator,5.0,-117.60984506387572,35.667372339909896,True,False,12.175554507570649,11.261436185570226
1817,-5.0,-6.0,151,64,2.169375,0.6439955246016709,0.6518435506507081,0.07826801111819354,0.5220579706568858,0.8158524249293272,moderately_uncertain,1.0,pre_separator,5.0,-117.59880032205608,35.667377916452985,True,False,12.089512559946131,10.33596547888228
1818,-4.0,-6.0,224,97,2.1131958762886596,0.7025192152858407,0.7124125835712821,0.07175350055300582,0.5864191068085521,0.8605244233834375,moderately_uncertain,1.0,pre_separator,5.0,-117.58775557883926,35.66738247907961,True,False,12.085880204079741,9.425731791199127
1819,-3.0,-6.0,360,167,2.177005988023952,0.6367898369361524,0.6402928741055537,0.04343425509738766,0.563783109626653,0.7289016480044199,robust,1.0,pre_separator,5.0,-117.57671083450471,35.66738602778951,True,False,12.164731262039364,8.53561112156579
1820,-2.0,-6.0,530,256,2.160859375,0.6522315344786607,0.6557656376255029,0.03899554489089577,0.5861565356803138,0.7348602353527285,robust,1.0,pre_separator,5.0,-117.56566608933186,35.66738856258246,True,False,12.324482668571088,7.672606769382445
1821,-1.0,-6.0,656,307,2.1824755700325733,0.6317235125644893,0.6348727798051973,0.03286198860440195,0.5757264463441077,0.6994680737429277,robust,1.0,pre_separator,5.0,-117.55462134360015,35.667390083458294,True,False,12.562048376685246,6.8469797762626
1822,0.0,-6.0,753,345,2.2008115942028983,0.6153121958753288,0.6155371470645321,0.030530599375036934,0.5602474909403661,0.6778313790806115,robust,1.0,pre_separator,5.0,-117.54357659758901,35.667390590416915,True,False,12.873121058564303,6.07399123110371
1823,1.0,-6.0,854,383,2.2021148825065278,0.6141781097348671,0.6181519030716586,0.027637893155337503,0.5699498792484444,0.672714113545055,robust,1.0,pre_separator,5.0,-117.53253185157787,35.667390083458294,True,False,13.25252550115347,5.376393483972362
1824,2.0,-6.0,953,424,2.1924056603773585,0.6227286450016191,0.6238536993696302,0.027783228782072202,0.569339555929742,0.6765811460078323,robust,1.0,pre_separator,5.0,-117.52148710584616,35.66738856258246,True,False,13.694583547117974,4.787258538399215
1825,3.0,-6.0,1015,470,2.2215319148936175,0.5977638050034505,0.5988675084797346,0.024604881161413128,0.5529818216003153,0.6448609214689819,robust,1.0,pre_separator,5.0,-117.51044236067331,35.66738602778951,True,True,14.193442320285294,4.350871376224756
1826,4.0,-6.0,1013,470,2.211829787234042,0.605854401752778,0.6067923393707242,0.025949773500723777,0.5586985851137922,0.667423285143171,robust,1.0,pre_separator,5.0,-117.49939761633875,35.66738247907961,True,False,14.74333718225073,4.116104851850547
1827,5.0,-6.0,991,458,2.2083187772925763,0.6088364637639712,0.6109916814014017,0.026909368652431202,0.5606749053947914,0.6692442873354697,robust,1.0,pre_separator,5.0,-117.48835287312194,35.667377916452985,True,False,15.338780187479323,4.117591112580672
1828,6.0,-6.0,948,440,2.2182954545454545,0.600438560997426,0.6027601036817858,0.0266962083478091,0.5561671498600971,0.6568921704593012,robust,1.0,pre_separator,5.0,-117.4773081313023,35.667372339909896,True,False,15.974678839027703,4.355088287208314
1829,7.0,-6.0,843,392,2.2046428571428573,0.6119902110362883,0.6137372519972698,0.02787051231913747,0.5600124449071601,0.6664311269118371,robust,1.0,pre_separator,5.0,-117.46626339115922,35.667365749450695,True,False,16.646397519594164,4.793644898024338
1830,8.0,-6.0,586,254,2.221811023622047,0.5975342527675964,0.5976753695116722,0.03288973471254264,0.5339407910183241,0.6646381278180493,robust,1.0,pre_separator,5.0,-117.45521865297219,35.6673581450758,True,True,17.349776273791605,5.384354077076514
1831,9.0,-6.0,371,158,2.2441139240506325,0.5797442391070786,0.5819602421812267,0.03740375891252293,0.5123912854787582,0.6608467781017534,robust,1.0,pre_separator,5.0,-117.44417391702062,35.667349526785685,True,True,18.081120626800026,6.083050735141554
1832,10.0,-6.0,150,60,2.341,0.5133504514222833,0.5230503228670643,0.06630365069598647,0.4080373226800334,0.6584147212336253,moderately_uncertain,1.0,pre_separator,5.0,-117.43312918358393,35.66733989458086,True,True,18.83717360675865,6.856802729062716
1833,11.0,-6.0,81,35,2.44,0.45957088032090143,0.46549406784782377,0.07760644962731836,0.3367314132104764,0.638053545113919,exploratory,1.0,pre_separator,5.0,-117.42208445294156,35.667329248461954,True,True,19.61507827823881,7.682966945409672
1873,-5.0,-5.0,106,42,2.275,0.5567877973118613,0.5675328592589988,0.08322547830551978,0.43947135612931576,0.7691571300028451,exploratory,1.0,pre_separator,5.0,-117.59880653298971,35.67639074504545,True,True,11.090616374393479,9.982957834080283
1874,-4.0,-5.0,138,52,2.175769230769231,0.6379466965810475,0.6486709220259493,0.0840706351089644,0.5037832252038709,0.8430570798956416,moderately_uncertain,1.0,pre_separator,5.0,-117.58776054758711,35.67639530851125,True,False,11.086656751890358,9.037238767234195
1875,-3.0,-5.0,238,107,2.2406542056074765,0.5824341613542389,0.5875203129353317,0.04927113592753789,0.5031876979166308,0.6870250543636155,robust,1.0,pre_separator,5.0,-117.57671456106613,35.676398857873835,True,True,11.172562119071316,8.104561799071949
1876,-2.0,-5.0,462,217,2.204516129032258,0.612099519845456,0.6161173025274803,0.03906122224787192,0.551360845395588,0.704401869672477,robust,1.0,pre_separator,5.0,-117.5656685737064,35.67640139313298,True,False,11.346291494350858,7.190004128924548
1877,-1.0,-5.0,680,321,2.2105607476635516,0.6069288782557034,0.6070145261280295,0.03146443048953514,0.5493607419894144,0.6668438349572281,robust,1.0,pre_separator,5.0,-117.55462258578751,35.67640291428854,True,False,11.603900940849586,6.3014598937807875
1878,0.0,-5.0,832,379,2.2137994722955145,0.6041942136049644,0.6034423350967425,0.029713301391895153,0.5425534484899629,0.6645373833294627,robust,1.0,pre_separator,5.0,-117.54357659758901,35.676403421340396,True,False,11.93996245451891,5.451663435310683
1879,1.0,-5.0,990,444,2.20722972972973,0.6097674160106371,0.6115765373007899,0.027078737994130717,0.557520321642269,0.663668796823838,robust,1.0,pre_separator,5.0,-117.5325306093905,35.67640291428854,True,False,12.348072310510354,4.661852810941074
1880,2.0,-5.0,1081,489,2.217239263803681,0.6013166324079852,0.6025809993636028,0.02497130312719672,0.5567418826666242,0.6519556977278169,robust,1.0,pre_separator,5.0,-117.52148462147161,35.67640139313298,True,False,12.821352352847331,3.968010716953133
1881,3.0,-5.0,1120,509,2.204715127701375,0.6119278918428082,0.6134367956815006,0.024651619478060223,0.5659827264319668,0.6637670964147948,robust,1.0,pre_separator,5.0,-117.51043863411189,35.676398857873835,True,False,13.352874691471312,3.428898725368049
1882,4.0,-5.0,1080,504,2.212142857142857,0.6055899150045344,0.6068470356990097,0.02568814785495021,0.5599822156768091,0.6635082598564502,robust,1.0,pre_separator,5.0,-117.49939264759091,35.67639530851125,True,False,13.935976783003278,3.125633357866265
1883,5.0,-5.0,1034,483,2.2086542443064183,0.6085502683800769,0.6101405022944312,0.025308297452857616,0.5636316929322714,0.664505620186193,robust,1.0,pre_separator,5.0,-117.48834666218829,35.67639074504545,True,False,14.56446481222972,3.12759033551104
1884,6.0,-5.0,988,456,2.208201754385965,0.6089363623020809,0.606658135572597,0.025441024569296956,0.562564424452418,0.6629779317176832,robust,1.0,pre_separator,5.0,-117.47730067818362,35.67638516747672,True,False,15.232722069182152,3.434247912681578
1885,7.0,-5.0,889,413,2.205811138014528,0.6109843510842333,0.6120097377287377,0.029215507823126003,0.5594065942830369,0.6732717856689666,robust,1.0,pre_separator,5.0,-117.46625469585648,35.676378575805394,True,False,15.93574623314579,3.9757132875414305
1886,8.0,-5.0,669,302,2.2203311258278147,0.5987534057739422,0.5985957941528247,0.03060923280216485,0.5430557400719809,0.6655663101867575,robust,1.0,pre_separator,5.0,-117.45520871548646,35.6763709700319,True,False,16.669138981287894,4.671031316926617
1887,9.0,-5.0,494,224,2.2100892857142855,0.607329029506358,0.6090200133527626,0.03695287956550385,0.5402702869996833,0.6857241862976244,robust,1.0,pre_separator,5.0,-117.44416273735312,35.676362350156694,True,False,17.429067122131432,5.461755302344194
1888,10.0,-5.0,286,133,2.2689473684210526,0.5611421391473502,0.5622831650767752,0.043700636131870106,0.47432072961329025,0.6448089029346632,robust,1.0,pre_separator,5.0,-117.4331167617361,35.676352716180325,True,True,18.212209287124782,6.312131842861066
1889,11.0,-5.0,98,43,2.3886046511627907,0.48600293355471247,0.48770613354758163,0.07080176662267866,0.36652588296599775,0.6452233112112283,exploratory,1.0,pre_separator,5.0,-117.42207078891492,35.67634206810337,True,True,19.015697554607495,7.201058659713608
1930,-4.0,-4.0,115,47,2.3782978723404256,0.4916738684680919,0.5035177374597782,0.0709249234074465,0.3933618679797065,0.6706586633028186,exploratory,1.0,pre_separator,5.0,-117.58776551817813,35.685408124422544,True,True,10.087587202156199,8.746367775961593
1931,-3.0,-4.0,198,90,2.2990000000000004,0.5401672660488204,0.5466638213294748,0.05459432530797816,0.4510250577678138,0.6640128631540987,moderately_uncertain,1.0,pre_separator,5.0,-117.57671828900995,35.685411674438015,True,True,10.181925256619046,7.7788936675696405
1932,-2.0,-4.0,398,193,2.2204145077720203,0.5986845827458137,0.6005727913891671,0.0402978464642792,0.5292888070223477,0.6809842847277848,robust,1.0,pre_separator,5.0,-117.56567105900254,35.68541421016351,True,False,10.372260520332494,6.820808171348229
1933,-1.0,-4.0,749,363,2.204297520661157,0.6122881713987007,0.6127822523132542,0.02918139283454886,0.5546901282548751,0.6705239671241944,robust,1.0,pre_separator,5.0,-117.55462382843564,35.685415731598866,True,False,10.653448956648706,5.8767049891334935
1934,0.0,-4.0,987,459,2.204618736383442,0.6120110132895096,0.614597610678496,0.025672335237090962,0.5673938534563315,0.6645547607669025,robust,1.0,pre_separator,5.0,-117.54357659758901,35.685416238744,True,False,11.01853715527568,4.954583630163306
1935,1.0,-4.0,1129,516,2.1957945736434112,0.6197172441638169,0.6217157439004479,0.02362552766027521,0.5787897732449502,0.6696223130012021,robust,1.0,pre_separator,5.0,-117.53252936674237,35.685415731598866,True,False,11.459509038892634,4.069414745053387
1936,2.0,-4.0,1168,543,2.2084714548802946,0.6087061772865422,0.6099968703454189,0.023220389816787777,0.5700243015517474,0.6555717042566203,robust,1.0,pre_separator,5.0,-117.52148213617548,35.68541421016351,True,False,11.967979519648805,3.251518689202576
1937,3.0,-4.0,1200,560,2.220589285714286,0.5985403732577484,0.5981873330068507,0.0223719927624175,0.5569934345576862,0.6445515030205177,robust,1.0,pre_separator,5.0,-117.51043490616807,35.685411674438015,True,True,12.535737718738558,2.5660497277350944
1938,4.0,-4.0,1135,526,2.219866920152091,0.5991368481984644,0.5982041986005379,0.023431198270808022,0.5549994889071475,0.6461270758685191,robust,1.0,pre_separator,5.0,-117.49938767699987,35.685408124422544,True,False,13.155109521523409,2.1440262648076556
1939,5.0,-4.0,1076,497,2.2083501006036217,0.6088097296625613,0.6115419637242437,0.023832174865433684,0.567661301824088,0.6577430010547998,robust,1.0,pre_separator,5.0,-117.48834044895068,35.68540356011732,True,False,13.81915673597876,2.1468782087395604
1940,6.0,-4.0,976,452,2.200575221238938,0.6155183300522696,0.6164564515469282,0.028118779572276792,0.5620340453157905,0.6747592048781055,robust,1.0,pre_separator,5.0,-117.47729322230022,35.68539798152263,True,False,14.521751935073759,2.573193242284088
1941,7.0,-4.0,840,385,2.2043116883116882,0.6122759416765914,0.6134256240860992,0.029933945742775664,0.5581786045640258,0.6705495022162083,robust,1.0,pre_separator,5.0,-117.46624599732819,35.685391388638806,True,False,15.25757076451195,3.2609141174082175
1942,8.0,-4.0,685,308,2.232727272727273,0.5886924585256647,0.588888741654619,0.030154482456974507,0.5294421334018589,0.6484429733903205,robust,1.0,pre_separator,5.0,-117.45519877431437,35.685383781466264,True,True,16.022036449976046,4.0799262615993355
1943,9.0,-4.0,511,235,2.2077872340425535,0.6092904883272985,0.6143447676997733,0.036101016226286024,0.5490723895846228,0.6845120903606922,robust,1.0,pre_separator,5.0,-117.44415155353849,35.685375160005485,True,False,16.81124142871764,4.965685825650234
1944,10.0,-4.0,374,180,2.241611111111111,0.581687675739157,0.5832837941328539,0.03968431067273936,0.5049788878380566,0.6628371666561759,robust,1.0,pre_separator,5.0,-117.43310433528032,35.685365524257,True,True,17.62186212478419,5.888146833940146
1945,11.0,-4.0,144,64,2.31078125,0.5323663444131033,0.5400982587477058,0.06114569617913666,0.4322229790064971,0.6737548204906266,moderately_uncertain,1.0,pre_separator,5.0,-117.42205711981956,35.685354874221396,True,True,18.451076150598233,6.832460066258351
1986,-4.0,-3.0,149,77,2.3815584415584423,0.4898655988654561,0.49245383166639606,0.0469705903818464,0.4125918826098283,0.5924576446470379,moderately_uncertain,1.0,pre_separator,5.0,-117.58777049061318,35.6944209268121,True,True,9.088722307782048,8.563072696687684
1987,-3.0,-3.0,253,122,2.240573770491803,0.5824969963961821,0.58991431078617,0.04836531902292705,0.5094214487076189,0.6935206180927352,robust,1.0,pre_separator,5.0,-117.5767220183368,35.694424477480666,True,True,9.193316026235925,7.572215754172208
1988,-2.0,-3.0,389,175,2.1854285714285715,0.6290215959699488,0.6333090953555622,0.04491811584114782,0.5554838883028962,0.733047539809636,robust,1.0,pre_separator,5.0,-117.56567354522072,35.694427013672644,True,False,9.403682572722115,6.5841239999493855
1989,-1.0,-3.0,736,352,2.2025,0.6138437906759742,0.6177580196358274,0.030629281580506085,0.5646187690515612,0.682292270993502,robust,1.0,pre_separator,5.0,-117.5546250715448,35.69442853538789,True,False,9.712951780936056,5.600261267627182
1990,0.0,-3.0,1016,474,2.192025316455696,0.6230684476592555,0.6240490746682132,0.025481452118300215,0.5769592390727377,0.6726526895754166,robust,1.0,pre_separator,5.0,-117.54357659758901,35.69442904262632,True,False,10.112053138164384,4.623328204298385
1991,1.0,-3.0,1189,548,2.193905109489051,0.6213926268485169,0.6195477886070262,0.02316006952419074,0.5731847238493272,0.6638677815633097,robust,1.0,pre_separator,5.0,-117.53252812363321,35.69442853538789,True,False,10.590835898989818,3.658879760751458
1992,2.0,-3.0,1296,606,2.2095379537953797,0.6077976398544388,0.6077295700686411,0.02206963400216649,0.5681123230130699,0.6544908448358137,robust,1.0,pre_separator,5.0,-117.5214796499573,35.694427013672644,True,False,11.139030092858299,2.720227660070451
1993,3.0,-3.0,1263,589,2.2136162988115453,0.6043482211877079,0.6065615985503146,0.02152924774051307,0.5668203030534257,0.6508658290155948,robust,1.0,pre_separator,5.0,-117.51043117684122,35.694424477480666,True,False,11.746922055580093,1.8471264010857724
1994,4.0,-3.0,1153,539,2.206270871985158,0.6105894378763683,0.6107932735870434,0.023782045715679486,0.5675765192570316,0.6616802139406742,robust,1.0,pre_separator,5.0,-117.49938270456484,35.6944209268121,True,False,12.405739161780945,1.193362208452988
1995,5.0,-3.0,1069,489,2.198302658486708,0.6175072376915519,0.6170201803447746,0.025435822084787195,0.5733203115758596,0.6680087496679621,robust,1.0,pre_separator,5.0,-117.48833423340803,35.694416361667194,True,False,13.107804946687933,1.19847852694135
1996,6.0,-3.0,955,437,2.200526315789474,0.6155609963567161,0.6170633581893207,0.02764996359094521,0.5651756497065311,0.6730215650162668,robust,1.0,pre_separator,5.0,-117.47728576365071,35.69441078204622,True,False,13.846542416455017,1.8570374790281492
1997,7.0,-3.0,779,355,2.206112676056338,0.610725271150763,0.612085851794571,0.030075308601368016,0.5614843077806325,0.6728304369543813,robust,1.0,pre_separator,5.0,-117.46623729557281,35.69440418794952,True,False,14.616392279251377,2.7314511925880973
1998,8.0,-3.0,656,298,2.2358389261744964,0.5862198469319613,0.5871145965221657,0.02961641162164433,0.5308960962543513,0.6436410098765255,robust,1.0,pre_separator,5.0,-117.45518882945422,35.694396579377496,True,True,15.412693133623032,3.6705671273614726
1999,9.0,-3.0,502,234,2.2052991452991453,0.6114247564247695,0.6122697679215883,0.0377938848801051,0.5471713342637832,0.6923165407698613,robust,1.0,pre_separator,5.0,-117.4441403655748,35.694387956330644,True,False,16.231552482788015,4.635223884068856
2000,10.0,-3.0,375,183,2.232896174863388,0.5885577086554973,0.5893724312852434,0.04077619994516659,0.5246565637152301,0.6758733524690733,robust,1.0,pre_separator,5.0,-117.43309190421445,35.69437831880949,True,True,17.069724144571673,5.6122667322943665
2001,11.0,-3.0,200,107,2.3314018691588783,0.5192414052589301,0.5200463462344123,0.04490094781327337,0.44021373528242275,0.6184020172405182,robust,1.0,pre_separator,5.0,-117.4220434456531,35.69436766681463,True,True,17.92449912109246,6.596194000588051
2041,-5.0,-2.0,94,50,2.353,0.5061707248289647,0.5120151689445883,0.06181458284043218,0.39887078234066964,0.644312524311737,moderately_uncertain,1.0,pre_separator,5.0,-117.5988251796188,35.703429149693655,True,True,8.09556325678289,9.494274133716651
2042,-4.0,-2.0,198,96,2.2464583333333334,0.5779355456433625,0.5854620375397197,0.05578793312916239,0.4935077562212018,0.7182386229900184,moderately_uncertain,1.0,pre_separator,5.0,-117.58777546489317,35.7034337156785,True,True,8.090137873661023,8.494320381592443
2043,-3.0,-2.0,348,157,2.2166878980891718,0.6017760351159309,0.6016372166140651,0.04239857603631646,0.5235431480828596,0.695868510408894,robust,1.0,pre_separator,5.0,-117.57672574904731,35.70343726700036,True,False,8.207467160160666,7.494378971209857
2044,-2.0,-2.0,521,239,2.2065690376569034,0.6103335852460956,0.6103428637010159,0.03646932333856904,0.5472587724007283,0.6907713933607661,robust,1.0,pre_separator,5.0,-117.56567603236132,35.70343980365898,True,False,8.442434693581413,6.494455603288718
2045,-1.0,-2.0,717,333,2.201051051051051,0.6151035130628962,0.6187573930278408,0.030777266147775154,0.5600418974117499,0.6779679896392073,robust,1.0,pre_separator,5.0,-117.5546263151152,35.70344132565421,True,False,8.785606975369339,5.494560128168946
2046,0.0,-2.0,927,428,2.196985981308411,0.6186654626546573,0.620935934320529,0.028183137103397603,0.5729872615239273,0.6810152958238574,robust,1.0,pre_separator,5.0,-117.54357659758901,35.703441832985966,True,False,9.224916059018081,4.494711161024661
2047,1.0,-2.0,1142,520,2.184653846153846,0.6297282097755033,0.6301093125789392,0.025468824448794343,0.5810507166835482,0.6831739234740396,robust,1.0,pre_separator,5.0,-117.53252688006282,35.70344132565421,True,False,9.747372090271355,3.494948617650247
2048,2.0,-2.0,1287,605,2.184247933884297,0.6300990696566326,0.6329695895394651,0.023664265317746774,0.5869120702083395,0.6817791112011764,robust,1.0,pre_separator,5.0,-117.5214771628167,35.70343980365898,True,False,10.340379540252489,2.4953763762188435
2049,3.0,-2.0,1278,601,2.1814642262895174,0.6326542087279686,0.6341701342117687,0.02279745200828006,0.5896266409637413,0.679235545220719,robust,1.0,pre_separator,5.0,-117.5104274461307,35.70343726700036,True,False,10.992526343236278,1.4963758478292817
2050,4.0,-2.0,1144,535,2.2003738317757007,0.6156940651029872,0.6146976992580842,0.024175290459317062,0.5700606329558372,0.667188061807395,robust,1.0,pre_separator,5.0,-117.49937773028485,35.7034337156785,True,False,11.693922429066085,0.5013762030077984
2051,5.0,-2.0,1003,465,2.198817204301075,0.6170557912612088,0.6188802190081848,0.026528510094940314,0.5658266983683526,0.6700402680465388,robust,1.0,pre_separator,5.0,-117.48832801555922,35.703429149693655,True,False,12.436237700658754,0.5134350162564221
2052,6.0,-2.0,866,397,2.2023425692695215,0.6139804117144416,0.6153677262139617,0.028692498146000105,0.5615042092562429,0.6709802192005101,robust,1.0,pre_separator,5.0,-117.47727830223388,35.70342356904607,True,False,13.212577133835678,1.508593031567476
2053,7.0,-2.0,759,342,2.2213742690058482,0.5978935384063766,0.5984295342039759,0.029713557276143738,0.5442968520568013,0.6640870589603194,robust,1.0,pre_separator,5.0,-117.46622859058887,35.70341697373612,True,True,14.017288642523871,2.5076064990084994
2054,8.0,-2.0,619,290,2.2287586206896552,0.5918764967899949,0.5943815258159761,0.03161544208961128,0.5362859464673249,0.6611906157552085,robust,1.0,pre_separator,5.0,-117.45517888090423,35.703409363764194,True,True,14.845759234815175,3.507182312461868
2055,9.0,-2.0,469,224,2.2059375,0.6108757547650134,0.6136998526483621,0.036611826765560275,0.54746886373374,0.6897389216690489,robust,1.0,pre_separator,5.0,-117.44412917346004,35.70340073913078,True,False,15.694226761085469,4.506946326707374
2056,10.0,-2.0,327,167,2.2605389221556886,0.5673055534267516,0.5702668103662256,0.040944786024899656,0.49996159542847346,0.6614178512140526,robust,1.0,pre_separator,5.0,-117.43307946853632,35.703391099836395,True,True,16.5596177491705,5.506796038605099
2057,11.0,-2.0,179,101,2.2835643564356434,0.5507406952379741,0.555432466958097,0.050924718340113605,0.4666620994444603,0.6664761073117339,robust,1.0,pre_separator,5.0,-117.42202976641316,35.70338044588166,True,True,17.439413016753573,6.506691942129466
2097,-5.0,-1.0,159,77,2.350779220779221,0.507484256871544,0.50970589144738,0.04954139302644535,0.4217251814240257,0.6151906828262426,moderately_uncertain,1.0,pre_separator,5.0,-117.59883139977481,35.712441924195296,True,True,7.098140747508652,9.537741140466112
2098,-4.0,-1.0,304,144,2.218958333333333,0.5998887807584488,0.6021625001268319,0.048559291659250554,0.5189022103772031,0.6992741778467794,robust,1.0,pre_separator,5.0,-117.58778044101891,35.712446491020366,True,False,7.091952371647316,8.542876768484696
2099,-3.0,-1.0,422,201,2.2235323383084578,0.5961224492952751,0.598166056536313,0.03897165115906372,0.5262753405808807,0.679876312276145,robust,1.0,pre_separator,5.0,-117.57672948114218,35.71245004299572,True,True,7.225508619604939,7.549369569738339
2100,-2.0,-1.0,548,253,2.212490118577075,0.6052968126788195,0.6099040830277954,0.03501153875127817,0.5466842347987506,0.6811945091473323,robust,1.0,pre_separator,5.0,-117.5656785204248,35.712452580121116,True,False,7.491339078045831,6.557836405360151
2101,-1.0,-1.0,645,301,2.2008970099667775,0.615237741159566,0.6195468443393908,0.032164954100473146,0.5592029636788677,0.6853937058504741,robust,1.0,pre_separator,5.0,-117.55462755914702,35.71245410239643,True,False,7.876061677801149,5.5693317138093565
2102,0.0,-1.0,744,347,2.205907780979827,0.6109012920138169,0.6114839641350561,0.031166275629616068,0.5547564693888728,0.6702240346506315,robust,1.0,pre_separator,5.0,-117.54357659758901,35.712454609821535,True,False,8.363284876338911,4.585814339614981
2103,1.0,-1.0,936,425,2.1860235294117647,0.6284800204602959,0.6298786457655067,0.029040562909789954,0.5789846695289923,0.6895497972419754,robust,1.0,pre_separator,5.0,-117.532525636031,35.71245410239643,True,False,8.936258741390072,3.611361319003416
2104,2.0,-1.0,1150,528,2.1884848484848485,0.62624941677113,0.6252187842393623,0.023718366458347226,0.582292752040604,0.6782935695793082,robust,1.0,pre_separator,5.0,-117.52147467475322,35.712452580121116,True,False,9.579608899289248,2.655968372434019
2105,3.0,-1.0,1175,546,2.181208791208791,0.632889708594698,0.6343309749456462,0.026266822007446834,0.5872665540430646,0.6833572899580254,robust,1.0,pre_separator,5.0,-117.51042371403584,35.71245004299572,True,False,10.28013098329068,1.751115477158924
2106,4.0,-1.0,1091,505,2.183108910891089,0.6311420692704706,0.6321877203030749,0.026300886404270918,0.5842492944357021,0.6888349375335788,robust,1.0,pre_separator,5.0,-117.49937275415911,35.712446491020366,True,False,11.026934270407361,1.038577312154103
2107,5.0,-1.0,909,419,2.1894749403341285,0.6253565919805578,0.6271635945943671,0.028139274716024332,0.5738092687888567,0.6854167034669784,robust,1.0,pre_separator,5.0,-117.48832179540321,35.712441924195296,True,False,11.81124319342192,1.044452130208444
2108,6.0,-1.0,809,367,2.2193188010899183,0.5995902374061635,0.5993914372532342,0.02672460017213612,0.5506321727714836,0.6541163986414263,robust,1.0,pre_separator,5.0,-117.47727083804837,35.712436342520796,True,False,12.626070336586396,1.7615668228235544
2109,7.0,-1.0,695,325,2.216676923076923,0.6017851867170771,0.6035939808606748,0.029453075208499036,0.5476120126960328,0.6644176744374629,robust,1.0,pre_separator,5.0,-117.4662198823748,35.7124297459972,True,False,13.465876819379353,2.6674622940631023
2110,8.0,-1.0,542,267,2.236329588014981,0.5858318471627971,0.5862278009765738,0.03325125773153664,0.5262076103989107,0.6601848214677005,robust,1.0,pre_separator,5.0,-117.4551689286627,35.71242213462492,True,True,14.326270445756967,3.6232019691460895
2111,9.0,-1.0,382,195,2.2438974358974364,0.5799118291583116,0.57962850564386,0.037002732088641285,0.5152482733887965,0.6535065609449741,robust,1.0,pre_separator,5.0,-117.44411797719229,35.712413508404445,True,True,15.203756485002014,4.597807078184101
2112,10.0,-1.0,259,141,2.2348936170212768,0.5869688181007284,0.5891778994066638,0.047607311816412166,0.5073248327923703,0.6822070111384129,robust,1.0,pre_separator,5.0,-117.43306702824377,35.7124038673363,True,True,16.095539681089047,5.581403707596821
2113,11.0,-1.0,149,80,2.222375,0.5970709495146957,0.5981087562760379,0.05148646929772246,0.5066098860336754,0.7158035647044481,moderately_uncertain,1.0,pre_separator,5.0,-117.42201608209734,35.71239321142108,True,True,16.999370105853433,6.56995470046417
2153,-5.0,0.0,217,98,2.2981632653061226,0.5407300117712955,0.5474072582014268,0.05262850237767516,0.45956403502294263,0.6572090677350012,moderately_uncertain,1.0,pre_separator,5.0,-117.59883762223913,35.72145468517072,True,True,6.101562070348229,9.684821670992116
2154,-4.0,0.0,356,162,2.219506172839506,0.5994351714094474,0.6049015573711845,0.046626982244954686,0.5239203098543948,0.7072298809707568,robust,1.0,pre_separator,5.0,-117.58778541899132,35.72145925283626,True,False,6.09436182619505,8.706779440062453
2155,-3.0,0.0,461,213,2.22112676056338,0.5980973371182403,0.600369670713619,0.039359818953610196,0.5237827267000214,0.6780487060447028,robust,1.0,pre_separator,5.0,-117.57673321462202,35.72146280546531,True,True,6.249274553006513,7.734354894680613
2156,-2.0,0.0,549,247,2.2038866396761128,0.6126430625095136,0.6152739804586477,0.03791047404067264,0.5465273133082685,0.6956557653093376,robust,1.0,pre_separator,5.0,-117.56568100941163,35.72146534305765,True,False,6.554816458843531,6.769969206417831
2157,-1.0,0.0,592,268,2.186753731343283,0.6278166090407873,0.6313434058155285,0.035087721294805585,0.5667645071358419,0.7062707162875537,robust,1.0,pre_separator,5.0,-117.5546288036405,35.72146686561311,True,False,6.991266350197033,5.817621547919853
2158,0.0,0.0,658,302,2.2084437086092716,0.6087298502496149,0.6089964179830711,0.030547349261016182,0.5579697801077412,0.6734993870260629,robust,1.0,pre_separator,5.0,-117.54357659758901,35.7214673731316,True,False,7.535913451577628,4.884358493578978
2159,1.0,0.0,737,342,2.2022514619883045,0.614059503931338,0.6123337536112385,0.029422521001374904,0.5606496922250104,0.6724705577999804,robust,1.0,pre_separator,5.0,-117.53252439153752,35.72146686561311,True,False,8.167140131033625,3.983615859087422
2160,2.0,0.0,961,463,2.1922246220302375,0.6228903400436957,0.6247248288132011,0.02787887219694618,0.5735596741661413,0.6795114792816037,robust,1.0,pre_separator,5.0,-117.52147218576638,35.72146534305765,True,False,8.866474174676833,3.1434746271838327
2161,3.0,0.0,1030,489,2.181881390593047,0.6322699782684257,0.6319175588807089,0.026641536019131353,0.582359031879739,0.6933150167642734,robust,1.0,pre_separator,5.0,-117.510419980556,35.72146280546531,True,False,9.619072234913434,2.427688231780236
2162,4.0,0.0,998,475,2.1796421052631576,0.6343379680633591,0.6338230671273306,0.024746080066031358,0.5845794599746977,0.6809520504834434,robust,1.0,pre_separator,5.0,-117.4993677761867,35.72145925283626,True,False,10.41339219614597,1.9763369069316004
2163,5.0,0.0,846,400,2.1654,0.6478139646528219,0.6496790418966913,0.02803862196619704,0.5963776478798819,0.707219335516622,robust,1.0,pre_separator,5.0,-117.48831557293889,35.72145468517072,True,False,11.240592662356603,1.9794304707858976
2164,6.0,0.0,697,334,2.1892814371257487,0.6255308851424644,0.6270940677669182,0.028803288932563297,0.5747674834533557,0.6819043730144546,robust,1.0,pre_separator,5.0,-117.4772633710929,35.721449102468966,True,False,12.093928632636146,2.435237649111765
2165,7.0,0.0,583,290,2.207310344827586,0.6096984061187154,0.6097698399041988,0.03217050630214996,0.5496961061086466,0.6746108496687317,robust,1.0,pre_separator,5.0,-117.46621117092911,35.72144250473137,True,False,12.968241829236826,3.153192005988077
2166,8.0,0.0,403,208,2.2077403846153847,0.6093305378473954,0.6126698791376887,0.039895603048111766,0.5402299146974463,0.6884212578218317,robust,1.0,pre_separator,5.0,-117.4551589727279,35.72143489195831,True,False,13.859562854283643,3.99435316986403
2167,9.0,0.0,290,150,2.208,0.6091086702710402,0.614647770507539,0.04601284881761238,0.5351382205999035,0.7158398010876864,robust,1.0,pre_separator,5.0,-117.44410677676962,35.721426264150274,True,False,14.764811847162505,4.895619946909537
2168,10.0,0.0,190,103,2.230388349514563,0.590564811354346,0.6013318742884513,0.05113089630845247,0.517482326603038,0.7122030402686831,robust,1.0,pre_separator,5.0,-117.43305458333464,35.7214166213078,True,True,15.681576937680138,5.829179366219078
2169,11.0,0.0,115,61,2.1745901639344263,0.6390535133541999,0.6421353398488927,0.06886998451192207,0.5261439995890861,0.7814301856187227,moderately_uncertain,1.0,pre_separator,5.0,-117.42200239270329,35.72140596343148,True,False,16.60795115667953,6.781708450127443
2208,-6.0,1.0,121,52,2.36,0.5020745455528923,0.5133890431749478,0.07145227573555403,0.4013140806998195,0.6786268886874331,moderately_uncertain,1.0,pre_separator,5.0,-117.60989729381187,35.73046184888921,True,True,5.3068192879454985,10.890858465535283
2209,-5.0,1.0,256,116,2.293103448275862,0.5441581324344049,0.5474501590532737,0.04785573675214026,0.46810072938065495,0.6466803375690724,robust,1.0,pre_separator,5.0,-117.59884384701284,35.730467432618525,True,True,5.106321310413365,9.930913126963565
2210,-4.0,1.0,387,178,2.230337078651685,0.5906059880722656,0.5931657466052705,0.043728248447638104,0.5140939758402148,0.6854854782142269,robust,1.0,pre_separator,5.0,-117.58779039881124,35.7304720011248,True,True,5.097715536929552,8.979714525210307
2211,-3.0,1.0,473,218,2.213807339449541,0.6041876008609377,0.6051186007837523,0.03766216944835088,0.5336885995569399,0.677926707314261,robust,1.0,pre_separator,5.0,-117.57673694948751,35.730475554407754,True,False,5.281939990734867,8.040367552124012
2212,-2.0,1.0,538,242,2.2095041322314053,0.6078264103903007,0.6082412939147678,0.036809939440860695,0.5487086275214,0.6885710437628975,robust,1.0,pre_separator,5.0,-117.56568349932219,35.73047809246716,True,False,5.640130888197147,7.1175661424551855
2213,-1.0,1.0,570,257,2.1908560311284044,0.6241154239893519,0.6287174316628884,0.03764028557362097,0.5640610091457805,0.7085733066206793,robust,1.0,pre_separator,5.0,-117.55463004859585,35.73047961530287,True,False,6.141926636346842,6.218680343223964
2214,0.0,1.0,609,277,2.193718411552347,0.6215586632938113,0.6233255924896958,0.03555416432712185,0.5567558542721439,0.698546287508702,robust,1.0,pre_separator,5.0,-117.54357659758901,35.73048012291478,True,False,6.755401481521148,5.355765363622256
2215,1.0,1.0,655,305,2.203639344262295,0.6128568578920204,0.6117187749883802,0.03221891218850854,0.5524617052024232,0.6759659662285784,robust,1.0,pre_separator,5.0,-117.53252314658216,35.73047961530287,True,False,7.453028615724578,4.549336220719628
2216,2.0,1.0,737,348,2.1998275862068963,0.6161712316631266,0.617535872599411,0.03077058576845072,0.5620618134674265,0.6785855536386473,robust,1.0,pre_separator,5.0,-117.52146969585583,35.73047809246716,True,False,8.213392838351318,3.8351919727866637
2217,3.0,1.0,899,432,2.200138888888889,0.6158992061657302,0.6143809626988768,0.02684097918734968,0.5609836488729943,0.668560520587877,robust,1.0,pre_separator,5.0,-117.51041624569051,35.730475554407754,True,False,9.020643451957959,3.2742838739338067
2218,4.0,1.0,851,417,2.183285371702638,0.6309802587100184,0.6330853931586341,0.02761856615494143,0.5865532624906417,0.6927271492771649,robust,1.0,pre_separator,5.0,-117.49936279636678,35.7304720011248,True,False,9.863275047245885,2.9551941232478605
2219,5.0,1.0,733,361,2.161468144044321,0.651635769517546,0.6543954718627994,0.03060898333366016,0.597167113707333,0.7149231427553547,robust,1.0,pre_separator,5.0,-117.48830934816517,35.730467432618525,True,False,10.732957701765837,2.957263891683393
2220,6.0,1.0,559,278,2.1860791366906476,0.6284294501827191,0.6303462119213004,0.032819059660494504,0.5711630466451326,0.6955230977429268,robust,1.0,pre_separator,5.0,-117.47725590136615,35.73046184888921,True,False,11.623621096636189,3.279885233362613
2221,7.0,1.0,426,217,2.1728571428571426,0.6406873284136488,0.6427570709755411,0.04034480233023398,0.5723859229118117,0.7244167277531133,robust,1.0,pre_separator,5.0,-117.46620245625029,35.730455249937215,True,False,12.530792224294409,3.843160751647768
2222,8.0,1.0,294,157,2.2014012738853506,0.6147985542474236,0.6133754662516029,0.04268724326161502,0.5359727033780031,0.6960198115541484,robust,1.0,pre_separator,5.0,-117.45514901309808,35.730447635762935,True,False,13.451131556070235,4.558741271664971
2223,9.0,1.0,205,112,2.2099107142857144,0.6074807290266542,0.6130172322533446,0.05120871626883327,0.5234817241830618,0.7240221653087975,robust,1.0,pre_separator,5.0,-117.44409557219004,35.730439006366844,True,False,14.382111336969261,5.366037588477858
2224,10.0,1.0,143,74,2.1577027027027027,0.6553383291362282,0.6652515708771388,0.06483064317763122,0.5623684698736722,0.8051709900133497,moderately_uncertain,1.0,pre_separator,5.0,-117.43304213380671,35.730429361749486,True,False,15.321792090981102,6.229494106260394
2225,11.0,1.0,62,30,2.1703333333333332,0.6430816612585171,0.6728548330060486,0.12380225331588655,0.48361523534454376,0.959563058910125,exploratory,1.0,pre_separator,5.0,-117.42198869822862,35.73041870191147,True,False,16.26866617917776,7.128733003760815
2264,-6.0,2.0,128,55,2.35490909090909,0.5050469712375276,0.5169252162558942,0.07042014029096337,0.39549008140191444,0.6847839812045234,moderately_uncertain,1.0,pre_separator,5.0,-117.60990476631116,35.739474581780115,True,True,4.359792263603835,11.199913519875958
2265,-5.0,2.0,244,108,2.2804629629629627,0.5529152899393046,0.5568940229635083,0.05260036515187911,0.46351078853375066,0.6705526869194726,robust,1.0,pre_separator,5.0,-117.59885007409702,35.739480166537305,True,True,4.113389715557127,10.268899662168092
2266,-4.0,2.0,390,182,2.250824175824176,0.57459723543466,0.5778954726953325,0.042415804414821026,0.4998275569493572,0.6599765534637299,robust,1.0,pre_separator,5.0,-117.5877953804795,35.73948473588458,True,True,4.102701710132292,9.352140807892688
2267,-3.0,2.0,476,220,2.240272727272727,0.5827322884771617,0.5827861482655501,0.03692093383312634,0.5160224823965285,0.6643445458954539,robust,1.0,pre_separator,5.0,-117.57674068573927,35.73948828982164,True,True,4.329474297486212,8.454275552028536
2268,-2.0,2.0,520,235,2.2133191489361708,0.6045982242662487,0.6082131187721532,0.03661939334311664,0.5398723058523719,0.687421410920852,robust,1.0,pre_separator,5.0,-117.56568599015698,35.739490828348266,True,False,4.759888030496623,7.5820190271855115
2269,-1.0,2.0,557,251,2.20394422310757,0.6125933010633406,0.6169570569120904,0.03550614491627256,0.5504512768877744,0.6926762256468516,robust,1.0,pre_separator,5.0,-117.55463129401333,35.7394923514643,True,False,5.344971509104265,6.745313183802427
2270,0.0,2.0,576,260,2.1899615384615387,0.6249187298403089,0.6286244643250748,0.0348142379053977,0.5668632054659448,0.6964183016338228,robust,1.0,pre_separator,5.0,-117.54357659758901,35.739492859169665,True,False,6.0399426159035325,5.959151564321431
2271,1.0,2.0,606,276,2.194311594202899,0.621031433631923,0.6236248783744418,0.03590781871096408,0.5617537432817812,0.6979428810452291,robust,1.0,pre_separator,5.0,-117.53252190116469,35.7394923514643,True,False,6.811247548994157,5.246305822722334
2272,2.0,2.0,621,286,2.208706293706294,0.6085058878323045,0.6111275614969013,0.03367443485516119,0.5481689930698548,0.6762279274299662,robust,1.0,pre_separator,5.0,-117.52146720502104,35.739490828348266,True,False,7.63578938577736,4.640685531740541
2273,3.0,2.0,690,337,2.203353115727003,0.6131044986758095,0.6162686127149624,0.030418436064758723,0.5554699418031245,0.6796219221075621,robust,1.0,pre_separator,5.0,-117.51041250943875,35.73948828982164,True,False,8.498086014757764,4.189057128218915
2274,4.0,2.0,658,323,2.1622291021671827,0.6508925952010316,0.6541712641818574,0.0331246556964211,0.5927153211659174,0.7224074474673223,robust,1.0,pre_separator,5.0,-117.49935781469851,35.73948473588458,True,False,9.38773946615972,3.9446719816047335
2275,5.0,2.0,559,276,2.163731884057971,0.6494299019629273,0.6522634772754059,0.03343956642571523,0.5892288015068209,0.7195583862521883,robust,1.0,pre_separator,5.0,-117.48830312108099,35.739480166537305,True,False,10.29766180522375,3.946222809400545
2276,6.0,2.0,424,214,2.1790186915887855,0.6349161027961185,0.6347846121711891,0.03587813203550296,0.5677097283584225,0.7097197400352915,robust,1.0,pre_separator,5.0,-117.47724842886686,35.739474581780115,True,False,11.222924085328001,4.193436762419203
2277,7.0,2.0,288,151,2.179801324503311,0.6341904817696535,0.6387739823091804,0.04539270029448075,0.5593189964882884,0.737640272783382,robust,1.0,pre_separator,5.0,-117.4661937383368,35.73946798161334,True,False,12.160025139583663,4.6472733187735535
2278,8.0,2.0,184,99,2.171515151515151,0.6419582487259718,0.6456826960279668,0.05929972279703278,0.5473916953052538,0.7802476226224393,moderately_uncertain,1.0,pre_separator,5.0,-117.45513904977149,35.7394603660374,True,False,13.10642581963435,5.254463504332319
2279,9.0,2.0,136,71,2.1495774647887322,0.6634730116219664,0.6672512080718279,0.06922556550006409,0.549544605636397,0.8185809659777555,moderately_uncertain,1.0,pre_separator,5.0,-117.44408436345161,35.739451735052775,True,False,14.06024836679101,5.968385387802633
2280,10.0,2.0,81,39,2.216153846153846,0.6022216815725093,0.6116798946860867,0.08642002748833061,0.47277738232911243,0.8070438384071512,exploratory,1.0,pre_separator,5.0,-117.43302967965786,35.73944208865998,True,False,15.020078911447854,6.755283973032644
2320,-6.0,3.0,123,54,2.343703703703704,0.5117150779571371,0.522313303233708,0.07128476263388525,0.407291175839326,0.6743037306141171,moderately_uncertain,1.0,pre_separator,5.0,-117.60991224158434,35.748487301140266,True,True,3.4428543693640803,11.587291641668427
2321,-5.0,3.0,204,89,2.338988764044944,0.5145737720746777,0.5203039547122625,0.050454979621499904,0.4289157957887513,0.6350640080879574,moderately_uncertain,1.0,pre_separator,5.0,-117.59885630349277,35.74849288692565,True,True,3.1249692124756416,10.69006852214029
2322,-4.0,3.0,350,159,2.2625786163522013,0.5657980468074648,0.566147444841454,0.04167921835960186,0.4925782851925159,0.6516526181891942,robust,1.0,pre_separator,5.0,-117.58780036399705,35.74849745711419,True,True,3.110887164329803,9.812736745018203
2323,-3.0,3.0,439,204,2.215,0.6031867804211832,0.6065962673104532,0.04176937051732783,0.5311332194658199,0.699696646328341,robust,1.0,pre_separator,5.0,-117.57674442337795,35.748501011705564,True,False,3.4043803135759108,8.961140543815063
2324,-2.0,3.0,495,228,2.231578947368421,0.5896102290933752,0.592174694338605,0.03720536521784623,0.5203571052217234,0.6594099903917578,robust,1.0,pre_separator,5.0,-117.56568848191635,35.74850355069957,True,True,3.937256873730048,8.143357861778018
2325,-1.0,3.0,540,241,2.209170124481328,0.6081106826173409,0.6105251333520082,0.035388411791727685,0.5465806637506209,0.6814174171530815,robust,1.0,pre_separator,5.0,-117.5546325398931,35.74850507409603,True,False,4.627545576221352,7.370652256344588
2326,0.0,3.0,556,250,2.20408,0.6124759997507361,0.6139811143297474,0.03463031302184456,0.5551277911701887,0.6850655519707692,robust,1.0,pre_separator,5.0,-117.54357659758901,35.74850558189486,True,False,5.415382205373605,6.6587350227301645
2327,1.0,3.0,565,254,2.1971653543307084,0.6185074202603085,0.621309691531847,0.03599942535848545,0.5554413077809819,0.6883122065396257,robust,1.0,pre_separator,5.0,-117.5325206552849,35.74850507409603,True,False,6.264068230834367,6.0291781796451325
2328,2.0,3.0,572,262,2.186603053435114,0.627953389948411,0.6321603551115204,0.03737015234054121,0.5663806772206936,0.7057800631771776,robust,1.0,pre_separator,5.0,-117.52146471326165,35.74850355069957,True,False,7.151974354737276,5.510283744135569
2329,3.0,3.0,544,244,2.1670491803278686,0.6462242565214872,0.647290793160893,0.039201526393601936,0.5738966024065892,0.7267097850992053,robust,1.0,pre_separator,5.0,-117.51040877180007,35.748501011705564,True,False,8.066159156692297,5.135704855213199
2330,4.0,3.0,438,202,2.1206930693069306,0.6941014743607634,0.6931338903656601,0.04594064575187341,0.6138771407443699,0.7850587394632427,robust,1.0,pre_separator,5.0,-117.49935283118097,35.74849745711419,True,False,8.998617111054468,4.938390606142465
2331,5.0,3.0,363,170,2.146058823529412,0.66705874524352,0.6747909579904295,0.04668583348808269,0.5871302946670066,0.7718935555680316,robust,1.0,pre_separator,5.0,-117.48829689168525,35.74849288692565,True,False,9.944209183320389,4.939629459565956
2332,6.0,3.0,251,123,2.107723577235773,0.7087934886764402,0.7184774443140453,0.05657490316001915,0.6213013471526755,0.8244856878046471,robust,1.0,pre_separator,5.0,-117.47724095359368,35.748487301140266,True,False,10.899517542162354,5.13927783027806
2333,7.0,3.0,135,74,2.0947297297297296,0.7241503303479189,0.7340053925132692,0.07702275577528091,0.5987709225528022,0.8997424035884642,moderately_uncertain,1.0,pre_separator,5.0,-117.46618501718713,35.748480699758346,True,False,11.862194949594116,5.51583303189675
2334,8.0,3.0,104,57,2.1229824561403507,0.6915710425614012,0.6994922247634638,0.08457777808432673,0.5453136691248939,0.883541653313443,moderately_uncertain,1.0,pre_separator,5.0,-117.45512908274642,35.74847308278029,True,False,12.830582815774482,6.03627794710772
2335,9.0,3.0,63,30,2.2276666666666665,0.5927586195221819,0.6109170156726991,0.11031875823203867,0.44147663104012347,0.8638312051882137,exploratory,1.0,pre_separator,5.0,-117.44407315055241,35.74846445020662,True,True,13.803479335396519,6.666999990529078
2376,-6.0,4.0,110,45,2.3688888888888893,0.49696762074116524,0.5028340701809942,0.07375400616514781,0.3870146205203592,0.6678741586226498,exploratory,1.0,pre_separator,5.0,-117.6099197196327,35.757500006968264,True,True,2.588185432985594,12.045438652264089
2377,-5.0,4.0,157,64,2.2992187499999996,0.5400203388732879,0.5514143306824906,0.06727397757430106,0.44300935049180096,0.70753093398993,moderately_uncertain,1.0,pre_separator,5.0,-117.59886253520119,35.7575055937822,True,True,2.147298350437153,11.185027033692561
2378,-4.0,4.0,276,120,2.268666666666667,0.5613457327487097,0.5670721174930498,0.0519051108429447,0.47331651403121877,0.6756579471282597,robust,1.0,pre_separator,5.0,-117.5878053493647,35.75751016481227,True,True,2.1267525892922783,10.349737540798275
2379,-3.0,4.0,399,177,2.218813559322034,0.6000087678794487,0.6017763836281917,0.04559156285077813,0.522000085511277,0.6935577272515805,robust,1.0,pre_separator,5.0,-117.57674816240427,35.75751372005814,True,False,2.5367820060723987,9.54616700997761
2380,-2.0,4.0,447,205,2.21,0.6074048697947578,0.607525257132231,0.04084440775150908,0.5342143023711982,0.6949071384407796,robust,1.0,pre_separator,5.0,-117.56569097460083,35.757516259519655,True,False,3.2167451432471297,8.783025788494564
2381,-1.0,4.0,472,215,2.1908372093023254,0.6241323057999343,0.6263899557287302,0.04403953347547746,0.5474804537276122,0.7274517116784298,robust,1.0,pre_separator,5.0,-117.55463378623543,35.75751778319662,True,False,4.03232385689385,8.071789109010238
2382,0.0,4.0,514,233,2.193562231759657,0.6216976271523832,0.6244688358396436,0.03622937381254244,0.560243275219701,0.6982853296378799,robust,1.0,pre_separator,5.0,-117.54357659758901,35.75751829108896,True,False,4.916484725608997,7.427382906469277
2383,1.0,4.0,533,239,2.1833891213389123,0.6308851613729048,0.6353867661995294,0.040202411397214415,0.5588939581876395,0.7147296538318071,robust,1.0,pre_separator,5.0,-117.53251940894259,35.75751778319662,True,False,5.838151113787469,6.868642825062875
2384,2.0,4.0,514,228,2.157631578947368,0.6554086700684502,0.6568226289661734,0.03775337759819095,0.5838555136405259,0.7358206609674262,robust,1.0,pre_separator,5.0,-117.52146222057719,35.757516259519655,True,False,6.782049454087545,6.4179819006649925
2385,3.0,4.0,437,191,2.135392670157068,0.6781690393126035,0.6785808270190761,0.04468922428537475,0.5991317996815654,0.7777386459956793,robust,1.0,pre_separator,5.0,-117.51040503277375,35.75751372005814,True,False,7.740050462882039,6.09940399516536
2386,4.0,4.0,301,131,2.1261068702290076,0.688147289136087,0.6927460550981023,0.049975407146673125,0.5988638823594566,0.8005282035700432,robust,1.0,pre_separator,5.0,-117.4993478458133,35.75751016481227,True,False,8.707500648190143,5.934219958445664
2387,5.0,4.0,169,78,2.1543589743589746,0.6586616680624855,0.6629847777462742,0.05812884482537689,0.5634512441401747,0.7884455962109795,moderately_uncertain,1.0,pre_separator,5.0,-117.48829065997683,35.7575055937822,True,False,9.681567740221778,5.935250957978995
2432,-6.0,5.0,85,32,2.383125,0.48900152782913636,0.5017691732723869,0.07770038516418196,0.3812632738338529,0.699842867176438,exploratory,1.0,pre_separator,5.0,-117.60992720045755,35.76651269926275,True,True,1.8825943435558044,12.566616770707876
2433,-5.0,5.0,142,54,2.3512962962962964,0.5071778119112369,0.5198694960144034,0.06578697835187779,0.4077510260247517,0.6627781068274462,moderately_uncertain,1.0,pre_separator,5.0,-117.59886876922332,35.76651828710553,True,True,1.2067923734676165,11.744449517998369
2434,-4.0,5.0,176,73,2.2946575342465754,0.5431005940717324,0.5498776141504894,0.0669092414289329,0.4389685455104345,0.68743968801469,moderately_uncertain,1.0,pre_separator,5.0,-117.58781033658335,35.76652285897735,True,True,1.1698436660216167,10.951909965836455
2435,-3.0,5.0,285,119,2.263529411764706,0.5650980629433815,0.5698146389326728,0.05202648447428515,0.47774093814005825,0.6943160532868686,robust,1.0,pre_separator,5.0,-117.57675190281878,35.766526414877966,True,True,1.8112759516987436,10.195909440494436
2436,-2.0,5.0,367,161,2.218509316770186,0.6002610772753879,0.6030849722920428,0.04475125813362266,0.5200280964124065,0.6993215315088068,robust,1.0,pre_separator,5.0,-117.56569346821078,35.76652895480714,True,False,2.681959534272186,9.485188808755433
2437,-1.0,5.0,406,182,2.1857692307692305,0.6287113880559327,0.6347652479432281,0.046140760548401334,0.5534638090185436,0.7364448261821576,robust,1.0,pre_separator,5.0,-117.55463503304047,35.76653047876471,True,False,3.6200957603003787,8.83068763781819
2438,0.0,5.0,410,181,2.1788950276243093,0.6350309102434752,0.6382647571837101,0.046949976644018586,0.5534021953506951,0.7392459654264998,robust,1.0,pre_separator,5.0,-117.54357659758901,35.76653098675057,True,False,4.58446067537023,8.245803876863112
2439,1.0,5.0,402,174,2.1468390804597703,0.666260270244805,0.6657561229300522,0.0499360455722828,0.577673590341983,0.7726496014488403,robust,1.0,pre_separator,5.0,-117.53251816213755,35.76653047876471,True,False,5.561426620417405,7.746322933796812
2440,2.0,5.0,363,157,2.1370063694267514,0.6764644442562683,0.6814729445884082,0.052982817295359655,0.5866902286165111,0.7985060723565471,robust,1.0,pre_separator,5.0,-117.52145972696724,35.76652895480714,True,False,6.545353498823318,7.3496772999664515
2441,3.0,5.0,271,117,2.1633333333333336,0.6498171799051147,0.6560575168436332,0.058521350065078456,0.5548089488724213,0.781924666919888,robust,1.0,pre_separator,5.0,-117.51040129235923,35.766526414877966,True,False,7.533514372112789,7.073188378137392
2442,4.0,5.0,154,69,2.1847826086956523,0.62961065765993,0.6343220127176519,0.068720417018468,0.5141496771820931,0.7753302350357929,moderately_uncertain,1.0,pre_separator,5.0,-117.49934285859467,35.76652285897735,True,False,8.524436941235546,6.931250338257419
2489,-5.0,6.0,107,41,2.4378048780487807,0.46064089401198605,0.4723294678497198,0.06852865464002779,0.3624149917754625,0.6271116509668705,exploratory,1.0,pre_separator,5.0,-117.59887500556029,35.77553096689422,True,True,0.5493682367311464,12.359585721907951
2490,-4.0,6.0,146,54,2.358888888888889,0.502720300595404,0.5099962080382558,0.06447839607909017,0.3987799691273466,0.646329448789746,moderately_uncertain,1.0,pre_separator,5.0,-117.58781532565386,35.775535539608114,True,True,0.46259250945122515,11.609116961947045
2491,-3.0,6.0,171,69,2.324347826086956,0.5236578287693209,0.5327829218051757,0.06148774196573593,0.4315736912410798,0.6689732163766684,moderately_uncertain,1.0,pre_separator,5.0,-117.57675564462221,35.77553909616366,True,True,1.4581420370017713,10.898799661207757
2492,-2.0,6.0,238,96,2.246875,0.5776152710267687,0.5865682008796148,0.06262375094185027,0.47935239446128536,0.7251619197863118,moderately_uncertain,1.0,pre_separator,5.0,-117.56569596274666,35.77554163656062,True,True,2.457308399518255,10.236995236597409
2493,-1.0,6.0,271,109,2.183853211009174,0.6304601255570947,0.6384064311174372,0.06154472917910288,0.5269702340423472,0.7707372093245112,robust,1.0,pre_separator,5.0,-117.5546362803085,35.77554316079886,True,False,3.4569568901874175,9.633706913389764
2494,0.0,6.0,278,112,2.1607142857142856,0.6523736852623956,0.657797337978441,0.06637999335821072,0.5370361035833383,0.7865700083220271,robust,1.0,pre_separator,5.0,-117.54357659758901,35.77554366887829,True,False,4.4567630979092385,9.100579449247693
2495,1.0,6.0,269,111,2.155135135135135,0.6578872397306169,0.6599061898315658,0.06417701296126312,0.5551034113970514,0.7981215210697509,robust,1.0,pre_separator,5.0,-117.53251691486952,35.77554316079886,True,False,5.45664032909966,8.650594414896885
2496,2.0,6.0,207,90,2.201333333333333,0.6148576902830374,0.6154801949676475,0.06969091686365098,0.4888541398257273,0.758862419345783,moderately_uncertain,1.0,pre_separator,5.0,-117.52145723243135,35.77554163656062,True,False,6.456555587263858,8.297289988304668
2497,3.0,6.0,123,52,2.148269230769231,0.6648016796870502,0.6773152394000165,0.10055029153848301,0.5164202155694346,0.9088105550282246,moderately_uncertain,1.0,pre_separator,5.0,-117.51039755055581,35.77553909616366,True,False,7.456493574174085,8.053400435157599
2546,-4.0,7.0,97,39,2.434871794871795,0.46207842843341485,0.4759422973864799,0.07460131728092412,0.3668862156150516,0.6459893511770782,exploratory,1.0,pre_separator,5.0,-117.58782031657711,35.78454820670312,True,True,1.0292956118967318,12.312548938889352
2547,-3.0,7.0,122,48,2.3760416666666666,0.4929329659814634,0.5003255040361365,0.06771734499446312,0.3915217129101945,0.6496040441789981,exploratory,1.0,pre_separator,5.0,-117.5767593878152,35.78455176391378,True,True,1.7238433301611722,11.64521785075406
2548,-2.0,7.0,143,57,2.402105263157895,0.47876966383300146,0.4845413148629273,0.06075869265653794,0.3816807071017603,0.6129929078629095,moderately_uncertain,1.0,pre_separator,5.0,-117.5656984582089,35.78455430477871,True,True,2.6237039080682205,11.02829706756654
2549,-1.0,7.0,155,60,2.3466666666666662,0.5099348124108635,0.5201769584279411,0.06443337341060801,0.3985541487488197,0.6585177656319068,moderately_uncertain,1.0,pre_separator,5.0,-117.55463752803969,35.78455582929772,True,True,3.577150900854442,10.470700722944594
2550,0.0,7.0,151,59,2.2761016949152544,0.5560024830702366,0.5655560036431343,0.07371511189575453,0.43343243241881113,0.7234325972065129,moderately_uncertain,1.0,pre_separator,5.0,-117.54357659758901,35.78455633747074,True,True,4.550625774303468,9.982375020427162
2551,1.0,7.0,116,46,2.3039130434782606,0.5368864866312709,0.5542476071625329,0.0882687282867572,0.4158641669104302,0.7414512438804414,exploratory,1.0,pre_separator,5.0,-117.53251566713833,35.78455582929772,True,True,5.533568587089739,9.573925447141516
2604,-2.0,8.0,80,31,2.3174193548387096,0.5280693837615535,0.5379749769746961,0.08944373254903738,0.4033436022701515,0.7312566320958848,exploratory,1.0,pre_separator,5.0,-117.56570095459796,35.793566959460016,True,True,3.119179351060458,11.851185634647507
1204,-2.0,-17.0,244,43,1.998372093023256,0.8627702805192802,0.8744444223883923,0.14084478462869504,0.6524982587638792,1.2055025594844218,exploratory,1.0,post_separator,5.0,-117.56563882191324,35.568246534611795,True,False,23.2076030462507,16.424645583311907
1205,-1.0,-17.0,169,32,2.0337500000000004,0.8061150476162441,0.8354395239769813,0.17174898619788012,0.5548303007692433,1.2408977608068557,exploratory,1.0,post_separator,5.0,-117.55460770988999,35.568248052416436,True,False,23.334631463183985,16.05556663454713
1317,-1.0,-15.0,206,33,1.9860606060606059,0.8844009813518862,0.9191588112298117,0.17757468400411797,0.6396109907166413,1.3137241264540327,exploratory,1.0,post_separator,5.0,-117.55461018461412,35.586273997823746,True,False,21.358743895097273,14.192806256309586
1373,-1.0,-14.0,244,39,2.015128205128205,0.8349758340757618,0.86006862261024,0.14159662996254235,0.6378407293867336,1.1597447851581237,exploratory,1.0,post_separator,5.0,-117.55461142266404,35.595286950269475,True,False,20.372564845969308,13.276408180133632
1374,0.0,-14.0,190,32,2.02375,0.8213607222756533,0.8658878101220266,0.16551722915746606,0.5937370383022063,1.2276875813519486,exploratory,1.0,post_separator,5.0,-117.54357659758901,35.59528745648322,True,False,20.565835377477274,12.89477613549359
1428,-2.0,-13.0,310,59,1.9888135593220335,0.8794705485598722,0.8900202269472994,0.11228524517939181,0.7048198381426904,1.1424357658943498,moderately_uncertain,1.0,post_separator,5.0,-117.56564872447825,35.60429837028784,True,False,19.234725619561686,12.848269980153837
1429,-1.0,-13.0,301,54,1.9848148148148144,0.886650360029324,0.8981994444153352,0.12826701992822537,0.6976463913748747,1.1759672615800625,moderately_uncertain,1.0,post_separator,5.0,-117.5546126611728,35.60429988920806,True,False,19.38780173279307,12.372965647002257
1430,0.0,-13.0,251,46,1.993043478260869,0.8720011421889832,0.8879300998303403,0.12775499095483042,0.6718604885785014,1.1843525136883726,exploratory,1.0,post_separator,5.0,-117.54357659758901,35.60430039551482,True,False,19.590789733963387,11.962546397856675
1482,-4.0,-12.0,326,61,1.9795081967213117,0.8963614750836862,0.9188295766835162,0.11943233076647905,0.7048554870413694,1.187379756277488,moderately_uncertain,1.0,post_separator,5.0,-117.5877258050105,35.61330521864185,True,False,18.083023932576918,13.186388109764916
1535,-7.0,-11.0,253,51,2.0178431372549017,0.8306401116469474,0.8324909088571688,0.11893586396539116,0.6377541549900928,1.1035508666521756,moderately_uncertain,1.0,post_separator,5.0,-117.62084637583546,35.622301414907184,True,False,17.265707430111433,14.651668296163448
1536,-6.0,-11.0,271,53,1.9998113207547172,0.860310504237426,0.8793267017055956,0.12175361298166543,0.6846152429374153,1.1451828645089235,moderately_uncertain,1.0,post_separator,5.0,-117.60980783970851,35.62230799931144,True,False,17.146919240273935,13.881052599849077
1537,-5.0,-11.0,292,55,1.992,0.8738319555397421,0.8863272577047636,0.11761469621835266,0.6795455789586794,1.1430085517324247,moderately_uncertain,1.0,post_separator,5.0,-117.5987693019096,35.6223135707311,True,False,17.08593063905937,13.14137963452668
1592,-6.0,-10.0,256,49,2.0134693877551024,0.8376472982979462,0.8494952154800158,0.12179664643592007,0.6588216741471146,1.1270048237175705,exploratory,1.0,post_separator,5.0,-117.6098152790228,35.63132089446166,True,False,16.151232060104455,13.248052159323482
1593,-5.0,-10.0,304,60,1.9866666666666668,0.8833108106506814,0.8952212156473258,0.11083538826985809,0.7044872141154562,1.1235307045271095,moderately_uncertain,1.0,post_separator,5.0,-117.59877550133959,35.631326466905385,True,False,16.086468954671727,12.470891044152832
1649,-5.0,-9.0,278,53,1.9811320754716981,0.8933672633756005,0.9071646279232666,0.13007072593055113,0.6953500132982401,1.191275689427526,moderately_uncertain,1.0,post_separator,5.0,-117.59878170306818,35.64033934956611,True,False,15.087078612391693,11.846956916082291
1931,-3.0,-4.0,159,33,2.1433333333333335,0.669862954092419,0.7014333294058794,0.16292848737424256,0.46500235358098996,1.062306086007268,exploratory,1.0,post_separator,5.0,-117.57671828900995,35.685411674438015,True,True,10.181925256619046,7.7788936675696405
1932,-2.0,-4.0,307,72,2.014861111111111,0.835404827599095,0.8588157500563688,0.12169232070948764,0.6506453542319691,1.1096239424071728,moderately_uncertain,1.0,post_separator,5.0,-117.56567105900254,35.68541421016351,True,False,10.372260520332494,6.820808171348229
1987,-3.0,-3.0,212,48,2.0714583333333336,0.7533839946279753,0.7788617915827576,0.13353033335299877,0.5491533719108468,1.0887845285811992,exploratory,1.0,post_separator,5.0,-117.5767220183368,35.694424477480666,True,False,9.193316026235925,7.572215754172208
1988,-2.0,-3.0,358,77,2.0603896103896107,0.7681331137372315,0.773483522555666,0.09190078669497964,0.6159013326160065,0.980793276832841,moderately_uncertain,1.0,post_separator,5.0,-117.56567354522072,35.694427013672644,True,False,9.403682572722115,6.5841239999493855
1989,-1.0,-3.0,568,128,1.9990625,0.8615885567826447,0.8687360830269691,0.07682813147416197,0.735117916252736,1.0270376259559841,robust,1.0,post_separator,5.0,-117.5546250715448,35.69442853538789,True,False,9.712951780936056,5.600261267627182
2042,-4.0,-2.0,250,67,2.136567164179104,0.676927539549096,0.6895450294647709,0.10287406275971182,0.5290603775895791,0.9129286855810947,moderately_uncertain,1.0,post_separator,5.0,-117.58777546489317,35.7034337156785,True,True,8.090137873661023,8.494320381592443
2043,-3.0,-2.0,426,105,2.091714285714285,0.7278097613892184,0.7352130992479107,0.07364312792648879,0.6082150130022197,0.8979780187053198,robust,1.0,post_separator,5.0,-117.57672574904731,35.70343726700036,True,False,8.207467160160666,7.494378971209857
2044,-2.0,-2.0,561,140,2.082,0.7398543132934445,0.7391735679426847,0.06657721625337375,0.6164759207834917,0.8792721384075145,robust,1.0,post_separator,5.0,-117.56567603236132,35.70343980365898,True,False,8.442434693581413,6.494455603288718
2045,-1.0,-2.0,654,160,2.0311250000000003,0.8100619853639572,0.8165911117650961,0.06812762938162979,0.7006624918853938,0.9503145037165958,robust,1.0,post_separator,5.0,-117.5546263151152,35.70344132565421,True,False,8.785606975369339,5.494560128168946
2046,0.0,-2.0,746,179,2.0094413407821228,0.8442060298711201,0.8504750058897264,0.06822875834138674,0.7261848064042671,1.002015545481623,robust,1.0,post_separator,5.0,-117.54357659758901,35.703441832985966,True,False,9.224916059018081,4.494711161024661
2047,1.0,-2.0,827,201,2.009900497512438,0.8434532186342683,0.8548297435655844,0.0618271991938771,0.7464805002372806,0.9842431077761506,robust,1.0,post_separator,5.0,-117.53252688006282,35.70344132565421,True,False,9.747372090271355,3.494948617650247
2048,2.0,-2.0,863,204,1.9791176470588236,0.8970845920237277,0.8983566544880336,0.06515266120017213,0.7789406354314603,1.0364648057095562,robust,1.0,post_separator,5.0,-117.5214771628167,35.70343980365898,True,False,10.340379540252489,2.4953763762188435
2097,-5.0,-1.0,295,94,2.0872340425531912,0.7333156331759599,0.7370745751674356,0.08207337479291273,0.6005668463040902,0.9100445706094467,moderately_uncertain,1.0,post_separator,5.0,-117.59883139977481,35.712441924195296,True,False,7.098140747508652,9.537741140466112
2098,-4.0,-1.0,496,137,2.062043795620438,0.7658923089495461,0.7720292210365856,0.07068983124554173,0.6461660970564513,0.9129154204055148,robust,1.0,post_separator,5.0,-117.58778044101891,35.712446491020366,True,False,7.091952371647316,8.542876768484696
2099,-3.0,-1.0,650,179,2.1215642458100556,0.6931363939252115,0.695824244883999,0.052996145592690974,0.6091721232736541,0.8139380387083459,robust,1.0,post_separator,5.0,-117.57672948114218,35.71245004299572,True,True,7.225508619604939,7.549369569738339
2100,-2.0,-1.0,717,191,2.109947643979057,0.7062300118642982,0.7082646307570686,0.05202497044688499,0.6195447641719184,0.8193692522851768,robust,1.0,post_separator,5.0,-117.5656785204248,35.712452580121116,True,True,7.491339078045831,6.557836405360151
2101,-1.0,-1.0,747,198,2.0858080808080808,0.735085548100905,0.7402025160814821,0.054507023792743345,0.6465706980386151,0.8554577682401473,robust,1.0,post_separator,5.0,-117.55462755914702,35.71245410239643,True,False,7.876061677801149,5.5693317138093565
2102,0.0,-1.0,747,189,2.071851851851852,0.752870048885252,0.7576339628872313,0.05827341866967939,0.6550574879206916,0.8794943502574502,robust,1.0,post_separator,5.0,-117.54357659758901,35.712454609821535,True,False,8.363284876338911,4.585814339614981
2103,1.0,-1.0,778,189,2.0457671957671955,0.7885264141381876,0.7914877235317639,0.05926550305197845,0.6931328687109894,0.9250748180819339,robust,1.0,post_separator,5.0,-117.532525636031,35.71245410239643,True,False,8.936258741390072,3.611361319003416
2104,2.0,-1.0,851,203,1.9970935960591132,0.8649671800476835,0.8702329463419771,0.06707935281078356,0.7336815675260087,1.01336843446603,robust,1.0,post_separator,5.0,-117.52147467475322,35.712452580121116,True,False,9.579608899289248,2.655968372434019
2105,3.0,-1.0,807,184,1.9852717391304349,0.8858240180711486,0.8900007635534939,0.06722868727472223,0.7677620105169309,1.0262050357190287,robust,1.0,post_separator,5.0,-117.51042371403584,35.71245004299572,True,False,10.28013098329068,1.751115477158924
2152,-6.0,0.0,208,65,2.023076923076923,0.8224076132181026,0.8327204166979205,0.1087574302528157,0.6490055931000652,1.085438377099902,moderately_uncertain,1.0,post_separator,5.0,-117.6098898240851,35.721449102468966,True,False,6.270316844310252,10.666936457106267
2153,-5.0,0.0,453,136,2.1408823529411762,0.6724049355514831,0.6803183694611135,0.06021293363842845,0.5745176011009288,0.8080873095790446,robust,1.0,post_separator,5.0,-117.59883762223913,35.72145468517072,True,True,6.101562070348229,9.684821670992116
2154,-4.0,0.0,624,183,2.103879781420765,0.7132680295112863,0.717285797602655,0.05236329332446471,0.6209010857026677,0.8291338598353477,robust,1.0,post_separator,5.0,-117.58778541899132,35.72145925283626,True,False,6.09436182619505,8.706779440062453
2155,-3.0,0.0,743,213,2.0884037558685447,0.7318701265508337,0.7346186457390891,0.05257171921756788,0.6407564493074549,0.8390221273779462,robust,1.0,post_separator,5.0,-117.57673321462202,35.72146280546531,True,False,6.249274553006513,7.734354894680613
2156,-2.0,0.0,800,220,2.092,0.7274614437240398,0.7317725364151402,0.04834060647459243,0.6399140343139498,0.8310092520319537,robust,1.0,post_separator,5.0,-117.56568100941163,35.72146534305765,True,False,6.554816458843531,6.769969206417831
2157,-1.0,0.0,822,223,2.087802690582959,0.7326121976203731,0.7367250890305702,0.048571579749642074,0.6457706553205966,0.8424820565905616,robust,1.0,post_separator,5.0,-117.5546288036405,35.72146686561311,True,False,6.991266350197033,5.817621547919853
2158,0.0,0.0,828,221,2.086877828054299,0.7337569703040299,0.7401846893383525,0.049213294680217616,0.6460753125049706,0.8477936322356667,robust,1.0,post_separator,5.0,-117.54357659758901,35.7214673731316,True,False,7.535913451577628,4.884358493578978
2159,1.0,0.0,782,202,2.0834653465346533,0.7380119907836872,0.7430446180901672,0.05443287919391506,0.6456635555748015,0.8538729300299791,robust,1.0,post_separator,5.0,-117.53252439153752,35.72146686561311,True,False,8.167140131033625,3.983615859087422
2160,2.0,0.0,774,186,2.036559139784946,0.8019336209074247,0.8068685056175807,0.06365192360451265,0.6975331711440228,0.9333232298448638,robust,1.0,post_separator,5.0,-117.52147218576638,35.72146534305765,True,False,8.866474174676833,3.1434746271838327
2161,3.0,0.0,757,179,1.9958659217877095,0.8670873042293467,0.8768442949980125,0.07224198880922161,0.7528486112560164,1.0214225541607802,robust,1.0,post_separator,5.0,-117.510419980556,35.72146280546531,True,False,9.619072234913434,2.427688231780236
2207,-7.0,1.0,150,47,2.114255319148936,0.70131732174722,0.7078638498553584,0.08565575937685344,0.5610773648449107,0.8833090747424837,exploratory,1.0,post_separator,5.0,-117.62095073892773,35.730455249937215,True,True,5.6789210757536575,11.857426394346533
2208,-6.0,1.0,379,123,2.1271544715447153,0.6870068969725418,0.6910445746600006,0.056614305318272724,0.5909046411800831,0.8101648786547351,robust,1.0,post_separator,5.0,-117.60989729381187,35.73046184888921,True,True,5.3068192879454985,10.890858465535283
2209,-5.0,1.0,569,166,2.1348795180722893,0.6787128977211428,0.6844308314938258,0.05671233687220641,0.5905879992474228,0.808048690871908,robust,1.0,post_separator,5.0,-117.59884384701284,35.730467432618525,True,True,5.106321310413365,9.930913126963565
2210,-4.0,1.0,714,208,2.126875,0.6873107527647901,0.6936238482131712,0.047816205634745375,0.6094807310814342,0.7884650529077922,robust,1.0,post_separator,5.0,-117.58779039881124,35.7304720011248,True,True,5.097715536929552,8.979714525210307
2211,-3.0,1.0,815,234,2.106923076923077,0.7097207120983374,0.711351533579332,0.04533550537979422,0.6312358619815402,0.8092159982415266,robust,1.0,post_separator,5.0,-117.57673694948751,35.730475554407754,True,True,5.281939990734867,8.040367552124012
2212,-2.0,1.0,866,242,2.1155371900826445,0.6998685797468666,0.700740020616521,0.04304789124155736,0.6246046923720485,0.7889046209935437,robust,1.0,post_separator,5.0,-117.56568349932219,35.73047809246716,True,True,5.640130888197147,7.1175661424551855
2213,-1.0,1.0,888,240,2.1005833333333332,0.7171506512782472,0.7216388504054989,0.045923558473069226,0.6361524883037769,0.8196425744082465,robust,1.0,post_separator,5.0,-117.55463004859585,35.73047961530287,True,False,6.141926636346842,6.218680343223964
2214,0.0,1.0,889,239,2.0978661087866106,0.7203829765407727,0.7184403920848098,0.046637688320477634,0.6376041932028366,0.8142292897356327,robust,1.0,post_separator,5.0,-117.54357659758901,35.73048012291478,True,False,6.755401481521148,5.355765363622256
2215,1.0,1.0,839,228,2.0756140350877192,0.7479917047434765,0.7547763191823095,0.05294212140662071,0.6491313389311082,0.8590809464862112,robust,1.0,post_separator,5.0,-117.53252314658216,35.73047961530287,True,False,7.453028615724578,4.549336220719628
2216,2.0,1.0,730,189,2.072063492063492,0.7525939309559857,0.758627778901988,0.054070415241816217,0.6575133218912234,0.8698931465663899,robust,1.0,post_separator,5.0,-117.52146969585583,35.73047809246716,True,False,8.213392838351318,3.8351919727866637
2217,3.0,1.0,722,174,2.0325287356321837,0.8079465396254233,0.8121225136850985,0.06560399603715304,0.6991266704537361,0.9573380564784375,robust,1.0,post_separator,5.0,-117.51041624569051,35.730475554407754,True,False,9.020643451957959,3.2742838739338067
2218,4.0,1.0,586,133,1.979248120300752,0.8968428863152316,0.909037208574081,0.0838792137587636,0.7548383258661803,1.0887018870227216,robust,1.0,post_separator,5.0,-117.49936279636678,35.7304720011248,True,False,9.863275047245885,2.9551941232478605
2263,-7.0,2.0,248,70,2.0844285714285715,0.7368059557253422,0.7475700121892864,0.07946660920053124,0.6102029276099803,0.9203791769163687,moderately_uncertain,1.0,post_separator,5.0,-117.62095945684122,35.73946798161334,True,False,4.805788406859852,12.14190369891495
2264,-6.0,2.0,466,139,2.1241726618705035,0.6902627978337661,0.6990703884252397,0.06022861808123062,0.6000869062246381,0.8343223404404345,robust,1.0,post_separator,5.0,-117.60990476631116,35.739474581780115,True,True,4.359792263603835,11.199913519875958
2265,-5.0,2.0,634,179,2.13,0.683928317957877,0.6895168483749933,0.048652907551519596,0.6008029162970905,0.7889111603499607,robust,1.0,post_separator,5.0,-117.59885007409702,35.739480166537305,True,True,4.113389715557127,10.268899662168092
2266,-4.0,2.0,790,226,2.1180530973451326,0.6970424892417793,0.6975305329486243,0.045919741076841485,0.6185566421899826,0.8079563627738375,robust,1.0,post_separator,5.0,-117.5877953804795,35.73948473588458,True,True,4.102701710132292,9.352140807892688
2267,-3.0,2.0,858,238,2.108697478991597,0.7076686751538676,0.7118787551657456,0.04496799594687884,0.6303469876168933,0.810374936587446,robust,1.0,post_separator,5.0,-117.57674068573927,35.73948828982164,True,True,4.329474297486212,8.454275552028536
2268,-2.0,2.0,881,243,2.1237037037037045,0.6907776737194571,0.693125584807475,0.042661000849500884,0.6154798455697938,0.7822212262682451,robust,1.0,post_separator,5.0,-117.56568599015698,35.739490828348266,True,True,4.759888030496623,7.5820190271855115
2269,-1.0,2.0,892,244,2.113688524590164,0.7019598144170206,0.7050374332697483,0.046852914497274877,0.6195354550266549,0.8029614648622551,robust,1.0,post_separator,5.0,-117.55463129401333,35.7394923514643,True,True,5.344971509104265,6.745313183802427
2270,0.0,2.0,896,243,2.098230452674897,0.7199478739467898,0.7227235360641837,0.0454914195324343,0.6366957379581131,0.815740532693416,robust,1.0,post_separator,5.0,-117.54357659758901,35.739492859169665,True,False,6.0399426159035325,5.959151564321431
2271,1.0,2.0,893,243,2.0953497942386834,0.723402399852556,0.7251822244304454,0.04423365481763523,0.644135208267065,0.8120373313706896,robust,1.0,post_separator,5.0,-117.53252190116469,35.7394923514643,True,False,6.811247548994157,5.246305822722334
2272,2.0,2.0,780,204,2.0927941176470584,0.726495074278503,0.7233105013714007,0.051777563050614914,0.6287329021734904,0.840296925306292,robust,1.0,post_separator,5.0,-117.52146720502104,35.739490828348266,True,False,7.63578938577736,4.640685531740541
2273,3.0,2.0,614,145,2.082,0.7398543132934445,0.7504638396317123,0.06875979514776136,0.6362453386666606,0.8883378442542348,robust,1.0,post_separator,5.0,-117.51041250943875,35.73948828982164,True,False,8.498086014757764,4.189057128218915
2274,4.0,2.0,505,116,2.027068965517241,0.8162371986516078,0.8289685265321423,0.0792755402163891,0.6838645436203267,0.9927331692721711,robust,1.0,post_separator,5.0,-117.49935781469851,35.73948473588458,True,False,9.38773946615972,3.9446719816047335
2275,5.0,2.0,381,89,2.008876404494382,0.8451341180581485,0.8543988872108267,0.08186521884458633,0.7062861170013506,1.0219245434396167,moderately_uncertain,1.0,post_separator,5.0,-117.48830312108099,35.739480166537305,True,False,10.29766180522375,3.946222809400545
2319,-7.0,3.0,328,97,2.1096907216494842,0.7065251948782465,0.7215076374136982,0.06656237416066951,0.6073459139178917,0.8537864087496522,moderately_uncertain,1.0,post_separator,5.0,-117.62096817799089,35.748480699758346,True,True,3.9926256822269286,12.500123606192991
2320,-6.0,3.0,504,157,2.1420382165605094,0.6712037570390368,0.6760057767794381,0.05382866104976817,0.5773109710567457,0.7897961300850481,robust,1.0,post_separator,5.0,-117.60991224158434,35.748487301140266,True,True,3.4428543693640803,11.587291641668427
2321,-5.0,3.0,660,190,2.1396315789473683,0.6737095979883888,0.6787304822683979,0.04615209970991492,0.5937082613082948,0.7741579507537257,robust,1.0,post_separator,5.0,-117.59885630349277,35.74849288692565,True,True,3.1249692124756416,10.69006852214029
2322,-4.0,3.0,786,221,2.117466063348416,0.6976998546186797,0.702514271754032,0.047670148049130404,0.6167271548121931,0.8097143125588705,robust,1.0,post_separator,5.0,-117.58780036399705,35.74849745711419,True,True,3.110887164329803,9.812736745018203
2323,-3.0,3.0,845,235,2.1131489361702127,0.7025725621950517,0.7052505359569243,0.04735299373384128,0.6242756153505377,0.7995900865404714,robust,1.0,post_separator,5.0,-117.57674442337795,35.748501011705564,True,True,3.4043803135759108,8.961140543815063
2324,-2.0,3.0,879,242,2.1114462809917356,0.7045131024305331,0.7060783517557668,0.04325769272984349,0.6238553296029322,0.7955826695636008,robust,1.0,post_separator,5.0,-117.56568848191635,35.74850355069957,True,True,3.937256873730048,8.143357861778018
2325,-1.0,3.0,896,244,2.118688524590164,0.6963323274043465,0.700412207651975,0.04475460167404589,0.6233348345525213,0.79263143136719,robust,1.0,post_separator,5.0,-117.5546325398931,35.74850507409603,True,True,4.627545576221352,7.370652256344588
2326,0.0,3.0,885,242,2.107438016528926,0.7091239769285937,0.7116622127332903,0.047174656795339776,0.628959597709548,0.8071898993957,robust,1.0,post_separator,5.0,-117.54357659758901,35.74850558189486,True,True,5.415382205373605,6.6587350227301645
2327,1.0,3.0,878,240,2.097916666666667,0.7203225684642737,0.723065489996372,0.04687300118919719,0.6393110348324496,0.8291145421471524,robust,1.0,post_separator,5.0,-117.5325206552849,35.74850507409603,True,False,6.264068230834367,6.0291781796451325
2328,2.0,3.0,814,225,2.104711111111111,0.7122955019005844,0.7146858424202055,0.04858344800961968,0.6263253276879311,0.8121901151972379,robust,1.0,post_separator,5.0,-117.52146471326165,35.74850355069957,True,True,7.151974354737276,5.510283744135569
2329,3.0,3.0,567,139,2.1105035971223023,0.7055921101578165,0.7099989296344325,0.060449976421898796,0.6004734306659235,0.8237743035879659,robust,1.0,post_separator,5.0,-117.51040877180007,35.748501011705564,True,True,8.066159156692297,5.135704855213199
2330,4.0,3.0,377,80,2.0025,0.8557526737009888,0.8577128875456276,0.08563121061531676,0.7074082851835827,1.042174832934835,moderately_uncertain,1.0,post_separator,5.0,-117.49935283118097,35.74849745711419,True,False,8.998617111054468,4.938390606142465
2375,-7.0,4.0,335,98,2.1085714285714285,0.7078140566525641,0.7157215893555142,0.06831392892915332,0.5876827532133699,0.8643169673138046,moderately_uncertain,1.0,post_separator,5.0,-117.62097690237827,35.757493404370834,True,True,3.284283402090558,12.925956634094128
2376,-6.0,4.0,508,159,2.1478616352201256,0.665216729662512,0.6683562167945812,0.04999973230523893,0.579370266325008,0.77468004504457,robust,1.0,post_separator,5.0,-117.6099197196327,35.757500006968264,True,True,2.588185432985594,12.045438652264089
2377,-5.0,4.0,636,185,2.147351351351351,0.6657370771189594,0.6688976896429124,0.04717086015379048,0.5882844694181821,0.776445580293681,robust,1.0,post_separator,5.0,-117.59886253520119,35.7575055937822,True,True,2.147298350437153,11.185027033692561
2378,-4.0,4.0,731,206,2.1365533980582523,0.676942064709972,0.6838021245574717,0.04850297809973045,0.5964173016415023,0.7796042301407753,robust,1.0,post_separator,5.0,-117.5878053493647,35.75751016481227,True,True,2.1267525892922783,10.349737540798275
2379,-3.0,4.0,823,231,2.121688311688312,0.6929991732784246,0.6981281686734757,0.046078518349177054,0.6161172016965292,0.7942858651391923,robust,1.0,post_separator,5.0,-117.57674816240427,35.75751372005814,True,True,2.5367820060723987,9.54616700997761
2380,-2.0,4.0,854,237,2.1123206751054853,0.7035152059811399,0.7030364053507351,0.0465088653828511,0.6225204209354874,0.7938590275043049,robust,1.0,post_separator,5.0,-117.56569097460083,35.757516259519655,True,True,3.2167451432471297,8.783025788494564
2381,-1.0,4.0,871,238,2.1046638655462186,0.7123507008475114,0.7137932909488258,0.04994385334319698,0.6219923227882265,0.814626887115417,robust,1.0,post_separator,5.0,-117.55463378623543,35.75751778319662,True,True,4.03232385689385,8.071789109010238
2382,0.0,4.0,872,240,2.113,0.7027418801023492,0.7056280233590888,0.045011865635474387,0.6236587695167827,0.7899684554810823,robust,1.0,post_separator,5.0,-117.54357659758901,35.75751829108896,True,True,4.916484725608997,7.427382906469277
2383,1.0,4.0,863,238,2.1000840336134456,0.7177424254772161,0.7211440858637852,0.04631407057404708,0.6339847971070939,0.8172297265791955,robust,1.0,post_separator,5.0,-117.53251940894259,35.75751778319662,True,False,5.838151113787469,6.868642825062875
2384,2.0,4.0,785,217,2.1009677419354835,0.7166957114187285,0.7203889468713071,0.04999839792463214,0.6277280300953442,0.8216637474308228,robust,1.0,post_separator,5.0,-117.52146222057719,35.757516259519655,True,False,6.782049454087545,6.4179819006649925
2385,3.0,4.0,535,128,2.1023437499999997,0.7150719537383105,0.7185273387355746,0.061324960149623714,0.6091568231485597,0.8425842761965683,robust,1.0,post_separator,5.0,-117.51040503277375,35.75751372005814,True,False,7.740050462882039,6.09940399516536
2386,4.0,4.0,256,50,2.0068,0.8485628798422269,0.8657447113409994,0.1096546791841053,0.690304971525796,1.0951294182846005,moderately_uncertain,1.0,post_separator,5.0,-117.4993478458133,35.75751016481227,True,False,8.707500648190143,5.934219958445664
2431,-7.0,5.0,299,79,2.125443037974683,0.6888718817459475,0.7012745705216785,0.0750485940035468,0.5753861842367067,0.8702749346635094,moderately_uncertain,1.0,post_separator,5.0,-117.6209856300049,35.76650609544938,True,True,2.7626029559306957,13.412964610512498
2432,-6.0,5.0,481,146,2.1247945205479453,0.689581232820824,0.6921508535746606,0.05137864298185622,0.5999126788942847,0.7901533709418533,robust,1.0,post_separator,5.0,-117.60992720045755,35.76651269926275,True,True,1.8825943435558044,12.566616770707876
2433,-5.0,5.0,602,176,2.1361363636363637,0.6773823893563657,0.677800056383136,0.0492932471153933,0.596544401219384,0.7737479113985813,robust,1.0,post_separator,5.0,-117.59886876922332,35.76651828710553,True,True,1.2067923734676165,11.744449517998369
2434,-4.0,5.0,663,190,2.1315263157894737,0.682288337701487,0.6860152576080579,0.04971606510115423,0.6024755534277009,0.7892204370240394,robust,1.0,post_separator,5.0,-117.58781033658335,35.76652285897735,True,True,1.1698436660216167,10.951909965836455
2435,-3.0,5.0,739,208,2.1303846153846155,0.6835143177654083,0.6880892489428746,0.047701993148843935,0.6016697890057043,0.7955513387953738,robust,1.0,post_separator,5.0,-117.57675190281878,35.766526414877966,True,True,1.8112759516987436,10.195909440494436
2436,-2.0,5.0,794,221,2.122262443438914,0.6923648728628937,0.694227195824961,0.04389254618592402,0.615743040396793,0.7857988096569595,robust,1.0,post_separator,5.0,-117.56569346821078,35.76652895480714,True,True,2.681959534272186,9.485188808755433
2437,-1.0,5.0,821,228,2.1005701754385964,0.7171662336057176,0.7217174443180386,0.04730912514055848,0.6365132432777225,0.8172340826267038,robust,1.0,post_separator,5.0,-117.55463503304047,35.76653047876471,True,False,3.6200957603003787,8.83068763781819
2438,0.0,5.0,793,221,2.0957013574660635,0.7229790252767778,0.728655073355097,0.04855435878914972,0.6350490071748468,0.8331755104234054,robust,1.0,post_separator,5.0,-117.54357659758901,35.76653098675057,True,False,4.58446067537023,8.245803876863112
2439,1.0,5.0,750,210,2.066095238095238,0.7604589443815801,0.7669328768734214,0.05186508059774032,0.6727671466078008,0.8646307527253468,robust,1.0,post_separator,5.0,-117.53251816213755,35.76653047876471,True,False,5.561426620417405,7.746322933796812
2440,2.0,5.0,617,169,2.0904142011834317,0.7293989310971388,0.73053271715346,0.052401604789814774,0.6360628445418857,0.8307458133712959,robust,1.0,post_separator,5.0,-117.52145972696724,35.76652895480714,True,False,6.545353498823318,7.3496772999664515
2441,3.0,5.0,346,77,2.1023376623376624,0.7150791212776731,0.723115347953592,0.08025813764658381,0.5826891390043714,0.8905702162398591,moderately_uncertain,1.0,post_separator,5.0,-117.51040129235923,35.766526414877966,True,False,7.533514372112789,7.073188378137392
2487,-7.0,6.0,236,64,2.098125,0.7200737523784486,0.731949583275748,0.08184875388571952,0.5903562566918645,0.9052445006313655,moderately_uncertain,1.0,post_separator,5.0,-117.62099436087225,35.775518772992626,True,False,2.5450801007014503,13.95474415312726
2488,-6.0,6.0,441,131,2.125801526717557,0.6884803912304229,0.692019116648153,0.05495635817155828,0.5944189528536433,0.8143263275613009,robust,1.0,post_separator,5.0,-117.60993468406016,35.77552537802228,True,True,1.545839283126741,13.143329935682782
2489,-5.0,6.0,526,152,2.136052631578947,0.6774708666799496,0.6813382936663315,0.04998517755349662,0.5855499223235456,0.7848960249384399,robust,1.0,post_separator,5.0,-117.59887500556029,35.77553096689422,True,True,0.5493682367311464,12.359585721907951
2490,-4.0,6.0,608,179,2.1246368715083803,0.6897538907828581,0.6944663362559786,0.05092733946056076,0.5998536563306963,0.8053949397057019,robust,1.0,post_separator,5.0,-117.58781532565386,35.775535539608114,True,True,0.46259250945122515,11.609116961947045
2491,-3.0,6.0,656,186,2.1336021505376346,0.680070497002903,0.6836670051555862,0.04744681159847929,0.6014352887648338,0.7815435842016162,robust,1.0,post_separator,5.0,-117.57675564462221,35.77553909616366,True,True,1.4581420370017713,10.898799661207757
2492,-2.0,6.0,702,203,2.1281773399014776,0.6858970694858222,0.6923514000438005,0.04370577463053087,0.6107767296452913,0.7795872647759732,robust,1.0,post_separator,5.0,-117.56569596274666,35.77554163656062,True,True,2.457308399518255,10.236995236597409
2493,-1.0,6.0,714,201,2.1097014925373134,0.7065128150423181,0.7113556697460985,0.049783705137753306,0.6135406440896727,0.8084293949511245,robust,1.0,post_separator,5.0,-117.5546362803085,35.77554316079886,True,True,3.4569568901874175,9.633706913389764
2494,0.0,6.0,690,197,2.1081725888324874,0.7082744561856087,0.7086262325031941,0.04801956175631512,0.6301749221852962,0.8065401079105557,robust,1.0,post_separator,5.0,-117.54357659758901,35.77554366887829,True,True,4.4567630979092385,9.100579449247693
2495,1.0,6.0,624,178,2.096179775280899,0.7224036798315936,0.7267191220172552,0.05647107402567266,0.6221157831988903,0.841212153466696,robust,1.0,post_separator,5.0,-117.53251691486952,35.77554316079886,True,False,5.45664032909966,8.650594414896885
2496,2.0,6.0,381,99,2.135050505050505,0.6785315822365964,0.6823464316452662,0.06316718231170303,0.5827382787986942,0.8327446313594925,moderately_uncertain,1.0,post_separator,5.0,-117.52145723243135,35.77554163656062,True,True,6.456555587263858,8.297289988304668
2497,3.0,6.0,192,49,2.1640816326530614,0.6490904259038991,0.657619286647556,0.08177937854709574,0.5187600496607212,0.8297045270833128,exploratory,1.0,post_separator,5.0,-117.51039755055581,35.77553909616366,True,True,7.456493574174085,8.053400435157599
2544,-6.0,7.0,331,88,2.1236363636363635,0.6908516704173204,0.6991795371977357,0.07434392803276023,0.5688995691153647,0.8573893266288705,moderately_uncertain,1.0,post_separator,5.0,-117.60994217044191,35.78453804324548,True,True,1.7986319012314003,13.768601473446527
2545,-5.0,7.0,456,127,2.1438582677165354,0.6693210266575206,0.6742354241712862,0.056331828849325194,0.5733699403960566,0.7837696696575815,robust,1.0,post_separator,5.0,-117.59888124421316,35.78454363314692,True,True,1.0711036767739035,13.022542914253329
2546,-4.0,7.0,521,149,2.1401342281879194,0.6731846845626478,0.6803601486242576,0.05177676484526697,0.580509690505671,0.7913161455650813,robust,1.0,post_separator,5.0,-117.58782031657711,35.78454820670312,True,True,1.0292956118967318,12.312548938889352
2547,-3.0,7.0,552,154,2.136298701298701,0.6772109175081087,0.6793090918005602,0.048160411979135724,0.5976858972559806,0.7753920337752255,robust,1.0,post_separator,5.0,-117.5767593878152,35.78455176391378,True,True,1.7238433301611722,11.64521785075406
2548,-2.0,7.0,578,172,2.1422674418604655,0.6709660548581629,0.6749664924876133,0.048358787064470554,0.5885285217158163,0.7787522314646276,robust,1.0,post_separator,5.0,-117.5656984582089,35.78455430477871,True,True,2.6237039080682205,11.02829706756654
2549,-1.0,7.0,584,172,2.121104651162791,0.6936451934939108,0.6984907164140349,0.051317363446334356,0.6115265207954519,0.8038200359151542,robust,1.0,post_separator,5.0,-117.55463752803969,35.78455582929772,True,True,3.577150900854442,10.470700722944594
2550,0.0,7.0,507,147,2.129931972789116,0.6840015946834305,0.6868007978138567,0.05511475615429694,0.5925971659186062,0.8021448034698349,robust,1.0,post_separator,5.0,-117.54357659758901,35.78455633747074,True,True,4.550625774303468,9.982375020427162
2551,1.0,7.0,340,92,2.158152173913044,0.6548941539927741,0.6610411778802625,0.062019140159487965,0.5485919901634668,0.7927998259087987,moderately_uncertain,1.0,post_separator,5.0,-117.53251566713833,35.78455582929772,True,True,5.533568587089739,9.573925447141516
2552,2.0,7.0,187,48,2.12625,0.6879912584605967,0.7075853746442582,0.1120231237000311,0.5275969558209568,0.9699731221912177,exploratory,1.0,post_separator,5.0,-117.52145473696912,35.78455430477871,True,True,6.521699753768003,9.255932469848707
2600,-6.0,8.0,186,41,2.247317073170732,0.5772758553423024,0.5970100159078507,0.0838740845790887,0.45500781829368214,0.790575401543697,exploratory,1.0,post_separator,5.0,-117.60994965960406,35.79355069493096,True,True,2.4658739511574326,14.436123138535935
2601,-5.0,8.0,314,76,2.154736842105263,0.6582844161277851,0.6711162385123051,0.07462459740828514,0.5575710175759908,0.840546320249282,moderately_uncertain,1.0,post_separator,5.0,-117.59888748518304,35.793556285862216,True,True,1.9981793496250682,13.726393870567327
2602,-4.0,8.0,384,100,2.1408,0.6724906811756763,0.6779949963116303,0.06495266469008378,0.5662035011414507,0.8255659249014176,robust,1.0,post_separator,5.0,-117.58782530935395,35.79356086026098,True,True,1.9760837744233803,13.054735773232794
2603,-3.0,8.0,420,113,2.1444247787610617,0.6687371595703137,0.6735921684353091,0.055591686165224266,0.568512546478153,0.7902112831988262,robust,1.0,post_separator,5.0,-117.57676313239838,35.79356441812699,True,True,2.4118651400546103,12.427323264802432
2604,-2.0,8.0,419,116,2.17,0.643399232449262,0.6461978485448493,0.05353177896680324,0.5534784536212607,0.7631276486362166,robust,1.0,post_separator,5.0,-117.56570095459796,35.793566959460016,True,True,3.119179351060458,11.851185634647507
2605,-1.0,8.0,365,96,2.1634375,0.6497159149557763,0.6539676083845929,0.05698097021999925,0.555810463018501,0.7753131464535402,moderately_uncertain,1.0,post_separator,5.0,-117.5546387762343,35.793568484259886,True,True,3.954929353901689,11.334144800815418
2606,0.0,8.0,263,62,2.1582258064516133,0.6548214464494552,0.6669991062381436,0.07651074460517804,0.5308255383456593,0.8395665400290133,moderately_uncertain,1.0,post_separator,5.0,-117.54357659758901,35.793568992526524,True,True,4.853210541963384,10.88462566121715
2607,1.0,8.0,161,39,2.0823076923076926,0.7394667013414893,0.7620974708920157,0.12333609341901841,0.5645651770468305,1.0411079329738786,exploratory,1.0,post_separator,5.0,-117.53251441894372,35.793568484259886,True,False,5.78496663213331,10.51129455413569
2657,-5.0,9.0,188,40,2.27225,0.5587577766526237,0.568136909821426,0.0765936527416257,0.4374498360983307,0.7316528665966953,exploratory,1.0,post_separator,5.0,-117.59889372847103,35.802568925038706,True,True,2.972907388422577,14.465170355938676
2658,-4.0,9.0,251,63,2.125396825396826,0.6889223809619752,0.6925638661693019,0.07992872091147861,0.5599368993647302,0.8679422359657438,moderately_uncertain,1.0,post_separator,5.0,-117.58783030398529,35.80257350028033,True,True,2.9581015382181928,13.829439281666584
2659,-3.0,9.0,277,68,2.1254411764705883,0.6888739157784259,0.6909851368159196,0.0783926424654373,0.5540957384249227,0.8530970236245247,moderately_uncertain,1.0,post_separator,5.0,-117.57676687837244,35.80257705880187,True,True,3.2653561950697094,13.238792553109912
2660,-2.0,9.0,267,67,2.1449253731343285,0.6682220757266705,0.6734066715730982,0.07258751512633962,0.5471478419672251,0.8407752478195561,moderately_uncertain,1.0,post_separator,5.0,-117.56570345191425,35.80257960060314,True,True,3.8176874480438316,12.699522262008683
2661,-1.0,9.0,214,51,2.081176470588235,0.7408937473512576,0.7587301559681022,0.10512814283960488,0.5753947709504749,0.9855179403750053,moderately_uncertain,1.0,post_separator,5.0,-117.55464002489252,35.80258112568395,True,False,4.526248316345748,12.218432923342906
2662,0.0,9.0,137,30,2.109,0.7073200030997586,0.734054184513636,0.1396084495103531,0.5097306475038152,1.035118283422767,exploratory,1.0,post_separator,5.0,-117.54357659758901,35.80258163404424,True,True,5.3290815523403285,11.802641251906525
2715,-3.0,10.0,172,35,2.224,0.5957400300456127,0.614839895995013,0.10461876896372921,0.43631558661566494,0.86662056749465,exploratory,1.0,post_separator,5.0,-117.57677062573799,35.81158968593702,True,True,4.184257246818079,14.074547701459439
2716,-2.0,10.0,158,35,2.212285714285714,0.6054693035894768,0.6217844389881887,0.0984030383904589,0.4629635451075381,0.8449667111029887,exploratory,1.0,post_separator,5.0,-117.56570595015822,35.81159222820669,True,True,4.628195661142786,13.568534571560514
