core_label,radius_km,window_label,window_n,window_step,exploratory,mc_mode,delta_m,fixed_mc,bootstrap_samples,window_index,start_idx,end_idx_exclusive,start_time,end_time,center_time,median_time,hours_since_mw64,event_count,magnitude_min,magnitude_max,seed,b_value,mc,n_ge_mc,status,bootstrap_valid_count,bootstrap_mean,bootstrap_median,bootstrap_std,bootstrap_ci_low,bootstrap_ci_high,bootstrap_ci_width,bootstrap_mc_median,bootstrap_n_ge_mc_median,reliability_label
mw64,4,primary_N100_step20,100,20,False,dynamic,0.01,1.5,1000,0,0,100,2019-07-04 17:35:51.840000+00:00,2019-07-04 19:34:18.320000+00:00,2019-07-04 18:27:26.600000+00:00,2019-07-04 18:27:26.600000+00:00,0.8937666666666666,100,1.11,4.89,20650707,0.6364774427995779,2.56,34,ok,998,0.6584456513536818,0.6491435641184322,0.10454956335127645,0.4830222082313415,0.8809675441216985,0.397945335890357,2.3400000000000003,51.0,exploratory
mw64,4,primary_N100_step20,100,20,False,dynamic,0.01,1.5,1000,1,20,120,2019-07-04 17:59:38.520000+00:00,2019-07-04 20:02:54.160000+00:00,2019-07-04 18:49:19.760000+00:00,2019-07-04 18:49:19.760000+00:00,1.2585333333333335,100,1.11,4.89,20650724,0.8038068329688214,2.0,64,ok,999,0.8130693253008575,0.7984351786718916,0.19722504828612708,0.5369686343658745,1.1895372972564247,0.6525686628905502,2.13,50.0,usable_but_moderately_uncertain
mw64,4,primary_N100_step20,100,20,False,dynamic,0.01,1.5,1000,2,40,140,2019-07-04 18:16:33.440000+00:00,2019-07-04 20:28:26.540000+00:00,2019-07-04 19:23:59.840000+00:00,2019-07-04 19:23:59.840000+00:00,1.8363333333333334,100,1.11,4.89,20650741,0.7579502709510217,2.13,45,ok,993,0.700957639894389,0.6863899408832256,0.1383807883657998,0.4876391040247887,1.005383674057319,0.5177445700325303,2.13,50.0,exploratory
mw64,4,primary_N100_step20,100,20,False,dynamic,0.01,1.5,1000,3,60,160,2019-07-04 18:41:14.120000+00:00,2019-07-04 20:51:31.140000+00:00,2019-07-04 19:48:25.680000+00:00,2019-07-04 19:48:25.680000+00:00,2.2435111111111112,100,0.84,4.89,20650758,0.5234779475050562,1.3599999999999999,84,ok,998,0.6547271736927096,0.6316761312458982,0.1335082890905483,0.4618920174120917,0.9756439924350534,0.5137519750229618,1.8,57.0,usable_but_moderately_uncertain
mw64,4,primary_N100_step20,100,20,False,dynamic,0.01,1.5,1000,4,80,180,2019-07-04 19:07:36.760000+00:00,2019-07-04 21:12:54.580000+00:00,2019-07-04 20:17:03.140000+00:00,2019-07-04 20:17:03.140000+00:00,2.7205833333333334,100,0.84,4.32,20650775,0.6625036459416548,1.48,73,ok,996,0.728228398971098,0.6808718546602144,0.7032544592705411,0.5216577815508879,1.0307024499706254,0.5090446684197375,1.8499999999999999,47.0,usable_but_moderately_uncertain
mw64,4,primary_N100_step20,100,20,False,dynamic,0.01,1.5,1000,5,100,200,2019-07-04 19:36:08.980000+00:00,2019-07-04 21:38:44.400000+00:00,2019-07-04 20:40:02.640000+00:00,2019-07-04 20:40:02.640000+00:00,3.1037777777777777,100,0.84,4.32,20650792,0.7011014313596787,1.48,74,ok,996,0.7108387820315762,0.6864959370202162,0.1780288922900821,0.5267896518872375,0.9810436316752527,0.4542539797880152,1.8499999999999999,40.0,usable_but_moderately_uncertain
mw64,4,primary_N100_step20,100,20,False,dynamic,0.01,1.5,1000,6,120,220,2019-07-04 20:03:52.360000+00:00,2019-07-04 21:55:56.440000+00:00,2019-07-04 21:01:45.240000+00:00,2019-07-04 21:01:45.240000+00:00,3.4656111111111114,100,0.84,4.32,20650809,0.6189574817697417,1.3599999999999999,78,ok,995,0.6976510277853948,0.668971083210235,0.19229439474496782,0.5144208810237932,1.064571832672745,0.5501509516489517,1.81,45.0,usable_but_moderately_uncertain
mw64,4,primary_N100_step20,100,20,False,dynamic,0.01,1.5,1000,7,140,240,2019-07-04 20:29:05.200000+00:00,2019-07-04 22:28:30.440000+00:00,2019-07-04 21:26:34.600000+00:00,2019-07-04 21:26:34.600000+00:00,3.879322222222222,100,0.84,3.58,20650826,0.709812992479934,1.88,35,ok,994,0.7306270947013684,0.7088400933183794,0.26998868204091475,0.5420533845754429,0.9958901193661344,0.4538367347906914,1.8699999999999999,37.0,exploratory
mw64,4,primary_N100_step20,100,20,False,dynamic,0.01,1.5,1000,8,160,260,2019-07-04 20:54:58.260000+00:00,2019-07-04 22:55:36.500000+00:00,2019-07-04 21:48:46.800000+00:00,2019-07-04 21:48:46.800000+00:00,4.249377777777778,100,0.99,3.58,20650843,0.6592096378771392,1.88,34,ok,998,0.6979179910857902,0.6780471336638672,0.20790888132128688,0.5232414387359103,0.9526131259678495,0.4293716872319392,1.8699999999999999,37.0,exploratory
mw64,4,primary_N100_step20,100,20,False,dynamic,0.01,1.5,1000,9,180,280,2019-07-04 21:14:00.520000+00:00,2019-07-04 23:15:56.420000+00:00,2019-07-04 22:07:57.120000+00:00,2019-07-04 22:07:57.120000+00:00,4.568911111111111,100,0.99,3.56,20650860,0.6954794967038215,1.38,75,ok,994,0.7617600572594964,0.720069716047185,0.24657906004950678,0.5645127508064846,1.1581030690144056,0.5935903182079211,1.7,45.0,usable_but_moderately_uncertain
mw64,4,primary_N100_step20,100,20,False,dynamic,0.01,1.5,1000,10,200,300,2019-07-04 21:38:53.240000+00:00,2019-07-04 23:37:15.720000+00:00,2019-07-04 22:43:54.240000+00:00,2019-07-04 22:43:54.240000+00:00,5.168111111111111,100,0.71,3.56,20650877,0.7308937036112509,1.7,38,ok,997,0.7912442950626505,0.7718053779142163,0.18082229811982944,0.5903991193062971,1.0448591853184224,0.4544600660121253,1.7,41.0,exploratory
mw64,4,primary_N100_step20,100,20,False,dynamic,0.01,1.5,1000,11,220,320,2019-07-04 21:59:15.240000+00:00,2019-07-05 00:02:21.430000+00:00,2019-07-04 23:06:12+00:00,2019-07-04 23:06:12+00:00,5.539711111111111,100,0.71,3.56,20650894,0.7459649113066192,1.3,68,ok,998,0.8377258853169071,0.8032923312623814,0.20329245394157086,0.6105820230137682,1.2147454860816136,0.6041634630678454,1.51,51.0,usable_but_moderately_uncertain
mw64,4,primary_N100_step20,100,20,False,dynamic,0.01,1.5,1000,12,240,340,2019-07-04 22:29:06.200000+00:00,2019-07-05 00:31:32.910000+00:00,2019-07-04 23:26:54.880000+00:00,2019-07-04 23:26:54.880000+00:00,5.884955555555556,100,0.58,3.25,20650911,0.8245445691751497,1.3,58,ok,999,0.8865879514578237,0.8504974299795428,0.19267216037682824,0.6860033306497844,1.309603019109216,0.6235996884594317,1.3,54.0,usable_but_moderately_uncertain
mw64,4,primary_N100_step20,100,20,False,dynamic,0.01,1.5,1000,13,260,360,2019-07-04 22:56:33.260000+00:00,2019-07-05 00:57:26.080000+00:00,2019-07-04 23:52:21.920000+00:00,2019-07-04 23:52:21.920000+00:00,6.3091333333333335,100,0.58,4.38,20650928,0.7434974957098501,1.3,58,ok,999,0.7897444482041363,0.7662416156410756,0.18561444798899712,0.5461016499413984,1.1807152971532897,0.6346136472118913,1.3399999999999999,52.0,usable_but_moderately_uncertain
mw64,4,primary_N100_step20,100,20,False,dynamic,0.01,1.5,1000,14,280,380,2019-07-04 23:16:49.500000+00:00,2019-07-05 01:32:14.260000+00:00,2019-07-05 00:20:46.610000+00:00,2019-07-05 00:20:46.610000+00:00,6.782658333333333,100,0.58,4.38,20650945,0.7764621577080514,1.3,53,ok,999,0.7848396206472545,0.7673804195030753,0.13644167236692917,0.5604698425754502,1.115765582144301,0.5552957395688509,1.3,50.0,usable_but_moderately_uncertain
mw64,4,primary_N100_step20,100,20,False,dynamic,0.01,1.5,1000,15,300,400,2019-07-04 23:38:43.880000+00:00,2019-07-05 01:57:48.980000+00:00,2019-07-05 00:42:43+00:00,2019-07-05 00:42:43+00:00,7.148322222222222,100,0.58,4.38,20650962,0.6891103491050802,1.3,42,ok,992,0.7481244499891307,0.7267236065438546,0.2364488009222469,0.48730582484649954,1.0711315395387713,0.5838257146922717,1.3,41.0,exploratory
mw64,4,primary_N100_step20,100,20,False,dynamic,0.01,1.5,1000,16,320,420,2019-07-05 00:03:42.870000+00:00,2019-07-05 02:23:55.490000+00:00,2019-07-05 01:21:26.870000+00:00,2019-07-05 01:21:26.870000+00:00,7.793841666666667,100,0.58,4.38,20650979,0.6643257364088722,1.45,40,ok,986,0.703408873582222,0.682591654862597,0.20983416251074008,0.43371298828836163,1.0373318028919714,0.6036188146036097,1.3699999999999999,45.0,exploratory
mw64,4,primary_N100_step20,100,20,False,dynamic,0.01,1.5,1000,17,340,440,2019-07-05 00:31:50.650000+00:00,2019-07-05 03:02:23.990000+00:00,2019-07-05 01:48:29.140000+00:00,2019-07-05 01:48:29.140000+00:00,8.244472222222221,100,0.73,4.38,20650996,0.7493894641837099,1.32,55,ok,995,0.7490206021392731,0.7315149851912307,0.17753056900366904,0.4878987174718798,1.111856630812719,0.623957913340839,1.45,42.0,usable_but_moderately_uncertain
mw64,4,primary_N100_step20,100,20,False,dynamic,0.01,1.5,1000,18,360,460,2019-07-05 01:00:12.280000+00:00,2019-07-05 03:23:56.720000+00:00,2019-07-05 02:09:58.730000+00:00,2019-07-05 02:09:58.730000+00:00,8.602691666666667,100,0.73,2.93,20651013,0.813832520545127,1.21,67,ok,971,0.9177974219666083,0.8695841876172307,0.2335008250769596,0.6744336717091963,1.5201041514024114,0.8456704796932151,1.45,46.0,usable_but_moderately_uncertain
mw64,4,primary_N100_step20,100,20,False,dynamic,0.01,1.5,1000,19,380,480,2019-07-05 01:34:57.650000+00:00,2019-07-05 03:46:54.200000+00:00,2019-07-05 02:46:56.380000+00:00,2019-07-05 02:46:56.380000+00:00,9.218705555555555,100,0.45,3.2,20651030,0.8604540943673112,1.57,39,ok,986,0.8488888173079457,0.8103897416352477,0.2919034807079563,0.6257956495962598,1.1999977118630618,0.574202062266802,1.57,39.0,exploratory
mw64,4,primary_N100_step20,100,20,False,dynamic,0.01,1.5,1000,20,400,500,2019-07-05 01:58:07.020000+00:00,2019-07-05 04:14:32.430000+00:00,2019-07-05 03:09:46.230000+00:00,2019-07-05 03:09:46.230000+00:00,9.599219444444445,100,0.45,3.2,20651047,0.6560335652229541,1.07,77,ok,982,0.8096420988134294,0.7498980648186149,0.362093078481337,0.5653531459397527,1.2616934428966204,0.6963402969568677,1.56,47.0,usable_but_moderately_uncertain
mw64,4,primary_N100_step20,100,20,False,dynamic,0.01,1.5,1000,21,420,520,2019-07-05 02:28:29.370000+00:00,2019-07-05 04:42:01.600000+00:00,2019-07-05 03:34:32.460000+00:00,2019-07-05 03:34:32.460000+00:00,10.01206111111111,100,0.45,3.66,20651064,0.685892797621148,1.07,72,ok,1000,0.8131550057394066,0.7523933084671566,0.2351574685464291,0.5681330720786845,1.4571514993030883,0.8890184272244038,1.2850000000000001,56.0,usable_but_moderately_uncertain
mw64,4,primary_N100_step20,100,20,False,dynamic,0.01,1.5,1000,22,440,540,2019-07-05 03:02:46.070000+00:00,2019-07-05 05:08:54.120000+00:00,2019-07-05 04:01:02.750000+00:00,2019-07-05 04:01:02.750000+00:00,10.453808333333333,100,0.45,3.66,20651081,0.6753109418841172,1.07,69,ok,997,0.8076748747158018,0.7418945049286892,0.27094690244319186,0.5531598863609499,1.5011692406050055,0.9480093542440555,1.38,46.5,usable_but_moderately_uncertain
mw64,4,primary_N100_step20,100,20,False,dynamic,0.01,1.5,1000,23,460,560,2019-07-05 03:25:20.310000+00:00,2019-07-05 05:31:05.360000+00:00,2019-07-05 04:32:30.020000+00:00,2019-07-05 04:32:30.020000+00:00,10.978050000000001,100,0.45,3.66,20651098,0.7206072489527117,1.07,65,ok,998,0.7443266167472443,0.7267821329813585,0.14601860361265584,0.5523422564281547,1.0376558876150692,0.4853136311869145,1.1300000000000001,58.0,usable_but_moderately_uncertain
mw64,4,primary_N100_step20,100,20,False,dynamic,0.01,1.5,1000,24,480,580,2019-07-05 03:48:49.600000+00:00,2019-07-05 05:59:20.030000+00:00,2019-07-05 04:50:04.610000+00:00,2019-07-05 04:50:04.610000+00:00,11.270991666666667,100,0.5,3.66,20651115,0.7498962065334868,1.07,65,ok,998,0.7542074359068586,0.7378384606873479,0.11537365858312497,0.5767960979480251,1.0152803424452168,0.4384842444971917,1.08,58.0,usable_but_moderately_uncertain
mw64,4,primary_N100_step20,100,20,False,dynamic,0.01,1.5,1000,25,500,600,2019-07-05 04:14:45.030000+00:00,2019-07-05 06:33:41.900000+00:00,2019-07-05 05:17:19.320000+00:00,2019-07-05 05:17:19.320000+00:00,11.725077777777777,100,0.45,3.66,20651132,0.7371356262115633,1.01,67,ok,996,0.786995497768241,0.7647057167912785,0.14781343773346212,0.5561764504753411,1.1425230891043365,0.5863466386289954,1.15,54.0,usable_but_moderately_uncertain
mw64,4,primary_N100_step20,100,20,False,dynamic,0.01,1.5,1000,26,520,620,2019-07-05 04:43:13.420000+00:00,2019-07-05 06:55:30.170000+00:00,2019-07-05 05:50:16.970000+00:00,2019-07-05 05:50:16.970000+00:00,12.274425,100,0.45,3.33,20651149,0.7718053779142163,0.98,70,ok,1000,0.8008509703497809,0.7792103502815396,0.19701842614040654,0.5774425537230085,1.088157016703289,0.5107144629802806,1.07,61.0,usable_but_moderately_uncertain
mw64,4,primary_N100_step20,100,20,False,dynamic,0.01,1.5,1000,27,540,640,2019-07-05 05:09:11.040000+00:00,2019-07-05 07:25:01.370000+00:00,2019-07-05 06:15:19.020000+00:00,2019-07-05 06:15:19.020000+00:00,12.691661111111111,100,0.45,3.33,20651166,0.760469777149524,1.07,59,ok,996,0.7369172697493873,0.7238887740172918,0.11222281356799481,0.5558571533089717,0.9868088923611066,0.4309517390521349,1.07,57.0,usable_but_moderately_uncertain
mw64,4,primary_N100_step20,100,20,False,dynamic,0.01,1.5,1000,28,560,660,2019-07-05 05:34:16.250000+00:00,2019-07-05 07:50:22.420000+00:00,2019-07-05 06:45:20.590000+00:00,2019-07-05 06:45:20.590000+00:00,13.192097222222223,100,0.45,3.83,20651183,0.7244569557522366,1.15,49,ok,996,0.7199747546798376,0.7008303515582706,0.16440010865043822,0.5239557626010546,0.99579922487056,0.47184346226950546,1.07,55.0,exploratory
mw64,4,primary_N100_step20,100,20,False,dynamic,0.01,1.5,1000,29,580,680,2019-07-05 06:02:38.240000+00:00,2019-07-05 08:16:07.130000+00:00,2019-07-05 07:14:18.950000+00:00,2019-07-05 07:14:18.950000+00:00,13.674975000000002,100,0.39,3.83,20651200,0.798485568685874,1.15,46,ok,995,0.7998585510069054,0.7855669928319382,0.13939910274533787,0.5734123525365526,1.0997171653918743,0.5263048128553216,1.15,50.0,exploratory
mw64,4,primary_N100_step20,100,20,False,dynamic,0.01,1.5,1000,30,600,700,2019-07-05 06:34:16.880000+00:00,2019-07-05 08:30:55.560000+00:00,2019-07-05 07:39:13.070000+00:00,2019-07-05 07:39:13.070000+00:00,14.090008333333333,100,0.39,3.83,20651217,0.805854883830885,0.9299999999999999,66,ok,995,0.7559682021782895,0.7443103891685123,0.14076107615604974,0.5106703139367985,1.0337097452803923,0.5230394313435938,1.15,43.0,usable_but_moderately_uncertain
mw64,4,primary_N100_step20,100,20,False,dynamic,0.01,1.5,1000,31,620,720,2019-07-05 06:57:03.180000+00:00,2019-07-05 08:54:02.110000+00:00,2019-07-05 08:06:36.840000+00:00,2019-07-05 08:06:36.840000+00:00,14.546611111111112,100,0.39,3.83,20651234,0.7497254922871773,1.05,49,ok,997,0.733655275154651,0.7219895515297925,0.14021749038427703,0.48848632922700075,1.0540044919608627,0.5655181627338619,1.06,44.0,exploratory
mw64,4,primary_N100_step20,100,20,False,dynamic,0.01,1.5,1000,32,640,740,2019-07-05 07:25:35.340000+00:00,2019-07-05 09:27:06.780000+00:00,2019-07-05 08:27:31.420000+00:00,2019-07-05 08:27:31.420000+00:00,14.895105555555554,100,0.39,3.83,20651251,0.7770429555387655,1.05,51,ok,996,0.766790600363259,0.7510885082186478,0.17345514682739008,0.49600716644522413,1.0869989435481529,0.5909917771029287,1.15,43.0,usable_but_moderately_uncertain
mw64,4,primary_N100_step20,100,20,False,dynamic,0.01,1.5,1000,33,660,760,2019-07-05 07:51:45.240000+00:00,2019-07-05 09:52:32.130000+00:00,2019-07-05 08:41:30.770000+00:00,2019-07-05 08:41:30.770000+00:00,15.128258333333335,100,0.39,3.66,20651268,0.8155223195803675,1.05,49,ok,996,0.815008576552154,0.7923801403429802,0.19185122624309955,0.5684937499842335,1.131104145365946,0.5626103953817125,1.05,43.0,exploratory
mw64,4,primary_N100_step20,100,20,False,dynamic,0.01,1.5,1000,34,680,780,2019-07-05 08:17:37.460000+00:00,2019-07-05 10:07:43.410000+00:00,2019-07-05 09:17:37.630000+00:00,2019-07-05 09:17:37.630000+00:00,15.730163888888887,100,0.37,3.66,20651285,0.8611056471799334,1.05,47,ok,993,0.8550408506447181,0.8451402562242968,0.17741385404356932,0.5501077149417127,1.235153500811302,0.6850457858695892,1.05,43.0,exploratory
mw64,4,primary_N100_step20,100,20,False,dynamic,0.01,1.5,1000,35,700,800,2019-07-05 08:32:05.020000+00:00,2019-07-05 10:44:51.290000+00:00,2019-07-05 09:41:52.130000+00:00,2019-07-05 09:41:52.130000+00:00,16.134191666666666,100,0.23,3.66,20651302,0.838619189762399,1.05,52,ok,999,0.8075259086172072,0.7951559629001099,0.1568417506586194,0.5363468515762179,1.1424832764139345,0.6061364248377167,1.14,41.0,usable_but_moderately_uncertain
mw64,4,primary_N100_step20,100,20,False,dynamic,0.01,1.5,1000,36,720,820,2019-07-05 08:58:18.520000+00:00,2019-07-05 11:38:42.720000+00:00,2019-07-05 10:02:26.020000+00:00,2019-07-05 10:02:26.020000+00:00,16.47693888888889,100,0.23,3.0,20651319,0.8501957944860441,1.28,36,ok,995,0.8629964282547733,0.8147607414787574,0.3214727811280455,0.6057991141324918,1.39510718622885,0.7893080720963582,1.22,40.0,exploratory
mw64,4,primary_N100_step20,100,20,False,dynamic,0.01,1.5,1000,37,740,840,2019-07-05 09:27:57.560000+00:00,2019-07-05 12:11:12.730000+00:00,2019-07-05 10:26:55.790000+00:00,2019-07-05 10:26:55.790000+00:00,16.885208333333335,100,0.23,3.0,20651336,0.9802674060058646,1.32,36,ok,996,0.9229044014993398,0.8891799496795257,0.28756279758881736,0.6086698284193394,1.3843238502716937,0.7756540218523543,1.31,36.0,exploratory
mw64,4,primary_N100_step20,100,20,False,dynamic,0.01,1.5,1000,38,760,860,2019-07-05 09:53:14.860000+00:00,2019-07-05 13:13:38.870000+00:00,2019-07-05 11:07:30.690000+00:00,2019-07-05 11:07:30.690000+00:00,17.561569444444444,100,0.23,3.29,20651353,0.9559514943936305,1.06,74,ok,996,0.9257042324188137,0.9138305756476977,0.20620449178507608,0.5766087237192511,1.4103878844669695,0.8337791607477184,1.32,40.5,usable_but_moderately_uncertain
mw64,4,primary_N100_step20,100,20,False,dynamic,0.01,1.5,1000,39,780,880,2019-07-05 10:08:14.530000+00:00,2019-07-05 13:57:12.870000+00:00,2019-07-05 11:53:17.350000+00:00,2019-07-05 11:53:17.350000+00:00,18.324530555555555,100,0.23,3.29,20651370,0.7679277360367645,1.71,18,ok,1000,0.8925138801854926,0.8704082082773963,0.21320869155319125,0.6063477151247263,1.3274537563120288,0.7211060411873025,1.49,33.0,highly_unreliable
mw64,4,primary_N100_step20,100,20,False,dynamic,0.01,1.5,1000,40,800,900,2019-07-05 10:45:27.960000+00:00,2019-07-05 14:48:30.780000+00:00,2019-07-05 12:42:13.100000+00:00,2019-07-05 12:42:13.100000+00:00,19.140016666666668,100,0.41,3.29,20651387,1.00401794792725,1.46,33,ok,999,0.9363645215463943,0.906281515780457,0.21299954506390795,0.6160308704818432,1.4072812367661174,0.7912503662842741,1.46,35.0,exploratory
mw64,4,primary_N100_step20,100,20,False,dynamic,0.01,1.5,1000,41,820,920,2019-07-05 11:38:50.110000+00:00,2019-07-05 15:25:45.660000+00:00,2019-07-05 13:39:08.920000+00:00,2019-07-05 13:39:08.920000+00:00,20.088855555555558,100,0.41,3.29,20651404,1.0249862794839228,1.2,55,ok,998,1.0859133733940323,1.0238126548303497,0.3098497382458817,0.6671989745383894,1.904934451793297,1.2377354772549074,1.3599999999999999,41.0,usable_but_moderately_uncertain
mw64,4,primary_N100_step20,100,20,False,dynamic,0.01,1.5,1000,42,840,940,2019-07-05 12:13:52.630000+00:00,2019-07-05 16:02:48.780000+00:00,2019-07-05 14:30:22.950000+00:00,2019-07-05 14:30:22.950000+00:00,20.94275277777778,100,0.41,3.29,20651421,0.9932323330938013,1.56,22,ok,999,0.9363889346221839,0.8667335895655032,0.4431354822678763,0.6513332627114218,1.5161227787101423,0.8647895159987206,1.1400000000000001,52.0,highly_unreliable
mw64,4,primary_N100_step20,100,20,False,dynamic,0.01,1.5,1000,43,860,960,2019-07-05 13:14:32.790000+00:00,2019-07-05 16:37:36.060000+00:00,2019-07-05 15:11:41.200000+00:00,2019-07-05 15:11:41.200000+00:00,21.631155555555555,100,0.41,3.06,20651438,0.8460549680051657,0.97,60,ok,1000,0.907186693429084,0.8561221541664424,0.20771906445169333,0.6689530596343328,1.4529192305476535,0.7839661709133207,0.99,53.0,usable_but_moderately_uncertain
mw64,4,primary_N100_step20,100,20,False,dynamic,0.01,1.5,1000,44,880,980,2019-07-05 13:57:16.650000+00:00,2019-07-05 17:12:02.240000+00:00,2019-07-05 15:52:51.250000+00:00,2019-07-05 15:52:51.250000+00:00,22.317280555555556,100,0.41,3.06,20651455,0.945901682834913,0.97,53,ok,998,0.9687837486240014,0.9308406629739829,0.21422020694292535,0.7028849031195452,1.5505154034910944,0.8476305003715492,0.99,47.0,usable_but_moderately_uncertain
mw64,4,primary_N100_step20,100,20,False,dynamic,0.01,1.5,1000,45,900,1000,2019-07-05 14:48:42.230000+00:00,2019-07-05 17:38:54.040000+00:00,2019-07-05 16:26:11.120000+00:00,2019-07-05 16:26:11.120000+00:00,22.8728,100,0.59,3.06,20651472,0.9295599423568807,0.97,54,ok,1000,0.9775834381296312,0.9331831007083086,0.23879807538791686,0.7326254284602064,1.5204604625694178,0.7878350341092114,1.01,48.0,usable_but_moderately_uncertain
mw64,4,primary_N100_step20,100,20,False,dynamic,0.01,1.5,1000,46,920,1020,2019-07-05 15:30:11.280000+00:00,2019-07-05 18:04:59.440000+00:00,2019-07-05 16:54:37.150000+00:00,2019-07-05 16:54:37.150000+00:00,23.34669722222222,100,0.46,3.06,20651489,0.8041200667307412,1.01,49,ok,999,0.8112415054068909,0.7931829632385673,0.12965358960149997,0.6155598599739264,1.1298328843406138,0.5142730243666874,1.01,48.0,exploratory
mw64,4,primary_N100_step20,100,20,False,dynamic,0.01,1.5,1000,47,940,1040,2019-07-05 16:03:40.600000+00:00,2019-07-05 18:47:11.160000+00:00,2019-07-05 17:23:43.760000+00:00,2019-07-05 17:23:43.760000+00:00,23.831866666666667,100,0.41,2.74,20651506,0.8534635839911534,1.01,49,ok,999,0.8496146346657032,0.8248353507135048,0.14575611231767513,0.6599768507865317,1.1795258941648041,0.5195490433782725,1.01,48.0,exploratory
mw64,4,primary_N100_step20,100,20,False,dynamic,0.01,1.5,1000,48,960,1060,2019-07-05 16:38:41.160000+00:00,2019-07-05 19:11:31.760000+00:00,2019-07-05 17:52:42.620000+00:00,2019-07-05 17:52:42.620000+00:00,24.314883333333334,100,0.41,2.74,20651523,0.8711472244818669,1.24,31,ok,998,0.9154368856305224,0.874643263123079,0.36222933948482,0.682933880269945,1.234393736044865,0.55145985577492,1.14,39.0,exploratory
mw64,4,primary_N100_step20,100,20,False,dynamic,0.01,1.5,1000,49,980,1080,2019-07-05 17:12:32.460000+00:00,2019-07-05 19:48:27.520000+00:00,2019-07-05 18:25:42.600000+00:00,2019-07-05 18:25:42.600000+00:00,24.864877777777778,100,0.39,2.74,20651540,0.8926083904867576,1.24,32,ok,995,0.9187914161558294,0.8650309661061548,0.375659796357624,0.6804895219719714,1.3918458885198155,0.7113563665478441,1.1549999999999998,40.0,exploratory
mw64,4,primary_N100_step20,100,20,False,dynamic,0.01,1.5,1000,50,1000,1100,2019-07-05 17:39:28.260000+00:00,2019-07-05 20:18:46.400000+00:00,2019-07-05 19:00:48.320000+00:00,2019-07-05 19:00:48.320000+00:00,25.4498,100,0.39,2.74,20651557,0.8306431823832036,0.9099999999999999,56,ok,997,0.9360732004356828,0.8728076753472731,0.3963039577710248,0.6777627878944297,1.568276332788919,0.8905135448944894,1.03,45.0,usable_but_moderately_uncertain
mw64,4,primary_N100_step20,100,20,False,dynamic,0.01,1.5,1000,51,1020,1120,2019-07-05 18:07:29.960000+00:00,2019-07-05 20:55:55.800000+00:00,2019-07-05 19:32:09.820000+00:00,2019-07-05 19:32:09.820000+00:00,25.972438888888888,100,0.39,2.39,20651574,1.1581872549815135,1.06,38,ok,997,1.200648552682713,1.1503390537774225,0.3248381129146043,0.8634674226344363,1.7129046252735058,0.8494372026390695,1.06,39.0,exploratory
mw64,4,primary_N100_step20,100,20,False,dynamic,0.01,1.5,1000,52,1040,1140,2019-07-05 18:47:44.480000+00:00,2019-07-05 21:30:12.060000+00:00,2019-07-05 20:04:21.560000+00:00,2019-07-05 20:04:21.560000+00:00,26.509033333333335,100,0.39,2.99,20651591,1.0143482315689678,1.06,41,ok,993,1.0742772775538927,1.0017120757524087,0.6452148813130291,0.7417208242966842,1.72015123110448,0.9784304068077958,1.06,39.0,exploratory
mw64,4,primary_N100_step20,100,20,False,dynamic,0.01,1.5,1000,53,1060,1160,2019-07-05 19:11:51.420000+00:00,2019-07-05 22:06:08.360000+00:00,2019-07-05 20:39:41.380000+00:00,2019-07-05 20:39:41.380000+00:00,27.09787222222222,100,0.39,2.99,20651608,0.8966901196662667,1.02,46,ok,999,0.9945665349382681,0.9155579648366787,0.44080081410544947,0.6987583394400152,1.7309103127082317,1.0321519732682165,1.04,44.0,exploratory
mw64,4,primary_N100_step20,100,20,False,dynamic,0.01,1.5,1000,54,1080,1180,2019-07-05 19:50:18.400000+00:00,2019-07-05 22:48:30.320000+00:00,2019-07-05 21:18:16.880000+00:00,2019-07-05 21:18:16.880000+00:00,27.741066666666665,100,0.38,2.99,20651625,0.8293590327914881,1.03,45,ok,994,0.8479986887860804,0.8174107241825874,0.16092333378435844,0.6374205179339669,1.2011490877958901,0.5637285698619232,1.03,46.0,exploratory
mw64,4,primary_N100_step20,100,20,False,dynamic,0.01,1.5,1000,55,1100,1200,2019-07-05 20:22:06.280000+00:00,2019-07-05 23:30:13.340000+00:00,2019-07-05 21:53:00.460000+00:00,2019-07-05 21:53:00.460000+00:00,28.31983888888889,100,0.38,2.99,20651642,0.7805862374560731,0.8500000000000001,65,ok,996,0.8076832638239652,0.7759206089449351,0.19264386775726525,0.6051322137016388,1.2139899426826635,0.6088577289810246,1.04,48.0,usable_but_moderately_uncertain
mw64,4,primary_N100_step20,100,20,False,dynamic,0.01,1.5,1000,56,1120,1220,2019-07-05 20:56:56.040000+00:00,2019-07-06 00:03:09.760000+00:00,2019-07-05 22:30:20.580000+00:00,2019-07-05 22:30:20.580000+00:00,28.942094444444443,100,0.38,2.99,20651659,0.7134609689786918,0.9099999999999999,59,ok,998,0.7904137110825492,0.7409911561378935,0.2158218999850778,0.5897805668609933,1.271946628442487,0.6821660615814936,0.94,51.0,usable_but_moderately_uncertain
mw64,4,primary_N100_step20,100,20,False,dynamic,0.01,1.5,1000,57,1140,1240,2019-07-05 21:31:21.840000+00:00,2019-07-06 00:58:35.490000+00:00,2019-07-05 23:12:20.600000+00:00,2019-07-05 23:12:20.600000+00:00,29.6421,100,0.38,3.12,20651676,0.807649486858143,0.94,62,ok,999,0.7957555215573064,0.7775436916057197,0.13348323219584415,0.605782137165926,1.073914547589063,0.468132410423137,1.02,50.0,usable_but_moderately_uncertain
mw64,4,primary_N100_step20,100,20,False,dynamic,0.01,1.5,1000,58,1160,1260,2019-07-05 22:07:28+00:00,2019-07-06 01:41:28.930000+00:00,2019-07-05 23:44:26.640000+00:00,2019-07-05 23:44:26.640000+00:00,30.177111111111113,100,0.38,3.12,20651693,0.7598566399570553,1.25,32,ok,999,0.8061753342963024,0.7931505009965373,0.13646902266480704,0.5972711017911141,1.0865251486725847,0.48925404688147056,1.2,38.0,exploratory
mw64,4,primary_N100_step20,100,20,False,dynamic,0.01,1.5,1000,59,1180,1280,2019-07-05 22:48:56.560000+00:00,2019-07-06 02:10:02.780000+00:00,2019-07-06 00:36:47.320000+00:00,2019-07-06 00:36:47.320000+00:00,31.049522222222222,100,0.49,3.12,20651710,0.8103231729834651,1.25,31,ok,1000,0.8617312819268924,0.8482690462524936,0.14796671921968585,0.6356735429875866,1.1609164902900562,0.5252429473024696,1.14,41.0,exploratory
mw64,4,primary_N100_step20,100,20,False,dynamic,0.01,1.5,1000,60,1200,1300,2019-07-05 23:33:56.380000+00:00,2019-07-06 02:56:16.250000+00:00,2019-07-06 01:21:46.090000+00:00,2019-07-06 01:21:46.090000+00:00,31.799180555555555,100,0.48,3.12,20651727,0.9504882686062194,0.94,62,ok,997,0.920043991249558,0.8898995616020133,0.402285156764293,0.6529816577824129,1.2720937947974171,0.6191121370150042,0.97,54.0,usable_but_moderately_uncertain
mw64,4,exploratory_N50_step10,50,10,True,dynamic,0.01,1.5,1000,0,0,50,2019-07-04 17:35:51.840000+00:00,2019-07-04 18:26:30.320000+00:00,2019-07-04 18:02:25.200000+00:00,2019-07-04 18:02:25.200000+00:00,0.47671111111111114,50,1.71,4.68,20650707,0.5879768949252584,2.56,22,ok,987,0.6356618188576404,0.6048401171821312,0.15598301170035425,0.4526851028378515,1.0731885291348324,0.6205034262969809,2.56,25.5,highly_unreliable
mw64,4,exploratory_N50_step10,50,10,True,dynamic,0.01,1.5,1000,1,10,60,2019-07-04 17:50:48.680000+00:00,2019-07-04 18:39:32.340000+00:00,2019-07-04 18:10:09.980000+00:00,2019-07-04 18:10:09.980000+00:00,0.6058166666666667,50,1.71,3.67,20650724,0.8723568404856876,2.56,14,ok,980,0.9242921954644091,0.8713206964252114,0.26045736739667036,0.6444896394906815,1.4664250057488377,0.8219353662581562,2.31,27.0,highly_unreliable
mw64,4,exploratory_N50_step10,50,10,True,dynamic,0.01,1.5,1000,2,20,70,2019-07-04 17:59:38.520000+00:00,2019-07-04 18:48:44.920000+00:00,2019-07-04 18:21:25.120000+00:00,2019-07-04 18:21:25.120000+00:00,0.7933555555555555,50,1.6,4.89,20650741,0.7839006965347887,2.13,31,ok,985,0.8148977540139833,0.7874453191567672,0.20029418044125868,0.5051586546924742,1.2992557342817626,0.7940970795892883,2.13,28.0,exploratory
mw64,4,exploratory_N50_step10,50,10,True,dynamic,0.01,1.5,1000,3,30,80,2019-07-04 18:05:55.680000+00:00,2019-07-04 19:04:57.240000+00:00,2019-07-04 18:34:48.880000+00:00,2019-07-04 18:34:48.880000+00:00,1.0166222222222223,50,1.6,4.89,20650758,0.7246460920154061,2.13,30,ok,991,0.7456171815880338,0.718990336940384,0.20323775948035921,0.46493819084690613,1.1805980099959927,0.7156598191490866,2.2,25.0,exploratory
mw64,4,exploratory_N50_step10,50,10,True,dynamic,0.01,1.5,1000,4,40,90,2019-07-04 18:16:33.440000+00:00,2019-07-04 19:19:27.560000+00:00,2019-07-04 18:45:58.400000+00:00,2019-07-04 18:45:58.400000+00:00,1.2026,50,1.11,4.89,20650775,0.6969511241448318,2.13,27,ok,984,0.7203382037927627,0.685021271313125,0.1984430975371879,0.43175744155134727,1.1663010051449085,0.7345435635935613,2.15,24.0,highly_unreliable
mw64,4,exploratory_N50_step10,50,10,True,dynamic,0.01,1.5,1000,5,50,100,2019-07-04 18:27:26.600000+00:00,2019-07-04 19:34:18.320000+00:00,2019-07-04 19:01:28.160000+00:00,2019-07-04 19:01:28.160000+00:00,1.4608666666666665,50,1.11,4.89,20650792,0.8256256497437735,2.13,29,ok,984,0.7904027187259325,0.7570206025884996,0.27108851541972456,0.4122814226964541,1.3816821593790962,0.969400736682642,2.15,24.0,highly_unreliable
mw64,4,exploratory_N50_step10,50,10,True,dynamic,0.01,1.5,1000,6,60,110,2019-07-04 18:41:14.120000+00:00,2019-07-04 19:47:07.100000+00:00,2019-07-04 19:14:00.400000+00:00,2019-07-04 19:14:00.400000+00:00,1.669822222222222,50,1.11,4.89,20650809,0.6020961197901865,1.68,38,ok,986,0.7132787669843397,0.6575791473929256,0.2767703477731146,0.40859634881634,1.2803102967769826,0.8717139479606426,1.99,25.0,exploratory
mw64,4,exploratory_N50_step10,50,10,True,dynamic,0.01,1.5,1000,7,70,120,2019-07-04 18:49:19.760000+00:00,2019-07-04 20:02:54.160000+00:00,2019-07-04 19:31:02.420000+00:00,2019-07-04 19:31:02.420000+00:00,1.9537166666666668,50,1.11,3.69,20650826,0.6299038024176966,1.56,38,ok,982,0.7933601592411555,0.7193837428075727,0.2615167946847495,0.5213324756437501,1.4366213127206102,0.9152888370768602,1.8599999999999999,27.0,exploratory
mw64,4,exploratory_N50_step10,50,10,True,dynamic,0.01,1.5,1000,8,80,130,2019-07-04 19:07:36.760000+00:00,2019-07-04 20:16:10.220000+00:00,2019-07-04 19:40:57.220000+00:00,2019-07-04 19:40:57.220000+00:00,2.118938888888889,50,1.11,4.32,20650843,0.6342614773283242,1.56,38,ok,977,0.7122004178267011,0.6697574893610021,0.1921446241633825,0.4927450306179358,1.2064511401380598,0.713706109520124,1.8599999999999999,26.0,exploratory
mw64,4,exploratory_N50_step10,50,10,True,dynamic,0.01,1.5,1000,9,90,140,2019-07-04 19:23:59.840000+00:00,2019-07-04 20:28:26.540000+00:00,2019-07-04 19:54:39.040000+00:00,2019-07-04 19:54:39.040000+00:00,2.3472222222222223,50,1.16,4.32,20650860,0.6710543819897382,1.48,41,ok,992,0.7641198677959368,0.6942273966328432,0.5953218755352403,0.4673654285485556,1.313920512597985,0.8465550840494294,1.8,25.0,exploratory
mw64,4,exploratory_N50_step10,50,10,True,dynamic,0.01,1.5,1000,10,100,150,2019-07-04 19:36:08.980000+00:00,2019-07-04 20:39:39.440000+00:00,2019-07-04 20:07:58.600000+00:00,2019-07-04 20:07:58.600000+00:00,2.569322222222222,50,1.16,4.32,20650877,0.7148287478141641,1.48,39,ok,984,0.717167144266048,0.6912742586012806,0.17934750265370628,0.4506978754088088,1.127626536139528,0.6769286607307191,1.7,27.0,exploratory
mw64,4,exploratory_N50_step10,50,10,True,dynamic,0.01,1.5,1000,11,110,160,2019-07-04 19:48:25.680000+00:00,2019-07-04 20:51:31.140000+00:00,2019-07-04 20:24:49.680000+00:00,2019-07-04 20:24:49.680000+00:00,2.8501777777777777,50,0.84,4.32,20650894,0.5619555877650579,1.3599999999999999,37,ok,986,0.6569150687355982,0.6236330681773592,0.17435467863802373,0.44216095429105046,1.0562694416710798,0.6141084873800293,1.53,31.5,exploratory
mw64,4,exploratory_N50_step10,50,10,True,dynamic,0.01,1.5,1000,12,120,170,2019-07-04 20:03:52.360000+00:00,2019-07-04 20:59:58.520000+00:00,2019-07-04 20:36:59+00:00,2019-07-04 20:36:59+00:00,3.0527666666666664,50,0.84,4.32,20650911,0.6831739466523525,2.14,14,ok,979,0.6571474859618243,0.6209857105238947,0.1775957545743451,0.43488274790990905,1.105818284407785,0.670935536497876,1.8499999999999999,24.0,highly_unreliable
mw64,4,exploratory_N50_step10,50,10,True,dynamic,0.01,1.5,1000,13,130,180,2019-07-04 20:17:03.140000+00:00,2019-07-04 21:12:54.580000+00:00,2019-07-04 20:46:23.100000+00:00,2019-07-04 20:46:23.100000+00:00,3.209461111111111,50,0.84,3.58,20650928,0.6982376797474741,1.48,30,ok,975,0.7063548277205234,0.6819288006277112,0.18304028100551206,0.439721795211655,1.123476647670451,0.683754852458796,1.48,28.0,exploratory
mw64,4,exploratory_N50_step10,50,10,True,dynamic,0.01,1.5,1000,14,140,190,2019-07-04 20:29:05.200000+00:00,2019-07-04 21:25:49.040000+00:00,2019-07-04 20:57:41.960000+00:00,2019-07-04 20:57:41.960000+00:00,3.3980333333333332,50,0.84,3.58,20650945,0.6779757694898887,1.38,34,ok,984,0.7710832054570123,0.7134163405800675,0.38686432406535426,0.4516952673486265,1.2964977164367633,0.8448024490881367,1.5899999999999999,25.0,exploratory
mw64,4,exploratory_N50_step10,50,10,True,dynamic,0.01,1.5,1000,15,150,200,2019-07-04 20:40:02.640000+00:00,2019-07-04 21:38:44.400000+00:00,2019-07-04 21:08:57.620000+00:00,2019-07-04 21:08:57.620000+00:00,3.5857166666666664,50,0.84,3.58,20650962,0.6406634158141211,1.38,38,ok,977,0.7589042263890541,0.6750263214092651,0.45640852527888054,0.4821869427883889,1.4063866790770874,0.9241997362886984,1.78,24.0,exploratory
mw64,4,exploratory_N50_step10,50,10,True,dynamic,0.01,1.5,1000,16,160,210,2019-07-04 20:54:58.260000+00:00,2019-07-04 21:46:33.720000+00:00,2019-07-04 21:23:14.880000+00:00,2019-07-04 21:23:14.880000+00:00,3.8238444444444446,50,1.08,3.58,20650979,0.64289614996347,1.46,37,ok,972,0.7024104173125707,0.6522907903304884,0.2488820548418907,0.48139206635461745,1.2351735532773755,0.7537814869227581,1.8299999999999998,22.0,exploratory
mw64,4,exploratory_N50_step10,50,10,True,dynamic,0.01,1.5,1000,17,170,220,2019-07-04 21:01:45.240000+00:00,2019-07-04 21:55:56.440000+00:00,2019-07-04 21:35:59.800000+00:00,2019-07-04 21:35:59.800000+00:00,4.036322222222222,50,1.08,3.58,20650996,0.638093362140074,1.8699999999999999,16,ok,980,0.7432951378686043,0.7027152647199033,0.23483140155200793,0.48640027379326084,1.2339934752366566,0.7475932014433957,1.79,19.0,highly_unreliable
mw64,4,exploratory_N50_step10,50,10,True,dynamic,0.01,1.5,1000,18,180,230,2019-07-04 21:14:00.520000+00:00,2019-07-04 22:07:19.940000+00:00,2019-07-04 21:43:00.740000+00:00,2019-07-04 21:43:00.740000+00:00,4.15325,50,1.16,3.56,20651013,0.614514902588979,1.72,23,ok,972,0.7296176239262288,0.6765435071634336,0.30135464061700606,0.47099539670165524,1.2268994057017901,0.7559040090001349,1.81,20.0,highly_unreliable
mw64,4,exploratory_N50_step10,50,10,True,dynamic,0.01,1.5,1000,19,190,240,2019-07-04 21:26:34.600000+00:00,2019-07-04 22:28:30.440000+00:00,2019-07-04 21:50:24.080000+00:00,2019-07-04 21:50:24.080000+00:00,4.276400000000001,50,1.0,3.56,20651030,0.6160308704818432,1.88,18,ok,983,0.6812410847756758,0.6434110005409903,0.21215450168030253,0.467351237591729,1.1519688821939533,0.6846176446022243,1.88,17.0,highly_unreliable
mw64,4,exploratory_N50_step10,50,10,True,dynamic,0.01,1.5,1000,20,200,250,2019-07-04 21:38:53.240000+00:00,2019-07-04 22:42:21.520000+00:00,2019-07-04 22:01:40.840000+00:00,2019-07-04 22:01:40.840000+00:00,4.464388888888888,50,1.0,3.56,20651047,0.6220683177743067,1.88,19,ok,978,0.6575673172492915,0.6161279935369343,0.24779703311883758,0.4523145033083233,1.063057610003295,0.6107431066949716,1.8399999999999999,20.0,highly_unreliable
mw64,4,exploratory_N50_step10,50,10,True,dynamic,0.01,1.5,1000,21,210,260,2019-07-04 21:48:46.800000+00:00,2019-07-04 22:55:36.500000+00:00,2019-07-04 22:25:16.280000+00:00,2019-07-04 22:25:16.280000+00:00,4.857566666666667,50,0.99,3.56,20651064,0.6029501659015489,1.7,17,ok,980,0.6955267284092329,0.6650887743362184,0.20589750447793184,0.45412882252669334,1.109396989153672,0.6552681666269786,1.7,18.0,highly_unreliable
mw64,4,exploratory_N50_step10,50,10,True,dynamic,0.01,1.5,1000,22,220,270,2019-07-04 21:59:15.240000+00:00,2019-07-04 23:05:40.580000+00:00,2019-07-04 22:37:36.300000+00:00,2019-07-04 22:37:36.300000+00:00,5.063127777777777,50,0.99,3.56,20651081,0.6882121398798638,1.38,33,ok,991,0.7297021439082955,0.6742472976849322,0.2751983188200943,0.5055796567627341,1.2431849385007507,0.7376052817380166,1.44,27.0,exploratory
mw64,4,exploratory_N50_step10,50,10,True,dynamic,0.01,1.5,1000,23,230,280,2019-07-04 22:07:57.120000+00:00,2019-07-04 23:15:56.420000+00:00,2019-07-04 22:50:09.900000+00:00,2019-07-04 22:50:09.900000+00:00,5.272461111111111,50,0.99,3.25,20651098,0.7601211222563065,1.38,33,ok,984,0.9136650805988981,0.8033493072397484,0.44963370599162233,0.5702906104796545,2.040986144909603,1.4706955344299488,1.47,26.0,exploratory
mw64,4,exploratory_N50_step10,50,10,True,dynamic,0.01,1.5,1000,24,240,290,2019-07-04 22:29:06.200000+00:00,2019-07-04 23:26:43.600000+00:00,2019-07-04 23:01:33.080000+00:00,2019-07-04 23:01:33.080000+00:00,5.462233333333334,50,0.99,3.25,20651115,0.7591469829619911,1.38,31,ok,988,0.8962303012161037,0.8170296044965675,0.33075413695626843,0.6080354139234141,1.6437222922678427,1.0356868783444286,1.54,23.0,exploratory
mw64,4,exploratory_N50_step10,50,10,True,dynamic,0.01,1.5,1000,25,250,300,2019-07-04 22:43:54.240000+00:00,2019-07-04 23:37:15.720000+00:00,2019-07-04 23:09:07.800000+00:00,2019-07-04 23:09:07.800000+00:00,5.588544444444444,50,0.71,2.71,20651132,1.004381125821793,1.38,31,ok,977,1.2187424859997527,1.101087241622398,0.6409976133581656,0.7687804976967851,2.3101976587801945,1.5414171610834093,1.51,24.0,exploratory
mw64,4,exploratory_N50_step10,50,10,True,dynamic,0.01,1.5,1000,26,260,310,2019-07-04 22:56:33.260000+00:00,2019-07-04 23:51:56.780000+00:00,2019-07-04 23:23:14.480000+00:00,2019-07-04 23:23:14.480000+00:00,5.823733333333333,50,0.71,2.71,20651149,0.9240656734912641,1.38,34,ok,980,1.2045019120936211,1.0651466911807983,0.5099813317795143,0.6859672807358442,2.4312226791622007,1.7452553984263566,1.51,27.0,exploratory
mw64,4,exploratory_N50_step10,50,10,True,dynamic,0.01,1.5,1000,27,270,320,2019-07-04 23:06:12+00:00,2019-07-05 00:02:21.430000+00:00,2019-07-04 23:30:37.340000+00:00,2019-07-04 23:30:37.340000+00:00,5.94675,50,0.71,2.71,20651166,0.8921395505780436,1.3,33,ok,976,1.127304176666241,0.9695153305820658,1.0302498851229906,0.6366978859019136,2.2690131172103656,1.6323152313084521,1.3399999999999999,28.0,exploratory
mw64,4,exploratory_N50_step10,50,10,True,dynamic,0.01,1.5,1000,28,280,330,2019-07-04 23:16:49.500000+00:00,2019-07-05 00:20:26.240000+00:00,2019-07-04 23:44:46.980000+00:00,2019-07-04 23:44:46.980000+00:00,6.182761111111111,50,0.58,2.34,20651183,1.0167893771213519,1.3,28,ok,978,1.3480604126534357,1.0684673030339018,1.7514299437635135,0.6594957022187204,3.0204381606802855,2.3609424584615653,1.3399999999999999,24.5,highly_unreliable
mw64,4,exploratory_N50_step10,50,10,True,dynamic,0.01,1.5,1000,29,290,340,2019-07-04 23:26:54.880000+00:00,2019-07-05 00:31:32.910000+00:00,2019-07-04 23:59:20.920000+00:00,2019-07-04 23:59:20.920000+00:00,6.425522222222223,50,0.58,2.52,20651200,0.9778947736978013,1.3,23,ok,985,1.1199217596011894,1.0005132117424391,1.536141928012243,0.7239094000318465,1.9487250010714858,1.2248156010396394,1.3,23.0,highly_unreliable
mw64,4,exploratory_N50_step10,50,10,True,dynamic,0.01,1.5,1000,30,300,350,2019-07-04 23:38:43.880000+00:00,2019-07-05 00:41:14.450000+00:00,2019-07-05 00:13:01.200000+00:00,2019-07-05 00:13:01.200000+00:00,6.653377777777778,50,0.58,4.36,20651217,0.7336229881754617,1.3,20,ok,988,0.805808255413759,0.7599941201804756,0.24819044188252737,0.4566406444264079,1.374397765097481,0.9177571206710731,1.3,20.0,highly_unreliable
mw64,4,exploratory_N50_step10,50,10,True,dynamic,0.01,1.5,1000,31,310,360,2019-07-04 23:52:21.920000+00:00,2019-07-05 00:57:26.080000+00:00,2019-07-05 00:26:52.300000+00:00,2019-07-05 00:26:52.300000+00:00,6.884238888888889,50,0.58,4.38,20651234,0.6037954997317175,1.3,21,ok,980,0.6713694873577419,0.6341206816245544,0.23070105840033223,0.3513048033178183,1.185394004579719,0.8340892012619008,1.3,21.0,highly_unreliable
mw64,4,exploratory_N50_step10,50,10,True,dynamic,0.01,1.5,1000,32,320,370,2019-07-05 00:03:42.870000+00:00,2019-07-05 01:16:24.550000+00:00,2019-07-05 00:37:43.330000+00:00,2019-07-05 00:37:43.330000+00:00,7.065080555555555,50,0.58,4.38,20651251,0.6258598014116616,1.18,28,ok,974,0.6467774345229721,0.6113597239346148,0.22363047831247693,0.33983004382101234,1.0934532519266635,0.7536232081056512,1.3,23.0,highly_unreliable
mw64,4,exploratory_N50_step10,50,10,True,dynamic,0.01,1.5,1000,33,330,380,2019-07-05 00:20:46.610000+00:00,2019-07-05 01:32:14.260000+00:00,2019-07-05 00:49:40.670000+00:00,2019-07-05 00:49:40.670000+00:00,7.264341666666667,50,0.73,4.38,20651268,0.6400462380570058,1.18,31,ok,970,0.6480294615951888,0.6050551101619646,0.4278715569038186,0.35134049878927687,1.0757690285196877,0.7244285297304108,1.3399999999999999,22.0,exploratory
mw64,4,exploratory_N50_step10,50,10,True,dynamic,0.01,1.5,1000,34,340,390,2019-07-05 00:31:50.650000+00:00,2019-07-05 01:47:41.390000+00:00,2019-07-05 01:05:02.270000+00:00,2019-07-05 01:05:02.270000+00:00,7.520341666666667,50,0.73,4.38,20651285,0.6574119581198623,1.16,32,ok,960,0.6299468765867295,0.6017041073753322,0.2505215954218911,0.3395712379460208,1.0311941472517046,0.6916229093056838,1.32,22.0,exploratory
mw64,4,exploratory_N50_step10,50,10,True,dynamic,0.01,1.5,1000,35,350,400,2019-07-05 00:42:43+00:00,2019-07-05 01:57:48.980000+00:00,2019-07-05 01:27:45.300000+00:00,2019-07-05 01:27:45.300000+00:00,7.89896111111111,50,0.73,4.38,20651302,0.632930721633764,1.45,17,ok,972,0.810891065979776,0.7001069297082988,0.6157523655947021,0.4221406570249513,2.445439955926713,2.0232992989017617,1.335,21.0,highly_unreliable
mw64,4,exploratory_N50_step10,50,10,True,dynamic,0.01,1.5,1000,36,360,410,2019-07-05 01:00:12.280000+00:00,2019-07-05 02:09:38.350000+00:00,2019-07-05 01:38:23.760000+00:00,2019-07-05 01:38:23.760000+00:00,8.076311111111112,50,0.73,2.93,20651319,0.7340363165743364,1.16,33,ok,985,0.8992119369235145,0.7659713223963134,0.658324274284249,0.5899758050471929,1.9957790698624776,1.4058032648152845,1.3299999999999998,24.0,exploratory
mw64,4,exploratory_N50_step10,50,10,True,dynamic,0.01,1.5,1000,37,370,420,2019-07-05 01:21:26.870000+00:00,2019-07-05 02:23:55.490000+00:00,2019-07-05 01:52:51.100000+00:00,2019-07-05 01:52:51.100000+00:00,8.31723888888889,50,0.78,2.93,20651336,0.7388931230912054,1.16,36,ok,937,0.8745503331179166,0.7900706055394017,0.3017087099043924,0.5939421193757095,1.7586898604028067,1.1647477410270972,1.45,22.5,exploratory
mw64,4,exploratory_N50_step10,50,10,True,dynamic,0.01,1.5,1000,38,380,430,2019-07-05 01:34:57.650000+00:00,2019-07-05 02:46:19.730000+00:00,2019-07-05 02:06:20.110000+00:00,2019-07-05 02:06:20.110000+00:00,8.541963888888889,50,0.78,2.93,20651353,0.9418803709259544,1.57,18,ok,948,0.9148263881469717,0.86639070562191,0.2559821423575521,0.6261328922593711,1.471101727383144,0.8449688351237729,1.48,22.0,highly_unreliable
mw64,4,exploratory_N50_step10,50,10,True,dynamic,0.01,1.5,1000,39,390,440,2019-07-05 01:48:29.140000+00:00,2019-07-05 03:02:23.990000+00:00,2019-07-05 02:20:59.520000+00:00,2019-07-05 02:20:59.520000+00:00,8.786244444444444,50,0.78,2.93,20651370,1.0636314845784953,1.57,21,ok,940,1.0048955929853494,0.9545317906230362,0.27915949278835894,0.6467562985161249,1.681349900965008,1.0345936024488829,1.57,21.0,highly_unreliable
mw64,4,exploratory_N50_step10,50,10,True,dynamic,0.01,1.5,1000,40,400,450,2019-07-05 01:58:07.020000+00:00,2019-07-05 03:09:13.990000+00:00,2019-07-05 02:41:09.870000+00:00,2019-07-05 02:41:09.870000+00:00,9.122452777777779,50,0.79,2.93,20651387,0.7703873525175948,1.15,40,ok,922,0.9764691883615053,0.9275485973410239,0.2663946634293565,0.6550623772045908,1.6152801606678977,0.9602177834633069,1.56,22.0,exploratory
mw64,4,exploratory_N50_step10,50,10,True,dynamic,0.01,1.5,1000,41,410,460,2019-07-05 02:09:58.730000+00:00,2019-07-05 03:23:56.720000+00:00,2019-07-05 02:55:40.810000+00:00,2019-07-05 02:55:40.810000+00:00,9.364380555555554,50,0.79,2.93,20651404,0.8231264008399176,1.15,38,ok,978,1.0699094850473874,0.9664444723238919,0.492716371584892,0.6647332849596289,1.944797437405468,1.280064152445839,1.56,23.0,exploratory
mw64,4,exploratory_N50_step10,50,10,True,dynamic,0.01,1.5,1000,42,420,470,2019-07-05 02:28:29.370000+00:00,2019-07-05 03:33:02.410000+00:00,2019-07-05 03:05:49.850000+00:00,2019-07-05 03:05:49.850000+00:00,9.533558333333332,50,0.79,2.65,20651421,0.6730897916431745,0.99,42,ok,970,1.0430957149506195,0.9498033664061889,0.5936526348565188,0.6143619079808353,2.010003731246777,1.3956418232659418,1.57,20.0,exploratory
mw64,4,exploratory_N50_step10,50,10,True,dynamic,0.01,1.5,1000,43,430,480,2019-07-05 02:46:56.380000+00:00,2019-07-05 03:46:54.200000+00:00,2019-07-05 03:14:51.740000+00:00,2019-07-05 03:14:51.740000+00:00,9.684083333333332,50,0.45,3.2,20651438,0.5663843790179344,0.99,39,ok,978,0.8428658196400601,0.725540099301277,0.5100145246129887,0.4733665463253158,2.2622268022632777,1.7888602559379618,1.53,23.0,exploratory
mw64,4,exploratory_N50_step10,50,10,True,dynamic,0.01,1.5,1000,44,440,490,2019-07-05 03:02:46.070000+00:00,2019-07-05 03:57:25.490000+00:00,2019-07-05 03:28:33.550000+00:00,2019-07-05 03:28:33.550000+00:00,9.912363888888889,50,0.45,3.2,20651455,0.6390826638546777,1.17,35,ok,979,0.8841621401283719,0.721585832425849,0.7447787419009412,0.4674642426314606,2.0906896004406996,1.623225357809239,1.5999999999999999,22.0,exploratory
mw64,4,exploratory_N50_step10,50,10,True,dynamic,0.01,1.5,1000,45,450,500,2019-07-05 03:09:46.230000+00:00,2019-07-05 04:14:32.430000+00:00,2019-07-05 03:40:12.630000+00:00,2019-07-05 03:40:12.630000+00:00,10.106552777777777,50,0.45,3.2,20651472,0.5885308232179914,1.07,34,ok,980,0.7824541973170558,0.6335802019102642,0.7554350395820109,0.47807945472631813,1.9140388502263797,1.4359593955000616,1.16,30.0,exploratory
mw64,4,exploratory_N50_step10,50,10,True,dynamic,0.01,1.5,1000,46,460,510,2019-07-05 03:25:20.310000+00:00,2019-07-05 04:31:32.300000+00:00,2019-07-05 03:52:59.990000+00:00,2019-07-05 03:52:59.990000+00:00,10.319708333333333,50,0.45,3.66,20651489,0.6039829384106584,1.07,32,ok,981,0.6472131685464401,0.6172817366577211,0.16194056130992704,0.4442537502664109,1.0538498026415404,0.6095960523751295,1.17,26.5,exploratory
mw64,4,exploratory_N50_step10,50,10,True,dynamic,0.01,1.5,1000,47,470,520,2019-07-05 03:34:32.460000+00:00,2019-07-05 04:42:01.600000+00:00,2019-07-05 04:06:26.300000+00:00,2019-07-05 04:06:26.300000+00:00,10.543683333333334,50,0.45,3.66,20651506,0.6196368069611984,0.9099999999999999,39,ok,987,0.6612740710402605,0.6347591540094668,0.16110203298434198,0.4522660148667652,1.0953867805581694,0.6431207656914042,1.1300000000000001,26.0,exploratory
mw64,4,exploratory_N50_step10,50,10,True,dynamic,0.01,1.5,1000,48,480,530,2019-07-05 03:48:49.600000+00:00,2019-07-05 04:49:33.410000+00:00,2019-07-05 04:26:33.350000+00:00,2019-07-05 04:26:33.350000+00:00,10.878974999999999,50,0.5,3.66,20651523,0.6976010996686034,0.9099999999999999,37,ok,958,0.7883313949699615,0.747157156562694,0.22983380127026654,0.42508771536584655,1.3423399413802175,0.917252226014371,1.1549999999999998,26.0,exploratory
mw64,4,exploratory_N50_step10,50,10,True,dynamic,0.01,1.5,1000,49,490,540,2019-07-05 04:01:02.750000+00:00,2019-07-05 05:08:54.120000+00:00,2019-07-05 04:37:45.430000+00:00,2019-07-05 04:37:45.430000+00:00,11.065663888888889,50,0.5,3.66,20651540,0.6939606751779884,0.9099999999999999,36,ok,946,0.9746105765249861,0.8362234405288996,0.5803628784600332,0.4465950479452274,2.066276347633262,1.6196812996880345,1.3499999999999999,20.0,exploratory
mw64,4,exploratory_N50_step10,50,10,True,dynamic,0.01,1.5,1000,50,500,550,2019-07-05 04:14:45.030000+00:00,2019-07-05 05:16:35.490000+00:00,2019-07-05 04:47:31.880000+00:00,2019-07-05 04:47:31.880000+00:00,11.228566666666666,50,0.5,3.66,20651557,0.6886322050128931,0.9099999999999999,37,ok,968,0.8146580380632618,0.7411220956114698,0.42727486969355133,0.37439411338746326,1.492546429059722,1.1181523156722586,1.18,24.0,exploratory
mw64,4,exploratory_N50_step10,50,10,True,dynamic,0.01,1.5,1000,51,510,560,2019-07-05 04:32:30.020000+00:00,2019-07-05 05:31:05.360000+00:00,2019-07-05 05:04:09.470000+00:00,2019-07-05 05:04:09.470000+00:00,11.505675,50,0.51,3.31,20651574,0.8866202080743338,1.07,33,ok,961,1.0187366030304663,0.8987071103232777,0.6204456502983176,0.5893823882228134,1.9497789699278245,1.360396581705011,1.29,24.0,exploratory
mw64,4,exploratory_N50_step10,50,10,True,dynamic,0.01,1.5,1000,52,520,570,2019-07-05 04:43:13.420000+00:00,2019-07-05 05:50:07.950000+00:00,2019-07-05 05:13:56.060000+00:00,2019-07-05 05:13:56.060000+00:00,11.668616666666665,50,0.51,3.31,20651591,0.8286876404040479,1.07,33,ok,981,0.8572260001924857,0.8017972015848142,0.2806880817392647,0.5370131107944646,1.5239966556736904,0.9869835448792258,1.15,27.0,exploratory
mw64,4,exploratory_N50_step10,50,10,True,dynamic,0.01,1.5,1000,53,530,580,2019-07-05 04:50:04.610000+00:00,2019-07-05 05:59:20.030000+00:00,2019-07-05 05:26:09.700000+00:00,2019-07-05 05:26:09.700000+00:00,11.872405555555556,50,0.56,3.31,20651608,0.7364771193687728,1.07,34,ok,978,0.7439356209039504,0.6974011770299885,0.2787258455504803,0.492102890944219,1.2017464907833642,0.7096435998391452,1.28,25.0,exploratory
mw64,4,exploratory_N50_step10,50,10,True,dynamic,0.01,1.5,1000,54,540,590,2019-07-05 05:09:11.040000+00:00,2019-07-05 06:15:07.210000+00:00,2019-07-05 05:45:01.340000+00:00,2019-07-05 05:45:01.340000+00:00,12.18675,50,0.56,3.31,20651625,0.7703873525175948,1.07,32,ok,986,0.7420773638400553,0.6992456362713111,0.38983536747625125,0.4490308046383411,1.173319842989787,0.724289038351446,1.18,23.0,exploratory
mw64,4,exploratory_N50_step10,50,10,True,dynamic,0.01,1.5,1000,55,550,600,2019-07-05 05:17:19.320000+00:00,2019-07-05 06:33:41.900000+00:00,2019-07-05 05:56:34.490000+00:00,2019-07-05 05:56:34.490000+00:00,12.379291666666665,50,0.45,3.0,20651642,0.734864372214579,0.98,35,ok,976,0.8628951827610712,0.784802447025629,0.9789925940974081,0.564442976595715,1.4314008447270865,0.8669578681313715,1.15,28.0,exploratory
mw64,4,exploratory_N50_step10,50,10,True,dynamic,0.01,1.5,1000,56,560,610,2019-07-05 05:34:16.250000+00:00,2019-07-05 06:44:17.010000+00:00,2019-07-05 06:11:16.460000+00:00,2019-07-05 06:11:16.460000+00:00,12.624283333333333,50,0.45,3.33,20651659,0.6730483970957355,0.98,36,ok,988,0.7267506135630877,0.6857124595441202,0.23654547712032933,0.4832567558834151,1.1591020925008308,0.6758453366174157,1.01,32.0,exploratory
mw64,4,exploratory_N50_step10,50,10,True,dynamic,0.01,1.5,1000,57,570,620,2019-07-05 05:50:16.970000+00:00,2019-07-05 06:55:30.170000+00:00,2019-07-05 06:25:56.130000+00:00,2019-07-05 06:25:56.130000+00:00,12.86863611111111,50,0.45,3.33,20651676,0.7952252976629861,0.98,35,ok,989,0.810231966337091,0.7833403228639179,0.20605333592925903,0.5250942124345126,1.2565964053231466,0.731502192888634,1.0,32.0,exploratory
mw64,4,exploratory_N50_step10,50,10,True,dynamic,0.01,1.5,1000,58,580,630,2019-07-05 06:02:38.240000+00:00,2019-07-05 07:13:16.250000+00:00,2019-07-05 06:40:42.340000+00:00,2019-07-05 06:40:42.340000+00:00,13.114805555555556,50,0.45,3.33,20651693,0.7472862705751218,0.9299999999999999,34,ok,988,0.8184876863038728,0.7792186266359379,0.2743742653644327,0.537552369534237,1.2758082372770692,0.7382558677428321,0.98,30.0,exploratory
mw64,4,exploratory_N50_step10,50,10,True,dynamic,0.01,1.5,1000,59,590,640,2019-07-05 06:15:19.020000+00:00,2019-07-05 07:25:01.370000+00:00,2019-07-05 06:53:35.050000+00:00,2019-07-05 06:53:35.050000+00:00,13.329447222222223,50,0.45,3.33,20651710,0.7033262731203864,0.9299999999999999,32,ok,970,0.7588886838680085,0.7203866811840194,0.20248144421461414,0.5086030478191402,1.1910000436012924,0.6823969957821522,0.99,27.0,exploratory
mw64,4,exploratory_N50_step10,50,10,True,dynamic,0.01,1.5,1000,60,600,650,2019-07-05 06:34:16.880000+00:00,2019-07-05 07:35:41.420000+00:00,2019-07-05 07:04:45.130000+00:00,2019-07-05 07:04:45.130000+00:00,13.515580555555555,50,0.53,3.33,20651727,0.7318458287976743,0.9299999999999999,32,ok,969,0.7479430311629425,0.7283935636020185,0.16730326786183783,0.4893230238317643,1.1408175444103605,0.6514945205785962,1.06,26.0,exploratory
mw64,4,exploratory_N50_step10,50,10,True,dynamic,0.01,1.5,1000,61,610,660,2019-07-05 06:45:20.590000+00:00,2019-07-05 07:50:22.420000+00:00,2019-07-05 07:20:09.450000+00:00,2019-07-05 07:20:09.450000+00:00,13.772336111111112,50,0.53,3.83,20651744,0.7255463153443931,0.76,39,ok,983,0.7787203093329352,0.7486177415138634,0.2986359530137054,0.434608116514467,1.326033991442256,0.891425874927789,0.99,26.0,exploratory
mw64,4,exploratory_N50_step10,50,10,True,dynamic,0.01,1.5,1000,62,620,670,2019-07-05 06:57:03.180000+00:00,2019-07-05 08:04:54+00:00,2019-07-05 07:31:18.490000+00:00,2019-07-05 07:31:18.490000+00:00,13.958180555555554,50,0.53,3.83,20651761,0.6535781465643722,0.76,40,ok,975,0.7280581337938512,0.6831739466523525,0.2427332991341902,0.4528075985538506,1.3173797413040897,0.8645721427502391,0.96,28.0,exploratory
mw64,4,exploratory_N50_step10,50,10,True,dynamic,0.01,1.5,1000,63,630,680,2019-07-05 07:14:18.950000+00:00,2019-07-05 08:16:07.130000+00:00,2019-07-05 07:45:33.220000+00:00,2019-07-05 07:45:33.220000+00:00,14.195605555555556,50,0.39,3.83,20651778,0.7250493639938294,1.15,20,ok,966,0.8578236279728816,0.7570181005265071,1.1486173198745075,0.48175241584805545,1.637760816398872,1.1560084005508164,1.15,22.0,highly_unreliable
mw64,4,exploratory_N50_step10,50,10,True,dynamic,0.01,1.5,1000,64,640,690,2019-07-05 07:25:35.340000+00:00,2019-07-05 08:27:01.060000+00:00,2019-07-05 07:58:29.950000+00:00,2019-07-05 07:58:29.950000+00:00,14.41136388888889,50,0.39,3.83,20651795,0.865093230101677,1.04,27,ok,971,0.8109313992492269,0.7504195028850927,0.6606375439910912,0.40649142097649427,1.2737233878080083,0.867231966831514,1.15,19.0,highly_unreliable
mw64,4,exploratory_N50_step10,50,10,True,dynamic,0.01,1.5,1000,65,650,700,2019-07-05 07:39:13.070000+00:00,2019-07-05 08:30:55.560000+00:00,2019-07-05 08:09:03.970000+00:00,2019-07-05 08:09:03.970000+00:00,14.587480555555556,50,0.39,3.83,20651812,0.9092704289748651,0.94,34,ok,982,0.8251472937387087,0.7572797311552588,0.5335408958168031,0.4282663245975367,1.3538510507491763,0.9255847261516397,1.15,19.0,exploratory
mw64,4,exploratory_N50_step10,50,10,True,dynamic,0.01,1.5,1000,66,660,710,2019-07-05 07:51:45.240000+00:00,2019-07-05 08:40:35.470000+00:00,2019-07-05 08:23:54.900000+00:00,2019-07-05 08:23:54.900000+00:00,14.834961111111111,50,0.39,2.31,20651829,0.9497145926601065,1.29,13,ok,985,1.092898780451376,0.9705308507377888,0.7092432427458508,0.6915082615312821,1.8527889798761563,1.1612807183448743,1.06,20.0,highly_unreliable
mw64,4,exploratory_N50_step10,50,10,True,dynamic,0.01,1.5,1000,67,670,720,2019-07-05 08:06:36.840000+00:00,2019-07-05 08:54:02.110000+00:00,2019-07-05 08:29:36.550000+00:00,2019-07-05 08:29:36.550000+00:00,14.929863888888889,50,0.39,3.66,20651846,0.823686638407793,1.05,22,ok,984,0.8352974521921332,0.778147769933528,0.37055714285541375,0.39565860521693175,1.587122425144019,1.1914638199270873,1.05,21.0,highly_unreliable
mw64,4,exploratory_N50_step10,50,10,True,dynamic,0.01,1.5,1000,68,680,730,2019-07-05 08:17:37.460000+00:00,2019-07-05 09:16:11.160000+00:00,2019-07-05 08:36:27.640000+00:00,2019-07-05 08:36:27.640000+00:00,15.044055555555556,50,0.55,3.66,20651863,0.8073871233930794,1.05,24,ok,983,0.8258090418462103,0.7867868840298112,0.304437619332452,0.4303389380095195,1.451755652931907,1.0214167149223874,1.05,22.0,highly_unreliable
mw64,4,exploratory_N50_step10,50,10,True,dynamic,0.01,1.5,1000,69,690,740,2019-07-05 08:27:31.420000+00:00,2019-07-05 09:27:06.780000+00:00,2019-07-05 08:49:05.280000+00:00,2019-07-05 08:49:05.280000+00:00,15.25451111111111,50,0.58,3.66,20651880,0.7136119837372362,1.05,25,ok,975,0.728316644494722,0.7044883229887874,0.19980744838192235,0.42875466067868645,1.1618402661890332,0.7330856055103467,1.05,22.0,highly_unreliable
mw64,4,exploratory_N50_step10,50,10,True,dynamic,0.01,1.5,1000,70,700,750,2019-07-05 08:32:05.020000+00:00,2019-07-05 09:41:21.990000+00:00,2019-07-05 09:09:15.270000+00:00,2019-07-05 09:09:15.270000+00:00,15.590619444444446,50,0.58,3.66,20651897,0.6891520071890544,1.05,25,ok,972,0.6991323939298973,0.6714864988626557,0.19108981306551998,0.4301575398953334,1.1260915233483897,0.6959339834530562,1.05,21.5,highly_unreliable
mw64,4,exploratory_N50_step10,50,10,True,dynamic,0.01,1.5,1000,71,710,760,2019-07-05 08:41:30.770000+00:00,2019-07-05 09:52:32.130000+00:00,2019-07-05 09:23:36.900000+00:00,2019-07-05 09:23:36.900000+00:00,15.82996111111111,50,0.61,3.66,20651914,0.6375079343522455,1.3,16,ok,976,0.7370265644637082,0.6692037465092303,0.9687631995059544,0.41788428520924026,1.194851998344794,0.7769677131355538,1.19,19.0,highly_unreliable
mw64,4,exploratory_N50_step10,50,10,True,dynamic,0.01,1.5,1000,72,720,770,2019-07-05 08:58:18.520000+00:00,2019-07-05 10:00:49.190000+00:00,2019-07-05 09:37:46.970000+00:00,2019-07-05 09:37:46.970000+00:00,16.066091666666665,50,0.61,2.55,20651931,0.9368811306807049,1.03,28,ok,939,1.0710161113709755,0.9030331429933008,1.6672039638148415,0.6458446988404833,2.3481095849522897,1.7022648861118064,1.17,19.0,highly_unreliable
mw64,4,exploratory_N50_step10,50,10,True,dynamic,0.01,1.5,1000,73,730,780,2019-07-05 09:17:37.630000+00:00,2019-07-05 10:07:43.410000+00:00,2019-07-05 09:50:26.690000+00:00,2019-07-05 09:50:26.690000+00:00,16.277125,50,0.37,2.55,20651948,0.871180384845299,0.8400000000000001,33,ok,985,0.9941630357362261,0.911140723225759,0.4574054420196748,0.6404616614153829,1.75698638225921,1.1165247208438271,1.03,24.0,exploratory
mw64,4,exploratory_N50_step10,50,10,True,dynamic,0.01,1.5,1000,74,740,790,2019-07-05 09:27:57.560000+00:00,2019-07-05 10:26:23.380000+00:00,2019-07-05 09:58:57.410000+00:00,2019-07-05 09:58:57.410000+00:00,16.418991666666667,50,0.37,2.55,20651965,1.2131919648289977,1.1300000000000001,20,ok,978,1.1654944580164752,1.0964155041369568,0.424099087502521,0.6718116619629128,2.0203386088286988,1.348526946865786,1.19,16.0,highly_unreliable
mw64,4,exploratory_N50_step10,50,10,True,dynamic,0.01,1.5,1000,75,750,800,2019-07-05 09:41:52.130000+00:00,2019-07-05 10:44:51.290000+00:00,2019-07-05 10:06:07.380000+00:00,2019-07-05 10:06:07.380000+00:00,16.538427777777777,50,0.23,2.68,20651982,1.0753370095198538,1.06,27,ok,979,1.0475945635285049,0.948574798886068,0.5896334894198985,0.5814601832453298,1.9604026873813458,1.378942504136016,1.28,17.0,highly_unreliable
mw64,4,exploratory_N50_step10,50,10,True,dynamic,0.01,1.5,1000,76,760,810,2019-07-05 09:53:14.860000+00:00,2019-07-05 11:04:41.980000+00:00,2019-07-05 10:15:59.650000+00:00,2019-07-05 10:15:59.650000+00:00,16.70294722222222,50,0.23,2.68,20651999,0.907479296106812,0.8300000000000001,39,ok,986,1.0102068217940345,0.94257661358892,0.3468851550270263,0.5712869849243141,1.7735739859570532,1.2022870010327391,1.24,17.0,exploratory
mw64,4,exploratory_N50_step10,50,10,True,dynamic,0.01,1.5,1000,77,770,820,2019-07-05 10:02:26.020000+00:00,2019-07-05 11:38:42.720000+00:00,2019-07-05 10:36:06.690000+00:00,2019-07-05 10:36:06.690000+00:00,17.03823611111111,50,0.23,3.0,20652016,0.7163782749788479,0.8300000000000001,40,ok,979,0.8124404187760187,0.7651876794564487,0.25109473042125285,0.4931380014089727,1.3566357052867213,0.8634977038777486,1.22,23.0,exploratory
mw64,4,exploratory_N50_step10,50,10,True,dynamic,0.01,1.5,1000,78,780,830,2019-07-05 10:08:14.530000+00:00,2019-07-05 11:52:33.620000+00:00,2019-07-05 10:54:15.820000+00:00,2019-07-05 10:54:15.820000+00:00,17.34077222222222,50,0.23,3.0,20652033,0.8671725346707986,1.31,24,ok,977,0.8502890592649441,0.7957697288031611,0.33031022376817337,0.4619523935190733,1.479754730303388,1.0178023367843148,1.3599999999999999,20.0,highly_unreliable
mw64,4,exploratory_N50_step10,50,10,True,dynamic,0.01,1.5,1000,79,790,840,2019-07-05 10:26:55.790000+00:00,2019-07-05 12:11:12.730000+00:00,2019-07-05 11:27:23.580000+00:00,2019-07-05 11:27:23.580000+00:00,17.89292777777778,50,0.23,3.0,20652050,0.9158805937763376,1.31,25,ok,980,0.8621031715243787,0.8047193659610915,0.3249277219013994,0.4730751396111069,1.5594023666955261,1.086327227084419,1.44,19.0,highly_unreliable
mw64,4,exploratory_N50_step10,50,10,True,dynamic,0.01,1.5,1000,80,800,850,2019-07-05 10:45:27.960000+00:00,2019-07-05 12:35:24.570000+00:00,2019-07-05 11:45:03.820000+00:00,2019-07-05 11:45:03.820000+00:00,18.187438888888888,50,0.63,3.29,20652067,0.9417930802023624,1.31,26,ok,988,0.8795900748687796,0.8381005181229002,0.28403118421281104,0.4996279365880878,1.4986500582627043,0.9990221216746165,1.49,17.0,highly_unreliable
mw64,4,exploratory_N50_step10,50,10,True,dynamic,0.01,1.5,1000,81,810,860,2019-07-05 11:07:30.690000+00:00,2019-07-05 13:13:38.870000+00:00,2019-07-05 12:01:15.480000+00:00,2019-07-05 12:01:15.480000+00:00,18.457344444444445,50,0.82,3.29,20652084,0.7139248140351983,1.73,9,ok,989,0.9238200435855404,0.8722096097896102,0.341482328830619,0.5005385708581945,1.745887092044683,1.2453485211864885,1.54,14.0,highly_unreliable
mw64,4,exploratory_N50_step10,50,10,True,dynamic,0.01,1.5,1000,82,820,870,2019-07-05 11:38:50.110000+00:00,2019-07-05 13:36:06.610000+00:00,2019-07-05 12:28:24.200000+00:00,2019-07-05 12:28:24.200000+00:00,18.909766666666666,50,0.8,3.29,20652101,0.8578935387159535,1.71,8,ok,987,1.1235291245551278,1.0111016046006698,0.5065353523843459,0.5014055427255792,2.517696157963481,2.0162906152379017,1.65,12.0,highly_unreliable
mw64,4,exploratory_N50_step10,50,10,True,dynamic,0.01,1.5,1000,83,830,880,2019-07-05 11:53:17.350000+00:00,2019-07-05 13:57:12.870000+00:00,2019-07-05 12:59:57.930000+00:00,2019-07-05 12:59:57.930000+00:00,19.435802777777777,50,0.74,3.29,20652118,0.7896480846033846,1.71,8,ok,981,1.037198722242178,0.95804138278547,0.4802899226475977,0.5248383463017124,2.025898645754519,1.5010602994528064,1.49,16.0,highly_unreliable
mw64,4,exploratory_N50_step10,50,10,True,dynamic,0.01,1.5,1000,84,840,890,2019-07-05 12:13:52.630000+00:00,2019-07-05 14:26:13.480000+00:00,2019-07-05 13:29:05.930000+00:00,2019-07-05 13:29:05.930000+00:00,19.921358333333334,50,0.74,3.29,20652135,0.8843405866233227,1.06,36,ok,968,0.9524253844636619,0.8889905659980654,0.336940266826395,0.5020801375050811,1.7274631236677318,1.2253829861626508,1.28,24.5,exploratory
mw64,4,exploratory_N50_step10,50,10,True,dynamic,0.01,1.5,1000,85,850,900,2019-07-05 12:42:13.100000+00:00,2019-07-05 14:48:30.780000+00:00,2019-07-05 13:51:48.120000+00:00,2019-07-05 13:51:48.120000+00:00,20.299744444444446,50,0.41,2.67,20652152,0.917096332516612,1.09,28,ok,969,1.0533183178296388,0.9584329312670566,0.8258727200243412,0.606529889368387,1.8699465102820294,1.2634166209136424,1.205,22.0,highly_unreliable
mw64,4,exploratory_N50_step10,50,10,True,dynamic,0.01,1.5,1000,86,860,910,2019-07-05 13:14:32.790000+00:00,2019-07-05 15:07:07.990000+00:00,2019-07-05 14:19:40.710000+00:00,2019-07-05 14:19:40.710000+00:00,20.764352777777777,50,0.41,2.67,20652169,0.8782373534300902,1.2,21,ok,976,0.9855398852452761,0.8931125301631397,0.5852168797340017,0.6415101602653648,1.6770154415304757,1.0355052812651109,1.2,21.0,highly_unreliable
mw64,4,exploratory_N50_step10,50,10,True,dynamic,0.01,1.5,1000,87,870,920,2019-07-05 13:39:08.920000+00:00,2019-07-05 15:25:45.660000+00:00,2019-07-05 14:33:51.830000+00:00,2019-07-05 14:33:51.830000+00:00,21.000774999999997,50,0.41,2.65,20652186,0.9936128942440848,1.2,19,ok,982,1.0941482623136978,1.0029981847715046,0.4741697726778823,0.6921352958921434,2.1145134818951177,1.4223781860029743,1.2,20.0,highly_unreliable
mw64,4,exploratory_N50_step10,50,10,True,dynamic,0.01,1.5,1000,88,880,930,2019-07-05 13:57:16.650000+00:00,2019-07-05 15:46:03.630000+00:00,2019-07-05 14:57:20.320000+00:00,2019-07-05 14:57:20.320000+00:00,21.392022222222224,50,0.41,3.06,20652203,0.9494942811957485,0.97,29,ok,991,1.0695375001890914,0.93114175467846,0.8508868089754171,0.6292747155021696,2.184184166975322,1.5549094514731525,0.98,24.0,highly_unreliable
mw64,4,exploratory_N50_step10,50,10,True,dynamic,0.01,1.5,1000,89,890,940,2019-07-05 14:30:22.950000+00:00,2019-07-05 16:02:48.780000+00:00,2019-07-05 15:23:20.710000+00:00,2019-07-05 15:23:20.710000+00:00,21.825463888888887,50,0.41,3.06,20652220,0.8295099030882512,0.97,28,ok,989,0.9604877985427615,0.8726457835858006,0.3906238421644417,0.5961327169737943,1.8863267537341517,1.2901940367603575,0.99,23.0,highly_unreliable
mw64,4,exploratory_N50_step10,50,10,True,dynamic,0.01,1.5,1000,90,900,950,2019-07-05 14:48:42.230000+00:00,2019-07-05 16:23:09.910000+00:00,2019-07-05 15:40:31.050000+00:00,2019-07-05 15:40:31.050000+00:00,22.11166944444444,50,0.62,3.06,20652237,0.7801101652584581,0.97,29,ok,988,0.8963274987875605,0.808629111280527,0.3446038987465652,0.598342629686034,1.675841883279661,1.077499253593627,0.97,26.0,highly_unreliable
mw64,4,exploratory_N50_step10,50,10,True,dynamic,0.01,1.5,1000,91,910,960,2019-07-05 15:11:41.200000+00:00,2019-07-05 16:37:36.060000+00:00,2019-07-05 15:58:35.200000+00:00,2019-07-05 15:58:35.200000+00:00,22.412822222222225,50,0.62,3.06,20652254,0.7606052234940573,0.97,25,ok,990,0.8580790910590688,0.7866685653963867,0.3859980989900628,0.552828593637672,1.5457649080131959,0.9929363143755239,0.99,22.0,highly_unreliable
mw64,4,exploratory_N50_step10,50,10,True,dynamic,0.01,1.5,1000,92,920,970,2019-07-05 15:30:11.280000+00:00,2019-07-05 16:50:30.790000+00:00,2019-07-05 16:12:51.290000+00:00,2019-07-05 16:12:51.290000+00:00,22.650625,50,0.62,3.06,20652271,0.7711646202907542,0.99,22,ok,994,0.8179982443686441,0.7825337511956526,0.2403444473143625,0.5330912258789152,1.281132125414786,0.7480408995358708,1.01,20.0,highly_unreliable
mw64,4,exploratory_N50_step10,50,10,True,dynamic,0.01,1.5,1000,93,930,980,2019-07-05 15:52:51.250000+00:00,2019-07-05 17:12:02.240000+00:00,2019-07-05 16:31:15.670000+00:00,2019-07-05 16:31:15.670000+00:00,22.957397222222223,50,0.62,2.33,20652288,0.9413647966796931,1.01,22,ok,990,0.9623875167371544,0.9179964429959739,0.26558393974991773,0.6332575078314162,1.5885192747966426,0.9552617669652264,1.01,19.5,highly_unreliable
mw64,4,exploratory_N50_step10,50,10,True,dynamic,0.01,1.5,1000,94,940,990,2019-07-05 16:03:40.600000+00:00,2019-07-05 17:23:31.560000+00:00,2019-07-05 16:44:50.320000+00:00,2019-07-05 16:44:50.320000+00:00,23.183688888888888,50,0.59,2.33,20652305,1.007485732792324,1.01,23,ok,991,1.0049780936919166,0.969627956299781,0.22713167492734573,0.6851113304302142,1.530623966794408,0.8455126363641937,1.01,22.0,highly_unreliable
mw64,4,exploratory_N50_step10,50,10,True,dynamic,0.01,1.5,1000,95,950,1000,2019-07-05 16:26:11.120000+00:00,2019-07-05 17:38:54.040000+00:00,2019-07-05 17:07:38.800000+00:00,2019-07-05 17:07:38.800000+00:00,23.56382222222222,50,0.59,2.33,20652322,1.2853055898278458,1.01,24,ok,985,1.224450730724643,1.173840327124419,0.35769647598971255,0.72585725602905,2.019228506396443,1.293371250367393,1.01,21.0,highly_unreliable
mw64,4,exploratory_N50_step10,50,10,True,dynamic,0.01,1.5,1000,96,960,1010,2019-07-05 16:38:41.160000+00:00,2019-07-05 17:46:40.060000+00:00,2019-07-05 17:21:15.560000+00:00,2019-07-05 17:21:15.560000+00:00,23.7907,50,0.46,2.44,20652339,1.1791524729558,1.01,24,ok,991,1.0611677157575352,1.0219165181686027,0.29320605926127413,0.6101578793003065,1.8546534517923716,1.244495572492065,1.01,20.0,highly_unreliable
mw64,4,exploratory_N50_step10,50,10,True,dynamic,0.01,1.5,1000,97,970,1020,2019-07-05 16:54:37.150000+00:00,2019-07-05 18:04:59.440000+00:00,2019-07-05 17:35:54.960000+00:00,2019-07-05 17:35:54.960000+00:00,24.034977777777776,50,0.46,2.74,20652356,0.8386636816091487,1.01,28,ok,984,0.8628770631208035,0.8072122455908581,0.3058055363869448,0.5817409231063091,1.442113495770347,0.8603725726640379,1.01,24.0,highly_unreliable
mw64,4,exploratory_N50_step10,50,10,True,dynamic,0.01,1.5,1000,98,980,1030,2019-07-05 17:12:32.460000+00:00,2019-07-05 18:24:32.240000+00:00,2019-07-05 17:42:30.840000+00:00,2019-07-05 17:42:30.840000+00:00,24.144944444444445,50,0.46,2.74,20652373,0.8872514546414115,1.24,20,ok,988,0.8581238589231207,0.8132500907737161,0.2271042606719046,0.5989550265375152,1.3428586446776105,0.7439036181400953,1.025,25.0,highly_unreliable
mw64,4,exploratory_N50_step10,50,10,True,dynamic,0.01,1.5,1000,99,990,1040,2019-07-05 17:23:43.760000+00:00,2019-07-05 18:47:11.160000+00:00,2019-07-05 18:01:38.900000+00:00,2019-07-05 18:01:38.900000+00:00,24.46385,50,0.41,2.74,20652390,0.6634330433221848,0.9099999999999999,27,ok,983,0.7655558730640029,0.698879765083094,0.333588423047867,0.5187001202168368,1.4256888589891927,0.906988738772356,0.9099999999999999,25.0,highly_unreliable
mw64,4,exploratory_N50_step10,50,10,True,dynamic,0.01,1.5,1000,100,1000,1050,2019-07-05 17:39:28.260000+00:00,2019-07-05 18:59:42.640000+00:00,2019-07-05 18:16:37.760000+00:00,2019-07-05 18:16:37.760000+00:00,24.713533333333334,50,0.41,2.74,20652407,0.6396205184796386,0.9099999999999999,25,ok,990,0.7618142166317177,0.700490156865852,0.3360259985153,0.5113371950622386,1.3153920035325106,0.804054808470272,0.9099999999999999,24.0,highly_unreliable
mw64,4,exploratory_N50_step10,50,10,True,dynamic,0.01,1.5,1000,101,1010,1060,2019-07-05 17:52:42.620000+00:00,2019-07-05 19:11:31.760000+00:00,2019-07-05 18:34:47.880000+00:00,2019-07-05 18:34:47.880000+00:00,25.016344444444442,50,0.41,2.74,20652424,0.7336229881754617,0.75,40,ok,956,0.9149406120191355,0.800632618978717,0.588970749964682,0.587665478752246,1.888534416037381,1.300868937285135,1.05,24.0,exploratory
mw64,4,exploratory_N50_step10,50,10,True,dynamic,0.01,1.5,1000,102,1020,1070,2019-07-05 18:07:29.960000+00:00,2019-07-05 19:31:26.980000+00:00,2019-07-05 18:55:42.040000+00:00,2019-07-05 18:55:42.040000+00:00,25.364722222222223,50,0.39,2.39,20652441,1.0582608444063868,0.75,37,ok,981,1.1315947868924399,1.0434002921364331,0.3548046321710695,0.739088971273975,1.913073404535171,1.173984433261196,1.05,19.0,exploratory
mw64,4,exploratory_N50_step10,50,10,True,dynamic,0.01,1.5,1000,103,1030,1080,2019-07-05 18:25:42.600000+00:00,2019-07-05 19:48:27.520000+00:00,2019-07-05 19:06:32.840000+00:00,2019-07-05 19:06:32.840000+00:00,25.5455,50,0.39,2.39,20652458,0.966515483711497,0.75,39,ok,983,1.0473041860501373,0.9715050810628068,0.4759924226845012,0.6787375054487645,1.7422913863440057,1.0635538808952412,1.05,19.0,exploratory
mw64,4,exploratory_N50_step10,50,10,True,dynamic,0.01,1.5,1000,104,1040,1090,2019-07-05 18:47:44.480000+00:00,2019-07-05 20:04:05.840000+00:00,2019-07-05 19:20:54.680000+00:00,2019-07-05 19:20:54.680000+00:00,25.7849,50,0.39,2.14,20652475,1.1051346479480564,1.06,20,ok,988,1.1901857949086254,1.1076692130370018,0.6322226639941068,0.7759920200815278,1.9435285728578875,1.1675365527763597,1.16,16.0,highly_unreliable
mw64,4,exploratory_N50_step10,50,10,True,dynamic,0.01,1.5,1000,105,1050,1100,2019-07-05 19:00:48.320000+00:00,2019-07-05 20:18:46.400000+00:00,2019-07-05 19:38:46.040000+00:00,2019-07-05 19:38:46.040000+00:00,26.0825,50,0.39,2.14,20652492,1.1256642645233061,1.02,24,ok,976,1.2515513303878718,1.1179806172102653,0.9571461855748532,0.7529795752478219,2.2942101119544227,1.5412305367066008,1.06,21.0,highly_unreliable
mw64,4,exploratory_N50_step10,50,10,True,dynamic,0.01,1.5,1000,106,1060,1110,2019-07-05 19:11:51.420000+00:00,2019-07-05 20:38:58.280000+00:00,2019-07-05 19:54:00.840000+00:00,2019-07-05 19:54:00.840000+00:00,26.33661111111111,50,0.39,2.01,20652509,1.2115731844948252,1.02,23,ok,979,1.498838158943352,1.2805679036218676,1.1387883290361251,0.8590637637318825,5.115252244738137,4.256188481006255,1.06,21.0,highly_unreliable
mw64,4,exploratory_N50_step10,50,10,True,dynamic,0.01,1.5,1000,107,1070,1120,2019-07-05 19:32:09.820000+00:00,2019-07-05 20:55:55.800000+00:00,2019-07-05 20:10:20.560000+00:00,2019-07-05 20:10:20.560000+00:00,26.608755555555557,50,0.42,2.01,20652526,1.4010714442814687,1.3,12,ok,951,1.642864827725188,1.2253635223431483,1.9697055809463913,0.847949649700378,7.135590853566835,6.287641203866457,1.06,19.0,highly_unreliable
mw64,4,exploratory_N50_step10,50,10,True,dynamic,0.01,1.5,1000,108,1080,1130,2019-07-05 19:50:18.400000+00:00,2019-07-05 21:17:30.880000+00:00,2019-07-05 20:31:59.880000+00:00,2019-07-05 20:31:59.880000+00:00,26.969677777777775,50,0.42,2.99,20652543,0.9031242421247841,0.7,39,ok,968,1.101759788693882,0.9234492252807065,1.5191274204396696,0.5881339700143634,2.3481095849522897,1.7599756149379262,1.03,20.0,exploratory
mw64,4,exploratory_N50_step10,50,10,True,dynamic,0.01,1.5,1000,109,1090,1140,2019-07-05 20:04:21.560000+00:00,2019-07-05 21:30:12.060000+00:00,2019-07-05 20:50:18.240000+00:00,2019-07-05 20:50:18.240000+00:00,27.27477777777778,50,0.4,2.99,20652560,0.9016818319375314,1.04,21,ok,968,1.0650975650105652,0.8972257597268659,1.102738442388195,0.6327045136278129,2.7862334644714024,2.1535289508435893,1.04,22.0,highly_unreliable
mw64,4,exploratory_N50_step10,50,10,True,dynamic,0.01,1.5,1000,110,1100,1150,2019-07-05 20:22:06.280000+00:00,2019-07-05 21:49:05.220000+00:00,2019-07-05 21:10:52.200000+00:00,2019-07-05 21:10:52.200000+00:00,27.617544444444444,50,0.4,2.99,20652577,0.8231621033830547,1.04,23,ok,984,0.882791731054791,0.8180329609559347,0.32869961786592555,0.5723933819690377,1.601879038214547,1.0294856562455093,1.04,23.0,highly_unreliable
mw64,4,exploratory_N50_step10,50,10,True,dynamic,0.01,1.5,1000,111,1110,1160,2019-07-05 20:39:41.380000+00:00,2019-07-05 22:06:08.360000+00:00,2019-07-05 21:27:35.640000+00:00,2019-07-05 21:27:35.640000+00:00,27.89627777777778,50,0.4,2.99,20652594,0.6911994416330018,0.78,33,ok,986,0.8315896514420551,0.7297581628636866,0.46513758199805394,0.5294611196723148,1.9777607097154526,1.448299590043138,0.96,23.0,exploratory
mw64,4,exploratory_N50_step10,50,10,True,dynamic,0.01,1.5,1000,112,1120,1170,2019-07-05 20:56:56.040000+00:00,2019-07-05 22:29:31.280000+00:00,2019-07-05 21:39:26.680000+00:00,2019-07-05 21:39:26.680000+00:00,28.093788888888888,50,0.4,2.99,20652611,0.6763343300689977,0.8600000000000001,35,ok,971,0.7753119890110761,0.7070698778375022,0.2702813554436205,0.521195438888173,1.4783388170208598,0.9571433781326868,1.1,24.0,exploratory
mw64,4,exploratory_N50_step10,50,10,True,dynamic,0.01,1.5,1000,113,1130,1180,2019-07-05 21:18:16.880000+00:00,2019-07-05 22:48:30.320000+00:00,2019-07-05 21:59:28.360000+00:00,2019-07-05 21:59:28.360000+00:00,28.42758888888889,50,0.38,2.98,20652628,0.7458792703108421,0.8600000000000001,33,ok,970,0.830138744430054,0.7579502709510217,0.4701706903191334,0.5521775672132411,1.5704280752313844,1.0182505080181432,1.1,22.0,exploratory
mw64,4,exploratory_N50_step10,50,10,True,dynamic,0.01,1.5,1000,114,1140,1190,2019-07-05 21:31:21.840000+00:00,2019-07-05 23:11:54.460000+00:00,2019-07-05 22:21:58.120000+00:00,2019-07-05 22:21:58.120000+00:00,28.802522222222223,50,0.38,2.98,20652645,0.6787596320696475,0.8500000000000001,33,ok,988,0.7428650327011659,0.6829331597388162,0.3481739559332034,0.5106174145952077,1.2467715512835154,0.7361541366883076,1.02,25.0,exploratory
mw64,4,exploratory_N50_step10,50,10,True,dynamic,0.01,1.5,1000,115,1150,1200,2019-07-05 21:53:00.460000+00:00,2019-07-05 23:30:13.340000+00:00,2019-07-05 22:37:54.520000+00:00,2019-07-05 22:37:54.520000+00:00,29.068188888888887,50,0.38,2.98,20652662,0.7759540302240087,0.8500000000000001,34,ok,982,0.8229482167313823,0.756077543715673,0.4036665892921698,0.5311976374027046,1.4112850180405494,0.8800873806378448,1.09,22.0,exploratory
mw64,4,exploratory_N50_step10,50,10,True,dynamic,0.01,1.5,1000,116,1160,1210,2019-07-05 22:07:28+00:00,2019-07-05 23:43:00.640000+00:00,2019-07-05 23:03:13.440000+00:00,2019-07-05 23:03:13.440000+00:00,29.49011111111111,50,0.38,2.98,20652679,0.7504195028850927,1.25,16,ok,991,0.8056623093481211,0.7504195028850927,0.2927696378538221,0.532528936654151,1.3593931187695036,0.8268641821153526,1.23,19.0,highly_unreliable
mw64,4,exploratory_N50_step10,50,10,True,dynamic,0.01,1.5,1000,117,1170,1220,2019-07-05 22:30:20.580000+00:00,2019-07-06 00:03:09.760000+00:00,2019-07-05 23:24:13.600000+00:00,2019-07-05 23:24:13.600000+00:00,29.840155555555555,50,0.38,2.69,20652696,0.7858012934137357,0.94,26,ok,989,0.8456190966443891,0.7847963497629635,0.3464338179490874,0.5698973535170382,1.3779413148981607,0.8080439613811226,0.94,22.0,highly_unreliable
mw64,4,exploratory_N50_step10,50,10,True,dynamic,0.01,1.5,1000,118,1180,1230,2019-07-05 22:48:56.560000+00:00,2019-07-06 00:31:57.720000+00:00,2019-07-05 23:39:53.720000+00:00,2019-07-05 23:39:53.720000+00:00,30.1013,50,0.49,2.69,20652713,0.9200351784059725,1.25,17,ok,996,0.9475465245432373,0.9029915077749887,0.2541241737585406,0.6430157705874983,1.4825183020838493,0.839502531496351,1.24,21.0,highly_unreliable
mw64,4,exploratory_N50_step10,50,10,True,dynamic,0.01,1.5,1000,119,1190,1240,2019-07-05 23:12:20.600000+00:00,2019-07-06 00:58:35.490000+00:00,2019-07-05 23:56:50.640000+00:00,2019-07-05 23:56:50.640000+00:00,30.38377777777778,50,0.49,3.12,20652730,0.9844429758348447,0.94,34,ok,992,0.9386776369523142,0.9048128977397113,0.38206001746898693,0.5908859610520314,1.4112507798632326,0.8203648188112012,0.97,26.0,exploratory
mw64,4,exploratory_N50_step10,50,10,True,dynamic,0.01,1.5,1000,120,1200,1250,2019-07-05 23:33:56.380000+00:00,2019-07-06 01:20:38.890000+00:00,2019-07-06 00:11:59.070000+00:00,2019-07-06 00:11:59.070000+00:00,30.636119444444443,50,0.49,3.12,20652747,0.9507323550587151,0.94,33,ok,987,0.9783768071480672,0.9081368376452683,0.5129102391249083,0.6072662023207408,1.678421678788332,1.0711554764675912,0.94,30.0,exploratory
mw64,4,exploratory_N50_step10,50,10,True,dynamic,0.01,1.5,1000,121,1210,1260,2019-07-05 23:44:26.640000+00:00,2019-07-06 01:41:28.930000+00:00,2019-07-06 00:46:54.320000+00:00,2019-07-06 00:46:54.320000+00:00,31.218133333333334,50,0.49,3.12,20652764,0.9462127697776931,0.94,35,ok,976,0.8738302976121692,0.8244281487917972,0.3088447279040036,0.5607758427594043,1.3771919070283751,0.8164160642689708,1.17,19.0,exploratory
mw64,4,exploratory_N50_step10,50,10,True,dynamic,0.01,1.5,1000,122,1220,1270,2019-07-06 00:04:22.800000+00:00,2019-07-06 01:53:30.410000+00:00,2019-07-06 01:16:47.620000+00:00,2019-07-06 01:16:47.620000+00:00,31.716272222222223,50,0.57,3.12,20652781,0.7540647575899516,1.1,21,ok,986,0.8365902917720677,0.7934958425942145,0.28899048061284327,0.5213417888631878,1.3666442713467863,0.8453024824835985,1.17,18.0,highly_unreliable
mw64,4,exploratory_N50_step10,50,10,True,dynamic,0.01,1.5,1000,123,1230,1280,2019-07-06 00:36:47.320000+00:00,2019-07-06 02:10:02.780000+00:00,2019-07-06 01:38:31.660000+00:00,2019-07-06 01:38:31.660000+00:00,32.07850555555555,50,0.57,3.12,20652798,0.7920483636097245,1.17,18,ok,976,0.8426541094226657,0.7941774194160734,0.25942995555444,0.5130163695378571,1.4218638641956927,0.9088474946578355,1.1300000000000001,19.0,highly_unreliable
mw64,4,exploratory_N50_step10,50,10,True,dynamic,0.01,1.5,1000,124,1240,1290,2019-07-06 01:03:08.620000+00:00,2019-07-06 02:41:38.260000+00:00,2019-07-06 01:48:56.860000+00:00,2019-07-06 01:48:56.860000+00:00,32.25217222222222,50,0.57,2.77,20652815,0.8563306222919709,1.04,23,ok,980,0.919139986331518,0.8668635453249537,0.44395398786839463,0.5936197227270346,1.4333774109923578,0.8397576882653233,1.1,21.0,highly_unreliable
mw64,4,exploratory_N50_step10,50,10,True,dynamic,0.01,1.5,1000,125,1250,1300,2019-07-06 01:21:46.090000+00:00,2019-07-06 02:56:16.250000+00:00,2019-07-06 02:06:26.900000+00:00,2019-07-06 02:06:26.900000+00:00,32.54385,50,0.48,2.77,20652832,0.9375092421453743,1.04,23,ok,978,0.9462702104014489,0.8847304497434705,0.575144696632151,0.5887080948834147,1.5610538732963934,0.9723457784129788,1.08,20.0,highly_unreliable
mw64,4,exploratory_N50_step10,50,10,True,dynamic,0.01,1.5,1000,126,1260,1310,2019-07-06 01:43:33.070000+00:00,2019-07-06 03:15:32.540000+00:00,2019-07-06 02:27:50.210000+00:00,2019-07-06 02:27:50.210000+00:00,32.900325,50,0.48,2.77,20652849,1.0417614422236554,1.04,21,ok,988,1.0867366257190094,1.0041938294140604,0.6384782832080191,0.5616119339363947,2.004473237556992,1.442861303620597,1.04,19.5,highly_unreliable
mw71,4,primary_N100_step20,100,20,False,dynamic,0.01,1.5,1000,0,0,100,2019-07-04 17:36:59.360000+00:00,2019-07-05 11:35:22.800000+00:00,2019-07-05 07:29:30+00:00,2019-07-05 07:29:30+00:00,13.928044444444444,100,0.35,3.99,20700707,0.4759439215976771,1.38,60,ok,989,0.5348896058380954,0.4943996267077433,0.1627207813728479,0.3620508575999752,1.0180512303181635,0.6560003727181882,1.38,57.0,usable_but_moderately_uncertain
mw71,4,primary_N100_step20,100,20,False,dynamic,0.01,1.5,1000,1,20,120,2019-07-05 01:09:49.050000+00:00,2019-07-05 11:50:20.880000+00:00,2019-07-05 11:15:06.290000+00:00,2019-07-05 11:15:06.290000+00:00,17.688125,100,0.35,3.91,20700724,0.5720425966730405,1.44,57,ok,980,0.6628373859782529,0.574029814670763,1.611605247941134,0.3943080143405435,1.0749257073184622,0.6806176929779186,1.47,52.0,usable_but_moderately_uncertain
mw71,4,primary_N100_step20,100,20,False,dynamic,0.01,1.5,1000,2,40,140,2019-07-05 05:30:43.970000+00:00,2019-07-05 12:09:18.570000+00:00,2019-07-05 11:31:31.030000+00:00,2019-07-05 11:31:31.030000+00:00,17.96166388888889,100,0.53,3.91,20700741,0.6300554946144805,1.27,65,ok,999,0.6586960934335273,0.6342984140065814,0.15858888733474918,0.47934615634809286,0.9705193605129832,0.4911732041648903,1.3699999999999999,57.0,usable_but_moderately_uncertain
mw71,4,primary_N100_step20,100,20,False,dynamic,0.01,1.5,1000,3,60,160,2019-07-05 09:38:46.470000+00:00,2019-07-05 12:38:29.750000+00:00,2019-07-05 11:41:52.620000+00:00,2019-07-05 11:41:52.620000+00:00,18.134327777777777,100,0.68,4.42,20700758,0.6263110962627099,1.27,70,ok,999,0.641821423055746,0.631307071250903,0.12475154327541228,0.4788631202046075,0.8562189073997944,0.377355787195187,1.43,58.0,usable_but_moderately_uncertain
mw71,4,primary_N100_step20,100,20,False,dynamic,0.01,1.5,1000,4,80,180,2019-07-05 11:20:55.260000+00:00,2019-07-05 12:53:40.550000+00:00,2019-07-05 11:58:17.650000+00:00,2019-07-05 11:58:17.650000+00:00,18.407947222222223,100,0.68,4.42,20700775,0.8559637045214464,1.43,46,ok,997,0.8579458601384373,0.841501103350919,0.17907978462487575,0.5828285132627709,1.2099064752363506,0.6270779619735798,1.43,48.0,exploratory
mw71,4,primary_N100_step20,100,20,False,dynamic,0.01,1.5,1000,5,100,200,2019-07-05 11:36:03.500000+00:00,2019-07-05 13:22:08.960000+00:00,2019-07-05 12:18:10.520000+00:00,2019-07-05 12:18:10.520000+00:00,18.7393,100,0.68,4.42,20700792,0.9060141398042696,1.27,55,ok,998,0.8891699957863564,0.8755413180186886,0.1865278277377691,0.5161428391610402,1.2988713699346732,0.782728530773633,1.27,51.0,usable_but_moderately_uncertain
mw71,4,primary_N100_step20,100,20,False,dynamic,0.01,1.5,1000,6,120,220,2019-07-05 11:50:45.270000+00:00,2019-07-05 13:54:29.890000+00:00,2019-07-05 12:45:54.310000+00:00,2019-07-05 12:45:54.310000+00:00,19.20146388888889,100,0.68,4.42,20700809,0.8876400589694432,1.27,49,ok,999,0.9161792494425361,0.8995164496651991,0.1847761788213952,0.6025916169197726,1.3359882141660633,0.7333965972462907,1.27,44.0,exploratory
mw71,4,primary_N100_step20,100,20,False,dynamic,0.01,1.5,1000,7,140,240,2019-07-05 12:10:18.900000+00:00,2019-07-05 14:25:34.130000+00:00,2019-07-05 13:08:08.050000+00:00,2019-07-05 13:08:08.050000+00:00,19.57194722222222,100,0.68,4.42,20700826,0.8697933934064289,1.43,37,ok,993,0.8610871109151079,0.835378350930479,0.20503762959172123,0.5738728641475973,1.2785152860058708,0.7046424218582735,1.43,41.0,exploratory
mw71,4,primary_N100_step20,100,20,False,dynamic,0.01,1.5,1000,8,160,260,2019-07-05 12:39:43.480000+00:00,2019-07-05 15:15:44.560000+00:00,2019-07-05 13:34:37.830000+00:00,2019-07-05 13:34:37.830000+00:00,20.013552777777775,100,0.43,2.89,20700843,0.8555324389256358,1.05,68,ok,992,0.9275955295377701,0.900559963825976,0.16748028834894998,0.7060880097043358,1.3234371646412573,0.6173491549369214,1.2,48.0,usable_but_moderately_uncertain
mw71,4,primary_N100_step20,100,20,False,dynamic,0.01,1.5,1000,9,180,280,2019-07-05 12:54:33.800000+00:00,2019-07-05 16:00:23.400000+00:00,2019-07-05 14:13:49.850000+00:00,2019-07-05 14:13:49.850000+00:00,20.666891666666665,100,0.43,2.89,20700860,0.9808055111569883,1.05,64,ok,999,1.0130743058929121,0.9836956082203254,0.1805961197008143,0.753794779250967,1.4369536897728545,0.6831589105218875,1.2,43.0,usable_but_moderately_uncertain
mw71,4,primary_N100_step20,100,20,False,dynamic,0.01,1.5,1000,10,200,300,2019-07-05 13:23:33.500000+00:00,2019-07-05 17:03:35.800000+00:00,2019-07-05 14:53:44.420000+00:00,2019-07-05 14:53:44.420000+00:00,21.332050000000002,100,0.41,2.74,20700877,0.8615405087017906,1.05,56,ok,987,0.9432870202258071,0.8663076110610202,0.5550156956822627,0.6740425446280979,1.4474542853505397,0.7734117407224418,1.19,42.0,usable_but_moderately_uncertain
mw71,4,primary_N100_step20,100,20,False,dynamic,0.01,1.5,1000,11,220,320,2019-07-05 13:54:55.200000+00:00,2019-07-05 17:35:34.980000+00:00,2019-07-05 15:32:57.860000+00:00,2019-07-05 15:32:57.860000+00:00,21.985783333333334,100,0.41,2.74,20700894,0.8223295108784672,0.8899999999999999,70,ok,978,0.925174657819007,0.8348427711186857,1.0422255430240692,0.6670308297665426,1.2913802470726143,0.6243494173060717,1.2,40.0,usable_but_moderately_uncertain
mw71,4,primary_N100_step20,100,20,False,dynamic,0.01,1.5,1000,12,240,340,2019-07-05 14:35:41.820000+00:00,2019-07-05 18:19:54.440000+00:00,2019-07-05 16:32:14.210000+00:00,2019-07-05 16:32:14.210000+00:00,22.973658333333333,100,0.41,3.68,20700911,0.783987967679924,0.8899999999999999,68,ok,979,0.8310498522789114,0.8042720255413995,0.20130796730696912,0.6081001845461554,1.2059069304134171,0.5978067458672617,1.06,51.0,usable_but_moderately_uncertain
mw71,4,primary_N100_step20,100,20,False,dynamic,0.01,1.5,1000,13,260,360,2019-07-05 15:21:21.640000+00:00,2019-07-05 19:15:48.240000+00:00,2019-07-05 17:19:16.800000+00:00,2019-07-05 17:19:16.800000+00:00,23.75771111111111,100,0.41,3.68,20700928,0.832243424245895,0.99,54,ok,990,0.824480940920009,0.8051856982946739,0.1880367449659716,0.614581825054213,1.1141657133376053,0.4995838882833923,0.99,54.0,usable_but_moderately_uncertain
mw71,4,primary_N100_step20,100,20,False,dynamic,0.01,1.5,1000,14,280,380,2019-07-05 16:06:20.100000+00:00,2019-07-05 20:50:37.480000+00:00,2019-07-05 18:02:30.200000+00:00,2019-07-05 18:02:30.200000+00:00,24.4781,100,0.4,3.68,20700945,0.749299046539257,0.99,52,ok,990,0.7847235029530439,0.7334778516410321,0.9539430599154348,0.5747242506698437,1.0447503498690769,0.4700260991992332,0.99,52.0,usable_but_moderately_uncertain
mw71,4,primary_N100_step20,100,20,False,dynamic,0.01,1.5,1000,15,300,400,2019-07-05 17:05:28.440000+00:00,2019-07-05 22:16:53.640000+00:00,2019-07-05 18:52:12.720000+00:00,2019-07-05 18:52:12.720000+00:00,25.306577777777775,100,0.4,3.68,20700962,0.7466564685354378,0.74,78,ok,991,0.8071353523318185,0.7837105574982204,0.18544239401336543,0.5865729087861535,1.1246476380399708,0.5380747292538173,1.025,50.0,usable_but_moderately_uncertain
mw71,4,primary_N100_step20,100,20,False,dynamic,0.01,1.5,1000,16,320,420,2019-07-05 17:36:27.760000+00:00,2019-07-05 23:00:01.920000+00:00,2019-07-05 19:57:13.160000+00:00,2019-07-05 19:57:13.160000+00:00,26.39003333333333,100,0.4,3.68,20700979,0.7139248140351983,1.5999999999999999,18,ok,999,0.7506932713316395,0.7314606285667044,0.1626492369174952,0.5375948521516852,1.0383220394754682,0.500727187323783,1.04,48.0,highly_unreliable
mw71,4,primary_N100_step20,100,20,False,dynamic,0.01,1.5,1000,17,340,440,2019-07-05 18:20:05.280000+00:00,2019-07-06 00:01:47.530000+00:00,2019-07-05 21:40:12.320000+00:00,2019-07-05 21:40:12.320000+00:00,28.106466666666666,100,0.16,3.17,20700996,0.6897357496696109,1.5999999999999999,15,ok,1000,0.7887867657384711,0.7844183418006694,0.15516433001202737,0.5196493864899772,1.0887773276960073,0.5691279412060302,1.11,37.0,highly_unreliable
mw71,4,primary_N100_step20,100,20,False,dynamic,0.01,1.5,1000,18,360,460,2019-07-05 19:16:21.640000+00:00,2019-07-06 00:45:30.770000+00:00,2019-07-05 22:42:26+00:00,2019-07-05 22:42:26+00:00,29.143600000000003,100,0.16,3.17,20701013,0.5870822660680917,1.5999999999999999,21,ok,999,0.6465457321459734,0.6377779982511301,0.1763837659695662,0.449825819705134,0.8765108856896526,0.4266850659845186,1.23,39.0,highly_unreliable
mw71,4,primary_N100_step20,100,20,False,dynamic,0.01,1.5,1000,19,380,480,2019-07-05 21:01:51+00:00,2019-07-06 01:18:14.600000+00:00,2019-07-05 23:19:45.680000+00:00,2019-07-05 23:19:45.680000+00:00,29.765733333333333,100,0.16,4.05,20701030,0.477033059998579,1.41,24,ok,996,0.5945033248386336,0.5940190835636461,0.12488291774679684,0.39548665794148996,0.8675838626658104,0.4720972047243205,1.24,39.0,highly_unreliable
mw71,4,primary_N100_step20,100,20,False,dynamic,0.01,1.5,1000,20,400,500,2019-07-05 22:19:28.800000+00:00,2019-07-06 02:35:18.750000+00:00,2019-07-06 00:23:03.850000+00:00,2019-07-06 00:23:03.850000+00:00,30.820780555555555,100,0.16,4.05,20701047,0.6434110005409903,1.14,41,ok,999,0.6450591216849859,0.6390154956228973,0.1681224621875882,0.4155143382763692,0.8951157886920028,0.4796014504156336,1.14,41.0,exploratory
mw71,4,exploratory_N50_step10,50,10,True,dynamic,0.01,1.5,1000,0,0,50,2019-07-04 17:36:59.360000+00:00,2019-07-05 07:22:17.360000+00:00,2019-07-05 02:22:59.210000+00:00,2019-07-05 02:22:59.210000+00:00,8.819491666666666,50,0.35,3.99,20700707,0.4331515044815503,1.03,34,ok,978,0.4524469114908881,0.42459298221469904,0.13279818129653012,0.3142746645665047,0.7950182002563658,0.4807435356898611,1.38,23.0,exploratory
mw71,4,exploratory_N50_step10,50,10,True,dynamic,0.01,1.5,1000,1,10,60,2019-07-04 23:47:59.360000+00:00,2019-07-05 09:26:25.730000+00:00,2019-07-05 04:11:33.170000+00:00,2019-07-05 04:11:33.170000+00:00,10.628924999999999,50,0.35,3.99,20700724,0.47478005392934197,0.81,38,ok,982,0.5049308835457772,0.48268418030253724,0.12583708000931354,0.350760060396784,0.7770505369246642,0.4262904765278802,1.03,28.0,exploratory
mw71,4,exploratory_N50_step10,50,10,True,dynamic,0.01,1.5,1000,2,20,70,2019-07-05 01:09:49.050000+00:00,2019-07-05 11:13:40.290000+00:00,2019-07-05 06:32:45.270000+00:00,2019-07-05 06:32:45.270000+00:00,12.982286111111112,50,0.35,3.91,20700741,0.391213750460434,0.81,39,ok,933,0.4807965309409001,0.4090716102154456,0.37617682601521574,0.31266675279567446,1.1281010409689083,0.8154342881732338,1.03,29.0,exploratory
mw71,4,exploratory_N50_step10,50,10,True,dynamic,0.01,1.5,1000,3,30,80,2019-07-05 03:10:40.140000+00:00,2019-07-05 11:20:24.570000+00:00,2019-07-05 08:38:40.760000+00:00,2019-07-05 08:38:40.760000+00:00,15.081033333333334,50,0.35,3.91,20700758,0.3691899505853422,0.9099999999999999,37,ok,971,0.5610218747145931,0.4240007699342344,0.39001645454257255,0.3093027478671684,1.3062717858702673,0.9969690380030989,1.08,30.0,exploratory
mw71,4,exploratory_N50_step10,50,10,True,dynamic,0.01,1.5,1000,4,40,90,2019-07-05 05:30:43.970000+00:00,2019-07-05 11:30:22.840000+00:00,2019-07-05 11:10:30.790000+00:00,2019-07-05 11:10:30.790000+00:00,17.611597222222223,50,0.53,3.91,20700775,0.40426639959730537,0.9099999999999999,42,ok,980,0.613038819588627,0.5217864350464971,0.33958385692380716,0.3442389479728987,1.563404202651378,1.2191652546784792,1.38,29.0,exploratory
mw71,4,exploratory_N50_step10,50,10,True,dynamic,0.01,1.5,1000,5,50,100,2019-07-05 07:29:30+00:00,2019-07-05 11:35:22.800000+00:00,2019-07-05 11:16:52.100000+00:00,2019-07-05 11:16:52.100000+00:00,17.717516666666665,50,0.61,3.91,20700792,0.6590331043750213,1.96,20,ok,975,0.7321191284262867,0.6423535897283219,0.6518408513407377,0.38659421261722976,1.538100648634434,1.1515064360172043,1.96,21.0,highly_unreliable
mw71,4,exploratory_N50_step10,50,10,True,dynamic,0.01,1.5,1000,6,60,110,2019-07-05 09:38:46.470000+00:00,2019-07-05 11:41:05.710000+00:00,2019-07-05 11:26:34.960000+00:00,2019-07-05 11:26:34.960000+00:00,17.87942222222222,50,0.98,3.91,20700809,0.6446844980321811,1.73,30,ok,973,0.7268979854152514,0.6233573027397199,0.8289282014069355,0.4578819658883151,1.3834392000799913,0.9255572341916762,1.76,25.0,exploratory
mw71,4,exploratory_N50_step10,50,10,True,dynamic,0.01,1.5,1000,7,70,120,2019-07-05 11:15:06.290000+00:00,2019-07-05 11:50:20.880000+00:00,2019-07-05 11:34:14.760000+00:00,2019-07-05 11:34:14.760000+00:00,18.007144444444446,50,0.98,3.42,20700826,0.8005654924512983,2.15,8,ok,970,0.8882895431049572,0.8166199619688634,0.44786516332112375,0.5654328733039783,1.5344510189655345,0.9690181456615562,1.73,24.0,highly_unreliable
mw71,4,exploratory_N50_step10,50,10,True,dynamic,0.01,1.5,1000,8,80,130,2019-07-05 11:20:55.260000+00:00,2019-07-05 11:57:20.880000+00:00,2019-07-05 11:39:50.480000+00:00,2019-07-05 11:39:50.480000+00:00,18.1004,50,0.68,3.42,20700843,0.9936627512299736,1.47,24,ok,979,1.0569770923256379,0.9497872177019105,0.7895184188021744,0.5756119823764559,1.919473843639418,1.3438618612629623,1.47,23.0,highly_unreliable
mw71,4,exploratory_N50_step10,50,10,True,dynamic,0.01,1.5,1000,9,90,140,2019-07-05 11:31:31.030000+00:00,2019-07-05 12:09:18.570000+00:00,2019-07-05 11:45:30.890000+00:00,2019-07-05 11:45:30.890000+00:00,18.194958333333332,50,0.68,3.42,20700860,1.0387209199504084,1.27,32,ok,986,1.0345420971017572,0.9790258194207491,0.36758080954474226,0.5832034485432721,1.7300554345437835,1.1468519860005113,1.43,22.0,exploratory
mw71,4,exploratory_N50_step10,50,10,True,dynamic,0.01,1.5,1000,10,100,150,2019-07-05 11:36:03.500000+00:00,2019-07-05 12:16:51.320000+00:00,2019-07-05 11:54:57.980000+00:00,2019-07-05 11:54:57.980000+00:00,18.352483333333335,50,0.68,3.42,20700877,1.1260117306858541,1.27,28,ok,981,1.1580020560051383,1.0532622057006604,0.7476581063747262,0.5202359827836571,2.2524879823931983,1.7322519996095411,1.3499999999999999,22.0,highly_unreliable
mw71,4,exploratory_N50_step10,50,10,True,dynamic,0.01,1.5,1000,11,110,160,2019-07-05 11:41:52.620000+00:00,2019-07-05 12:38:29.750000+00:00,2019-07-05 12:03:11.090000+00:00,2019-07-05 12:03:11.090000+00:00,18.489458333333335,50,0.68,4.42,20700894,0.9888042303195214,1.27,26,ok,988,1.0285767605881482,0.959048868810097,0.43579908145248336,0.4319629099895003,1.9146007304068964,1.482637820417396,1.27,23.0,highly_unreliable
mw71,4,exploratory_N50_step10,50,10,True,dynamic,0.01,1.5,1000,12,120,170,2019-07-05 11:50:45.270000+00:00,2019-07-05 12:45:38.140000+00:00,2019-07-05 12:13:29.180000+00:00,2019-07-05 12:13:29.180000+00:00,18.66115,50,0.68,4.42,20700911,0.781360473833659,1.27,24,ok,983,0.8598310535228666,0.8064922263123979,0.41787359686861286,0.4403065026776482,1.4640550428797143,1.023748540202066,1.27,22.0,highly_unreliable
mw71,4,exploratory_N50_step10,50,10,True,dynamic,0.01,1.5,1000,13,130,180,2019-07-05 11:58:17.650000+00:00,2019-07-05 12:53:40.550000+00:00,2019-07-05 12:29:34.530000+00:00,2019-07-05 12:29:34.530000+00:00,18.929302777777778,50,0.77,4.42,20700928,0.7311527602209712,1.43,20,ok,990,0.7629998572069181,0.7173889248210497,0.3383446269314731,0.4282665733085633,1.2969611211609404,0.8686945478523771,1.43,22.0,highly_unreliable
mw71,4,exploratory_N50_step10,50,10,True,dynamic,0.01,1.5,1000,14,140,190,2019-07-05 12:10:18.900000+00:00,2019-07-05 13:07:03.730000+00:00,2019-07-05 12:43:46.300000+00:00,2019-07-05 12:43:46.300000+00:00,19.165905555555554,50,0.83,4.42,20700945,0.8527795379464705,1.43,21,ok,989,0.8435276719429635,0.7825337511956526,0.49834874614410546,0.41549161830661596,1.592429248181338,1.176937629874722,1.43,23.0,highly_unreliable
mw71,4,exploratory_N50_step10,50,10,True,dynamic,0.01,1.5,1000,15,150,200,2019-07-05 12:18:10.520000+00:00,2019-07-05 13:22:08.960000+00:00,2019-07-05 12:50:00.110000+00:00,2019-07-05 12:50:00.110000+00:00,19.26974166666667,50,0.83,4.42,20700962,0.7178584627123376,1.3599999999999999,22,ok,988,0.7509562767621268,0.724377518046182,0.22992473739738672,0.3879940534397179,1.2675429531901157,0.8795488997503977,1.3599999999999999,21.0,highly_unreliable
mw71,4,exploratory_N50_step10,50,10,True,dynamic,0.01,1.5,1000,16,160,210,2019-07-05 12:39:43.480000+00:00,2019-07-05 13:34:10.880000+00:00,2019-07-05 13:04:01.930000+00:00,2019-07-05 13:04:01.930000+00:00,19.503580555555555,50,0.85,2.89,20700979,0.8578014445420683,1.3599999999999999,23,ok,986,1.0307889512536375,0.8801242296623429,1.470586783287668,0.6150363123120178,1.5642755010060088,0.9492391886939909,1.3599999999999999,21.0,highly_unreliable
mw71,4,exploratory_N50_step10,50,10,True,dynamic,0.01,1.5,1000,17,170,220,2019-07-05 12:45:54.310000+00:00,2019-07-05 13:54:29.890000+00:00,2019-07-05 13:15:30.580000+00:00,2019-07-05 13:15:30.580000+00:00,19.69487222222222,50,0.84,2.89,20700996,1.0088594923075316,1.3599999999999999,20,ok,978,1.1073548644985995,1.0263849956565936,0.38524839554168033,0.6626395652312944,2.036397001943583,1.3737574367122887,1.43,18.0,highly_unreliable
mw71,4,exploratory_N50_step10,50,10,True,dynamic,0.01,1.5,1000,18,180,230,2019-07-05 12:54:33.800000+00:00,2019-07-05 14:10:54.210000+00:00,2019-07-05 13:27:04.370000+00:00,2019-07-05 13:27:04.370000+00:00,19.887591666666665,50,0.76,2.89,20701013,0.9065996819009834,1.05,37,ok,982,1.020502824244222,0.9641645838732075,0.336306733871029,0.6892850866516461,1.6786084960698815,0.9893234094182354,1.26,24.5,exploratory
mw71,4,exploratory_N50_step10,50,10,True,dynamic,0.01,1.5,1000,19,190,240,2019-07-05 13:08:08.050000+00:00,2019-07-05 14:25:34.130000+00:00,2019-07-05 13:43:47.470000+00:00,2019-07-05 13:43:47.470000+00:00,20.166230555555554,50,0.68,2.89,20701030,0.9127365336292876,1.05,36,ok,988,0.9408432475779582,0.9066480410916472,0.2146823950666182,0.645970064735156,1.4777626441824538,0.8317925794472979,1.19,26.0,exploratory
mw71,4,exploratory_N50_step10,50,10,True,dynamic,0.01,1.5,1000,20,200,250,2019-07-05 13:23:33.500000+00:00,2019-07-05 14:50:27.550000+00:00,2019-07-05 14:05:04.460000+00:00,2019-07-05 14:05:04.460000+00:00,20.52095,50,0.43,2.74,20701047,0.8773924307505152,1.05,29,ok,992,0.9167817278320579,0.8836062490806452,0.22068686951351668,0.6295962979232774,1.4426718012232158,0.8130755032999384,1.18,22.0,highly_unreliable
mw71,4,exploratory_N50_step10,50,10,True,dynamic,0.01,1.5,1000,21,210,260,2019-07-05 13:34:37.830000+00:00,2019-07-05 15:15:44.560000+00:00,2019-07-05 14:20:48.200000+00:00,2019-07-05 14:20:48.200000+00:00,20.7831,50,0.43,2.74,20701064,0.8765070099370119,1.18,20,ok,986,0.9439853134096025,0.8981078170378539,0.28684375736764756,0.6176442585116375,1.556421859969451,0.9387776014578135,1.18,20.0,highly_unreliable
mw71,4,exploratory_N50_step10,50,10,True,dynamic,0.01,1.5,1000,22,220,270,2019-07-05 13:54:55.200000+00:00,2019-07-05 15:31:37.350000+00:00,2019-07-05 14:42:33.800000+00:00,2019-07-05 14:42:33.800000+00:00,21.145766666666667,50,0.43,2.74,20701081,0.9237267899702739,1.05,29,ok,981,0.9350764620166038,0.8729831258895969,0.38706864946654534,0.6298287204497073,1.4568445558473775,0.8270158353976702,1.2,19.0,highly_unreliable
mw71,4,exploratory_N50_step10,50,10,True,dynamic,0.01,1.5,1000,23,230,280,2019-07-05 14:13:49.850000+00:00,2019-07-05 16:00:23.400000+00:00,2019-07-05 15:05:58.400000+00:00,2019-07-05 15:05:58.400000+00:00,21.535933333333332,50,0.43,2.34,20701098,0.9772756760291175,1.2,17,ok,977,1.0753533040582859,1.0033652129103616,0.3575210385274807,0.715090118237565,1.952344727801576,1.237254609564011,1.2,17.0,highly_unreliable
mw71,4,exploratory_N50_step10,50,10,True,dynamic,0.01,1.5,1000,24,240,290,2019-07-05 14:35:41.820000+00:00,2019-07-05 16:30:56.020000+00:00,2019-07-05 15:28:52.550000+00:00,2019-07-05 15:28:52.550000+00:00,21.917641666666665,50,0.43,2.48,20701115,0.9919065331967644,1.2,21,ok,983,1.0390916179876752,0.9545317906230362,0.462548674497137,0.6733382658968402,1.7761472594656778,1.1028089935688374,1.2,19.0,highly_unreliable
mw71,4,exploratory_N50_step10,50,10,True,dynamic,0.01,1.5,1000,25,250,300,2019-07-05 14:53:44.420000+00:00,2019-07-05 17:03:35.800000+00:00,2019-07-05 15:50:03.960000+00:00,2019-07-05 15:50:03.960000+00:00,22.27081111111111,50,0.41,2.48,20701132,0.8005654924512983,1.44,12,ok,944,0.9202793037533823,0.830360443582873,0.41139888683364334,0.5992584655570122,1.749073216033543,1.1498147504765308,1.26,17.0,highly_unreliable
mw71,4,exploratory_N50_step10,50,10,True,dynamic,0.01,1.5,1000,26,260,310,2019-07-05 15:21:21.640000+00:00,2019-07-05 17:18:19.880000+00:00,2019-07-05 16:18:29.040000+00:00,2019-07-05 16:18:29.040000+00:00,22.744444444444444,50,0.41,2.48,20701149,0.8515850922529637,1.44,10,ok,953,0.9278920258342931,0.8638663377397222,0.30534698315786135,0.6111769979426045,1.5574472524004892,0.9462702544578847,1.24,16.0,highly_unreliable
mw71,4,exploratory_N50_step10,50,10,True,dynamic,0.01,1.5,1000,27,270,320,2019-07-05 15:32:57.860000+00:00,2019-07-05 17:35:34.980000+00:00,2019-07-05 16:46:15.230000+00:00,2019-07-05 16:46:15.230000+00:00,23.207275,50,0.41,2.48,20701166,0.7420846622809287,0.74,40,ok,939,0.9630798106147144,0.7771478209859456,1.9410847221340717,0.5831221545917395,1.3340791982815732,0.7509570436898336,1.06,24.0,exploratory
mw71,4,exploratory_N50_step10,50,10,True,dynamic,0.01,1.5,1000,28,280,330,2019-07-05 16:06:20.100000+00:00,2019-07-05 17:59:55.980000+00:00,2019-07-05 17:14:23.800000+00:00,2019-07-05 17:14:23.800000+00:00,23.676322222222222,50,0.41,3.68,20701183,0.6704705945834148,0.99,29,ok,960,0.7097138043128164,0.6785731886974853,0.2817202503466417,0.4321373782642578,1.1116340836046632,0.6794967053404054,0.99,28.0,highly_unreliable
mw71,4,exploratory_N50_step10,50,10,True,dynamic,0.01,1.5,1000,29,290,340,2019-07-05 16:32:14.210000+00:00,2019-07-05 18:19:54.440000+00:00,2019-07-05 17:25:46.400000+00:00,2019-07-05 17:25:46.400000+00:00,23.865933333333334,50,0.41,3.68,20701200,0.6852915078785327,0.74,40,ok,974,0.7406578468329257,0.7057606568612872,0.2402657427261967,0.49257804422987145,1.1328732156387709,0.6402951714088994,0.99,28.0,exploratory
mw71,4,exploratory_N50_step10,50,10,True,dynamic,0.01,1.5,1000,30,300,350,2019-07-05 17:05:28.440000+00:00,2019-07-05 18:49:35.980000+00:00,2019-07-05 17:49:14.640000+00:00,2019-07-05 17:49:14.640000+00:00,24.25711111111111,50,0.44,3.68,20701217,0.6971742549845699,0.74,39,ok,958,0.7790452532875158,0.7389842491108147,0.2578108005364479,0.49900037206033915,1.248219877576719,0.74921950551638,0.99,28.0,exploratory
mw71,4,exploratory_N50_step10,50,10,True,dynamic,0.01,1.5,1000,31,310,360,2019-07-05 17:19:16.800000+00:00,2019-07-05 19:15:48.240000+00:00,2019-07-05 18:14:52.360000+00:00,2019-07-05 18:14:52.360000+00:00,24.68425555555556,50,0.44,3.68,20701234,0.6891682089153086,0.9199999999999999,27,ok,963,0.7619289652266307,0.7231712583872452,0.30114544394480397,0.47735805877261256,1.2234456417011585,0.746087582928546,0.99,24.0,highly_unreliable
mw71,4,exploratory_N50_step10,50,10,True,dynamic,0.01,1.5,1000,32,320,370,2019-07-05 17:36:27.760000+00:00,2019-07-05 19:56:30.520000+00:00,2019-07-05 18:27:37.200000+00:00,2019-07-05 18:27:37.200000+00:00,24.896711111111113,50,0.4,3.68,20701251,0.8476483929304817,1.11,19,ok,984,0.8995151336829535,0.8200926470159527,0.9845812667375711,0.4736427931675046,1.5486620756030138,1.0750192824355091,1.0,21.0,highly_unreliable
mw71,4,exploratory_N50_step10,50,10,True,dynamic,0.01,1.5,1000,33,330,380,2019-07-05 18:02:30.200000+00:00,2019-07-05 20:50:37.480000+00:00,2019-07-05 19:07:07.600000+00:00,2019-07-05 19:07:07.600000+00:00,25.555155555555555,50,0.4,2.33,20701268,0.8281805861756294,1.11,17,ok,979,0.9319207613160266,0.8190411635373471,1.1761664584850866,0.6053179674364229,1.4415362797741906,0.8362183123377678,0.96,21.0,highly_unreliable
mw71,4,exploratory_N50_step10,50,10,True,dynamic,0.01,1.5,1000,34,340,390,2019-07-05 18:20:05.280000+00:00,2019-07-05 21:31:10+00:00,2019-07-05 19:44:00.360000+00:00,2019-07-05 19:44:00.360000+00:00,26.169811111111112,50,0.4,2.33,20701285,0.8819909375912821,0.8400000000000001,29,ok,951,1.0532331071753647,0.8818465047188607,1.5202196948307656,0.6189621237364071,2.3588861238495014,1.7399240001130942,1.04,22.0,highly_unreliable
mw71,4,exploratory_N50_step10,50,10,True,dynamic,0.01,1.5,1000,35,350,400,2019-07-05 18:52:12.720000+00:00,2019-07-05 22:16:53.640000+00:00,2019-07-05 20:24:33.920000+00:00,2019-07-05 20:24:33.920000+00:00,26.8458,50,0.4,2.77,20701302,0.8442811560221993,0.8400000000000001,32,ok,957,0.8838651473108283,0.8203077739744015,0.9698714466440488,0.5777198990851482,1.3775468629412577,0.7998269638561095,1.04,22.0,exploratory
mw71,4,exploratory_N50_step10,50,10,True,dynamic,0.01,1.5,1000,36,360,410,2019-07-05 19:16:21.640000+00:00,2019-07-05 22:41:46.800000+00:00,2019-07-05 21:16:47.200000+00:00,2019-07-05 21:16:47.200000+00:00,27.716155555555556,50,0.4,3.17,20701319,0.7841036132280473,1.23,18,ok,981,0.7823990252972473,0.7394275956068092,0.281624251177445,0.46636853476954,1.3504851995394391,0.8841166647698991,1.11,20.0,highly_unreliable
mw71,4,exploratory_N50_step10,50,10,True,dynamic,0.01,1.5,1000,37,370,420,2019-07-05 19:57:13.160000+00:00,2019-07-05 23:00:01.920000+00:00,2019-07-05 22:05:11.720000+00:00,2019-07-05 22:05:11.720000+00:00,28.522966666666665,50,0.53,3.17,20701336,0.6979316456753608,1.5999999999999999,11,ok,984,0.7220302833613697,0.6871891504633995,0.260047702856087,0.5038879183547822,1.1106178948483323,0.6067299764935501,1.23,20.0,highly_unreliable
mw71,4,exploratory_N50_step10,50,10,True,dynamic,0.01,1.5,1000,38,380,430,2019-07-05 21:01:51+00:00,2019-07-05 23:19:07.740000+00:00,2019-07-05 22:27:38.780000+00:00,2019-07-05 22:27:38.780000+00:00,28.89715,50,0.53,3.17,20701353,0.6540703173813242,1.5999999999999999,10,ok,990,0.7129446852293491,0.6839424530305441,0.1805967906707628,0.4630922418304565,1.0905094634461445,0.627417221615688,1.23,18.0,highly_unreliable
mw71,4,exploratory_N50_step10,50,10,True,dynamic,0.01,1.5,1000,39,390,440,2019-07-05 21:40:12.320000+00:00,2019-07-06 00:01:47.530000+00:00,2019-07-05 22:53:21.440000+00:00,2019-07-05 22:53:21.440000+00:00,29.325666666666667,50,0.16,3.17,20701370,0.8083353195031272,0.8999999999999999,35,ok,973,0.733189533469957,0.6880424717440352,0.2934898643650134,0.41014355252709456,1.2639509949795469,0.8538074424524523,1.24,17.0,exploratory
mw71,4,exploratory_N50_step10,50,10,True,dynamic,0.01,1.5,1000,40,400,450,2019-07-05 22:19:28.800000+00:00,2019-07-06 00:22:19.950000+00:00,2019-07-05 23:11:42.040000+00:00,2019-07-05 23:11:42.040000+00:00,29.63138888888889,50,0.16,3.17,20701387,0.45660172022468043,1.51,13,ok,980,0.6153359443398674,0.5370999899116826,0.5787905275186224,0.37570677822826565,1.0061152134210534,0.6304084351927877,1.24,19.0,highly_unreliable
mw71,4,exploratory_N50_step10,50,10,True,dynamic,0.01,1.5,1000,41,410,460,2019-07-05 22:42:26+00:00,2019-07-06 00:45:30.770000+00:00,2019-07-05 23:54:17.200000+00:00,2019-07-05 23:54:17.200000+00:00,30.341155555555556,50,0.16,3.05,20701404,0.513496501897663,1.51,13,ok,990,0.6376565322036832,0.5780356591755973,0.4645485168592885,0.39992721305610435,0.9419337387834951,0.5420065257273907,1.14,21.0,highly_unreliable
mw71,4,exploratory_N50_step10,50,10,True,dynamic,0.01,1.5,1000,42,420,470,2019-07-05 23:00:43.160000+00:00,2019-07-06 00:58:54.330000+00:00,2019-07-06 00:15:38.810000+00:00,2019-07-06 00:15:38.810000+00:00,30.697158333333334,50,0.16,4.05,20701421,0.4367731905271168,1.41,15,ok,989,0.529221967092591,0.4949278428642659,0.3648102377541286,0.3282874339282472,0.8222816834081914,0.4939942494799442,1.29,18.5,highly_unreliable
mw71,4,exploratory_N50_step10,50,10,True,dynamic,0.01,1.5,1000,43,430,480,2019-07-05 23:19:45.680000+00:00,2019-07-06 01:18:14.600000+00:00,2019-07-06 00:31:07.950000+00:00,2019-07-06 00:31:07.950000+00:00,30.95525277777778,50,0.16,4.05,20701438,0.5291245416645172,1.24,19,ok,990,0.5707839165365851,0.5265516822092182,0.5773772245476246,0.3310111629533687,0.9180041153972712,0.5869929524439026,1.24,20.0,highly_unreliable
mw71,4,exploratory_N50_step10,50,10,True,dynamic,0.01,1.5,1000,44,440,490,2019-07-06 00:02:55.020000+00:00,2019-07-06 01:57:52.640000+00:00,2019-07-06 00:54:34.080000+00:00,2019-07-06 00:54:34.080000+00:00,31.34584444444444,50,0.5,4.05,20701455,0.5415506920626562,1.1,23,ok,972,0.5845447054851202,0.545029359198969,0.3725928992791886,0.33219121852192757,0.9380662934262798,0.6058750749043522,1.1300000000000001,22.0,highly_unreliable
mw71,4,exploratory_N50_step10,50,10,True,dynamic,0.01,1.5,1000,45,450,500,2019-07-06 00:23:03.850000+00:00,2019-07-06 02:35:18.750000+00:00,2019-07-06 01:13:48.410000+00:00,2019-07-06 01:13:48.410000+00:00,31.666491666666666,50,0.47,4.05,20701472,0.9279548822746353,0.8500000000000001,32,ok,981,0.8820180858732037,0.8296230918385269,0.4125706983130131,0.34841350991632913,1.60916616821277,1.260752658296441,1.05,20.0,exploratory
mw64,5,primary_N100_step20,100,20,False,dynamic,0.01,1.5,1000,0,0,100,2019-07-04 17:35:51.840000+00:00,2019-07-04 18:59:54.400000+00:00,2019-07-04 18:17:55.680000+00:00,2019-07-04 18:17:55.680000+00:00,0.7351777777777777,100,1.58,4.89,20750707,0.6320829385771495,2.33,62,ok,999,0.6707488521373445,0.6202927772101369,0.9401914833440334,0.4908955942280527,0.908465437571513,0.4175698433434603,2.33,60.0,usable_but_moderately_uncertain
mw64,5,primary_N100_step20,100,20,False,dynamic,0.01,1.5,1000,1,20,120,2019-07-04 17:57:31.260000+00:00,2019-07-04 19:17:51.180000+00:00,2019-07-04 18:32:42.960000+00:00,2019-07-04 18:32:42.960000+00:00,0.9816444444444444,100,1.11,4.89,20750724,0.7496892394656617,2.33,51,ok,994,0.7380325740163846,0.7227503414471835,0.187526289265009,0.5286036970891634,0.9854522281365807,0.4568485310474173,2.31,52.5,usable_but_moderately_uncertain
mw64,5,primary_N100_step20,100,20,False,dynamic,0.01,1.5,1000,2,40,140,2019-07-04 18:09:21.200000+00:00,2019-07-04 19:38:22.560000+00:00,2019-07-04 18:50:15.620000+00:00,2019-07-04 18:50:15.620000+00:00,1.27405,100,1.11,4.89,20750741,0.6746793639311388,2.33,39,ok,998,0.7020571126796329,0.6841998642638418,0.20706365370653876,0.48745819577309735,0.9661940934018682,0.4787358976287709,2.29,44.0,exploratory
mw64,5,primary_N100_step20,100,20,False,dynamic,0.01,1.5,1000,3,60,160,2019-07-04 18:25:05.460000+00:00,2019-07-04 19:59:06.600000+00:00,2019-07-04 19:09:17.180000+00:00,2019-07-04 19:09:17.180000+00:00,1.59115,100,1.11,4.89,20750758,0.6412996488698791,2.13,54,ok,994,0.6413828801789203,0.6010325016805362,0.43330765531521076,0.42964140091975395,0.9223948468819211,0.49275344596216714,2.13,50.0,usable_but_moderately_uncertain
mw64,5,primary_N100_step20,100,20,False,dynamic,0.01,1.5,1000,4,80,180,2019-07-04 18:42:02.420000+00:00,2019-07-04 20:16:10.220000+00:00,2019-07-04 19:30:36.540000+00:00,2019-07-04 19:30:36.540000+00:00,1.9465277777777779,100,1.11,4.89,20750775,0.5202855316054535,1.7,75,ok,997,0.56992268402747,0.5514924671302985,0.10846209335462417,0.4220971012486869,0.8040087100340723,0.3819116087853854,1.9,58.5,usable_but_moderately_uncertain
mw64,5,primary_N100_step20,100,20,False,dynamic,0.01,1.5,1000,5,100,200,2019-07-04 19:00:09.520000+00:00,2019-07-04 20:33:34.040000+00:00,2019-07-04 19:53:18.520000+00:00,2019-07-04 19:53:18.520000+00:00,2.3248555555555552,100,1.11,4.78,20750792,0.6391070921673495,1.7,66,ok,993,0.6273352756791261,0.6049415568995049,0.2541191915195613,0.45473103947671234,0.8749793128790596,0.42024827340234727,1.75,58.0,usable_but_moderately_uncertain
mw64,5,primary_N100_step20,100,20,False,dynamic,0.01,1.5,1000,6,120,220,2019-07-04 19:19:27.560000+00:00,2019-07-04 20:53:40.120000+00:00,2019-07-04 20:07:32.400000+00:00,2019-07-04 20:07:32.400000+00:00,2.5620444444444446,100,0.84,4.78,20750809,0.7012198658008901,1.7,62,ok,998,0.6389652695398779,0.6209746116021388,0.11989944199856988,0.45721170684172063,0.9071212817506497,0.449909574908929,1.8599999999999999,45.0,usable_but_moderately_uncertain
mw64,5,primary_N100_step20,100,20,False,dynamic,0.01,1.5,1000,7,140,240,2019-07-04 19:39:49.360000+00:00,2019-07-04 21:10:16.360000+00:00,2019-07-04 20:26:35.200000+00:00,2019-07-04 20:26:35.200000+00:00,2.879488888888889,100,0.84,4.32,20750826,0.5758430716036477,2.14,25,ok,988,0.633403838021006,0.6183403426863892,0.11439059920634298,0.4541164242687948,0.885878000293191,0.4317615760243962,1.9,38.0,highly_unreliable
mw64,5,primary_N100_step20,100,20,False,dynamic,0.01,1.5,1000,8,160,260,2019-07-04 19:59:43.200000+00:00,2019-07-04 21:30:20.820000+00:00,2019-07-04 20:44:01.100000+00:00,2019-07-04 20:44:01.100000+00:00,3.1700166666666667,100,0.84,4.32,20750843,0.6813874639905598,2.14,21,ok,995,0.7388929951907445,0.7147832901503952,0.1673444098337903,0.49735851127171327,1.078947824785623,0.5815893135139097,1.94,34.5,highly_unreliable
mw64,5,primary_N100_step20,100,20,False,dynamic,0.01,1.5,1000,9,180,280,2019-07-04 20:17:03.140000+00:00,2019-07-04 21:45:02.580000+00:00,2019-07-04 20:59:58.520000+00:00,2019-07-04 20:59:58.520000+00:00,3.4359666666666664,100,0.84,3.58,20750860,0.7017478240328257,1.38,72,ok,994,0.7920807273279542,0.7519731044577396,0.24621915572583208,0.5753171614432784,1.1478335865544247,0.5725164251111463,1.69,47.0,usable_but_moderately_uncertain
mw64,5,primary_N100_step20,100,20,False,dynamic,0.01,1.5,1000,10,200,300,2019-07-04 20:36:45.120000+00:00,2019-07-04 21:58:29.280000+00:00,2019-07-04 21:23:14.880000+00:00,2019-07-04 21:23:14.880000+00:00,3.8238444444444446,100,0.84,3.58,20750877,0.7411024198288539,1.38,78,ok,996,0.8577878828751857,0.7775106528918874,1.888592508606737,0.5859867514444903,1.1150324951069894,0.5290457436624991,1.76,38.0,usable_but_moderately_uncertain
mw64,5,primary_N100_step20,100,20,False,dynamic,0.01,1.5,1000,11,220,320,2019-07-04 20:54:58.260000+00:00,2019-07-04 22:21:03.800000+00:00,2019-07-04 21:39:12.220000+00:00,2019-07-04 21:39:12.220000+00:00,4.089772222222222,100,1.02,3.58,20750894,0.6863067967821348,1.8699999999999999,32,ok,994,0.743077801079634,0.7242722836109455,0.15772417058563543,0.5358879949640383,1.0338759002226867,0.49798790525864844,1.78,37.5,exploratory
mw64,5,primary_N100_step20,100,20,False,dynamic,0.01,1.5,1000,12,240,340,2019-07-04 21:11:09.420000+00:00,2019-07-04 22:43:54.240000+00:00,2019-07-04 21:52:26.440000+00:00,2019-07-04 21:52:26.440000+00:00,4.310388888888888,100,1.0,3.56,20750911,0.7341655772320446,1.88,32,ok,996,0.7764225650714996,0.7577299253943104,0.14525508753158983,0.5662389270402797,1.0896750282385308,0.5234361011982511,1.77,38.0,exploratory
mw64,5,primary_N100_step20,100,20,False,dynamic,0.01,1.5,1000,13,260,360,2019-07-04 21:31:51.360000+00:00,2019-07-04 23:04:34.580000+00:00,2019-07-04 22:07:19.940000+00:00,2019-07-04 22:07:19.940000+00:00,4.558583333333334,100,0.99,3.56,20750928,0.7581392955802014,1.88,28,ok,994,0.7837830581164291,0.769628917534781,0.14520931389201977,0.5582176185300961,1.084075804811036,0.5258581862809398,1.7,35.0,highly_unreliable
mw64,5,primary_N100_step20,100,20,False,dynamic,0.01,1.5,1000,14,280,380,2019-07-04 21:45:25.880000+00:00,2019-07-04 23:21:07.620000+00:00,2019-07-04 22:34:27.820000+00:00,2019-07-04 22:34:27.820000+00:00,5.010772222222222,100,0.99,3.6,20750945,0.7651190153383105,1.7,38,ok,999,0.8237893093363797,0.8013568706055164,0.17435279047527075,0.5954008348224257,1.2031491709746374,0.6077483361522117,1.7,39.0,exploratory
mw64,5,primary_N100_step20,100,20,False,dynamic,0.01,1.5,1000,15,300,400,2019-07-04 21:59:15.240000+00:00,2019-07-04 23:39:09.880000+00:00,2019-07-04 22:54:39.140000+00:00,2019-07-04 22:54:39.140000+00:00,5.34725,100,0.71,3.6,20750962,0.7534936643962437,1.7,36,ok,998,0.8068353747955652,0.7761240213932689,0.175497873600326,0.6104338723077266,1.1343958466807635,0.5239619743730369,1.64,43.0,exploratory
mw64,5,primary_N100_step20,100,20,False,dynamic,0.01,1.5,1000,16,320,420,2019-07-04 22:22:26.640000+00:00,2019-07-05 00:01:47.600000+00:00,2019-07-04 23:11:34.320000+00:00,2019-07-04 23:11:34.320000+00:00,5.629244444444444,100,0.71,3.6,20750979,0.8536775734959742,1.7,32,ok,998,0.8707795195393783,0.840364818949042,0.16094419774006102,0.6389750986655429,1.2643251094809849,0.625350010815442,1.54,42.0,exploratory
mw64,5,primary_N100_step20,100,20,False,dynamic,0.01,1.5,1000,17,340,440,2019-07-04 22:46:39.560000+00:00,2019-07-05 00:21:38.440000+00:00,2019-07-04 23:28:37.560000+00:00,2019-07-04 23:28:37.560000+00:00,5.913477777777778,100,0.58,3.6,20750996,0.904476386650193,1.3399999999999999,56,ok,999,0.971696534837062,0.9354658324556946,0.22654292160503628,0.7250421341138635,1.4785628613521253,0.7535207272382618,1.43,47.0,usable_but_moderately_uncertain
mw64,5,primary_N100_step20,100,20,False,dynamic,0.01,1.5,1000,18,360,460,2019-07-04 23:05:09.440000+00:00,2019-07-05 00:37:43.330000+00:00,2019-07-04 23:51:56.780000+00:00,2019-07-04 23:51:56.780000+00:00,6.30215,100,0.58,4.36,20751013,0.7197044688557233,1.3,58,ok,998,0.7552101576341981,0.7300315217320914,0.14583962036716283,0.5711543238335315,1.08760106553975,0.5164467417062184,1.3,54.0,usable_but_moderately_uncertain
mw64,5,primary_N100_step20,100,20,False,dynamic,0.01,1.5,1000,19,380,480,2019-07-04 23:22:19.420000+00:00,2019-07-05 01:00:49.980000+00:00,2019-07-05 00:10:20.780000+00:00,2019-07-05 00:10:20.780000+00:00,6.608816666666667,100,0.58,4.38,20751030,0.7061854487486849,1.51,38,ok,1000,0.7435318790465489,0.7301876330355344,0.1330913558661055,0.5476196306461987,1.017249258644939,0.4696296279987404,1.43,45.0,exploratory
mw64,5,primary_N100_step20,100,20,False,dynamic,0.01,1.5,1000,20,400,500,2019-07-04 23:40:19.320000+00:00,2019-07-05 01:24:28.650000+00:00,2019-07-05 00:31:21.710000+00:00,2019-07-05 00:31:21.710000+00:00,6.9590749999999995,100,0.58,4.38,20751047,0.6591555869653566,1.3,49,ok,999,0.6885800204736072,0.6788514935266347,0.12110635449231251,0.4922831501162189,0.9461621106689008,0.45387896055268184,1.3,47.0,exploratory
mw64,5,primary_N100_step20,100,20,False,dynamic,0.01,1.5,1000,21,420,520,2019-07-05 00:02:00.870000+00:00,2019-07-05 01:45:20.470000+00:00,2019-07-05 00:48:50.700000+00:00,2019-07-05 00:48:50.700000+00:00,7.250461111111111,100,0.58,4.38,20751064,0.647958242856228,1.43,38,ok,996,0.6908418494806915,0.6741670368129162,0.19718308471779764,0.45927281123159247,0.9551360874106922,0.49586327617909975,1.41,41.0,exploratory
mw64,5,primary_N100_step20,100,20,False,dynamic,0.01,1.5,1000,22,440,540,2019-07-05 00:23:04.390000+00:00,2019-07-05 02:03:28.950000+00:00,2019-07-05 01:12:50.100000+00:00,2019-07-05 01:12:50.100000+00:00,7.6502944444444445,100,0.73,4.38,20751081,0.655817812826192,1.16,65,ok,997,0.6890128727753285,0.664632495091871,0.1813821039141271,0.4751249119193974,1.0838468155028147,0.6087219035834173,1.3399999999999999,46.0,usable_but_moderately_uncertain
mw64,5,primary_N100_step20,100,20,False,dynamic,0.01,1.5,1000,23,460,560,2019-07-05 00:37:50.090000+00:00,2019-07-05 02:30:10.610000+00:00,2019-07-05 01:36:20.450000+00:00,2019-07-05 01:36:20.450000+00:00,8.042058333333333,100,0.73,4.38,20751098,0.699917502019366,1.16,69,ok,992,0.8377913148422702,0.7451085650719775,0.9708445057742927,0.5439986108535195,1.5676097265511357,1.0236111156976162,1.45,41.0,usable_but_moderately_uncertain
mw64,5,primary_N100_step20,100,20,False,dynamic,0.01,1.5,1000,24,480,580,2019-07-05 01:01:02.570000+00:00,2019-07-05 02:51:10.210000+00:00,2019-07-05 01:54:39.580000+00:00,2019-07-05 01:54:39.580000+00:00,8.347372222222223,100,0.73,3.16,20751115,0.7565473523977574,1.16,64,ok,992,0.9439249922468735,0.8077984597040038,1.0082891388342945,0.6220165906514633,1.5488509870302167,0.9268343963787534,1.32,53.0,usable_but_moderately_uncertain
mw64,5,primary_N100_step20,100,20,False,dynamic,0.01,1.5,1000,25,500,600,2019-07-05 01:25:23.260000+00:00,2019-07-05 03:09:46.230000+00:00,2019-07-05 02:15:08.400000+00:00,2019-07-05 02:15:08.400000+00:00,8.688711111111111,100,0.69,2.93,20751132,0.8620865261797738,1.21,66,ok,984,0.9430130394966538,0.9012575898389811,0.33783799063319764,0.7071069411647938,1.3478875248237245,0.6407805836589308,1.32,56.0,usable_but_moderately_uncertain
mw64,5,primary_N100_step20,100,20,False,dynamic,0.01,1.5,1000,26,520,620,2019-07-05 01:47:02.570000+00:00,2019-07-05 03:31:42.230000+00:00,2019-07-05 02:43:14.360000+00:00,2019-07-05 02:43:14.360000+00:00,9.157033333333333,100,0.69,2.93,20751149,0.922887430482187,1.79,25,ok,989,0.9515315572475014,0.9065420497420257,0.4558264853614083,0.6938538635083834,1.2884242484609092,0.5945703849525258,1.6199999999999999,33.0,highly_unreliable
mw64,5,primary_N100_step20,100,20,False,dynamic,0.01,1.5,1000,27,540,640,2019-07-05 02:06:14.530000+00:00,2019-07-05 03:52:59.990000+00:00,2019-07-05 03:03:48.060000+00:00,2019-07-05 03:03:48.060000+00:00,9.499727777777776,100,0.45,3.2,20751166,0.7057005764267573,1.15,71,ok,999,0.7942124665253002,0.7544242241403047,0.28523402943429715,0.5709017423139752,1.2832464629458555,0.7123447206318804,1.22,63.0,usable_but_moderately_uncertain
mw64,5,primary_N100_step20,100,20,False,dynamic,0.01,1.5,1000,28,560,660,2019-07-05 02:31:52.590000+00:00,2019-07-05 04:14:45.030000+00:00,2019-07-05 03:25:51.140000+00:00,2019-07-05 03:25:51.140000+00:00,9.86725,100,0.45,3.66,20751183,0.6674250725879113,1.07,70,ok,995,0.7686770786074637,0.7299238741499423,0.1600707140126144,0.5591816079671402,1.164239591790636,0.6050579838234958,1.28,59.0,usable_but_moderately_uncertain
mw64,5,primary_N100_step20,100,20,False,dynamic,0.01,1.5,1000,29,580,680,2019-07-05 02:52:31.320000+00:00,2019-07-05 04:39:13.350000+00:00,2019-07-05 03:43:58.460000+00:00,2019-07-05 03:43:58.460000+00:00,10.169283333333333,100,0.45,3.66,20751200,0.6502926574015349,1.07,70,ok,994,0.7648010094554079,0.7040495516383907,0.2605977813515413,0.5418513578701954,1.3878129085594493,0.8459615506892538,1.28,60.0,usable_but_moderately_uncertain
mw64,5,primary_N100_step20,100,20,False,dynamic,0.01,1.5,1000,30,600,700,2019-07-05 03:10:23.110000+00:00,2019-07-05 04:54:43.660000+00:00,2019-07-05 04:05:31.510000+00:00,2019-07-05 04:05:31.510000+00:00,10.52846388888889,100,0.45,3.66,20751217,0.6527846641840391,1.07,65,ok,998,0.7720582882061193,0.6989598817476933,0.3890083202830478,0.5371628250259486,1.4141563205322965,0.8769934955063479,1.28,54.0,usable_but_moderately_uncertain
mw64,5,primary_N100_step20,100,20,False,dynamic,0.01,1.5,1000,31,620,720,2019-07-05 03:31:53.900000+00:00,2019-07-05 05:17:19.320000+00:00,2019-07-05 04:29:23.110000+00:00,2019-07-05 04:29:23.110000+00:00,10.926130555555556,100,0.45,3.66,20751234,0.7381953622599532,1.07,63,ok,999,0.735561245680289,0.7199101668908433,0.12265105933752056,0.5507906216836194,1.0166520004655955,0.4658613787819761,1.1300000000000001,56.0,usable_but_moderately_uncertain
mw64,5,primary_N100_step20,100,20,False,dynamic,0.01,1.5,1000,32,640,740,2019-07-05 03:54:41.490000+00:00,2019-07-05 05:38:01.790000+00:00,2019-07-05 04:46:54.610000+00:00,2019-07-05 04:46:54.610000+00:00,11.218213888888888,100,0.5,3.66,20751251,0.8623458953638901,1.07,66,ok,989,0.8701980428897015,0.840319586765667,0.2938338967049364,0.622935214298875,1.1997284124595688,0.5767931981606939,1.28,49.0,usable_but_moderately_uncertain
mw64,5,primary_N100_step20,100,20,False,dynamic,0.01,1.5,1000,33,660,760,2019-07-05 04:15:57.010000+00:00,2019-07-05 05:56:05.430000+00:00,2019-07-05 05:09:49.870000+00:00,2019-07-05 05:09:49.870000+00:00,11.600230555555555,100,0.5,3.31,20751268,0.8791252419940255,1.32,41,ok,993,0.8788938372324178,0.8425730414448974,0.2194872413257214,0.6240205555366825,1.2641089782842714,0.6400884227475889,1.32,42.0,exploratory
mw64,5,primary_N100_step20,100,20,False,dynamic,0.01,1.5,1000,34,680,780,2019-07-05 04:40:21.500000+00:00,2019-07-05 06:15:19.020000+00:00,2019-07-05 05:30:20.260000+00:00,2019-07-05 05:30:20.260000+00:00,11.942005555555555,100,0.51,3.31,20751285,0.7758391811040536,0.94,71,ok,997,0.8603622110709713,0.8407657267305276,0.15422132873192612,0.6301983187411854,1.204630340066693,0.5744320213255075,1.18,47.5,usable_but_moderately_uncertain
mw64,5,primary_N100_step20,100,20,False,dynamic,0.01,1.5,1000,35,700,800,2019-07-05 04:56:42.520000+00:00,2019-07-05 06:36:54.960000+00:00,2019-07-05 05:48:08.480000+00:00,2019-07-05 05:48:08.480000+00:00,12.238733333333334,100,0.45,3.31,20751302,0.8218782288122883,0.98,67,ok,997,0.8991444523027375,0.8617236713368841,0.193990471560152,0.6225921211725605,1.3740420271068077,0.7514499059342472,1.17,47.0,usable_but_moderately_uncertain
mw64,5,primary_N100_step20,100,20,False,dynamic,0.01,1.5,1000,36,720,820,2019-07-05 05:17:50.430000+00:00,2019-07-05 06:54:26.450000+00:00,2019-07-05 06:08:37.750000+00:00,2019-07-05 06:08:37.750000+00:00,12.580197222222221,100,0.45,3.33,20751319,0.7913922960639393,0.98,66,ok,999,0.8529877759192661,0.8272525965989856,0.18318421996728726,0.6102430935094235,1.2740501658249916,0.6638070723155681,1.12,53.0,usable_but_moderately_uncertain
mw64,5,primary_N100_step20,100,20,False,dynamic,0.01,1.5,1000,37,740,840,2019-07-05 05:38:29.330000+00:00,2019-07-05 07:14:18.950000+00:00,2019-07-05 06:27:19.700000+00:00,2019-07-05 06:27:19.700000+00:00,12.891850000000002,100,0.45,3.33,20751336,0.7093617107453553,0.9299999999999999,69,ok,999,0.7657968755017134,0.7519316176511068,0.14882281512908893,0.5775149739441604,1.0564644643362495,0.4789494903920891,1.06,59.0,usable_but_moderately_uncertain
mw64,5,primary_N100_step20,100,20,False,dynamic,0.01,1.5,1000,38,760,860,2019-07-05 05:56:34.490000+00:00,2019-07-05 07:29:51.290000+00:00,2019-07-05 06:47:27.710000+00:00,2019-07-05 06:47:27.710000+00:00,13.227408333333333,100,0.45,3.33,20751353,0.7693018062833703,0.9299999999999999,66,ok,999,0.8090961312062701,0.7841036132280473,0.1415363132836822,0.6027513801643498,1.1212987650234092,0.5185473848590594,1.01,58.0,usable_but_moderately_uncertain
mw64,5,primary_N100_step20,100,20,False,dynamic,0.01,1.5,1000,39,780,880,2019-07-05 06:16:23.330000+00:00,2019-07-05 07:54:16.340000+00:00,2019-07-05 07:04:31.120000+00:00,2019-07-05 07:04:31.120000+00:00,13.511688888888889,100,0.45,3.83,20751370,0.758266305357872,0.9299999999999999,67,ok,999,0.7637052173427078,0.7515301517994062,0.12468606511452676,0.5704498890163038,1.0394029888913658,0.46895309987506206,1.07,53.0,usable_but_moderately_uncertain
mw64,5,primary_N100_step20,100,20,False,dynamic,0.01,1.5,1000,40,800,900,2019-07-05 06:38:02.560000+00:00,2019-07-05 08:15:32.950000+00:00,2019-07-05 07:23:38.270000+00:00,2019-07-05 07:23:38.270000+00:00,13.830341666666667,100,0.39,3.83,20751387,0.7286443681919296,0.9299999999999999,67,ok,996,0.7367887025032577,0.7207236778161292,0.11328951442196628,0.5632791874999927,1.0002611753482265,0.4369819878482337,0.9299999999999999,60.0,usable_but_moderately_uncertain
mw64,5,primary_N100_step20,100,20,False,dynamic,0.01,1.5,1000,41,820,920,2019-07-05 06:55:09.240000+00:00,2019-07-05 08:30:00.800000+00:00,2019-07-05 07:42:11.760000+00:00,2019-07-05 07:42:11.760000+00:00,14.139644444444444,100,0.39,3.83,20751404,0.7149041789664056,0.76,80,ok,998,0.7642153364470758,0.7465824416993259,0.1350050867787111,0.5594414507623563,1.0590840140184903,0.499642563256134,1.07,48.0,usable_but_moderately_uncertain
mw64,5,primary_N100_step20,100,20,False,dynamic,0.01,1.5,1000,42,840,940,2019-07-05 07:15:50.970000+00:00,2019-07-05 08:48:42.060000+00:00,2019-07-05 08:06:36.840000+00:00,2019-07-05 08:06:36.840000+00:00,14.546611111111112,100,0.39,3.83,20751421,0.7797606262104972,0.76,76,ok,1000,0.8153291634250265,0.797977070765245,0.15063962469833506,0.5621689393168755,1.1525227506152311,0.5903538112983556,1.05,45.0,usable_but_moderately_uncertain
mw64,5,primary_N100_step20,100,20,False,dynamic,0.01,1.5,1000,43,860,960,2019-07-05 07:30:30.620000+00:00,2019-07-05 09:10:30.730000+00:00,2019-07-05 08:25:35.580000+00:00,2019-07-05 08:25:35.580000+00:00,14.862927777777777,100,0.39,3.83,20751438,0.7770429555387655,1.05,51,ok,998,0.754533462513492,0.7339630201298523,0.20280960320177316,0.5164256101644488,1.0742280962089803,0.5578024860445315,1.05,46.0,usable_but_moderately_uncertain
mw64,5,primary_N100_step20,100,20,False,dynamic,0.01,1.5,1000,44,880,980,2019-07-05 07:55:08.160000+00:00,2019-07-05 09:28:08.680000+00:00,2019-07-05 08:38:52.950000+00:00,2019-07-05 08:38:52.950000+00:00,15.084419444444446,100,0.39,3.66,20751455,0.7776721444237418,1.05,49,ok,989,0.802444485937952,0.7703060151285269,0.3676009562841473,0.5480902705387078,1.1711931244854568,0.6231028539467489,1.1,42.0,exploratory
mw64,5,primary_N100_step20,100,20,False,dynamic,0.01,1.5,1000,45,900,1000,2019-07-05 08:16:07.130000+00:00,2019-07-05 09:49:53.130000+00:00,2019-07-05 08:59:05.070000+00:00,2019-07-05 08:59:05.070000+00:00,15.421119444444445,100,0.4,3.66,20751472,0.816577736480277,1.05,51,ok,998,0.7889437325887797,0.769106367131942,0.14785093828152743,0.5746762489577436,1.0931428620338715,0.5184666130761278,1.1,43.0,usable_but_moderately_uncertain
mw64,5,primary_N100_step20,100,20,False,dynamic,0.01,1.5,1000,46,920,1020,2019-07-05 08:30:16.860000+00:00,2019-07-05 10:03:42.480000+00:00,2019-07-05 09:21:14.920000+00:00,2019-07-05 09:21:14.920000+00:00,15.790522222222222,100,0.37,3.66,20751489,0.792530171585129,1.3,30,ok,998,0.818183748814241,0.8047342592394181,0.15065242733490775,0.5577103986221215,1.1629222685185356,0.6052118698964142,1.19,36.0,exploratory
mw64,5,primary_N100_step20,100,20,False,dynamic,0.01,1.5,1000,47,940,1040,2019-07-05 08:48:57.900000+00:00,2019-07-05 10:18:55.650000+00:00,2019-07-05 09:41:21.990000+00:00,2019-07-05 09:41:21.990000+00:00,16.125819444444442,100,0.37,3.66,20751506,0.7787916075381485,1.3,30,ok,997,0.8070003173239434,0.7854620068873968,0.1984216845885563,0.5780606611517477,1.146535432485704,0.5684747713339563,1.19,35.0,exploratory
mw64,5,primary_N100_step20,100,20,False,dynamic,0.01,1.5,1000,48,960,1060,2019-07-05 09:11:09.190000+00:00,2019-07-05 10:46:48.290000+00:00,2019-07-05 09:57:53.570000+00:00,2019-07-05 09:57:53.570000+00:00,16.401258333333335,100,0.23,3.1,20751523,0.8402810030775858,1.1300000000000001,43,ok,997,0.8981055158343486,0.845662706323734,0.47471554040080904,0.6422316551977757,1.2593352442023156,0.6171035890045399,1.14,40.0,exploratory
mw64,5,primary_N100_step20,100,20,False,dynamic,0.01,1.5,1000,49,980,1080,2019-07-05 09:30:48.770000+00:00,2019-07-05 11:27:23.580000+00:00,2019-07-05 10:11:08.910000+00:00,2019-07-05 10:11:08.910000+00:00,16.622186111111112,100,0.23,3.1,20751540,0.9515439712699121,1.09,49,ok,998,0.9093269705109385,0.8898810829193287,0.1957169049675857,0.6339233882385282,1.2634514705114288,0.6295280822729006,1.14,40.0,exploratory
mw64,5,primary_N100_step20,100,20,False,dynamic,0.01,1.5,1000,50,1000,1100,2019-07-05 09:50:16.790000+00:00,2019-07-05 12:01:15.480000+00:00,2019-07-05 10:35:22.470000+00:00,2019-07-05 10:35:22.470000+00:00,17.02595277777778,100,0.23,3.1,20751557,0.9182043537994813,1.09,55,ok,994,0.8611716517563994,0.8454111509594067,0.17252777088030607,0.5677918563964564,1.2224889510998416,0.6546970947033852,1.09,50.5,usable_but_moderately_uncertain
mw64,5,primary_N100_step20,100,20,False,dynamic,0.01,1.5,1000,51,1020,1120,2019-07-05 10:04:25.830000+00:00,2019-07-05 12:29:15.150000+00:00,2019-07-05 11:04:16.670000+00:00,2019-07-05 11:04:16.670000+00:00,17.507675,100,0.23,3.29,20751574,0.8392425055299709,1.32,36,ok,994,0.8130868443747818,0.7879332526905778,0.19837458028356658,0.5378038222078865,1.173489085351159,0.6356852631432726,1.225,44.0,exploratory
mw64,5,primary_N100_step20,100,20,False,dynamic,0.01,1.5,1000,52,1040,1140,2019-07-05 10:19:18.200000+00:00,2019-07-05 13:14:32.790000+00:00,2019-07-05 11:46:35.160000+00:00,2019-07-05 11:46:35.160000+00:00,18.212811111111108,100,0.23,3.29,20751591,0.6322870290380885,1.71,16,ok,997,0.7646432724714372,0.7484225958124002,0.17796434420687213,0.4802118963953567,1.1636457795045574,0.6834338831092006,1.46,34.0,highly_unreliable
mw64,5,primary_N100_step20,100,20,False,dynamic,0.01,1.5,1000,53,1060,1160,2019-07-05 10:47:02.030000+00:00,2019-07-05 13:45:04.690000+00:00,2019-07-05 12:18:27.090000+00:00,2019-07-05 12:18:27.090000+00:00,18.74390277777778,100,0.55,3.29,20751608,0.8655627877019779,1.46,34,ok,996,0.8049825232446268,0.7860316871420989,0.17758230312870624,0.5291410494308073,1.1829215179938226,0.6537804685630153,1.46,33.0,exploratory
mw64,5,primary_N100_step20,100,20,False,dynamic,0.01,1.5,1000,54,1080,1180,2019-07-05 11:28:06.810000+00:00,2019-07-05 14:24:41.990000+00:00,2019-07-05 12:51:15.530000+00:00,2019-07-05 12:51:15.530000+00:00,19.290691666666667,100,0.55,3.29,20751625,0.9217582199603455,1.45,34,ok,997,0.8213852296032432,0.8140340762746556,0.20525210450437192,0.4686508053587746,1.2763026024017972,0.8076517970430226,1.46,30.0,exploratory
mw64,5,primary_N100_step20,100,20,False,dynamic,0.01,1.5,1000,55,1100,1200,2019-07-05 12:01:30.010000+00:00,2019-07-05 14:56:47.560000+00:00,2019-07-05 13:36:06.610000+00:00,2019-07-05 13:36:06.610000+00:00,20.03821388888889,100,0.41,3.29,20751642,0.942637568914365,1.2,54,ok,997,0.9317105142928047,0.8995164496651991,0.41385264753337647,0.6109067486920282,1.4132003464662077,0.8022935977741795,1.32,42.0,usable_but_moderately_uncertain
mw64,5,primary_N100_step20,100,20,False,dynamic,0.01,1.5,1000,56,1120,1220,2019-07-05 12:30:29.180000+00:00,2019-07-05 15:30:11.280000+00:00,2019-07-05 14:03:54.170000+00:00,2019-07-05 14:03:54.170000+00:00,20.501425,100,0.41,3.12,20751659,0.9084262184710103,1.2,55,ok,996,0.9200369727799131,0.8827465026719021,0.207736014824442,0.6396167988735951,1.3699643804967594,0.7303475816231643,1.2,52.0,usable_but_moderately_uncertain
mw64,5,primary_N100_step20,100,20,False,dynamic,0.01,1.5,1000,57,1140,1240,2019-07-05 13:14:59.800000+00:00,2019-07-05 15:58:18.230000+00:00,2019-07-05 14:38:47.030000+00:00,2019-07-05 14:38:47.030000+00:00,21.082775,100,0.41,3.06,20751676,0.9249213545069805,1.2,46,ok,999,0.9311215942147573,0.8809520757006902,0.22135862965653277,0.6639221280354181,1.5422975256929496,0.8783753976575316,1.2,47.0,exploratory
mw64,5,primary_N100_step20,100,20,False,dynamic,0.01,1.5,1000,58,1160,1260,2019-07-05 13:50:24.310000+00:00,2019-07-05 16:27:45.740000+00:00,2019-07-05 15:17:47.670000+00:00,2019-07-05 15:17:47.670000+00:00,21.73295277777778,100,0.41,3.06,20751693,0.8936415749136658,0.97,60,ok,994,0.9750703978940428,0.9268996257033149,0.22656188339799063,0.7081045158571141,1.580233314602355,0.872128798745241,0.99,54.0,usable_but_moderately_uncertain
mw64,5,primary_N100_step20,100,20,False,dynamic,0.01,1.5,1000,59,1180,1280,2019-07-05 14:26:13.480000+00:00,2019-07-05 16:51:22.430000+00:00,2019-07-05 15:46:03.630000+00:00,2019-07-05 15:46:03.630000+00:00,22.204052777777775,100,0.41,3.06,20751710,0.8164218600558046,0.97,56,ok,1000,0.8695479493255514,0.8280276187238236,0.18978420258212123,0.6616141808714048,1.334394325660177,0.6727801447887721,0.97,53.0,usable_but_moderately_uncertain
mw64,5,primary_N100_step20,100,20,False,dynamic,0.01,1.5,1000,60,1200,1300,2019-07-05 14:57:20.320000+00:00,2019-07-05 17:12:32.460000+00:00,2019-07-05 16:07:27.540000+00:00,2019-07-05 16:07:27.540000+00:00,22.560694444444444,100,0.52,3.06,20751727,0.8577820588144449,1.1,38,ok,998,0.9079641896062955,0.881113596648508,0.17967517850867976,0.6569667911567595,1.2551159635859075,0.598149172429148,1.03,43.0,exploratory
mw64,5,primary_N100_step20,100,20,False,dynamic,0.01,1.5,1000,61,1220,1320,2019-07-05 15:31:58.300000+00:00,2019-07-05 17:38:26.640000+00:00,2019-07-05 16:40:52.690000+00:00,2019-07-05 16:40:52.690000+00:00,23.117680555555555,100,0.52,3.06,20751744,1.0034372122276514,1.01,46,ok,1000,0.9843113494045779,0.9696170276393092,0.168790381898821,0.7009141218220759,1.342322011804307,0.6414078899822312,1.01,43.0,exploratory
mw64,5,primary_N100_step20,100,20,False,dynamic,0.01,1.5,1000,62,1240,1340,2019-07-05 15:58:35.200000+00:00,2019-07-05 17:57:12.280000+00:00,2019-07-05 17:06:46.500000+00:00,2019-07-05 17:06:46.500000+00:00,23.549294444444445,100,0.46,2.74,20751761,0.9494212412890236,1.01,49,ok,997,0.9175671456255544,0.9001244114790483,0.17996387632620559,0.6641206990980424,1.2625094634466951,0.5983887643486527,1.01,47.0,exploratory
mw64,5,primary_N100_step20,100,20,False,dynamic,0.01,1.5,1000,63,1260,1360,2019-07-05 16:28:58.940000+00:00,2019-07-05 18:23:52.560000+00:00,2019-07-05 17:24:20.200000+00:00,2019-07-05 17:24:20.200000+00:00,23.84198888888889,100,0.46,2.77,20751778,0.9169367423868935,1.01,52,ok,998,0.8866040221558985,0.8687526050087432,0.1868918186716733,0.6304245024079589,1.260419729518029,0.6299952271100702,1.01,49.0,usable_but_moderately_uncertain
mw64,5,primary_N100_step20,100,20,False,dynamic,0.01,1.5,1000,64,1280,1380,2019-07-05 16:53:19.830000+00:00,2019-07-05 18:53:23.320000+00:00,2019-07-05 17:45:39.080000+00:00,2019-07-05 17:45:39.080000+00:00,24.197233333333333,100,0.41,2.77,20751795,0.7720994144962068,0.9099999999999999,52,ok,1000,0.8129624086554511,0.7926227087520881,0.15436401893030005,0.6085520480197184,1.095350236872775,0.4867981888530566,0.96,47.0,usable_but_moderately_uncertain
mw64,5,primary_N100_step20,100,20,False,dynamic,0.01,1.5,1000,65,1300,1400,2019-07-05 17:13:18.980000+00:00,2019-07-05 19:12:05.220000+00:00,2019-07-05 18:11:01.980000+00:00,2019-07-05 18:11:01.980000+00:00,24.620261111111112,100,0.41,2.77,20751812,0.7789652340664951,0.9099999999999999,59,ok,998,0.8238861383683185,0.7999530766198514,0.1576708998256255,0.6436757190498602,1.1267657441403105,0.4830900250904503,1.01,50.0,usable_but_moderately_uncertain
mw64,5,primary_N100_step20,100,20,False,dynamic,0.01,1.5,1000,66,1320,1420,2019-07-05 17:38:44.500000+00:00,2019-07-05 19:38:38.560000+00:00,2019-07-05 18:37:48.040000+00:00,2019-07-05 18:37:48.040000+00:00,25.066388888888888,100,0.39,2.77,20751829,0.7974451498624318,0.9099999999999999,53,ok,998,0.8549301304304409,0.8186197316042695,0.23080365963581198,0.6429821407967341,1.1906811438622082,0.5476990030654741,0.96,46.0,usable_but_moderately_uncertain
mw64,5,primary_N100_step20,100,20,False,dynamic,0.01,1.5,1000,67,1340,1440,2019-07-05 17:58:58.260000+00:00,2019-07-05 20:01:26.680000+00:00,2019-07-05 19:04:19.080000+00:00,2019-07-05 19:04:19.080000+00:00,25.508344444444443,100,0.39,2.77,20751846,0.9460600811753748,0.95,54,ok,999,0.9671086082799648,0.9375092421453743,0.19026445499046798,0.7431805174149925,1.3139598797417529,0.5707793623267604,1.02,47.0,usable_but_moderately_uncertain
mw64,5,primary_N100_step20,100,20,False,dynamic,0.01,1.5,1000,68,1360,1460,2019-07-05 18:24:06.720000+00:00,2019-07-05 20:29:42.620000+00:00,2019-07-05 19:26:17.840000+00:00,2019-07-05 19:26:17.840000+00:00,25.874666666666666,100,0.39,2.39,20751863,1.0364647437543824,0.9099999999999999,57,ok,996,1.117805574217335,1.0650453259665242,0.29789915375453474,0.818155404746677,1.7356705575341214,0.9175151527874443,1.05,42.0,usable_but_moderately_uncertain
mw64,5,primary_N100_step20,100,20,False,dynamic,0.01,1.5,1000,69,1380,1480,2019-07-05 18:54:06.080000+00:00,2019-07-05 20:50:30.040000+00:00,2019-07-05 19:52:36.920000+00:00,2019-07-05 19:52:36.920000+00:00,26.3133,100,0.39,2.19,20751880,1.1651791611495235,1.06,40,ok,992,1.2262755094577302,1.1601061662112357,0.43779434493606995,0.9095590018976235,1.8483405694013129,0.9387815675036894,1.06,39.0,exploratory
mw64,5,primary_N100_step20,100,20,False,dynamic,0.01,1.5,1000,70,1400,1500,2019-07-05 19:14:00.120000+00:00,2019-07-05 21:17:30.880000+00:00,2019-07-05 20:17:24.620000+00:00,2019-07-05 20:17:24.620000+00:00,26.72655,100,0.39,2.99,20751897,0.8600171761917567,0.97,48,ok,998,0.874857722769205,0.841230416257237,0.2152880242916687,0.6267000300576209,1.2534013173412424,0.6267012872836215,1.04,40.0,exploratory
mw64,5,primary_N100_step20,100,20,False,dynamic,0.01,1.5,1000,71,1420,1520,2019-07-05 19:38:46.040000+00:00,2019-07-05 21:34:33+00:00,2019-07-05 20:39:41.380000+00:00,2019-07-05 20:39:41.380000+00:00,27.09787222222222,100,0.4,2.99,20751914,0.7852548093206869,1.28,26,ok,996,0.8575414133871048,0.834988720974567,0.17268969641452217,0.6260051827897317,1.238755899496272,0.6127507167065402,1.11,38.5,highly_unreliable
mw64,5,primary_N100_step20,100,20,False,dynamic,0.01,1.5,1000,72,1440,1540,2019-07-05 20:04:05.840000+00:00,2019-07-05 22:01:46.740000+00:00,2019-07-05 21:08:05.180000+00:00,2019-07-05 21:08:05.180000+00:00,27.57115,100,0.4,2.99,20751931,0.8074764808122555,0.8700000000000001,63,ok,998,0.8268370968641804,0.8020353867197255,0.15343676768414793,0.6220287819062589,1.2070839764746673,0.5850551945684084,1.04,45.0,usable_but_moderately_uncertain
mw64,5,primary_N100_step20,100,20,False,dynamic,0.01,1.5,1000,73,1460,1560,2019-07-05 20:30:19.140000+00:00,2019-07-05 22:32:17.560000+00:00,2019-07-05 21:27:35.640000+00:00,2019-07-05 21:27:35.640000+00:00,27.89627777777778,100,0.4,2.99,20751948,0.7695909860304826,0.8700000000000001,60,ok,996,0.7690733410827021,0.752361735600014,0.13228359862687333,0.5690303673453803,1.0646463694492967,0.49561600210391643,1.04,42.0,usable_but_moderately_uncertain
mw64,5,primary_N100_step20,100,20,False,dynamic,0.01,1.5,1000,74,1480,1580,2019-07-05 20:51:18.420000+00:00,2019-07-05 23:10:55.640000+00:00,2019-07-05 21:52:45.660000+00:00,2019-07-05 21:52:45.660000+00:00,28.315727777777777,100,0.38,2.99,20751965,0.7488021392549916,0.8700000000000001,62,ok,1000,0.7250809261946526,0.7113895197381043,0.11186075566255423,0.5544078441169481,0.9612503247998598,0.40684248068291173,0.9099999999999999,52.0,usable_but_moderately_uncertain
mw64,5,primary_N100_step20,100,20,False,dynamic,0.01,1.5,1000,75,1500,1600,2019-07-05 21:18:16.880000+00:00,2019-07-05 23:34:05.360000+00:00,2019-07-05 22:21:58.120000+00:00,2019-07-05 22:21:58.120000+00:00,28.802522222222223,100,0.38,2.98,20751982,0.844061780030857,0.8700000000000001,64,ok,995,0.8623783162587393,0.8377969412786193,0.15629070004433637,0.6529396187616863,1.2774975664583403,0.6245579476966541,0.8999999999999999,55.0,usable_but_moderately_uncertain
mw64,5,primary_N100_step20,100,20,False,dynamic,0.01,1.5,1000,76,1520,1620,2019-07-05 21:36:02.400000+00:00,2019-07-06 00:02:05.750000+00:00,2019-07-05 22:48:56.560000+00:00,2019-07-05 22:48:56.560000+00:00,29.25208888888889,100,0.38,2.98,20751999,0.8415500721772241,1.25,37,ok,999,0.8171291504150601,0.7769818573463594,0.2682847102341969,0.6035272180609175,1.1786067440242862,0.5750795259633688,1.08,44.0,exploratory
mw64,5,primary_N100_step20,100,20,False,dynamic,0.01,1.5,1000,77,1540,1640,2019-07-05 22:02:48.520000+00:00,2019-07-06 00:46:54.320000+00:00,2019-07-05 23:24:13.600000+00:00,2019-07-05 23:24:13.600000+00:00,29.840155555555555,100,0.38,2.98,20752016,0.836594449177803,0.94,58,ok,999,0.8442067953809667,0.819784134204869,0.15762459438751375,0.6496760744259434,1.1362775939557042,0.4866015195297607,0.97,48.0,usable_but_moderately_uncertain
mw64,5,primary_N100_step20,100,20,False,dynamic,0.01,1.5,1000,78,1560,1660,2019-07-05 22:33:24.900000+00:00,2019-07-06 01:23:42.740000+00:00,2019-07-05 23:48:21.820000+00:00,2019-07-05 23:48:21.820000+00:00,30.242438888888888,100,0.38,3.12,20752033,0.8100077032049449,1.25,34,ok,1000,0.8141315008715883,0.793852701358807,0.13421826972324208,0.6259299385574554,1.1399920847104963,0.5140621461530409,1.09,41.0,exploratory
mw64,5,primary_N100_step20,100,20,False,dynamic,0.01,1.5,1000,79,1580,1680,2019-07-05 23:11:54.460000+00:00,2019-07-06 01:50:54.650000+00:00,2019-07-06 00:30:33.470000+00:00,2019-07-06 00:30:33.470000+00:00,30.945674999999998,100,0.49,3.12,20752050,0.8723568404856876,1.25,35,ok,999,0.9050434008965744,0.8822536640660719,0.1735089723829658,0.6782891529028324,1.3160846550281389,0.6377955021253064,1.17,40.0,exploratory
mw64,5,primary_N100_step20,100,20,False,dynamic,0.01,1.5,1000,80,1600,1700,2019-07-05 23:36:51.280000+00:00,2019-07-06 02:14:54.600000+00:00,2019-07-06 01:08:48.940000+00:00,2019-07-06 01:08:48.940000+00:00,31.583305555555555,100,0.49,3.12,20752067,0.934640763552372,0.94,63,ok,998,0.8890835087511767,0.8692345359505946,0.152085451034048,0.6478309996672996,1.2298358920489636,0.582004892381664,1.1,40.0,usable_but_moderately_uncertain
mw64,5,primary_N100_step20,100,20,False,dynamic,0.01,1.5,1000,81,1620,1720,2019-07-06 00:03:09.760000+00:00,2019-07-06 02:45:04.600000+00:00,2019-07-06 01:41:12.960000+00:00,2019-07-06 01:41:12.960000+00:00,32.12331111111111,100,0.5,3.12,20752084,0.7777289886081555,1.17,35,ok,998,0.8310547405569589,0.8098389196139174,0.1570401009292179,0.5995257316723512,1.1688281190726066,0.5693023874002554,1.17,35.0,exploratory
mw64,5,primary_N100_step20,100,20,False,dynamic,0.01,1.5,1000,82,1640,1740,2019-07-06 00:48:45.580000+00:00,2019-07-06 03:05:34.010000+00:00,2019-07-06 02:05:20.400000+00:00,2019-07-06 02:05:20.400000+00:00,32.52537777777778,100,0.48,3.12,20752101,0.8673787234914065,1.09,42,ok,995,0.8766390790403553,0.8558740613320485,0.1737043538240652,0.6096382478277214,1.2459253544097544,0.636287106582033,1.09,41.0,exploratory
mw64,5,exploratory_N50_step10,50,10,True,dynamic,0.01,1.5,1000,0,0,50,2019-07-04 17:35:51.840000+00:00,2019-07-04 18:17:15.040000+00:00,2019-07-04 18:00:12.420000+00:00,2019-07-04 18:00:12.420000+00:00,0.4398277777777778,50,1.8,4.68,20750707,0.5535100182847521,2.56,27,ok,973,0.6565264873951431,0.5839858096650805,0.3344507112422712,0.442897912861951,1.4240439114610284,0.9811459985990774,2.56,27.0,highly_unreliable
mw64,5,exploratory_N50_step10,50,10,True,dynamic,0.01,1.5,1000,1,10,60,2019-07-04 17:50:46.620000+00:00,2019-07-04 18:23:34.620000+00:00,2019-07-04 18:06:15.960000+00:00,2019-07-04 18:06:15.960000+00:00,0.5408111111111111,50,1.8,4.04,20750724,0.8878073053314777,2.33,31,ok,985,0.8825198472283197,0.8461497063875468,0.2229041959441302,0.6087524548805909,1.3310674981009643,0.7223150432203733,2.33,28.0,exploratory
mw64,5,exploratory_N50_step10,50,10,True,dynamic,0.01,1.5,1000,2,20,70,2019-07-04 17:57:31.260000+00:00,2019-07-04 18:31:34.440000+00:00,2019-07-04 18:14:34.560000+00:00,2019-07-04 18:14:34.560000+00:00,0.6793111111111111,50,1.58,4.04,20750741,0.7991489837608775,2.33,26,ok,979,0.8357958088156346,0.782533751195662,0.4213227908974832,0.5535960121796272,1.2690965708645148,0.7155005586848876,2.33,26.0,highly_unreliable
mw64,5,exploratory_N50_step10,50,10,True,dynamic,0.01,1.5,1000,3,30,80,2019-07-04 18:03:40.060000+00:00,2019-07-04 18:41:43.960000+00:00,2019-07-04 18:21:50.320000+00:00,2019-07-04 18:21:50.320000+00:00,0.8003555555555556,50,1.58,4.04,20750758,0.8030327067560995,2.33,24,ok,990,0.8106250218086962,0.7786728972124424,0.261539232648236,0.582538407423903,1.1393272653751603,0.5567888579512573,2.31,25.0,highly_unreliable
mw64,5,exploratory_N50_step10,50,10,True,dynamic,0.01,1.5,1000,4,40,90,2019-07-04 18:09:21.200000+00:00,2019-07-04 18:49:19.760000+00:00,2019-07-04 18:29:32.400000+00:00,2019-07-04 18:29:32.400000+00:00,0.9287111111111112,50,1.58,4.89,20750775,0.6850781455082252,2.33,19,ok,972,0.7532471191896271,0.7120822213167387,0.5761879946986649,0.46869266954485783,1.100801901984452,0.632109232439594,2.31,21.0,highly_unreliable
mw64,5,exploratory_N50_step10,50,10,True,dynamic,0.01,1.5,1000,5,50,100,2019-07-04 18:17:55.680000+00:00,2019-07-04 18:59:54.400000+00:00,2019-07-04 18:38:19.800000+00:00,2019-07-04 18:38:19.800000+00:00,1.0752111111111111,50,1.58,4.89,20750792,0.711609541900737,2.13,32,ok,975,0.771794629301378,0.7184522519533223,0.5892560160889813,0.48411175072534973,1.1392489843885627,0.655137233663213,2.31,27.0,exploratory
mw64,5,exploratory_N50_step10,50,10,True,dynamic,0.01,1.5,1000,6,60,110,2019-07-04 18:25:05.460000+00:00,2019-07-04 19:07:36.760000+00:00,2019-07-04 18:47:06.180000+00:00,2019-07-04 18:47:06.180000+00:00,1.2214277777777778,50,1.55,4.89,20750809,0.6649036345281377,2.13,33,ok,964,0.7362323097197091,0.6621327876905311,0.4418255456024344,0.44519370711982814,1.1937052048335945,0.7485114977137663,2.31,28.0,exploratory
mw64,5,exploratory_N50_step10,50,10,True,dynamic,0.01,1.5,1000,7,70,120,2019-07-04 18:32:42.960000+00:00,2019-07-04 19:17:51.180000+00:00,2019-07-04 18:57:15.960000+00:00,2019-07-04 18:57:15.960000+00:00,1.3908111111111112,50,1.11,4.89,20750826,0.6662366235305633,2.13,32,ok,977,0.6877725625770552,0.6499450802031249,0.276312532567568,0.4274499860255438,1.0817402987263194,0.6542903127007755,2.23,27.0,exploratory
mw64,5,exploratory_N50_step10,50,10,True,dynamic,0.01,1.5,1000,8,80,130,2019-07-04 18:42:02.420000+00:00,2019-07-04 19:30:29.040000+00:00,2019-07-04 19:03:57.960000+00:00,2019-07-04 19:03:57.960000+00:00,1.5024777777777778,50,1.11,4.89,20750843,0.6296058105964181,2.3400000000000003,25,ok,976,0.6111341663761027,0.5722885471786697,0.22530732978650134,0.3509378285662193,1.045685462631724,0.6947476340655048,2.3400000000000003,24.0,highly_unreliable
mw64,5,exploratory_N50_step10,50,10,True,dynamic,0.01,1.5,1000,9,90,140,2019-07-04 18:50:15.620000+00:00,2019-07-04 19:38:22.560000+00:00,2019-07-04 19:14:00.400000+00:00,2019-07-04 19:14:00.400000+00:00,1.669822222222222,50,1.11,4.78,20750860,0.5536200534472776,1.75,38,ok,961,0.6715579641752424,0.6039366192077571,0.34919707767667174,0.4077061690842072,1.1964792029643305,0.7887730338801233,2.0500000000000003,25.0,exploratory
mw64,5,exploratory_N50_step10,50,10,True,dynamic,0.01,1.5,1000,10,100,150,2019-07-04 19:00:09.520000+00:00,2019-07-04 19:51:16.840000+00:00,2019-07-04 19:27:17.960000+00:00,2019-07-04 19:27:17.960000+00:00,1.8913666666666666,50,1.11,4.78,20750877,0.544807816855392,1.56,37,ok,960,0.671511590266086,0.5940954836244035,0.6434163036832389,0.4116566194832153,1.0327793421480977,0.6211227226648824,1.8599999999999999,26.0,exploratory
mw64,5,exploratory_N50_step10,50,10,True,dynamic,0.01,1.5,1000,11,110,160,2019-07-04 19:09:17.180000+00:00,2019-07-04 19:59:06.600000+00:00,2019-07-04 19:34:18.320000+00:00,2019-07-04 19:34:18.320000+00:00,2.0081333333333333,50,1.11,4.78,20750894,0.524416613852672,1.56,38,ok,991,0.5770133548815567,0.5494652137608246,0.1646378926327144,0.39254830263515283,0.8763562714471156,0.48380796881196275,1.8599999999999999,28.0,exploratory
mw64,5,exploratory_N50_step10,50,10,True,dynamic,0.01,1.5,1000,12,120,170,2019-07-04 19:19:27.560000+00:00,2019-07-04 20:06:07.800000+00:00,2019-07-04 19:47:07.100000+00:00,2019-07-04 19:47:07.100000+00:00,2.2216833333333335,50,1.26,4.78,20750911,0.5586914877606489,1.68,34,ok,981,0.590781720665923,0.5603877517998579,0.16629749603711458,0.3964636086477141,0.9460735773383491,0.5496099686906349,1.8599999999999999,26.0,exploratory
mw64,5,exploratory_N50_step10,50,10,True,dynamic,0.01,1.5,1000,13,130,180,2019-07-04 19:30:36.540000+00:00,2019-07-04 20:16:10.220000+00:00,2019-07-04 19:56:00.360000+00:00,2019-07-04 19:56:00.360000+00:00,2.369811111111111,50,1.26,4.32,20750928,0.6401592792049423,1.7,35,ok,984,0.6328780735445539,0.613380750418943,0.1696411784614038,0.4051755374459034,0.9527056900898929,0.5475301526439895,1.89,27.0,exploratory
mw64,5,exploratory_N50_step10,50,10,True,dynamic,0.01,1.5,1000,14,140,190,2019-07-04 19:39:49.360000+00:00,2019-07-04 20:26:29.760000+00:00,2019-07-04 20:03:52.360000+00:00,2019-07-04 20:03:52.360000+00:00,2.500922222222222,50,1.16,4.32,20750945,0.5781043523099759,1.7,32,ok,989,0.5842864660483105,0.554955335983113,0.1627727949672294,0.39767333302018537,0.8729147983806222,0.4752414653604369,1.7,29.0,exploratory
mw64,5,exploratory_N50_step10,50,10,True,dynamic,0.01,1.5,1000,15,150,200,2019-07-04 19:53:18.520000+00:00,2019-07-04 20:33:34.040000+00:00,2019-07-04 20:10:18.920000+00:00,2019-07-04 20:10:18.920000+00:00,2.6083,50,1.16,4.32,20750962,0.5542575452556486,1.3699999999999999,42,ok,986,0.6354118903507439,0.6126917451561149,0.16157774816736906,0.40389725140903004,1.0185526757453456,0.6146554243363156,1.8,28.0,exploratory
mw64,5,exploratory_N50_step10,50,10,True,dynamic,0.01,1.5,1000,16,160,210,2019-07-04 19:59:43.200000+00:00,2019-07-04 20:42:56.620000+00:00,2019-07-04 20:24:49.680000+00:00,2019-07-04 20:24:49.680000+00:00,2.8501777777777777,50,1.16,4.32,20750979,0.700490156865852,2.14,10,ok,993,0.8094489353012801,0.7489766531802835,0.29328793027447647,0.4391662115812215,1.5239966556736904,1.0848304440924688,1.8499999999999999,19.0,highly_unreliable
mw64,5,exploratory_N50_step10,50,10,True,dynamic,0.01,1.5,1000,17,170,220,2019-07-04 20:07:32.400000+00:00,2019-07-04 20:53:40.120000+00:00,2019-07-04 20:29:33.960000+00:00,2019-07-04 20:29:33.960000+00:00,2.9291444444444443,50,0.84,4.32,20750996,0.7113262451787284,2.14,9,ok,994,0.839512359228237,0.7288102842784617,0.5699369156266512,0.4325813623627624,2.048376200057321,1.6157948376945588,1.9,17.0,highly_unreliable
mw64,5,exploratory_N50_step10,50,10,True,dynamic,0.01,1.5,1000,18,180,230,2019-07-04 20:17:03.140000+00:00,2019-07-04 20:59:29.200000+00:00,2019-07-04 20:39:14.040000+00:00,2019-07-04 20:39:14.040000+00:00,3.0902777777777777,50,0.84,3.47,20751013,0.7470456753535033,1.96,11,ok,989,0.8306334147420223,0.7628957458009873,0.4016722582748748,0.5116716301595801,1.5058367080649058,0.9941650779053257,1.94,14.0,highly_unreliable
mw64,5,exploratory_N50_step10,50,10,True,dynamic,0.01,1.5,1000,19,190,240,2019-07-04 20:26:35.200000+00:00,2019-07-04 21:10:16.360000+00:00,2019-07-04 20:48:23.860000+00:00,2019-07-04 20:48:23.860000+00:00,3.2430055555555555,50,0.84,3.58,20751030,0.6377419765115743,1.96,10,ok,988,0.7907499374401931,0.7376282560244765,0.35219918641964065,0.4519112519632604,1.5239966556736841,1.0720854037104237,1.94,13.0,highly_unreliable
mw64,5,exploratory_N50_step10,50,10,True,dynamic,0.01,1.5,1000,20,200,250,2019-07-04 20:36:45.120000+00:00,2019-07-04 21:18:19.560000+00:00,2019-07-04 20:57:41.960000+00:00,2019-07-04 20:57:41.960000+00:00,3.3980333333333332,50,0.84,3.58,20751047,0.7603173052220534,1.38,37,ok,986,0.8214150505427401,0.7716913066616069,0.3447643039450516,0.47142801320645167,1.4193201072207773,0.9478920940143256,1.68,24.0,exploratory
mw64,5,exploratory_N50_step10,50,10,True,dynamic,0.01,1.5,1000,21,210,260,2019-07-04 20:44:01.100000+00:00,2019-07-04 21:30:20.820000+00:00,2019-07-04 21:06:30.740000+00:00,2019-07-04 21:06:30.740000+00:00,3.544916666666667,50,0.84,3.58,20751064,0.648605227166918,1.38,37,ok,973,0.7736469300605561,0.6722959049374567,0.7013183149603026,0.49040296476834694,1.400510223496314,0.910107258727967,1.68,26.0,exploratory
mw64,5,exploratory_N50_step10,50,10,True,dynamic,0.01,1.5,1000,22,220,270,2019-07-04 20:54:58.260000+00:00,2019-07-04 21:38:53.240000+00:00,2019-07-04 21:14:35.740000+00:00,2019-07-04 21:14:35.740000+00:00,3.679638888888889,50,1.08,3.58,20751081,0.8129579731147315,1.68,26,ok,976,0.8302706524780235,0.7957173633079302,0.24264593095216527,0.5457015440123087,1.2973947077330568,0.751693163720748,1.74,23.0,highly_unreliable
mw64,5,exploratory_N50_step10,50,10,True,dynamic,0.01,1.5,1000,23,230,280,2019-07-04 20:59:58.520000+00:00,2019-07-04 21:45:02.580000+00:00,2019-07-04 21:26:34.600000+00:00,2019-07-04 21:26:34.600000+00:00,3.879322222222222,50,1.02,3.58,20751098,0.726070158526465,1.38,38,ok,984,0.7598874133573028,0.7116186070240098,0.2804829455436925,0.4887433406079746,1.2383261731424733,0.7495828325344986,1.68,22.0,exploratory
mw64,5,exploratory_N50_step10,50,10,True,dynamic,0.01,1.5,1000,24,240,290,2019-07-04 21:11:09.420000+00:00,2019-07-04 21:50:53.240000+00:00,2019-07-04 21:37:04.320000+00:00,2019-07-04 21:37:04.320000+00:00,4.0542444444444445,50,1.02,3.48,20751115,0.7127043749133958,1.8699999999999999,16,ok,981,0.8088800931721141,0.7378737630938407,0.32644731246444636,0.5428049424816954,1.5064250021136858,0.9636200596319904,1.75,19.0,highly_unreliable
mw64,5,exploratory_N50_step10,50,10,True,dynamic,0.01,1.5,1000,25,250,300,2019-07-04 21:23:14.880000+00:00,2019-07-04 21:58:29.280000+00:00,2019-07-04 21:43:00.740000+00:00,2019-07-04 21:43:00.740000+00:00,4.15325,50,1.02,3.48,20751132,0.7304819462285226,1.72,22,ok,975,0.8534707284431662,0.7913082634369087,0.29077604251438344,0.5760691520389578,1.5829572727843684,1.0068881207454106,1.8699999999999999,19.0,highly_unreliable
mw64,5,exploratory_N50_step10,50,10,True,dynamic,0.01,1.5,1000,26,260,310,2019-07-04 21:31:51.360000+00:00,2019-07-04 22:07:00.920000+00:00,2019-07-04 21:49:12.100000+00:00,2019-07-04 21:49:12.100000+00:00,4.256405555555555,50,1.02,3.56,20751149,0.6600347129699246,1.72,20,ok,979,0.7368896427977728,0.7008226298377421,0.3379600776466697,0.4727754526579513,1.1551089994863235,0.6823335468283722,1.8299999999999998,18.0,highly_unreliable
mw64,5,exploratory_N50_step10,50,10,True,dynamic,0.01,1.5,1000,27,270,320,2019-07-04 21:39:12.220000+00:00,2019-07-04 22:21:03.800000+00:00,2019-07-04 21:55:56.440000+00:00,2019-07-04 21:55:56.440000+00:00,4.368722222222222,50,1.02,3.56,20751166,0.7616724198305221,1.66,25,ok,981,0.7411590718441136,0.6915051597407804,0.3711853416143142,0.46964474990824945,1.2774978974204978,0.8078531475122483,1.77,18.0,highly_unreliable
mw64,5,exploratory_N50_step10,50,10,True,dynamic,0.01,1.5,1000,28,280,330,2019-07-04 21:45:25.880000+00:00,2019-07-04 22:32:11.040000+00:00,2019-07-04 22:01:40.840000+00:00,2019-07-04 22:01:40.840000+00:00,4.464388888888888,50,1.0,3.56,20751183,0.7449487655609455,1.88,15,ok,972,0.803810206706566,0.7752005340674981,0.28407673519997684,0.49020579143153864,1.2712657095561901,0.7810599181246515,1.88,16.0,highly_unreliable
mw64,5,exploratory_N50_step10,50,10,True,dynamic,0.01,1.5,1000,29,290,340,2019-07-04 21:52:26.440000+00:00,2019-07-04 22:43:54.240000+00:00,2019-07-04 22:11:56.140000+00:00,2019-07-04 22:11:56.140000+00:00,4.635305555555555,50,1.0,3.56,20751200,0.743991611094308,1.88,16,ok,977,0.8206917503344932,0.7500954714425999,0.48644725481111717,0.5116763517420442,1.4066002742810293,0.8949239225389851,1.77,19.0,highly_unreliable
mw64,5,exploratory_N50_step10,50,10,True,dynamic,0.01,1.5,1000,30,300,350,2019-07-04 21:59:15.240000+00:00,2019-07-04 22:54:12.440000+00:00,2019-07-04 22:27:51.080000+00:00,2019-07-04 22:27:51.080000+00:00,4.900566666666667,50,0.99,3.56,20751217,0.6496884140344363,1.54,23,ok,980,0.7244073581955357,0.6800064751224606,0.33863132159389003,0.4616323601281658,1.1127973726381606,0.6511650125099948,1.5899999999999999,20.0,highly_unreliable
mw64,5,exploratory_N50_step10,50,10,True,dynamic,0.01,1.5,1000,31,310,360,2019-07-04 22:07:19.940000+00:00,2019-07-04 23:04:34.580000+00:00,2019-07-04 22:38:47.160000+00:00,2019-07-04 22:38:47.160000+00:00,5.082811111111111,50,0.99,3.25,20751234,0.8845407227904086,1.38,30,ok,973,0.8937946080233085,0.8360113431124926,0.32965783940162047,0.578787550774311,1.5338104605415275,0.9550229097672165,1.54,22.0,exploratory
mw64,5,exploratory_N50_step10,50,10,True,dynamic,0.01,1.5,1000,32,320,370,2019-07-04 22:22:26.640000+00:00,2019-07-04 23:09:28.520000+00:00,2019-07-04 22:50:09.900000+00:00,2019-07-04 22:50:09.900000+00:00,5.272461111111111,50,0.99,3.25,20751251,0.7996441912385784,1.38,32,ok,980,0.8891605548650415,0.8131505165519683,0.32019063598376263,0.5961780147760776,1.6129700739206831,1.0167920591446056,1.5899999999999999,21.0,exploratory
mw64,5,exploratory_N50_step10,50,10,True,dynamic,0.01,1.5,1000,33,330,380,2019-07-04 22:34:27.820000+00:00,2019-07-04 23:21:07.620000+00:00,2019-07-04 22:59:54.560000+00:00,2019-07-04 22:59:54.560000+00:00,5.434866666666667,50,0.99,3.6,20751268,0.7354651659524866,1.38,29,ok,977,0.7954252155525698,0.7577098304338679,0.21899331178071424,0.5166617986172405,1.3024996188112805,0.78583782019404,1.54,22.0,highly_unreliable
mw64,5,exploratory_N50_step10,50,10,True,dynamic,0.01,1.5,1000,34,340,390,2019-07-04 22:46:39.560000+00:00,2019-07-04 23:28:21.120000+00:00,2019-07-04 23:07:10.460000+00:00,2019-07-04 23:07:10.460000+00:00,5.555949999999999,50,0.99,3.6,20751285,0.874447961568032,1.38,30,ok,989,0.9511107300121895,0.906071421373722,0.2678723724599275,0.6204069842928914,1.594134969717953,0.9737279854250616,1.54,22.0,exploratory
mw64,5,exploratory_N50_step10,50,10,True,dynamic,0.01,1.5,1000,35,350,400,2019-07-04 22:54:39.140000+00:00,2019-07-04 23:39:09.880000+00:00,2019-07-04 23:16:49.500000+00:00,2019-07-04 23:16:49.500000+00:00,5.716794444444444,50,0.71,3.6,20751302,0.8683697963137237,1.38,35,ok,986,0.9853072224937449,0.908877360840052,0.3649225294190488,0.5590406288352461,1.8484526773179881,1.289412048482742,1.51,26.0,exploratory
mw64,5,exploratory_N50_step10,50,10,True,dynamic,0.01,1.5,1000,36,360,410,2019-07-04 23:05:09.440000+00:00,2019-07-04 23:49:30.200000+00:00,2019-07-04 23:26:14.480000+00:00,2019-07-04 23:26:14.480000+00:00,5.873733333333333,50,0.71,3.6,20751319,0.7608273093696698,1.3,36,ok,972,0.9705964288935391,0.8664170103713325,0.41465347601332714,0.5489134541605548,2.2036259288925266,1.654712474731972,1.54,26.0,exploratory
mw64,5,exploratory_N50_step10,50,10,True,dynamic,0.01,1.5,1000,37,370,420,2019-07-04 23:11:34.320000+00:00,2019-07-05 00:01:47.600000+00:00,2019-07-04 23:33:02.820000+00:00,2019-07-04 23:33:02.820000+00:00,5.987161111111111,50,0.71,3.6,20751336,0.8464982817042848,1.3,31,ok,970,0.9500834092762019,0.8879034777056485,0.34423773315526335,0.5726238565177995,1.7903501459223063,1.217726289404507,1.3399999999999999,26.0,exploratory
mw64,5,exploratory_N50_step10,50,10,True,dynamic,0.01,1.5,1000,38,380,430,2019-07-04 23:22:19.420000+00:00,2019-07-05 00:09:20.460000+00:00,2019-07-04 23:46:12.220000+00:00,2019-07-04 23:46:12.220000+00:00,6.206438888888889,50,0.71,2.59,20751353,0.962084081432493,1.3,28,ok,960,1.0963229610961502,0.9805068643954207,0.6601107621290958,0.6855214701278688,2.2862882959504254,1.6007668258225567,1.42,23.0,highly_unreliable
mw64,5,exploratory_N50_step10,50,10,True,dynamic,0.01,1.5,1000,39,390,440,2019-07-04 23:28:37.560000+00:00,2019-07-05 00:21:38.440000+00:00,2019-07-04 23:56:55.540000+00:00,2019-07-04 23:56:55.540000+00:00,6.385138888888889,50,0.58,2.59,20751370,1.0919979408157492,1.43,22,ok,978,1.1027100457278751,0.9958883511615843,0.6745226403631764,0.6500155645166247,1.791480782647545,1.1414652181309202,1.43,21.0,highly_unreliable
mw64,5,exploratory_N50_step10,50,10,True,dynamic,0.01,1.5,1000,40,400,450,2019-07-04 23:40:19.320000+00:00,2019-07-05 00:30:47.730000+00:00,2019-07-05 00:05:59.810000+00:00,2019-07-05 00:05:59.810000+00:00,6.536325,50,0.58,2.74,20751387,0.7460456765464247,1.3,21,ok,988,0.8433160261886182,0.7941111262916569,0.3539176866644983,0.5742564103199349,1.3323151317604394,0.7580587214405045,1.3,20.0,highly_unreliable
mw64,5,exploratory_N50_step10,50,10,True,dynamic,0.01,1.5,1000,41,410,460,2019-07-04 23:51:56.780000+00:00,2019-07-05 00:37:43.330000+00:00,2019-07-05 00:16:42.430000+00:00,2019-07-05 00:16:42.430000+00:00,6.714830555555555,50,0.58,4.36,20751404,0.6612223645237055,1.3,22,ok,989,0.7197567709440233,0.6827018774912159,0.2552228242672512,0.4259929249906386,1.1548192023568642,0.7288262773662255,1.3,21.0,highly_unreliable
mw64,5,exploratory_N50_step10,50,10,True,dynamic,0.01,1.5,1000,42,420,470,2019-07-05 00:02:00.870000+00:00,2019-07-05 00:48:04.780000+00:00,2019-07-05 00:26:52.300000+00:00,2019-07-05 00:26:52.300000+00:00,6.884238888888889,50,0.58,4.38,20751421,0.5982504649151378,1.43,21,ok,989,0.6512348792950531,0.6088340110420078,0.20929590595579542,0.3871409491779671,1.1494275121647728,0.7622865629868056,1.43,22.0,highly_unreliable
mw64,5,exploratory_N50_step10,50,10,True,dynamic,0.01,1.5,1000,43,430,480,2019-07-05 00:10:20.780000+00:00,2019-07-05 01:00:49.980000+00:00,2019-07-05 00:34:43.480000+00:00,2019-07-05 00:34:43.480000+00:00,7.015122222222222,50,0.58,4.38,20751438,0.5575102001545824,1.51,20,ok,977,0.652698480861633,0.6062035358943823,0.4467407335310234,0.36374666106005416,1.121691110190306,0.7579444491302518,1.46,22.0,highly_unreliable
mw64,5,exploratory_N50_step10,50,10,True,dynamic,0.01,1.5,1000,44,440,490,2019-07-05 00:23:04.390000+00:00,2019-07-05 01:11:10.850000+00:00,2019-07-05 00:43:46.830000+00:00,2019-07-05 00:43:46.830000+00:00,7.166052777777778,50,0.83,4.38,20751455,0.5409966616737507,1.1300000000000001,36,ok,978,0.5887333810341655,0.5501952854142547,0.22245753109450067,0.35484963316711093,1.0176806515447692,0.6628310183776582,1.3,27.0,exploratory
mw64,5,exploratory_N50_step10,50,10,True,dynamic,0.01,1.5,1000,45,450,500,2019-07-05 00:31:21.710000+00:00,2019-07-05 01:24:28.650000+00:00,2019-07-05 00:57:23.650000+00:00,2019-07-05 00:57:23.650000+00:00,7.392947222222222,50,0.73,4.38,20751472,0.5964506880655474,1.1300000000000001,35,ok,987,0.6207649514264542,0.5879232934434632,0.28390247933263585,0.31244342091490446,1.0126303392080933,0.7001869182931888,1.42,24.5,exploratory
mw64,5,exploratory_N50_step10,50,10,True,dynamic,0.01,1.5,1000,46,460,510,2019-07-05 00:37:50.090000+00:00,2019-07-05 01:34:57.650000+00:00,2019-07-05 01:06:48.720000+00:00,2019-07-05 01:06:48.720000+00:00,7.549911111111111,50,0.73,4.38,20751489,0.6237729951463193,1.16,32,ok,963,0.7263082136831225,0.6450036605037711,0.5826910435041235,0.3434543651949578,1.5888573920076963,1.2454030268127385,1.45,22.0,exploratory
mw64,5,exploratory_N50_step10,50,10,True,dynamic,0.01,1.5,1000,47,470,520,2019-07-05 00:48:50.700000+00:00,2019-07-05 01:45:20.470000+00:00,2019-07-05 01:16:24.550000+00:00,2019-07-05 01:16:24.550000+00:00,7.709863888888888,50,0.73,3.16,20751506,0.7465036767940059,1.16,28,ok,963,0.8187165885748161,0.7553137890445906,0.5144419933210955,0.5561404514208136,1.2774288036428918,0.7212883522220782,1.23,24.0,highly_unreliable
mw64,5,exploratory_N50_step10,50,10,True,dynamic,0.01,1.5,1000,48,480,530,2019-07-05 01:01:02.570000+00:00,2019-07-05 01:53:42.550000+00:00,2019-07-05 01:29:21.170000+00:00,2019-07-05 01:29:21.170000+00:00,7.925591666666667,50,0.73,3.16,20751523,0.7701975919903314,1.16,27,ok,965,0.8931568553687247,0.7738191031900321,1.2803262773230097,0.5694611847619769,1.4324949069282538,0.8630337221662768,1.21,24.0,highly_unreliable
mw64,5,exploratory_N50_step10,50,10,True,dynamic,0.01,1.5,1000,49,490,540,2019-07-05 01:12:50.100000+00:00,2019-07-05 02:03:28.950000+00:00,2019-07-05 01:38:23.760000+00:00,2019-07-05 01:38:23.760000+00:00,8.076311111111112,50,0.73,2.93,20751540,0.8566243830811415,1.16,30,ok,978,0.9677436927831947,0.8668863421674803,0.6474991327681103,0.6378897811257437,1.8581036549256305,1.2202138737998869,1.21,23.0,exploratory
mw64,5,exploratory_N50_step10,50,10,True,dynamic,0.01,1.5,1000,50,500,550,2019-07-05 01:25:23.260000+00:00,2019-07-05 02:12:26.790000+00:00,2019-07-05 01:49:47.720000+00:00,2019-07-05 01:49:47.720000+00:00,8.2663,50,0.78,2.93,20751557,0.7825337511956526,1.16,36,ok,982,1.002653841484034,0.8626894819946562,1.3451200645300059,0.6271043620756875,2.0278386954011904,1.400734333325503,1.3299999999999998,27.5,exploratory
mw64,5,exploratory_N50_step10,50,10,True,dynamic,0.01,1.5,1000,51,510,560,2019-07-05 01:36:20.450000+00:00,2019-07-05 02:30:10.610000+00:00,2019-07-05 01:59:37.440000+00:00,2019-07-05 01:59:37.440000+00:00,8.430111111111112,50,0.75,2.93,20751574,0.8352074364765862,1.79,12,ok,928,0.8812154330893731,0.8415465968263587,0.22732310427445898,0.6031964769913069,1.454345855315429,0.8511493783241221,1.63,16.0,highly_unreliable
mw64,5,exploratory_N50_step10,50,10,True,dynamic,0.01,1.5,1000,52,520,570,2019-07-05 01:47:02.570000+00:00,2019-07-05 02:41:47.800000+00:00,2019-07-05 02:08:19.710000+00:00,2019-07-05 02:08:19.710000+00:00,8.57518611111111,50,0.75,2.93,20751591,1.0079016282885338,1.57,22,ok,946,0.9463512995548251,0.890410159398763,0.2472249029217687,0.6334975606970916,1.5679888426807833,0.9344912819836917,1.57,20.0,highly_unreliable
mw64,5,exploratory_N50_step10,50,10,True,dynamic,0.01,1.5,1000,53,530,580,2019-07-05 01:54:39.580000+00:00,2019-07-05 02:51:10.210000+00:00,2019-07-05 02:22:23.500000+00:00,2019-07-05 02:22:23.500000+00:00,8.809572222222222,50,0.75,2.93,20751608,1.0664016362269781,1.57,22,ok,958,0.9281167116253021,0.8703476605568043,0.39389436114741333,0.5835621005238822,1.5851490702688695,1.0015869697449873,1.57,20.0,highly_unreliable
mw64,5,exploratory_N50_step10,50,10,True,dynamic,0.01,1.5,1000,54,540,590,2019-07-05 02:06:14.530000+00:00,2019-07-05 03:03:16.590000+00:00,2019-07-05 02:35:29.130000+00:00,2019-07-05 02:35:29.130000+00:00,9.027802777777778,50,0.75,2.93,20751625,0.7679674427611549,1.15,38,ok,970,0.9601677050523358,0.8819957780998468,0.5703052813549199,0.6074062338682451,1.6178174908892333,1.0104112570209882,1.32,31.0,exploratory
mw64,5,exploratory_N50_step10,50,10,True,dynamic,0.01,1.5,1000,55,550,600,2019-07-05 02:15:08.400000+00:00,2019-07-05 03:09:46.230000+00:00,2019-07-05 02:46:56.380000+00:00,2019-07-05 02:46:56.380000+00:00,9.218705555555555,50,0.69,2.93,20751642,0.8939043519399604,1.15,35,ok,985,1.0197355999917206,0.9469630474546414,0.4145673793384387,0.6384105171128837,1.8940501421596425,1.2556396250467587,1.32,27.0,exploratory
mw64,5,exploratory_N50_step10,50,10,True,dynamic,0.01,1.5,1000,56,560,610,2019-07-05 02:31:52.590000+00:00,2019-07-05 03:25:20.310000+00:00,2019-07-05 02:58:50.440000+00:00,2019-07-05 02:58:50.440000+00:00,9.417055555555557,50,0.69,2.69,20751659,0.8104522996400727,1.21,34,ok,971,1.0792757233350023,0.9105039604761779,1.054893392110323,0.6193715814816627,2.3481095849522897,1.728738003470627,1.56,20.0,exploratory
mw64,5,exploratory_N50_step10,50,10,True,dynamic,0.01,1.5,1000,57,570,620,2019-07-05 02:43:14.360000+00:00,2019-07-05 03:31:42.230000+00:00,2019-07-05 03:07:26.300000+00:00,2019-07-05 03:07:26.300000+00:00,9.56035,50,0.69,2.69,20751676,0.9508436713740573,1.6199999999999999,17,ok,976,1.0247839576827922,0.9050610816152139,0.7527283603898103,0.6019898316135597,2.266096217710883,1.6641063860973235,1.6199999999999999,17.0,highly_unreliable
mw64,5,exploratory_N50_step10,50,10,True,dynamic,0.01,1.5,1000,58,580,630,2019-07-05 02:52:31.320000+00:00,2019-07-05 03:43:01.550000+00:00,2019-07-05 03:16:49.410000+00:00,2019-07-05 03:16:49.410000+00:00,9.716769444444445,50,0.65,2.65,20751693,0.7701565749782184,1.17,37,ok,959,1.3147296000957542,0.9040884155318439,1.575203681524048,0.5844214732183612,5.115252244738128,4.530830771519767,1.6199999999999999,19.0,exploratory
mw64,5,exploratory_N50_step10,50,10,True,dynamic,0.01,1.5,1000,59,590,640,2019-07-05 03:03:48.060000+00:00,2019-07-05 03:52:59.990000+00:00,2019-07-05 03:27:29.140000+00:00,2019-07-05 03:27:29.140000+00:00,9.894472222222221,50,0.45,3.2,20751710,0.6454393916882264,1.15,33,ok,968,0.8270974984786672,0.6789869508129709,0.6340172446560152,0.4879982587212623,1.944912508813542,1.4569142500922796,1.17,28.0,exploratory
mw64,5,exploratory_N50_step10,50,10,True,dynamic,0.01,1.5,1000,60,600,650,2019-07-05 03:10:23.110000+00:00,2019-07-05 04:05:09.190000+00:00,2019-07-05 03:36:26.270000+00:00,2019-07-05 03:36:26.270000+00:00,10.043675,50,0.45,3.2,20751727,0.5990363689187419,1.15,34,ok,964,0.8182358744386875,0.6583106214387886,0.8073099039608386,0.45395630544539795,1.8615470308655018,1.4075907254201039,1.17,30.0,exploratory
mw64,5,exploratory_N50_step10,50,10,True,dynamic,0.01,1.5,1000,61,610,660,2019-07-05 03:25:51.140000+00:00,2019-07-05 04:14:45.030000+00:00,2019-07-05 03:49:20.620000+00:00,2019-07-05 03:49:20.620000+00:00,10.258772222222223,50,0.45,3.66,20751744,0.6606371408585519,1.28,25,ok,985,0.6531244895867095,0.6268276594238524,0.16363357357979047,0.44730884461192866,1.0326171632420198,0.5853083186300911,1.17,27.0,highly_unreliable
mw64,5,exploratory_N50_step10,50,10,True,dynamic,0.01,1.5,1000,62,620,670,2019-07-05 03:31:53.900000+00:00,2019-07-05 04:28:01.730000+00:00,2019-07-05 04:01:02.750000+00:00,2019-07-05 04:01:02.750000+00:00,10.453808333333333,50,0.45,3.66,20751761,0.6351769262938085,1.28,24,ok,990,0.6489286696733827,0.6158691347211752,0.185942664512198,0.45466589682493697,0.9726490688680386,0.5179831720431016,1.15,25.0,highly_unreliable
mw64,5,exploratory_N50_step10,50,10,True,dynamic,0.01,1.5,1000,63,630,680,2019-07-05 03:43:58.460000+00:00,2019-07-05 04:39:13.350000+00:00,2019-07-05 04:10:47.130000+00:00,2019-07-05 04:10:47.130000+00:00,10.61613611111111,50,0.45,3.66,20751778,0.6590331043750213,1.28,25,ok,982,0.642354466991235,0.6101054658476694,0.16484455044453308,0.4339622795308266,1.00062741136002,0.5666651318291933,1.16,26.0,highly_unreliable
mw64,5,exploratory_N50_step10,50,10,True,dynamic,0.01,1.5,1000,64,640,690,2019-07-05 03:54:41.490000+00:00,2019-07-05 04:45:32.010000+00:00,2019-07-05 04:22:09.750000+00:00,2019-07-05 04:22:09.750000+00:00,10.805752777777778,50,0.5,3.66,20751795,0.776450769437646,1.28,23,ok,940,0.7831509373396289,0.6845855577266755,0.8432526626492718,0.4951212466930662,1.2290622103463673,0.7339409636533012,1.07,28.0,highly_unreliable
mw64,5,exploratory_N50_step10,50,10,True,dynamic,0.01,1.5,1000,65,650,700,2019-07-05 04:05:31.510000+00:00,2019-07-05 04:54:43.660000+00:00,2019-07-05 04:34:29.570000+00:00,2019-07-05 04:34:29.570000+00:00,11.011258333333332,50,0.5,3.66,20751812,0.6855783555078029,0.9099999999999999,33,ok,931,0.8219137111307716,0.7619396870191972,0.3388864309439762,0.4300181591804384,1.5005908624958288,1.0705727033153905,1.07,28.0,exploratory
mw64,5,exploratory_N50_step10,50,10,True,dynamic,0.01,1.5,1000,66,660,710,2019-07-05 04:15:57.010000+00:00,2019-07-05 05:09:11.040000+00:00,2019-07-05 04:43:36.140000+00:00,2019-07-05 04:43:36.140000+00:00,11.163083333333333,50,0.5,2.3,20751829,0.7278267956015158,0.9099999999999999,35,ok,933,1.2124269724017387,0.975983728915624,0.9741854138292239,0.6241831079979893,4.061785090826408,3.437601982828419,1.3299999999999998,20.0,exploratory
mw64,5,exploratory_N50_step10,50,10,True,dynamic,0.01,1.5,1000,67,670,720,2019-07-05 04:29:23.110000+00:00,2019-07-05 05:17:19.320000+00:00,2019-07-05 04:49:33.410000+00:00,2019-07-05 04:49:33.410000+00:00,11.262325,50,0.51,3.31,20751846,0.7761404863246473,0.94,35,ok,974,0.9640464940587726,0.8818465047188607,0.3842814245365095,0.5853202156331212,1.9204092152086814,1.3350889995755602,1.3299999999999998,19.0,exploratory
mw64,5,exploratory_N50_step10,50,10,True,dynamic,0.01,1.5,1000,68,680,730,2019-07-05 04:40:21.500000+00:00,2019-07-05 05:30:08.960000+00:00,2019-07-05 05:04:55.310000+00:00,2019-07-05 05:04:55.310000+00:00,11.518408333333332,50,0.51,3.31,20751863,0.9281316389386698,1.32,17,ok,985,0.9954419604794683,0.9048128977397113,1.0065853516302985,0.5518585305851365,1.6176860987607913,1.0658275681756548,1.32,20.0,highly_unreliable
mw64,5,exploratory_N50_step10,50,10,True,dynamic,0.01,1.5,1000,69,690,740,2019-07-05 04:46:54.610000+00:00,2019-07-05 05:38:01.790000+00:00,2019-07-05 05:14:59.040000+00:00,2019-07-05 05:14:59.040000+00:00,11.686111111111112,50,0.56,3.31,20751880,0.9623245219496506,1.32,19,ok,984,1.0187546443240885,0.9401210285204733,0.403363052236652,0.6070352641620925,1.7769757778580773,1.1699405136959848,1.32,21.0,highly_unreliable
mw64,5,exploratory_N50_step10,50,10,True,dynamic,0.01,1.5,1000,70,700,750,2019-07-05 04:56:42.520000+00:00,2019-07-05 05:46:43.970000+00:00,2019-07-05 05:23:51.530000+00:00,2019-07-05 05:23:51.530000+00:00,11.834024999999999,50,0.56,3.31,20751897,0.8860720277096914,1.07,33,ok,987,0.83796776859352,0.7914469268432183,0.3105929122400793,0.5151954437683273,1.329365319901877,0.8141698761335496,1.32,18.0,exploratory
mw64,5,exploratory_N50_step10,50,10,True,dynamic,0.01,1.5,1000,71,710,760,2019-07-05 05:09:49.870000+00:00,2019-07-05 05:56:05.430000+00:00,2019-07-05 05:33:27.370000+00:00,2019-07-05 05:33:27.370000+00:00,11.993980555555556,50,0.56,3.31,20751914,0.7191096892697205,1.32,19,ok,980,0.7596014080044012,0.72585725602905,0.2371345254035393,0.4665719829163579,1.182719214406588,0.71614723149023,1.32,20.0,highly_unreliable
mw64,5,exploratory_N50_step10,50,10,True,dynamic,0.01,1.5,1000,72,720,770,2019-07-05 05:17:50.430000+00:00,2019-07-05 06:08:21.170000+00:00,2019-07-05 05:45:01.340000+00:00,2019-07-05 05:45:01.340000+00:00,12.18675,50,0.56,3.0,20751931,0.7643780197018146,1.28,22,ok,966,0.9331030400340496,0.7626838070290428,1.6940127681703308,0.5652641916450214,1.5550562415347549,0.9897920498897335,1.28,21.0,highly_unreliable
mw64,5,exploratory_N50_step10,50,10,True,dynamic,0.01,1.5,1000,73,730,780,2019-07-05 05:30:20.260000+00:00,2019-07-05 06:15:19.020000+00:00,2019-07-05 05:53:31.080000+00:00,2019-07-05 05:53:31.080000+00:00,12.328344444444445,50,0.57,3.0,20751948,0.7431717721645287,1.0,33,ok,987,0.8529540779044719,0.7861895825198684,0.3676603820776776,0.5208743401334303,1.5213296292345817,1.0004552891011516,1.23,24.0,exploratory
mw64,5,exploratory_N50_step10,50,10,True,dynamic,0.01,1.5,1000,74,740,790,2019-07-05 05:38:29.330000+00:00,2019-07-05 06:25:56.130000+00:00,2019-07-05 05:59:20.030000+00:00,2019-07-05 05:59:20.030000+00:00,12.425275,50,0.45,3.0,20751965,0.7461047417701756,0.98,31,ok,968,0.8650874901385417,0.7729950754913508,0.5443569878624842,0.5356834812363033,1.626392899993567,1.090709418757264,1.12,26.0,exploratory
mw64,5,exploratory_N50_step10,50,10,True,dynamic,0.01,1.5,1000,75,750,800,2019-07-05 05:48:08.480000+00:00,2019-07-05 06:36:54.960000+00:00,2019-07-05 06:14:07+00:00,2019-07-05 06:14:07+00:00,12.671655555555555,50,0.45,2.75,20751982,0.8817108684392385,0.98,33,ok,978,0.9681609446823336,0.9150226242739079,0.28583465905695316,0.5944493952971581,1.7141232723269013,1.1196738770297432,1.01,29.0,exploratory
mw64,5,exploratory_N50_step10,50,10,True,dynamic,0.01,1.5,1000,76,760,810,2019-07-05 05:56:34.490000+00:00,2019-07-05 06:45:43.640000+00:00,2019-07-05 06:22:04.800000+00:00,2019-07-05 06:22:04.800000+00:00,12.804377777777779,50,0.45,3.33,20751999,0.7729583023220431,0.98,32,ok,981,0.8668025972621471,0.7961033336182907,0.47659727232988397,0.5312081169976576,1.6011898272419745,1.069981710244317,1.01,28.0,exploratory
mw64,5,exploratory_N50_step10,50,10,True,dynamic,0.01,1.5,1000,77,770,820,2019-07-05 06:08:37.750000+00:00,2019-07-05 06:54:26.450000+00:00,2019-07-05 06:33:41.900000+00:00,2019-07-05 06:33:41.900000+00:00,12.998016666666667,50,0.45,3.33,20752016,0.9203936139481705,0.98,32,ok,982,1.041549187038709,0.9380971074358037,0.6315171297476967,0.49436899938002354,2.3065304068693395,1.812161407489316,0.98,28.0,exploratory
mw64,5,exploratory_N50_step10,50,10,True,dynamic,0.01,1.5,1000,78,780,830,2019-07-05 06:16:23.330000+00:00,2019-07-05 07:01:05.850000+00:00,2019-07-05 06:42:49.480000+00:00,2019-07-05 06:42:49.480000+00:00,13.150122222222222,50,0.45,3.33,20752033,0.668763775624511,0.9299999999999999,34,ok,982,0.7549945019008679,0.7024644322285463,0.37561551340940114,0.49710454861304854,1.2208528242558159,0.7237482756427673,1.02,29.0,exploratory
mw64,5,exploratory_N50_step10,50,10,True,dynamic,0.01,1.5,1000,79,790,840,2019-07-05 06:27:19.700000+00:00,2019-07-05 07:14:18.950000+00:00,2019-07-05 06:52:50.120000+00:00,2019-07-05 06:52:50.120000+00:00,13.316966666666668,50,0.72,3.33,20752050,0.6739353532639601,0.9299999999999999,35,ok,985,0.7627984929687376,0.7299238741499423,0.24492083652714994,0.5228196181915065,1.1685984392476725,0.645778821056166,1.07,30.0,exploratory
mw64,5,exploratory_N50_step10,50,10,True,dynamic,0.01,1.5,1000,80,800,850,2019-07-05 06:38:02.560000+00:00,2019-07-05 07:21:52.410000+00:00,2019-07-05 06:59:00.520000+00:00,2019-07-05 06:59:00.520000+00:00,13.419855555555557,50,0.53,3.33,20752067,0.6730313537619536,0.9299999999999999,34,ok,987,0.7204054245688803,0.686788773883458,0.21430492176218222,0.4944452429160715,1.1220397520419976,0.6275945091259261,0.9299999999999999,30.0,exploratory
mw64,5,exploratory_N50_step10,50,10,True,dynamic,0.01,1.5,1000,81,810,860,2019-07-05 06:47:27.710000+00:00,2019-07-05 07:29:51.290000+00:00,2019-07-05 07:11:01.810000+00:00,2019-07-05 07:11:01.810000+00:00,13.620213888888888,50,0.53,2.76,20752084,0.7891996510102789,0.9299999999999999,32,ok,988,0.8668368587452864,0.7954670806952631,0.6079313397908983,0.5623011381673199,1.4121839426420388,0.849882804474719,1.02,26.0,exploratory
mw64,5,exploratory_N50_step10,50,10,True,dynamic,0.01,1.5,1000,82,820,870,2019-07-05 06:55:09.240000+00:00,2019-07-05 07:41:51.890000+00:00,2019-07-05 07:19:40.860000+00:00,2019-07-05 07:19:40.860000+00:00,13.764394444444445,50,0.53,3.83,20752101,0.6033234430777745,0.8999999999999999,33,ok,982,0.6586213808943616,0.6152016244131293,0.23819823453467365,0.4474503399388742,1.1265677662677902,0.679117426328916,1.02,26.0,exploratory
mw64,5,exploratory_N50_step10,50,10,True,dynamic,0.01,1.5,1000,83,830,880,2019-07-05 07:04:31.120000+00:00,2019-07-05 07:54:16.340000+00:00,2019-07-05 07:26:38.310000+00:00,2019-07-05 07:26:38.310000+00:00,13.880352777777777,50,0.53,3.83,20752118,0.7407356547693993,0.76,38,ok,982,0.9089170264441476,0.8202320667485146,0.6783829326872225,0.4908570589050911,1.5988105384130356,1.1079534795079444,0.96,27.0,exploratory
mw64,5,exploratory_N50_step10,50,10,True,dynamic,0.01,1.5,1000,84,840,890,2019-07-05 07:15:50.970000+00:00,2019-07-05 08:04:54+00:00,2019-07-05 07:35:05.560000+00:00,2019-07-05 07:35:05.560000+00:00,14.021255555555555,50,0.53,3.83,20752135,0.6411612298619974,0.76,38,ok,971,0.8116197610996914,0.7044671605359278,0.9600585250141295,0.48898287689939773,1.3191952080991953,0.8302123311997975,0.8999999999999999,33.0,exploratory
mw64,5,exploratory_N50_step10,50,10,True,dynamic,0.01,1.5,1000,85,850,900,2019-07-05 07:23:38.270000+00:00,2019-07-05 08:15:32.950000+00:00,2019-07-05 07:47:42.100000+00:00,2019-07-05 07:47:42.100000+00:00,14.231405555555554,50,0.39,3.83,20752152,0.707365180044501,0.76,39,ok,974,0.8339879838965584,0.7428556208987944,0.4991829700664874,0.5109459458777529,2.074890649232406,1.563944703354653,0.94,30.0,exploratory
mw64,5,exploratory_N50_step10,50,10,True,dynamic,0.01,1.5,1000,86,860,910,2019-07-05 07:30:30.620000+00:00,2019-07-05 08:24:58.960000+00:00,2019-07-05 08:02:37.330000+00:00,2019-07-05 08:02:37.330000+00:00,14.480080555555556,50,0.39,3.83,20752169,0.7559551407024931,0.76,41,ok,977,0.829621049230065,0.750743814410247,0.49095192482166633,0.42151308586704467,1.633296366088992,1.2117832802219475,1.15,20.0,exploratory
mw64,5,exploratory_N50_step10,50,10,True,dynamic,0.01,1.5,1000,87,870,920,2019-07-05 07:42:11.760000+00:00,2019-07-05 08:30:00.800000+00:00,2019-07-05 08:09:03.970000+00:00,2019-07-05 08:09:03.970000+00:00,14.587480555555556,50,0.39,2.31,20752186,0.8809520757006902,0.76,40,ok,980,1.0559873947771827,0.9428541628658849,0.5894747784675253,0.6627157077539996,1.809356327851248,1.1466406200972483,1.15,20.0,exploratory
mw64,5,exploratory_N50_step10,50,10,True,dynamic,0.01,1.5,1000,88,880,930,2019-07-05 07:55:08.160000+00:00,2019-07-05 08:36:27.640000+00:00,2019-07-05 08:23:25.830000+00:00,2019-07-05 08:23:25.830000+00:00,14.826886111111111,50,0.39,2.31,20752203,0.9233100436346958,1.29,13,ok,984,1.029839264090486,0.935469695976738,0.6357240588853454,0.6771832489697258,1.658342588348255,0.9811593393785292,1.1,19.0,highly_unreliable
mw64,5,exploratory_N50_step10,50,10,True,dynamic,0.01,1.5,1000,89,890,940,2019-07-05 08:06:36.840000+00:00,2019-07-05 08:48:42.060000+00:00,2019-07-05 08:28:50.770000+00:00,2019-07-05 08:28:50.770000+00:00,14.917147222222223,50,0.39,3.18,20752220,0.9240656734912641,1.05,18,ok,984,0.9885209366068024,0.9271187866682684,0.3791363585005025,0.5242653707383342,1.712413629404033,1.1881482586656988,1.05,18.5,highly_unreliable
mw64,5,exploratory_N50_step10,50,10,True,dynamic,0.01,1.5,1000,90,900,950,2019-07-05 08:16:07.130000+00:00,2019-07-05 08:58:18.520000+00:00,2019-07-05 08:32:49.690000+00:00,2019-07-05 08:32:49.690000+00:00,14.98351388888889,50,0.4,3.66,20752237,0.6928702869997664,1.05,22,ok,986,0.731396202422676,0.7012082827599033,0.1920900785074446,0.45120205547455866,1.1974136998905822,0.7462116444160236,1.05,22.0,highly_unreliable
mw64,5,exploratory_N50_step10,50,10,True,dynamic,0.01,1.5,1000,91,910,960,2019-07-05 08:25:35.580000+00:00,2019-07-05 09:10:30.730000+00:00,2019-07-05 08:44:12.700000+00:00,2019-07-05 08:44:12.700000+00:00,15.17323888888889,50,0.4,3.66,20752254,0.7333752144973653,1.05,25,ok,982,0.7367851317694846,0.7101478891065165,0.24908848127178732,0.43595290438184686,1.1829164061293669,0.74696350174752,1.1,21.0,highly_unreliable
mw64,5,exploratory_N50_step10,50,10,True,dynamic,0.01,1.5,1000,92,920,970,2019-07-05 08:30:16.860000+00:00,2019-07-05 09:20:50.370000+00:00,2019-07-05 08:54:02.110000+00:00,2019-07-05 08:54:02.110000+00:00,15.336963888888889,50,0.4,3.66,20752271,0.7103437422384619,1.05,25,ok,981,0.6893192049936762,0.6547627035156024,0.2513227795468289,0.4116566194832153,1.1170130592802843,0.705356439797069,1.1,20.0,highly_unreliable
mw64,5,exploratory_N50_step10,50,10,True,dynamic,0.01,1.5,1000,93,930,980,2019-07-05 08:38:52.950000+00:00,2019-07-05 09:28:08.680000+00:00,2019-07-05 09:03:51.780000+00:00,2019-07-05 09:03:51.780000+00:00,15.50076111111111,50,0.4,3.66,20752288,0.6618918578117168,1.05,26,ok,972,0.6704036685971966,0.640135456619429,0.3075351125014597,0.4116566194832153,0.9854890906493511,0.5738324711661358,1.1300000000000001,21.0,highly_unreliable
mw64,5,exploratory_N50_step10,50,10,True,dynamic,0.01,1.5,1000,94,940,990,2019-07-05 08:48:57.900000+00:00,2019-07-05 09:40:48.810000+00:00,2019-07-05 09:16:11.160000+00:00,2019-07-05 09:16:11.160000+00:00,15.706144444444446,50,0.64,3.66,20752305,0.6524734658524822,1.3,16,ok,973,0.6827751563993655,0.6633846125761386,0.17620339600015683,0.4346976125740059,1.0832741249963802,0.6485765124223744,1.19,18.0,highly_unreliable
mw64,5,exploratory_N50_step10,50,10,True,dynamic,0.01,1.5,1000,95,950,1000,2019-07-05 08:59:05.070000+00:00,2019-07-05 09:49:53.130000+00:00,2019-07-05 09:25:09.130000+00:00,2019-07-05 09:25:09.130000+00:00,15.855580555555555,50,0.61,2.55,20752322,0.7732450230690661,1.19,18,ok,965,0.9393965243056144,0.8650556875020458,0.4046807299983999,0.6155113291400978,1.7267488825820323,1.1112375534419345,1.19,18.0,highly_unreliable
mw64,5,exploratory_N50_step10,50,10,True,dynamic,0.01,1.5,1000,96,960,1010,2019-07-05 09:11:09.190000+00:00,2019-07-05 09:57:46.750000+00:00,2019-07-05 09:36:45.090000+00:00,2019-07-05 09:36:45.090000+00:00,16.04890277777778,50,0.61,2.55,20752339,0.9291418757283908,0.8700000000000001,37,ok,988,1.0123570521780854,0.9554656271662151,0.38272418265359187,0.6675068262288482,1.623064604324093,0.9555577780952449,1.15,20.0,exploratory
mw64,5,exploratory_N50_step10,50,10,True,dynamic,0.01,1.5,1000,97,970,1020,2019-07-05 09:21:14.920000+00:00,2019-07-05 10:03:42.480000+00:00,2019-07-05 09:45:11.260000+00:00,2019-07-05 09:45:11.260000+00:00,16.189505555555556,50,0.37,2.55,20752356,1.129376595655543,1.1300000000000001,23,ok,988,1.1534903128253795,1.0664051433996573,0.4380685805083596,0.7089973616156322,2.0280662688420694,1.3190689072264372,1.19,18.0,highly_unreliable
mw64,5,exploratory_N50_step10,50,10,True,dynamic,0.01,1.5,1000,98,980,1030,2019-07-05 09:30:48.770000+00:00,2019-07-05 10:10:02.550000+00:00,2019-07-05 09:52:32.130000+00:00,2019-07-05 09:52:32.130000+00:00,16.311969444444443,50,0.37,2.55,20752373,1.1323030097390856,1.19,14,ok,985,1.299055929540403,1.151363553468485,0.7178536575766168,0.6675483676017967,2.9047311400559668,2.23718277245417,1.24,12.0,highly_unreliable
mw64,5,exploratory_N50_step10,50,10,True,dynamic,0.01,1.5,1000,99,990,1040,2019-07-05 09:41:21.990000+00:00,2019-07-05 10:18:55.650000+00:00,2019-07-05 10:00:49.190000+00:00,2019-07-05 10:00:49.190000+00:00,16.450041666666667,50,0.37,3.1,20752390,0.9213921871910352,1.3699999999999999,11,ok,988,1.0390218625464611,0.9352647353957717,0.4799047834866753,0.558957141102343,1.9683733311238338,1.4094161900214908,1.23,16.0,highly_unreliable
mw64,5,exploratory_N50_step10,50,10,True,dynamic,0.01,1.5,1000,100,1000,1050,2019-07-05 09:50:16.790000+00:00,2019-07-05 10:35:00.110000+00:00,2019-07-05 10:07:34.630000+00:00,2019-07-05 10:07:34.630000+00:00,16.56266388888889,50,0.37,3.1,20752407,0.8124793592553454,1.09,22,ok,985,0.7776071402917477,0.7299238741499423,0.23898432935112693,0.47391850243956635,1.3509035042942392,0.8769850018546729,1.14,17.0,highly_unreliable
mw64,5,exploratory_N50_step10,50,10,True,dynamic,0.01,1.5,1000,101,1010,1060,2019-07-05 09:57:53.570000+00:00,2019-07-05 10:46:48.290000+00:00,2019-07-05 10:15:30.470000+00:00,2019-07-05 10:15:30.470000+00:00,16.694841666666665,50,0.23,3.1,20752424,0.7600727460239083,1.06,25,ok,989,0.7832270575190506,0.7452328400386572,0.2455292208163139,0.5084476169038868,1.234085129911368,0.7256375130074811,1.09,22.0,highly_unreliable
mw64,5,exploratory_N50_step10,50,10,True,dynamic,0.01,1.5,1000,102,1020,1070,2019-07-05 10:04:25.830000+00:00,2019-07-05 11:03:09.570000+00:00,2019-07-05 10:26:55.790000+00:00,2019-07-05 10:26:55.790000+00:00,16.885208333333335,50,0.23,3.1,20752441,0.8527795379464705,0.99,28,ok,981,0.8101981003102783,0.768019745688672,0.23153372658218027,0.4997914936394987,1.283364822277631,0.7835733286381323,1.09,21.0,highly_unreliable
mw64,5,exploratory_N50_step10,50,10,True,dynamic,0.01,1.5,1000,103,1030,1080,2019-07-05 10:11:08.910000+00:00,2019-07-05 11:27:23.580000+00:00,2019-07-05 10:44:10.630000+00:00,2019-07-05 10:44:10.630000+00:00,17.172663888888888,50,0.23,3.1,20752458,0.7708146557839375,0.99,32,ok,986,0.79759951263745,0.7505645302378083,0.30320478666957307,0.5156926454663374,1.210696197033885,0.6950035515675476,1.09,26.0,exploratory
mw64,5,exploratory_N50_step10,50,10,True,dynamic,0.01,1.5,1000,104,1040,1090,2019-07-05 10:19:18.200000+00:00,2019-07-05 11:45:03.820000+00:00,2019-07-05 10:54:15.820000+00:00,2019-07-05 10:54:15.820000+00:00,17.34077222222222,50,0.23,3.0,20752475,0.7706314677821028,0.99,35,ok,980,0.8256616558750705,0.7491235674028485,0.5503711802693926,0.47972053863218306,1.384796145753106,0.9050756071209229,1.02,30.0,exploratory
mw64,5,exploratory_N50_step10,50,10,True,dynamic,0.01,1.5,1000,105,1050,1100,2019-07-05 10:35:22.470000+00:00,2019-07-05 12:01:15.480000+00:00,2019-07-05 11:13:29.910000+00:00,2019-07-05 11:13:29.910000+00:00,17.66135277777778,50,0.23,3.0,20752492,0.8868488168044855,0.99,36,ok,972,0.9209481925371757,0.877012788532467,0.2667286458507444,0.4945374763437698,1.5800104718514407,1.085472995507671,1.31,23.0,exploratory
mw64,5,exploratory_N50_step10,50,10,True,dynamic,0.01,1.5,1000,106,1060,1110,2019-07-05 10:47:02.030000+00:00,2019-07-05 12:15:12.570000+00:00,2019-07-05 11:40:11.890000+00:00,2019-07-05 11:40:11.890000+00:00,18.106347222222222,50,0.55,3.0,20752509,0.8564465564256777,0.97,38,ok,978,0.9322774588305631,0.8897287335409136,0.25311675618238044,0.5809870436807647,1.620331140160186,1.0393440964794214,1.31,19.0,exploratory
mw64,5,exploratory_N50_step10,50,10,True,dynamic,0.01,1.5,1000,107,1070,1120,2019-07-05 11:04:16.670000+00:00,2019-07-05 12:29:15.150000+00:00,2019-07-05 11:54:46+00:00,2019-07-05 11:54:46+00:00,18.34915555555556,50,0.55,3.29,20752526,0.9210832182399254,1.31,23,ok,983,0.8443836315446568,0.8060966284901965,0.3077657064555296,0.4377183063952564,1.572730133462923,1.1350118270676666,1.49,16.0,highly_unreliable
mw64,5,exploratory_N50_step10,50,10,True,dynamic,0.01,1.5,1000,108,1080,1130,2019-07-05 11:28:06.810000+00:00,2019-07-05 12:48:33.630000+00:00,2019-07-05 12:11:12.730000+00:00,2019-07-05 12:11:12.730000+00:00,18.623247222222222,50,0.55,3.29,20752543,0.568952873253572,1.54,12,ok,978,0.7141461293001236,0.6702125947961213,0.3097810222694973,0.3941555144059798,1.2457802808139142,0.8516247664079344,1.41,17.0,highly_unreliable
mw64,5,exploratory_N50_step10,50,10,True,dynamic,0.01,1.5,1000,109,1090,1140,2019-07-05 11:46:35.160000+00:00,2019-07-05 13:14:32.790000+00:00,2019-07-05 12:27:46.280000+00:00,2019-07-05 12:27:46.280000+00:00,18.899233333333335,50,0.55,3.29,20752560,0.5645504517158451,1.71,7,ok,978,0.8515779936551799,0.7675389394314799,0.6478116407888154,0.3750959222777247,1.6963038343899293,1.3212079121122047,1.54,13.0,highly_unreliable
mw64,5,exploratory_N50_step10,50,10,True,dynamic,0.01,1.5,1000,110,1100,1150,2019-07-05 12:01:30.010000+00:00,2019-07-05 13:32:31.020000+00:00,2019-07-05 12:42:13.100000+00:00,2019-07-05 12:42:13.100000+00:00,19.140016666666668,50,0.55,3.29,20752577,0.6279065741900598,1.71,9,ok,977,0.846945668545437,0.7825337511956526,0.48800542795329627,0.4268625405549527,1.6709745609941733,1.2441120204392206,1.45,18.0,highly_unreliable
mw64,5,exploratory_N50_step10,50,10,True,dynamic,0.01,1.5,1000,111,1110,1160,2019-07-05 12:18:27.090000+00:00,2019-07-05 13:45:04.690000+00:00,2019-07-05 13:07:26.760000+00:00,2019-07-05 13:07:26.760000+00:00,19.560477777777777,50,0.55,3.29,20752594,0.8417842831700478,1.23,32,ok,985,0.7916633354837384,0.7573719689420512,0.44011149448016035,0.4320097901077821,1.3448905412641947,0.9128807511564125,1.45,22.0,exploratory
mw64,5,exploratory_N50_step10,50,10,True,dynamic,0.01,1.5,1000,112,1120,1170,2019-07-05 12:30:29.180000+00:00,2019-07-05 14:02:36.360000+00:00,2019-07-05 13:29:05.930000+00:00,2019-07-05 13:29:05.930000+00:00,19.921358333333334,50,0.74,3.12,20752611,0.9091177446669871,1.2,33,ok,984,0.8657906413000848,0.8204970116258509,0.27437756159828436,0.4660511887025763,1.603688637708564,1.1376374490059877,1.45,22.0,exploratory
mw64,5,exploratory_N50_step10,50,10,True,dynamic,0.01,1.5,1000,113,1130,1180,2019-07-05 12:51:15.530000+00:00,2019-07-05 14:24:41.990000+00:00,2019-07-05 13:40:32.270000+00:00,2019-07-05 13:40:32.270000+00:00,20.112008333333332,50,0.74,2.67,20752628,1.1409442905642981,1.2,30,ok,978,1.2011722266945308,1.113161053084657,0.45099694601573925,0.625661419902705,2.330327978389222,1.704666558486517,1.45,18.0,exploratory
mw64,5,exploratory_N50_step10,50,10,True,dynamic,0.01,1.5,1000,114,1140,1190,2019-07-05 13:14:59.800000+00:00,2019-07-05 14:36:38.300000+00:00,2019-07-05 13:57:12.870000+00:00,2019-07-05 13:57:12.870000+00:00,20.38995277777778,50,0.41,2.67,20752645,0.9197600893961215,1.15,25,ok,974,1.0334747075293258,0.9663186709160745,0.3318391783852277,0.6261418123195931,1.8483405694013129,1.2221987570817197,1.28,21.0,highly_unreliable
mw64,5,exploratory_N50_step10,50,10,True,dynamic,0.01,1.5,1000,115,1150,1200,2019-07-05 13:36:06.610000+00:00,2019-07-05 14:56:47.560000+00:00,2019-07-05 14:19:40.710000+00:00,2019-07-05 14:19:40.710000+00:00,20.764352777777777,50,0.41,2.65,20752662,1.0407554757321882,1.11,26,ok,979,1.1275389762459314,1.0618976010293992,0.36303715215010135,0.701803647001406,1.9079470772235612,1.2061434302221552,1.2,21.0,highly_unreliable
mw64,5,exploratory_N50_step10,50,10,True,dynamic,0.01,1.5,1000,116,1160,1210,2019-07-05 13:50:24.310000+00:00,2019-07-05 15:17:24.780000+00:00,2019-07-05 14:32:34.820000+00:00,2019-07-05 14:32:34.820000+00:00,20.979383333333335,50,0.41,2.18,20752679,1.1321113321385023,1.2,22,ok,982,1.3907250224888954,1.2055872411717456,0.6154572764029138,0.8029697141022241,3.057458351671237,2.254488637569013,1.2,21.0,highly_unreliable
mw64,5,exploratory_N50_step10,50,10,True,dynamic,0.01,1.5,1000,117,1170,1220,2019-07-05 14:03:54.170000+00:00,2019-07-05 15:30:11.280000+00:00,2019-07-05 14:48:42.230000+00:00,2019-07-05 14:48:42.230000+00:00,21.248108333333334,50,0.41,2.82,20752696,0.8815832488750012,0.97,34,ok,968,1.0660923465582026,0.9154257218928085,0.6186113781342389,0.6495276877198036,2.4549035944650224,1.8053759067452186,1.04,27.0,exploratory
mw64,5,exploratory_N50_step10,50,10,True,dynamic,0.01,1.5,1000,118,1180,1230,2019-07-05 14:26:13.480000+00:00,2019-07-05 15:45:03.340000+00:00,2019-07-05 15:11:41.200000+00:00,2019-07-05 15:11:41.200000+00:00,21.631155555555555,50,0.41,2.82,20752713,0.7948811337000914,0.97,29,ok,974,0.9486983969018585,0.8267936837373699,0.4362264224829832,0.60849306184377,2.133026987106045,1.5245339252622752,0.97,27.0,highly_unreliable
mw64,5,exploratory_N50_step10,50,10,True,dynamic,0.01,1.5,1000,119,1190,1240,2019-07-05 14:38:47.030000+00:00,2019-07-05 15:58:18.230000+00:00,2019-07-05 15:24:20.400000+00:00,2019-07-05 15:24:20.400000+00:00,21.842044444444443,50,0.62,3.06,20752730,0.7109693057232617,0.9299999999999999,29,ok,992,0.8815233509539824,0.7468797242434723,0.8470265556549609,0.5377080991720513,1.8916421881558911,1.3539340889838398,0.97,26.0,highly_unreliable
mw64,5,exploratory_N50_step10,50,10,True,dynamic,0.01,1.5,1000,120,1200,1250,2019-07-05 14:57:20.320000+00:00,2019-07-05 16:07:00.810000+00:00,2019-07-05 15:37:59.600000+00:00,2019-07-05 15:37:59.600000+00:00,22.069599999999998,50,0.62,3.06,20752747,0.7129166673218204,0.9299999999999999,31,ok,993,0.8700127069733723,0.7559711884495663,0.5187384505244202,0.5426044034310193,1.8458064821375173,1.303202078706498,0.97,27.0,exploratory
mw64,5,exploratory_N50_step10,50,10,True,dynamic,0.01,1.5,1000,121,1210,1260,2019-07-05 15:17:47.670000+00:00,2019-07-05 16:27:45.740000+00:00,2019-07-05 15:54:54.660000+00:00,2019-07-05 15:54:54.660000+00:00,22.35156111111111,50,0.62,3.06,20752764,0.7319743190496615,0.97,24,ok,997,0.7551119755395446,0.7260411190135747,0.17150526028750598,0.5082133457125648,1.1519880442702939,0.6437746985577291,0.97,23.0,highly_unreliable
mw64,5,exploratory_N50_step10,50,10,True,dynamic,0.01,1.5,1000,122,1220,1270,2019-07-05 15:31:58.300000+00:00,2019-07-05 16:39:56.140000+00:00,2019-07-05 16:03:40.600000+00:00,2019-07-05 16:03:40.600000+00:00,22.497655555555554,50,0.62,3.06,20752781,0.8341611832528082,0.99,23,ok,991,0.9236058885267426,0.8445315464358413,0.7154368652720461,0.5585216935660328,1.5815859833500863,1.0230642897840534,0.99,22.0,highly_unreliable
mw64,5,exploratory_N50_step10,50,10,True,dynamic,0.01,1.5,1000,123,1230,1280,2019-07-05 15:46:03.630000+00:00,2019-07-05 16:51:22.430000+00:00,2019-07-05 16:21:28.120000+00:00,2019-07-05 16:21:28.120000+00:00,22.79418888888889,50,0.61,3.06,20752798,0.8086069114171118,1.1300000000000001,19,ok,983,0.8875723524658318,0.8398221290060307,0.30493625097952,0.584757710341462,1.3864657130829625,0.8017080027415006,1.1300000000000001,21.0,highly_unreliable
mw64,5,exploratory_N50_step10,50,10,True,dynamic,0.01,1.5,1000,124,1240,1290,2019-07-05 15:58:35.200000+00:00,2019-07-05 17:03:48.480000+00:00,2019-07-05 16:35:54.530000+00:00,2019-07-05 16:35:54.530000+00:00,23.034858333333336,50,0.61,2.33,20752815,0.9518030388901656,1.01,23,ok,980,0.9904232949049768,0.950583146962352,0.25571622683394324,0.6668310974768138,1.6311761988285287,0.9643451013517149,1.03,21.0,highly_unreliable
mw64,5,exploratory_N50_step10,50,10,True,dynamic,0.01,1.5,1000,125,1250,1300,2019-07-05 16:07:27.540000+00:00,2019-07-05 17:12:32.460000+00:00,2019-07-05 16:45:11.790000+00:00,2019-07-05 16:45:11.790000+00:00,23.189652777777777,50,0.52,2.33,20752832,1.195381376950533,1.01,18,ok,994,1.1563305448034162,1.066544724996465,0.5868794051193896,0.5677132891690488,2.2254719882450034,1.6577586990759545,1.03,15.0,highly_unreliable
mw64,5,exploratory_N50_step10,50,10,True,dynamic,0.01,1.5,1000,126,1260,1310,2019-07-05 16:28:58.940000+00:00,2019-07-05 17:23:43.760000+00:00,2019-07-05 16:56:49.300000+00:00,2019-07-05 16:56:49.300000+00:00,23.383405555555555,50,0.52,2.33,20752849,1.238617501485271,1.01,23,ok,989,1.1668696948405604,1.117649126067795,0.33280322995731354,0.7147881377426399,2.0024228976587386,1.2876347599160987,1.03,18.5,highly_unreliable
mw64,5,exploratory_N50_step10,50,10,True,dynamic,0.01,1.5,1000,127,1270,1320,2019-07-05 16:40:52.690000+00:00,2019-07-05 17:38:26.640000+00:00,2019-07-05 17:09:02.720000+00:00,2019-07-05 17:09:02.720000+00:00,23.58713333333333,50,0.52,2.42,20752866,1.243887839391055,1.01,24,ok,994,1.0958030197249014,1.0241069927118263,0.40388813772113186,0.5714569686446008,2.0367717401491956,1.4653147715045947,1.03,17.0,highly_unreliable
mw64,5,exploratory_N50_step10,50,10,True,dynamic,0.01,1.5,1000,128,1280,1330,2019-07-05 16:53:19.830000+00:00,2019-07-05 17:43:16.320000+00:00,2019-07-05 17:21:36.880000+00:00,2019-07-05 17:21:36.880000+00:00,23.796622222222222,50,0.46,2.44,20752883,1.1663016226799559,1.01,23,ok,985,1.0731145689380979,1.0295672621662535,0.335846119497111,0.5684570396197628,1.888534416037381,1.3200773764176181,1.01,20.0,highly_unreliable
mw64,5,exploratory_N50_step10,50,10,True,dynamic,0.01,1.5,1000,129,1290,1340,2019-07-05 17:06:46.500000+00:00,2019-07-05 17:57:12.280000+00:00,2019-07-05 17:33:37.800000+00:00,2019-07-05 17:33:37.800000+00:00,23.996877777777776,50,0.46,2.74,20752900,0.9473241815798089,1.01,26,ok,991,0.899444910611954,0.8540973043660192,0.3258202926096754,0.5545792625891466,1.4135889708788008,0.8590097082896542,1.01,22.0,highly_unreliable
mw64,5,exploratory_N50_step10,50,10,True,dynamic,0.01,1.5,1000,130,1300,1350,2019-07-05 17:13:18.980000+00:00,2019-07-05 18:09:52.360000+00:00,2019-07-05 17:41:41+00:00,2019-07-05 17:41:41+00:00,24.131100000000004,50,0.46,2.77,20752917,0.7420054182053145,1.01,32,ok,982,0.7693846228701623,0.7150681069688476,0.2898971333005454,0.5416867270098761,1.3110044668101226,0.7693177398002465,1.01,28.0,exploratory
mw64,5,exploratory_N50_step10,50,10,True,dynamic,0.01,1.5,1000,131,1310,1360,2019-07-05 17:24:20.200000+00:00,2019-07-05 18:23:52.560000+00:00,2019-07-05 17:54:54.320000+00:00,2019-07-05 17:54:54.320000+00:00,24.351466666666667,50,0.46,2.77,20752934,0.7111968132207088,0.95,30,ok,990,0.7851099716446811,0.7299238741499423,0.3409312118904816,0.5326846641745214,1.2960951512673844,0.763410487092863,0.99,26.0,exploratory
mw64,5,exploratory_N50_step10,50,10,True,dynamic,0.01,1.5,1000,132,1320,1370,2019-07-05 17:38:44.500000+00:00,2019-07-05 18:35:43.180000+00:00,2019-07-05 18:04:59.440000+00:00,2019-07-05 18:04:59.440000+00:00,24.519555555555552,50,0.46,2.77,20752951,0.6463574673958303,0.95,26,ok,985,0.7396450447926111,0.6886578685236485,0.26339006614453103,0.5126598869435216,1.2074106683923935,0.6947507814488719,0.95,25.0,highly_unreliable
mw64,5,exploratory_N50_step10,50,10,True,dynamic,0.01,1.5,1000,133,1330,1380,2019-07-05 17:45:39.080000+00:00,2019-07-05 18:53:23.320000+00:00,2019-07-05 18:16:37.760000+00:00,2019-07-05 18:16:37.760000+00:00,24.713533333333334,50,0.41,2.77,20752968,0.6183925142568777,0.9099999999999999,26,ok,980,0.6884299250487376,0.6452815174032478,0.2016171991280589,0.4896221363671597,1.1541915236176268,0.6645693872504671,0.9099999999999999,25.0,highly_unreliable
mw64,5,exploratory_N50_step10,50,10,True,dynamic,0.01,1.5,1000,134,1340,1390,2019-07-05 17:58:58.260000+00:00,2019-07-05 19:03:22.580000+00:00,2019-07-05 18:31:09+00:00,2019-07-05 18:31:09+00:00,24.955544444444445,50,0.41,2.77,20752985,0.7247701279119892,0.9099999999999999,26,ok,988,0.8205068326982459,0.7799679250868687,0.21141705072506298,0.5648148877731951,1.3254270714686778,0.7606121836954827,0.95,24.0,highly_unreliable
mw64,5,exploratory_N50_step10,50,10,True,dynamic,0.01,1.5,1000,135,1350,1400,2019-07-05 18:11:01.980000+00:00,2019-07-05 19:12:05.220000+00:00,2019-07-05 18:47:44.480000+00:00,2019-07-05 18:47:44.480000+00:00,25.232066666666668,50,0.41,2.39,20753002,0.9965891217784667,0.9099999999999999,25,ok,986,1.0919247312478342,1.0385219794204992,0.3456779587137853,0.7530063695546481,1.724584504245032,0.971578134690384,0.9299999999999999,22.0,highly_unreliable
mw64,5,exploratory_N50_step10,50,10,True,dynamic,0.01,1.5,1000,136,1360,1410,2019-07-05 18:24:06.720000+00:00,2019-07-05 19:25:49.640000+00:00,2019-07-05 18:57:41.040000+00:00,2019-07-05 18:57:41.040000+00:00,25.397777777777776,50,0.39,2.39,20753019,1.0269510576860077,0.9099999999999999,24,ok,994,1.1240178804505399,1.0775060994551013,0.3309065807984253,0.7375305334267805,1.7877717818362058,1.0502412484094252,1.05,19.0,highly_unreliable
mw64,5,exploratory_N50_step10,50,10,True,dynamic,0.01,1.5,1000,137,1370,1420,2019-07-05 18:37:48.040000+00:00,2019-07-05 19:38:38.560000+00:00,2019-07-05 19:08:13.720000+00:00,2019-07-05 19:08:13.720000+00:00,25.57352222222222,50,0.39,2.39,20753036,1.0920939591932108,0.9099999999999999,26,ok,977,1.138357370251926,1.058500485865189,0.4540263749610862,0.7210986295788907,1.992092945208825,1.2709943156299341,1.05,17.0,highly_unreliable
mw64,5,exploratory_N50_step10,50,10,True,dynamic,0.01,1.5,1000,138,1380,1430,2019-07-05 18:54:06.080000+00:00,2019-07-05 19:51:12.200000+00:00,2019-07-05 19:20:22.680000+00:00,2019-07-05 19:20:22.680000+00:00,25.77601111111111,50,0.39,2.14,20753053,1.0706240161685925,1.15,15,ok,981,1.1486564668264458,1.0960694858423545,0.30929942539043914,0.7637265354253315,1.8258091352602435,1.062082599834912,1.15,17.0,highly_unreliable
mw64,5,exploratory_N50_step10,50,10,True,dynamic,0.01,1.5,1000,139,1390,1440,2019-07-05 19:04:19.080000+00:00,2019-07-05 20:01:26.680000+00:00,2019-07-05 19:32:09.820000+00:00,2019-07-05 19:32:09.820000+00:00,25.972438888888888,50,0.39,2.14,20753070,1.1961653326682682,1.06,21,ok,991,1.2166311266622691,1.1041979922118745,0.7373715994999435,0.7679711399661033,2.1189299069938095,1.3509587670277061,1.06,20.0,highly_unreliable
mw64,5,exploratory_N50_step10,50,10,True,dynamic,0.01,1.5,1000,140,1400,1450,2019-07-05 19:14:00.120000+00:00,2019-07-05 20:14:21.720000+00:00,2019-07-05 19:48:27.520000+00:00,2019-07-05 19:48:27.520000+00:00,26.24402222222222,50,0.39,2.19,20753087,1.0828499257095145,1.02,23,ok,988,1.2623261656757279,1.0743180663991052,1.3062227882513375,0.7643199921529129,2.865743602783329,2.101423610630416,1.02,21.0,highly_unreliable
mw64,5,exploratory_N50_step10,50,10,True,dynamic,0.01,1.5,1000,141,1410,1460,2019-07-05 19:26:17.840000+00:00,2019-07-05 20:29:42.620000+00:00,2019-07-05 19:58:00.760000+00:00,2019-07-05 19:58:00.760000+00:00,26.403255555555557,50,0.4,2.19,20753104,1.0723865391773066,1.02,26,ok,978,1.3410569206535197,1.1049357956702086,1.0814870768505138,0.7749847579438747,3.7335615496919217,2.958576791748047,1.02,22.0,highly_unreliable
mw64,5,exploratory_N50_step10,50,10,True,dynamic,0.01,1.5,1000,142,1420,1470,2019-07-05 19:38:46.040000+00:00,2019-07-05 20:38:58.280000+00:00,2019-07-05 20:10:08.660000+00:00,2019-07-05 20:10:08.660000+00:00,26.605449999999998,50,0.4,2.19,20753121,1.1726212377844007,1.3,13,ok,981,1.2594548882868326,1.1245954149275013,1.094019962882909,0.7725083870344462,2.3101862731547707,1.5376778861203244,1.11,19.0,highly_unreliable
mw64,5,exploratory_N50_step10,50,10,True,dynamic,0.01,1.5,1000,143,1430,1480,2019-07-05 19:52:36.920000+00:00,2019-07-05 20:50:30.040000+00:00,2019-07-05 20:22:47.960000+00:00,2019-07-05 20:22:47.960000+00:00,26.816366666666667,50,0.4,2.19,20753138,1.0712842829066367,0.95,24,ok,973,1.3435591885774527,1.1549449205748163,0.8705677221086945,0.8265639975812513,2.884761586934345,2.0581975893530933,0.98,21.0,highly_unreliable
mw64,5,exploratory_N50_step10,50,10,True,dynamic,0.01,1.5,1000,144,1440,1490,2019-07-05 20:04:05.840000+00:00,2019-07-05 21:05:00.200000+00:00,2019-07-05 20:35:45.200000+00:00,2019-07-05 20:35:45.200000+00:00,27.03226666666667,50,0.4,2.78,20753155,0.7999510559356324,0.97,24,ok,974,0.836201125111263,0.7880210609808569,0.2715500291706628,0.5430061941147168,1.334621296234432,0.7916151021197151,1.04,21.0,highly_unreliable
mw64,5,exploratory_N50_step10,50,10,True,dynamic,0.01,1.5,1000,145,1450,1500,2019-07-05 20:17:24.620000+00:00,2019-07-05 21:17:30.880000+00:00,2019-07-05 20:48:26.660000+00:00,2019-07-05 20:48:26.660000+00:00,27.243783333333333,50,0.4,2.99,20753172,0.7853640453209556,0.7,40,ok,982,0.8274716424237494,0.7091644685144819,1.6374892430204315,0.44976110722290846,1.2206696538141564,0.770908546591248,1.04,19.0,exploratory
mw64,5,exploratory_N50_step10,50,10,True,dynamic,0.01,1.5,1000,146,1460,1510,2019-07-05 20:30:19.140000+00:00,2019-07-05 21:26:07.820000+00:00,2019-07-05 20:56:56.040000+00:00,2019-07-05 20:56:56.040000+00:00,27.385277777777777,50,0.42,2.99,20753189,0.6153594247108426,1.28,13,ok,982,0.7403792090648343,0.662282317403617,0.969280149679097,0.45128075066955675,1.243013472938916,0.7917327222693592,1.08,17.0,highly_unreliable
mw64,5,exploratory_N50_step10,50,10,True,dynamic,0.01,1.5,1000,147,1470,1520,2019-07-05 20:39:41.380000+00:00,2019-07-05 21:34:33+00:00,2019-07-05 21:11:43.760000+00:00,2019-07-05 21:11:43.760000+00:00,27.631866666666667,50,0.4,2.99,20753206,0.6067619667671585,1.28,13,ok,986,0.7351735190755291,0.6701896397051622,0.9570392676459955,0.4575155126603193,1.1899223299707689,0.7324068173104495,1.25,17.0,highly_unreliable
mw64,5,exploratory_N50_step10,50,10,True,dynamic,0.01,1.5,1000,148,1480,1530,2019-07-05 20:51:18.420000+00:00,2019-07-05 21:49:05.220000+00:00,2019-07-05 21:23:38.120000+00:00,2019-07-05 21:23:38.120000+00:00,27.8303,50,0.4,2.99,20753223,0.6586582844454377,0.8700000000000001,32,ok,990,0.680607164313349,0.6434110005409903,0.1923365452343971,0.47519746800692286,1.0957123957606631,0.6205149277537403,1.0,26.0,exploratory
mw64,5,exploratory_N50_step10,50,10,True,dynamic,0.01,1.5,1000,149,1490,1540,2019-07-05 21:08:05.180000+00:00,2019-07-05 22:01:46.740000+00:00,2019-07-05 21:30:12.060000+00:00,2019-07-05 21:30:12.060000+00:00,27.93972777777778,50,0.4,2.99,20753240,0.7876950142821665,0.8700000000000001,33,ok,987,0.8423498848710822,0.7777015455505829,0.29589119090416527,0.5825697249015981,1.3871586364017474,0.8045889115001493,0.9299999999999999,28.0,exploratory
mw64,5,exploratory_N50_step10,50,10,True,dynamic,0.01,1.5,1000,150,1500,1550,2019-07-05 21:18:16.880000+00:00,2019-07-05 22:21:22.420000+00:00,2019-07-05 21:43:54.800000+00:00,2019-07-05 21:43:54.800000+00:00,28.168266666666664,50,0.4,2.98,20753257,0.8113556962196484,0.8700000000000001,35,ok,992,0.8842138279795213,0.8230986935002924,0.26216305777744087,0.6088824621537038,1.5773955870606666,0.9685131249069628,0.95,28.0,exploratory
mw64,5,exploratory_N50_step10,50,10,True,dynamic,0.01,1.5,1000,151,1510,1560,2019-07-05 21:27:35.640000+00:00,2019-07-05 22:32:17.560000+00:00,2019-07-05 21:56:09.320000+00:00,2019-07-05 21:56:09.320000+00:00,28.3723,50,0.4,2.98,20753274,0.8154844378376395,0.8600000000000001,33,ok,984,0.936066472894019,0.867432531344493,0.3112298416998467,0.6003207355738807,1.7189961079047311,1.1186753723308505,1.1,21.0,exploratory
mw64,5,exploratory_N50_step10,50,10,True,dynamic,0.01,1.5,1000,152,1520,1570,2019-07-05 21:36:02.400000+00:00,2019-07-05 22:48:30.320000+00:00,2019-07-05 22:16:34.640000+00:00,2019-07-05 22:16:34.640000+00:00,28.712666666666667,50,0.38,2.98,20753291,0.8277303919594964,0.8500000000000001,32,ok,979,0.8349957153380754,0.793858171124037,0.27276013657452597,0.5518532903687436,1.3573270968243982,0.8054738064556546,1.02,23.0,exploratory
mw64,5,exploratory_N50_step10,50,10,True,dynamic,0.01,1.5,1000,153,1530,1580,2019-07-05 21:52:45.660000+00:00,2019-07-05 23:10:55.640000+00:00,2019-07-05 22:30:20.580000+00:00,2019-07-05 22:30:20.580000+00:00,28.942094444444443,50,0.38,2.98,20753308,0.8705838843020469,0.8500000000000001,30,ok,995,0.8453839605904588,0.8045959554752107,0.29100735460131744,0.5244980071104871,1.305775404035979,0.7812773969254919,0.9099999999999999,24.0,exploratory
mw64,5,exploratory_N50_step10,50,10,True,dynamic,0.01,1.5,1000,154,1540,1590,2019-07-05 22:02:48.520000+00:00,2019-07-05 23:23:35.100000+00:00,2019-07-05 22:44:12.880000+00:00,2019-07-05 22:44:12.880000+00:00,29.173288888888887,50,0.38,2.98,20753325,0.7664219171431844,0.8500000000000001,29,ok,991,0.7647954437197871,0.7152721339283441,0.34864010333506684,0.49975836607208357,1.25364788880037,0.7538895227282864,0.8999999999999999,24.0,highly_unreliable
mw64,5,exploratory_N50_step10,50,10,True,dynamic,0.01,1.5,1000,155,1550,1600,2019-07-05 22:21:58.120000+00:00,2019-07-05 23:34:05.360000+00:00,2019-07-05 23:03:13.440000+00:00,2019-07-05 23:03:13.440000+00:00,29.49011111111111,50,0.38,2.69,20753342,0.8497039068988123,0.8500000000000001,31,ok,989,0.8671365332022416,0.8233317327683763,0.29785543084589944,0.5578636411453226,1.4338888488958768,0.8760252077505541,1.07,20.0,exploratory
mw64,5,exploratory_N50_step10,50,10,True,dynamic,0.01,1.5,1000,156,1560,1610,2019-07-05 22:33:24.900000+00:00,2019-07-05 23:44:53.260000+00:00,2019-07-05 23:17:54.240000+00:00,2019-07-05 23:17:54.240000+00:00,29.734777777777776,50,0.38,2.69,20753359,0.8505426937652825,1.25,16,ok,990,0.8699764605717075,0.8009614916456319,0.26517823851872796,0.5745264974327332,1.531274283200857,0.9567477857681238,1.07,20.0,highly_unreliable
mw64,5,exploratory_N50_step10,50,10,True,dynamic,0.01,1.5,1000,157,1570,1620,2019-07-05 22:48:56.560000+00:00,2019-07-06 00:02:05.750000+00:00,2019-07-05 23:29:49.740000+00:00,2019-07-05 23:29:49.740000+00:00,29.933527777777776,50,0.49,2.69,20753376,0.975983728915624,1.39,18,ok,991,0.8428310669262274,0.7676763554365318,0.35235545137264573,0.5451106888455517,1.5012250068419757,0.956114317996424,1.07,24.0,highly_unreliable
mw64,5,exploratory_N50_step10,50,10,True,dynamic,0.01,1.5,1000,158,1580,1630,2019-07-05 23:11:54.460000+00:00,2019-07-06 00:30:27.060000+00:00,2019-07-05 23:40:47.240000+00:00,2019-07-05 23:40:47.240000+00:00,30.116166666666665,50,0.49,2.43,20753393,0.8511458763569405,1.25,19,ok,992,0.9141212845569718,0.8546132064302285,0.3342928794375326,0.6374865768794769,1.4851592919711265,0.8476727150916497,1.25,22.0,highly_unreliable
mw64,5,exploratory_N50_step10,50,10,True,dynamic,0.01,1.5,1000,159,1590,1640,2019-07-05 23:24:13.600000+00:00,2019-07-06 00:46:54.320000+00:00,2019-07-05 23:56:50.640000+00:00,2019-07-05 23:56:50.640000+00:00,30.38377777777778,50,0.49,2.29,20753410,1.0146211852799105,0.94,36,ok,993,1.0042535463757862,0.9634481686639705,0.30357038632608824,0.6974337911762709,1.509079921897967,0.811646130721696,1.17,21.0,exploratory
mw64,5,exploratory_N50_step10,50,10,True,dynamic,0.01,1.5,1000,160,1600,1650,2019-07-05 23:36:51.280000+00:00,2019-07-06 01:06:12.240000+00:00,2019-07-06 00:09:42.980000+00:00,2019-07-06 00:09:42.980000+00:00,30.59831666666667,50,0.49,3.12,20753427,0.8317795625894665,0.94,35,ok,991,0.9005972485074434,0.8143260113351439,0.6395430898595553,0.5740751038051982,1.7645505853979755,1.1904754815927774,0.97,30.0,exploratory
mw64,5,exploratory_N50_step10,50,10,True,dynamic,0.01,1.5,1000,161,1610,1660,2019-07-05 23:48:21.820000+00:00,2019-07-06 01:23:42.740000+00:00,2019-07-06 00:43:33.960000+00:00,2019-07-06 00:43:33.960000+00:00,31.162477777777777,50,0.49,3.12,20753444,0.750743814410247,1.17,20,ok,981,0.8946936359470085,0.7863120319575625,0.7434451367531705,0.5468872059429903,1.611182134776136,1.0642949288331456,1.17,19.0,highly_unreliable
mw64,5,exploratory_N50_step10,50,10,True,dynamic,0.01,1.5,1000,162,1620,1670,2019-07-06 00:03:09.760000+00:00,2019-07-06 01:39:46.210000+00:00,2019-07-06 00:58:35.490000+00:00,2019-07-06 00:58:35.490000+00:00,31.412902777777777,50,0.57,3.12,20753461,0.7858656356723676,1.17,17,ok,992,0.882351495700863,0.8328716481699195,0.26981680008530695,0.5462895701502186,1.4147651061292137,0.8684755359789951,1.17,16.0,highly_unreliable
mw64,5,exploratory_N50_step10,50,10,True,dynamic,0.01,1.5,1000,163,1630,1680,2019-07-06 00:30:33.470000+00:00,2019-07-06 01:50:54.650000+00:00,2019-07-06 01:18:52.250000+00:00,2019-07-06 01:18:52.250000+00:00,31.750891666666668,50,0.57,3.12,20753478,0.9033270550548701,1.17,19,ok,979,0.9301886753712683,0.8983787320925841,0.27600429575167507,0.5049992736641625,1.5927754086702386,1.087776135006076,1.17,18.0,highly_unreliable
mw64,5,exploratory_N50_step10,50,10,True,dynamic,0.01,1.5,1000,164,1640,1690,2019-07-06 00:48:45.580000+00:00,2019-07-06 02:02:13.400000+00:00,2019-07-06 01:36:12.110000+00:00,2019-07-06 01:36:12.110000+00:00,32.03974166666667,50,0.57,3.12,20753495,0.6472466771334859,1.8,5,ok,983,0.8036526932917711,0.7711201627394633,0.2434834497744776,0.48090660852954686,1.248780979200315,0.7678743706707682,1.1,18.0,highly_unreliable
mw64,5,exploratory_N50_step10,50,10,True,dynamic,0.01,1.5,1000,165,1650,1700,2019-07-06 01:08:48.940000+00:00,2019-07-06 02:14:54.600000+00:00,2019-07-06 01:46:24.480000+00:00,2019-07-06 01:46:24.480000+00:00,32.20984444444444,50,0.57,2.77,20753512,1.0665339081880214,1.1,18,ok,978,1.082428451201428,1.0161004636737865,0.4525681475486926,0.5917430747757847,1.8483405694013129,1.2565974946255283,1.1,20.0,highly_unreliable
mw64,5,exploratory_N50_step10,50,10,True,dynamic,0.01,1.5,1000,166,1660,1710,2019-07-06 01:26:30.890000+00:00,2019-07-06 02:29:38.910000+00:00,2019-07-06 01:59:34.420000+00:00,2019-07-06 01:59:34.420000+00:00,32.429272222222224,50,0.57,2.77,20753529,0.841208988479702,0.8999999999999999,31,ok,979,0.8676764052092512,0.8019514317759995,0.6005799991454042,0.5168883220692778,1.3771200476980747,0.8602317256287969,1.06,22.0,exploratory
mw64,5,exploratory_N50_step10,50,10,True,dynamic,0.01,1.5,1000,167,1670,1720,2019-07-06 01:41:12.960000+00:00,2019-07-06 02:45:04.600000+00:00,2019-07-06 02:08:14.340000+00:00,2019-07-06 02:08:14.340000+00:00,32.57369444444444,50,0.5,2.77,20753546,0.7740439753519183,1.04,23,ok,982,0.8591984701960113,0.7633313601945171,0.7231458765687497,0.5382123780468895,1.5664249362577127,1.0282125582108232,1.06,21.0,highly_unreliable
mw64,5,exploratory_N50_step10,50,10,True,dynamic,0.01,1.5,1000,168,1680,1730,2019-07-06 01:52:13.350000+00:00,2019-07-06 02:54:27.960000+00:00,2019-07-06 02:23:40.880000+00:00,2019-07-06 02:23:40.880000+00:00,32.831066666666665,50,0.48,2.77,20753563,0.8088626081344044,0.8600000000000001,30,ok,975,0.8037046845841238,0.7500954714425999,0.47893151890843705,0.49719703187526965,1.3112118435059938,0.8140148116307242,1.04,21.0,exploratory
mw64,5,exploratory_N50_step10,50,10,True,dynamic,0.01,1.5,1000,169,1690,1740,2019-07-06 02:05:20.400000+00:00,2019-07-06 03:05:34.010000+00:00,2019-07-06 02:37:53.070000+00:00,2019-07-06 02:37:53.070000+00:00,33.06778611111111,50,0.48,2.54,20753580,0.9957288750572085,0.8600000000000001,32,ok,981,0.9626071199794921,0.9225159777537857,0.2904140633210214,0.5999782800096456,1.5765879032703045,0.9766096232606589,1.06,20.0,exploratory
mw71,5,primary_N100_step20,100,20,False,dynamic,0.01,1.5,1000,0,0,100,2019-07-04 17:36:59.360000+00:00,2019-07-05 07:30:50.670000+00:00,2019-07-05 02:11:59.960000+00:00,2019-07-05 02:11:59.960000+00:00,8.636366666666666,100,0.35,4.74,20800707,0.47845327681518685,1.04,70,ok,993,0.47258475333714384,0.4620197636745191,0.07378284844943671,0.3622512228443157,0.6372773589206435,0.2750261360763278,1.25,55.5,usable_but_moderately_uncertain
mw71,5,primary_N100_step20,100,20,False,dynamic,0.01,1.5,1000,1,20,120,2019-07-04 23:21:00.200000+00:00,2019-07-05 09:26:25.730000+00:00,2019-07-05 04:11:33.170000+00:00,2019-07-05 04:11:33.170000+00:00,10.628924999999999,100,0.35,4.1,20800724,0.5536897076788131,1.04,64,ok,995,0.5470466675448206,0.5337422553187726,0.08787181409857582,0.4178604855322242,0.7562923792468688,0.33843189371464455,1.04,61.0,usable_but_moderately_uncertain
mw71,5,primary_N100_step20,100,20,False,dynamic,0.01,1.5,1000,2,40,140,2019-07-05 00:57:57.170000+00:00,2019-07-05 11:13:40.290000+00:00,2019-07-05 06:38:34.790000+00:00,2019-07-05 06:38:34.790000+00:00,13.079375,100,0.34,4.1,20800741,0.4773334475007966,1.04,64,ok,992,0.47707000800752924,0.46012026064160344,0.10651832258849162,0.36790076731017274,0.65684735163618,0.2889465843260073,1.04,59.0,usable_but_moderately_uncertain
mw71,5,primary_N100_step20,100,20,False,dynamic,0.01,1.5,1000,3,60,160,2019-07-05 03:01:12.960000+00:00,2019-07-05 11:26:24.910000+00:00,2019-07-05 08:28:32.230000+00:00,2019-07-05 08:28:32.230000+00:00,14.911997222222222,100,0.34,4.1,20800758,0.4512021198891162,1.04,69,ok,994,0.5252147025461151,0.47398849581417324,0.19609871358504546,0.3664348057799567,0.9355651268827598,0.5691303211028031,1.3299999999999998,57.0,usable_but_moderately_uncertain
mw71,5,primary_N100_step20,100,20,False,dynamic,0.01,1.5,1000,4,80,180,2019-07-05 05:42:53.810000+00:00,2019-07-05 11:38:16.980000+00:00,2019-07-05 11:08:39.870000+00:00,2019-07-05 11:08:39.870000+00:00,17.580786111111113,100,0.34,4.1,20800775,0.48441757184758355,1.04,78,ok,995,0.5661057818557419,0.5320129598341686,0.21038367816133238,0.38842446140175046,0.8601029016088073,0.47167844020705685,1.3699999999999999,58.0,usable_but_moderately_uncertain
mw71,5,primary_N100_step20,100,20,False,dynamic,0.01,1.5,1000,5,100,200,2019-07-05 07:31:02.390000+00:00,2019-07-05 11:50:45.270000+00:00,2019-07-05 11:20:24.570000+00:00,2019-07-05 11:20:24.570000+00:00,17.77653611111111,100,0.34,3.91,20800792,0.6501535819203688,1.47,60,ok,994,0.6494920601897364,0.6301232470713642,0.1733189787692255,0.4131043517693766,1.0963998599227323,0.6832955081533556,1.47,53.0,usable_but_moderately_uncertain
mw71,5,primary_N100_step20,100,20,False,dynamic,0.01,1.5,1000,6,120,220,2019-07-05 09:36:08.390000+00:00,2019-07-05 12:05:48.060000+00:00,2019-07-05 11:34:02.740000+00:00,2019-07-05 11:34:02.740000+00:00,18.003805555555555,100,0.34,3.91,20800809,0.6290976784560117,1.47,56,ok,992,0.6371302080968934,0.6155204803122272,0.15319172627543193,0.44770002783627677,0.9643837302158047,0.5166837023795279,1.47,57.0,usable_but_moderately_uncertain
mw71,5,primary_N100_step20,100,20,False,dynamic,0.01,1.5,1000,7,140,240,2019-07-05 11:15:06.290000+00:00,2019-07-05 12:25:18.460000+00:00,2019-07-05 11:44:25.770000+00:00,2019-07-05 11:44:25.770000+00:00,18.176869444444446,100,0.68,3.42,20800826,0.7936566730621494,1.27,72,ok,996,0.8816035424095222,0.8469385352108167,0.3223924984460631,0.6448158204984225,1.2470130550660907,0.6021972345676683,1.47,53.0,usable_but_moderately_uncertain
mw71,5,primary_N100_step20,100,20,False,dynamic,0.01,1.5,1000,8,160,260,2019-07-05 11:26:34.960000+00:00,2019-07-05 12:45:54.310000+00:00,2019-07-05 11:57:20.880000+00:00,2019-07-05 11:57:20.880000+00:00,18.39217777777778,100,0.58,4.42,20800843,0.8551785100188086,1.43,49,ok,1000,0.8440394580160906,0.8318990374183768,0.15088713944067111,0.5772659826865684,1.1592714484746833,0.582005465788115,1.43,50.0,exploratory
mw71,5,primary_N100_step20,100,20,False,dynamic,0.01,1.5,1000,9,180,280,2019-07-05 11:39:26.050000+00:00,2019-07-05 13:04:01.930000+00:00,2019-07-05 12:13:37.790000+00:00,2019-07-05 12:13:37.790000+00:00,18.663541666666667,100,0.58,4.42,20800860,0.8082180975708426,1.27,55,ok,998,0.808320242182455,0.7917803753569173,0.1950617689149282,0.4386905818805196,1.2251749560926795,0.7864843742121599,1.27,50.0,usable_but_moderately_uncertain
mw71,5,primary_N100_step20,100,20,False,dynamic,0.01,1.5,1000,10,200,300,2019-07-05 11:50:53.920000+00:00,2019-07-05 13:25:10.580000+00:00,2019-07-05 12:41:22.240000+00:00,2019-07-05 12:41:22.240000+00:00,19.125888888888888,100,0.58,4.42,20800877,0.7791538556202559,1.27,54,ok,999,0.7751791265793868,0.762187323936497,0.1402406926234059,0.5038694174070314,1.0719208761643364,0.568051458757305,1.27,52.0,usable_but_moderately_uncertain
mw71,5,primary_N100_step20,100,20,False,dynamic,0.01,1.5,1000,11,220,320,2019-07-05 12:06:32.470000+00:00,2019-07-05 13:46:45.310000+00:00,2019-07-05 12:53:40.550000+00:00,2019-07-05 12:53:40.550000+00:00,19.330975,100,0.54,4.42,20800894,0.7800110566353733,1.43,39,ok,997,0.7767966504228191,0.7689023763433467,0.16089182451739026,0.4823038315015847,1.0951412423163882,0.6128374108148036,1.3599999999999999,44.0,exploratory
mw71,5,primary_N100_step20,100,20,False,dynamic,0.01,1.5,1000,12,240,340,2019-07-05 12:25:49.910000+00:00,2019-07-05 14:13:49.850000+00:00,2019-07-05 13:10:57.270000+00:00,2019-07-05 13:10:57.270000+00:00,19.61895277777778,100,0.54,4.42,20800911,0.7350359273828898,1.19,58,ok,991,0.7314866796078295,0.7269270466229975,0.14224942262089418,0.4404255383155279,1.0379047774266903,0.5974792391111624,1.29,49.0,usable_but_moderately_uncertain
mw71,5,primary_N100_step20,100,20,False,dynamic,0.01,1.5,1000,13,260,360,2019-07-05 12:46:14.080000+00:00,2019-07-05 14:41:55.850000+00:00,2019-07-05 13:34:37.830000+00:00,2019-07-05 13:34:37.830000+00:00,20.013552777777775,100,0.54,4.08,20800928,0.7555664996119068,1.21,52,ok,994,0.7598044776934689,0.7462187551330104,0.141477720344185,0.5233893731623293,1.0710987333783573,0.547709360216028,1.21,51.0,usable_but_moderately_uncertain
mw71,5,primary_N100_step20,100,20,False,dynamic,0.01,1.5,1000,14,280,380,2019-07-05 13:04:26.380000+00:00,2019-07-05 15:08:37.860000+00:00,2019-07-05 14:00:24.720000+00:00,2019-07-05 14:00:24.720000+00:00,20.443244444444442,100,0.43,4.08,20800945,0.8079393532487879,1.18,51,ok,997,0.8328601415610055,0.8160602410724337,0.1485618954232534,0.6064686625290343,1.1491396402136622,0.5426709776846279,1.2,49.0,usable_but_moderately_uncertain
mw71,5,primary_N100_step20,100,20,False,dynamic,0.01,1.5,1000,15,300,400,2019-07-05 13:25:17.670000+00:00,2019-07-05 15:47:17.470000+00:00,2019-07-05 14:25:34.130000+00:00,2019-07-05 14:25:34.130000+00:00,20.862524999999998,100,0.43,4.08,20800962,0.7899745383534822,1.18,44,ok,997,0.8378358806622543,0.818882561617743,0.17111410414493827,0.6022447452490334,1.1673004686024102,0.5650557233533768,1.18,45.0,exploratory
mw71,5,primary_N100_step20,100,20,False,dynamic,0.01,1.5,1000,16,320,420,2019-07-05 13:47:11.430000+00:00,2019-07-05 16:26:48.320000+00:00,2019-07-05 14:50:27.550000+00:00,2019-07-05 14:50:27.550000+00:00,21.27736388888889,100,0.43,4.08,20800979,0.807543511858212,0.99,64,ok,993,0.8102692799864656,0.7821528429139684,0.245034149428564,0.5773708992074631,1.140615847256346,0.5632449480488828,1.1150000000000002,49.5,usable_but_moderately_uncertain
mw71,5,primary_N100_step20,100,20,False,dynamic,0.01,1.5,1000,17,340,440,2019-07-05 14:16:38.240000+00:00,2019-07-05 17:04:53.600000+00:00,2019-07-05 15:29:25.510000+00:00,2019-07-05 15:29:25.510000+00:00,21.926797222222223,100,0.41,4.08,20800996,0.8408674714370704,0.99,60,ok,988,0.8285052322656498,0.8130928496695006,0.16234372281552134,0.5589720100316589,1.1672740545068179,0.608302044475159,0.99,53.0,usable_but_moderately_uncertain
mw71,5,primary_N100_step20,100,20,False,dynamic,0.01,1.5,1000,18,360,460,2019-07-05 14:42:19.400000+00:00,2019-07-05 17:31:12+00:00,2019-07-05 16:08:35.330000+00:00,2019-07-05 16:08:35.330000+00:00,22.579524999999997,100,0.41,2.5,20801013,0.8974321672548131,0.99,57,ok,990,0.893788008755727,0.8608735236710714,0.18127403097421418,0.69280390043917,1.2369987998339893,0.5441948993948194,0.99,54.0,usable_but_moderately_uncertain
mw71,5,primary_N100_step20,100,20,False,dynamic,0.01,1.5,1000,19,380,480,2019-07-05 15:13:21.640000+00:00,2019-07-05 18:14:52.360000+00:00,2019-07-05 16:44:31.810000+00:00,2019-07-05 16:44:31.810000+00:00,23.178547222222225,100,0.41,3.68,20801030,0.84005420264314,0.99,60,ok,991,0.843673131643352,0.8243800189493689,0.19563992289098936,0.6186189857080495,1.172024221805838,0.5534052360977886,0.99,55.0,usable_but_moderately_uncertain
mw71,5,primary_N100_step20,100,20,False,dynamic,0.01,1.5,1000,20,400,500,2019-07-05 15:48:01.020000+00:00,2019-07-05 18:55:01.240000+00:00,2019-07-05 17:18:19.880000+00:00,2019-07-05 17:18:19.880000+00:00,23.741899999999998,100,0.41,3.68,20801047,0.8344779527622496,0.99,55,ok,988,0.8097003847104992,0.788893340011775,0.14558151581296522,0.5921377938783609,1.1426838669806627,0.5505460731023019,0.99,53.0,usable_but_moderately_uncertain
mw71,5,primary_N100_step20,100,20,False,dynamic,0.01,1.5,1000,21,420,520,2019-07-05 16:28:45.600000+00:00,2019-07-05 19:37:39.840000+00:00,2019-07-05 17:53:12.880000+00:00,2019-07-05 17:53:12.880000+00:00,24.32328888888889,100,0.4,3.68,20801064,0.7873827621494266,0.74,79,ok,996,0.83843984416305,0.8124277476442847,0.17200021745322902,0.5971501584908192,1.2498638518054777,0.6527136933146584,1.0,51.0,usable_but_moderately_uncertain
mw71,5,primary_N100_step20,100,20,False,dynamic,0.01,1.5,1000,22,440,540,2019-07-05 17:05:28.440000+00:00,2019-07-05 20:34:28.160000+00:00,2019-07-05 18:27:37.200000+00:00,2019-07-05 18:27:37.200000+00:00,24.896711111111113,100,0.37,3.68,20801081,0.8205537948390804,0.74,77,ok,999,0.8991404618529247,0.8698606595045987,0.18662586133823297,0.6400160844874011,1.3745400491712536,0.7345239646838525,1.01,47.0,usable_but_moderately_uncertain
mw71,5,primary_N100_step20,100,20,False,dynamic,0.01,1.5,1000,23,460,560,2019-07-05 17:33:28.440000+00:00,2019-07-05 21:40:12.320000+00:00,2019-07-05 19:15:14.800000+00:00,2019-07-05 19:15:14.800000+00:00,25.690488888888886,100,0.29,3.68,20801098,0.9377548727061606,1.11,43,ok,991,0.9572605408187155,0.9045582176584887,0.32725313469171435,0.6017499305570031,1.5280885490912843,0.9263386185342812,1.11,40.0,exploratory
mw71,5,primary_N100_step20,100,20,False,dynamic,0.01,1.5,1000,24,480,580,2019-07-05 18:16:17.200000+00:00,2019-07-05 22:34:22.800000+00:00,2019-07-05 20:03:57.320000+00:00,2019-07-05 20:03:57.320000+00:00,26.502299999999998,100,0.29,2.77,20801115,1.0749553916593246,1.23,31,ok,994,1.014691057643746,0.9844225160043297,0.19654308816087449,0.7268696666599126,1.4748698613928746,0.748000194732962,1.11,39.0,exploratory
mw71,5,primary_N100_step20,100,20,False,dynamic,0.01,1.5,1000,25,500,600,2019-07-05 19:00:12.840000+00:00,2019-07-05 23:09:03.520000+00:00,2019-07-05 21:07:32.560000+00:00,2019-07-05 21:07:32.560000+00:00,27.56208888888889,100,0.29,3.17,20801132,0.734864372214579,1.46,20,ok,997,0.8138855952816121,0.8026204488343047,0.14883105569735222,0.5740242772894296,1.1455048123369402,0.5714805350475106,1.1300000000000001,40.0,highly_unreliable
mw71,5,primary_N100_step20,100,20,False,dynamic,0.01,1.5,1000,26,520,620,2019-07-05 19:42:53.180000+00:00,2019-07-06 00:00:45.290000+00:00,2019-07-05 22:15:59.200000+00:00,2019-07-05 22:15:59.200000+00:00,28.702822222222224,100,0.16,3.17,20801149,0.7526955856864291,1.5999999999999999,15,ok,997,0.8486713298432124,0.8272525965989856,0.16684828764492576,0.5849441331294104,1.2551603674461012,0.6702162343166908,1.24,31.0,highly_unreliable
mw71,5,primary_N100_step20,100,20,False,dynamic,0.01,1.5,1000,27,540,640,2019-07-05 20:39:38.580000+00:00,2019-07-06 00:38:53.200000+00:00,2019-07-05 22:54:25.260000+00:00,2019-07-05 22:54:25.260000+00:00,29.343394444444446,100,0.16,3.17,20801166,0.5731624043820155,1.51,22,ok,998,0.6561142476764373,0.6425574149370813,0.11633833565789531,0.4700797915530216,0.9006672246833277,0.4305874331303061,1.41,28.0,highly_unreliable
mw71,5,primary_N100_step20,100,20,False,dynamic,0.01,1.5,1000,28,560,660,2019-07-05 21:43:07.960000+00:00,2019-07-06 01:13:48.410000+00:00,2019-07-05 23:35:10.320000+00:00,2019-07-05 23:35:10.320000+00:00,30.022577777777776,100,0.16,4.05,20801183,0.6361072809197968,1.24,40,ok,995,0.6067921290161812,0.5975101133987917,0.1356413626361966,0.4140323097428487,0.8727887143301666,0.45875640458731787,1.24,38.0,exploratory
mw71,5,primary_N100_step20,100,20,False,dynamic,0.01,1.5,1000,29,580,680,2019-07-05 22:35:00.240000+00:00,2019-07-06 02:07:29.250000+00:00,2019-07-06 00:22:19.950000+00:00,2019-07-06 00:22:19.950000+00:00,30.80858611111111,100,0.16,4.05,20801200,0.6294233097688304,1.24,36,ok,998,0.6336682902466505,0.6230679904169985,0.1424413972878765,0.42126466162032056,0.8793437931498485,0.4580791315295279,1.14,41.0,exploratory
mw71,5,primary_N100_step20,100,20,False,dynamic,0.01,1.5,1000,30,600,700,2019-07-05 23:11:42.040000+00:00,2019-07-06 02:55:12.760000+00:00,2019-07-06 00:57:31.880000+00:00,2019-07-06 00:57:31.880000+00:00,31.395233333333334,100,0.16,4.05,20801217,0.7050096460577306,1.14,39,ok,997,0.6894062940089195,0.677716455142985,0.15298394176869728,0.44061544541102166,1.0252456268609909,0.5846301814499693,1.14,37.0,exploratory
mw71,5,exploratory_N50_step10,50,10,True,dynamic,0.01,1.5,1000,0,0,50,2019-07-04 17:36:59.360000+00:00,2019-07-05 02:01:40.950000+00:00,2019-07-04 23:50:57.100000+00:00,2019-07-04 23:50:57.100000+00:00,6.285572222222223,50,0.69,4.74,20800707,0.42595631880640233,1.52,24,ok,965,0.4669375565756941,0.4498774550393953,0.09974016371645643,0.33027925956112364,0.7081040809501586,0.377824821389035,1.52,25.0,highly_unreliable
mw71,5,exploratory_N50_step10,50,10,True,dynamic,0.01,1.5,1000,1,10,60,2019-07-04 22:12:08.280000+00:00,2019-07-05 02:58:39.140000+00:00,2019-07-05 00:39:33.290000+00:00,2019-07-05 00:39:33.290000+00:00,7.095625,50,0.61,4.74,20800724,0.40664574426543304,1.49,20,ok,980,0.4585840042298072,0.4428728904439496,0.11422317894593728,0.2917799849816581,0.7748243810093819,0.4830443960277238,1.49,21.0,highly_unreliable
mw71,5,exploratory_N50_step10,50,10,True,dynamic,0.01,1.5,1000,2,20,70,2019-07-04 23:21:00.200000+00:00,2019-07-05 04:04:12.640000+00:00,2019-07-05 01:10:47.260000+00:00,2019-07-05 01:10:47.260000+00:00,7.616172222222223,50,0.48,4.05,20800741,0.49245582293986845,0.8899999999999999,42,ok,976,0.5077027398051195,0.48406459877053776,0.11772450760631535,0.3587612871347996,0.7872742637435629,0.4285129766087633,1.28,26.0,exploratory
mw71,5,exploratory_N50_step10,50,10,True,dynamic,0.01,1.5,1000,3,30,80,2019-07-05 00:15:03.960000+00:00,2019-07-05 05:36:54.100000+00:00,2019-07-05 02:44:33.430000+00:00,2019-07-05 02:44:33.430000+00:00,9.178997222222222,50,0.35,3.99,20800758,0.5036123052587634,0.8899999999999999,38,ok,987,0.5188628198935064,0.4959059823654207,0.12861760632824992,0.35647259266780396,0.8330152549569472,0.4765426622891432,1.15,25.0,exploratory
mw71,5,exploratory_N50_step10,50,10,True,dynamic,0.01,1.5,1000,4,40,90,2019-07-05 00:57:57.170000+00:00,2019-07-05 06:34:03.170000+00:00,2019-07-05 03:47:07.380000+00:00,2019-07-05 03:47:07.380000+00:00,10.22176111111111,50,0.35,3.43,20800775,0.5473653953156887,1.03,32,ok,979,0.5600374376157662,0.5276422507488934,0.15752333521110892,0.3844980822312736,0.9599465534963036,0.5754484712650301,1.15,25.0,exploratory
mw71,5,exploratory_N50_step10,50,10,True,dynamic,0.01,1.5,1000,5,50,100,2019-07-05 02:11:59.960000+00:00,2019-07-05 07:30:50.670000+00:00,2019-07-05 05:12:33.080000+00:00,2019-07-05 05:12:33.080000+00:00,11.645566666666667,50,0.35,4.1,20800792,0.5085898981670307,1.03,28,ok,976,0.5215040290671403,0.5002127387022133,0.12916673225499706,0.3543733525300463,0.8259882921663259,0.47161493963627954,1.08,25.0,highly_unreliable
mw71,5,exploratory_N50_step10,50,10,True,dynamic,0.01,1.5,1000,6,60,110,2019-07-05 03:01:12.960000+00:00,2019-07-05 08:11:08.700000+00:00,2019-07-05 06:22:20.370000+00:00,2019-07-05 06:22:20.370000+00:00,12.808702777777778,50,0.35,4.1,20800809,0.4988979392684101,1.03,29,ok,978,0.5356643050129468,0.5064970697250326,0.13522849058865435,0.3745358768717268,0.8827059906061419,0.508170113734415,1.1300000000000001,25.0,highly_unreliable
mw71,5,exploratory_N50_step10,50,10,True,dynamic,0.01,1.5,1000,7,70,120,2019-07-05 04:11:33.170000+00:00,2019-07-05 09:26:25.730000+00:00,2019-07-05 07:22:17.360000+00:00,2019-07-05 07:22:17.360000+00:00,13.807866666666667,50,0.35,4.1,20800826,0.6461461107972944,1.04,28,ok,990,0.6500854698102987,0.6165779855650878,0.22640973387503804,0.3978931956279655,1.000765279042816,0.6028720834148507,1.04,27.0,highly_unreliable
mw71,5,exploratory_N50_step10,50,10,True,dynamic,0.01,1.5,1000,8,80,130,2019-07-05 05:42:53.810000+00:00,2019-07-05 11:05:37.640000+00:00,2019-07-05 07:45:14.030000+00:00,2019-07-05 07:45:14.030000+00:00,14.190275,50,0.34,4.1,20800843,0.7492635312911865,1.04,28,ok,993,0.7423945132809906,0.6951387840601827,0.3272091237257972,0.4031669770334933,1.3343389995068973,0.9311720224734039,1.04,25.0,highly_unreliable
mw71,5,exploratory_N50_step10,50,10,True,dynamic,0.01,1.5,1000,9,90,140,2019-07-05 06:38:34.790000+00:00,2019-07-05 11:13:40.290000+00:00,2019-07-05 08:49:29.570000+00:00,2019-07-05 08:49:29.570000+00:00,15.261258333333332,50,0.34,4.1,20800860,0.4191052856862529,1.04,32,ok,983,0.4813365457098543,0.4115307864460747,0.9721692454421788,0.3140778522563022,0.899682149893822,0.5856042976375198,1.04,30.0,exploratory
mw71,5,exploratory_N50_step10,50,10,True,dynamic,0.01,1.5,1000,10,100,150,2019-07-05 07:31:02.390000+00:00,2019-07-05 11:19:45.030000+00:00,2019-07-05 10:10:54.510000+00:00,2019-07-05 10:10:54.510000+00:00,16.61818611111111,50,0.34,3.91,20800877,0.4584431893223427,1.3699999999999999,30,ok,975,0.5766228477115865,0.46482193473658007,0.4945087636295145,0.3208325816631279,1.4086461278605102,1.0878135461973824,1.3699999999999999,29.0,exploratory
mw71,5,exploratory_N50_step10,50,10,True,dynamic,0.01,1.5,1000,11,110,160,2019-07-05 08:28:32.230000+00:00,2019-07-05 11:26:24.910000+00:00,2019-07-05 11:11:31.520000+00:00,2019-07-05 11:11:31.520000+00:00,17.628466666666668,50,0.34,3.91,20800894,0.711245344684636,2.15,16,ok,981,0.6663246722150371,0.5737130747958264,0.6505405831252136,0.3288502905909402,1.6037462638792574,1.2748959732883174,1.8,22.0,highly_unreliable
mw71,5,exploratory_N50_step10,50,10,True,dynamic,0.01,1.5,1000,12,120,170,2019-07-05 09:36:08.390000+00:00,2019-07-05 11:33:04.810000+00:00,2019-07-05 11:16:52.100000+00:00,2019-07-05 11:16:52.100000+00:00,17.717516666666665,50,0.34,3.91,20800911,0.6899792676786963,2.15,18,ok,974,0.7296609811928513,0.636762574078913,0.4861216565942422,0.3041569934637164,1.8258399641267316,1.521682970663015,2.1,21.0,highly_unreliable
mw71,5,exploratory_N50_step10,50,10,True,dynamic,0.01,1.5,1000,13,130,180,2019-07-05 11:08:39.870000+00:00,2019-07-05 11:38:16.980000+00:00,2019-07-05 11:23:02.340000+00:00,2019-07-05 11:23:02.340000+00:00,17.82036111111111,50,1.16,3.91,20800928,0.65464112625369,2.15,19,ok,965,0.7791837132929702,0.635077406829772,1.0580447201112737,0.4585171589597425,1.6925929625616696,1.234075803601927,2.12,21.0,highly_unreliable
mw71,5,exploratory_N50_step10,50,10,True,dynamic,0.01,1.5,1000,14,140,190,2019-07-05 11:15:06.290000+00:00,2019-07-05 11:43:33.470000+00:00,2019-07-05 11:31:31.030000+00:00,2019-07-05 11:31:31.030000+00:00,17.96166388888889,50,0.76,3.42,20800945,0.9545317906230362,2.15,10,ok,981,0.989021546289924,0.8893713159982511,0.6366656667918059,0.5367004314597119,1.9019965541701636,1.3652961227104516,1.8399999999999999,20.0,highly_unreliable
mw71,5,exploratory_N50_step10,50,10,True,dynamic,0.01,1.5,1000,15,150,200,2019-07-05 11:20:24.570000+00:00,2019-07-05 11:50:45.270000+00:00,2019-07-05 11:35:22.800000+00:00,2019-07-05 11:35:22.800000+00:00,18.026044444444445,50,0.68,3.42,20800962,0.7825337511956526,1.22,43,ok,981,0.9647993034794309,0.8683697963137237,0.8112138823485576,0.5071949115843601,1.6521708212719015,1.1449759096875414,1.5799999999999998,24.0,exploratory
mw71,5,exploratory_N50_step10,50,10,True,dynamic,0.01,1.5,1000,16,160,210,2019-07-05 11:26:34.960000+00:00,2019-07-05 11:56:02.010000+00:00,2019-07-05 11:41:05.710000+00:00,2019-07-05 11:41:05.710000+00:00,18.12129722222222,50,0.68,3.42,20800979,0.969627956299781,1.47,24,ok,989,0.9756145174489532,0.9016818319375314,0.4949941492120002,0.5209510800134521,1.7905435400597083,1.269592460046256,1.47,22.0,highly_unreliable
mw71,5,exploratory_N50_step10,50,10,True,dynamic,0.01,1.5,1000,17,170,220,2019-07-05 11:34:02.740000+00:00,2019-07-05 12:05:48.060000+00:00,2019-07-05 11:48:27.200000+00:00,2019-07-05 11:48:27.200000+00:00,18.243933333333334,50,0.68,3.42,20800996,1.1083076271857655,1.27,32,ok,987,1.1656944809732515,1.0633601921080675,0.5957856937541685,0.5742378113750386,2.329353986831239,1.7551161754562006,1.47,22.0,exploratory
mw71,5,exploratory_N50_step10,50,10,True,dynamic,0.01,1.5,1000,18,180,230,2019-07-05 11:39:26.050000+00:00,2019-07-05 12:13:29.180000+00:00,2019-07-05 11:54:57.980000+00:00,2019-07-05 11:54:57.980000+00:00,18.352483333333335,50,0.68,2.79,20801013,1.2342369073028003,1.27,29,ok,982,1.3097186967332142,1.1990514776451593,0.6869835402852315,0.7504349872123887,2.4312441657211656,1.680809178508777,1.27,25.0,highly_unreliable
mw71,5,exploratory_N50_step10,50,10,True,dynamic,0.01,1.5,1000,19,190,240,2019-07-05 11:44:25.770000+00:00,2019-07-05 12:25:18.460000+00:00,2019-07-05 12:02:34.430000+00:00,2019-07-05 12:02:34.430000+00:00,18.479275,50,0.68,2.79,20801030,1.1333583978809576,1.27,28,ok,993,1.1658863125124153,1.1022391824988123,0.45244553018322164,0.6687389125130022,1.9774764516165748,1.3087375391035727,1.27,26.0,highly_unreliable
mw71,5,exploratory_N50_step10,50,10,True,dynamic,0.01,1.5,1000,20,200,250,2019-07-05 11:50:53.920000+00:00,2019-07-05 12:40:12+00:00,2019-07-05 12:11:27.920000+00:00,2019-07-05 12:11:27.920000+00:00,18.627466666666667,50,0.58,4.42,20801047,0.7681972551546282,1.27,28,ok,994,0.7913571321118404,0.7639647933475953,0.2110667508377155,0.46272753531902083,1.2923486463427276,0.8296211110237068,1.27,25.0,highly_unreliable
mw71,5,exploratory_N50_step10,50,10,True,dynamic,0.01,1.5,1000,21,210,260,2019-07-05 11:57:20.880000+00:00,2019-07-05 12:45:54.310000+00:00,2019-07-05 12:18:10.520000+00:00,2019-07-05 12:18:10.520000+00:00,18.7393,50,0.58,4.42,20801064,0.7587563357698943,1.43,23,ok,994,0.7516063876806552,0.7212986983076035,0.20527085443072474,0.437457562620297,1.2400217069106716,0.8025641442903746,1.43,23.0,highly_unreliable
mw71,5,exploratory_N50_step10,50,10,True,dynamic,0.01,1.5,1000,22,220,270,2019-07-05 12:06:32.470000+00:00,2019-07-05 12:53:07.110000+00:00,2019-07-05 12:33:03.470000+00:00,2019-07-05 12:33:03.470000+00:00,18.987341666666666,50,0.58,4.42,20801081,0.771056384770984,1.43,23,ok,968,0.7908374535731407,0.7289717593205999,0.9724397465010852,0.3889526321652606,1.2901467309988686,0.901194098833608,1.43,22.0,highly_unreliable
mw71,5,exploratory_N50_step10,50,10,True,dynamic,0.01,1.5,1000,23,230,280,2019-07-05 12:13:37.790000+00:00,2019-07-05 13:04:01.930000+00:00,2019-07-05 12:45:01.100000+00:00,2019-07-05 12:45:01.100000+00:00,19.18668333333333,50,0.58,4.42,20801098,0.6484231509849514,1.43,23,ok,981,0.6065314483961062,0.5762176948183193,0.4247576981681224,0.30010261957486256,0.9970816579871329,0.6969790384122703,1.43,22.0,highly_unreliable
mw71,5,exploratory_N50_step10,50,10,True,dynamic,0.01,1.5,1000,24,240,290,2019-07-05 12:25:49.910000+00:00,2019-07-05 13:10:41.970000+00:00,2019-07-05 12:49:18.550000+00:00,2019-07-05 12:49:18.550000+00:00,19.258197222222222,50,0.58,4.42,20801115,0.6412657083574289,1.17,31,ok,983,0.6614855087418149,0.6213823679660689,0.25576469185771317,0.32328487856771626,1.1850449643081151,0.8617600857403989,1.3299999999999998,23.0,exploratory
mw71,5,exploratory_N50_step10,50,10,True,dynamic,0.01,1.5,1000,25,250,300,2019-07-05 12:41:22.240000+00:00,2019-07-05 13:25:10.580000+00:00,2019-07-05 12:59:27.160000+00:00,2019-07-05 12:59:27.160000+00:00,19.427255555555554,50,0.69,4.04,20801132,0.7497254922871773,1.3599999999999999,21,ok,987,0.7773126386680814,0.7455882379591994,0.3321821730716795,0.39550123029052553,1.3196428201543358,0.9241415898638102,1.3599999999999999,21.0,highly_unreliable
mw71,5,exploratory_N50_step10,50,10,True,dynamic,0.01,1.5,1000,26,260,310,2019-07-05 12:46:14.080000+00:00,2019-07-05 13:34:10.880000+00:00,2019-07-05 13:08:08.050000+00:00,2019-07-05 13:08:08.050000+00:00,19.57194722222222,50,0.54,4.04,20801149,0.8014570413464749,1.21,29,ok,987,0.8042940646891789,0.7614258780266483,0.2708771086743004,0.4754043289208757,1.308163045127427,0.8327587162065514,1.21,26.0,highly_unreliable
mw71,5,exploratory_N50_step10,50,10,True,dynamic,0.01,1.5,1000,27,270,320,2019-07-05 12:53:40.550000+00:00,2019-07-05 13:46:45.310000+00:00,2019-07-05 13:20:26.100000+00:00,2019-07-05 13:20:26.100000+00:00,19.77696111111111,50,0.54,4.04,20801166,0.9090580888725388,1.21,29,ok,987,0.9064165550806097,0.8538174379393972,0.39644688962355207,0.40882397353892785,1.6171602586610379,1.20833628512211,1.21,24.0,highly_unreliable
mw71,5,exploratory_N50_step10,50,10,True,dynamic,0.01,1.5,1000,28,280,330,2019-07-05 13:04:26.380000+00:00,2019-07-05 13:58:58.660000+00:00,2019-07-05 13:30:00.700000+00:00,2019-07-05 13:30:00.700000+00:00,19.936572222222225,50,0.54,2.89,20801183,0.9662492904588045,1.21,29,ok,987,0.9891713574262898,0.9435145982186045,0.2866687699117617,0.6331045075597568,1.6002919334960022,0.9671874259362454,1.21,26.0,highly_unreliable
mw71,5,exploratory_N50_step10,50,10,True,dynamic,0.01,1.5,1000,29,290,340,2019-07-05 13:10:57.270000+00:00,2019-07-05 14:13:49.850000+00:00,2019-07-05 13:40:18.500000+00:00,2019-07-05 13:40:18.500000+00:00,20.108183333333336,50,0.54,2.89,20801200,0.8331473299898303,1.05,35,ok,978,0.8955151361497216,0.8620015057291057,0.23906440705308427,0.5988464285684068,1.3978866430517736,0.7990402144833668,1.19,26.0,exploratory
mw71,5,exploratory_N50_step10,50,10,True,dynamic,0.01,1.5,1000,30,300,350,2019-07-05 13:25:17.670000+00:00,2019-07-05 14:24:09.700000+00:00,2019-07-05 13:52:28.050000+00:00,2019-07-05 13:52:28.050000+00:00,20.310836111111108,50,0.54,2.77,20801217,0.8903209568049406,1.05,32,ok,993,0.9200447904674,0.8809520757006902,0.22864607533382847,0.6310585258118622,1.4656009795100338,0.8345424536981716,1.19,23.0,exploratory
mw71,5,exploratory_N50_step10,50,10,True,dynamic,0.01,1.5,1000,31,310,360,2019-07-05 13:34:37.830000+00:00,2019-07-05 14:41:55.850000+00:00,2019-07-05 14:07:09.330000+00:00,2019-07-05 14:07:09.330000+00:00,20.55563611111111,50,0.68,4.08,20801234,0.7009612534097651,1.18,24,ok,988,0.7321017309133713,0.706733115783486,0.18576080490134883,0.4178769499070985,1.174111889123088,0.7562349392159895,1.18,23.0,highly_unreliable
mw71,5,exploratory_N50_step10,50,10,True,dynamic,0.01,1.5,1000,32,320,370,2019-07-05 13:47:11.430000+00:00,2019-07-05 14:49:31.600000+00:00,2019-07-05 14:20:55.120000+00:00,2019-07-05 14:20:55.120000+00:00,20.785022222222224,50,0.6,4.08,20801251,0.6825403950106874,1.18,23,ok,985,0.7422327894515884,0.694559130234232,0.45855055308689074,0.4004765005673323,1.2670539358960795,0.8665774353287472,1.18,23.0,highly_unreliable
mw71,5,exploratory_N50_step10,50,10,True,dynamic,0.01,1.5,1000,33,330,380,2019-07-05 14:00:24.720000+00:00,2019-07-05 15:08:37.860000+00:00,2019-07-05 14:36:25.100000+00:00,2019-07-05 14:36:25.100000+00:00,21.04335,50,0.43,4.08,20801268,0.6753326838527046,1.18,21,ok,990,0.7417388463661456,0.6917062079508094,0.2983584488933728,0.4368343174702896,1.2382056433553863,0.8013713258850967,1.18,22.0,highly_unreliable
mw71,5,exploratory_N50_step10,50,10,True,dynamic,0.01,1.5,1000,34,340,390,2019-07-05 14:16:38.240000+00:00,2019-07-05 15:29:01.780000+00:00,2019-07-05 14:46:29.840000+00:00,2019-07-05 14:46:29.840000+00:00,21.211333333333336,50,0.43,4.08,20801285,0.8518381798276778,0.98,33,ok,981,0.8800471497002045,0.7641742293875416,0.7720726870242164,0.4407293073433136,1.934102232511184,1.4933729251678705,1.18,21.0,exploratory
mw71,5,exploratory_N50_step10,50,10,True,dynamic,0.01,1.5,1000,35,350,400,2019-07-05 14:25:34.130000+00:00,2019-07-05 15:47:17.470000+00:00,2019-07-05 15:02:07.010000+00:00,2019-07-05 15:02:07.010000+00:00,21.471658333333334,50,0.43,4.08,20801302,0.718229465904649,0.8999999999999999,32,ok,981,0.8219491428930107,0.7434184981502813,0.3963262712817692,0.4761735723680943,1.539761021722405,1.0635874493543107,1.07,24.0,exploratory
mw71,5,exploratory_N50_step10,50,10,True,dynamic,0.01,1.5,1000,36,360,410,2019-07-05 14:42:19.400000+00:00,2019-07-05 16:06:20.100000+00:00,2019-07-05 15:25:29.500000+00:00,2019-07-05 15:25:29.500000+00:00,21.86123888888889,50,0.43,2.19,20801319,1.0626675174985385,0.99,27,ok,979,1.1716204957295646,1.0437485901077332,0.7592639348871328,0.753675282010368,2.409073223454312,1.6553979414439441,1.08,21.0,highly_unreliable
mw71,5,exploratory_N50_step10,50,10,True,dynamic,0.01,1.5,1000,37,370,420,2019-07-05 14:50:27.550000+00:00,2019-07-05 16:26:48.320000+00:00,2019-07-05 15:34:16.630000+00:00,2019-07-05 15:34:16.630000+00:00,22.00766388888889,50,0.43,2.48,20801336,0.8653353934186842,0.99,29,ok,987,0.9833016042791627,0.8802608596799493,0.5467751604431509,0.6446820422703197,1.9781969105531607,1.333514868282841,1.06,23.0,highly_unreliable
mw71,5,exploratory_N50_step10,50,10,True,dynamic,0.01,1.5,1000,38,380,430,2019-07-05 15:13:21.640000+00:00,2019-07-05 16:41:58.120000+00:00,2019-07-05 15:53:51.340000+00:00,2019-07-05 15:53:51.340000+00:00,22.333972222222222,50,0.53,2.5,20801353,0.9196184410681112,1.44,11,ok,989,0.9702562754021116,0.9024625650088387,0.3367122446195694,0.6214677954837199,1.6390416188169319,1.017573823333212,1.26,16.0,highly_unreliable
mw71,5,exploratory_N50_step10,50,10,True,dynamic,0.01,1.5,1000,39,390,440,2019-07-05 15:29:25.510000+00:00,2019-07-05 17:04:53.600000+00:00,2019-07-05 16:18:29.040000+00:00,2019-07-05 16:18:29.040000+00:00,22.744444444444444,50,0.41,2.5,20801370,0.8695174793529549,0.99,29,ok,956,0.8579334053673002,0.822329234842343,0.25044422541572925,0.5749868153723644,1.3231324059450282,0.7481455905726638,0.99,26.0,highly_unreliable
mw71,5,exploratory_N50_step10,50,10,True,dynamic,0.01,1.5,1000,40,400,450,2019-07-05 15:48:01.020000+00:00,2019-07-05 17:16:35.260000+00:00,2019-07-05 16:38:53.050000+00:00,2019-07-05 16:38:53.050000+00:00,23.08444722222222,50,0.41,2.5,20801387,0.9736392959646224,0.99,28,ok,958,0.8383542792539921,0.8042720255413995,0.21855399995224947,0.5057411501279653,1.2832041565973338,0.7774630064693685,1.08,21.0,highly_unreliable
mw71,5,exploratory_N50_step10,50,10,True,dynamic,0.01,1.5,1000,41,410,460,2019-07-05 16:08:35.330000+00:00,2019-07-05 17:31:12+00:00,2019-07-05 16:54:52.910000+00:00,2019-07-05 16:54:52.910000+00:00,23.351074999999998,50,0.41,2.5,20801404,0.6957005089507932,0.74,41,ok,929,0.8736716701419364,0.7308688039960485,1.3675557155886713,0.5473725149679455,1.3459602291992523,0.7985877142313068,1.15,23.0,exploratory
mw71,5,exploratory_N50_step10,50,10,True,dynamic,0.01,1.5,1000,42,420,470,2019-07-05 16:28:45.600000+00:00,2019-07-05 17:50:10.680000+00:00,2019-07-05 17:14:23.800000+00:00,2019-07-05 17:14:23.800000+00:00,23.676322222222222,50,0.41,2.5,20801421,0.7454358830649885,0.74,42,ok,978,1.0345151122636618,0.8364587802292764,1.5525205530543404,0.6064046584384513,2.0008144655748756,1.3944098071364244,1.12,25.0,exploratory
mw71,5,exploratory_N50_step10,50,10,True,dynamic,0.01,1.5,1000,43,430,480,2019-07-05 16:44:31.810000+00:00,2019-07-05 18:14:52.360000+00:00,2019-07-05 17:24:44.880000+00:00,2019-07-05 17:24:44.880000+00:00,23.848844444444442,50,0.41,3.68,20801438,0.6839424530305441,0.74,41,ok,973,0.7895815955676518,0.7227779344891784,0.9665644826200943,0.5049550843534767,1.2197236492584491,0.7147685649049724,0.99,30.0,exploratory
mw71,5,exploratory_N50_step10,50,10,True,dynamic,0.01,1.5,1000,44,440,490,2019-07-05 17:05:28.440000+00:00,2019-07-05 18:27:27.520000+00:00,2019-07-05 17:44:35.760000+00:00,2019-07-05 17:44:35.760000+00:00,24.179644444444445,50,0.44,3.68,20801455,0.730246864531432,0.74,38,ok,969,0.8015930867214612,0.7567762323693717,0.28349461914804414,0.5063202120898656,1.3226580625027065,0.8163378504128409,0.9199999999999999,27.5,exploratory
mw71,5,exploratory_N50_step10,50,10,True,dynamic,0.01,1.5,1000,45,450,500,2019-07-05 17:18:19.880000+00:00,2019-07-05 18:55:01.240000+00:00,2019-07-05 18:08:43.800000+00:00,2019-07-05 18:08:43.800000+00:00,24.581877777777777,50,0.44,3.68,20801472,0.7391260032637927,1.0,27,ok,963,0.8068911361107547,0.7448663328869936,0.3927970253771243,0.45964485561473245,1.400590444742561,0.9409455891278286,1.0,25.0,highly_unreliable
mw71,5,exploratory_N50_step10,50,10,True,dynamic,0.01,1.5,1000,46,460,510,2019-07-05 17:33:28.440000+00:00,2019-07-05 19:14:40.140000+00:00,2019-07-05 18:20:24.320000+00:00,2019-07-05 18:20:24.320000+00:00,24.776466666666668,50,0.44,3.68,20801489,0.862457101369526,0.9199999999999999,28,ok,983,0.9264251364984293,0.8585170484497575,0.3749518444025072,0.44780346800403287,1.749290039335594,1.301486571331561,1.0,23.0,highly_unreliable
mw71,5,exploratory_N50_step10,50,10,True,dynamic,0.01,1.5,1000,47,470,520,2019-07-05 17:53:12.880000+00:00,2019-07-05 19:37:39.840000+00:00,2019-07-05 18:48:13.560000+00:00,2019-07-05 18:48:13.560000+00:00,25.240144444444446,50,0.4,3.68,20801506,0.8562490578266069,0.9099999999999999,27,ok,976,0.8697447733658601,0.8045873844728725,0.9821694893732337,0.41600424640562333,1.3767777923322342,0.9607735459266109,0.99,22.0,highly_unreliable
mw71,5,exploratory_N50_step10,50,10,True,dynamic,0.01,1.5,1000,48,480,530,2019-07-05 18:16:17.200000+00:00,2019-07-05 20:02:49.840000+00:00,2019-07-05 19:07:07.600000+00:00,2019-07-05 19:07:07.600000+00:00,25.555155555555555,50,0.4,2.29,20801523,1.2027385075192456,1.11,18,ok,981,1.1601719241116069,1.0944999188360285,0.39367103836128575,0.7365298672372661,1.9848370624291078,1.2483071951918419,1.08,20.0,highly_unreliable
mw71,5,exploratory_N50_step10,50,10,True,dynamic,0.01,1.5,1000,49,490,540,2019-07-05 18:27:37.200000+00:00,2019-07-05 20:34:28.160000+00:00,2019-07-05 19:20:06.580000+00:00,2019-07-05 19:20:06.580000+00:00,25.771538888888887,50,0.37,2.33,20801540,0.9586288255557257,0.79,36,ok,979,1.0806441627444914,1.0113394484158027,0.3386057603587489,0.700490156865852,1.8712844305867176,1.1707942737208654,1.08,21.0,exploratory
mw71,5,exploratory_N50_step10,50,10,True,dynamic,0.01,1.5,1000,50,500,550,2019-07-05 19:00:12.840000+00:00,2019-07-05 21:04:08.940000+00:00,2019-07-05 19:56:30.520000+00:00,2019-07-05 19:56:30.520000+00:00,26.37818888888889,50,0.29,2.33,20801557,0.8176676377893236,0.74,39,ok,937,1.086426408612597,0.9132697134107343,1.692840885016311,0.628832324740887,2.227639471115221,1.5988071463743339,1.04,23.0,exploratory
mw71,5,exploratory_N50_step10,50,10,True,dynamic,0.01,1.5,1000,51,510,560,2019-07-05 19:15:14.800000+00:00,2019-07-05 21:40:12.320000+00:00,2019-07-05 20:23:40.440000+00:00,2019-07-05 20:23:40.440000+00:00,26.830944444444444,50,0.29,2.33,20801574,1.0316268475976138,1.46,10,ok,948,1.07245592950286,0.9732065003824133,0.6418609217372014,0.6253497369964816,2.214891100604035,1.5895413636075535,1.23,18.0,highly_unreliable
mw71,5,exploratory_N50_step10,50,10,True,dynamic,0.01,1.5,1000,52,520,570,2019-07-05 19:42:53.180000+00:00,2019-07-05 22:14:44+00:00,2019-07-05 20:50:37.480000+00:00,2019-07-05 20:50:37.480000+00:00,27.28012222222222,50,0.29,2.77,20801591,0.810560518528056,0.8400000000000001,36,ok,964,0.9733765780404038,0.8847286341962028,0.3874113036591425,0.597137513034746,1.9305155195386623,1.3333780065039162,1.125,22.0,exploratory
mw71,5,exploratory_N50_step10,50,10,True,dynamic,0.01,1.5,1000,53,530,580,2019-07-05 20:03:57.320000+00:00,2019-07-05 22:34:22.800000+00:00,2019-07-05 21:26:36.120000+00:00,2019-07-05 21:26:36.120000+00:00,27.879744444444444,50,0.29,2.77,20801608,0.9177477856399151,1.23,17,ok,970,0.9374871835638954,0.8828427288854233,0.28086561555761647,0.6017067806817089,1.7262101828540213,1.1245034021723124,1.15,20.0,highly_unreliable
mw71,5,exploratory_N50_step10,50,10,True,dynamic,0.01,1.5,1000,54,540,590,2019-07-05 20:39:38.580000+00:00,2019-07-05 22:53:21.440000+00:00,2019-07-05 22:03:10.120000+00:00,2019-07-05 22:03:10.120000+00:00,28.48918888888889,50,0.29,3.17,20801625,0.7305701408918772,0.8400000000000001,37,ok,979,0.8184388925860921,0.7478350632731611,0.9776799464737606,0.5156180003388421,1.295256205037454,0.779638204698612,1.18,23.0,exploratory
mw71,5,exploratory_N50_step10,50,10,True,dynamic,0.01,1.5,1000,55,550,600,2019-07-05 21:07:32.560000+00:00,2019-07-05 23:09:03.520000+00:00,2019-07-05 22:22:58.620000+00:00,2019-07-05 22:22:58.620000+00:00,28.81932777777778,50,0.53,3.17,20801642,0.6279065741900598,1.5999999999999999,9,ok,991,0.7260877562341503,0.6976768221372378,0.2274223636525622,0.4427850620425122,1.1872135199444491,0.7444284579019369,1.23,16.0,highly_unreliable
mw71,5,exploratory_N50_step10,50,10,True,dynamic,0.01,1.5,1000,56,560,610,2019-07-05 21:43:07.960000+00:00,2019-07-05 23:26:17.080000+00:00,2019-07-05 22:47:02.520000+00:00,2019-07-05 22:47:02.520000+00:00,29.22041111111111,50,0.45,3.17,20801659,0.7529328538618214,0.8999999999999999,33,ok,988,0.743005053812339,0.7033351251345712,0.24200616283649207,0.44740077398966327,1.269400675530078,0.8219999015404147,1.18,20.0,exploratory
mw71,5,exploratory_N50_step10,50,10,True,dynamic,0.01,1.5,1000,57,570,620,2019-07-05 22:15:59.200000+00:00,2019-07-06 00:00:45.290000+00:00,2019-07-05 23:00:43.160000+00:00,2019-07-05 23:00:43.160000+00:00,29.448366666666665,50,0.16,3.17,20801676,0.7732450230690661,1.24,15,ok,983,0.8083594413831486,0.7732450230690661,0.24715445225299762,0.45366155350290566,1.3722009027475257,0.9185393492446201,1.24,16.0,highly_unreliable
mw71,5,exploratory_N50_step10,50,10,True,dynamic,0.01,1.5,1000,58,580,630,2019-07-05 22:35:00.240000+00:00,2019-07-06 00:18:57.430000+00:00,2019-07-05 23:19:07.740000+00:00,2019-07-05 23:19:07.740000+00:00,29.755194444444445,50,0.16,3.17,20801693,0.5542116161382065,1.24,22,ok,977,0.6033229999553099,0.5341577876061275,0.48423685088459784,0.3922558628160433,0.8769584219315902,0.48470255911554694,1.24,20.0,highly_unreliable
mw71,5,exploratory_N50_step10,50,10,True,dynamic,0.01,1.5,1000,59,590,640,2019-07-05 22:54:25.260000+00:00,2019-07-06 00:38:53.200000+00:00,2019-07-05 23:54:17.200000+00:00,2019-07-05 23:54:17.200000+00:00,30.341155555555556,50,0.16,3.05,20801710,0.6354092597186612,1.24,20,ok,993,0.7060757748553037,0.5990363689187419,1.1263719978853852,0.3905320120879645,1.0420475005531158,0.6515154884651513,1.24,20.0,highly_unreliable
mw71,5,exploratory_N50_step10,50,10,True,dynamic,0.01,1.5,1000,60,600,650,2019-07-05 23:11:42.040000+00:00,2019-07-06 00:56:52.070000+00:00,2019-07-06 00:14:41.390000+00:00,2019-07-06 00:14:41.390000+00:00,30.681208333333334,50,0.16,4.05,20801727,0.5240835371007407,1.24,19,ok,984,0.5174342064259582,0.4881821619393804,0.17952930408361092,0.30141909052766214,0.8670649114992854,0.5656458209716233,1.24,17.0,highly_unreliable
mw71,5,exploratory_N50_step10,50,10,True,dynamic,0.01,1.5,1000,61,610,660,2019-07-05 23:35:10.320000+00:00,2019-07-06 01:13:48.410000+00:00,2019-07-06 00:29:56.220000+00:00,2019-07-06 00:29:56.220000+00:00,30.935327777777776,50,0.16,4.05,20801744,0.5453096527731639,1.24,21,ok,993,0.6054703542027486,0.5483012105462265,0.6135819739702183,0.3662533115775008,0.9855750986650539,0.6193217870875531,1.24,21.0,highly_unreliable
mw71,5,exploratory_N50_step10,50,10,True,dynamic,0.01,1.5,1000,62,620,670,2019-07-06 00:01:47.530000+00:00,2019-07-06 01:32:27.410000+00:00,2019-07-06 00:53:28.080000+00:00,2019-07-06 00:53:28.080000+00:00,31.32751111111111,50,0.4,4.05,20801761,0.5720273442031073,1.1,26,ok,981,0.6260551904331689,0.5577223382839525,0.8338481047082057,0.3691604408463002,0.9409718167084735,0.5718113758621733,1.1300000000000001,25.0,highly_unreliable
mw71,5,exploratory_N50_step10,50,10,True,dynamic,0.01,1.5,1000,63,630,680,2019-07-06 00:22:19.950000+00:00,2019-07-06 02:07:29.250000+00:00,2019-07-06 01:09:53.040000+00:00,2019-07-06 01:09:53.040000+00:00,31.601111111111113,50,0.4,4.05,20801778,0.8458833087501955,0.8500000000000001,31,ok,984,0.8503597103943086,0.8033708918661286,0.30251944574898737,0.38165485080351297,1.6481121410865798,1.2664572902830669,1.1,19.0,exploratory
mw71,5,exploratory_N50_step10,50,10,True,dynamic,0.01,1.5,1000,64,640,690,2019-07-06 00:39:54.080000+00:00,2019-07-06 02:19:43.110000+00:00,2019-07-06 01:19:50.300000+00:00,2019-07-06 01:19:50.300000+00:00,31.767016666666667,50,0.4,4.05,20801795,0.8855245248085996,0.8500000000000001,32,ok,987,0.8530191882902544,0.8215617824402471,0.29152331412220234,0.40534499719299166,1.4294705124265765,1.0241255152335849,1.03,22.0,exploratory
mw71,5,exploratory_N50_step10,50,10,True,dynamic,0.01,1.5,1000,65,650,700,2019-07-06 00:57:31.880000+00:00,2019-07-06 02:55:12.760000+00:00,2019-07-06 01:51:48.550000+00:00,2019-07-06 01:51:48.550000+00:00,32.299863888888886,50,0.4,2.99,20801812,0.8778717818378762,0.6699999999999999,37,ok,969,1.128954004503559,1.0061326007895894,0.9706712527554404,0.6519666966003006,1.8873646780195779,1.2353979814192773,0.8800000000000001,26.0,exploratory
mw64,6,primary_N100_step20,100,20,False,dynamic,0.01,1.5,1000,0,0,100,2019-07-04 17:35:51.840000+00:00,2019-07-04 18:42:13.600000+00:00,2019-07-04 18:08:14.980000+00:00,2019-07-04 18:08:14.980000+00:00,0.5738722222222222,100,1.58,4.68,20850707,0.5843024197325942,2.33,64,ok,994,0.6237941414575428,0.5878322289530395,0.18279773449363876,0.4730866370147103,1.14294617807818,0.6698595410634697,2.33,62.0,usable_but_moderately_uncertain
mw64,6,primary_N100_step20,100,20,False,dynamic,0.01,1.5,1000,1,20,120,2019-07-04 17:50:46.620000+00:00,2019-07-04 18:57:41.920000+00:00,2019-07-04 18:21:01.280000+00:00,2019-07-04 18:21:01.280000+00:00,0.7867333333333333,100,1.58,4.89,20850724,0.711084969308921,2.33,59,ok,999,0.7123428385422743,0.7021556838239381,0.12137542082434453,0.5444000577349974,0.9444809848382841,0.4000809271032867,2.33,59.0,usable_but_moderately_uncertain
mw64,6,primary_N100_step20,100,20,False,dynamic,0.01,1.5,1000,2,40,140,2019-07-04 18:02:36.360000+00:00,2019-07-04 19:09:17.180000+00:00,2019-07-04 18:34:48.880000+00:00,2019-07-04 18:34:48.880000+00:00,1.0166222222222223,100,1.55,4.89,20850741,0.6784026292855101,2.33,54,ok,999,0.687906920420639,0.6706752401466483,0.11484860188705734,0.5157974936067208,0.9786650237767562,0.46286753017003546,2.33,55.0,usable_but_moderately_uncertain
mw64,6,primary_N100_step20,100,20,False,dynamic,0.01,1.5,1000,3,60,160,2019-07-04 18:14:34.560000+00:00,2019-07-04 19:26:58.240000+00:00,2019-07-04 18:50:15.620000+00:00,2019-07-04 18:50:15.620000+00:00,1.27405,100,1.11,4.89,20850758,0.6584304279751536,2.13,63,ok,997,0.6697377210492655,0.6502926574015349,0.15980779270311377,0.4341863841362854,0.9801105152023167,0.5459241310660313,2.31,52.0,usable_but_moderately_uncertain
mw64,6,primary_N100_step20,100,20,False,dynamic,0.01,1.5,1000,4,80,180,2019-07-04 18:26:49.740000+00:00,2019-07-04 19:38:22.560000+00:00,2019-07-04 19:03:39.040000+00:00,2019-07-04 19:03:39.040000+00:00,1.4972222222222222,100,1.11,4.89,20850775,0.632639304893875,2.0,67,ok,994,0.651880317673457,0.6392292851074485,0.14363370640433615,0.39980717852326453,0.9077258058818098,0.5079186273585453,2.13,55.0,usable_but_moderately_uncertain
mw64,6,primary_N100_step20,100,20,False,dynamic,0.01,1.5,1000,5,100,200,2019-07-04 18:43:37.760000+00:00,2019-07-04 19:54:16.920000+00:00,2019-07-04 19:16:57.280000+00:00,2019-07-04 19:16:57.280000+00:00,1.7189555555555556,100,1.11,4.89,20850792,0.6354450184092234,2.3400000000000003,39,ok,994,0.603640753107174,0.5728050528564386,0.13957207273413502,0.43212476691850965,0.9519579432729486,0.5198331763544389,2.0500000000000003,52.5,exploratory
mw64,6,primary_N100_step20,100,20,False,dynamic,0.01,1.5,1000,6,120,220,2019-07-04 18:57:52.220000+00:00,2019-07-04 20:04:51.800000+00:00,2019-07-04 19:32:48.760000+00:00,2019-07-04 19:32:48.760000+00:00,1.9832555555555555,100,1.11,4.78,20850809,0.570845590365062,1.56,81,ok,991,0.7194328278359943,0.6577414087745188,0.3942552091772248,0.47807499499511824,1.221306550369964,0.7432315553748459,1.98,54.0,usable_but_moderately_uncertain
mw64,6,primary_N100_step20,100,20,False,dynamic,0.01,1.5,1000,7,140,240,2019-07-04 19:09:55.680000+00:00,2019-07-04 20:24:24.880000+00:00,2019-07-04 19:47:39.020000+00:00,2019-07-04 19:47:39.020000+00:00,2.23055,100,1.11,4.78,20850826,0.6341519773334757,1.7,69,ok,998,0.6487275799919398,0.6327961360035358,0.11465660536343542,0.4808196644357659,0.9218858783839275,0.44106621394816165,1.9,52.5,usable_but_moderately_uncertain
mw64,6,primary_N100_step20,100,20,False,dynamic,0.01,1.5,1000,8,160,260,2019-07-04 19:27:17.960000+00:00,2019-07-04 20:36:45.120000+00:00,2019-07-04 19:59:06.600000+00:00,2019-07-04 19:59:06.600000+00:00,2.4215444444444443,100,1.16,4.32,20850843,0.7317687562975959,1.7,60,ok,997,0.7157307647322018,0.6969277867168591,0.18039327755981785,0.5163208592938285,1.0113075113181982,0.49498665202436964,1.81,48.0,usable_but_moderately_uncertain
mw64,6,primary_N100_step20,100,20,False,dynamic,0.01,1.5,1000,9,180,280,2019-07-04 19:38:55.480000+00:00,2019-07-04 20:48:41.080000+00:00,2019-07-04 20:12:36.280000+00:00,2019-07-04 20:12:36.280000+00:00,2.6464555555555553,100,0.84,4.32,20850860,0.6767372355622855,1.53,71,ok,997,0.668885485491499,0.662110176331529,0.10626080817770744,0.49829629551953414,0.8931001466236417,0.39480385110410754,1.7,53.0,usable_but_moderately_uncertain
mw64,6,primary_N100_step20,100,20,False,dynamic,0.01,1.5,1000,10,200,300,2019-07-04 19:54:39.040000+00:00,2019-07-04 21:01:29.120000+00:00,2019-07-04 20:29:05.200000+00:00,2019-07-04 20:29:05.200000+00:00,2.9211555555555555,100,0.84,4.32,20850877,0.6717359692968157,2.14,26,ok,989,0.6869328592808805,0.6736752012296499,0.11673251574306037,0.49594237758939935,0.9546269217086873,0.458684544119288,1.9,39.0,highly_unreliable
mw64,6,primary_N100_step20,100,20,False,dynamic,0.01,1.5,1000,11,220,320,2019-07-04 20:05:29.600000+00:00,2019-07-04 21:16:55.560000+00:00,2019-07-04 20:42:18.480000+00:00,2019-07-04 20:42:18.480000+00:00,3.1415111111111114,100,0.84,4.32,20850894,0.7681002064801673,1.48,70,ok,999,0.7570133193320239,0.7433501257584203,0.1487549556852057,0.5131820467720409,1.0893190838882145,0.5761370371161736,1.76,46.0,usable_but_moderately_uncertain
mw64,6,primary_N100_step20,100,20,False,dynamic,0.01,1.5,1000,12,240,340,2019-07-04 20:24:49.680000+00:00,2019-07-04 21:35:23.560000+00:00,2019-07-04 20:56:38.720000+00:00,2019-07-04 20:56:38.720000+00:00,3.380466666666667,100,0.84,3.58,20850911,0.8450059065841532,1.48,68,ok,995,0.8455541540417779,0.830084613306055,0.14237329451073563,0.6163905159608616,1.1699279208026645,0.5535374048418029,1.68,50.0,usable_but_moderately_uncertain
mw64,6,primary_N100_step20,100,20,False,dynamic,0.01,1.5,1000,13,260,360,2019-07-04 20:36:59+00:00,2019-07-04 21:45:02.580000+00:00,2019-07-04 21:10:42.680000+00:00,2019-07-04 21:10:42.680000+00:00,3.6149,100,0.84,3.58,20850928,0.7105945529400266,1.38,76,ok,998,0.7680731464309767,0.747486455968125,0.14035658028561723,0.5908082956662465,1.0510828007765882,0.46027450511034174,1.69,51.0,usable_but_moderately_uncertain
mw64,6,primary_N100_step20,100,20,False,dynamic,0.01,1.5,1000,14,280,380,2019-07-04 20:49:06.180000+00:00,2019-07-04 21:56:38.420000+00:00,2019-07-04 21:26:34.600000+00:00,2019-07-04 21:26:34.600000+00:00,3.879322222222222,100,1.01,3.58,20850945,0.8095635943082813,1.88,34,ok,995,0.8077892865480467,0.7841961542347808,0.12492961280503317,0.6269288040889894,1.1056286551392434,0.4786998510502539,1.79,40.0,exploratory
mw64,6,primary_N100_step20,100,20,False,dynamic,0.01,1.5,1000,15,300,400,2019-07-04 21:01:45.240000+00:00,2019-07-04 22:08:16.280000+00:00,2019-07-04 21:40:01.920000+00:00,2019-07-04 21:40:01.920000+00:00,4.103577777777778,100,1.01,3.58,20850962,0.7695341657086265,1.68,48,ok,989,0.7588165999236809,0.7434051025682304,0.1309200091482337,0.5704868381932865,1.0379740817684502,0.4674872435751637,1.72,42.0,exploratory
mw64,6,primary_N100_step20,100,20,False,dynamic,0.01,1.5,1000,16,320,420,2019-07-04 21:17:31.240000+00:00,2019-07-04 22:30:07.600000+00:00,2019-07-04 21:50:53.240000+00:00,2019-07-04 21:50:53.240000+00:00,4.2845,100,1.0,3.56,20850979,0.7560651960810786,1.88,35,ok,996,0.7862499668872938,0.761546711905608,0.1879245273713861,0.5868176314218372,1.1217679959051123,0.5349503644832752,1.88,38.0,exploratory
mw64,6,primary_N100_step20,100,20,False,dynamic,0.01,1.5,1000,17,340,440,2019-07-04 21:35:59.800000+00:00,2019-07-04 22:48:02.200000+00:00,2019-07-04 22:02:34.900000+00:00,2019-07-04 22:02:34.900000+00:00,4.479405555555556,100,1.0,3.56,20850996,0.7590266068110046,1.88,32,ok,999,0.7651359182165062,0.7465826991967509,0.14624105078688937,0.5641304051522608,1.0914653291946383,0.5273349240423776,1.8399999999999999,36.0,exploratory
mw64,6,primary_N100_step20,100,20,False,dynamic,0.01,1.5,1000,18,360,460,2019-07-04 21:45:25.880000+00:00,2019-07-04 23:05:40.580000+00:00,2019-07-04 22:21:03.800000+00:00,2019-07-04 22:21:03.800000+00:00,4.7874333333333325,100,0.99,3.56,20851013,0.7498796059032855,1.7,36,ok,998,0.835900922058619,0.8080419539483666,0.18010037958740616,0.6140865155333437,1.2040921443280144,0.5900056287946707,1.7,38.0,exploratory
mw64,6,primary_N100_step20,100,20,False,dynamic,0.01,1.5,1000,19,380,480,2019-07-04 21:58:09.280000+00:00,2019-07-04 23:20:04.960000+00:00,2019-07-04 22:40:07.640000+00:00,2019-07-04 22:40:07.640000+00:00,5.105166666666666,100,0.67,3.6,20851030,0.7215281951231842,1.7,39,ok,998,0.7491015078429994,0.7268157415578738,0.1413306207172293,0.5624445217472801,1.0689348902401077,0.5064903684928276,1.67,44.0,exploratory
mw64,6,primary_N100_step20,100,20,False,dynamic,0.01,1.5,1000,20,400,500,2019-07-04 22:08:36.180000+00:00,2019-07-04 23:36:54.840000+00:00,2019-07-04 22:58:35.120000+00:00,2019-07-04 22:58:35.120000+00:00,5.412800000000001,100,0.67,3.6,20851047,0.8600171761917567,1.7,34,ok,998,0.881595044897609,0.8500529773950938,0.20860074646065713,0.6582168693797797,1.2905599084921606,0.6323430391123809,1.5999999999999999,41.0,exploratory
mw64,6,primary_N100_step20,100,20,False,dynamic,0.01,1.5,1000,21,420,520,2019-07-04 22:30:19.680000+00:00,2019-07-04 23:52:21.920000+00:00,2019-07-04 23:11:55.200000+00:00,2019-07-04 23:11:55.200000+00:00,5.6350444444444445,100,0.67,3.6,20851064,0.9867355883974993,1.7,33,ok,990,0.9356312852114911,0.914647664729782,0.19138421991328705,0.6222585407218252,1.3294498141359705,0.7071912734141453,1.54,40.0,exploratory
mw64,6,primary_N100_step20,100,20,False,dynamic,0.01,1.5,1000,22,440,540,2019-07-04 22:48:17.080000+00:00,2019-07-05 00:06:03.700000+00:00,2019-07-04 23:27:15.980000+00:00,2019-07-04 23:27:15.980000+00:00,5.890816666666666,100,0.67,3.6,20851081,0.8546321046245069,1.3,66,ok,997,0.9200461893557366,0.8969068989244239,0.17264679103085817,0.6609346702272716,1.3072511981121604,0.6463165278848888,1.46,50.0,usable_but_moderately_uncertain
mw64,6,primary_N100_step20,100,20,False,dynamic,0.01,1.5,1000,23,460,560,2019-07-04 23:06:12+00:00,2019-07-05 00:24:46.520000+00:00,2019-07-04 23:44:46.980000+00:00,2019-07-04 23:44:46.980000+00:00,6.182761111111111,100,0.58,3.6,20851098,0.8140340762746556,1.3,61,ok,995,0.8985856933568395,0.8668840349601693,0.19056183500515614,0.6397877325845321,1.323870497511349,0.684082764926817,1.43,50.0,usable_but_moderately_uncertain
mw64,6,primary_N100_step20,100,20,False,dynamic,0.01,1.5,1000,24,480,580,2019-07-04 23:21:07.620000+00:00,2019-07-05 00:37:43.330000+00:00,2019-07-05 00:01:47.600000+00:00,2019-07-05 00:01:47.600000+00:00,6.466266666666667,100,0.58,4.36,20851115,0.7840208318919413,1.3,57,ok,999,0.8190389516148052,0.8046384574454067,0.14603079691869084,0.61449693983763,1.1106840972067753,0.4961871573691453,1.3699999999999999,50.0,usable_but_moderately_uncertain
mw64,6,primary_N100_step20,100,20,False,dynamic,0.01,1.5,1000,25,500,600,2019-07-04 23:37:11.260000+00:00,2019-07-05 00:59:09.050000+00:00,2019-07-05 00:16:21.330000+00:00,2019-07-05 00:16:21.330000+00:00,6.7089694444444445,100,0.58,4.38,20851132,0.6595720540247342,1.3,52,ok,1000,0.6982744210335181,0.6847055859710125,0.11476380357480277,0.5250741742720555,0.9456236738230364,0.42054949955098087,1.3399999999999999,49.0,usable_but_moderately_uncertain
mw64,6,primary_N100_step20,100,20,False,dynamic,0.01,1.5,1000,26,520,620,2019-07-04 23:52:53.160000+00:00,2019-07-05 01:12:50.100000+00:00,2019-07-05 00:31:50.650000+00:00,2019-07-05 00:31:50.650000+00:00,6.967113888888889,100,0.58,4.38,20851149,0.6688936125908694,1.43,42,ok,998,0.685446361416586,0.673947392996563,0.1348557479985161,0.49163745606377646,0.9355098974872346,0.4438724414234581,1.3699999999999999,46.0,exploratory
mw64,6,primary_N100_step20,100,20,False,dynamic,0.01,1.5,1000,27,540,640,2019-07-05 00:07:38.080000+00:00,2019-07-05 01:26:46.160000+00:00,2019-07-05 00:48:04.780000+00:00,2019-07-05 00:48:04.780000+00:00,7.237705555555556,100,0.58,4.38,20851166,0.6844324034278345,1.1300000000000001,65,ok,999,0.6746907999386333,0.6604940923746487,0.10918321695746457,0.5015704859925325,0.9177277846965285,0.416157298703996,1.16,59.0,usable_but_moderately_uncertain
mw64,6,primary_N100_step20,100,20,False,dynamic,0.01,1.5,1000,28,560,660,2019-07-05 00:24:55.510000+00:00,2019-07-05 01:44:38.930000+00:00,2019-07-05 01:06:22.860000+00:00,2019-07-05 01:06:22.860000+00:00,7.5427277777777775,100,0.7,4.38,20851183,0.6582798012491048,1.16,61,ok,999,0.6762329401019408,0.6670279352666321,0.10876598509561193,0.5012980875930997,0.9211933164926033,0.4198952288995036,1.16,60.0,usable_but_moderately_uncertain
mw64,6,primary_N100_step20,100,20,False,dynamic,0.01,1.5,1000,29,580,680,2019-07-05 00:37:50.090000+00:00,2019-07-05 01:58:07.020000+00:00,2019-07-05 01:21:26.870000+00:00,2019-07-05 01:21:26.870000+00:00,7.793841666666667,100,0.7,4.38,20851200,0.7519921933726197,1.16,63,ok,996,0.7522401543784284,0.7455882379591994,0.1182516048271899,0.5360716809347081,1.0071341711168649,0.47106249018215673,1.16,59.0,usable_but_moderately_uncertain
mw64,6,primary_N100_step20,100,20,False,dynamic,0.01,1.5,1000,30,600,700,2019-07-05 01:00:12.280000+00:00,2019-07-05 02:10:45.600000+00:00,2019-07-05 01:36:33.190000+00:00,2019-07-05 01:36:33.190000+00:00,8.045597222222222,100,0.7,3.44,20851217,0.7618399385223015,1.16,67,ok,1000,0.7905273635486745,0.776591645882039,0.12205766461147514,0.5987561716228793,1.0698109659284052,0.4710547943055259,1.16,62.0,usable_but_moderately_uncertain
mw64,6,primary_N100_step20,100,20,False,dynamic,0.01,1.5,1000,31,620,720,2019-07-05 01:13:07.770000+00:00,2019-07-05 02:31:52.590000+00:00,2019-07-05 01:52:51.100000+00:00,2019-07-05 01:52:51.100000+00:00,8.31723888888889,100,0.73,3.44,20851234,0.7607619765324851,1.16,68,ok,997,0.7828812404884221,0.7648437993832529,0.1539112360722958,0.6064104351028006,1.0375271608971133,0.4311167257943127,1.16,62.0,usable_but_moderately_uncertain
mw64,6,primary_N100_step20,100,20,False,dynamic,0.01,1.5,1000,32,640,740,2019-07-05 01:27:45.300000+00:00,2019-07-05 02:45:43.720000+00:00,2019-07-05 02:07:49.430000+00:00,2019-07-05 02:07:49.430000+00:00,8.566775,100,0.75,3.44,20851251,0.9852093153954212,1.57,36,ok,989,0.940138118245238,0.9180194976864934,0.16633169099529285,0.6809672967195274,1.3550429640608952,0.6740756673413678,1.57,39.0,exploratory
mw64,6,primary_N100_step20,100,20,False,dynamic,0.01,1.5,1000,33,660,760,2019-07-05 01:45:20.470000+00:00,2019-07-05 03:02:23.990000+00:00,2019-07-05 02:22:23.500000+00:00,2019-07-05 02:22:23.500000+00:00,8.809572222222222,100,0.75,3.44,20851268,0.7865833057876457,1.79,21,ok,985,0.8717320537570554,0.8514766721824094,0.16260408353695638,0.6161557119396929,1.2487807304557201,0.6326250185160273,1.57,34.0,highly_unreliable
mw64,6,primary_N100_step20,100,20,False,dynamic,0.01,1.5,1000,34,680,780,2019-07-05 01:59:09.320000+00:00,2019-07-05 03:13:23.310000+00:00,2019-07-05 02:39:40.720000+00:00,2019-07-05 02:39:40.720000+00:00,9.09768888888889,100,0.69,3.44,20851285,0.9621890866476199,1.3499999999999999,58,ok,999,0.8944986872211206,0.8663379300484592,0.1931810739034927,0.6338386266160954,1.3184147193958204,0.6845760927797251,1.39,50.0,usable_but_moderately_uncertain
mw64,6,primary_N100_step20,100,20,False,dynamic,0.01,1.5,1000,35,700,800,2019-07-05 02:12:26.790000+00:00,2019-07-05 03:28:33.550000+00:00,2019-07-05 02:55:04.680000+00:00,2019-07-05 02:55:04.680000+00:00,9.354344444444445,100,0.69,3.55,20851302,0.915667505076037,1.3499999999999999,58,ok,999,0.8678151074984504,0.8245599932486887,0.36657912390034053,0.6121708564269494,1.275401877180068,0.6632310207531186,1.39,50.0,usable_but_moderately_uncertain
mw64,6,primary_N100_step20,100,20,False,dynamic,0.01,1.5,1000,36,720,820,2019-07-05 02:32:15.480000+00:00,2019-07-05 03:49:20.620000+00:00,2019-07-05 03:08:04.570000+00:00,2019-07-05 03:08:04.570000+00:00,9.570980555555556,100,0.45,3.55,20851319,0.6452493852223398,0.99,78,ok,998,0.7803641071294389,0.7458502488962117,0.165621552125963,0.5572710832290966,1.1658520575195561,0.6085809742904595,1.3499999999999999,54.0,usable_but_moderately_uncertain
mw64,6,primary_N100_step20,100,20,False,dynamic,0.01,1.5,1000,37,740,840,2019-07-05 02:46:19.730000+00:00,2019-07-05 04:05:31.510000+00:00,2019-07-05 03:24:46.380000+00:00,2019-07-05 03:24:46.380000+00:00,9.84926111111111,100,0.45,3.55,20851336,0.6586393654560816,1.15,66,ok,995,0.7082732793038944,0.6703932681823956,0.16313910149576877,0.5224140309475185,1.1502803596017699,0.6278663286542514,1.15,63.0,usable_but_moderately_uncertain
mw64,6,primary_N100_step20,100,20,False,dynamic,0.01,1.5,1000,38,760,860,2019-07-05 03:02:46.070000+00:00,2019-07-05 04:22:29.840000+00:00,2019-07-05 03:39:40.490000+00:00,2019-07-05 03:39:40.490000+00:00,10.097624999999999,100,0.45,3.85,20851353,0.5740979384134421,1.07,67,ok,996,0.644562534526828,0.6146549980157134,0.13763586801808003,0.4795704762480052,0.9930266562152921,0.5134561799672869,1.15,60.0,usable_but_moderately_uncertain
mw64,6,primary_N100_step20,100,20,False,dynamic,0.01,1.5,1000,39,780,880,2019-07-05 03:13:56.470000+00:00,2019-07-05 04:39:13.350000+00:00,2019-07-05 03:57:25.490000+00:00,2019-07-05 03:57:25.490000+00:00,10.393458333333333,100,0.45,3.85,20851370,0.5682515744451718,1.07,69,ok,997,0.6296096857225287,0.5998370667163145,0.1308120602547914,0.47760287239794064,0.9247403104296752,0.44713743803173456,1.16,62.0,usable_but_moderately_uncertain
mw64,6,primary_N100_step20,100,20,False,dynamic,0.01,1.5,1000,40,800,900,2019-07-05 03:30:01.500000+00:00,2019-07-05 04:50:36.100000+00:00,2019-07-05 04:14:32.430000+00:00,2019-07-05 04:14:32.430000+00:00,10.678719444444445,100,0.45,3.85,20851387,0.6733382658968402,1.15,57,ok,996,0.6871291218453475,0.6746487086215596,0.11381642040933825,0.5210776772963408,0.9588259247536636,0.43774824745732277,1.16,53.0,usable_but_moderately_uncertain
mw64,6,primary_N100_step20,100,20,False,dynamic,0.01,1.5,1000,41,820,920,2019-07-05 03:49:37.950000+00:00,2019-07-05 05:07:59.150000+00:00,2019-07-05 04:32:51.960000+00:00,2019-07-05 04:32:51.960000+00:00,10.984144444444444,100,0.5,3.85,20851404,0.7761239735749429,1.63,24,ok,995,0.7559550807963806,0.727907229623549,0.16340810610848722,0.5060311880875417,1.1588850413496061,0.6528538532620645,1.28,46.0,highly_unreliable
mw64,6,primary_N100_step20,100,20,False,dynamic,0.01,1.5,1000,42,840,940,2019-07-05 04:05:51.190000+00:00,2019-07-05 05:21:32.600000+00:00,2019-07-05 04:44:58.510000+00:00,2019-07-05 04:44:58.510000+00:00,11.185963888888889,100,0.5,3.85,20851421,0.8040464104001562,1.07,66,ok,999,0.7397899193839524,0.7218357005181593,0.16118082065206452,0.4666159901137136,1.1009411909901583,0.6343252008764447,1.2650000000000001,47.5,usable_but_moderately_uncertain
mw64,6,primary_N100_step20,100,20,False,dynamic,0.01,1.5,1000,43,860,960,2019-07-05 04:23:16.460000+00:00,2019-07-05 05:35:03.520000+00:00,2019-07-05 04:59:44.640000+00:00,2019-07-05 04:59:44.640000+00:00,11.43211111111111,100,0.5,3.31,20851438,0.8510942336838453,1.63,17,ok,994,0.9515027173034567,0.8841955149451511,0.7288541390465727,0.6138761046813371,1.3969228790269859,0.7830467743456487,1.3299999999999998,36.0,highly_unreliable
mw64,6,primary_N100_step20,100,20,False,dynamic,0.01,1.5,1000,44,880,980,2019-07-05 04:40:21.500000+00:00,2019-07-05 05:51:37.460000+00:00,2019-07-05 05:14:59.040000+00:00,2019-07-05 05:14:59.040000+00:00,11.686111111111112,100,0.51,3.31,20851455,0.7229240983999945,0.71,92,ok,996,0.933786982324867,0.9057062898203474,0.22394465703131544,0.6151545545929009,1.4290983807648376,0.8139438261719367,1.19,47.0,usable_but_moderately_uncertain
mw64,6,primary_N100_step20,100,20,False,dynamic,0.01,1.5,1000,45,900,1000,2019-07-05 04:50:45.730000+00:00,2019-07-05 06:06:23.110000+00:00,2019-07-05 05:30:20.260000+00:00,2019-07-05 05:30:20.260000+00:00,11.942005555555555,100,0.51,3.31,20851472,0.7693996247253901,1.5799999999999998,19,ok,998,0.8639119070662665,0.8484655341390658,0.1807779627100697,0.5911835850056503,1.2732281729479167,0.6820445879422664,1.28,45.0,highly_unreliable
mw64,6,primary_N100_step20,100,20,False,dynamic,0.01,1.5,1000,46,920,1020,2019-07-05 05:08:40.850000+00:00,2019-07-05 06:21:19.320000+00:00,2019-07-05 05:45:29.650000+00:00,2019-07-05 05:45:29.650000+00:00,12.194613888888888,100,0.47,3.31,20851489,0.8997657705152537,1.15,52,ok,999,0.8926674457863976,0.8626453615046892,0.21409345416757591,0.6112952288111843,1.299189648578407,0.6878944197672227,1.17,48.0,usable_but_moderately_uncertain
mw64,6,primary_N100_step20,100,20,False,dynamic,0.01,1.5,1000,47,940,1040,2019-07-05 05:21:55.450000+00:00,2019-07-05 06:40:19.650000+00:00,2019-07-05 05:58:58.890000+00:00,2019-07-05 05:58:58.890000+00:00,12.419402777777778,100,0.45,3.0,20851506,0.8156004617912654,0.98,68,ok,1000,0.940457318800202,0.8818597008252824,0.3867215953080225,0.6584113923622704,1.408521688431904,0.7501102960696336,1.15,52.0,usable_but_moderately_uncertain
mw64,6,primary_N100_step20,100,20,False,dynamic,0.01,1.5,1000,48,960,1060,2019-07-05 05:37:28.760000+00:00,2019-07-05 06:52:50.120000+00:00,2019-07-05 06:14:48.470000+00:00,2019-07-05 06:14:48.470000+00:00,12.683175,100,0.45,3.33,20851523,0.8079601089961291,0.98,71,ok,998,0.9077004757388637,0.8672725775417871,0.21098243519645157,0.6156688517132348,1.3782850526208845,0.7626162009076497,1.23,51.0,usable_but_moderately_uncertain
mw64,6,primary_N100_step20,100,20,False,dynamic,0.01,1.5,1000,49,980,1080,2019-07-05 05:52:37.770000+00:00,2019-07-05 07:05:33.110000+00:00,2019-07-05 06:33:07.110000+00:00,2019-07-05 06:33:07.110000+00:00,12.988352777777777,100,0.45,3.33,20851540,0.8103463990820554,1.5999999999999999,21,ok,999,0.8328404228106063,0.8075956548109462,0.15627861149393893,0.6052350414140402,1.1908046501514062,0.5855696087373661,1.2,54.0,highly_unreliable
mw64,6,primary_N100_step20,100,20,False,dynamic,0.01,1.5,1000,50,1000,1100,2019-07-05 06:06:36.790000+00:00,2019-07-05 07:19:01.480000+00:00,2019-07-05 06:48:19.460000+00:00,2019-07-05 06:48:19.460000+00:00,13.241783333333332,100,0.45,3.33,20851557,0.9524383511687625,1.5999999999999999,20,ok,999,0.9284996017950259,0.8850557748618563,0.2075975480505745,0.6538909943739255,1.4350472893957698,0.7811562950218442,1.25,48.0,highly_unreliable
mw64,6,primary_N100_step20,100,20,False,dynamic,0.01,1.5,1000,51,1020,1120,2019-07-05 06:22:04.800000+00:00,2019-07-05 07:32:52.850000+00:00,2019-07-05 06:58:07.490000+00:00,2019-07-05 06:58:07.490000+00:00,13.405125,100,0.45,3.33,20851574,0.763006748436632,0.9299999999999999,69,ok,997,0.8365000995093943,0.8140602111793054,0.1404251032884189,0.6423477969876806,1.1941147445943285,0.5517669476066479,1.1,52.0,usable_but_moderately_uncertain
mw64,6,primary_N100_step20,100,20,False,dynamic,0.01,1.5,1000,52,1040,1140,2019-07-05 06:40:42.340000+00:00,2019-07-05 07:50:22.420000+00:00,2019-07-05 07:13:16.250000+00:00,2019-07-05 07:13:16.250000+00:00,13.657558333333332,100,0.52,3.83,20851591,0.7446482167864413,0.9299999999999999,68,ok,997,0.7562142595622133,0.7457067792743348,0.12287228047041511,0.5631991507824194,1.0354633859596518,0.47226423517723237,0.9299999999999999,62.0,usable_but_moderately_uncertain
mw64,6,primary_N100_step20,100,20,False,dynamic,0.01,1.5,1000,53,1060,1160,2019-07-05 06:53:12.590000+00:00,2019-07-05 08:07:40.920000+00:00,2019-07-05 07:25:35.340000+00:00,2019-07-05 07:25:35.340000+00:00,13.862861111111112,100,0.39,3.83,20851608,0.6651893873307919,0.76,81,ok,989,0.7900238250428224,0.7596548936163868,0.2000862097059867,0.5699030146305801,1.2386649772069205,0.6687619625763404,0.9299999999999999,66.5,usable_but_moderately_uncertain
mw64,6,primary_N100_step20,100,20,False,dynamic,0.01,1.5,1000,54,1080,1180,2019-07-05 07:06:10.410000+00:00,2019-07-05 08:25:35.580000+00:00,2019-07-05 07:42:11.760000+00:00,2019-07-05 07:42:11.760000+00:00,14.139644444444444,100,0.39,3.83,20851625,0.7493745838308431,0.76,79,ok,994,0.8711693446374187,0.8184738480620125,0.3704174083341663,0.6358113434807772,1.3418661052932814,0.7060547618125043,1.04,58.0,usable_but_moderately_uncertain
mw64,6,primary_N100_step20,100,20,False,dynamic,0.01,1.5,1000,55,1100,1200,2019-07-05 07:19:40.860000+00:00,2019-07-05 08:35:15.680000+00:00,2019-07-05 08:02:37.330000+00:00,2019-07-05 08:02:37.330000+00:00,14.480080555555556,100,0.39,3.83,20851642,0.745014301985115,0.76,78,ok,994,0.8340440014744056,0.8041431704769412,0.2705814812130767,0.6194849438572676,1.2240357946006803,0.6045508507434127,1.04,54.0,usable_but_moderately_uncertain
mw64,6,primary_N100_step20,100,20,False,dynamic,0.01,1.5,1000,56,1120,1220,2019-07-05 07:34:03.430000+00:00,2019-07-05 08:51:50.640000+00:00,2019-07-05 08:18:39.630000+00:00,2019-07-05 08:18:39.630000+00:00,14.74738611111111,100,0.39,3.83,20851659,0.873930399723904,1.05,51,ok,995,0.8584971945959707,0.8307692934866427,0.23143011613220243,0.5758548903264861,1.2242148036630365,0.6483599133365504,1.05,48.0,usable_but_moderately_uncertain
mw64,6,primary_N100_step20,100,20,False,dynamic,0.01,1.5,1000,57,1140,1240,2019-07-05 07:51:45.240000+00:00,2019-07-05 09:09:57.930000+00:00,2019-07-05 08:30:35.750000+00:00,2019-07-05 08:30:35.750000+00:00,14.946308333333333,100,0.39,3.66,20851676,0.871083413527803,1.05,53,ok,997,0.833755193260935,0.8205537948390804,0.1351081120808108,0.5985354160954975,1.1318702449871536,0.5333348288916561,1.05,48.0,usable_but_moderately_uncertain
mw64,6,primary_N100_step20,100,20,False,dynamic,0.01,1.5,1000,58,1160,1260,2019-07-05 08:08:12.770000+00:00,2019-07-05 09:26:02.020000+00:00,2019-07-05 08:44:12.700000+00:00,2019-07-05 08:44:12.700000+00:00,15.17323888888889,100,0.4,3.66,20851693,0.7374119549173895,1.05,48,ok,993,0.7382847760909975,0.7322806905279887,0.11891856318267632,0.5406998815336937,0.9891496107119458,0.4484497291782521,1.05,45.0,exploratory
mw64,6,primary_N100_step20,100,20,False,dynamic,0.01,1.5,1000,59,1180,1280,2019-07-05 08:27:01.060000+00:00,2019-07-05 09:41:52.130000+00:00,2019-07-05 09:00:43.600000+00:00,2019-07-05 09:00:43.600000+00:00,15.448488888888889,100,0.4,3.66,20851710,0.7045007720844179,1.3,34,ok,999,0.7117145252319924,0.6887351690252694,0.13671152579973478,0.5350345748380727,1.0434343242429907,0.5083997494049179,1.1300000000000001,42.0,exploratory
mw64,6,primary_N100_step20,100,20,False,dynamic,0.01,1.5,1000,60,1200,1300,2019-07-05 08:35:25.700000+00:00,2019-07-05 09:56:33.630000+00:00,2019-07-05 09:19:45.530000+00:00,2019-07-05 09:19:45.530000+00:00,15.765691666666665,100,0.4,3.66,20851727,0.7140510328944176,1.3,31,ok,999,0.7447471315165474,0.7271566978649345,0.14022565297377368,0.5291548372314256,1.031414226752282,0.5022593895208562,1.3,34.0,exploratory
mw64,6,primary_N100_step20,100,20,False,dynamic,0.01,1.5,1000,61,1220,1320,2019-07-05 08:52:21.050000+00:00,2019-07-05 10:07:14.900000+00:00,2019-07-05 09:35:15.030000+00:00,2019-07-05 09:35:15.030000+00:00,16.02388611111111,100,0.37,3.66,20851744,0.7829612716164934,1.3,33,ok,998,0.7973584249024152,0.7756581936329757,0.1552220548081072,0.5771090650094212,1.1136615029504726,0.5365524379410515,1.28,36.0,exploratory
mw64,6,primary_N100_step20,100,20,False,dynamic,0.01,1.5,1000,62,1240,1340,2019-07-05 09:10:30.730000+00:00,2019-07-05 10:23:14.290000+00:00,2019-07-05 09:50:16.790000+00:00,2019-07-05 09:50:16.790000+00:00,16.274375,100,0.37,3.1,20851761,0.8329190564520623,1.1300000000000001,42,ok,994,0.8826761703159675,0.848754600813606,0.23458732323912476,0.6182064873345104,1.3471457153880744,0.7289392280535639,1.14,39.0,exploratory
mw64,6,primary_N100_step20,100,20,False,dynamic,0.01,1.5,1000,63,1260,1360,2019-07-05 09:27:06.780000+00:00,2019-07-05 10:44:10.630000+00:00,2019-07-05 10:01:30.050000+00:00,2019-07-05 10:01:30.050000+00:00,16.461391666666668,100,0.23,3.1,20851778,0.8796856743982326,1.3,31,ok,998,0.9041030688022405,0.8826562221496275,0.16936558337884916,0.6354527628764075,1.2787942128996,0.6433414500231924,1.28,35.0,exploratory
mw64,6,primary_N100_step20,100,20,False,dynamic,0.01,1.5,1000,64,1280,1380,2019-07-05 09:43:25.240000+00:00,2019-07-05 10:58:46.430000+00:00,2019-07-05 10:14:37.020000+00:00,2019-07-05 10:14:37.020000+00:00,16.679994444444446,100,0.23,3.1,20851795,0.9574781146971131,1.09,50,ok,997,0.9325464047015097,0.9022495037501821,0.19688837743087229,0.6195972733324138,1.4032834749169498,0.7836862015845361,1.2,36.0,usable_but_moderately_uncertain
mw64,6,primary_N100_step20,100,20,False,dynamic,0.01,1.5,1000,65,1300,1400,2019-07-05 09:57:00.090000+00:00,2019-07-05 11:29:33.730000+00:00,2019-07-05 10:35:00.110000+00:00,2019-07-05 10:35:00.110000+00:00,17.01974166666667,100,0.23,3.1,20851812,0.8167857947242104,1.09,55,ok,981,0.8086374081856297,0.7940907960654672,0.1291667463263475,0.6016269829934449,1.1085298901360339,0.506902907142589,1.09,52.0,usable_but_moderately_uncertain
mw64,6,primary_N100_step20,100,20,False,dynamic,0.01,1.5,1000,66,1320,1420,2019-07-05 10:07:26.880000+00:00,2019-07-05 11:56:40.450000+00:00,2019-07-05 10:52:04.220000+00:00,2019-07-05 10:52:04.220000+00:00,17.304216666666665,100,0.23,3.1,20851829,0.8030136701452507,1.09,65,ok,961,0.8206232762511372,0.7966222681931381,0.1764040984892849,0.6169284142062353,1.1562189895728636,0.5392905753666283,1.2,51.0,usable_but_moderately_uncertain
mw64,6,primary_N100_step20,100,20,False,dynamic,0.01,1.5,1000,67,1340,1440,2019-07-05 10:25:36.360000+00:00,2019-07-05 12:18:36.010000+00:00,2019-07-05 11:21:23.180000+00:00,2019-07-05 11:21:23.180000+00:00,17.792816666666667,100,0.23,3.0,20851846,0.7374898819677214,0.97,77,ok,974,0.910947700145289,0.8617805398806946,0.24634533091223668,0.6238897920646101,1.4059477954005135,0.7820580033359034,1.31,45.0,usable_but_moderately_uncertain
mw64,6,primary_N100_step20,100,20,False,dynamic,0.01,1.5,1000,68,1360,1460,2019-07-05 10:44:51.290000+00:00,2019-07-05 12:43:13.030000+00:00,2019-07-05 11:46:35.160000+00:00,2019-07-05 11:46:35.160000+00:00,18.212811111111108,100,0.55,3.29,20851863,0.7846545540897959,1.78,20,ok,980,0.8004646285841193,0.7686828666290955,0.2264513314435595,0.5593559551779248,1.1390955908185916,0.5797396356406668,1.3399999999999999,47.0,highly_unreliable
mw64,6,primary_N100_step20,100,20,False,dynamic,0.01,1.5,1000,69,1380,1480,2019-07-05 11:03:09.570000+00:00,2019-07-05 13:14:32.790000+00:00,2019-07-05 12:10:07.260000+00:00,2019-07-05 12:10:07.260000+00:00,18.605061111111112,100,0.55,3.29,20851880,0.7755464696762304,1.71,20,ok,996,0.8739071213706492,0.8373871766038212,0.41111255100626615,0.5738258148174683,1.30589812235988,0.7320723075424117,1.71,23.5,highly_unreliable
mw64,6,primary_N100_step20,100,20,False,dynamic,0.01,1.5,1000,70,1400,1500,2019-07-05 11:30:39.490000+00:00,2019-07-05 13:33:20.720000+00:00,2019-07-05 12:32:10.190000+00:00,2019-07-05 12:32:10.190000+00:00,18.972541666666665,100,0.55,3.29,20851897,0.8731920875787748,1.71,21,ok,997,0.9398513227780109,0.9143379439869719,0.2201902496651325,0.6051394481291156,1.4202954958106222,0.8151560476815066,1.67,25.0,highly_unreliable
mw64,6,primary_N100_step20,100,20,False,dynamic,0.01,1.5,1000,71,1420,1520,2019-07-05 11:57:41.260000+00:00,2019-07-05 13:57:12.870000+00:00,2019-07-05 12:59:57.930000+00:00,2019-07-05 12:59:57.930000+00:00,19.435802777777777,100,0.55,3.29,20851914,0.8474307543704824,1.67,20,ok,998,0.9368257538388793,0.8956991673125105,0.23801969419300764,0.5881188583815213,1.5157777194394975,0.9276588610579761,1.67,23.0,highly_unreliable
mw64,6,primary_N100_step20,100,20,False,dynamic,0.01,1.5,1000,72,1440,1540,2019-07-05 12:18:50.540000+00:00,2019-07-05 14:24:41.990000+00:00,2019-07-05 13:27:57.060000+00:00,2019-07-05 13:27:57.060000+00:00,19.902227777777778,100,0.55,3.29,20851931,1.1525250589177227,1.45,38,ok,997,0.9605375606597754,0.8914341296966092,0.5826632306224292,0.5180789383070152,1.5870499711998594,1.0689710328928441,1.45,33.0,exploratory
mw64,6,primary_N100_step20,100,20,False,dynamic,0.01,1.5,1000,73,1460,1560,2019-07-05 12:48:03.810000+00:00,2019-07-05 14:55:16.890000+00:00,2019-07-05 13:45:04.690000+00:00,2019-07-05 13:45:04.690000+00:00,20.187680555555556,100,0.41,2.67,20851948,1.148760415745384,1.67,13,ok,999,1.2024852981490237,1.127548394477668,0.2988636766874761,0.8322449831860771,2.04258282036211,1.210337837176033,1.3299999999999998,41.0,highly_unreliable
mw64,6,primary_N100_step20,100,20,False,dynamic,0.01,1.5,1000,74,1480,1580,2019-07-05 13:14:59.800000+00:00,2019-07-05 15:22:18.650000+00:00,2019-07-05 14:09:33.680000+00:00,2019-07-05 14:09:33.680000+00:00,20.59573333333333,100,0.41,2.87,20851965,0.9629983952293143,1.2,55,ok,999,0.9949150803801362,0.9636089038738302,0.19465325221587182,0.7087621397175966,1.4715012622108987,0.7627391224933021,1.2,47.0,usable_but_moderately_uncertain
mw64,6,primary_N100_step20,100,20,False,dynamic,0.01,1.5,1000,75,1500,1600,2019-07-05 13:36:06.610000+00:00,2019-07-05 15:41:42.950000+00:00,2019-07-05 14:35:07.590000+00:00,2019-07-05 14:35:07.590000+00:00,21.021819444444446,100,0.41,2.87,20851982,0.8158951324669281,0.8200000000000001,78,ok,995,0.9742255684739263,0.9304917281383741,0.24926861121666785,0.6873428920550574,1.589172533813468,0.9018296417584105,1.11,50.0,usable_but_moderately_uncertain
mw64,6,primary_N100_step20,100,20,False,dynamic,0.01,1.5,1000,76,1520,1620,2019-07-05 13:57:16.650000+00:00,2019-07-05 15:59:53.830000+00:00,2019-07-05 15:07:07.990000+00:00,2019-07-05 15:07:07.990000+00:00,21.555263888888888,100,0.41,3.06,20851999,0.8609514040015048,0.8200000000000001,72,ok,996,0.9558268399363541,0.9310320840778015,0.21849837352018708,0.644935453971385,1.4343356184278009,0.7894001644564159,1.11,45.0,usable_but_moderately_uncertain
mw64,6,primary_N100_step20,100,20,False,dynamic,0.01,1.5,1000,77,1540,1640,2019-07-05 14:26:13.480000+00:00,2019-07-05 16:18:08.410000+00:00,2019-07-05 15:31:58.300000+00:00,2019-07-05 15:31:58.300000+00:00,21.96923888888889,100,0.41,3.06,20852016,0.8006652197607863,0.8200000000000001,73,ok,999,0.9073817268685611,0.863818607170626,0.20179176038999255,0.6597489479974575,1.4617711877662762,0.8020222397688187,1.0,52.0,usable_but_moderately_uncertain
mw64,6,primary_N100_step20,100,20,False,dynamic,0.01,1.5,1000,78,1560,1660,2019-07-05 14:55:47.700000+00:00,2019-07-05 16:37:36.060000+00:00,2019-07-05 15:54:08.260000+00:00,2019-07-05 15:54:08.260000+00:00,22.338672222222222,100,0.61,3.06,20852033,0.8448081239647603,0.97,55,ok,998,0.9086323262857608,0.8670171852639993,0.21821547796749213,0.6721351302593622,1.3842922209418982,0.712157090682536,0.97,51.0,usable_but_moderately_uncertain
mw64,6,primary_N100_step20,100,20,False,dynamic,0.01,1.5,1000,79,1580,1680,2019-07-05 15:22:35.930000+00:00,2019-07-05 16:54:37.150000+00:00,2019-07-05 16:07:27.540000+00:00,2019-07-05 16:07:27.540000+00:00,22.560694444444444,100,0.61,3.06,20852050,1.0240427548922655,1.1300000000000001,34,ok,998,1.0441969322735927,1.0180508637512262,0.21313018434319012,0.7543863603192887,1.4809605057070285,0.7265741453877398,1.03,39.0,exploratory
mw64,6,primary_N100_step20,100,20,False,dynamic,0.01,1.5,1000,80,1600,1700,2019-07-05 15:42:01.410000+00:00,2019-07-05 17:12:02.240000+00:00,2019-07-05 16:27:45.740000+00:00,2019-07-05 16:27:45.740000+00:00,22.899083333333333,100,0.52,3.06,20852067,0.9517425771613485,1.1300000000000001,30,ok,1000,1.027421901531043,0.9972626703783143,0.20353942384669846,0.7274242489991684,1.4701167714576753,0.7426925224585069,1.1300000000000001,32.0,exploratory
mw64,6,primary_N100_step20,100,20,False,dynamic,0.01,1.5,1000,81,1620,1720,2019-07-05 16:01:53.860000+00:00,2019-07-05 17:33:37.800000+00:00,2019-07-05 16:47:33.170000+00:00,2019-07-05 16:47:33.170000+00:00,23.228925,100,0.4,2.42,20852084,1.0663520427001552,1.01,48,ok,999,1.0576763556343098,1.0248396822129464,0.4051465709259986,0.7776796520375463,1.4198524236575496,0.6421727716200033,1.01,43.0,exploratory
mw64,6,primary_N100_step20,100,20,False,dynamic,0.01,1.5,1000,82,1640,1740,2019-07-05 16:19:32.200000+00:00,2019-07-05 17:52:31.200000+00:00,2019-07-05 17:06:46.500000+00:00,2019-07-05 17:06:46.500000+00:00,23.549294444444445,100,0.4,2.44,20852101,1.1351217571597463,1.01,42,ok,1000,1.0418030297239127,1.0273222114274323,0.25506357002832497,0.6348670474710381,1.607967827995445,0.973100780524407,1.01,39.5,exploratory
mw64,6,primary_N100_step20,100,20,False,dynamic,0.01,1.5,1000,83,1660,1760,2019-07-05 16:38:41.160000+00:00,2019-07-05 18:11:54.480000+00:00,2019-07-05 17:23:16.360000+00:00,2019-07-05 17:23:16.360000+00:00,23.824255555555556,100,0.4,2.77,20852118,0.9320373941947908,1.01,51,ok,999,0.8433590447969649,0.8220330246691041,0.15583434096330928,0.5989676699165845,1.1876103149933832,0.5886426450767988,1.03,42.0,usable_but_moderately_uncertain
mw64,6,primary_N100_step20,100,20,False,dynamic,0.01,1.5,1000,84,1680,1780,2019-07-05 16:55:14.430000+00:00,2019-07-05 18:35:43.180000+00:00,2019-07-05 17:42:06.440000+00:00,2019-07-05 17:42:06.440000+00:00,24.138166666666667,100,0.4,2.77,20852135,0.8382852471997039,0.9099999999999999,55,ok,999,0.8682600523411025,0.8429826797229935,0.22910952798043632,0.6423595266997105,1.1460270900312126,0.5036675633315021,0.95,51.0,usable_but_moderately_uncertain
mw64,6,primary_N100_step20,100,20,False,dynamic,0.01,1.5,1000,85,1700,1800,2019-07-05 17:12:18.440000+00:00,2019-07-05 18:55:16.520000+00:00,2019-07-05 18:04:34.160000+00:00,2019-07-05 18:04:34.160000+00:00,24.512533333333334,100,0.4,2.83,20852152,0.7252695197735878,0.9099999999999999,55,ok,999,0.750425619179638,0.734864372214579,0.12389070857680763,0.5904826385146511,0.967536277172013,0.37705363865736186,0.9099999999999999,52.0,usable_but_moderately_uncertain
mw64,6,primary_N100_step20,100,20,False,dynamic,0.01,1.5,1000,86,1720,1820,2019-07-05 17:34:42.320000+00:00,2019-07-05 19:12:05.220000+00:00,2019-07-05 18:25:42.600000+00:00,2019-07-05 18:25:42.600000+00:00,24.864877777777778,100,0.41,2.83,20852169,0.8011286859732287,0.9099999999999999,59,ok,996,0.8163979842598198,0.804088976391083,0.13632522822827173,0.6305960929298582,1.071565710247913,0.44096961731805484,0.9099999999999999,54.0,usable_but_moderately_uncertain
mw64,6,primary_N100_step20,100,20,False,dynamic,0.01,1.5,1000,87,1740,1840,2019-07-05 17:52:42.620000+00:00,2019-07-05 19:35:00.160000+00:00,2019-07-05 18:49:57.880000+00:00,2019-07-05 18:49:57.880000+00:00,25.269122222222222,100,0.39,2.83,20852186,0.8183828889593785,0.9099999999999999,58,ok,997,0.8514803778924308,0.82496090015668,0.17031437394535576,0.6432456463625529,1.1929881021506727,0.5497424557881199,1.05,47.0,usable_but_moderately_uncertain
mw64,6,primary_N100_step20,100,20,False,dynamic,0.01,1.5,1000,88,1760,1860,2019-07-05 18:13:43.720000+00:00,2019-07-05 19:48:58.040000+00:00,2019-07-05 19:05:23.560000+00:00,2019-07-05 19:05:23.560000+00:00,25.526255555555558,100,0.39,2.83,20852203,0.9606619971672462,1.15,31,ok,998,0.9821352779046377,0.9660107744697739,0.14533221890607206,0.7463758357947018,1.2908424619825059,0.5444666261878041,1.15,33.0,exploratory
mw64,6,primary_N100_step20,100,20,False,dynamic,0.01,1.5,1000,89,1780,1880,2019-07-05 18:37:48.040000+00:00,2019-07-05 20:06:01.040000+00:00,2019-07-05 19:26:17.840000+00:00,2019-07-05 19:26:17.840000+00:00,25.874666666666666,100,0.39,2.83,20852220,0.9044879863138715,1.15,29,ok,1000,0.9642237252740598,0.9421074025565165,0.2072474010362787,0.6901381649998356,1.347598377830472,0.6574602128306365,1.15,30.0,highly_unreliable
mw64,6,primary_N100_step20,100,20,False,dynamic,0.01,1.5,1000,90,1800,1900,2019-07-05 18:55:42.040000+00:00,2019-07-05 20:24:26.600000+00:00,2019-07-05 19:44:17.400000+00:00,2019-07-05 19:44:17.400000+00:00,26.174544444444443,100,0.39,2.7,20852237,0.9475891883877532,1.15,33,ok,1000,1.0304549386724897,0.9964520454180423,0.22466110814949342,0.7650342834274595,1.4554110591630605,0.690376775735601,1.15,34.0,exploratory
mw64,6,primary_N100_step20,100,20,False,dynamic,0.01,1.5,1000,91,1820,1920,2019-07-05 19:14:00.120000+00:00,2019-07-05 20:40:00.520000+00:00,2019-07-05 19:58:35.600000+00:00,2019-07-05 19:58:35.600000+00:00,26.41293333333333,100,0.39,2.7,20852254,0.9552558017957828,1.15,29,ok,998,1.0779434218882564,1.0280766009088311,0.3421215068376102,0.780466565919187,1.5937983288302713,0.8133317629110843,1.11,33.0,highly_unreliable
mw64,6,primary_N100_step20,100,20,False,dynamic,0.01,1.5,1000,92,1840,1940,2019-07-05 19:35:59.160000+00:00,2019-07-05 21:03:11.680000+00:00,2019-07-05 20:14:21.720000+00:00,2019-07-05 20:14:21.720000+00:00,26.675744444444444,100,0.4,2.78,20852271,0.779641443366657,1.15,34,ok,998,0.8578357504049451,0.8294555593590116,0.18124687191092273,0.6322629054011045,1.2324226271007086,0.6001597216996041,1.15,36.0,exploratory
mw64,6,primary_N100_step20,100,20,False,dynamic,0.01,1.5,1000,93,1860,1960,2019-07-05 19:49:58.920000+00:00,2019-07-05 21:21:19.640000+00:00,2019-07-05 20:32:37+00:00,2019-07-05 20:32:37+00:00,26.97998888888889,100,0.4,2.99,20852288,0.7696676725382893,0.7,83,ok,994,0.7760922294402705,0.7633291564759108,0.12168690828658249,0.5936573151943753,1.0488180351198022,0.45516071992542695,1.03,46.0,usable_but_moderately_uncertain
mw64,6,primary_N100_step20,100,20,False,dynamic,0.01,1.5,1000,94,1880,1980,2019-07-05 20:07:30.440000+00:00,2019-07-05 21:38:40.360000+00:00,2019-07-05 20:51:38.080000+00:00,2019-07-05 20:51:38.080000+00:00,27.296955555555552,100,0.4,2.99,20852305,0.719665425544795,0.7,79,ok,999,0.7691528960370202,0.7444442786640229,0.13880195845793183,0.5896911802640933,1.0758848259295861,0.48619364566549284,0.99,52.0,usable_but_moderately_uncertain
mw64,6,primary_N100_step20,100,20,False,dynamic,0.01,1.5,1000,95,1900,2000,2019-07-05 20:25:14.900000+00:00,2019-07-05 21:59:28.360000+00:00,2019-07-05 21:15:45.480000+00:00,2019-07-05 21:15:45.480000+00:00,27.699011111111112,100,0.4,2.99,20852322,0.7641742293875416,0.8700000000000001,60,ok,996,0.7770555276362228,0.7600122893949528,0.12209525205927205,0.5974409223626644,1.0584926411194553,0.46105171875679085,1.04,48.0,usable_but_moderately_uncertain
mw64,6,primary_N100_step20,100,20,False,dynamic,0.01,1.5,1000,96,1920,2020,2019-07-05 20:41:42.320000+00:00,2019-07-05 22:21:22.420000+00:00,2019-07-05 21:29:14.240000+00:00,2019-07-05 21:29:14.240000+00:00,27.923666666666666,100,0.4,2.99,20852339,0.6676054678932982,0.8700000000000001,65,ok,997,0.6931231539642635,0.6760195399026125,0.11071629730155075,0.5342072621332585,0.9684176542040873,0.4342103920708288,0.8700000000000001,58.0,usable_but_moderately_uncertain
mw64,6,primary_N100_step20,100,20,False,dynamic,0.01,1.5,1000,97,1940,2040,2019-07-05 21:04:44.520000+00:00,2019-07-05 22:46:21.500000+00:00,2019-07-05 21:52:45.660000+00:00,2019-07-05 21:52:45.660000+00:00,28.315727777777777,100,0.38,2.99,20852356,0.7658855548914286,0.8700000000000001,63,ok,1000,0.7617473311279523,0.7480489977910272,0.11852534734559565,0.5900619898923843,1.0406424905515474,0.4505805006591631,0.8700000000000001,58.0,usable_but_moderately_uncertain
mw64,6,primary_N100_step20,100,20,False,dynamic,0.01,1.5,1000,98,1960,2060,2019-07-05 21:23:38.120000+00:00,2019-07-05 23:10:55.640000+00:00,2019-07-05 22:10:22.360000+00:00,2019-07-05 22:10:22.360000+00:00,28.609255555555556,100,0.38,2.98,20852373,0.8230716629552989,0.8700000000000001,60,ok,997,0.8244280969203149,0.8061381929613473,0.1505877160414005,0.6302011142766047,1.0699407125612588,0.43973959828465403,0.8700000000000001,57.0,usable_but_moderately_uncertain
mw64,6,primary_N100_step20,100,20,False,dynamic,0.01,1.5,1000,99,1980,2080,2019-07-05 21:39:26.680000+00:00,2019-07-05 23:32:41.760000+00:00,2019-07-05 22:31:43.360000+00:00,2019-07-05 22:31:43.360000+00:00,28.96508888888889,100,0.38,2.98,20852390,0.7873355034467031,0.8500000000000001,64,ok,999,0.8052744152416346,0.785313324827139,0.14111231377949102,0.6133551133038092,1.1258122803291917,0.5124571670253825,0.8999999999999999,57.0,usable_but_moderately_uncertain
mw64,6,primary_N100_step20,100,20,False,dynamic,0.01,1.5,1000,100,2000,2100,2019-07-05 22:00:13.080000+00:00,2019-07-05 23:48:21.820000+00:00,2019-07-05 22:59:44.120000+00:00,2019-07-05 22:59:44.120000+00:00,29.431966666666668,100,0.38,2.98,20852407,0.7961860443367378,0.8500000000000001,61,ok,1000,0.8506952815502205,0.8119114342078513,0.1852225489486703,0.6367218238925159,1.252541050100684,0.6158192262081681,0.9099999999999999,51.0,usable_but_moderately_uncertain
mw64,6,primary_N100_step20,100,20,False,dynamic,0.01,1.5,1000,101,2020,2120,2019-07-05 22:21:58.120000+00:00,2019-07-06 00:21:01.630000+00:00,2019-07-05 23:23:10.560000+00:00,2019-07-05 23:23:10.560000+00:00,29.822644444444446,100,0.38,3.21,20852424,0.7335620446998328,0.8500000000000001,61,ok,999,0.767156072033603,0.7505275755885846,0.10884882203370977,0.5943106270601168,1.0178531143434246,0.4235424872833078,0.9099999999999999,52.0,usable_but_moderately_uncertain
mw64,6,primary_N100_step20,100,20,False,dynamic,0.01,1.5,1000,102,2040,2140,2019-07-05 22:47:31.140000+00:00,2019-07-06 00:46:54.320000+00:00,2019-07-05 23:40:11.280000+00:00,2019-07-05 23:40:11.280000+00:00,30.10617777777778,100,0.49,3.21,20852441,0.8331473299898303,1.25,35,ok,998,0.8316271148805447,0.8128648319298977,0.1319098289865443,0.6246726039841399,1.1469488271027437,0.5222762231186038,1.14,46.0,exploratory
mw64,6,primary_N100_step20,100,20,False,dynamic,0.01,1.5,1000,103,2060,2160,2019-07-05 23:11:54.460000+00:00,2019-07-06 01:17:06.040000+00:00,2019-07-06 00:04:22.800000+00:00,2019-07-06 00:04:22.800000+00:00,30.509377777777775,100,0.49,3.21,20852458,0.7926769251680748,0.94,69,ok,998,0.806981520644719,0.781034138501449,0.17848378750434582,0.597137462784347,1.1341574688655314,0.5370200060811844,1.07,53.0,usable_but_moderately_uncertain
mw64,6,primary_N100_step20,100,20,False,dynamic,0.01,1.5,1000,104,2080,2180,2019-07-05 23:33:13.120000+00:00,2019-07-06 01:39:46.210000+00:00,2019-07-06 00:36:47.320000+00:00,2019-07-06 00:36:47.320000+00:00,31.049522222222222,100,0.49,3.21,20852475,0.8151502004804492,0.94,68,ok,1000,0.7986700503057329,0.7792933309499925,0.14755536788380744,0.5862352223307716,1.1507314353176674,0.5644962129868958,1.1300000000000001,44.0,usable_but_moderately_uncertain
mw64,6,primary_N100_step20,100,20,False,dynamic,0.01,1.5,1000,105,2100,2200,2019-07-05 23:48:54.780000+00:00,2019-07-06 01:59:34.420000+00:00,2019-07-06 01:01:30.110000+00:00,2019-07-06 01:01:30.110000+00:00,31.461408333333335,100,0.47,3.21,20852492,0.7695909860304826,1.8,15,ok,999,0.7503882613468915,0.735267885992948,0.12358358027018113,0.5622887627162604,1.0381458630345002,0.4758571003182398,1.17,40.0,highly_unreliable
mw64,6,primary_N100_step20,100,20,False,dynamic,0.01,1.5,1000,106,2120,2220,2019-07-06 00:21:01.670000+00:00,2019-07-06 02:22:27.710000+00:00,2019-07-06 01:31:53.470000+00:00,2019-07-06 01:31:53.470000+00:00,31.96789722222222,100,0.47,3.12,20852509,0.8483504338273542,1.17,36,ok,999,0.8748515109205314,0.857065402372208,0.16977224600716778,0.6249513137344692,1.2235607506311608,0.5986094368966915,1.17,36.0,exploratory
mw64,6,primary_N100_step20,100,20,False,dynamic,0.01,1.5,1000,107,2140,2240,2019-07-06 00:48:45.580000+00:00,2019-07-06 02:47:08.770000+00:00,2019-07-06 01:47:14.110000+00:00,2019-07-06 01:47:14.110000+00:00,32.22363055555556,100,0.47,3.12,20852526,0.8639654873168248,1.8,13,ok,995,0.8408769274668553,0.809981175564397,0.19178007806889372,0.6128169402527436,1.298170868424527,0.6853539281717834,1.135,37.0,highly_unreliable
mw64,6,primary_N100_step20,100,20,False,dynamic,0.01,1.5,1000,108,2160,2260,2019-07-06 01:18:21.690000+00:00,2019-07-06 03:04:57.420000+00:00,2019-07-06 02:08:14.340000+00:00,2019-07-06 02:08:14.340000+00:00,32.57369444444444,100,0.47,2.77,20852543,0.9158602619565404,1.1,38,ok,999,0.9211353079065309,0.9045273570880137,0.17329248226665406,0.6826705527387519,1.247250002745999,0.5645794500072471,1.07,41.0,exploratory
mw64,6,exploratory_N50_step10,50,10,True,dynamic,0.01,1.5,1000,0,0,50,2019-07-04 17:35:51.840000+00:00,2019-07-04 18:07:50.520000+00:00,2019-07-04 17:54:03.360000+00:00,2019-07-04 17:54:03.360000+00:00,0.3373111111111111,50,2.01,4.68,20850707,0.5356718220372219,2.56,33,ok,958,0.7013330278106206,0.5795143425108915,0.3758103090849509,0.43220304610647936,1.5988659537684267,1.1666629076619472,2.56,30.0,exploratory
mw64,6,exploratory_N50_step10,50,10,True,dynamic,0.01,1.5,1000,1,10,60,2019-07-04 17:44:32.580000+00:00,2019-07-04 18:13:51.060000+00:00,2019-07-04 17:59:59.640000+00:00,2019-07-04 17:59:59.640000+00:00,0.43627777777777776,50,1.8,4.04,20850724,0.6965371170092558,2.56,27,ok,977,0.8516076386342996,0.700319005993868,0.8666898838832433,0.5309759430912573,1.8480318946191505,1.3170559515278932,2.56,27.0,highly_unreliable
mw64,6,exploratory_N50_step10,50,10,True,dynamic,0.01,1.5,1000,2,20,70,2019-07-04 17:50:46.620000+00:00,2019-07-04 18:20:20.080000+00:00,2019-07-04 18:05:07.400000+00:00,2019-07-04 18:05:07.400000+00:00,0.5217666666666666,50,1.8,4.04,20850741,0.8096270086174826,2.56,21,ok,976,0.8649773797184823,0.7923113273118709,0.463009948346983,0.6074986401330122,1.5823856400619967,0.9748869999289844,2.54,25.0,highly_unreliable
mw64,6,exploratory_N50_step10,50,10,True,dynamic,0.01,1.5,1000,3,30,80,2019-07-04 17:57:31.260000+00:00,2019-07-04 18:26:30.320000+00:00,2019-07-04 18:10:09.980000+00:00,2019-07-04 18:10:09.980000+00:00,0.6058166666666667,50,1.71,4.04,20850758,0.7473153640134019,2.33,26,ok,978,0.7932173169322894,0.7307860835343045,0.28499465497456455,0.5492450586932035,1.463253391150865,0.9140083324576614,2.31,26.0,highly_unreliable
mw64,6,exploratory_N50_step10,50,10,True,dynamic,0.01,1.5,1000,4,40,90,2019-07-04 18:02:36.360000+00:00,2019-07-04 18:33:46.820000+00:00,2019-07-04 18:17:55.680000+00:00,2019-07-04 18:17:55.680000+00:00,0.7351777777777777,50,1.58,4.04,20850775,0.7397671813287873,2.33,24,ok,988,0.7479062344808504,0.7108856081340664,0.2252798669229839,0.5442073312974223,1.1366451350673075,0.5924378037698852,2.31,24.0,highly_unreliable
mw64,6,exploratory_N50_step10,50,10,True,dynamic,0.01,1.5,1000,5,50,100,2019-07-04 18:08:14.980000+00:00,2019-07-04 18:42:13.600000+00:00,2019-07-04 18:22:41.960000+00:00,2019-07-04 18:22:41.960000+00:00,0.8147,50,1.58,3.81,20850792,0.7375983296146386,2.33,21,ok,982,0.8180658254146593,0.7453382252185755,0.6255991176682302,0.5637354484936814,1.3184082201225087,0.7546727716288273,2.31,23.0,highly_unreliable
mw64,6,exploratory_N50_step10,50,10,True,dynamic,0.01,1.5,1000,6,60,110,2019-07-04 18:14:34.560000+00:00,2019-07-04 18:49:31.580000+00:00,2019-07-04 18:30:57.320000+00:00,2019-07-04 18:30:57.320000+00:00,0.9523,50,1.58,4.89,20850809,0.7437170214937515,2.13,29,ok,970,0.8092488170398396,0.7340363165743364,0.8878490860719936,0.4861410619646738,1.1812335350205176,0.6950924730558439,2.31,23.0,highly_unreliable
mw64,6,exploratory_N50_step10,50,10,True,dynamic,0.01,1.5,1000,7,70,120,2019-07-04 18:21:01.280000+00:00,2019-07-04 18:57:41.920000+00:00,2019-07-04 18:39:32.340000+00:00,2019-07-04 18:39:32.340000+00:00,1.0953611111111112,50,1.58,4.89,20850826,0.6019669298827953,2.13,34,ok,980,0.6564957237302824,0.5966848272017123,0.7642718605345105,0.4096452278549345,0.9590638067849424,0.5494185789300079,2.31,27.0,exploratory
mw64,6,exploratory_N50_step10,50,10,True,dynamic,0.01,1.5,1000,8,80,130,2019-07-04 18:26:49.740000+00:00,2019-07-04 19:02:43.840000+00:00,2019-07-04 18:47:58.800000+00:00,2019-07-04 18:47:58.800000+00:00,1.2360444444444445,50,1.58,4.89,20850843,0.6050874361197836,2.13,40,ok,972,0.6927202716528822,0.6283046628784843,0.37320985909745585,0.4212001442193515,1.27294807177916,0.8517479275598084,2.33,29.0,exploratory
mw64,6,exploratory_N50_step10,50,10,True,dynamic,0.01,1.5,1000,9,90,140,2019-07-04 18:34:48.880000+00:00,2019-07-04 19:09:17.180000+00:00,2019-07-04 18:54:58.760000+00:00,2019-07-04 18:54:58.760000+00:00,1.3527,50,1.55,4.89,20850860,0.4619129362813179,1.75,46,ok,988,0.6673693578000098,0.6073000093520549,0.34478482511784553,0.3949811756278255,1.2127337251684458,0.8177525495406204,2.35,28.0,exploratory
mw64,6,exploratory_N50_step10,50,10,True,dynamic,0.01,1.5,1000,10,100,150,2019-07-04 18:43:37.760000+00:00,2019-07-04 19:16:17.360000+00:00,2019-07-04 19:00:09.520000+00:00,2019-07-04 19:00:09.520000+00:00,1.4390222222222222,50,1.11,4.89,20850877,0.58597964894013,2.3400000000000003,26,ok,975,0.6136859517971958,0.5591851697130162,0.2878734349428289,0.3435467290799689,1.1049794528841002,0.7614327238041312,2.3400000000000003,25.0,highly_unreliable
mw64,6,exploratory_N50_step10,50,10,True,dynamic,0.01,1.5,1000,11,110,160,2019-07-04 18:50:15.620000+00:00,2019-07-04 19:26:58.240000+00:00,2019-07-04 19:06:25.240000+00:00,2019-07-04 19:06:25.240000+00:00,1.543388888888889,50,1.11,4.88,20850894,0.47416143776464575,1.75,43,ok,969,0.6608288294357888,0.6010101925039284,0.3579685490759112,0.34284346213468697,1.1822051517803556,0.8393616896456686,2.4000000000000004,26.0,exploratory
mw64,6,exploratory_N50_step10,50,10,True,dynamic,0.01,1.5,1000,12,120,170,2019-07-04 18:57:52.220000+00:00,2019-07-04 19:32:26.760000+00:00,2019-07-04 19:14:00.400000+00:00,2019-07-04 19:14:00.400000+00:00,1.669822222222222,50,1.11,4.78,20850911,0.5876445784866162,1.75,37,ok,935,0.8058993848776693,0.6658052850115344,0.7068060251117312,0.39770362627615724,1.8019606605033032,1.4042570342271459,2.27,21.0,exploratory
mw64,6,exploratory_N50_step10,50,10,True,dynamic,0.01,1.5,1000,13,130,180,2019-07-04 19:03:39.040000+00:00,2019-07-04 19:38:22.560000+00:00,2019-07-04 19:23:46.600000+00:00,2019-07-04 19:23:46.600000+00:00,1.8326555555555557,50,1.11,4.78,20850928,0.7759540302240087,1.75,34,ok,985,0.8486778081729308,0.7797237839862221,0.37108530598805034,0.45568586663976,1.6208258411340621,1.165139974494302,1.99,25.0,exploratory
mw64,6,exploratory_N50_step10,50,10,True,dynamic,0.01,1.5,1000,14,140,190,2019-07-04 19:09:55.680000+00:00,2019-07-04 19:47:07.100000+00:00,2019-07-04 19:30:03.920000+00:00,2019-07-04 19:30:03.920000+00:00,1.9374666666666667,50,1.11,4.78,20850945,0.6989528040562485,1.68,33,ok,973,0.7514481479082522,0.69798829841002,0.2757590950118049,0.4651988552552212,1.429905231152808,0.9647063758975868,1.8599999999999999,24.0,exploratory
mw64,6,exploratory_N50_step10,50,10,True,dynamic,0.01,1.5,1000,15,150,200,2019-07-04 19:16:57.280000+00:00,2019-07-04 19:54:16.920000+00:00,2019-07-04 19:36:20.440000+00:00,2019-07-04 19:36:20.440000+00:00,2.0420555555555553,50,1.26,4.78,20850962,0.633728683034061,1.68,32,ok,979,0.71278148964622,0.6458918833372679,0.33936014124507125,0.4475604296656903,1.4318892063965405,0.9843287767308502,1.8599999999999999,25.0,exploratory
mw64,6,exploratory_N50_step10,50,10,True,dynamic,0.01,1.5,1000,16,160,210,2019-07-04 19:27:17.960000+00:00,2019-07-04 19:58:49+00:00,2019-07-04 19:42:06.680000+00:00,2019-07-04 19:42:06.680000+00:00,2.1382333333333334,50,1.26,4.28,20850979,0.6173992658562125,1.68,32,ok,978,0.675189289017857,0.6282463910291108,0.21976080494417838,0.4492050636167521,1.2234482907771056,0.7742432271603534,1.88,25.0,exploratory
mw64,6,exploratory_N50_step10,50,10,True,dynamic,0.01,1.5,1000,17,170,220,2019-07-04 19:32:48.760000+00:00,2019-07-04 20:04:51.800000+00:00,2019-07-04 19:51:16.840000+00:00,2019-07-04 19:51:16.840000+00:00,2.2910555555555554,50,1.27,4.28,20850996,0.6801618699430407,1.7,34,ok,982,0.6840678955670745,0.6505052769155233,0.19908769137604132,0.4628215585011223,1.064369013457363,0.6015474549562406,1.9,25.0,exploratory
mw64,6,exploratory_N50_step10,50,10,True,dynamic,0.01,1.5,1000,18,180,230,2019-07-04 19:38:55.480000+00:00,2019-07-04 20:11:31.260000+00:00,2019-07-04 19:57:01.240000+00:00,2019-07-04 19:57:01.240000+00:00,2.3867222222222226,50,1.32,4.28,20851013,0.6150045456554306,1.7,34,ok,976,0.6419544818279603,0.6079466754458537,0.17167883152571475,0.4595751689149137,0.9724355848507817,0.5128604159358681,1.8,29.0,exploratory
mw64,6,exploratory_N50_step10,50,10,True,dynamic,0.01,1.5,1000,19,190,240,2019-07-04 19:47:39.020000+00:00,2019-07-04 20:24:24.880000+00:00,2019-07-04 20:02:33.720000+00:00,2019-07-04 20:02:33.720000+00:00,2.479077777777778,50,1.32,4.32,20851030,0.5704059139220926,1.7,36,ok,973,0.6221699575078788,0.592125403629495,0.18907233043563265,0.4255541548318248,0.917969101756988,0.4924149469251632,1.9,27.0,exploratory
mw64,6,exploratory_N50_step10,50,10,True,dynamic,0.01,1.5,1000,20,200,250,2019-07-04 19:54:39.040000+00:00,2019-07-04 20:28:40.980000+00:00,2019-07-04 20:09:08.800000+00:00,2019-07-04 20:09:08.800000+00:00,2.5888222222222224,50,1.16,4.32,20851047,0.5170984207431931,1.3699999999999999,41,ok,980,0.6030674862921733,0.5763361639280072,0.1402136161251838,0.4103186625846293,0.9358280595260178,0.5255093969413884,1.8399999999999999,27.0,exploratory
mw64,6,exploratory_N50_step10,50,10,True,dynamic,0.01,1.5,1000,21,210,260,2019-07-04 19:59:06.600000+00:00,2019-07-04 20:36:45.120000+00:00,2019-07-04 20:18:35.920000+00:00,2019-07-04 20:18:35.920000+00:00,2.746355555555555,50,1.16,4.32,20851064,0.672269220168464,1.3699999999999999,39,ok,988,0.7981030711490604,0.7533951115212179,0.2851750952387987,0.4395240172581167,1.3824647142416282,0.9429406969835115,1.78,25.0,exploratory
mw64,6,exploratory_N50_step10,50,10,True,dynamic,0.01,1.5,1000,22,220,270,2019-07-04 20:05:29.600000+00:00,2019-07-04 20:41:21.120000+00:00,2019-07-04 20:26:35.200000+00:00,2019-07-04 20:26:35.200000+00:00,2.879488888888889,50,1.16,4.32,20851081,0.676836268249854,2.14,9,ok,994,0.8152212693425918,0.7689175912211262,0.3064198280643958,0.4118632553457064,1.5512166178247557,1.1393533624790493,1.81,17.0,highly_unreliable
mw64,6,exploratory_N50_step10,50,10,True,dynamic,0.01,1.5,1000,23,230,280,2019-07-04 20:12:36.280000+00:00,2019-07-04 20:48:41.080000+00:00,2019-07-04 20:32:52.400000+00:00,2019-07-04 20:32:52.400000+00:00,2.9842666666666666,50,0.84,4.32,20851098,0.714385357173257,1.3599999999999999,34,ok,993,0.8277033570500236,0.7896480846033752,0.33822575704725644,0.3997121102155386,1.4622613575878827,1.0625492473723441,1.53,29.5,exploratory
mw64,6,exploratory_N50_step10,50,10,True,dynamic,0.01,1.5,1000,24,240,290,2019-07-04 20:24:49.680000+00:00,2019-07-04 20:56:24.960000+00:00,2019-07-04 20:39:39.440000+00:00,2019-07-04 20:39:39.440000+00:00,3.0973333333333333,50,0.84,3.47,20851115,0.8663076110610202,1.48,30,ok,978,0.852029029418527,0.8083319584925306,0.24249567933963134,0.5543905544949437,1.3507182435714393,0.7963276890764956,1.48,28.0,exploratory
mw64,6,exploratory_N50_step10,50,10,True,dynamic,0.01,1.5,1000,25,250,300,2019-07-04 20:29:05.200000+00:00,2019-07-04 21:01:29.120000+00:00,2019-07-04 20:46:23.100000+00:00,2019-07-04 20:46:23.100000+00:00,3.209461111111111,50,0.84,3.47,20851132,0.8433167536862765,1.53,34,ok,979,0.881991929249076,0.839111733525143,0.2630825258706711,0.5540095978483808,1.4697954825982253,0.9157858847498446,1.81,19.0,exploratory
mw64,6,exploratory_N50_step10,50,10,True,dynamic,0.01,1.5,1000,26,260,310,2019-07-04 20:36:59+00:00,2019-07-04 21:10:16.360000+00:00,2019-07-04 20:54:44.680000+00:00,2019-07-04 20:54:44.680000+00:00,3.3487888888888886,50,0.84,3.58,20851149,0.7178584627123376,1.48,33,ok,988,0.7852046138591708,0.7246077212625532,0.4224816001937452,0.5202937348316626,1.2785091795217032,0.7582154446900405,1.5899999999999999,27.0,exploratory
mw64,6,exploratory_N50_step10,50,10,True,dynamic,0.01,1.5,1000,27,270,320,2019-07-04 20:42:18.480000+00:00,2019-07-04 21:16:55.560000+00:00,2019-07-04 20:58:23.960000+00:00,2019-07-04 20:58:23.960000+00:00,3.4097,50,0.84,3.58,20851166,0.7160650801757822,1.48,33,ok,983,0.7785894991434095,0.707280782818287,0.5151130138801485,0.5011012440457883,1.266523596343658,0.7654223522978698,1.5799999999999998,28.0,exploratory
mw64,6,exploratory_N50_step10,50,10,True,dynamic,0.01,1.5,1000,28,280,330,2019-07-04 20:49:06.180000+00:00,2019-07-04 21:26:15.440000+00:00,2019-07-04 21:06:30.740000+00:00,2019-07-04 21:06:30.740000+00:00,3.544916666666667,50,1.08,3.58,20851183,0.7061854487486849,1.38,40,ok,971,0.7949362103285903,0.7614258780266483,0.17982680640283802,0.5429927516746444,1.2299481111850539,0.6869553595104094,1.5799999999999998,30.0,exploratory
mw64,6,exploratory_N50_step10,50,10,True,dynamic,0.01,1.5,1000,29,290,340,2019-07-04 20:56:38.720000+00:00,2019-07-04 21:35:23.560000+00:00,2019-07-04 21:14:00.520000+00:00,2019-07-04 21:14:00.520000+00:00,3.6698555555555554,50,1.08,3.58,20851200,0.8537552703067317,1.68,27,ok,974,0.8633312563402882,0.8219589431968883,0.24443078526535952,0.5838058981930555,1.4428589611448646,0.859053062951809,1.71,25.0,highly_unreliable
mw64,6,exploratory_N50_step10,50,10,True,dynamic,0.01,1.5,1000,30,300,350,2019-07-04 21:01:45.240000+00:00,2019-07-04 21:39:12.220000+00:00,2019-07-04 21:24:29+00:00,2019-07-04 21:24:29+00:00,3.844433333333333,50,1.01,3.58,20851217,0.8362563176202163,1.68,23,ok,978,0.8520536406776734,0.8187180694538897,0.2052745859827379,0.5791726458586308,1.3508222383448905,0.7716495924862596,1.71,22.0,highly_unreliable
mw64,6,exploratory_N50_step10,50,10,True,dynamic,0.01,1.5,1000,31,310,360,2019-07-04 21:10:42.680000+00:00,2019-07-04 21:45:02.580000+00:00,2019-07-04 21:30:20.820000+00:00,2019-07-04 21:30:20.820000+00:00,3.9421611111111114,50,1.01,3.48,20851234,0.7346731166709748,1.38,39,ok,981,0.800257712259395,0.7518268803160758,0.24895874091484416,0.5393509547391918,1.319485589586305,0.7801346348471131,1.72,22.0,exploratory
mw64,6,exploratory_N50_step10,50,10,True,dynamic,0.01,1.5,1000,32,320,370,2019-07-04 21:17:31.240000+00:00,2019-07-04 21:50:24.080000+00:00,2019-07-04 21:37:55.660000+00:00,2019-07-04 21:37:55.660000+00:00,4.068505555555555,50,1.01,3.48,20851251,0.672816681689996,1.72,20,ok,981,0.7890543504441545,0.7203097989249675,0.28353384018973565,0.5342893211302261,1.466138269549738,0.9318489484195119,1.72,21.0,highly_unreliable
mw64,6,exploratory_N50_step10,50,10,True,dynamic,0.01,1.5,1000,33,330,380,2019-07-04 21:26:34.600000+00:00,2019-07-04 21:56:38.420000+00:00,2019-07-04 21:43:00.740000+00:00,2019-07-04 21:43:00.740000+00:00,4.15325,50,1.01,3.48,20851268,0.7361099646369088,1.88,14,ok,977,0.8926276682852222,0.7809701628463888,1.3169368086469357,0.5275177289284236,1.5361911815561167,1.008673452627693,1.8699999999999999,15.0,highly_unreliable
mw64,6,exploratory_N50_step10,50,10,True,dynamic,0.01,1.5,1000,34,340,390,2019-07-04 21:35:59.800000+00:00,2019-07-04 22:01:40.840000+00:00,2019-07-04 21:48:54.800000+00:00,2019-07-04 21:48:54.800000+00:00,4.2516,50,1.01,3.48,20851285,0.9195004341196943,1.88,15,ok,974,1.0122240690981397,0.9143379439869719,0.6165464762326887,0.6159427080517552,1.8273404881368451,1.21139778008509,1.8699999999999999,16.0,highly_unreliable
mw64,6,exploratory_N50_step10,50,10,True,dynamic,0.01,1.5,1000,35,350,400,2019-07-04 21:40:01.920000+00:00,2019-07-04 22:08:16.280000+00:00,2019-07-04 21:54:48.940000+00:00,2019-07-04 21:54:48.940000+00:00,4.349972222222222,50,1.02,3.56,20851302,0.6215997003993352,1.77,19,ok,969,0.7095812260713209,0.6809634872649182,0.1650725186020027,0.4790588072197071,1.09874588581089,0.619687078591183,1.77,20.0,highly_unreliable
mw64,6,exploratory_N50_step10,50,10,True,dynamic,0.01,1.5,1000,36,360,410,2019-07-04 21:45:25.880000+00:00,2019-07-04 22:19:55.040000+00:00,2019-07-04 22:00:00.960000+00:00,2019-07-04 22:00:00.960000+00:00,4.436644444444444,50,1.04,3.56,20851319,0.8329190564520623,1.66,28,ok,967,0.8185344110290715,0.7742894395469638,0.2427438090532766,0.5074867816067132,1.3119301714945537,0.8044433898878405,1.77,20.0,highly_unreliable
mw64,6,exploratory_N50_step10,50,10,True,dynamic,0.01,1.5,1000,37,370,420,2019-07-04 21:50:53.240000+00:00,2019-07-04 22:30:07.600000+00:00,2019-07-04 22:06:24.480000+00:00,2019-07-04 22:06:24.480000+00:00,4.543177777777778,50,1.0,3.56,20851336,0.769439483815509,1.88,18,ok,978,0.8338761189463728,0.7766696260849538,0.3912447613686191,0.5426708300371892,1.2817413365755665,0.7390705065383774,1.77,21.0,highly_unreliable
mw64,6,exploratory_N50_step10,50,10,True,dynamic,0.01,1.5,1000,38,380,430,2019-07-04 21:58:09.280000+00:00,2019-07-04 22:38:47.160000+00:00,2019-07-04 22:15:08.920000+00:00,2019-07-04 22:15:08.920000+00:00,4.6888555555555556,50,1.0,3.56,20851353,0.7567762323693717,1.68,27,ok,985,0.8005813041437416,0.7356303912319807,0.2649005883651553,0.5309847717014687,1.4374018308377337,0.9064170591362649,1.7,23.0,highly_unreliable
mw64,6,exploratory_N50_step10,50,10,True,dynamic,0.01,1.5,1000,39,390,440,2019-07-04 22:02:34.900000+00:00,2019-07-04 22:48:02.200000+00:00,2019-07-04 22:27:41.960000+00:00,2019-07-04 22:27:41.960000+00:00,4.898033333333333,50,1.0,3.56,20851370,0.6022124381279123,1.3299999999999998,34,ok,985,0.6933348851454274,0.628038173992459,0.36231229867562403,0.4622607605732647,1.3013058480135764,0.8390450874403117,1.5999999999999999,22.0,exploratory
mw64,6,exploratory_N50_step10,50,10,True,dynamic,0.01,1.5,1000,40,400,450,2019-07-04 22:08:36.180000+00:00,2019-07-04 22:57:51.160000+00:00,2019-07-04 22:35:18+00:00,2019-07-04 22:35:18+00:00,5.0247111111111105,50,0.99,3.25,20851387,0.6893707947900456,1.7,14,ok,988,0.8272520882626593,0.7454651975556784,0.8003575190352087,0.5546183724908087,1.318940769968115,0.7643223974773063,1.54,18.0,highly_unreliable
mw64,6,exploratory_N50_step10,50,10,True,dynamic,0.01,1.5,1000,41,410,460,2019-07-04 22:21:03.800000+00:00,2019-07-04 23:05:40.580000+00:00,2019-07-04 22:45:47.080000+00:00,2019-07-04 22:45:47.080000+00:00,5.199455555555556,50,0.99,3.25,20851404,0.9102313345384677,1.38,28,ok,994,0.880967499663612,0.8321653075439289,0.3601374069170994,0.558750664656882,1.460244658688189,0.901493994031307,1.52,19.0,highly_unreliable
mw64,6,exploratory_N50_step10,50,10,True,dynamic,0.01,1.5,1000,42,420,470,2019-07-04 22:30:19.680000+00:00,2019-07-04 23:11:34.320000+00:00,2019-07-04 22:54:12.440000+00:00,2019-07-04 22:54:12.440000+00:00,5.339833333333334,50,0.99,3.25,20851421,0.8230716629552989,1.7,15,ok,969,0.8705929994562728,0.8318529842251869,0.2608395657073216,0.6013982792904534,1.3113698584231845,0.7099715791327311,1.5899999999999999,19.0,highly_unreliable
mw64,6,exploratory_N50_step10,50,10,True,dynamic,0.01,1.5,1000,43,430,480,2019-07-04 22:40:07.640000+00:00,2019-07-04 23:20:04.960000+00:00,2019-07-04 23:02:57.760000+00:00,2019-07-04 23:02:57.760000+00:00,5.4857555555555555,50,0.67,3.6,20851438,0.8042720255413995,1.38,28,ok,984,0.8117970041685114,0.7845233215276716,0.20135596543982412,0.5101986807234256,1.3009835847845515,0.7907849040611259,1.38,25.0,highly_unreliable
mw64,6,exploratory_N50_step10,50,10,True,dynamic,0.01,1.5,1000,44,440,490,2019-07-04 22:48:17.080000+00:00,2019-07-04 23:26:54.880000+00:00,2019-07-04 23:08:47.320000+00:00,2019-07-04 23:08:47.320000+00:00,5.582855555555555,50,0.67,3.6,20851455,0.9107426421768703,1.38,32,ok,990,0.9498166225537199,0.9094271423049594,0.2531909623806344,0.580073312368727,1.5805212511662898,1.0004479387975629,1.54,22.0,exploratory
mw64,6,exploratory_N50_step10,50,10,True,dynamic,0.01,1.5,1000,45,450,500,2019-07-04 22:58:35.120000+00:00,2019-07-04 23:36:54.840000+00:00,2019-07-04 23:16:49.500000+00:00,2019-07-04 23:16:49.500000+00:00,5.716794444444444,50,0.67,3.6,20851472,0.9106100257846906,1.38,36,ok,984,1.0001041698888042,0.9307531555661591,0.35813440578053757,0.5158301756637135,2.022099230979022,1.5062690553153084,1.64,23.0,exploratory
mw64,6,exploratory_N50_step10,50,10,True,dynamic,0.01,1.5,1000,46,460,510,2019-07-04 23:06:12+00:00,2019-07-04 23:44:19.640000+00:00,2019-07-04 23:25:48.200000+00:00,2019-07-04 23:25:48.200000+00:00,5.866433333333333,50,0.67,3.6,20851489,0.8086069114171118,1.3399999999999999,38,ok,950,1.0502730870519186,0.9471527739550392,0.5101832951564251,0.48271607653372883,2.2814535397124436,1.7987374631787147,1.64,25.0,exploratory
mw64,6,exploratory_N50_step10,50,10,True,dynamic,0.01,1.5,1000,47,470,520,2019-07-04 23:11:55.200000+00:00,2019-07-04 23:52:21.920000+00:00,2019-07-04 23:30:53.160000+00:00,2019-07-04 23:30:53.160000+00:00,5.951144444444444,50,0.67,3.6,20851506,0.8886780033939212,1.3,35,ok,970,1.1155078685764421,0.9489366540209481,0.7212563592174072,0.5451733545717499,3.126241665125481,2.5810683105537313,1.4,29.0,exploratory
mw64,6,exploratory_N50_step10,50,10,True,dynamic,0.01,1.5,1000,48,480,530,2019-07-04 23:21:07.620000+00:00,2019-07-05 00:01:25.790000+00:00,2019-07-04 23:40:19.320000+00:00,2019-07-04 23:40:19.320000+00:00,6.108411111111111,50,0.71,3.42,20851523,0.7219332569669304,1.12,41,ok,968,0.9471989352369692,0.8661628648495674,0.3596418701518458,0.5552262145888676,1.966725017069231,1.4114988024803634,1.46,25.0,exploratory
mw64,6,exploratory_N50_step10,50,10,True,dynamic,0.01,1.5,1000,49,490,540,2019-07-04 23:27:15.980000+00:00,2019-07-05 00:06:03.700000+00:00,2019-07-04 23:49:08.360000+00:00,2019-07-04 23:49:08.360000+00:00,6.255366666666666,50,0.71,3.42,20851540,0.8930822604696947,1.46,23,ok,985,0.9235418999175725,0.8644831588364729,0.3185959219014444,0.5930983884712807,1.5239966556736904,0.9308982672024096,1.46,23.0,highly_unreliable
mw64,6,exploratory_N50_step10,50,10,True,dynamic,0.01,1.5,1000,50,500,550,2019-07-04 23:37:11.260000+00:00,2019-07-05 00:15:37.340000+00:00,2019-07-04 23:56:55.540000+00:00,2019-07-04 23:56:55.540000+00:00,6.385138888888889,50,0.58,3.42,20851557,0.895484265292641,1.5799999999999998,16,ok,988,0.8993602827490437,0.8529832675716801,0.2978021050934653,0.543770858412681,1.5239966556736904,0.9802257972610093,1.3699999999999999,21.0,highly_unreliable
mw64,6,exploratory_N50_step10,50,10,True,dynamic,0.01,1.5,1000,51,510,560,2019-07-04 23:44:46.980000+00:00,2019-07-05 00:24:46.520000+00:00,2019-07-05 00:02:58.080000+00:00,2019-07-05 00:02:58.080000+00:00,6.485844444444445,50,0.58,3.42,20851574,0.9109533476255001,1.43,17,ok,986,0.9294669080352913,0.8676778603630408,0.33520973667998455,0.5357177333205583,1.5419428293035549,1.0062250959829966,1.43,17.0,highly_unreliable
mw64,6,exploratory_N50_step10,50,10,True,dynamic,0.01,1.5,1000,52,520,570,2019-07-04 23:52:53.160000+00:00,2019-07-05 00:31:32.910000+00:00,2019-07-05 00:10:40.610000+00:00,2019-07-05 00:10:40.610000+00:00,6.614325,50,0.58,3.42,20851591,0.8349780327690495,1.12,35,ok,988,0.8041840163055097,0.7553137890445906,0.5766415477802996,0.4985537862709408,1.3042931565600768,0.805739370289136,1.3399999999999999,22.0,exploratory
mw64,6,exploratory_N50_step10,50,10,True,dynamic,0.01,1.5,1000,53,530,580,2019-07-05 00:01:47.600000+00:00,2019-07-05 00:37:43.330000+00:00,2019-07-05 00:21:38.440000+00:00,2019-07-05 00:21:38.440000+00:00,6.797055555555556,50,0.58,4.36,20851608,0.6905888156756881,1.43,18,ok,986,0.7711696935172087,0.7213187433498356,0.4558642397067902,0.44467063357719966,1.2893045521919495,0.8446339186147498,1.3599999999999999,20.0,highly_unreliable
mw64,6,exploratory_N50_step10,50,10,True,dynamic,0.01,1.5,1000,54,540,590,2019-07-05 00:07:38.080000+00:00,2019-07-05 00:45:39.140000+00:00,2019-07-05 00:28:01.340000+00:00,2019-07-05 00:28:01.340000+00:00,6.903416666666667,50,0.58,4.38,20851625,0.625457408815942,1.18,32,ok,990,0.6567153825957885,0.6046521731664254,0.31308337652765905,0.34982175787576886,1.203223937116269,0.8534021792405001,1.3,24.0,exploratory
mw64,6,exploratory_N50_step10,50,10,True,dynamic,0.01,1.5,1000,55,550,600,2019-07-05 00:16:21.330000+00:00,2019-07-05 00:59:09.050000+00:00,2019-07-05 00:35:49.820000+00:00,2019-07-05 00:35:49.820000+00:00,7.03355,50,0.83,4.38,20851642,0.6203046430385583,1.18,35,ok,982,0.6272436231273075,0.5938284388562801,0.22437203799044442,0.3602842693479314,0.9784438653066112,0.6181595959586799,1.3399999999999999,26.0,exploratory
mw64,6,exploratory_N50_step10,50,10,True,dynamic,0.01,1.5,1000,56,560,610,2019-07-05 00:24:55.510000+00:00,2019-07-05 01:05:02.270000+00:00,2019-07-05 00:42:43+00:00,2019-07-05 00:42:43+00:00,7.148322222222222,50,0.83,4.38,20851659,0.6301151600448494,1.22,33,ok,985,0.6383876213878353,0.5946423213224589,0.30125042145499586,0.3415177351812546,1.0366147455153163,0.6950970103340617,1.3399999999999999,25.0,exploratory
mw64,6,exploratory_N50_step10,50,10,True,dynamic,0.01,1.5,1000,57,570,620,2019-07-05 00:31:50.650000+00:00,2019-07-05 01:12:50.100000+00:00,2019-07-05 00:53:27.410000+00:00,2019-07-05 00:53:27.410000+00:00,7.327325,50,0.7,4.38,20851676,0.6409122261698769,1.1300000000000001,38,ok,980,0.6751934564488205,0.6225393835756996,0.6237883965488852,0.2990346449953561,1.136878322207784,0.837843677212428,1.23,30.0,exploratory
mw64,6,exploratory_N50_step10,50,10,True,dynamic,0.01,1.5,1000,58,580,630,2019-07-05 00:37:50.090000+00:00,2019-07-05 01:18:13.180000+00:00,2019-07-05 01:02:34.030000+00:00,2019-07-05 01:02:34.030000+00:00,7.479163888888889,50,0.7,4.38,20851693,0.6442787477899939,1.1300000000000001,33,ok,986,0.6607105882943769,0.6330402238760181,0.20085010047659327,0.3756117342286261,1.06121996834491,0.6856082341162839,1.23,27.0,exploratory
mw64,6,exploratory_N50_step10,50,10,True,dynamic,0.01,1.5,1000,59,590,640,2019-07-05 00:48:04.780000+00:00,2019-07-05 01:26:46.160000+00:00,2019-07-05 01:09:45.290000+00:00,2019-07-05 01:09:45.290000+00:00,7.598958333333333,50,0.7,3.21,20851710,0.687148879861369,1.16,27,ok,984,0.7263452096756825,0.7055779352119262,0.1468644376951044,0.5122424876918905,1.0621919116167886,0.5499494239248981,1.16,26.0,highly_unreliable
mw64,6,exploratory_N50_step10,50,10,True,dynamic,0.01,1.5,1000,60,600,650,2019-07-05 01:00:12.280000+00:00,2019-07-05 01:36:20.450000+00:00,2019-07-05 01:15:52.380000+00:00,2019-07-05 01:15:52.380000+00:00,7.700927777777778,50,0.7,3.21,20851727,0.6713365859854272,1.16,26,ok,978,0.7250909745425207,0.6892412580190757,0.18015699780548836,0.5071010096388289,1.0884655877034581,0.5813645780646293,1.16,25.0,highly_unreliable
mw64,6,exploratory_N50_step10,50,10,True,dynamic,0.01,1.5,1000,61,610,660,2019-07-05 01:06:22.860000+00:00,2019-07-05 01:44:38.930000+00:00,2019-07-05 01:23:27.080000+00:00,2019-07-05 01:23:27.080000+00:00,7.827233333333334,50,0.7,3.21,20851744,0.7308688039960485,1.16,26,ok,988,0.7748521355549471,0.7433094338769012,0.17660345029749036,0.5223681967756639,1.1916132342354258,0.6692450374597618,1.16,26.0,highly_unreliable
mw64,6,exploratory_N50_step10,50,10,True,dynamic,0.01,1.5,1000,62,620,670,2019-07-05 01:13:07.770000+00:00,2019-07-05 01:52:28.720000+00:00,2019-07-05 01:33:27.650000+00:00,2019-07-05 01:33:27.650000+00:00,7.994058333333333,50,0.73,3.21,20851761,0.8679978787024176,1.16,28,ok,992,0.8936836778728318,0.8581054827313292,0.21765891708172455,0.567970894757816,1.4034223511217818,0.8354514563639658,1.16,27.0,highly_unreliable
mw64,6,exploratory_N50_step10,50,10,True,dynamic,0.01,1.5,1000,63,630,680,2019-07-05 01:21:26.870000+00:00,2019-07-05 01:58:07.020000+00:00,2019-07-05 01:40:15.130000+00:00,2019-07-05 01:40:15.130000+00:00,8.107247222222222,50,0.78,2.93,20851778,0.9197844395972743,1.16,32,ok,989,0.9452193701679384,0.9073908995523674,0.2674855888864008,0.6426240495092,1.4213272666503804,0.7787032171411804,1.16,29.0,exploratory
mw64,6,exploratory_N50_step10,50,10,True,dynamic,0.01,1.5,1000,64,640,690,2019-07-05 01:27:45.300000+00:00,2019-07-05 02:06:26.330000+00:00,2019-07-05 01:49:23.160000+00:00,2019-07-05 01:49:23.160000+00:00,8.259477777777777,50,0.78,3.44,20851795,0.917096332516612,1.79,14,ok,981,0.9319683518319268,0.8147607414787574,0.9295608761462405,0.5625797065117957,1.5877195288479462,1.0251398223361505,1.57,18.0,highly_unreliable
mw64,6,exploratory_N50_step10,50,10,True,dynamic,0.01,1.5,1000,65,650,700,2019-07-05 01:36:33.190000+00:00,2019-07-05 02:10:45.600000+00:00,2019-07-05 01:55:59.950000+00:00,2019-07-05 01:55:59.950000+00:00,8.369697222222221,50,0.78,3.44,20851812,0.8460549680051657,1.79,12,ok,982,0.9135140573658613,0.8631454608826052,0.26716428776589535,0.5674556002236052,1.5029247146589353,0.9354691144353301,1.57,20.0,highly_unreliable
mw64,6,exploratory_N50_step10,50,10,True,dynamic,0.01,1.5,1000,66,660,710,2019-07-05 01:45:20.470000+00:00,2019-07-05 02:21:16.360000+00:00,2019-07-05 02:03:28.950000+00:00,2019-07-05 02:03:28.950000+00:00,8.494419444444445,50,0.75,3.44,20851829,0.9876098695794432,1.57,21,ok,982,0.920472157355319,0.8731115716976801,0.27878425429102366,0.5425385245387673,1.5536713732648564,1.011132848726089,1.57,17.0,highly_unreliable
mw64,6,exploratory_N50_step10,50,10,True,dynamic,0.01,1.5,1000,67,670,720,2019-07-05 01:52:51.100000+00:00,2019-07-05 02:31:52.590000+00:00,2019-07-05 02:09:38.350000+00:00,2019-07-05 02:09:38.350000+00:00,8.597030555555556,50,0.75,3.44,20851846,0.8592773281803869,1.57,23,ok,973,0.8513280451000573,0.8134181254381391,0.24350441029183417,0.5495317109721792,1.3788284485633282,0.829296737591149,1.57,21.0,highly_unreliable
mw64,6,exploratory_N50_step10,50,10,True,dynamic,0.01,1.5,1000,68,680,730,2019-07-05 01:59:09.320000+00:00,2019-07-05 02:38:48.720000+00:00,2019-07-05 02:16:13.310000+00:00,2019-07-05 02:16:13.310000+00:00,8.706741666666666,50,0.75,3.44,20851863,0.6829181615131422,1.05,42,ok,986,0.8576899929005694,0.7842667578897318,0.6678873915932926,0.5439977631439993,1.4488744631031563,0.904876699959157,1.5,21.0,exploratory
mw64,6,exploratory_N50_step10,50,10,True,dynamic,0.01,1.5,1000,69,690,740,2019-07-05 02:07:49.430000+00:00,2019-07-05 02:45:43.720000+00:00,2019-07-05 02:27:04.830000+00:00,2019-07-05 02:27:04.830000+00:00,8.887719444444445,50,0.75,2.93,20851880,0.8620494861755266,1.05,42,ok,985,1.1369019435192247,1.0270956307130894,0.8324738950119885,0.6489153414290778,2.0809004885190734,1.4319851470899956,1.3499999999999999,24.0,exploratory
mw64,6,exploratory_N50_step10,50,10,True,dynamic,0.01,1.5,1000,70,700,750,2019-07-05 02:12:26.790000+00:00,2019-07-05 02:52:56.810000+00:00,2019-07-05 02:35:29.130000+00:00,2019-07-05 02:35:29.130000+00:00,9.027802777777778,50,0.75,2.93,20851897,0.8877764920555625,1.05,38,ok,991,1.078061374745802,0.9587464005725199,0.7068634690981905,0.6067100908979537,1.9595556063380764,1.3528455154401227,1.32,25.0,exploratory
mw64,6,exploratory_N50_step10,50,10,True,dynamic,0.01,1.5,1000,71,710,760,2019-07-05 02:22:23.500000+00:00,2019-07-05 03:02:23.990000+00:00,2019-07-05 02:43:41.760000+00:00,2019-07-05 02:43:41.760000+00:00,9.164644444444445,50,0.79,2.98,20851914,0.9202998422996326,1.3499999999999999,26,ok,986,0.9120969263982697,0.8510972804754113,0.5151286352966561,0.5477272124332752,1.4853266008363564,0.9375993884030812,1.3499999999999999,25.0,highly_unreliable
mw64,6,exploratory_N50_step10,50,10,True,dynamic,0.01,1.5,1000,72,720,770,2019-07-05 02:32:15.480000+00:00,2019-07-05 03:07:43.170000+00:00,2019-07-05 02:49:40.910000+00:00,2019-07-05 02:49:40.910000+00:00,9.264408333333334,50,0.79,2.98,20851931,1.1408015669229397,1.3499999999999999,28,ok,977,1.1064249050840989,1.0207155655742555,0.39574720435060134,0.6105880850743158,2.030244458128128,1.419656373053812,1.48,20.0,highly_unreliable
mw64,6,exploratory_N50_step10,50,10,True,dynamic,0.01,1.5,1000,73,730,780,2019-07-05 02:39:40.720000+00:00,2019-07-05 03:13:23.310000+00:00,2019-07-05 02:58:50.440000+00:00,2019-07-05 02:58:50.440000+00:00,9.417055555555557,50,0.69,2.98,20851948,0.749299046539257,0.99,39,ok,987,0.9574734798006432,0.887507164497835,0.3455890190322131,0.5964614348998513,1.7767277514366782,1.180266316536827,1.3499999999999999,27.0,exploratory
mw64,6,exploratory_N50_step10,50,10,True,dynamic,0.01,1.5,1000,74,740,790,2019-07-05 02:46:19.730000+00:00,2019-07-05 03:23:56.720000+00:00,2019-07-05 03:05:21.540000+00:00,2019-07-05 03:05:21.540000+00:00,9.525694444444444,50,0.69,3.55,20851965,0.5702635602018016,0.99,38,ok,974,0.7571418643964012,0.6548267520406836,0.9975390405860823,0.4814751464893604,1.4766200150990456,0.9951448686096852,1.12,32.0,exploratory
mw64,6,exploratory_N50_step10,50,10,True,dynamic,0.01,1.5,1000,75,750,800,2019-07-05 02:55:04.680000+00:00,2019-07-05 03:28:33.550000+00:00,2019-07-05 03:10:23.110000+00:00,2019-07-05 03:10:23.110000+00:00,9.60946388888889,50,0.69,3.55,20851982,0.6153594247108426,1.09,39,ok,971,0.8265191808851333,0.7373597868794043,0.4654630008308643,0.4902381199187684,1.5794267183231976,1.0891885984044292,1.39,27.0,exploratory
mw64,6,exploratory_N50_step10,50,10,True,dynamic,0.01,1.5,1000,76,760,810,2019-07-05 03:02:46.070000+00:00,2019-07-05 03:37:51.650000+00:00,2019-07-05 03:18:22.490000+00:00,2019-07-05 03:18:22.490000+00:00,9.742624999999999,50,0.69,3.55,20851999,1.0583144610421893,1.92,13,ok,983,0.9521288761926286,0.7950106228055334,0.7409247085130287,0.5001432343397478,2.29923755459421,1.799094320254462,1.57,22.0,highly_unreliable
mw64,6,exploratory_N50_step10,50,10,True,dynamic,0.01,1.5,1000,77,770,820,2019-07-05 03:08:04.570000+00:00,2019-07-05 03:49:20.620000+00:00,2019-07-05 03:26:42.390000+00:00,2019-07-05 03:26:42.390000+00:00,9.88148611111111,50,0.45,3.55,20852016,0.5242452643762217,0.99,35,ok,970,0.7009971937693845,0.6027812431204056,0.564586796796002,0.4409778849485039,1.3768707953778128,0.9358929104293089,1.17,28.0,exploratory
mw64,6,exploratory_N50_step10,50,10,True,dynamic,0.01,1.5,1000,78,780,830,2019-07-05 03:13:56.470000+00:00,2019-07-05 03:57:11.340000+00:00,2019-07-05 03:33:02.410000+00:00,2019-07-05 03:33:02.410000+00:00,9.987047222222223,50,0.45,3.55,20852033,0.5567954238942265,1.15,34,ok,986,0.6740119789619233,0.5971740950312796,0.27079066731119167,0.42873068861316954,1.3665404545611926,0.937809765948023,1.16,31.0,exploratory
mw64,6,exploratory_N50_step10,50,10,True,dynamic,0.01,1.5,1000,79,790,840,2019-07-05 03:24:46.380000+00:00,2019-07-05 04:05:31.510000+00:00,2019-07-05 03:45:43.820000+00:00,2019-07-05 03:45:43.820000+00:00,10.19855,50,0.45,3.2,20852050,0.6598082772550732,1.15,31,ok,986,0.7234672172481883,0.6782330573537023,0.1971538027051602,0.5106554955297402,1.2128334207111193,0.7021779251813791,1.17,29.0,exploratory
mw64,6,exploratory_N50_step10,50,10,True,dynamic,0.01,1.5,1000,80,800,850,2019-07-05 03:30:01.500000+00:00,2019-07-05 04:14:15.590000+00:00,2019-07-05 03:53:52.200000+00:00,2019-07-05 03:53:52.200000+00:00,10.334211111111111,50,0.45,3.85,20852067,0.5729841731114796,1.15,27,ok,988,0.6140409293312458,0.5896746987444226,0.17021552325839534,0.4298385761129298,0.9788421072517789,0.549003531138849,1.15,26.0,highly_unreliable
mw64,6,exploratory_N50_step10,50,10,True,dynamic,0.01,1.5,1000,81,810,860,2019-07-05 03:39:40.490000+00:00,2019-07-05 04:22:29.840000+00:00,2019-07-05 04:02:16.510000+00:00,2019-07-05 04:02:16.510000+00:00,10.474297222222223,50,0.45,3.85,20852084,0.6025527034164393,1.28,26,ok,988,0.5543327814419928,0.5375861392900416,0.11928736665822345,0.37884950645459337,0.8363307161446688,0.45748120969007544,1.15,26.0,highly_unreliable
mw64,6,exploratory_N50_step10,50,10,True,dynamic,0.01,1.5,1000,82,820,870,2019-07-05 03:49:37.950000+00:00,2019-07-05 04:32:30.020000+00:00,2019-07-05 04:10:47.130000+00:00,2019-07-05 04:10:47.130000+00:00,10.61613611111111,50,0.5,3.85,20852101,0.6957766276413103,1.28,25,ok,978,0.6687614746559161,0.644058656403039,0.16122824207015798,0.42955138643370394,1.046612925320273,0.617061538886569,1.16,26.0,highly_unreliable
mw64,6,exploratory_N50_step10,50,10,True,dynamic,0.01,1.5,1000,83,830,880,2019-07-05 03:57:25.490000+00:00,2019-07-05 04:39:13.350000+00:00,2019-07-05 04:19:25.010000+00:00,2019-07-05 04:19:25.010000+00:00,10.759991666666666,50,0.5,3.85,20852118,0.7090679661353512,1.28,28,ok,963,0.6629659560583039,0.630454945871111,0.17873028900120635,0.4116566194832153,1.0916218552927637,0.6799652358095484,1.28,29.0,highly_unreliable
mw64,6,exploratory_N50_step10,50,10,True,dynamic,0.01,1.5,1000,84,840,890,2019-07-05 04:05:51.190000+00:00,2019-07-05 04:44:02.300000+00:00,2019-07-05 04:28:01.730000+00:00,2019-07-05 04:28:01.730000+00:00,10.903525,50,0.5,3.85,20852135,0.5424762811373169,0.9099999999999999,34,ok,978,0.6139739593878542,0.5840488872322638,0.1808218084408272,0.39866391737661516,0.9843686747847286,0.5857047574081133,1.07,29.0,exploratory
mw64,6,exploratory_N50_step10,50,10,True,dynamic,0.01,1.5,1000,85,850,900,2019-07-05 04:14:32.430000+00:00,2019-07-05 04:50:36.100000+00:00,2019-07-05 04:36:54.070000+00:00,2019-07-05 04:36:54.070000+00:00,11.051397222222223,50,0.5,3.66,20852152,0.6681585356515308,0.9099999999999999,38,ok,954,0.7865725003770506,0.7191521017880261,0.2991338217544262,0.4638252330199449,1.4240439114610284,0.9602186784410836,1.18,28.0,exploratory
mw64,6,exploratory_N50_step10,50,10,True,dynamic,0.01,1.5,1000,86,860,910,2019-07-05 04:23:16.460000+00:00,2019-07-05 04:58:50.660000+00:00,2019-07-05 04:42:06.280000+00:00,2019-07-05 04:42:06.280000+00:00,11.138122222222222,50,0.5,2.63,20852169,0.9122039760632773,1.63,9,ok,957,0.986076239698171,0.919871415127841,0.3200554440123791,0.6394876054217514,1.6126065343558857,0.9731189289341343,1.38,19.0,highly_unreliable
mw64,6,exploratory_N50_step10,50,10,True,dynamic,0.01,1.5,1000,87,870,920,2019-07-05 04:32:51.960000+00:00,2019-07-05 05:07:59.150000+00:00,2019-07-05 04:48:29.060000+00:00,2019-07-05 04:48:29.060000+00:00,11.244449999999999,50,0.51,2.63,20852186,0.6452814500765585,0.71,46,ok,945,1.0196597523917004,0.8982079514535732,0.5188010080478337,0.5732345705591719,2.283943905141166,1.710709334581994,1.3299999999999998,24.0,exploratory
mw64,6,exploratory_N50_step10,50,10,True,dynamic,0.01,1.5,1000,88,880,930,2019-07-05 04:40:21.500000+00:00,2019-07-05 05:13:56.060000+00:00,2019-07-05 04:53:48.030000+00:00,2019-07-05 04:53:48.030000+00:00,11.333052777777777,50,0.51,3.31,20852203,0.6985306592355534,0.71,46,ok,982,0.8922488515369997,0.7846683799815546,0.6784636984139202,0.490009140363146,1.7151979498602106,1.2251888094970647,1.1300000000000001,29.0,exploratory
mw64,6,exploratory_N50_step10,50,10,True,dynamic,0.01,1.5,1000,89,890,940,2019-07-05 04:44:58.510000+00:00,2019-07-05 05:21:32.600000+00:00,2019-07-05 05:04:55.310000+00:00,2019-07-05 05:04:55.310000+00:00,11.518408333333332,50,0.51,3.31,20852220,1.2516557421995962,1.32,20,ok,982,1.0802369825822227,1.01515924894702,0.4922967412997285,0.4382209669700217,2.218771798129013,1.7805508311589913,1.32,20.0,highly_unreliable
mw64,6,exploratory_N50_step10,50,10,True,dynamic,0.01,1.5,1000,90,900,950,2019-07-05 04:50:45.730000+00:00,2019-07-05 05:30:08.960000+00:00,2019-07-05 05:10:03.310000+00:00,2019-07-05 05:10:03.310000+00:00,11.603963888888888,50,0.51,3.31,20852237,0.6916887204532672,0.71,45,ok,987,0.9122596183732945,0.8433167536862765,0.4234405283447874,0.49527942452663903,1.61354977780432,1.118270353277681,1.32,21.0,exploratory
mw64,6,exploratory_N50_step10,50,10,True,dynamic,0.01,1.5,1000,91,910,960,2019-07-05 04:59:44.640000+00:00,2019-07-05 05:35:03.520000+00:00,2019-07-05 05:17:50.430000+00:00,2019-07-05 05:17:50.430000+00:00,11.733719444444445,50,0.51,3.31,20852254,0.7312895585949701,0.71,45,ok,979,0.9355464304311978,0.8491679510066041,0.6424362322285435,0.5611117965751433,1.5223209803488946,0.9612091837737513,1.0950000000000002,26.0,exploratory
mw64,6,exploratory_N50_step10,50,10,True,dynamic,0.01,1.5,1000,92,920,970,2019-07-05 05:08:40.850000+00:00,2019-07-05 05:45:01.340000+00:00,2019-07-05 05:24:47.810000+00:00,2019-07-05 05:24:47.810000+00:00,11.849658333333332,50,0.56,3.31,20852271,0.8493643896419625,1.07,30,ok,982,0.8382173636875546,0.8001929957887197,0.252387294702091,0.4720979876266325,1.39015838175164,0.9180603941250076,1.15,23.0,exploratory
mw64,6,exploratory_N50_step10,50,10,True,dynamic,0.01,1.5,1000,93,930,980,2019-07-05 05:14:59.040000+00:00,2019-07-05 05:51:37.460000+00:00,2019-07-05 05:32:47.820000+00:00,2019-07-05 05:32:47.820000+00:00,11.982994444444444,50,0.56,3.0,20852288,0.9695277383893395,1.1,27,ok,974,1.0356729888842366,0.9561484016969615,0.6034198905461569,0.6245159352369949,1.806569828826577,1.1820538935895821,1.15,21.0,highly_unreliable
mw64,6,exploratory_N50_step10,50,10,True,dynamic,0.01,1.5,1000,94,940,990,2019-07-05 05:21:55.450000+00:00,2019-07-05 05:58:13.640000+00:00,2019-07-05 05:40:11.970000+00:00,2019-07-05 05:40:11.970000+00:00,12.106369444444445,50,0.56,3.0,20852305,0.8402950071176796,1.15,27,ok,983,0.869346879788642,0.7939791190811963,0.46336450145750063,0.5763478094392125,1.476090878438251,0.8997430689990384,1.15,24.0,highly_unreliable
mw64,6,exploratory_N50_step10,50,10,True,dynamic,0.01,1.5,1000,95,950,1000,2019-07-05 05:30:20.260000+00:00,2019-07-05 06:06:23.110000+00:00,2019-07-05 05:48:51.210000+00:00,2019-07-05 05:48:51.210000+00:00,12.250602777777777,50,0.57,3.0,20852322,0.9118338676354681,1.28,23,ok,978,0.8874366811686248,0.8272525965989856,0.34257304078452366,0.5450806094885722,1.5067385538085862,0.9616579443200141,1.28,22.0,highly_unreliable
mw64,6,exploratory_N50_step10,50,10,True,dynamic,0.01,1.5,1000,96,960,1010,2019-07-05 05:37:28.760000+00:00,2019-07-05 06:14:21.520000+00:00,2019-07-05 05:56:05.430000+00:00,2019-07-05 05:56:05.430000+00:00,12.371219444444444,50,0.57,3.0,20852339,0.9110308730084454,1.2,29,ok,975,0.9013507340692778,0.8307141151671945,0.4287580183962549,0.5475649867746114,1.6678917337985186,1.120326747023907,1.2149999999999999,26.0,highly_unreliable
mw64,6,exploratory_N50_step10,50,10,True,dynamic,0.01,1.5,1000,97,970,1020,2019-07-05 05:45:29.650000+00:00,2019-07-05 06:21:19.320000+00:00,2019-07-05 06:04:46.210000+00:00,2019-07-05 06:04:46.210000+00:00,12.515880555555555,50,0.47,2.75,20852356,0.871180384845299,0.98,34,ok,978,1.034220052734563,0.9125082756456617,0.49849199554324036,0.6131303393310624,2.201963177397863,1.5888328380668009,1.2,24.0,exploratory
mw64,6,exploratory_N50_step10,50,10,True,dynamic,0.01,1.5,1000,98,980,1030,2019-07-05 05:52:37.770000+00:00,2019-07-05 06:30:19.070000+00:00,2019-07-05 06:08:59.270000+00:00,2019-07-05 06:08:59.270000+00:00,12.586175,50,0.45,2.75,20852373,0.8304162788579219,0.98,35,ok,962,0.9004359921481303,0.8445549427841677,0.3206104740547269,0.5532740771275892,1.4909046659370786,0.9376305888094894,1.18,27.0,exploratory
mw64,6,exploratory_N50_step10,50,10,True,dynamic,0.01,1.5,1000,99,990,1040,2019-07-05 05:58:58.890000+00:00,2019-07-05 06:40:19.650000+00:00,2019-07-05 06:17:45.770000+00:00,2019-07-05 06:17:45.770000+00:00,12.732425000000001,50,0.45,2.61,20852390,0.9079657851918397,0.98,36,ok,981,1.1006672454736872,0.9870754026294246,0.5404486091650136,0.6401443185450831,2.247673736125126,1.607529417580043,1.2,28.0,exploratory
mw64,6,exploratory_N50_step10,50,10,True,dynamic,0.01,1.5,1000,100,1000,1050,2019-07-05 06:06:36.790000+00:00,2019-07-05 06:47:27.710000+00:00,2019-07-05 06:25:56.130000+00:00,2019-07-05 06:25:56.130000+00:00,12.86863611111111,50,0.45,3.33,20852407,0.7541214421204008,0.98,33,ok,978,0.9335233063480592,0.8172324410710867,0.3776188479629031,0.5465714930484558,2.0153735743721577,1.468802081323702,1.14,27.0,exploratory
mw64,6,exploratory_N50_step10,50,10,True,dynamic,0.01,1.5,1000,101,1010,1060,2019-07-05 06:14:48.470000+00:00,2019-07-05 06:52:50.120000+00:00,2019-07-05 06:36:38.850000+00:00,2019-07-05 06:36:38.850000+00:00,13.047169444444444,50,0.45,3.33,20852424,0.9984220906600922,1.5,12,ok,988,1.0625495619848389,0.921096182936705,0.6003564315438259,0.5457329909328154,2.2761971159786616,1.7304641250458461,1.25,18.0,highly_unreliable
mw64,6,exploratory_N50_step10,50,10,True,dynamic,0.01,1.5,1000,102,1020,1070,2019-07-05 06:22:04.800000+00:00,2019-07-05 06:57:35.290000+00:00,2019-07-05 06:44:17.010000+00:00,2019-07-05 06:44:17.010000+00:00,13.174436111111111,50,0.45,3.33,20852441,0.9870754026294246,1.5999999999999999,10,ok,993,1.112110756840996,0.9340026254143432,1.2241760381971294,0.5694211097782775,2.1628866080486655,1.593465498270388,1.5,14.0,highly_unreliable
mw64,6,exploratory_N50_step10,50,10,True,dynamic,0.01,1.5,1000,103,1030,1080,2019-07-05 06:33:07.110000+00:00,2019-07-05 07:05:33.110000+00:00,2019-07-05 06:50:00.090000+00:00,2019-07-05 06:50:00.090000+00:00,13.269736111111111,50,0.73,3.33,20852458,0.7006428755360266,0.9299999999999999,37,ok,986,0.7580279071197983,0.7312722299707693,0.20500682044144114,0.4910002741296915,1.2040367157194853,0.7130364415897938,1.23,27.0,exploratory
mw64,6,exploratory_N50_step10,50,10,True,dynamic,0.01,1.5,1000,104,1040,1090,2019-07-05 06:40:42.340000+00:00,2019-07-05 07:12:46.220000+00:00,2019-07-05 06:55:09.240000+00:00,2019-07-05 06:55:09.240000+00:00,13.355611111111111,50,0.72,3.33,20852475,0.7121408974939536,0.9299999999999999,35,ok,985,0.7710957338362393,0.739798068225828,0.21547942839868578,0.4607362034957711,1.2598878243599454,0.7991516208641742,1.08,29.0,exploratory
mw64,6,exploratory_N50_step10,50,10,True,dynamic,0.01,1.5,1000,105,1050,1100,2019-07-05 06:48:19.460000+00:00,2019-07-05 07:19:01.480000+00:00,2019-07-05 07:00:38.370000+00:00,2019-07-05 07:00:38.370000+00:00,13.447036111111112,50,0.53,2.76,20852492,0.8264016811490488,0.9199999999999999,37,ok,982,0.9256681985709493,0.8765881668160846,0.3081908734904404,0.5416073702305233,1.5239966556736904,0.9823892854431671,1.12,25.0,exploratory
mw64,6,exploratory_N50_step10,50,10,True,dynamic,0.01,1.5,1000,106,1060,1110,2019-07-05 06:53:12.590000+00:00,2019-07-05 07:25:21.030000+00:00,2019-07-05 07:09:24.510000+00:00,2019-07-05 07:09:24.510000+00:00,13.59318611111111,50,0.53,2.76,20852509,0.7799784013558217,0.9299999999999999,33,ok,987,0.8473544403086519,0.8059943342044489,0.2649522458254914,0.5802440346740564,1.359768290631921,0.7795242559578647,0.9299999999999999,30.0,exploratory
mw64,6,exploratory_N50_step10,50,10,True,dynamic,0.01,1.5,1000,107,1070,1120,2019-07-05 06:58:07.490000+00:00,2019-07-05 07:32:52.850000+00:00,2019-07-05 07:16:17.860000+00:00,2019-07-05 07:16:17.860000+00:00,13.708005555555555,50,0.53,2.76,20852526,0.7229280622000123,0.9199999999999999,33,ok,962,0.8531497262650964,0.762757507455823,0.3523720362305379,0.5623053649297874,1.9305155195386623,1.368210154608875,1.07,25.0,exploratory
mw64,6,exploratory_N50_step10,50,10,True,dynamic,0.01,1.5,1000,108,1080,1130,2019-07-05 07:06:10.410000+00:00,2019-07-05 07:41:59.850000+00:00,2019-07-05 07:22:22.120000+00:00,2019-07-05 07:22:22.120000+00:00,13.809188888888889,50,0.52,3.83,20852543,0.7465306354982947,0.8999999999999999,34,ok,981,0.8146914409909747,0.7464853459872447,0.3962443855839962,0.491063097478749,1.6599281627249465,1.1688650652461976,1.07,24.0,exploratory
mw64,6,exploratory_N50_step10,50,10,True,dynamic,0.01,1.5,1000,109,1090,1140,2019-07-05 07:13:16.250000+00:00,2019-07-05 07:50:22.420000+00:00,2019-07-05 07:29:33.920000+00:00,2019-07-05 07:29:33.920000+00:00,13.929133333333333,50,0.52,3.83,20852560,0.6492895582416491,0.76,36,ok,976,0.8137767688773049,0.7209360382401735,0.6463969514713155,0.47075442521860256,1.542685426916539,1.0719310016979366,0.9199999999999999,29.0,exploratory
mw64,6,exploratory_N50_step10,50,10,True,dynamic,0.01,1.5,1000,110,1100,1150,2019-07-05 07:19:40.860000+00:00,2019-07-05 08:01:24.140000+00:00,2019-07-05 07:35:41.420000+00:00,2019-07-05 07:35:41.420000+00:00,14.031216666666666,50,0.52,3.83,20852577,0.6660812772943888,0.76,37,ok,976,0.9491859143014516,0.7168131592006126,2.031376051207957,0.48394025758032394,1.530381061104983,1.046440803524659,0.8999999999999999,32.0,exploratory
mw64,6,exploratory_N50_step10,50,10,True,dynamic,0.01,1.5,1000,111,1110,1160,2019-07-05 07:25:35.340000+00:00,2019-07-05 08:07:40.920000+00:00,2019-07-05 07:46:10.960000+00:00,2019-07-05 07:46:10.960000+00:00,14.206088888888889,50,0.39,3.83,20852594,0.6302030156085329,0.76,41,ok,959,0.8573356605250434,0.7224514983245055,0.8149840484692298,0.49430418069213083,2.423961560984658,1.9296573802925272,1.17,25.5,exploratory
mw64,6,exploratory_N50_step10,50,10,True,dynamic,0.01,1.5,1000,112,1120,1170,2019-07-05 07:34:03.430000+00:00,2019-07-05 08:17:37.460000+00:00,2019-07-05 07:56:14.630000+00:00,2019-07-05 07:56:14.630000+00:00,14.373774999999998,50,0.39,3.83,20852611,0.6750827357085029,0.76,42,ok,977,0.8031545871078523,0.7198900936138071,0.439391190836318,0.46156841742481347,1.6390416188169383,1.1774732013921247,1.15,24.0,exploratory
mw64,6,exploratory_N50_step10,50,10,True,dynamic,0.01,1.5,1000,113,1130,1180,2019-07-05 07:42:11.760000+00:00,2019-07-05 08:25:35.580000+00:00,2019-07-05 08:05:16.400000+00:00,2019-07-05 08:05:16.400000+00:00,14.524266666666668,50,0.39,2.31,20852628,0.84894592363671,0.76,41,ok,965,1.0316373211260965,0.9226633438380909,0.609718673140306,0.6423405919919133,2.0727258002537243,1.4303852082618111,1.2,17.0,exploratory
mw64,6,exploratory_N50_step10,50,10,True,dynamic,0.01,1.5,1000,114,1140,1190,2019-07-05 07:51:45.240000+00:00,2019-07-05 08:30:16.860000+00:00,2019-07-05 08:13:32.060000+00:00,2019-07-05 08:13:32.060000+00:00,14.66195,50,0.39,2.31,20852645,1.034083333821886,1.04,28,ok,989,1.077781445497671,0.9583617168295315,0.6316414022230037,0.6561429183164742,2.1850458681319824,1.5289029498155082,1.2,19.0,highly_unreliable
mw64,6,exploratory_N50_step10,50,10,True,dynamic,0.01,1.5,1000,115,1150,1200,2019-07-05 08:02:37.330000+00:00,2019-07-05 08:35:15.680000+00:00,2019-07-05 08:23:54.900000+00:00,2019-07-05 08:23:54.900000+00:00,14.834961111111111,50,0.39,2.31,20852662,0.9435522814783909,0.9099999999999999,34,ok,984,1.075242536851395,0.9174334443427892,0.9004824816747967,0.642692405935544,2.9963223377443198,2.3536299318087757,1.11,21.0,exploratory
mw64,6,exploratory_N50_step10,50,10,True,dynamic,0.01,1.5,1000,116,1160,1210,2019-07-05 08:08:12.770000+00:00,2019-07-05 08:41:30.770000+00:00,2019-07-05 08:29:01.830000+00:00,2019-07-05 08:29:01.830000+00:00,14.920219444444445,50,0.49,2.31,20852679,0.9946109855556002,0.81,36,ok,974,1.1046497549349388,1.0360851524726358,0.31598994557546656,0.7499371225084275,1.9234265319243655,1.173489409415938,1.05,21.0,exploratory
mw64,6,exploratory_N50_step10,50,10,True,dynamic,0.01,1.5,1000,117,1170,1220,2019-07-05 08:18:39.630000+00:00,2019-07-05 08:51:50.640000+00:00,2019-07-05 08:32:49.690000+00:00,2019-07-05 08:32:49.690000+00:00,14.98351388888889,50,0.4,3.18,20852696,1.011713429154139,1.05,21,ok,979,1.032960126812931,0.9864853486476828,0.300761057315219,0.6065306805404704,1.7229549971841183,1.1164243166436478,1.05,22.0,highly_unreliable
mw64,6,exploratory_N50_step10,50,10,True,dynamic,0.01,1.5,1000,118,1180,1230,2019-07-05 08:27:01.060000+00:00,2019-07-05 09:00:16.620000+00:00,2019-07-05 08:39:31.440000+00:00,2019-07-05 08:39:31.440000+00:00,15.09511111111111,50,0.4,3.66,20852713,0.6694459826083246,1.05,24,ok,985,0.7111683115239203,0.6877095908383771,0.1706580494548925,0.451046551601977,1.1136646785884339,0.6626181269864568,1.05,23.0,highly_unreliable
mw64,6,exploratory_N50_step10,50,10,True,dynamic,0.01,1.5,1000,119,1190,1240,2019-07-05 08:30:35.750000+00:00,2019-07-05 09:09:57.930000+00:00,2019-07-05 08:48:57.900000+00:00,2019-07-05 08:48:57.900000+00:00,15.252461111111112,50,0.4,3.66,20852730,0.7558193793423328,1.05,26,ok,986,0.7370739829134121,0.7103978748524933,0.20062856145207394,0.43596807015980876,1.1763858995175671,0.7404178293577584,1.1,22.0,highly_unreliable
mw64,6,exploratory_N50_step10,50,10,True,dynamic,0.01,1.5,1000,120,1200,1250,2019-07-05 08:35:25.700000+00:00,2019-07-05 09:18:57.960000+00:00,2019-07-05 08:57:38.860000+00:00,2019-07-05 08:57:38.860000+00:00,15.397172222222222,50,0.4,3.66,20852747,0.6597005053230629,1.05,27,ok,976,0.6573751475968374,0.6046786814505818,0.35590717907942426,0.4116566194832153,1.0507085155653675,0.6390518960821522,1.11,21.0,highly_unreliable
mw64,6,exploratory_N50_step10,50,10,True,dynamic,0.01,1.5,1000,121,1210,1260,2019-07-05 08:44:12.700000+00:00,2019-07-05 09:26:02.020000+00:00,2019-07-05 09:04:58.280000+00:00,2019-07-05 09:04:58.280000+00:00,15.519233333333332,50,0.4,3.66,20852764,0.5516870709753311,1.3,18,ok,970,0.6173368773491096,0.5845754551132787,0.1941626378418326,0.4114407611255535,0.982999855629983,0.5715590945044295,1.14,22.0,highly_unreliable
mw64,6,exploratory_N50_step10,50,10,True,dynamic,0.01,1.5,1000,122,1220,1270,2019-07-05 08:52:21.050000+00:00,2019-07-05 09:34:48.870000+00:00,2019-07-05 09:15:10.550000+00:00,2019-07-05 09:15:10.550000+00:00,15.689308333333335,50,0.64,3.66,20852781,0.6178760269672433,1.3,19,ok,969,0.6628353446620853,0.6323608004318436,0.23779262011994898,0.4454341426249989,1.0319940821600093,0.5865599395350104,1.17,22.0,highly_unreliable
mw64,6,exploratory_N50_step10,50,10,True,dynamic,0.01,1.5,1000,123,1230,1280,2019-07-05 09:00:43.600000+00:00,2019-07-05 09:41:52.130000+00:00,2019-07-05 09:23:36.900000+00:00,2019-07-05 09:23:36.900000+00:00,15.82996111111111,50,0.64,2.7,20852798,0.7697585052761126,0.8700000000000001,38,ok,964,0.8483998902786029,0.7299238741499423,0.43770829110247494,0.5336680399703568,2.141855230217305,1.608187190246948,1.17,20.0,exploratory
mw64,6,exploratory_N50_step10,50,10,True,dynamic,0.01,1.5,1000,124,1240,1290,2019-07-05 09:10:30.730000+00:00,2019-07-05 09:50:03.120000+00:00,2019-07-05 09:32:24.730000+00:00,2019-07-05 09:32:24.730000+00:00,15.976580555555556,50,0.61,2.7,20852815,0.7380853099491183,0.8700000000000001,38,ok,960,0.9014669480482513,0.7745285607440306,0.47881224455027166,0.5736320067528871,2.155337415877792,1.581705409124905,1.17,23.0,exploratory
mw64,6,exploratory_N50_step10,50,10,True,dynamic,0.01,1.5,1000,125,1250,1300,2019-07-05 09:19:45.530000+00:00,2019-07-05 09:56:33.630000+00:00,2019-07-05 09:39:56.860000+00:00,2019-07-05 09:39:56.860000+00:00,16.102172222222222,50,0.61,2.55,20852832,1.060169361556113,1.3,15,ok,988,1.4218517914942028,1.0010281949290603,3.689502401712246,0.7093218006480158,2.3269665061212446,1.6176447054732288,1.19,19.0,highly_unreliable
mw64,6,exploratory_N50_step10,50,10,True,dynamic,0.01,1.5,1000,126,1260,1310,2019-07-05 09:27:06.780000+00:00,2019-07-05 10:00:49.190000+00:00,2019-07-05 09:48:21.190000+00:00,2019-07-05 09:48:21.190000+00:00,16.24226388888889,50,0.61,2.55,20852849,1.1051346479480564,1.3,15,ok,988,1.1667963425835266,1.085393822100443,0.3653215145197457,0.6986120860666077,2.1135809648152093,1.4149688787486014,1.28,16.0,highly_unreliable
mw64,6,exploratory_N50_step10,50,10,True,dynamic,0.01,1.5,1000,127,1270,1320,2019-07-05 09:35:15.030000+00:00,2019-07-05 10:07:14.900000+00:00,2019-07-05 09:52:10.360000+00:00,2019-07-05 09:52:10.360000+00:00,16.30592222222222,50,0.37,2.55,20852866,1.0759290530004233,0.96,30,ok,983,1.189555284284935,1.0873030593961883,0.5199493664399032,0.7076238015441022,2.1942866197506015,1.4866628182064994,1.15,19.0,exploratory
mw64,6,exploratory_N50_step10,50,10,True,dynamic,0.01,1.5,1000,128,1280,1330,2019-07-05 09:43:25.240000+00:00,2019-07-05 10:13:54.310000+00:00,2019-07-05 09:59:29.520000+00:00,2019-07-05 09:59:29.520000+00:00,16.42791111111111,50,0.37,2.27,20852883,2.1060828581823774,1.3699999999999999,8,ok,970,2.040481828639504,1.6390416188169383,1.5414791230880605,0.839496836112102,5.611594197893131,4.77209736178103,1.28,12.0,highly_unreliable
mw64,6,exploratory_N50_step10,50,10,True,dynamic,0.01,1.5,1000,129,1290,1340,2019-07-05 09:50:16.790000+00:00,2019-07-05 10:23:14.290000+00:00,2019-07-05 10:04:25.830000+00:00,2019-07-05 10:04:25.830000+00:00,16.510219444444445,50,0.37,3.1,20852900,1.0661183067654327,1.09,21,ok,986,1.0080859305901948,0.9278263849034039,0.4672938584806156,0.47434922414205427,1.9979805177019387,1.5236312935598844,1.2,15.0,highly_unreliable
mw64,6,exploratory_N50_step10,50,10,True,dynamic,0.01,1.5,1000,130,1300,1350,2019-07-05 09:57:00.090000+00:00,2019-07-05 10:33:58.290000+00:00,2019-07-05 10:10:02.550000+00:00,2019-07-05 10:10:02.550000+00:00,16.60375277777778,50,0.37,3.1,20852917,0.7831217122350054,1.09,24,ok,986,0.7962142365606366,0.7531873217937946,0.23684776536091393,0.5076651670357436,1.2492350798948084,0.7415699128590648,1.2,18.0,highly_unreliable
mw64,6,exploratory_N50_step10,50,10,True,dynamic,0.01,1.5,1000,131,1310,1360,2019-07-05 10:01:30.050000+00:00,2019-07-05 10:44:10.630000+00:00,2019-07-05 10:17:42.440000+00:00,2019-07-05 10:17:42.440000+00:00,16.7315,50,0.23,3.1,20852934,0.7697728674621771,1.06,25,ok,977,0.8000272373897209,0.7417677874940931,0.30681708570678023,0.516053850704936,1.2887171993654185,0.7726633486604825,1.16,20.0,highly_unreliable
mw64,6,exploratory_N50_step10,50,10,True,dynamic,0.01,1.5,1000,132,1320,1370,2019-07-05 10:07:26.880000+00:00,2019-07-05 10:51:08.550000+00:00,2019-07-05 10:28:21.210000+00:00,2019-07-05 10:28:21.210000+00:00,16.90893611111111,50,0.23,3.1,20852951,0.7905464824063225,0.99,32,ok,982,0.827836449802029,0.7825337511956526,0.30888426025357596,0.5244425552549437,1.3484150159131258,0.8239724606581822,1.12,24.0,exploratory
mw64,6,exploratory_N50_step10,50,10,True,dynamic,0.01,1.5,1000,133,1330,1380,2019-07-05 10:14:37.020000+00:00,2019-07-05 10:58:46.430000+00:00,2019-07-05 10:37:36.220000+00:00,2019-07-05 10:37:36.220000+00:00,17.063105555555556,50,0.23,3.1,20852968,0.6743500845342687,0.99,31,ok,976,0.7349082432492767,0.6846645031203085,0.2636018106575732,0.48255547435766577,1.3311451063827615,0.8485896320250957,1.09,26.0,exploratory
mw64,6,exploratory_N50_step10,50,10,True,dynamic,0.01,1.5,1000,134,1340,1390,2019-07-05 10:25:36.360000+00:00,2019-07-05 11:14:17.360000+00:00,2019-07-05 10:47:10.850000+00:00,2019-07-05 10:47:10.850000+00:00,17.222725,50,0.23,3.0,20852985,0.7121624238569927,0.99,31,ok,980,0.7801794130717351,0.7334183426726631,0.2800944293918313,0.5066291141924253,1.2841819447177174,0.7775528305252921,1.01,27.0,exploratory
mw64,6,exploratory_N50_step10,50,10,True,dynamic,0.01,1.5,1000,135,1350,1400,2019-07-05 10:35:00.110000+00:00,2019-07-05 11:29:33.730000+00:00,2019-07-05 10:55:42.840000+00:00,2019-07-05 10:55:42.840000+00:00,17.364944444444447,50,0.23,3.0,20853002,0.7727054899557342,0.99,34,ok,926,0.8279823357854013,0.7968929671275373,0.21162494021357733,0.49273090163337624,1.3144156004627316,0.8216846988293554,1.09,29.0,exploratory
mw64,6,exploratory_N50_step10,50,10,True,dynamic,0.01,1.5,1000,136,1360,1410,2019-07-05 10:44:51.290000+00:00,2019-07-05 11:45:03.820000+00:00,2019-07-05 11:07:07.410000+00:00,2019-07-05 11:07:07.410000+00:00,17.55510277777778,50,0.55,3.0,20853019,0.7165424387674403,0.99,36,ok,935,0.8108497099474562,0.7553137890445906,0.24487688064005694,0.5459177402340032,1.3788284485633282,0.832910708329325,1.09,29.0,exploratory
mw64,6,exploratory_N50_step10,50,10,True,dynamic,0.01,1.5,1000,137,1370,1420,2019-07-05 10:52:04.220000+00:00,2019-07-05 11:56:40.450000+00:00,2019-07-05 11:24:45.490000+00:00,2019-07-05 11:24:45.490000+00:00,17.849013888888887,50,0.55,3.0,20853036,0.7524411227244104,1.01,41,ok,917,0.868929973675665,0.8035955596542018,0.9873649176687517,0.5413129285002165,1.359623605161117,0.8183106766609005,1.44,20.0,exploratory
mw64,6,exploratory_N50_step10,50,10,True,dynamic,0.01,1.5,1000,138,1380,1430,2019-07-05 11:03:09.570000+00:00,2019-07-05 12:08:23.960000+00:00,2019-07-05 11:40:11.890000+00:00,2019-07-05 11:40:11.890000+00:00,18.106347222222222,50,0.63,3.0,20853053,1.0157482195834635,1.31,31,ok,973,1.0671172091794037,0.927180737827446,1.2086649282949014,0.6051744278483837,1.8576795887563238,1.25250516090794,1.49,21.0,exploratory
mw64,6,exploratory_N50_step10,50,10,True,dynamic,0.01,1.5,1000,139,1390,1440,2019-07-05 11:21:23.180000+00:00,2019-07-05 12:18:36.010000+00:00,2019-07-05 11:52:33.620000+00:00,2019-07-05 11:52:33.620000+00:00,18.312383333333333,50,0.61,3.0,20853070,1.043495259435804,1.27,33,ok,980,1.104695107231972,1.0418715374956804,0.4029353409331116,0.6430776970245577,1.863474362878754,1.2203966658541963,1.52,19.0,exploratory
mw64,6,exploratory_N50_step10,50,10,True,dynamic,0.01,1.5,1000,140,1400,1450,2019-07-05 11:30:39.490000+00:00,2019-07-05 12:30:29.180000+00:00,2019-07-05 12:02:17.330000+00:00,2019-07-05 12:02:17.330000+00:00,18.474525,50,0.55,3.29,20853087,0.9227567000465012,1.27,30,ok,976,1.0140714902742287,0.9151283749334026,0.43693582716602614,0.5778365841722979,1.9134883884742162,1.3356518043019183,1.39,22.0,exploratory
mw64,6,exploratory_N50_step10,50,10,True,dynamic,0.01,1.5,1000,141,1410,1460,2019-07-05 11:46:35.160000+00:00,2019-07-05 12:43:13.030000+00:00,2019-07-05 12:13:52.630000+00:00,2019-07-05 12:13:52.630000+00:00,18.66766388888889,50,0.55,3.29,20853104,0.8314762239488086,1.27,30,ok,978,0.8704904737077723,0.8047105850141907,0.5941039288730644,0.49258881413091116,1.517775689167255,1.0251868750363438,1.45,22.0,exploratory
mw64,6,exploratory_N50_step10,50,10,True,dynamic,0.01,1.5,1000,142,1420,1470,2019-07-05 11:57:41.260000+00:00,2019-07-05 12:58:23.890000+00:00,2019-07-05 12:28:24.200000+00:00,2019-07-05 12:28:24.200000+00:00,18.909766666666666,50,0.55,3.29,20853121,0.7872623099885402,1.54,15,ok,961,0.8472878801231752,0.7774396865378557,0.5996177032843419,0.4547627750720661,1.429905231152808,0.9751424560807419,1.38,20.0,highly_unreliable
mw64,6,exploratory_N50_step10,50,10,True,dynamic,0.01,1.5,1000,143,1430,1480,2019-07-05 12:10:07.260000+00:00,2019-07-05 13:14:32.790000+00:00,2019-07-05 12:37:17.940000+00:00,2019-07-05 12:37:17.940000+00:00,19.058027777777777,50,0.55,3.29,20853138,0.6839424530305441,1.71,9,ok,984,0.8741767731834601,0.7609860215597167,0.7228723642149294,0.44151823163776033,1.836696289602886,1.3951780579651256,1.71,12.0,highly_unreliable
mw64,6,exploratory_N50_step10,50,10,True,dynamic,0.01,1.5,1000,144,1440,1490,2019-07-05 12:18:50.540000+00:00,2019-07-05 13:26:29.900000+00:00,2019-07-05 12:51:15.530000+00:00,2019-07-05 12:51:15.530000+00:00,19.290691666666667,50,0.55,3.29,20853155,0.6882782437984234,1.67,10,ok,986,0.849516522253813,0.7570429940504516,0.7248911428904871,0.432473729854034,1.80404112991458,1.371567400060546,1.67,11.0,highly_unreliable
mw64,6,exploratory_N50_step10,50,10,True,dynamic,0.01,1.5,1000,145,1450,1500,2019-07-05 12:32:10.190000+00:00,2019-07-05 13:33:20.720000+00:00,2019-07-05 13:07:26.760000+00:00,2019-07-05 13:07:26.760000+00:00,19.560477777777777,50,0.8,3.12,20853172,0.7326603631203391,1.67,9,ok,987,0.8704930819115172,0.8014178106605242,0.33250508953427643,0.4454341426249989,1.7811219021489049,1.335687759523906,1.67,10.0,highly_unreliable
mw64,6,exploratory_N50_step10,50,10,True,dynamic,0.01,1.5,1000,146,1460,1510,2019-07-05 12:48:03.810000+00:00,2019-07-05 13:42:44.860000+00:00,2019-07-05 13:19:25.020000+00:00,2019-07-05 13:19:25.020000+00:00,19.759994444444445,50,0.8,2.67,20853189,0.941596735221286,1.67,8,ok,986,1.083127484970548,0.975983728915624,0.38323745535257303,0.6240549863362713,2.0717340109225253,1.4476790245862539,1.67,11.0,highly_unreliable
mw64,6,exploratory_N50_step10,50,10,True,dynamic,0.01,1.5,1000,147,1470,1520,2019-07-05 12:59:57.930000+00:00,2019-07-05 13:57:12.870000+00:00,2019-07-05 13:31:23.290000+00:00,2019-07-05 13:31:23.290000+00:00,19.95951388888889,50,0.74,2.67,20853206,0.941596735221286,1.67,8,ok,991,1.0953873547756459,0.9942659637426783,0.38979559681890624,0.6331547720575603,2.120369970932199,1.4872151988746385,1.67,9.0,highly_unreliable
mw64,6,exploratory_N50_step10,50,10,True,dynamic,0.01,1.5,1000,148,1480,1530,2019-07-05 13:14:59.800000+00:00,2019-07-05 14:08:29.180000+00:00,2019-07-05 13:40:32.270000+00:00,2019-07-05 13:40:32.270000+00:00,20.112008333333332,50,0.74,2.67,20853223,1.3898609516558913,1.45,20,ok,992,1.1310271431964547,1.041437372696259,0.39542639072936475,0.6361656837804842,2.145888421605805,1.5097227378253208,1.45,17.0,highly_unreliable
mw64,6,exploratory_N50_step10,50,10,True,dynamic,0.01,1.5,1000,149,1490,1540,2019-07-05 13:27:57.060000+00:00,2019-07-05 14:24:41.990000+00:00,2019-07-05 13:53:02.850000+00:00,2019-07-05 13:53:02.850000+00:00,20.320502777777776,50,0.74,2.67,20853240,1.3247481878618026,1.45,14,ok,983,1.2095377273320893,1.1069137291689424,0.5618098431413732,0.5978026167207616,2.286288295950416,1.6884856792296543,1.325,17.0,highly_unreliable
mw64,6,exploratory_N50_step10,50,10,True,dynamic,0.01,1.5,1000,150,1500,1550,2019-07-05 13:36:06.610000+00:00,2019-07-05 14:34:04.800000+00:00,2019-07-05 14:02:36.360000+00:00,2019-07-05 14:02:36.360000+00:00,20.479811111111115,50,0.41,2.65,20853257,1.1507472021661376,1.01,33,ok,965,1.4428462491117808,1.226450204170132,1.4776935201505919,0.7125625473365381,3.365717726007009,2.653155178670471,1.23,19.0,exploratory
mw64,6,exploratory_N50_step10,50,10,True,dynamic,0.01,1.5,1000,151,1510,1560,2019-07-05 13:45:04.690000+00:00,2019-07-05 14:55:16.890000+00:00,2019-07-05 14:19:40.710000+00:00,2019-07-05 14:19:40.710000+00:00,20.764352777777777,50,0.41,2.18,20853274,1.2634912399191842,1.11,24,ok,983,1.487338315519183,1.3037961700612588,1.395029942386117,0.8954325780554877,3.0612264310985475,2.16579385304306,1.19,20.0,highly_unreliable
mw64,6,exploratory_N50_step10,50,10,True,dynamic,0.01,1.5,1000,152,1520,1570,2019-07-05 13:57:16.650000+00:00,2019-07-05 15:04:48.250000+00:00,2019-07-05 14:31:40.910000+00:00,2019-07-05 14:31:40.910000+00:00,20.96440833333333,50,0.41,2.87,20853291,0.9634481686639705,1.2,19,ok,975,1.1980909094070735,0.9908288660248986,1.6942734453294614,0.603161114416703,2.390527536320059,1.7873664219033563,1.2,17.0,highly_unreliable
mw64,6,exploratory_N50_step10,50,10,True,dynamic,0.01,1.5,1000,153,1530,1580,2019-07-05 14:09:33.680000+00:00,2019-07-05 15:22:18.650000+00:00,2019-07-05 14:47:21.380000+00:00,2019-07-05 14:47:21.380000+00:00,21.225649999999998,50,0.41,2.87,20853308,0.8715231898212008,1.8,6,ok,974,0.9702843210878466,0.8465133150100784,0.5222343287478082,0.5679649917592635,2.220634275786727,1.6526692840274633,1.3499999999999999,16.5,highly_unreliable
mw64,6,exploratory_N50_step10,50,10,True,dynamic,0.01,1.5,1000,154,1540,1590,2019-07-05 14:26:13.480000+00:00,2019-07-05 15:30:11.280000+00:00,2019-07-05 14:59:34.440000+00:00,2019-07-05 14:59:34.440000+00:00,21.429277777777777,50,0.41,2.87,20853325,0.78210669741067,0.97,33,ok,987,0.8920831297372332,0.7881396004201868,0.5006619118410394,0.574887887924425,1.9047545314910084,1.3298666435665834,0.97,29.0,exploratory
mw64,6,exploratory_N50_step10,50,10,True,dynamic,0.01,1.5,1000,155,1550,1600,2019-07-05 14:35:07.590000+00:00,2019-07-05 15:41:42.950000+00:00,2019-07-05 15:16:16.380000+00:00,2019-07-05 15:16:16.380000+00:00,21.707594444444442,50,0.61,2.87,20853342,0.7481349228687144,0.97,29,ok,985,0.8086829090824696,0.750262678525943,0.32230256561152915,0.5510141430695151,1.3723132168968846,0.8212990738273694,0.97,28.0,highly_unreliable
mw64,6,exploratory_N50_step10,50,10,True,dynamic,0.01,1.5,1000,156,1560,1610,2019-07-05 14:55:47.700000+00:00,2019-07-05 15:53:25.250000+00:00,2019-07-05 15:25:17.980000+00:00,2019-07-05 15:25:17.980000+00:00,21.85803888888889,50,0.61,3.06,20853359,0.7455882379591994,0.97,28,ok,982,0.8276546301996791,0.7543147828738518,0.48583308858102264,0.4843585315801996,1.569843617462554,1.0854850858823544,0.97,26.0,highly_unreliable
mw64,6,exploratory_N50_step10,50,10,True,dynamic,0.01,1.5,1000,157,1570,1620,2019-07-05 15:07:07.990000+00:00,2019-07-05 15:59:53.830000+00:00,2019-07-05 15:36:36.720000+00:00,2019-07-05 15:36:36.720000+00:00,22.046577777777777,50,0.61,3.06,20853376,0.7870720706721037,0.9299999999999999,25,ok,987,0.8772088913770767,0.8194478615271539,0.3548339036945365,0.46673081436573854,1.5783269960068167,1.1115961816410782,0.97,23.0,highly_unreliable
mw64,6,exploratory_N50_step10,50,10,True,dynamic,0.01,1.5,1000,158,1580,1630,2019-07-05 15:22:35.930000+00:00,2019-07-05 16:07:00.810000+00:00,2019-07-05 15:46:03.630000+00:00,2019-07-05 15:46:03.630000+00:00,22.204052777777775,50,0.61,3.06,20853393,0.8117890222179459,1.51,6,ok,981,1.0199661329528753,0.9564429195014422,0.36948238766290353,0.5591174763252055,1.8008936852771766,1.241776208951971,0.99,21.0,highly_unreliable
mw64,6,exploratory_N50_step10,50,10,True,dynamic,0.01,1.5,1000,159,1590,1640,2019-07-05 15:31:58.300000+00:00,2019-07-05 16:18:08.410000+00:00,2019-07-05 15:58:13.320000+00:00,2019-07-05 15:58:13.320000+00:00,22.406744444444445,50,0.62,3.06,20853410,1.1436004873112668,1.1,23,ok,982,1.0808767935525292,0.9983032528134962,0.46578337302281797,0.48797646180864973,1.9756249080948376,1.4876484462861879,1.1,23.0,highly_unreliable
mw64,6,exploratory_N50_step10,50,10,True,dynamic,0.01,1.5,1000,160,1600,1650,2019-07-05 15:42:01.410000+00:00,2019-07-05 16:27:21+00:00,2019-07-05 16:05:26.530000+00:00,2019-07-05 16:05:26.530000+00:00,22.527080555555557,50,0.66,3.06,20853427,0.8753518449169443,0.99,26,ok,987,0.9740537464826888,0.9330904432656166,0.2831053599268854,0.568105046882479,1.6285634845057286,1.0604584376232498,1.1,22.0,highly_unreliable
mw64,6,exploratory_N50_step10,50,10,True,dynamic,0.01,1.5,1000,161,1610,1660,2019-07-05 15:54:08.260000+00:00,2019-07-05 16:37:36.060000+00:00,2019-07-05 16:13:02.610000+00:00,2019-07-05 16:13:02.610000+00:00,22.653769444444446,50,0.66,2.29,20853444,1.1116004905461232,1.1300000000000001,21,ok,986,1.1665182352539532,1.0712103001338955,0.5268100553301502,0.7720996864703884,2.1533117890443645,1.381212102573976,1.11,22.0,highly_unreliable
mw64,6,exploratory_N50_step10,50,10,True,dynamic,0.01,1.5,1000,162,1620,1670,2019-07-05 16:01:53.860000+00:00,2019-07-05 16:46:23.990000+00:00,2019-07-05 16:24:10.790000+00:00,2019-07-05 16:24:10.790000+00:00,22.839375,50,0.61,2.29,20853461,1.09124957656828,1.1300000000000001,20,ok,975,1.1691915247349498,1.0976855984648888,0.3402458179994998,0.7891416605022322,1.9079048190092462,1.1187631585070141,1.1300000000000001,21.0,highly_unreliable
mw64,6,exploratory_N50_step10,50,10,True,dynamic,0.01,1.5,1000,163,1630,1680,2019-07-05 16:07:27.540000+00:00,2019-07-05 16:54:37.150000+00:00,2019-07-05 16:33:01.420000+00:00,2019-07-05 16:33:01.420000+00:00,22.986772222222225,50,0.61,2.33,20853478,1.0334973955979179,1.01,21,ok,986,1.119739222567214,1.0539827243427156,0.6027731286948449,0.7379221770595912,1.7424609697442592,1.004538792684668,1.03,19.0,highly_unreliable
mw64,6,exploratory_N50_step10,50,10,True,dynamic,0.01,1.5,1000,164,1640,1690,2019-07-05 16:19:32.200000+00:00,2019-07-05 17:03:48.480000+00:00,2019-07-05 16:44:20.640000+00:00,2019-07-05 16:44:20.640000+00:00,23.175444444444445,50,0.61,2.33,20853495,0.7336229881754617,1.1300000000000001,10,ok,999,0.9558937897484917,0.9048128977397113,0.29133501864422234,0.5658885139125303,1.6429173448638923,1.077028830951362,1.09,14.0,highly_unreliable
mw64,6,exploratory_N50_step10,50,10,True,dynamic,0.01,1.5,1000,165,1650,1700,2019-07-05 16:27:45.740000+00:00,2019-07-05 17:12:02.240000+00:00,2019-07-05 16:52:22.390000+00:00,2019-07-05 16:52:22.390000+00:00,23.30926388888889,50,0.52,2.33,20853512,1.4751041887214256,1.03,18,ok,988,1.2536496202271725,1.1639718777482075,0.5193137533217658,0.6624018711862227,2.2784190344608732,1.6160171632746505,1.05,13.0,highly_unreliable
mw64,6,exploratory_N50_step10,50,10,True,dynamic,0.01,1.5,1000,166,1660,1710,2019-07-05 16:38:41.160000+00:00,2019-07-05 17:22:04.800000+00:00,2019-07-05 17:00:09.700000+00:00,2019-07-05 17:00:09.700000+00:00,23.439072222222222,50,0.4,2.33,20853529,1.5160159907667836,1.03,20,ok,985,1.3329062971006762,1.1787421398741904,1.2761094807158737,0.6613337293841753,2.427824602232439,1.7664908728482636,1.07,13.0,highly_unreliable
mw64,6,exploratory_N50_step10,50,10,True,dynamic,0.01,1.5,1000,167,1670,1720,2019-07-05 16:47:33.170000+00:00,2019-07-05 17:33:37.800000+00:00,2019-07-05 17:09:02.720000+00:00,2019-07-05 17:09:02.720000+00:00,23.58713333333333,50,0.4,2.42,20853546,1.1192522063315382,1.01,23,ok,988,1.0845108188574815,0.9904928528048882,0.9996806198924513,0.6342528382273147,1.8075122232630194,1.1732593850357047,1.01,20.0,highly_unreliable
mw64,6,exploratory_N50_step10,50,10,True,dynamic,0.01,1.5,1000,168,1680,1730,2019-07-05 16:55:14.430000+00:00,2019-07-05 17:41:41+00:00,2019-07-05 17:17:22.400000+00:00,2019-07-05 17:17:22.400000+00:00,23.725933333333334,50,0.4,2.44,20853563,0.8013040633875205,1.24,10,ok,989,0.9953141731222827,0.9340026254143432,0.30685462206322933,0.5563570847407244,1.7075889379031497,1.1512318531624253,1.1,15.0,highly_unreliable
mw64,6,exploratory_N50_step10,50,10,True,dynamic,0.01,1.5,1000,169,1690,1740,2019-07-05 17:06:46.500000+00:00,2019-07-05 17:52:31.200000+00:00,2019-07-05 17:27:16.320000+00:00,2019-07-05 17:27:16.320000+00:00,23.890911111111112,50,0.4,2.44,20853580,1.1786886392225864,1.01,23,ok,993,1.0451010559237794,0.9938522534179796,0.2900539098720558,0.6130501637405591,1.7748847620879524,1.1618345983473932,1.01,21.0,highly_unreliable
mw64,6,exploratory_N50_step10,50,10,True,dynamic,0.01,1.5,1000,170,1700,1750,2019-07-05 17:12:18.440000+00:00,2019-07-05 18:03:29.300000+00:00,2019-07-05 17:38:54.040000+00:00,2019-07-05 17:38:54.040000+00:00,24.084722222222222,50,0.4,2.74,20853597,0.8427322979019919,1.01,28,ok,992,0.8390343538972334,0.7873308952592764,0.31713929969578675,0.57202817315056,1.3070893021655376,0.7350611290149777,1.01,26.0,highly_unreliable
mw64,6,exploratory_N50_step10,50,10,True,dynamic,0.01,1.5,1000,171,1710,1760,2019-07-05 17:23:16.360000+00:00,2019-07-05 18:11:54.480000+00:00,2019-07-05 17:46:19.040000+00:00,2019-07-05 17:46:19.040000+00:00,24.208333333333332,50,0.46,2.77,20853614,0.7390328335810611,1.01,30,ok,985,0.7679998171736865,0.7178584627123376,0.28374670476728997,0.5282082825368644,1.3057575977557063,0.777549315218842,1.01,27.0,exploratory
mw64,6,exploratory_N50_step10,50,10,True,dynamic,0.01,1.5,1000,172,1720,1770,2019-07-05 17:34:42.320000+00:00,2019-07-05 18:24:32.240000+00:00,2019-07-05 17:57:12.280000+00:00,2019-07-05 17:57:12.280000+00:00,24.38978888888889,50,0.46,2.77,20853631,0.7058028829070558,0.9099999999999999,30,ok,992,0.7845053119242104,0.7405636403138434,0.2711402553016619,0.5332069746861561,1.2609805809510883,0.7277736062649323,0.95,27.0,exploratory
mw64,6,exploratory_N50_step10,50,10,True,dynamic,0.01,1.5,1000,173,1730,1780,2019-07-05 17:42:06.440000+00:00,2019-07-05 18:35:43.180000+00:00,2019-07-05 18:08:30.820000+00:00,2019-07-05 18:08:30.820000+00:00,24.57827222222222,50,0.46,2.77,20853648,0.6787953530151801,0.9099999999999999,27,ok,988,0.754459986244362,0.7134798277992149,0.195700956791056,0.5322493344269524,1.3067998917320873,0.7745505573051349,0.9299999999999999,26.0,highly_unreliable
mw64,6,exploratory_N50_step10,50,10,True,dynamic,0.01,1.5,1000,174,1740,1790,2019-07-05 17:52:42.620000+00:00,2019-07-05 18:47:44.480000+00:00,2019-07-05 18:19:34.040000+00:00,2019-07-05 18:19:34.040000+00:00,24.7625,50,0.41,2.83,20853665,0.5900554562691842,0.9099999999999999,29,ok,991,0.6458529814686031,0.613066234390562,0.16852887165891564,0.4649666923238429,1.0678006410094578,0.6028339486856149,0.9099999999999999,28.0,highly_unreliable
mw64,6,exploratory_N50_step10,50,10,True,dynamic,0.01,1.5,1000,175,1750,1800,2019-07-05 18:04:34.160000+00:00,2019-07-05 18:55:16.520000+00:00,2019-07-05 18:31:09+00:00,2019-07-05 18:31:09+00:00,24.955544444444445,50,0.41,2.83,20853682,0.694441533993155,0.9099999999999999,25,ok,987,0.7594831320410508,0.725681474206124,0.2753487501981714,0.5378864179827596,1.1629845691172234,0.6250981511344638,0.9099999999999999,24.0,highly_unreliable
mw64,6,exploratory_N50_step10,50,10,True,dynamic,0.01,1.5,1000,176,1760,1810,2019-07-05 18:13:43.720000+00:00,2019-07-05 19:04:39.140000+00:00,2019-07-05 18:42:08.640000+00:00,2019-07-05 18:42:08.640000+00:00,25.13877777777778,50,0.41,2.83,20853699,0.8884382623584318,0.9099999999999999,26,ok,993,0.9202999805808254,0.8881587279234472,0.19773609435905357,0.6111217112584101,1.413819836225745,0.802698124967335,0.9099999999999999,24.0,highly_unreliable
mw64,6,exploratory_N50_step10,50,10,True,dynamic,0.01,1.5,1000,177,1770,1820,2019-07-05 18:25:42.600000+00:00,2019-07-05 19:12:05.220000+00:00,2019-07-05 18:53:23.320000+00:00,2019-07-05 18:53:23.320000+00:00,25.32618888888889,50,0.41,2.83,20853716,0.9020490673896941,1.15,17,ok,990,0.9091849077609615,0.8647266051755061,0.25177447631169797,0.6009187755303194,1.4048060620560412,0.8038872865257218,1.09,20.0,highly_unreliable
mw64,6,exploratory_N50_step10,50,10,True,dynamic,0.01,1.5,1000,178,1780,1830,2019-07-05 18:37:48.040000+00:00,2019-07-05 19:25:49.640000+00:00,2019-07-05 19:00:48.320000+00:00,2019-07-05 19:00:48.320000+00:00,25.4498,50,0.39,2.83,20853733,0.8869494419989261,1.15,15,ok,995,0.9364726464327445,0.8762122666669513,0.3442679286147458,0.5578704244170518,1.6148305666814193,1.0569601422643675,1.09,17.0,highly_unreliable
mw64,6,exploratory_N50_step10,50,10,True,dynamic,0.01,1.5,1000,179,1790,1840,2019-07-05 18:49:57.880000+00:00,2019-07-05 19:35:00.160000+00:00,2019-07-05 19:08:13.720000+00:00,2019-07-05 19:08:13.720000+00:00,25.57352222222222,50,0.39,2.14,20853750,1.2750845605142636,1.09,16,ok,993,1.3964317717126902,1.3076520630218569,0.47597524848060024,0.8638025116210111,2.3481095849522897,1.4843070733312786,1.15,14.0,highly_unreliable
mw64,6,exploratory_N50_step10,50,10,True,dynamic,0.01,1.5,1000,180,1800,1850,2019-07-05 18:55:42.040000+00:00,2019-07-05 19:43:16.840000+00:00,2019-07-05 19:20:22.680000+00:00,2019-07-05 19:20:22.680000+00:00,25.77601111111111,50,0.39,2.14,20853767,1.1222704108748502,1.15,15,ok,991,1.1462970059329014,1.0937085827397077,0.2668221718785734,0.7923844944430641,1.7648365208157681,0.972452026372704,1.15,15.0,highly_unreliable
mw64,6,exploratory_N50_step10,50,10,True,dynamic,0.01,1.5,1000,181,1810,1860,2019-07-05 19:05:23.560000+00:00,2019-07-05 19:48:58.040000+00:00,2019-07-05 19:30:50.880000+00:00,2019-07-05 19:30:50.880000+00:00,25.95051111111111,50,0.39,2.14,20853784,1.0415234928539259,1.15,15,ok,982,1.103629483864079,1.0484899280114888,0.2863249501828964,0.7713349912322809,1.7616144284395538,0.990279437207273,1.15,16.0,highly_unreliable
mw64,6,exploratory_N50_step10,50,10,True,dynamic,0.01,1.5,1000,182,1820,1870,2019-07-05 19:14:00.120000+00:00,2019-07-05 19:58:00.760000+00:00,2019-07-05 19:40:40.320000+00:00,2019-07-05 19:40:40.320000+00:00,26.114244444444445,50,0.39,2.01,20853801,0.9561484016969615,1.15,13,ok,986,1.1517039021974185,1.033998277336704,1.3800641852739164,0.7619396870191972,1.6336368071158232,0.8716971200966259,1.15,14.0,highly_unreliable
mw64,6,exploratory_N50_step10,50,10,True,dynamic,0.01,1.5,1000,183,1830,1880,2019-07-05 19:26:17.840000+00:00,2019-07-05 20:06:01.040000+00:00,2019-07-05 19:47:34.120000+00:00,2019-07-05 19:47:34.120000+00:00,26.22918888888889,50,0.49,2.01,20853818,0.9240656734912641,1.15,14,ok,976,1.2194325931770826,1.0064860334199932,1.1725240548130076,0.7755136847241071,3.778856088939981,3.003342404215874,1.15,16.0,highly_unreliable
mw64,6,exploratory_N50_step10,50,10,True,dynamic,0.01,1.5,1000,184,1840,1890,2019-07-05 19:35:59.160000+00:00,2019-07-05 20:13:16.480000+00:00,2019-07-05 19:53:13.660000+00:00,2019-07-05 19:53:13.660000+00:00,26.323505555555553,50,0.49,2.7,20853835,0.7841036132280473,1.15,18,ok,995,0.9890999120011562,0.8454125166588314,0.6590687591480612,0.6149626364156066,2.682172355258516,2.0672097188429093,1.15,18.0,highly_unreliable
mw64,6,exploratory_N50_step10,50,10,True,dynamic,0.01,1.5,1000,185,1850,1900,2019-07-05 19:44:17.400000+00:00,2019-07-05 20:24:26.600000+00:00,2019-07-05 20:04:05.840000+00:00,2019-07-05 20:04:05.840000+00:00,26.50466666666667,50,0.4,2.7,20853852,1.0204157683648931,1.3,16,ok,989,1.0569404419112973,0.9500570651345316,0.7931890318269105,0.6593046927138844,2.059490810662018,1.4001861179481334,1.3,17.0,highly_unreliable
mw64,6,exploratory_N50_step10,50,10,True,dynamic,0.01,1.5,1000,186,1860,1910,2019-07-05 19:49:58.920000+00:00,2019-07-05 20:32:10.440000+00:00,2019-07-05 20:11:39.080000+00:00,2019-07-05 20:11:39.080000+00:00,26.630566666666663,50,0.4,2.7,20853869,1.0295672621662535,0.8200000000000001,37,ok,982,1.0700612503636957,0.9803903494044443,0.6849507452940874,0.6811448870135411,1.809822209279622,1.1286773222660806,1.06,20.0,exploratory
mw64,6,exploratory_N50_step10,50,10,True,dynamic,0.01,1.5,1000,187,1870,1920,2019-07-05 19:58:35.600000+00:00,2019-07-05 20:40:00.520000+00:00,2019-07-05 20:22:06.280000+00:00,2019-07-05 20:22:06.280000+00:00,26.80478888888889,50,0.4,2.7,20853886,0.9973302263669276,1.05,21,ok,971,1.0736372785704902,0.9962747578498117,0.6733122639295736,0.6583467037039872,1.7754668185957336,1.1171201148917465,1.06,19.0,highly_unreliable
mw64,6,exploratory_N50_step10,50,10,True,dynamic,0.01,1.5,1000,188,1880,1930,2019-07-05 20:07:30.440000+00:00,2019-07-05 20:51:18.420000+00:00,2019-07-05 20:30:19.140000+00:00,2019-07-05 20:30:19.140000+00:00,26.941694444444447,50,0.4,2.78,20853903,0.8176112494197892,1.03,21,ok,985,0.895795166910712,0.8509086509506649,0.2590351523509664,0.5826873550972886,1.4807256180079338,0.8980382629106451,1.05,20.0,highly_unreliable
mw64,6,exploratory_N50_step10,50,10,True,dynamic,0.01,1.5,1000,189,1890,1940,2019-07-05 20:14:21.720000+00:00,2019-07-05 21:03:11.680000+00:00,2019-07-05 20:36:40.800000+00:00,2019-07-05 20:36:40.800000+00:00,27.04771111111111,50,0.4,2.78,20853920,0.7783263546647956,1.03,20,ok,958,0.8396939487384725,0.7889634105718186,0.3613327713422475,0.49591034146000545,1.3279887320887318,0.8320783906287263,1.05,19.0,highly_unreliable
mw64,6,exploratory_N50_step10,50,10,True,dynamic,0.01,1.5,1000,190,1900,1950,2019-07-05 20:25:14.900000+00:00,2019-07-05 21:12:10.920000+00:00,2019-07-05 20:49:35.880000+00:00,2019-07-05 20:49:35.880000+00:00,27.26301111111111,50,0.42,2.78,20853937,0.7090679661353512,1.03,20,ok,978,0.7710613099296574,0.7288715320992771,0.30254810496597856,0.5131590551632131,1.1817383892729791,0.668579334109766,1.04,19.0,highly_unreliable
mw64,6,exploratory_N50_step10,50,10,True,dynamic,0.01,1.5,1000,191,1910,1960,2019-07-05 20:32:37+00:00,2019-07-05 21:21:19.640000+00:00,2019-07-05 20:56:56.040000+00:00,2019-07-05 20:56:56.040000+00:00,27.385277777777777,50,0.42,2.99,20853954,0.6715162496885564,0.7,40,ok,983,0.7370350348084471,0.6547276993722108,0.6214694131697985,0.45970879652994256,1.4918413349041493,1.0321325383742068,1.03,21.0,exploratory
mw64,6,exploratory_N50_step10,50,10,True,dynamic,0.01,1.5,1000,192,1920,1970,2019-07-05 20:41:42.320000+00:00,2019-07-05 21:29:00.840000+00:00,2019-07-05 21:08:58.600000+00:00,2019-07-05 21:08:58.600000+00:00,27.58598888888889,50,0.4,2.99,20853971,0.6220817172248383,0.7,35,ok,987,0.6669599909024404,0.6261820884770644,0.21742307685196138,0.45452688949985,1.1924718115254556,0.7379449220256056,0.8800000000000001,24.0,exploratory
mw64,6,exploratory_N50_step10,50,10,True,dynamic,0.01,1.5,1000,193,1930,1980,2019-07-05 20:51:38.080000+00:00,2019-07-05 21:38:40.360000+00:00,2019-07-05 21:18:16.880000+00:00,2019-07-05 21:18:16.880000+00:00,27.741066666666665,50,0.4,2.99,20853988,0.6193551039551194,0.7,37,ok,991,0.6988355575380588,0.6560464356768236,0.21829720638906952,0.4968737270078031,1.1158063341229683,0.6189326071151652,0.9299999999999999,27.0,exploratory
mw64,6,exploratory_N50_step10,50,10,True,dynamic,0.01,1.5,1000,194,1940,1990,2019-07-05 21:04:44.520000+00:00,2019-07-05 21:51:40.320000+00:00,2019-07-05 21:26:07.820000+00:00,2019-07-05 21:26:07.820000+00:00,27.871883333333333,50,0.4,2.99,20854005,0.638299308324507,0.7,37,ok,994,0.7455530726723817,0.687551798404768,0.3512709137303224,0.5129289075984599,1.2033404341666787,0.6904115265682188,0.8700000000000001,30.0,exploratory
mw64,6,exploratory_N50_step10,50,10,True,dynamic,0.01,1.5,1000,195,1950,2000,2019-07-05 21:15:45.480000+00:00,2019-07-05 21:59:28.360000+00:00,2019-07-05 21:34:33+00:00,2019-07-05 21:34:33+00:00,28.012211111111114,50,0.4,2.99,20854022,0.7644544690958109,0.8700000000000001,32,ok,991,0.798545664906232,0.7706889291535477,0.1888489715651938,0.560008203381731,1.233355627705233,0.6733474243235021,0.8700000000000001,30.0,exploratory
mw64,6,exploratory_N50_step10,50,10,True,dynamic,0.01,1.5,1000,196,1960,2010,2019-07-05 21:23:38.120000+00:00,2019-07-05 22:09:20.840000+00:00,2019-07-05 21:44:29.040000+00:00,2019-07-05 21:44:29.040000+00:00,28.177777777777777,50,0.4,2.98,20854039,0.7757443741686257,0.8700000000000001,35,ok,992,0.8061484788723009,0.7736199923133811,0.18071953374341368,0.5603877517998485,1.2239815283909727,0.6635937765911243,0.8700000000000001,30.0,exploratory
mw64,6,exploratory_N50_step10,50,10,True,dynamic,0.01,1.5,1000,197,1970,2020,2019-07-05 21:29:14.240000+00:00,2019-07-05 22:21:22.420000+00:00,2019-07-05 21:54:37.320000+00:00,2019-07-05 21:54:37.320000+00:00,28.346744444444443,50,0.55,2.98,20854056,0.7619396870191972,1.45,14,ok,989,0.8474182994243431,0.7724115164008982,0.508440698642136,0.5533541284640096,1.3122252118051114,0.7588710833411019,1.17,24.0,highly_unreliable
mw64,6,exploratory_N50_step10,50,10,True,dynamic,0.01,1.5,1000,198,1980,2030,2019-07-05 21:39:26.680000+00:00,2019-07-05 22:31:29.340000+00:00,2019-07-05 22:04:14.560000+00:00,2019-07-05 22:04:14.560000+00:00,28.50708888888889,50,0.55,2.98,20854073,0.7527680684282786,0.8600000000000001,36,ok,971,0.8328756354494866,0.7794128106467,0.24938511064045776,0.5672534222624966,1.4132778236836505,0.8460244014211539,1.08,25.0,exploratory
mw64,6,exploratory_N50_step10,50,10,True,dynamic,0.01,1.5,1000,199,1990,2040,2019-07-05 21:52:45.660000+00:00,2019-07-05 22:46:21.500000+00:00,2019-07-05 22:17:22.560000+00:00,2019-07-05 22:17:22.560000+00:00,28.72597777777778,50,0.38,2.98,20854090,0.8458053048418824,0.8500000000000001,32,ok,988,0.8259294160827052,0.7834189960211582,0.24000745281649707,0.5264239992357218,1.3481063094703158,0.821682310234594,1.1,20.0,exploratory
mw64,6,exploratory_N50_step10,50,10,True,dynamic,0.01,1.5,1000,200,2000,2050,2019-07-05 22:00:13.080000+00:00,2019-07-05 22:56:24.900000+00:00,2019-07-05 22:29:31.280000+00:00,2019-07-05 22:29:31.280000+00:00,28.9284,50,0.38,2.98,20854107,0.7898957144606967,0.8500000000000001,28,ok,986,0.8214850362477105,0.7862972649975382,0.2162516590008316,0.54233226110877,1.2397999340962655,0.6974676729874956,0.8500000000000001,25.0,highly_unreliable
mw64,6,exploratory_N50_step10,50,10,True,dynamic,0.01,1.5,1000,201,2010,2060,2019-07-05 22:10:22.360000+00:00,2019-07-05 23:10:55.640000+00:00,2019-07-05 22:37:54.520000+00:00,2019-07-05 22:37:54.520000+00:00,29.068188888888887,50,0.38,2.69,20854124,0.8641241739904865,0.8500000000000001,25,ok,991,0.8822915615027429,0.8188041094231692,0.9548346129790359,0.5544499542974302,1.3501075021237643,0.7956575478263341,0.8999999999999999,22.0,highly_unreliable
mw64,6,exploratory_N50_step10,50,10,True,dynamic,0.01,1.5,1000,202,2020,2070,2019-07-05 22:21:58.120000+00:00,2019-07-05 23:22:10.960000+00:00,2019-07-05 22:50:10.520000+00:00,2019-07-05 22:50:10.520000+00:00,29.27263333333333,50,0.38,2.69,20854141,0.8007259355065577,0.8500000000000001,23,ok,992,0.8128159285694229,0.7730197294613468,0.2019302186894371,0.5309553567145723,1.307164912283685,0.7762095555691128,0.8500000000000001,22.0,highly_unreliable
mw64,6,exploratory_N50_step10,50,10,True,dynamic,0.01,1.5,1000,203,2030,2080,2019-07-05 22:31:43.360000+00:00,2019-07-05 23:32:41.760000+00:00,2019-07-05 23:05:00.760000+00:00,2019-07-05 23:05:00.760000+00:00,29.519922222222224,50,0.38,2.69,20854158,0.8261285442600694,0.8500000000000001,28,ok,996,0.8231575726439619,0.7710358607723221,0.3160585050225357,0.55237105517947,1.293682323424437,0.741311268244967,0.8999999999999999,24.0,highly_unreliable
mw64,6,exploratory_N50_step10,50,10,True,dynamic,0.01,1.5,1000,204,2040,2090,2019-07-05 22:47:31.140000+00:00,2019-07-05 23:39:53.720000+00:00,2019-07-05 23:17:54.240000+00:00,2019-07-05 23:17:54.240000+00:00,29.734777777777776,50,0.49,2.69,20854175,1.027288458083967,1.25,18,ok,994,0.9396998522841588,0.864716725104053,0.2899685503826006,0.6145416675214213,1.6872026163265483,1.072660948805127,1.07,22.0,highly_unreliable
mw64,6,exploratory_N50_step10,50,10,True,dynamic,0.01,1.5,1000,205,2050,2100,2019-07-05 22:59:44.120000+00:00,2019-07-05 23:48:21.820000+00:00,2019-07-05 23:28:34.360000+00:00,2019-07-05 23:28:34.360000+00:00,29.91258888888889,50,0.52,2.69,20854192,0.7869343685536678,0.9099999999999999,29,ok,992,0.9397417282276906,0.8613160652032096,0.29754625568074206,0.6151062625036051,1.7099900432582844,1.0948837807546794,0.97,23.0,highly_unreliable
mw64,6,exploratory_N50_step10,50,10,True,dynamic,0.01,1.5,1000,206,2060,2110,2019-07-05 23:11:54.460000+00:00,2019-07-06 00:03:09.760000+00:00,2019-07-05 23:37:24.200000+00:00,2019-07-05 23:37:24.200000+00:00,30.05976666666667,50,0.49,2.43,20854209,0.7729286536909914,0.97,29,ok,986,0.8980143325614938,0.8064977204671504,0.48214255527278366,0.6101455819342323,1.5685796719964815,0.9584340900622492,0.97,26.0,highly_unreliable
mw64,6,exploratory_N50_step10,50,10,True,dynamic,0.01,1.5,1000,207,2070,2120,2019-07-05 23:23:10.560000+00:00,2019-07-06 00:21:01.630000+00:00,2019-07-05 23:44:26.640000+00:00,2019-07-05 23:44:26.640000+00:00,30.177111111111113,50,0.49,3.21,20854226,0.7701975919903314,0.94,36,ok,993,0.8205645224170284,0.7759540302239991,0.242684045642482,0.5616304081127699,1.2756282927440223,0.7139978846312525,1.07,27.0,exploratory
mw64,6,exploratory_N50_step10,50,10,True,dynamic,0.01,1.5,1000,208,2080,2130,2019-07-05 23:33:13.120000+00:00,2019-07-06 00:35:38.870000+00:00,2019-07-05 23:57:05.360000+00:00,2019-07-05 23:57:05.360000+00:00,30.387866666666667,50,0.49,3.21,20854243,0.8002493786824467,0.94,35,ok,985,0.8123592881671122,0.7825337511956526,0.20820091108873068,0.5375990804309967,1.2534778222592053,0.7158787418282087,0.97,30.0,exploratory
mw64,6,exploratory_N50_step10,50,10,True,dynamic,0.01,1.5,1000,209,2090,2140,2019-07-05 23:40:11.280000+00:00,2019-07-06 00:46:54.320000+00:00,2019-07-06 00:09:42.980000+00:00,2019-07-06 00:09:42.980000+00:00,30.59831666666667,50,0.49,3.21,20854260,0.859045067358229,0.94,35,ok,995,0.7958398439045337,0.7686828666290955,0.187993335471792,0.4935220794815226,1.25022419954606,0.7567021200645373,0.97,29.0,exploratory
mw64,6,exploratory_N50_step10,50,10,True,dynamic,0.01,1.5,1000,210,2100,2150,2019-07-05 23:48:54.780000+00:00,2019-07-06 01:01:21.870000+00:00,2019-07-06 00:30:27.060000+00:00,2019-07-06 00:30:27.060000+00:00,30.943894444444446,50,0.49,3.21,20854277,0.578682088603079,1.17,20,ok,991,0.701936347717059,0.6515190921520925,0.42860913084555713,0.4461788650702502,1.092887882852668,0.6467090177824178,1.17,21.0,highly_unreliable
mw64,6,exploratory_N50_step10,50,10,True,dynamic,0.01,1.5,1000,211,2110,2160,2019-07-06 00:04:22.800000+00:00,2019-07-06 01:17:06.040000+00:00,2019-07-06 00:44:43.040000+00:00,2019-07-06 00:44:43.040000+00:00,31.18166666666667,50,0.57,3.21,20854294,0.6434110005409903,1.17,21,ok,988,0.719643804180068,0.6860245865325629,0.31213034742492923,0.4614710118552364,1.1571715110570713,0.6957004992018349,1.17,19.0,highly_unreliable
mw64,6,exploratory_N50_step10,50,10,True,dynamic,0.01,1.5,1000,212,2120,2170,2019-07-06 00:21:01.670000+00:00,2019-07-06 01:30:32.610000+00:00,2019-07-06 00:55:13.640000+00:00,2019-07-06 00:55:13.640000+00:00,31.356833333333334,50,0.57,3.12,20854311,0.7553137890445906,1.17,18,ok,982,0.8751594555202498,0.8065573009361242,0.3588499643517931,0.5397379557390235,1.6186761093275253,1.0789381535885019,1.17,17.0,highly_unreliable
mw64,6,exploratory_N50_step10,50,10,True,dynamic,0.01,1.5,1000,213,2130,2180,2019-07-06 00:36:47.320000+00:00,2019-07-06 01:39:46.210000+00:00,2019-07-06 01:08:48.940000+00:00,2019-07-06 01:08:48.940000+00:00,31.583305555555555,50,0.57,3.12,20854328,0.7197369396775426,1.17,19,ok,987,0.8111607384431939,0.7547171446358354,0.3964044625153133,0.5208625242037471,1.3622080418389768,0.8413455176352297,1.17,18.0,highly_unreliable
mw64,6,exploratory_N50_step10,50,10,True,dynamic,0.01,1.5,1000,214,2140,2190,2019-07-06 00:48:45.580000+00:00,2019-07-06 01:46:57.880000+00:00,2019-07-06 01:21:46.090000+00:00,2019-07-06 01:21:46.090000+00:00,31.799180555555555,50,0.57,3.12,20854345,0.8803567970320226,1.8,6,ok,985,0.9338115519650685,0.8551785100188086,0.40798548965809145,0.5486364725988943,1.7936301989981616,1.2449937263992674,1.32,16.0,highly_unreliable
mw64,6,exploratory_N50_step10,50,10,True,dynamic,0.01,1.5,1000,215,2150,2200,2019-07-06 01:01:30.110000+00:00,2019-07-06 01:59:34.420000+00:00,2019-07-06 01:36:12.110000+00:00,2019-07-06 01:36:12.110000+00:00,32.03974166666667,50,0.47,2.77,20854362,0.8635379458523488,0.8999999999999999,34,ok,981,0.8717262510188102,0.8392425055299709,0.21221730384117593,0.6161106152334292,1.3293084829724051,0.7131978677389759,0.8999999999999999,30.0,exploratory
mw64,6,exploratory_N50_step10,50,10,True,dynamic,0.01,1.5,1000,216,2160,2210,2019-07-06 01:18:21.690000+00:00,2019-07-06 02:07:51.960000+00:00,2019-07-06 01:44:10+00:00,2019-07-06 01:44:10+00:00,32.17248888888889,50,0.47,2.77,20854379,0.9545317906230362,0.8800000000000001,32,ok,982,0.9975883469027346,0.9238786869968969,0.6444157263832221,0.6220815978829743,1.6248445696036216,1.0027629717206472,1.02,24.0,exploratory
mw64,6,exploratory_N50_step10,50,10,True,dynamic,0.01,1.5,1000,217,2170,2220,2019-07-06 01:31:53.470000+00:00,2019-07-06 02:22:27.710000+00:00,2019-07-06 01:52:41.750000+00:00,2019-07-06 01:52:41.750000+00:00,32.31464166666667,50,0.47,2.77,20854396,0.888393164257976,0.8800000000000001,31,ok,983,0.9691988561636291,0.9036060716189889,0.4733233593020155,0.5894073742009213,1.5929504270756438,1.0035430528747225,1.02,25.0,exploratory
mw64,6,exploratory_N50_step10,50,10,True,dynamic,0.01,1.5,1000,218,2180,2230,2019-07-06 01:41:12.960000+00:00,2019-07-06 02:36:12.270000+00:00,2019-07-06 02:05:20.400000+00:00,2019-07-06 02:05:20.400000+00:00,32.52537777777778,50,0.47,2.77,20854413,0.7988919751226523,1.04,22,ok,977,0.8902481584324744,0.808483116429152,0.6274354623479429,0.5555193657365756,1.366938550734867,0.8114191849982915,1.04,22.0,highly_unreliable
mw64,6,exploratory_N50_step10,50,10,True,dynamic,0.01,1.5,1000,219,2190,2240,2019-07-06 01:47:14.110000+00:00,2019-07-06 02:47:08.770000+00:00,2019-07-06 02:14:54.600000+00:00,2019-07-06 02:14:54.600000+00:00,32.68487777777778,50,0.47,2.77,20854430,0.7662170356453115,1.04,22,ok,984,0.8469574248345325,0.7463274563180458,0.8452637641032512,0.5031969752122555,1.3180346311916595,0.814837655979404,1.08,19.0,highly_unreliable
mw64,6,exploratory_N50_step10,50,10,True,dynamic,0.01,1.5,1000,220,2200,2250,2019-07-06 01:59:56.640000+00:00,2019-07-06 02:54:02.290000+00:00,2019-07-06 02:29:38.910000+00:00,2019-07-06 02:29:38.910000+00:00,32.93051944444444,50,0.48,2.54,20854447,0.8925159278556285,0.8600000000000001,30,ok,982,0.9290121726059153,0.8474307543704824,0.6040810109376314,0.5953416516624991,1.463687507957116,0.868345856294617,1.04,20.0,exploratory
mw64,6,exploratory_N50_step10,50,10,True,dynamic,0.01,1.5,1000,221,2210,2260,2019-07-06 02:08:14.340000+00:00,2019-07-06 03:04:57.420000+00:00,2019-07-06 02:44:06.210000+00:00,2019-07-06 02:44:06.210000+00:00,33.17143611111111,50,0.48,2.54,20854464,0.7819211672066703,0.9299999999999999,23,ok,991,0.8984713677799633,0.8368167988450889,0.36324931457929877,0.6025728530930496,1.3925246688245376,0.789951815731488,0.97,20.0,highly_unreliable
mw64,6,exploratory_N50_step10,50,10,True,dynamic,0.01,1.5,1000,222,2220,2270,2019-07-06 02:23:18.110000+00:00,2019-07-06 03:15:32.540000+00:00,2019-07-06 02:49:31.410000+00:00,2019-07-06 02:49:31.410000+00:00,33.26176944444444,50,0.48,2.48,20854481,0.9990976726151656,0.8600000000000001,32,ok,990,0.988480681320756,0.9309042003313159,0.33964351684317035,0.6653787670883049,1.6294008928891408,0.9640221258008359,1.06,21.0,exploratory
mw71,6,primary_N100_step20,100,20,False,dynamic,0.01,1.5,1000,0,0,100,2019-07-04 17:36:59.360000+00:00,2019-07-05 04:01:13.860000+00:00,2019-07-05 00:15:03.960000+00:00,2019-07-05 00:15:03.960000+00:00,6.687477777777778,100,0.46,4.74,20900707,0.48277790181713864,1.55,48,ok,995,0.512164183561988,0.4956077035481729,0.10266354658932565,0.3763945224615346,0.8301814834223717,0.45378696096083715,1.55,49.0,exploratory
mw71,6,primary_N100_step20,100,20,False,dynamic,0.01,1.5,1000,1,20,120,2019-07-04 22:11:30.600000+00:00,2019-07-05 05:52:02.580000+00:00,2019-07-05 01:23:52.770000+00:00,2019-07-05 01:23:52.770000+00:00,7.8343694444444445,100,0.35,4.74,20900724,0.5341437496776403,1.28,52,ok,998,0.5380527249792167,0.5261919865406313,0.09492546060903569,0.3938357845895215,0.7448752979377844,0.3510395133482629,1.38,46.0,usable_but_moderately_uncertain
mw71,6,primary_N100_step20,100,20,False,dynamic,0.01,1.5,1000,2,40,140,2019-07-04 23:42:33.600000+00:00,2019-07-05 07:29:30+00:00,2019-07-05 03:21:32.830000+00:00,2019-07-05 03:21:32.830000+00:00,9.795497222222222,100,0.35,4.1,20900741,0.5094848732489358,1.44,35,ok,999,0.5361451937090674,0.5271542741338436,0.08870803388645744,0.38581955730368134,0.7267854113162635,0.34096585401258217,1.28,41.0,exploratory
mw71,6,primary_N100_step20,100,20,False,dynamic,0.01,1.5,1000,3,60,160,2019-07-05 00:56:14.900000+00:00,2019-07-05 08:45:56.990000+00:00,2019-07-05 05:08:16.920000+00:00,2019-07-05 05:08:16.920000+00:00,11.574411111111111,100,0.35,4.1,20900758,0.6076934428964685,1.04,61,ok,999,0.6023161904087976,0.5903916356992868,0.09255485353745166,0.453391570677582,0.8042813529177866,0.35088978224020456,1.14,50.0,usable_but_moderately_uncertain
mw71,6,primary_N100_step20,100,20,False,dynamic,0.01,1.5,1000,4,80,180,2019-07-05 02:40:06.430000+00:00,2019-07-05 10:39:11.230000+00:00,2019-07-05 06:45:12.530000+00:00,2019-07-05 06:45:12.530000+00:00,13.189858333333333,100,0.34,4.1,20900775,0.6980773427209285,1.03,56,ok,995,0.6850567095122313,0.6699873575050428,0.12346694991147328,0.5053348225518159,0.9669261903941923,0.4615913678423763,1.04,49.0,usable_but_moderately_uncertain
mw71,6,primary_N100_step20,100,20,False,dynamic,0.01,1.5,1000,5,100,200,2019-07-05 04:04:03.450000+00:00,2019-07-05 11:16:11.470000+00:00,2019-07-05 08:06:55.800000+00:00,2019-07-05 08:06:55.800000+00:00,14.551877777777777,100,0.34,4.1,20900792,0.4971900570181364,0.8700000000000001,66,ok,998,0.5175131398480057,0.4998910406765412,0.12365910661818692,0.3962611477806887,0.7012690369082124,0.3050078891275237,1.03,56.0,usable_but_moderately_uncertain
mw71,6,primary_N100_step20,100,20,False,dynamic,0.01,1.5,1000,6,120,220,2019-07-05 06:03:51.440000+00:00,2019-07-05 11:29:14.570000+00:00,2019-07-05 09:38:46.470000+00:00,2019-07-05 09:38:46.470000+00:00,16.082619444444443,100,0.34,4.1,20900809,0.480647020314491,1.04,70,ok,994,0.5433004452569996,0.5026373298015054,0.2086369143511707,0.38537745865801565,0.8899399031872512,0.5045624445292356,1.18,59.0,usable_but_moderately_uncertain
mw71,6,primary_N100_step20,100,20,False,dynamic,0.01,1.5,1000,7,140,240,2019-07-05 07:30:50.670000+00:00,2019-07-05 11:40:27.070000+00:00,2019-07-05 11:10:50.470000+00:00,2019-07-05 11:10:50.470000+00:00,17.61706388888889,100,0.34,3.91,20900826,0.4375275249291947,0.8700000000000001,84,ok,993,0.6505452624795492,0.6090302889153942,0.27235837978573374,0.3810126006494484,1.3129631069118228,0.9319505062623744,1.73,47.0,usable_but_moderately_uncertain
mw71,6,primary_N100_step20,100,20,False,dynamic,0.01,1.5,1000,8,160,260,2019-07-05 08:49:29.570000+00:00,2019-07-05 11:54:06.710000+00:00,2019-07-05 11:22:48.810000+00:00,2019-07-05 11:22:48.810000+00:00,17.816602777777778,100,0.34,3.91,20900843,0.6381036424004355,1.47,57,ok,995,0.6457630682527963,0.6096151232496961,0.2616469996544118,0.4062987086838786,1.1281010409689083,0.7218023322850298,1.47,56.0,usable_but_moderately_uncertain
mw71,6,primary_N100_step20,100,20,False,dynamic,0.01,1.5,1000,9,180,280,2019-07-05 10:40:12.080000+00:00,2019-07-05 12:10:18.900000+00:00,2019-07-05 11:35:09+00:00,2019-07-05 11:35:09+00:00,18.022211111111112,100,0.67,3.91,20900860,0.6058330576578784,1.27,75,ok,998,0.6707869910560056,0.6417222508059139,0.21214630845788038,0.4649474050104092,1.139829901419613,0.6748824964092037,1.47,57.0,usable_but_moderately_uncertain
mw71,6,primary_N100_step20,100,20,False,dynamic,0.01,1.5,1000,10,200,300,2019-07-05 11:16:26.420000+00:00,2019-07-05 12:29:34.530000+00:00,2019-07-05 11:47:50.860000+00:00,2019-07-05 11:47:50.860000+00:00,18.23383888888889,100,0.68,3.42,20900877,0.8056379478791715,1.27,71,ok,998,0.8795268419247348,0.8560953825123578,0.1523488950252588,0.6590197402981106,1.2247084245803925,0.5656886842822819,1.43,55.0,usable_but_moderately_uncertain
mw71,6,primary_N100_step20,100,20,False,dynamic,0.01,1.5,1000,11,220,320,2019-07-05 11:30:22.840000+00:00,2019-07-05 12:46:18.610000+00:00,2019-07-05 12:00:43.800000+00:00,2019-07-05 12:00:43.800000+00:00,18.448544444444444,100,0.58,4.42,20900894,0.9038112614240517,1.43,47,ok,999,0.8807975184508697,0.8646375760248599,0.16259248947047325,0.5996822812917437,1.2351188349249318,0.6354365536331881,1.43,49.0,exploratory
mw71,6,primary_N100_step20,100,20,False,dynamic,0.01,1.5,1000,12,240,340,2019-07-05 11:40:39.180000+00:00,2019-07-05 13:04:01.930000+00:00,2019-07-05 12:15:23.200000+00:00,2019-07-05 12:15:23.200000+00:00,18.692822222222222,100,0.58,4.42,20900911,0.786622447267181,1.27,52,ok,997,0.7935984781783726,0.7802660725177358,0.17519927175229522,0.47371114897772165,1.1622382012935242,0.6885270523158025,1.27,49.0,usable_but_moderately_uncertain
mw71,6,primary_N100_step20,100,20,False,dynamic,0.01,1.5,1000,13,260,360,2019-07-05 11:54:14+00:00,2019-07-05 13:23:33.500000+00:00,2019-07-05 12:42:46.470000+00:00,2019-07-05 12:42:46.470000+00:00,19.14928611111111,100,0.58,4.42,20900928,0.7633294677698921,1.27,53,ok,996,0.7696292836812365,0.758396391739048,0.17754644925160637,0.4913762693688789,1.0711010139943742,0.5797247446254953,1.27,51.0,usable_but_moderately_uncertain
mw71,6,primary_N100_step20,100,20,False,dynamic,0.01,1.5,1000,14,280,380,2019-07-05 12:10:28.470000+00:00,2019-07-05 13:42:53.660000+00:00,2019-07-05 12:54:09.140000+00:00,2019-07-05 12:54:09.140000+00:00,19.33891666666667,100,0.54,4.42,20900945,0.7916538757175594,1.19,61,ok,996,0.7800508853529319,0.770077777784417,0.1505575195712944,0.484453508926082,1.0863391835055107,0.6018856745794288,1.27,52.0,usable_but_moderately_uncertain
mw71,6,primary_N100_step20,100,20,False,dynamic,0.01,1.5,1000,15,300,400,2019-07-05 12:31:41.550000+00:00,2019-07-05 14:07:09.330000+00:00,2019-07-05 13:10:57.270000+00:00,2019-07-05 13:10:57.270000+00:00,19.61895277777778,100,0.54,4.42,20900962,0.7261514815225285,1.19,55,ok,993,0.7334442711160211,0.7210367310873036,0.16297534216713605,0.4262555460034331,1.0505641475683851,0.624308601564952,1.27,48.0,usable_but_moderately_uncertain
mw71,6,primary_N100_step20,100,20,False,dynamic,0.01,1.5,1000,16,320,420,2019-07-05 12:46:42.100000+00:00,2019-07-05 14:34:27.560000+00:00,2019-07-05 13:33:46+00:00,2019-07-05 13:33:46+00:00,19.999155555555557,100,0.54,4.04,20900979,0.816674087118947,1.21,50,ok,995,0.8303258870123423,0.8200004552795813,0.14493755936148475,0.5945085590911026,1.1629149771952825,0.5684064181041799,1.21,49.0,usable_but_moderately_uncertain
mw71,6,primary_N100_step20,100,20,False,dynamic,0.01,1.5,1000,17,340,440,2019-07-05 13:04:26.380000+00:00,2019-07-05 14:49:16.950000+00:00,2019-07-05 13:54:55.200000+00:00,2019-07-05 13:54:55.200000+00:00,20.35171111111111,100,0.54,4.08,20900996,0.8459989083431505,1.21,49,ok,999,0.840028368287222,0.8301656349367316,0.14026080169130423,0.5921428002402934,1.1415889618329635,0.5494461615926701,1.21,49.0,exploratory
mw71,6,primary_N100_step20,100,20,False,dynamic,0.01,1.5,1000,18,360,460,2019-07-05 13:24:23.660000+00:00,2019-07-05 15:18:08.700000+00:00,2019-07-05 14:22:06.440000+00:00,2019-07-05 14:22:06.440000+00:00,20.80483333333333,100,0.43,4.08,20901013,0.8029789099673595,1.18,46,ok,997,0.8242700041896182,0.8071786996414098,0.14499874884427488,0.5938561896483499,1.1696088811119771,0.5757526914636273,1.18,45.0,exploratory
mw71,6,primary_N100_step20,100,20,False,dynamic,0.01,1.5,1000,19,380,480,2019-07-05 13:43:47.470000+00:00,2019-07-05 15:45:36.040000+00:00,2019-07-05 14:43:33.310000+00:00,2019-07-05 14:43:33.310000+00:00,21.16229722222222,100,0.43,4.08,20901030,0.7734585347400427,1.18,43,ok,997,0.7992776475375953,0.774917444826446,0.1704764582456712,0.574004660257769,1.1474465164293093,0.5734418561715403,1.18,44.0,exploratory
mw71,6,primary_N100_step20,100,20,False,dynamic,0.01,1.5,1000,20,400,500,2019-07-05 14:08:51.830000+00:00,2019-07-05 16:14:51.280000+00:00,2019-07-05 15:02:37.020000+00:00,2019-07-05 15:02:37.020000+00:00,21.479994444444444,100,0.43,4.08,20901047,0.8765215106238109,0.99,61,ok,991,0.8477427306827899,0.8250075425422815,0.2568719230394136,0.5465279210026409,1.2462869920094841,0.6997590710068432,1.07,45.0,usable_but_moderately_uncertain
mw71,6,primary_N100_step20,100,20,False,dynamic,0.01,1.5,1000,21,420,520,2019-07-05 14:35:41.820000+00:00,2019-07-05 16:46:15.230000+00:00,2019-07-05 15:29:25.510000+00:00,2019-07-05 15:29:25.510000+00:00,21.926797222222223,100,0.41,4.08,20901064,0.8395322172200852,0.99,56,ok,994,0.834682675129364,0.8157932178639005,0.16843859195161923,0.5595454155430328,1.1901159274600064,0.6305705119169736,1.065,48.0,usable_but_moderately_uncertain
mw71,6,primary_N100_step20,100,20,False,dynamic,0.01,1.5,1000,22,440,540,2019-07-05 14:49:31.600000+00:00,2019-07-05 17:14:23.800000+00:00,2019-07-05 16:00:23.400000+00:00,2019-07-05 16:00:23.400000+00:00,22.442877777777777,100,0.41,2.68,20901081,0.9274744445922957,0.99,55,ok,987,0.8886809845873279,0.867750110572575,0.16104467789025742,0.6595544559568111,1.2302773448408635,0.5707228888840524,0.99,52.0,usable_but_moderately_uncertain
mw71,6,primary_N100_step20,100,20,False,dynamic,0.01,1.5,1000,23,460,560,2019-07-05 15:21:21.640000+00:00,2019-07-05 17:43:57.620000+00:00,2019-07-05 16:36:08.990000+00:00,2019-07-05 16:36:08.990000+00:00,23.038875,100,0.41,2.5,20901098,0.9443357167456367,0.99,57,ok,988,0.9540068825934827,0.9291350575789541,0.22429037632617246,0.7186939152410126,1.329792268805031,0.6110983535640184,0.99,52.0,usable_but_moderately_uncertain
mw71,6,primary_N100_step20,100,20,False,dynamic,0.01,1.5,1000,24,480,580,2019-07-05 15:47:09.400000+00:00,2019-07-05 18:15:24.440000+00:00,2019-07-05 16:59:19.210000+00:00,2019-07-05 16:59:19.210000+00:00,23.425047222222222,100,0.41,3.68,20901115,0.8838578722715767,0.99,58,ok,992,0.8715622449238376,0.8521101881166737,0.18799698159322492,0.6091263280030728,1.2301115868418295,0.6209852588387568,1.03,47.0,usable_but_moderately_uncertain
mw71,6,primary_N100_step20,100,20,False,dynamic,0.01,1.5,1000,25,500,600,2019-07-05 16:18:29.040000+00:00,2019-07-05 18:41:23.720000+00:00,2019-07-05 17:25:46.400000+00:00,2019-07-05 17:25:46.400000+00:00,23.865933333333334,100,0.33,3.68,20901132,0.8662854562199326,0.99,52,ok,992,0.8615699853971939,0.8336751289890029,0.1624868170464445,0.6382361385918555,1.222029287530342,0.5837931489384866,1.0,46.0,usable_but_moderately_uncertain
mw71,6,primary_N100_step20,100,20,False,dynamic,0.01,1.5,1000,26,520,620,2019-07-05 16:49:02.930000+00:00,2019-07-05 19:19:38.180000+00:00,2019-07-05 17:59:55.980000+00:00,2019-07-05 17:59:55.980000+00:00,24.43526111111111,100,0.33,3.68,20901149,0.8164851130735516,0.74,78,ok,996,0.8841509350613268,0.8600171761917567,0.2806312250967153,0.6464118310747333,1.2362922156830287,0.5898803846082954,1.0,47.5,usable_but_moderately_uncertain
mw71,6,primary_N100_step20,100,20,False,dynamic,0.01,1.5,1000,27,540,640,2019-07-05 17:14:37.800000+00:00,2019-07-05 20:00:56.620000+00:00,2019-07-05 18:27:19.720000+00:00,2019-07-05 18:27:19.720000+00:00,24.891855555555555,100,0.33,3.68,20901166,0.8433167536862765,1.11,40,ok,997,0.8925527057691179,0.8671453095136433,0.23513650631126948,0.6214135558947762,1.281733421048456,0.6603198651536797,1.11,41.0,exploratory
mw71,6,primary_N100_step20,100,20,False,dynamic,0.01,1.5,1000,28,560,660,2019-07-05 17:44:35.760000+00:00,2019-07-05 20:50:37.480000+00:00,2019-07-05 19:07:07.600000+00:00,2019-07-05 19:07:07.600000+00:00,25.555155555555555,100,0.33,3.68,20901183,0.8381768698776542,1.11,38,ok,999,0.8796223082519101,0.8550370204394574,0.17165101598833943,0.631364994110599,1.265136685760113,0.633771691649514,1.11,39.0,exploratory
mw71,6,primary_N100_step20,100,20,False,dynamic,0.01,1.5,1000,29,580,680,2019-07-05 18:16:17.200000+00:00,2019-07-05 21:43:07.960000+00:00,2019-07-05 19:42:53.180000+00:00,2019-07-05 19:42:53.180000+00:00,26.15115,100,0.29,2.92,20901200,0.8610829425985258,0.8400000000000001,61,ok,998,0.8627583933392,0.8517342410608926,0.13326934804985446,0.6360810907548382,1.146946708086216,0.5108656173313777,0.94,47.5,usable_but_moderately_uncertain
mw71,6,primary_N100_step20,100,20,False,dynamic,0.01,1.5,1000,30,600,700,2019-07-05 18:48:13.560000+00:00,2019-07-05 22:25:19.080000+00:00,2019-07-05 20:24:04.720000+00:00,2019-07-05 20:24:04.720000+00:00,26.837688888888888,100,0.29,2.92,20901217,0.8677202170883475,0.94,58,ok,992,0.867516093318134,0.851890399695508,0.1413160237276059,0.6451614419948185,1.1620021608203912,0.5168407188255727,0.94,54.0,usable_but_moderately_uncertain
mw71,6,primary_N100_step20,100,20,False,dynamic,0.01,1.5,1000,31,620,720,2019-07-05 19:20:06.580000+00:00,2019-07-05 23:00:43.160000+00:00,2019-07-05 21:16:47.200000+00:00,2019-07-05 21:16:47.200000+00:00,27.716155555555556,100,0.29,3.17,20901234,0.6994946280187061,1.5999999999999999,17,ok,998,0.7638341876330601,0.7475549787153983,0.13852360514617618,0.542052269516424,1.0780577698144327,0.5360055002980086,1.23,39.0,highly_unreliable
mw71,6,primary_N100_step20,100,20,False,dynamic,0.01,1.5,1000,32,640,740,2019-07-05 20:01:59.480000+00:00,2019-07-05 23:50:33.040000+00:00,2019-07-05 22:14:44+00:00,2019-07-05 22:14:44+00:00,28.681933333333337,100,0.29,3.17,20901251,0.7100340417938981,1.5999999999999999,18,ok,1000,0.7644182589763977,0.7397821941664082,0.1970270705410154,0.5644288378345219,1.041168123372949,0.47673928553842715,1.135,43.0,highly_unreliable
mw71,6,primary_N100_step20,100,20,False,dynamic,0.01,1.5,1000,33,660,760,2019-07-05 20:58:28.600000+00:00,2019-07-06 00:19:29.030000+00:00,2019-07-05 22:50:52.560000+00:00,2019-07-05 22:50:52.560000+00:00,29.284311111111112,100,0.16,3.17,20901268,0.5905207545164811,1.5999999999999999,22,ok,994,0.6594025010230917,0.631523795815366,0.5649588007511929,0.470868653212792,0.8439697646798375,0.37310111146704555,1.24,39.0,highly_unreliable
mw71,6,primary_N100_step20,100,20,False,dynamic,0.01,1.5,1000,34,680,780,2019-07-05 21:45:30.200000+00:00,2019-07-06 00:52:08.210000+00:00,2019-07-05 23:19:07.740000+00:00,2019-07-05 23:19:07.740000+00:00,29.755194444444445,100,0.16,4.05,20901285,0.5189683799531813,1.41,27,ok,999,0.5960608980238535,0.5858670415833772,0.13373914283227029,0.42644983726721125,0.8113289879861697,0.38487915071895845,1.24,38.0,highly_unreliable
mw71,6,primary_N100_step20,100,20,False,dynamic,0.01,1.5,1000,35,700,800,2019-07-05 22:26:25.880000+00:00,2019-07-06 01:15:04.380000+00:00,2019-07-06 00:06:38.750000+00:00,2019-07-06 00:06:38.750000+00:00,30.54714166666667,100,0.16,4.05,20901302,0.6608430998900201,1.24,41,ok,998,0.636065994830032,0.6322556589575818,0.10626185736519696,0.4492579270115097,0.8677755595408975,0.4185176325293878,1.24,43.0,exploratory
mw71,6,primary_N100_step20,100,20,False,dynamic,0.01,1.5,1000,36,720,820,2019-07-05 23:01:58.840000+00:00,2019-07-06 02:06:04.520000+00:00,2019-07-06 00:38:03.300000+00:00,2019-07-06 00:38:03.300000+00:00,31.070627777777776,100,0.16,4.05,20901319,0.6703686294506538,1.24,35,ok,1000,0.66624961799153,0.6536290522728315,0.13250490997407938,0.4500371825249279,0.934618953152427,0.48458177062749913,1.22,37.0,exploratory
mw71,6,primary_N100_step20,100,20,False,dynamic,0.01,1.5,1000,37,740,840,2019-07-05 23:53:23.360000+00:00,2019-07-06 02:43:35.380000+00:00,2019-07-06 01:07:24.030000+00:00,2019-07-06 01:07:24.030000+00:00,31.559719444444447,100,0.16,4.05,20901336,0.7332302538927123,1.14,41,ok,996,0.7124104240364416,0.6968478732654064,0.13996425006126548,0.48028656949427856,1.0230535100501146,0.542766940555836,1.14,37.0,exploratory
mw71,6,exploratory_N50_step10,50,10,True,dynamic,0.01,1.5,1000,0,0,50,2019-07-04 17:36:59.360000+00:00,2019-07-05 00:05:00.980000+00:00,2019-07-04 22:39:04.380000+00:00,2019-07-04 22:39:04.380000+00:00,5.087594444444444,50,0.97,4.74,20900707,0.4643192605744432,1.55,29,ok,955,0.4854347776706402,0.45595640005503674,0.1358596498683319,0.31099116570927665,0.9082735219691169,0.5972823562598403,1.55,27.0,highly_unreliable
mw71,6,exploratory_N50_step10,50,10,True,dynamic,0.01,1.5,1000,1,10,60,2019-07-04 19:39:01.040000+00:00,2019-07-05 00:43:17.700000+00:00,2019-07-04 23:21:00.200000+00:00,2019-07-04 23:21:00.200000+00:00,5.786433333333333,50,0.69,4.74,20900724,0.516088381823747,1.55,23,ok,981,0.5348098972774621,0.5153192085106435,0.1245541354509811,0.35053436706922625,0.8415736941299812,0.4910393270607549,1.55,23.0,highly_unreliable
mw71,6,exploratory_N50_step10,50,10,True,dynamic,0.01,1.5,1000,2,20,70,2019-07-04 22:11:30.600000+00:00,2019-07-05 01:14:03.980000+00:00,2019-07-04 23:58:33.280000+00:00,2019-07-04 23:58:33.280000+00:00,6.412288888888889,50,0.69,4.74,20900741,0.44399607349014863,1.52,19,ok,981,0.5220371569728058,0.5032923329714458,0.1266854878865605,0.33080510875014635,0.8120930975871767,0.4812879888370304,1.52,21.0,highly_unreliable
mw71,6,exploratory_N50_step10,50,10,True,dynamic,0.01,1.5,1000,3,30,80,2019-07-04 23:04:57.760000+00:00,2019-07-05 02:31:35.980000+00:00,2019-07-05 00:33:19.300000+00:00,2019-07-05 00:33:19.300000+00:00,6.9917388888888885,50,0.46,4.05,20900758,0.4118862779429042,1.55,17,ok,974,0.5119827911482192,0.48934843031620406,0.14966169587345124,0.32735044648477996,0.8471623016927725,0.5198118552079926,1.55,19.0,highly_unreliable
mw71,6,exploratory_N50_step10,50,10,True,dynamic,0.01,1.5,1000,4,40,90,2019-07-04 23:42:33.600000+00:00,2019-07-05 03:10:40.140000+00:00,2019-07-05 01:07:30.360000+00:00,2019-07-05 01:07:30.360000+00:00,7.561477777777777,50,0.46,4.05,20900775,0.5222040654821917,1.28,27,ok,978,0.5163823893243534,0.4929474856024266,0.13201413250743171,0.32372783469850874,0.837454696601424,0.5137268619029153,1.44,21.0,highly_unreliable
mw71,6,exploratory_N50_step10,50,10,True,dynamic,0.01,1.5,1000,5,50,100,2019-07-05 00:15:03.960000+00:00,2019-07-05 04:01:13.860000+00:00,2019-07-05 02:04:30.830000+00:00,2019-07-05 02:04:30.830000+00:00,8.511608333333333,50,0.46,3.99,20900792,0.5453096527731639,1.28,28,ok,984,0.5895032756721753,0.549312940064963,0.1826521682149697,0.400522474831274,1.0390187760669072,0.6384963012356332,1.44,23.0,highly_unreliable
mw71,6,exploratory_N50_step10,50,10,True,dynamic,0.01,1.5,1000,6,60,110,2019-07-05 00:56:14.900000+00:00,2019-07-05 04:55:32.410000+00:00,2019-07-05 02:56:28.720000+00:00,2019-07-05 02:56:28.720000+00:00,9.377688888888889,50,0.35,3.4,20900809,0.6065663989662691,1.44,20,ok,990,0.6500496687084383,0.5928063519534834,0.2233316808867828,0.42585896209974244,1.2786146335631,0.8527556714633575,1.44,21.0,highly_unreliable
mw71,6,exploratory_N50_step10,50,10,True,dynamic,0.01,1.5,1000,7,70,120,2019-07-05 01:23:52.770000+00:00,2019-07-05 05:52:02.580000+00:00,2019-07-05 03:47:07.380000+00:00,2019-07-05 03:47:07.380000+00:00,10.22176111111111,50,0.35,3.43,20900826,0.5404186588630041,1.28,22,ok,980,0.5697664332522581,0.536147142245509,0.16586779561705928,0.39527915034133365,0.911353746804445,0.5160745964631114,1.28,22.0,highly_unreliable
mw71,6,exploratory_N50_step10,50,10,True,dynamic,0.01,1.5,1000,8,80,130,2019-07-05 02:40:06.430000+00:00,2019-07-05 06:38:34.790000+00:00,2019-07-05 04:25:29.750000+00:00,2019-07-05 04:25:29.750000+00:00,10.861308333333334,50,0.35,3.43,20900843,0.6303368734738675,1.44,15,ok,983,0.6915349222686702,0.6355642431180988,0.9524892290958907,0.4517788610803302,1.0632905430001967,0.6115116819198665,1.15,21.0,highly_unreliable
mw71,6,exploratory_N50_step10,50,10,True,dynamic,0.01,1.5,1000,9,90,140,2019-07-05 03:21:32.830000+00:00,2019-07-05 07:29:30+00:00,2019-07-05 05:30:43.970000+00:00,2019-07-05 05:30:43.970000+00:00,11.948591666666667,50,0.35,4.1,20900860,0.5930584033022848,1.03,26,ok,983,0.609146827589931,0.5794542023413661,0.16019559588156385,0.38515358266697103,0.924952370784384,0.5397987881174129,1.03,23.0,highly_unreliable
mw71,6,exploratory_N50_step10,50,10,True,dynamic,0.01,1.5,1000,10,100,150,2019-07-05 04:04:03.450000+00:00,2019-07-05 08:00:43.030000+00:00,2019-07-05 06:28:24.100000+00:00,2019-07-05 06:28:24.100000+00:00,12.909738888888889,50,0.35,4.1,20900877,0.6437925211804394,1.03,25,ok,993,0.6497961120104938,0.6186309302428651,0.20285568017454667,0.34704486577074295,1.090668628989123,0.74362376321838,1.03,23.0,highly_unreliable
mw71,6,exploratory_N50_step10,50,10,True,dynamic,0.01,1.5,1000,11,110,160,2019-07-05 05:08:16.920000+00:00,2019-07-05 08:45:56.990000+00:00,2019-07-05 07:21:25.060000+00:00,2019-07-05 07:21:25.060000+00:00,13.793338888888888,50,0.38,4.1,20900894,0.653788986186625,1.04,28,ok,989,0.6561695829810589,0.6211962862236954,0.20837816563061382,0.4007699235626711,1.1264420048286192,0.7256720812659481,1.04,26.0,highly_unreliable
mw71,6,exploratory_N50_step10,50,10,True,dynamic,0.01,1.5,1000,12,120,170,2019-07-05 06:03:51.440000+00:00,2019-07-05 09:37:43.970000+00:00,2019-07-05 07:37:48.220000+00:00,2019-07-05 07:37:48.220000+00:00,14.06643888888889,50,0.34,4.1,20900911,0.6953310263839719,1.04,25,ok,990,0.717772035738826,0.6714978732981018,0.28143384378223263,0.3940646042557487,1.2915714315267723,0.8975068272710236,1.04,24.0,highly_unreliable
mw71,6,exploratory_N50_step10,50,10,True,dynamic,0.01,1.5,1000,13,130,180,2019-07-05 06:45:12.530000+00:00,2019-07-05 10:39:11.230000+00:00,2019-07-05 08:38:40.760000+00:00,2019-07-05 08:38:40.760000+00:00,15.081033333333334,50,0.34,4.1,20900928,0.7701433918664178,1.04,28,ok,984,0.7602004720754387,0.701601744562841,0.4156349762300668,0.399590145986268,1.2876736537975175,0.8880835078112495,1.04,27.0,highly_unreliable
mw71,6,exploratory_N50_step10,50,10,True,dynamic,0.01,1.5,1000,14,140,190,2019-07-05 07:30:50.670000+00:00,2019-07-05 11:10:30.790000+00:00,2019-07-05 09:24:03.630000+00:00,2019-07-05 09:24:03.630000+00:00,15.83738611111111,50,0.34,3.91,20900945,0.5192049315743072,0.8700000000000001,34,ok,978,0.5517998223575339,0.5238312411381102,0.19960453314255266,0.35333925604014793,0.8893345495341088,0.5359952934939609,1.04,29.0,exploratory
mw71,6,exploratory_N50_step10,50,10,True,dynamic,0.01,1.5,1000,15,150,200,2019-07-05 08:06:55.800000+00:00,2019-07-05 11:16:11.470000+00:00,2019-07-05 10:10:54.510000+00:00,2019-07-05 10:10:54.510000+00:00,16.61818611111111,50,0.34,3.91,20900962,0.4074632989581754,0.8700000000000001,35,ok,980,0.5758177502724927,0.4494513092524116,1.0494474388044088,0.33508861482424773,1.326776669547642,0.9916880547233942,1.16,28.0,exploratory
mw71,6,exploratory_N50_step10,50,10,True,dynamic,0.01,1.5,1000,16,160,210,2019-07-05 08:49:29.570000+00:00,2019-07-05 11:22:38.510000+00:00,2019-07-05 11:05:37.640000+00:00,2019-07-05 11:05:37.640000+00:00,17.530166666666666,50,0.34,3.91,20900979,0.36776866811313685,0.8700000000000001,39,ok,971,0.6324968431367998,0.47190357077005085,0.4932918470710768,0.31345757372451605,1.5684561591274353,1.2549985854029193,1.47,25.0,exploratory
mw71,6,exploratory_N50_step10,50,10,True,dynamic,0.01,1.5,1000,17,170,220,2019-07-05 09:38:46.470000+00:00,2019-07-05 11:29:14.570000+00:00,2019-07-05 11:13:40.290000+00:00,2019-07-05 11:13:40.290000+00:00,17.664236111111112,50,0.44,3.91,20900996,0.7264354249581184,2.08,21,ok,979,0.7326546464118439,0.6530867158957755,0.5717511791106366,0.3265453763458542,1.6914931226781071,1.364947746332253,2.08,21.0,highly_unreliable
mw71,6,exploratory_N50_step10,50,10,True,dynamic,0.01,1.5,1000,18,180,230,2019-07-05 10:40:12.080000+00:00,2019-07-05 11:34:41.650000+00:00,2019-07-05 11:19:45.030000+00:00,2019-07-05 11:19:45.030000+00:00,17.765552777777778,50,0.67,3.91,20901013,0.7178584627123376,1.95,27,ok,973,0.7941462568963619,0.6771794836587077,0.6535158041179511,0.346846555532368,1.9362729949801005,1.5894264394477324,2.0100000000000002,23.0,highly_unreliable
mw71,6,exploratory_N50_step10,50,10,True,dynamic,0.01,1.5,1000,19,190,240,2019-07-05 11:10:50.470000+00:00,2019-07-05 11:40:27.070000+00:00,2019-07-05 11:26:24.910000+00:00,2019-07-05 11:26:24.910000+00:00,17.876630555555558,50,1.16,3.42,20901030,0.8113150956246753,1.73,32,ok,966,0.9690523754484202,0.8054099920732086,0.9458486552017203,0.5697884114865699,2.319909899375167,1.750121487888597,1.95,22.0,exploratory
mw71,6,exploratory_N50_step10,50,10,True,dynamic,0.01,1.5,1000,20,200,250,2019-07-05 11:16:26.420000+00:00,2019-07-05 11:45:30.890000+00:00,2019-07-05 11:33:04.810000+00:00,2019-07-05 11:33:04.810000+00:00,17.987713888888887,50,0.76,3.42,20901047,0.6721540148042522,1.22,44,ok,981,0.9018994702465197,0.8133093151552926,0.6158518584520577,0.5324603714732877,1.767123689228434,1.2346633177551465,1.73,24.0,exploratory
mw71,6,exploratory_N50_step10,50,10,True,dynamic,0.01,1.5,1000,21,210,260,2019-07-05 11:22:48.810000+00:00,2019-07-05 11:54:06.710000+00:00,2019-07-05 11:38:16.980000+00:00,2019-07-05 11:38:16.980000+00:00,18.074427777777778,50,0.68,3.42,20901064,0.8330582327479871,1.22,41,ok,985,0.9703582287589122,0.8872991596510917,0.6109642759207984,0.5277222983949014,1.7000115564406928,1.1722892580457915,1.54,24.0,exploratory
mw71,6,exploratory_N50_step10,50,10,True,dynamic,0.01,1.5,1000,22,220,270,2019-07-05 11:30:22.840000+00:00,2019-07-05 12:00:26.600000+00:00,2019-07-05 11:43:33.470000+00:00,2019-07-05 11:43:33.470000+00:00,18.162341666666666,50,0.68,3.42,20901081,1.1162388526517968,1.47,22,ok,990,1.1344742082550083,1.0339203586078036,0.6634991587279493,0.5672047367939032,2.234979283854075,1.667774547060172,1.47,21.0,highly_unreliable
mw71,6,exploratory_N50_step10,50,10,True,dynamic,0.01,1.5,1000,23,230,280,2019-07-05 11:35:09+00:00,2019-07-05 12:10:18.900000+00:00,2019-07-05 11:50:45.270000+00:00,2019-07-05 11:50:45.270000+00:00,18.28228611111111,50,0.68,3.42,20901098,1.059724277114637,1.27,31,ok,990,1.0687769861903185,1.0071047966682167,0.37356329048370324,0.599483834404532,1.902922576038421,1.3034387416338888,1.4,24.0,exploratory
mw71,6,exploratory_N50_step10,50,10,True,dynamic,0.01,1.5,1000,24,240,290,2019-07-05 11:40:39.180000+00:00,2019-07-05 12:14:34.610000+00:00,2019-07-05 11:56:02.010000+00:00,2019-07-05 11:56:02.010000+00:00,18.370269444444446,50,0.68,2.79,20901115,1.1972122079887833,1.27,27,ok,964,1.2849096694331676,1.1904662382978555,0.4394445282794587,0.7929065064370268,2.4524252876293797,1.6595187811923529,1.27,22.0,highly_unreliable
mw71,6,exploratory_N50_step10,50,10,True,dynamic,0.01,1.5,1000,25,250,300,2019-07-05 11:47:50.860000+00:00,2019-07-05 12:29:34.530000+00:00,2019-07-05 12:05:48.060000+00:00,2019-07-05 12:05:48.060000+00:00,18.533061111111113,50,0.68,2.79,20901132,1.0509098479671983,1.27,29,ok,997,1.1197058346429956,1.0665339081880214,0.2912522854317938,0.7135204874602595,1.8146491719385285,1.1011286844782688,1.27,26.0,highly_unreliable
mw71,6,exploratory_N50_step10,50,10,True,dynamic,0.01,1.5,1000,26,260,310,2019-07-05 11:54:14+00:00,2019-07-05 12:42:23.130000+00:00,2019-07-05 12:13:29.180000+00:00,2019-07-05 12:13:29.180000+00:00,18.66115,50,0.58,4.42,20901149,0.7659713223963134,1.27,30,ok,991,0.8043398979523031,0.7579502709510217,0.24099551259198998,0.4550121290355457,1.3531481719530642,0.8981360429175185,1.43,26.0,exploratory
mw71,6,exploratory_N50_step10,50,10,True,dynamic,0.01,1.5,1000,27,270,320,2019-07-05 12:00:43.800000+00:00,2019-07-05 12:46:18.610000+00:00,2019-07-05 12:24:24.280000+00:00,2019-07-05 12:24:24.280000+00:00,18.843122222222224,50,0.58,4.42,20901166,0.7604894040653518,1.43,23,ok,994,0.7542918217650797,0.7152093542675861,0.21952965343668132,0.4364237164555129,1.2594694982051968,0.8230457817496839,1.43,23.0,highly_unreliable
mw71,6,exploratory_N50_step10,50,10,True,dynamic,0.01,1.5,1000,28,280,330,2019-07-05 12:10:28.470000+00:00,2019-07-05 12:53:40.550000+00:00,2019-07-05 12:38:29.750000+00:00,2019-07-05 12:38:29.750000+00:00,19.077975000000002,50,0.58,4.42,20901183,0.7482157342456962,1.43,22,ok,965,0.7386786782401796,0.7088049470509915,0.2058630136011842,0.3934790594337535,1.1823174911238221,0.7888384316900686,1.43,22.0,highly_unreliable
mw71,6,exploratory_N50_step10,50,10,True,dynamic,0.01,1.5,1000,29,290,340,2019-07-05 12:15:23.200000+00:00,2019-07-05 13:04:01.930000+00:00,2019-07-05 12:45:27.210000+00:00,2019-07-05 12:45:27.210000+00:00,19.19393611111111,50,0.58,4.42,20901200,0.599587731450131,1.17,30,ok,954,0.6047897322354046,0.5773790045726798,0.4281994512151323,0.29658676567971964,0.9745341672950308,0.6779474016153112,1.3299999999999998,22.0,exploratory
mw71,6,exploratory_N50_step10,50,10,True,dynamic,0.01,1.5,1000,30,300,350,2019-07-05 12:31:41.550000+00:00,2019-07-05 13:10:41.970000+00:00,2019-07-05 12:50:00.110000+00:00,2019-07-05 12:50:00.110000+00:00,19.26974166666667,50,0.58,4.42,20901217,0.6229740781370303,1.17,28,ok,987,0.6448599825894387,0.6260209034638279,0.2079108977117875,0.3045536705602723,1.0824325648567905,0.7778788942965182,1.21,25.0,highly_unreliable
mw71,6,exploratory_N50_step10,50,10,True,dynamic,0.01,1.5,1000,31,310,360,2019-07-05 12:42:46.470000+00:00,2019-07-05 13:23:33.500000+00:00,2019-07-05 12:59:27.160000+00:00,2019-07-05 12:59:27.160000+00:00,19.427255555555554,50,0.69,4.04,20901234,0.6911994416330018,1.3599999999999999,18,ok,980,0.7700180075107292,0.7308350159367858,0.2361728047597083,0.434978112196941,1.3255160564491644,0.8905379442522234,1.3299999999999998,21.0,highly_unreliable
mw71,6,exploratory_N50_step10,50,10,True,dynamic,0.01,1.5,1000,32,320,370,2019-07-05 12:46:42.100000+00:00,2019-07-05 13:31:07.030000+00:00,2019-07-05 13:08:08.050000+00:00,2019-07-05 13:08:08.050000+00:00,19.57194722222222,50,0.54,4.04,20901251,0.7815278694295539,1.19,28,ok,990,0.8224629289694533,0.7931153075942223,0.2165940612350538,0.4732870604857316,1.3257039318413766,0.852416871355645,1.21,26.0,highly_unreliable
mw71,6,exploratory_N50_step10,50,10,True,dynamic,0.01,1.5,1000,33,330,380,2019-07-05 12:54:09.140000+00:00,2019-07-05 13:42:53.660000+00:00,2019-07-05 13:20:26.100000+00:00,2019-07-05 13:20:26.100000+00:00,19.77696111111111,50,0.54,4.04,20901268,0.8980384128624332,1.21,29,ok,982,0.9278420885040326,0.8803285371963188,0.3096128172097402,0.4479401455410593,1.6748031073834904,1.2268629618424312,1.27,26.0,highly_unreliable
mw71,6,exploratory_N50_step10,50,10,True,dynamic,0.01,1.5,1000,34,340,390,2019-07-05 13:04:26.380000+00:00,2019-07-05 13:54:29.890000+00:00,2019-07-05 13:27:04.370000+00:00,2019-07-05 13:27:04.370000+00:00,19.887591666666665,50,0.54,2.89,20901285,0.9789170610021339,1.21,30,ok,984,1.0206840750275172,0.9706951940588281,0.39204624933690946,0.6384104113924937,1.5972839292188055,0.9588735178263118,1.27,26.0,exploratory
mw71,6,exploratory_N50_step10,50,10,True,dynamic,0.01,1.5,1000,35,350,400,2019-07-05 13:10:57.270000+00:00,2019-07-05 14:07:09.330000+00:00,2019-07-05 13:37:24.870000+00:00,2019-07-05 13:37:24.870000+00:00,20.059952777777777,50,0.54,2.89,20901302,0.8557803635265387,1.18,28,ok,989,0.8999849597301085,0.8646109184621591,0.22692735698574823,0.5767774837847712,1.4494054065671997,0.8726279227824285,1.27,24.0,highly_unreliable
mw71,6,exploratory_N50_step10,50,10,True,dynamic,0.01,1.5,1000,36,360,410,2019-07-05 13:24:23.660000+00:00,2019-07-05 14:20:55.120000+00:00,2019-07-05 13:49:05.330000+00:00,2019-07-05 13:49:05.330000+00:00,20.254524999999997,50,0.54,2.77,20901319,0.8636450859196005,1.05,33,ok,988,0.9365582302490939,0.889266664455949,0.2572456671634598,0.6418325266703505,1.5471948541321743,0.9053623274618238,1.19,26.0,exploratory
mw71,6,exploratory_N50_step10,50,10,True,dynamic,0.01,1.5,1000,37,370,420,2019-07-05 13:33:46+00:00,2019-07-05 14:34:27.560000+00:00,2019-07-05 14:00:49.970000+00:00,2019-07-05 14:00:49.970000+00:00,20.45025833333333,50,0.67,2.77,20901336,0.850393987987014,1.25,21,ok,986,0.891656008674505,0.8556285130595419,0.24311805902161546,0.5973280367476884,1.3946132394286084,0.79728520268092,1.22,22.0,highly_unreliable
mw71,6,exploratory_N50_step10,50,10,True,dynamic,0.01,1.5,1000,38,380,430,2019-07-05 13:43:47.470000+00:00,2019-07-05 14:42:50.170000+00:00,2019-07-05 14:16:48.810000+00:00,2019-07-05 14:16:48.810000+00:00,20.71660277777778,50,0.67,4.08,20901353,0.6982864925936272,1.25,23,ok,983,0.7162598937142055,0.6962786122358722,0.18472106725306298,0.43381842471335536,1.0878014670601177,0.6539830423467623,1.22,24.0,highly_unreliable
mw71,6,exploratory_N50_step10,50,10,True,dynamic,0.01,1.5,1000,39,390,440,2019-07-05 13:54:55.200000+00:00,2019-07-05 14:49:16.950000+00:00,2019-07-05 14:28:52.310000+00:00,2019-07-05 14:28:52.310000+00:00,20.917575,50,0.6,4.08,20901370,0.6646601865013313,1.18,19,ok,977,0.7336794256364518,0.7096472957984075,0.21117336978284534,0.3982189733948873,1.2264231400000107,0.8282041666051234,1.18,20.0,highly_unreliable
mw71,6,exploratory_N50_step10,50,10,True,dynamic,0.01,1.5,1000,40,400,450,2019-07-05 14:08:51.830000+00:00,2019-07-05 15:02:07.010000+00:00,2019-07-05 14:39:33.250000+00:00,2019-07-05 14:39:33.250000+00:00,21.09561388888889,50,0.43,4.08,20901387,0.7580280932050778,0.8800000000000001,34,ok,977,0.8380433360699793,0.7825337511956526,0.32058855078637016,0.4317080956567865,1.4724065915709106,1.040698495914124,1.18,22.0,exploratory
mw71,6,exploratory_N50_step10,50,10,True,dynamic,0.01,1.5,1000,41,410,460,2019-07-05 14:22:06.440000+00:00,2019-07-05 15:18:08.700000+00:00,2019-07-05 14:46:29.840000+00:00,2019-07-05 14:46:29.840000+00:00,21.211333333333336,50,0.43,4.08,20901404,0.7375807844505377,0.8800000000000001,34,ok,976,0.799809377282823,0.7485870791721446,0.3284514573169351,0.42370529432546294,1.4802741941629134,1.0565688998374505,1.18,21.0,exploratory
mw71,6,exploratory_N50_step10,50,10,True,dynamic,0.01,1.5,1000,42,420,470,2019-07-05 14:35:41.820000+00:00,2019-07-05 15:29:01.780000+00:00,2019-07-05 14:57:03.290000+00:00,2019-07-05 14:57:03.290000+00:00,21.387291666666666,50,0.43,4.08,20901421,0.8104716409917416,1.18,23,ok,978,0.8251937457343514,0.7528348452721135,0.4055758569648686,0.38680436486416303,1.62300386893359,1.236199504069427,1.18,22.0,highly_unreliable
mw71,6,exploratory_N50_step10,50,10,True,dynamic,0.01,1.5,1000,43,430,480,2019-07-05 14:43:33.310000+00:00,2019-07-05 15:45:36.040000+00:00,2019-07-05 15:09:25.720000+00:00,2019-07-05 15:09:25.720000+00:00,21.59352222222222,50,0.43,2.68,20901438,0.8428621069429054,0.79,36,ok,975,0.9614969174212814,0.9026004818073788,0.2772918244646705,0.6534692916069215,1.616378516789833,0.9629092251829116,0.985,25.0,exploratory
mw71,6,exploratory_N50_step10,50,10,True,dynamic,0.01,1.5,1000,44,440,490,2019-07-05 14:49:31.600000+00:00,2019-07-05 15:57:16+00:00,2019-07-05 15:25:29.500000+00:00,2019-07-05 15:25:29.500000+00:00,21.86123888888889,50,0.43,2.68,20901455,0.8030327067560995,0.79,36,ok,984,1.0003261675535169,0.9025089705884606,0.5992124884957388,0.6567710194524596,1.6538043746803244,0.9970333552278647,0.99,25.0,exploratory
mw71,6,exploratory_N50_step10,50,10,True,dynamic,0.01,1.5,1000,45,450,500,2019-07-05 15:02:37.020000+00:00,2019-07-05 16:14:51.280000+00:00,2019-07-05 15:34:16.630000+00:00,2019-07-05 15:34:16.630000+00:00,22.00766388888889,50,0.53,2.68,20901472,0.9458692897086459,1.44,12,ok,984,0.935240190887215,0.8715231898212008,0.3041459018448294,0.6035917915797439,1.6042560122632468,1.000664220683503,1.24,19.0,highly_unreliable
mw71,6,exploratory_N50_step10,50,10,True,dynamic,0.01,1.5,1000,46,460,510,2019-07-05 15:21:21.640000+00:00,2019-07-05 16:34:32.330000+00:00,2019-07-05 15:50:03.960000+00:00,2019-07-05 15:50:03.960000+00:00,22.27081111111111,50,0.53,2.48,20901489,1.136150239062618,1.44,11,ok,985,1.1126639626220678,1.0286944266006708,0.3678435390296828,0.7161226987699297,2.0266544712055334,1.3105317724356036,1.23,16.0,highly_unreliable
mw71,6,exploratory_N50_step10,50,10,True,dynamic,0.01,1.5,1000,47,470,520,2019-07-05 15:29:25.510000+00:00,2019-07-05 16:46:15.230000+00:00,2019-07-05 16:11:16.530000+00:00,2019-07-05 16:11:16.530000+00:00,22.62430277777778,50,0.41,2.5,20901506,0.9659642460726318,0.99,26,ok,991,0.9626304208502937,0.907690749026369,0.4095225097317619,0.5698866301486581,1.497476641487664,0.9275900113390058,0.99,21.0,highly_unreliable
mw71,6,exploratory_N50_step10,50,10,True,dynamic,0.01,1.5,1000,48,480,530,2019-07-05 15:47:09.400000+00:00,2019-07-05 16:58:54.920000+00:00,2019-07-05 16:28:45.600000+00:00,2019-07-05 16:28:45.600000+00:00,22.91571111111111,50,0.41,2.5,20901523,0.8557803635265387,1.44,8,ok,991,1.0066462800775093,0.9340026254143432,0.7056420117028819,0.5665495346331062,1.641161576267308,1.0746120416342018,1.1,18.0,highly_unreliable
mw71,6,exploratory_N50_step10,50,10,True,dynamic,0.01,1.5,1000,49,490,540,2019-07-05 16:00:23.400000+00:00,2019-07-05 17:14:23.800000+00:00,2019-07-05 16:41:58.120000+00:00,2019-07-05 16:41:58.120000+00:00,23.135855555555555,50,0.41,2.5,20901540,0.8180625742687686,0.74,39,ok,939,0.8452606261196174,0.8098966303053894,0.22750902539361756,0.5056534146138159,1.3563226884122523,0.8506692737984365,1.1,20.0,exploratory
mw71,6,exploratory_N50_step10,50,10,True,dynamic,0.01,1.5,1000,50,500,550,2019-07-05 16:18:29.040000+00:00,2019-07-05 17:24:44.880000+00:00,2019-07-05 16:54:22.850000+00:00,2019-07-05 16:54:22.850000+00:00,23.342724999999998,50,0.41,2.5,20901557,0.8182289774757591,0.74,38,ok,980,0.9211671939102339,0.8575407635251312,0.3230573934949982,0.6114413870213021,1.541373806527708,0.9299324195064059,0.99,25.0,exploratory
mw71,6,exploratory_N50_step10,50,10,True,dynamic,0.01,1.5,1000,51,510,560,2019-07-05 16:36:08.990000+00:00,2019-07-05 17:43:57.620000+00:00,2019-07-05 17:09:35.720000+00:00,2019-07-05 17:09:35.720000+00:00,23.5963,50,0.41,2.5,20901574,0.7570017264620781,0.74,39,ok,986,0.9669951048418901,0.8190967490922054,1.5297788698460368,0.5976676213387156,1.3562334205983426,0.758565799259627,1.0,27.0,exploratory
mw71,6,exploratory_N50_step10,50,10,True,dynamic,0.01,1.5,1000,52,520,570,2019-07-05 16:49:02.930000+00:00,2019-07-05 17:53:50.740000+00:00,2019-07-05 17:19:16.800000+00:00,2019-07-05 17:19:16.800000+00:00,23.75771111111111,50,0.54,2.48,20901591,0.8207083484938316,0.74,43,ok,975,1.0107438523707215,0.9012919717683963,1.0506293836165033,0.6704254642255231,1.734615176036962,1.064189711811439,1.0,28.0,exploratory
mw71,6,exploratory_N50_step10,50,10,True,dynamic,0.01,1.5,1000,53,530,580,2019-07-05 16:59:19.210000+00:00,2019-07-05 18:15:24.440000+00:00,2019-07-05 17:33:56.840000+00:00,2019-07-05 17:33:56.840000+00:00,24.002166666666668,50,0.53,3.68,20901608,0.6995716996092205,0.74,43,ok,982,0.8269224851348033,0.7578190218313636,0.9675912937362041,0.5241632302826975,1.2415367960545922,0.7173735657718947,1.0,30.0,exploratory
mw71,6,exploratory_N50_step10,50,10,True,dynamic,0.01,1.5,1000,54,540,590,2019-07-05 17:14:37.800000+00:00,2019-07-05 18:27:08.760000+00:00,2019-07-05 17:49:14.640000+00:00,2019-07-05 17:49:14.640000+00:00,24.25711111111111,50,0.44,3.68,20901625,0.7701975919903314,1.0,27,ok,968,0.825266565768254,0.7717769120870617,0.287342501833982,0.4853172148380607,1.5213489798296984,1.0360317649916377,1.09,23.0,highly_unreliable
mw71,6,exploratory_N50_step10,50,10,True,dynamic,0.01,1.5,1000,55,550,600,2019-07-05 17:25:46.400000+00:00,2019-07-05 18:41:23.720000+00:00,2019-07-05 18:13:06.580000+00:00,2019-07-05 18:13:06.580000+00:00,24.65487222222222,50,0.33,3.68,20901642,0.8650556875020458,1.26,17,ok,978,0.8606565673914871,0.7989891363391806,0.2922903010374762,0.5082053453931215,1.7216734708512282,1.2134681254581068,1.14,19.0,highly_unreliable
mw71,6,exploratory_N50_step10,50,10,True,dynamic,0.01,1.5,1000,56,560,610,2019-07-05 17:44:35.760000+00:00,2019-07-05 19:03:48.960000+00:00,2019-07-05 18:20:24.320000+00:00,2019-07-05 18:20:24.320000+00:00,24.776466666666668,50,0.33,3.68,20901659,0.7288102842784617,1.26,11,ok,986,0.8838116811593245,0.8355519205228079,0.30470152617563806,0.4447516473678505,1.5967974887956504,1.1520458414277999,1.11,17.0,highly_unreliable
mw71,6,exploratory_N50_step10,50,10,True,dynamic,0.01,1.5,1000,57,570,620,2019-07-05 17:59:55.980000+00:00,2019-07-05 19:19:38.180000+00:00,2019-07-05 18:31:42.800000+00:00,2019-07-05 18:31:42.800000+00:00,24.96493333333333,50,0.33,3.68,20901676,0.8682963058475713,0.9099999999999999,27,ok,988,0.8423612333155109,0.8069794969886145,0.30115679754053265,0.41743304759970545,1.4248886148133681,1.0074555672136627,1.04,21.0,highly_unreliable
mw71,6,exploratory_N50_step10,50,10,True,dynamic,0.01,1.5,1000,58,580,630,2019-07-05 18:16:17.200000+00:00,2019-07-05 19:42:29.960000+00:00,2019-07-05 19:00:12.840000+00:00,2019-07-05 19:00:12.840000+00:00,25.439944444444446,50,0.33,2.29,20901693,1.1911776796027593,0.9099999999999999,26,ok,979,1.2666075498866705,1.1302759388430268,1.3729929167320254,0.7385604099765973,2.0937368548240816,1.3551764448474843,0.9099999999999999,23.0,highly_unreliable
mw71,6,exploratory_N50_step10,50,10,True,dynamic,0.01,1.5,1000,59,590,640,2019-07-05 18:27:19.720000+00:00,2019-07-05 20:00:56.620000+00:00,2019-07-05 19:15:14.800000+00:00,2019-07-05 19:15:14.800000+00:00,25.690488888888886,50,0.33,2.85,20901710,0.9477754981093671,0.79,37,ok,977,1.0226551729044093,0.9641018137153636,0.37869270707552705,0.6024553602012269,1.7068388179491596,1.1043834577479328,1.04,22.0,exploratory
mw71,6,exploratory_N50_step10,50,10,True,dynamic,0.01,1.5,1000,60,600,650,2019-07-05 18:48:13.560000+00:00,2019-07-05 20:23:40.440000+00:00,2019-07-05 19:35:33.800000+00:00,2019-07-05 19:35:33.800000+00:00,26.0291,50,0.37,2.85,20901727,1.1033918038403747,0.9099999999999999,29,ok,975,1.164817629791392,1.0573234319598885,0.6558877726216705,0.6025515260898505,2.2156482450329085,1.613096718943058,1.08,20.0,highly_unreliable
mw71,6,exploratory_N50_step10,50,10,True,dynamic,0.01,1.5,1000,61,610,660,2019-07-05 19:07:07.600000+00:00,2019-07-05 20:50:37.480000+00:00,2019-07-05 19:56:30.520000+00:00,2019-07-05 19:56:30.520000+00:00,26.37818888888889,50,0.37,2.85,20901744,0.8513158416558345,0.9099999999999999,31,ok,978,0.8968400153869749,0.8527544564016656,0.24367206668101277,0.5929010032548407,1.544269908687536,0.9513689054326953,1.01,24.0,exploratory
mw71,6,exploratory_N50_step10,50,10,True,dynamic,0.01,1.5,1000,62,620,670,2019-07-05 19:20:06.580000+00:00,2019-07-05 21:16:37.880000+00:00,2019-07-05 20:08:28.340000+00:00,2019-07-05 20:08:28.340000+00:00,26.577583333333333,50,0.29,2.92,20901761,0.7478810578626067,0.94,28,ok,974,0.7668738887856119,0.7374686676798379,0.1913787680060897,0.5190048330883118,1.2328629357169807,0.7138581026286689,1.09,21.0,highly_unreliable
mw71,6,exploratory_N50_step10,50,10,True,dynamic,0.01,1.5,1000,63,630,680,2019-07-05 19:42:53.180000+00:00,2019-07-05 21:43:07.960000+00:00,2019-07-05 20:40:43.280000+00:00,2019-07-05 20:40:43.280000+00:00,27.115066666666667,50,0.29,2.92,20901778,0.7072001278234523,0.8400000000000001,33,ok,981,0.7636960248354183,0.7198415878155544,0.2511998760207838,0.5164731465432046,1.202749898139936,0.6862767515967314,1.06,24.0,exploratory
mw71,6,exploratory_N50_step10,50,10,True,dynamic,0.01,1.5,1000,64,640,690,2019-07-05 20:01:59.480000+00:00,2019-07-05 22:14:00.600000+00:00,2019-07-05 21:08:39+00:00,2019-07-05 21:08:39+00:00,27.580544444444445,50,0.29,2.92,20901795,0.7585227430150155,0.8400000000000001,36,ok,980,0.8171032166565676,0.7509992749274267,0.3943073224070821,0.5330664674049072,1.3473605514410014,0.8142940840360943,1.09,23.0,exploratory
mw71,6,exploratory_N50_step10,50,10,True,dynamic,0.01,1.5,1000,65,650,700,2019-07-05 20:24:04.720000+00:00,2019-07-05 22:25:19.080000+00:00,2019-07-05 21:31:10+00:00,2019-07-05 21:31:10+00:00,27.955822222222224,50,0.29,2.92,20901812,0.7379693443823475,0.8400000000000001,36,ok,978,0.8221808957684208,0.761772659673784,0.3683629176566586,0.545268500624904,1.3631760289957866,0.8179075283708827,1.06,26.0,exploratory
mw71,6,exploratory_N50_step10,50,10,True,dynamic,0.01,1.5,1000,66,660,710,2019-07-05 20:58:28.600000+00:00,2019-07-05 22:47:02.520000+00:00,2019-07-05 22:03:10.120000+00:00,2019-07-05 22:03:10.120000+00:00,28.48918888888889,50,0.29,3.17,20901829,0.6182232250692644,1.5999999999999999,8,ok,990,0.7734221555322176,0.7271851354581282,0.34114694586635624,0.4263569944683301,1.4059062742981012,0.9795492798297711,1.085,20.0,highly_unreliable
mw71,6,exploratory_N50_step10,50,10,True,dynamic,0.01,1.5,1000,67,670,720,2019-07-05 21:16:47.200000+00:00,2019-07-05 23:00:43.160000+00:00,2019-07-05 22:19:28.800000+00:00,2019-07-05 22:19:28.800000+00:00,28.761044444444444,50,0.46,3.17,20901846,0.6863444578535022,1.5999999999999999,9,ok,990,0.755869694722295,0.7232277831449865,0.23578567596874522,0.49073344947442016,1.2292810941524541,0.7385476446780339,1.1300000000000001,22.0,highly_unreliable
mw71,6,exploratory_N50_step10,50,10,True,dynamic,0.01,1.5,1000,68,680,730,2019-07-05 21:45:30.200000+00:00,2019-07-05 23:17:26.320000+00:00,2019-07-05 22:38:23.160000+00:00,2019-07-05 22:38:23.160000+00:00,29.07614444444444,50,0.46,3.17,20901863,0.7235235428156377,0.81,38,ok,992,0.7773296119981506,0.7260697913148437,0.36419274537932617,0.49262684922721034,1.2548888414616692,0.7622619922344589,1.02,25.0,exploratory
mw71,6,exploratory_N50_step10,50,10,True,dynamic,0.01,1.5,1000,69,690,740,2019-07-05 22:14:44+00:00,2019-07-05 23:50:33.040000+00:00,2019-07-05 22:54:37.320000+00:00,2019-07-05 22:54:37.320000+00:00,29.346744444444443,50,0.45,3.17,20901880,0.7128088204544148,0.81,35,ok,988,0.764536556156752,0.7257383549588727,0.31973705885562687,0.48547917585005357,1.1709086357988325,0.6854294599487789,0.99,25.0,exploratory
mw71,6,exploratory_N50_step10,50,10,True,dynamic,0.01,1.5,1000,70,700,750,2019-07-05 22:26:25.880000+00:00,2019-07-06 00:06:12.160000+00:00,2019-07-05 23:12:32.640000+00:00,2019-07-05 23:12:32.640000+00:00,29.645444444444447,50,0.16,3.17,20901897,0.8017972015848142,1.24,18,ok,993,0.8054453303410843,0.7580895431162444,0.2881141779992783,0.48912781607602956,1.371437028746494,0.8823092126704646,1.22,19.0,highly_unreliable
mw71,6,exploratory_N50_step10,50,10,True,dynamic,0.01,1.5,1000,71,710,760,2019-07-05 22:50:52.560000+00:00,2019-07-06 00:19:29.030000+00:00,2019-07-05 23:35:10.320000+00:00,2019-07-05 23:35:10.320000+00:00,30.022577777777776,50,0.16,3.05,20901914,0.5870658351836949,1.24,23,ok,979,0.6868336780975647,0.5818386305281169,0.9720547999148091,0.42697858098479874,0.9475657411157971,0.5205871601309984,1.24,22.0,highly_unreliable
mw71,6,exploratory_N50_step10,50,10,True,dynamic,0.01,1.5,1000,72,720,770,2019-07-05 23:01:58.840000+00:00,2019-07-06 00:31:18.310000+00:00,2019-07-05 23:58:50.760000+00:00,2019-07-05 23:58:50.760000+00:00,30.417144444444446,50,0.16,3.05,20901931,0.6486968729172249,1.24,20,ok,986,0.6556912227473932,0.6158749080734962,0.4356558640619954,0.3913282899034516,1.0418008084009598,0.6504725184975082,1.24,19.0,highly_unreliable
mw71,6,exploratory_N50_step10,50,10,True,dynamic,0.01,1.5,1000,73,730,780,2019-07-05 23:19:07.740000+00:00,2019-07-06 00:52:08.210000+00:00,2019-07-06 00:15:38.810000+00:00,2019-07-06 00:15:38.810000+00:00,30.697158333333334,50,0.16,4.05,20901948,0.5300957483240045,1.24,21,ok,992,0.5698052599709549,0.518853789787354,0.7770090263130902,0.3540462177349259,0.8291612973099095,0.4751150795749836,1.24,19.0,highly_unreliable
mw71,6,exploratory_N50_step10,50,10,True,dynamic,0.01,1.5,1000,74,740,790,2019-07-05 23:53:23.360000+00:00,2019-07-06 01:07:06.600000+00:00,2019-07-06 00:28:21.980000+00:00,2019-07-06 00:28:21.980000+00:00,30.90915,50,0.16,4.05,20901965,0.5801226878950567,1.24,22,ok,997,0.586764238911705,0.5577966247753496,0.24453448164480812,0.3537572974811299,0.993240345119519,0.639483047638389,1.24,21.0,highly_unreliable
mw71,6,exploratory_N50_step10,50,10,True,dynamic,0.01,1.5,1000,75,750,800,2019-07-06 00:06:38.750000+00:00,2019-07-06 01:15:04.380000+00:00,2019-07-06 00:42:45.540000+00:00,2019-07-06 00:42:45.540000+00:00,31.14902777777778,50,0.4,4.05,20901982,0.4900412860466859,1.41,16,ok,979,0.5804206726289522,0.540435641316152,0.36774961289271973,0.3677452571931126,0.8844828215773626,0.51673756438425,1.16,23.0,highly_unreliable
mw71,6,exploratory_N50_step10,50,10,True,dynamic,0.01,1.5,1000,76,760,810,2019-07-06 00:22:19.950000+00:00,2019-07-06 01:34:41.900000+00:00,2019-07-06 00:57:31.880000+00:00,2019-07-06 00:57:31.880000+00:00,31.395233333333334,50,0.4,4.05,20901999,0.6937759067554153,1.41,10,ok,982,0.8524604306369791,0.7871137057223463,0.36704945692532603,0.3636234937517054,1.6956062699837224,1.331982776232017,1.1300000000000001,18.5,highly_unreliable
mw71,6,exploratory_N50_step10,50,10,True,dynamic,0.01,1.5,1000,77,770,820,2019-07-06 00:38:03.300000+00:00,2019-07-06 02:06:04.520000+00:00,2019-07-06 01:13:36.680000+00:00,2019-07-06 01:13:36.680000+00:00,31.663233333333334,50,0.4,4.05,20902016,0.7846760349889297,0.8400000000000001,32,ok,981,0.7651084022910425,0.7372670619241872,0.22792609084319443,0.422169159266351,1.2792163090096698,0.8570471497433187,1.02,24.0,exploratory
mw71,6,exploratory_N50_step10,50,10,True,dynamic,0.01,1.5,1000,78,780,830,2019-07-06 00:53:28.080000+00:00,2019-07-06 02:17:39.110000+00:00,2019-07-06 01:28:31.680000+00:00,2019-07-06 01:28:31.680000+00:00,31.911844444444444,50,0.4,2.32,20902033,1.1957040577554356,1.11,17,ok,976,1.2636413280609788,1.173840327124419,0.6724435223364001,0.8002926136154233,2.082881020947114,1.2825884073316907,1.07,19.0,highly_unreliable
mw71,6,exploratory_N50_step10,50,10,True,dynamic,0.01,1.5,1000,79,790,840,2019-07-06 01:07:24.030000+00:00,2019-07-06 02:43:35.380000+00:00,2019-07-06 01:51:48.550000+00:00,2019-07-06 01:51:48.550000+00:00,32.299863888888886,50,0.4,2.32,20902050,1.009129988357321,1.11,13,ok,982,1.1386571188429873,1.0799617408423274,0.44123304991462975,0.7520674117369323,1.7794814330630104,1.027414021326078,1.05,17.0,highly_unreliable
mw71,6,exploratory_N50_step10,50,10,True,dynamic,0.01,1.5,1000,80,800,850,2019-07-06 01:18:14.600000+00:00,2019-07-06 03:07:46.160000+00:00,2019-07-06 02:14:21.120000+00:00,2019-07-06 02:14:21.120000+00:00,32.675577777777775,50,0.47,2.99,20902067,0.8983340601156927,1.11,13,ok,986,1.0350662804433726,0.9740292696361375,0.4777875478762251,0.5497471911217744,1.7268384499190932,1.1770912587973188,0.95,19.0,highly_unreliable
mw64,7,primary_N100_step20,100,20,False,dynamic,0.01,1.5,1000,0,0,100,2019-07-04 17:35:51.840000+00:00,2019-07-04 18:36:50.500000+00:00,2019-07-04 18:06:15.960000+00:00,2019-07-04 18:06:15.960000+00:00,0.5408111111111111,100,1.33,4.68,20950707,0.5587596867890634,2.33,62,ok,996,0.6077247923989267,0.5577097381346641,0.20441691395013736,0.45840811864838793,1.2365213658075422,0.7781132471591543,2.33,60.0,usable_but_moderately_uncertain
mw64,7,primary_N100_step20,100,20,False,dynamic,0.01,1.5,1000,1,20,120,2019-07-04 17:50:13.640000+00:00,2019-07-04 18:49:31.580000+00:00,2019-07-04 18:18:18.200000+00:00,2019-07-04 18:18:18.200000+00:00,0.7414333333333333,100,1.33,4.89,20950724,0.7593775532648585,2.33,52,ok,1000,0.7673804450428754,0.7475750085227404,0.18830342348018,0.5854014422171808,1.0409139930023246,0.45551255078514374,2.33,54.0,usable_but_moderately_uncertain
mw64,7,primary_N100_step20,100,20,False,dynamic,0.01,1.5,1000,2,40,140,2019-07-04 18:02:25.200000+00:00,2019-07-04 19:01:28.160000+00:00,2019-07-04 18:30:20.680000+00:00,2019-07-04 18:30:20.680000+00:00,0.9421222222222222,100,1.33,4.89,20950741,0.629860989074917,2.13,73,ok,1000,0.6709292441380098,0.6419907289779379,0.20386458260020382,0.5143509734828277,1.0042117152690062,0.48986074178617856,2.29,63.0,usable_but_moderately_uncertain
mw64,7,primary_N100_step20,100,20,False,dynamic,0.01,1.5,1000,3,60,160,2019-07-04 18:11:49.640000+00:00,2019-07-04 19:14:00.400000+00:00,2019-07-04 18:44:24.860000+00:00,2019-07-04 18:44:24.860000+00:00,1.1766166666666666,100,1.11,4.89,20950758,0.6426431789474563,2.13,62,ok,995,0.6686175511409406,0.640455542270494,0.23689472133963418,0.4876179879527564,0.9352112735347621,0.4475932855820057,2.13,55.5,usable_but_moderately_uncertain
mw64,7,primary_N100_step20,100,20,False,dynamic,0.01,1.5,1000,4,80,180,2019-07-04 18:22:56.960000+00:00,2019-07-04 19:29:14.320000+00:00,2019-07-04 18:57:15.960000+00:00,2019-07-04 18:57:15.960000+00:00,1.3908111111111112,100,1.11,4.89,20950775,0.6428157789823881,2.13,64,ok,996,0.6710465540933533,0.6539321445709187,0.1689597472139061,0.44695206505276164,0.9635485597154965,0.5165964946627348,2.13,57.0,usable_but_moderately_uncertain
mw64,7,primary_N100_step20,100,20,False,dynamic,0.01,1.5,1000,5,100,200,2019-07-04 18:37:31.440000+00:00,2019-07-04 19:39:49.360000+00:00,2019-07-04 19:06:34.720000+00:00,2019-07-04 19:06:34.720000+00:00,1.5460222222222224,100,1.11,4.89,20950792,0.6047635972925038,2.0,67,ok,990,0.6627098764510669,0.6249160050208178,0.2430610397884736,0.42535235386805187,1.0846140652251377,0.6592617113570858,2.3400000000000003,47.0,usable_but_moderately_uncertain
mw64,7,primary_N100_step20,100,20,False,dynamic,0.01,1.5,1000,6,120,220,2019-07-04 18:49:52.420000+00:00,2019-07-04 19:54:16.920000+00:00,2019-07-04 19:23:46.600000+00:00,2019-07-04 19:23:46.600000+00:00,1.8326555555555557,100,1.11,4.88,20950809,0.4998952934973808,1.56,82,ok,997,0.6719415967536745,0.6023333173019189,0.27701109262380186,0.4480994336227936,1.3592421933477683,0.9111427597249747,1.99,57.0,usable_but_moderately_uncertain
mw64,7,primary_N100_step20,100,20,False,dynamic,0.01,1.5,1000,7,140,240,2019-07-04 19:01:45+00:00,2019-07-04 20:04:51.800000+00:00,2019-07-04 19:34:18.320000+00:00,2019-07-04 19:34:18.320000+00:00,2.0081333333333333,100,1.11,4.78,20950826,0.6125552634062161,1.56,80,ok,993,0.7232064269813835,0.6941066145197085,0.16654571988480968,0.49986111878854683,1.1186180848847083,0.6187569660961614,1.8649999999999998,55.0,usable_but_moderately_uncertain
mw64,7,primary_N100_step20,100,20,False,dynamic,0.01,1.5,1000,8,160,260,2019-07-04 19:14:28.240000+00:00,2019-07-04 20:23:58.100000+00:00,2019-07-04 19:48:25.680000+00:00,2019-07-04 19:48:25.680000+00:00,2.2435111111111112,100,1.26,4.78,20950843,0.6321719800278883,1.7,70,ok,999,0.6672226188775524,0.6426493142483363,0.12555585329968696,0.5030119376493447,0.9785695749584903,0.4755576373091456,1.9,54.0,usable_but_moderately_uncertain
mw64,7,primary_N100_step20,100,20,False,dynamic,0.01,1.5,1000,9,180,280,2019-07-04 19:29:27.200000+00:00,2019-07-04 20:35:20.800000+00:00,2019-07-04 19:59:06.600000+00:00,2019-07-04 19:59:06.600000+00:00,2.4215444444444443,100,1.16,4.32,20950860,0.7638851651263987,1.7,62,ok,1000,0.7209509680392674,0.7052379230820186,0.13039083792600373,0.5127693037049796,1.038984533509742,0.5262152298047624,1.81,49.0,usable_but_moderately_uncertain
mw64,7,primary_N100_step20,100,20,False,dynamic,0.01,1.5,1000,10,200,300,2019-07-04 19:40:28.940000+00:00,2019-07-04 20:48:10.360000+00:00,2019-07-04 20:12:36.280000+00:00,2019-07-04 20:12:36.280000+00:00,2.6464555555555553,100,0.84,4.32,20950877,0.7366390326612163,1.7,59,ok,997,0.6851402879379749,0.6698762348702314,0.12170911786206477,0.5045551060158491,0.9553310650854658,0.45077595906961676,1.77,50.0,usable_but_moderately_uncertain
mw64,7,primary_N100_step20,100,20,False,dynamic,0.01,1.5,1000,11,220,320,2019-07-04 19:54:39.040000+00:00,2019-07-04 20:58:57.520000+00:00,2019-07-04 20:28:40.980000+00:00,2019-07-04 20:28:40.980000+00:00,2.914427777777778,100,0.84,4.32,20950894,0.6769715327733465,2.14,26,ok,993,0.6831339279820681,0.6736500451588442,0.11364254790222782,0.4847688181024352,0.9389501369930525,0.4541813188906173,1.9,39.0,highly_unreliable
mw64,7,primary_N100_step20,100,20,False,dynamic,0.01,1.5,1000,12,240,340,2019-07-04 20:05:29.600000+00:00,2019-07-04 21:14:35.740000+00:00,2019-07-04 20:40:53.960000+00:00,2019-07-04 20:40:53.960000+00:00,3.1180333333333334,100,0.84,4.32,20950911,0.7710223741681351,1.48,70,ok,997,0.7800644576871381,0.7591145546524368,0.1559247850497746,0.5356453826561928,1.1322440525457733,0.5965986698895805,1.76,46.0,usable_but_moderately_uncertain
mw64,7,primary_N100_step20,100,20,False,dynamic,0.01,1.5,1000,13,260,360,2019-07-04 20:24:24.880000+00:00,2019-07-04 21:31:51.360000+00:00,2019-07-04 20:55:24.900000+00:00,2019-07-04 20:55:24.900000+00:00,3.359961111111111,100,0.84,3.58,20950928,0.823972904522662,1.48,67,ok,999,0.844661393496988,0.8145574332589062,0.31762217376698754,0.6143582288022553,1.166308571825293,0.5519503430230377,1.53,56.0,usable_but_moderately_uncertain
mw64,7,primary_N100_step20,100,20,False,dynamic,0.01,1.5,1000,14,280,380,2019-07-04 20:36:26.660000+00:00,2019-07-04 21:43:36.840000+00:00,2019-07-04 21:08:57.620000+00:00,2019-07-04 21:08:57.620000+00:00,3.5857166666666664,100,0.84,3.58,20950945,0.760004093556048,1.53,62,ok,996,0.806551995943103,0.7724916486254354,0.4404350014701874,0.5884507007760706,1.077002656019435,0.48855195524336437,1.69,49.0,usable_but_moderately_uncertain
mw64,7,primary_N100_step20,100,20,False,dynamic,0.01,1.5,1000,15,300,400,2019-07-04 20:48:23.860000+00:00,2019-07-04 21:55:42.200000+00:00,2019-07-04 21:25:27.960000+00:00,2019-07-04 21:25:27.960000+00:00,3.860811111111111,100,1.01,3.58,20950962,0.8201110634786289,1.88,35,ok,997,0.8100797638618165,0.7906433548864209,0.13265482423712274,0.6104428222128445,1.0990628522854178,0.48862003007257326,1.745,42.0,exploratory
mw64,7,primary_N100_step20,100,20,False,dynamic,0.01,1.5,1000,16,320,420,2019-07-04 20:59:29.200000+00:00,2019-07-04 22:07:00.920000+00:00,2019-07-04 21:38:44.400000+00:00,2019-07-04 21:38:44.400000+00:00,4.082044444444445,100,1.01,3.58,20950979,0.7238408923919296,1.88,34,ok,995,0.7428949869529756,0.7353852696585893,0.10519993711996364,0.5711860889712582,0.9705275407510858,0.3993414517798276,1.76,40.0,exploratory
mw64,7,primary_N100_step20,100,20,False,dynamic,0.01,1.5,1000,17,340,440,2019-07-04 21:14:42.600000+00:00,2019-07-04 22:27:41.960000+00:00,2019-07-04 21:49:32.340000+00:00,2019-07-04 21:49:32.340000+00:00,4.262027777777778,100,1.0,3.56,20950996,0.784958464728271,1.88,35,ok,999,0.7940034360636002,0.7724115164008982,0.14032507380766635,0.6016227523938268,1.1213059681472368,0.51968321575341,1.8,40.0,exploratory
mw64,7,primary_N100_step20,100,20,False,dynamic,0.01,1.5,1000,18,360,460,2019-07-04 21:34:41.400000+00:00,2019-07-04 22:41:27.880000+00:00,2019-07-04 22:00:37.980000+00:00,2019-07-04 22:00:37.980000+00:00,4.446927777777778,100,0.97,3.56,20951013,0.8204153899472358,1.88,32,ok,1000,0.8379848755614445,0.8173853117909863,0.20555177685936915,0.6089857090043707,1.169634176554329,0.5606484675499583,1.88,36.0,exploratory
mw64,7,primary_N100_step20,100,20,False,dynamic,0.01,1.5,1000,19,380,480,2019-07-04 21:43:51.380000+00:00,2019-07-04 23:00:33.760000+00:00,2019-07-04 22:17:35.600000+00:00,2019-07-04 22:17:35.600000+00:00,4.7296000000000005,100,0.97,3.56,20951030,0.7595984623107193,1.7,37,ok,999,0.8325181845898268,0.8041315333167983,0.16422069787509544,0.6198719066731357,1.2306648588723126,0.6107929521991768,1.7,38.0,exploratory
mw64,7,primary_N100_step20,100,20,False,dynamic,0.01,1.5,1000,20,400,500,2019-07-04 21:55:56.440000+00:00,2019-07-04 23:12:40.020000+00:00,2019-07-04 22:34:27.820000+00:00,2019-07-04 22:34:27.820000+00:00,5.010772222222222,100,0.97,3.6,20951047,0.7221434681400811,1.7,39,ok,998,0.7578617143991644,0.7374686676798379,0.1519653363097796,0.5697403536843497,1.0784860225102484,0.5087456688258987,1.68,42.0,exploratory
mw64,7,primary_N100_step20,100,20,False,dynamic,0.01,1.5,1000,21,420,520,2019-07-04 22:07:19.940000+00:00,2019-07-04 23:26:43.600000+00:00,2019-07-04 22:53:11.800000+00:00,2019-07-04 22:53:11.800000+00:00,5.322988888888888,100,0.67,3.6,20951064,0.8829991572031195,1.7,35,ok,999,0.905738014621082,0.8691007844790744,0.21297007887263503,0.6668122347641681,1.3541880910166482,0.6873758562524801,1.67,39.0,exploratory
mw64,7,primary_N100_step20,100,20,False,dynamic,0.01,1.5,1000,22,440,540,2019-07-04 22:27:51.080000+00:00,2019-07-04 23:43:41.440000+00:00,2019-07-04 23:07:10.460000+00:00,2019-07-04 23:07:10.460000+00:00,5.555949999999999,100,0.67,3.6,20951081,0.932918068664992,1.7,37,ok,1000,0.9221383761711652,0.8889544659438742,0.18714839386299542,0.6598077577462697,1.4206794275702117,0.760871669823942,1.5999999999999999,44.0,exploratory
mw64,7,primary_N100_step20,100,20,False,dynamic,0.01,1.5,1000,23,460,560,2019-07-04 22:42:21.520000+00:00,2019-07-04 23:59:20.920000+00:00,2019-07-04 23:22:19.420000+00:00,2019-07-04 23:22:19.420000+00:00,5.808438888888889,100,0.67,3.6,20951098,0.8057642669623507,1.3,70,ok,999,0.8877935025066793,0.8631917809803805,0.19397344786415213,0.6495205322714465,1.2703788017669773,0.6208582694955308,1.54,49.0,usable_but_moderately_uncertain
mw64,7,primary_N100_step20,100,20,False,dynamic,0.01,1.5,1000,24,480,580,2019-07-04 23:01:18.520000+00:00,2019-07-05 00:13:01.200000+00:00,2019-07-04 23:36:54.840000+00:00,2019-07-04 23:36:54.840000+00:00,6.051611111111111,100,0.67,3.6,20951115,0.9070627202174949,1.5799999999999998,42,ok,996,0.9064373152734794,0.8753318866133755,0.2037250301726508,0.6411447312025881,1.3819108293483027,0.7407660981457146,1.46,49.0,exploratory
mw64,7,primary_N100_step20,100,20,False,dynamic,0.01,1.5,1000,25,500,600,2019-07-04 23:14:58.600000+00:00,2019-07-05 00:28:48.650000+00:00,2019-07-04 23:51:56.780000+00:00,2019-07-04 23:51:56.780000+00:00,6.30215,100,0.38,3.42,20951132,0.8576744505363029,1.3,58,ok,999,0.92675534003887,0.8877279263194015,0.2545694231199168,0.6899651509333738,1.3861227849687807,0.6961576340354069,1.3399999999999999,52.0,usable_but_moderately_uncertain
mw64,7,primary_N100_step20,100,20,False,dynamic,0.01,1.5,1000,26,520,620,2019-07-04 23:26:54.880000+00:00,2019-07-05 00:43:46.830000+00:00,2019-07-05 00:05:59.810000+00:00,2019-07-05 00:05:59.810000+00:00,6.536325,100,0.38,4.36,20951149,0.7545846849794613,1.3,54,ok,999,0.7905448047929394,0.7683249881495443,0.14018862884087224,0.5898780320157967,1.117656937754047,0.5277789057382504,1.3599999999999999,49.0,usable_but_moderately_uncertain
mw64,7,primary_N100_step20,100,20,False,dynamic,0.01,1.5,1000,27,540,640,2019-07-04 23:43:54.920000+00:00,2019-07-05 01:02:34.030000+00:00,2019-07-05 00:23:44.090000+00:00,2019-07-05 00:23:44.090000+00:00,6.831958333333333,100,0.38,4.38,20951166,0.7530130458378885,1.12,74,ok,999,0.712835180874703,0.7009612534097651,0.14101898119628978,0.493761780460619,1.034427602139613,0.540665821678994,1.3399999999999999,45.0,usable_but_moderately_uncertain
mw64,7,primary_N100_step20,100,20,False,dynamic,0.01,1.5,1000,28,560,660,2019-07-05 00:01:01.510000+00:00,2019-07-05 01:15:03.010000+00:00,2019-07-05 00:36:17.620000+00:00,2019-07-05 00:36:17.620000+00:00,7.041272222222223,100,0.38,4.38,20951183,0.7184522519533223,1.43,40,ok,999,0.7300874336517006,0.7151717450158934,0.13707927475567783,0.5112351211828723,0.992328404997348,0.4810932838144757,1.3399999999999999,45.0,exploratory
mw64,7,primary_N100_step20,100,20,False,dynamic,0.01,1.5,1000,29,580,680,2019-07-05 00:13:20.300000+00:00,2019-07-05 01:30:01.900000+00:00,2019-07-05 00:56:04.430000+00:00,2019-07-05 00:56:04.430000+00:00,7.370941666666667,100,0.38,4.38,20951200,0.6647755211851413,1.1300000000000001,64,ok,999,0.6616599710105716,0.6495053487894431,0.159370272506255,0.47949301928920973,0.8726552537633976,0.39316223447418785,1.16,59.0,usable_but_moderately_uncertain
mw64,7,primary_N100_step20,100,20,False,dynamic,0.01,1.5,1000,30,600,700,2019-07-05 00:30:47.730000+00:00,2019-07-05 01:47:02.570000+00:00,2019-07-05 01:11:10.850000+00:00,2019-07-05 01:11:10.850000+00:00,7.622725,100,0.7,4.38,20951217,0.6922487451454362,1.16,63,ok,997,0.6998096427340863,0.6915961010677405,0.13336747706683239,0.4926935659769891,0.9533901352000962,0.4606965692231071,1.16,61.0,usable_but_moderately_uncertain
mw64,7,primary_N100_step20,100,20,False,dynamic,0.01,1.5,1000,31,620,720,2019-07-05 00:44:08.640000+00:00,2019-07-05 01:59:37.440000+00:00,2019-07-05 01:23:07.660000+00:00,2019-07-05 01:23:07.660000+00:00,7.821838888888888,100,0.7,4.38,20951234,0.7337029508876335,1.16,62,ok,998,0.75533473213314,0.7418659392926636,0.16178524250194165,0.5374646986530113,1.022075051433873,0.48461035278086173,1.16,57.0,usable_but_moderately_uncertain
mw64,7,primary_N100_step20,100,20,False,dynamic,0.01,1.5,1000,32,640,740,2019-07-05 01:02:47.710000+00:00,2019-07-05 02:12:26.790000+00:00,2019-07-05 01:38:23.760000+00:00,2019-07-05 01:38:23.760000+00:00,8.076311111111112,100,0.7,3.44,20951251,0.7584639607328938,1.16,67,ok,1000,0.793441836655071,0.7825337511956526,0.12479216798594518,0.6051380489243086,1.0928559179183828,0.4877178689940742,1.16,62.0,usable_but_moderately_uncertain
mw64,7,primary_N100_step20,100,20,False,dynamic,0.01,1.5,1000,33,660,760,2019-07-05 01:15:52.380000+00:00,2019-07-05 02:32:15.480000+00:00,2019-07-05 01:54:39.580000+00:00,2019-07-05 01:54:39.580000+00:00,8.347372222222223,100,0.73,3.44,20951268,0.7787251087896793,1.16,70,ok,995,0.8189119868517477,0.7899140635917584,0.20039993043367588,0.6186946573416903,1.1463819465611158,0.5276872892194255,1.3499999999999999,49.0,usable_but_moderately_uncertain
mw64,7,primary_N100_step20,100,20,False,dynamic,0.01,1.5,1000,34,680,780,2019-07-05 01:32:14.260000+00:00,2019-07-05 02:45:19.980000+00:00,2019-07-05 02:08:05.350000+00:00,2019-07-05 02:08:05.350000+00:00,8.571197222222223,100,0.75,3.44,20951285,1.0045354223932659,1.57,34,ok,989,0.9709038731290991,0.9366886784312618,0.29013217515520784,0.6716934477580045,1.3886775521136854,0.7169841043556808,1.57,36.5,exploratory
mw64,7,primary_N100_step20,100,20,False,dynamic,0.01,1.5,1000,35,700,800,2019-07-05 01:47:41.390000+00:00,2019-07-05 02:59:49.700000+00:00,2019-07-05 02:22:41.220000+00:00,2019-07-05 02:22:41.220000+00:00,8.814494444444444,100,0.75,3.44,20951302,0.757393693654087,1.79,19,ok,987,0.8919019780631952,0.8518237136280121,0.391754980223261,0.592937133635704,1.3714084491184964,0.7784713154827924,1.57,31.0,highly_unreliable
mw64,7,primary_N100_step20,100,20,False,dynamic,0.01,1.5,1000,36,720,820,2019-07-05 02:00:33.800000+00:00,2019-07-05 03:10:23.110000+00:00,2019-07-05 02:39:40.720000+00:00,2019-07-05 02:39:40.720000+00:00,9.09768888888889,100,0.69,3.44,20951319,0.959805875053629,1.3499999999999999,56,ok,995,0.9014954036158129,0.8800156067876889,0.20141703416342174,0.6334531895349984,1.2871833292998944,0.653730139764896,1.3849999999999998,48.0,usable_but_moderately_uncertain
mw64,7,primary_N100_step20,100,20,False,dynamic,0.01,1.5,1000,37,740,840,2019-07-05 02:12:37.040000+00:00,2019-07-05 03:26:42.390000+00:00,2019-07-05 02:52:31.320000+00:00,2019-07-05 02:52:31.320000+00:00,9.311744444444445,100,0.69,3.55,20951336,0.874447961568032,1.3499999999999999,54,ok,996,0.8311950269683944,0.8041740574560061,0.15989904315526468,0.6140437744472944,1.2084604931546903,0.5944167187073959,1.3499999999999999,51.0,usable_but_moderately_uncertain
mw64,7,primary_N100_step20,100,20,False,dynamic,0.01,1.5,1000,38,760,860,2019-07-05 02:33:10.140000+00:00,2019-07-05 03:43:01.550000+00:00,2019-07-05 03:05:49.850000+00:00,2019-07-05 03:05:49.850000+00:00,9.533558333333332,100,0.65,3.55,20951353,0.7043008518528455,0.99,79,ok,998,0.8691223361562304,0.8280603123005893,0.20901917995146754,0.6240079128167846,1.330955622679694,0.7069477098629093,1.3499999999999999,50.0,usable_but_moderately_uncertain
mw64,7,primary_N100_step20,100,20,False,dynamic,0.01,1.5,1000,39,780,880,2019-07-05 02:45:43.720000+00:00,2019-07-05 04:00:16.490000+00:00,2019-07-05 03:19:53.370000+00:00,2019-07-05 03:19:53.370000+00:00,9.767869444444445,100,0.45,3.55,20951370,0.6809726135114691,1.15,65,ok,997,0.7473215729514364,0.6840985929081698,0.5890298234514101,0.5385512439117833,1.2098640366565123,0.671312792744729,1.15,62.0,usable_but_moderately_uncertain
mw64,7,primary_N100_step20,100,20,False,dynamic,0.01,1.5,1000,40,800,900,2019-07-05 03:00:34.870000+00:00,2019-07-05 04:16:23.260000+00:00,2019-07-05 03:33:02.410000+00:00,2019-07-05 03:33:02.410000+00:00,9.987047222222223,100,0.45,3.85,20951387,0.5862618469722785,1.07,69,ok,997,0.6543613698414271,0.6228580424810881,0.12876196207381566,0.48912259436520206,0.9665501835496749,0.47742758918447287,1.17,60.0,usable_but_moderately_uncertain
mw64,7,primary_N100_step20,100,20,False,dynamic,0.01,1.5,1000,41,820,920,2019-07-05 03:11:28.300000+00:00,2019-07-05 04:31:32.300000+00:00,2019-07-05 03:52:59.990000+00:00,2019-07-05 03:52:59.990000+00:00,10.319708333333333,100,0.45,3.85,20951404,0.6056180074719856,1.07,66,ok,998,0.6463429477388684,0.6198408953958002,0.19722177612086456,0.4939776934308624,0.8883456713398193,0.39436797790895695,1.16,57.0,usable_but_moderately_uncertain
mw64,7,primary_N100_step20,100,20,False,dynamic,0.01,1.5,1000,42,840,940,2019-07-05 03:26:53.720000+00:00,2019-07-05 04:43:36.140000+00:00,2019-07-05 04:10:14.330000+00:00,2019-07-05 04:10:14.330000+00:00,10.607025,100,0.45,3.85,20951421,0.6784161639179804,1.15,58,ok,995,0.6948598399287442,0.6743838641969071,0.13050552736429713,0.5269614372659503,0.9400972031206459,0.4131357658546956,1.17,54.0,usable_but_moderately_uncertain
mw64,7,primary_N100_step20,100,20,False,dynamic,0.01,1.5,1000,43,860,960,2019-07-05 03:43:58.460000+00:00,2019-07-05 04:56:42.520000+00:00,2019-07-05 04:23:35.940000+00:00,2019-07-05 04:23:35.940000+00:00,10.829694444444446,100,0.45,3.85,20951438,0.6799269707855069,1.63,24,ok,998,0.7121032658833667,0.6994129662089013,0.1280758734519239,0.4982187855777064,0.9921583995509358,0.4939396139732294,1.28,47.0,highly_unreliable
mw64,7,primary_N100_step20,100,20,False,dynamic,0.01,1.5,1000,44,880,980,2019-07-05 04:01:02.750000+00:00,2019-07-05 05:11:34.480000+00:00,2019-07-05 04:39:13.350000+00:00,2019-07-05 04:39:13.350000+00:00,11.09008611111111,100,0.5,3.85,20951455,0.6054116896800041,0.71,93,ok,1000,0.7432964229524721,0.7200367768151787,0.17615928228338473,0.49598315740692595,1.1345204070851913,0.6385372496782653,1.28,53.0,usable_but_moderately_uncertain
mw64,7,primary_N100_step20,100,20,False,dynamic,0.01,1.5,1000,45,900,1000,2019-07-05 04:16:37.270000+00:00,2019-07-05 05:26:09.700000+00:00,2019-07-05 04:50:04.610000+00:00,2019-07-05 04:50:04.610000+00:00,11.270991666666667,100,0.5,3.31,20951472,1.0509756225726392,1.32,40,ok,994,0.943904662965056,0.8847968784272653,0.5938746779692551,0.6165874443845987,1.4900063000338337,0.873418855649235,1.32,35.0,exploratory
mw64,7,primary_N100_step20,100,20,False,dynamic,0.01,1.5,1000,46,920,1020,2019-07-05 04:32:30.020000+00:00,2019-07-05 05:38:47.560000+00:00,2019-07-05 05:06:47.100000+00:00,2019-07-05 05:06:47.100000+00:00,11.54946111111111,100,0.51,3.31,20951489,0.6764961642484929,0.71,93,ok,996,0.8953315735440157,0.8538318598900809,0.38293556627585523,0.6130058493092149,1.3240102688391544,0.7110044195299395,1.32,44.0,usable_but_moderately_uncertain
mw64,7,primary_N100_step20,100,20,False,dynamic,0.01,1.5,1000,47,940,1040,2019-07-05 04:43:44.930000+00:00,2019-07-05 05:52:37.770000+00:00,2019-07-05 05:20:31.860000+00:00,2019-07-05 05:20:31.860000+00:00,11.778561111111111,100,0.51,3.31,20951506,0.8290836720773912,0.96,69,ok,995,0.8747134709985236,0.8535162483762609,0.1659310106747194,0.5993143368871507,1.2716230538591924,0.6723087169720416,1.17,50.0,usable_but_moderately_uncertain
mw64,7,primary_N100_step20,100,20,False,dynamic,0.01,1.5,1000,48,960,1060,2019-07-05 04:57:52.080000+00:00,2019-07-05 06:06:23.110000+00:00,2019-07-05 05:32:47.820000+00:00,2019-07-05 05:32:47.820000+00:00,11.982994444444444,100,0.51,3.31,20951523,0.8810250222954608,1.18,49,ok,998,0.8491559517639153,0.8265953887752815,0.2583808191684162,0.5883086141741467,1.2085870781684618,0.6202784639943151,1.18,48.0,exploratory
mw64,7,primary_N100_step20,100,20,False,dynamic,0.01,1.5,1000,49,980,1080,2019-07-05 05:12:05.370000+00:00,2019-07-05 06:21:19.320000+00:00,2019-07-05 05:46:43.970000+00:00,2019-07-05 05:46:43.970000+00:00,12.215258333333333,100,0.47,3.0,20951540,0.9691506331708408,1.15,51,ok,996,0.9580454889489025,0.9271415787393733,0.20372132477313357,0.6783657586359364,1.3569065459092255,0.6785407872732891,1.17,49.0,usable_but_moderately_uncertain
mw64,7,primary_N100_step20,100,20,False,dynamic,0.01,1.5,1000,50,1000,1100,2019-07-05 05:26:26.980000+00:00,2019-07-05 06:38:17.260000+00:00,2019-07-05 05:59:20.030000+00:00,2019-07-05 05:59:20.030000+00:00,12.425275,100,0.45,3.0,20951557,0.8426053494815026,0.98,69,ok,998,0.945711773138467,0.90919788457599,0.18800159241710548,0.6772859305415219,1.4129836497210368,0.735697719179515,1.17,52.0,usable_but_moderately_uncertain
mw64,7,primary_N100_step20,100,20,False,dynamic,0.01,1.5,1000,51,1020,1120,2019-07-05 05:39:03.700000+00:00,2019-07-05 06:51:19.680000+00:00,2019-07-05 06:14:48.470000+00:00,2019-07-05 06:14:48.470000+00:00,12.683175,100,0.45,3.33,20951574,0.8022265110681064,0.98,69,ok,1000,0.8842311579168749,0.8547498888489659,0.2043951034738358,0.6155495458061577,1.3915744790524966,0.7760249332463389,1.18,49.0,usable_but_moderately_uncertain
mw64,7,primary_N100_step20,100,20,False,dynamic,0.01,1.5,1000,52,1040,1140,2019-07-05 05:53:31.080000+00:00,2019-07-05 07:01:05.850000+00:00,2019-07-05 06:31:58.960000+00:00,2019-07-05 06:31:58.960000+00:00,12.96942222222222,100,0.45,3.33,20951591,0.8500697194433169,1.5999999999999999,22,ok,998,0.8554000271618811,0.829958802423348,0.15718828493335646,0.6395214277180038,1.2282094916694024,0.5886880639513986,1.2,53.0,highly_unreliable
mw64,7,primary_N100_step20,100,20,False,dynamic,0.01,1.5,1000,53,1060,1160,2019-07-05 06:06:36.790000+00:00,2019-07-05 07:15:50.970000+00:00,2019-07-05 06:45:57.660000+00:00,2019-07-05 06:45:57.660000+00:00,13.202394444444446,100,0.45,3.33,20951608,0.8355567710448233,1.5999999999999999,23,ok,997,0.8328014078553364,0.7939791190811963,0.18639560895406151,0.5983585052175693,1.2326392990417887,0.6342807938242194,1.25,47.0,highly_unreliable
mw64,7,primary_N100_step20,100,20,False,dynamic,0.01,1.5,1000,54,1080,1180,2019-07-05 06:22:04.800000+00:00,2019-07-05 07:27:02.680000+00:00,2019-07-05 06:57:03.180000+00:00,2019-07-05 06:57:03.180000+00:00,13.38726111111111,100,0.45,3.33,20951625,0.7456796807934087,0.9299999999999999,70,ok,999,0.7783947927220237,0.7580605238611269,0.13068999282712862,0.5703715738557664,1.0877604140579054,0.5173888402021389,1.15,49.0,usable_but_moderately_uncertain
mw64,7,primary_N100_step20,100,20,False,dynamic,0.01,1.5,1000,55,1100,1200,2019-07-05 06:40:02.430000+00:00,2019-07-05 07:44:02.610000+00:00,2019-07-05 07:09:24.510000+00:00,2019-07-05 07:09:24.510000+00:00,13.59318611111111,100,0.52,3.83,20951642,0.6877562757200701,0.9299999999999999,71,ok,994,0.704502804553846,0.6954161598086877,0.10169344104273849,0.5387393207268377,0.9325720082733219,0.39383268754648415,1.07,57.0,usable_but_moderately_uncertain
mw64,7,primary_N100_step20,100,20,False,dynamic,0.01,1.5,1000,56,1120,1220,2019-07-05 06:51:57.270000+00:00,2019-07-05 08:02:37.330000+00:00,2019-07-05 07:22:22.120000+00:00,2019-07-05 07:22:22.120000+00:00,13.809188888888889,100,0.52,3.83,20951659,0.6493948040074575,0.76,82,ok,992,0.7569252362013162,0.7363869505879057,0.1352587200487117,0.5620881231105488,1.0960540031700177,0.5339658800594689,0.9349999999999999,66.0,usable_but_moderately_uncertain
mw64,7,primary_N100_step20,100,20,False,dynamic,0.01,1.5,1000,57,1140,1240,2019-07-05 07:02:22.180000+00:00,2019-07-05 08:15:32.950000+00:00,2019-07-05 07:35:05.560000+00:00,2019-07-05 07:35:05.560000+00:00,14.021255555555555,100,0.39,3.83,20951676,0.8309571895397804,1.15,47,ok,994,0.8357488139529753,0.7981699560700299,0.3795401102581401,0.6025297801154407,1.1848814982734044,0.5823517181579637,1.1300000000000001,53.0,exploratory
mw64,7,primary_N100_step20,100,20,False,dynamic,0.01,1.5,1000,58,1160,1260,2019-07-05 07:16:17.860000+00:00,2019-07-05 08:29:36.550000+00:00,2019-07-05 07:52:18.730000+00:00,2019-07-05 07:52:18.730000+00:00,14.308247222222223,100,0.39,3.83,20951693,0.8272525965989856,1.15,43,ok,995,0.8575739417932647,0.8094864076867476,0.30075594203698586,0.6110786261947049,1.281516610918402,0.6704379847236971,1.15,44.0,exploratory
mw64,7,primary_N100_step20,100,20,False,dynamic,0.01,1.5,1000,59,1180,1280,2019-07-05 07:28:59.930000+00:00,2019-07-05 08:39:31.440000+00:00,2019-07-05 08:08:12.770000+00:00,2019-07-05 08:08:12.770000+00:00,14.573258333333333,100,0.39,3.83,20951710,0.8647742218387007,1.29,36,ok,996,0.9392674064019048,0.8528787501599686,0.4043508041099096,0.6420930937014484,1.9969148676273323,1.3548217739258839,1.11,48.0,exploratory
mw64,7,primary_N100_step20,100,20,False,dynamic,0.01,1.5,1000,60,1200,1300,2019-07-05 07:44:27.030000+00:00,2019-07-05 08:56:52.900000+00:00,2019-07-05 08:24:56.030000+00:00,2019-07-05 08:24:56.030000+00:00,14.851941666666667,100,0.39,3.66,20951727,0.867472124271857,1.05,53,ok,996,0.8499658031988414,0.8351140697313271,0.1576405517106372,0.609069420881569,1.2053243735321046,0.5962549526505356,1.06,49.0,usable_but_moderately_uncertain
mw64,7,primary_N100_step20,100,20,False,dynamic,0.01,1.5,1000,61,1220,1320,2019-07-05 08:02:56.850000+00:00,2019-07-05 09:12:47.290000+00:00,2019-07-05 08:34:32.530000+00:00,2019-07-05 08:34:32.530000+00:00,15.012080555555555,100,0.39,3.66,20951744,0.7955158501933809,1.05,53,ok,996,0.77372372123615,0.7561961700214087,0.1513294424811622,0.5576077965174578,1.0493937130338264,0.4917859165163686,1.08,46.0,usable_but_moderately_uncertain
mw64,7,primary_N100_step20,100,20,False,dynamic,0.01,1.5,1000,62,1240,1340,2019-07-05 08:16:07.130000+00:00,2019-07-05 09:27:57.560000+00:00,2019-07-05 08:49:05.280000+00:00,2019-07-05 08:49:05.280000+00:00,15.25451111111111,100,0.4,3.66,20951761,0.7608717421091203,1.05,50,ok,991,0.7568168864097453,0.746350947574264,0.13185427283611983,0.5445787989573423,1.0362475833340632,0.4916687843767209,1.05,46.0,usable_but_moderately_uncertain
mw64,7,primary_N100_step20,100,20,False,dynamic,0.01,1.5,1000,63,1260,1360,2019-07-05 08:29:47.790000+00:00,2019-07-05 09:43:25.240000+00:00,2019-07-05 09:04:58.280000+00:00,2019-07-05 09:04:58.280000+00:00,15.519233333333332,100,0.4,3.66,20951778,0.7219989731101244,1.05,49,ok,1000,0.7177880086397584,0.708084937661817,0.10890565405275149,0.5310387576444888,0.9439597282874723,0.4129209706429835,1.05,45.0,exploratory
mw64,7,primary_N100_step20,100,20,False,dynamic,0.01,1.5,1000,64,1280,1380,2019-07-05 08:40:17.750000+00:00,2019-07-05 09:56:33.630000+00:00,2019-07-05 09:21:52.650000+00:00,2019-07-05 09:21:52.650000+00:00,15.801002777777779,100,0.4,3.66,20951795,0.6926693591566339,1.3,30,ok,999,0.7350500200748555,0.7192738634389265,0.13870944006005517,0.5185777274078193,1.0285076868972114,0.5099299594893921,1.3,33.0,exploratory
mw64,7,primary_N100_step20,100,20,False,dynamic,0.01,1.5,1000,65,1300,1400,2019-07-05 08:57:38.860000+00:00,2019-07-05 10:06:39.420000+00:00,2019-07-05 09:36:45.090000+00:00,2019-07-05 09:36:45.090000+00:00,16.04890277777778,100,0.37,2.7,20951812,0.910627135406918,1.3,31,ok,994,0.9325631555163985,0.8926403278212711,0.22041298213649227,0.692794184632532,1.4596243837950087,0.7668301991624767,1.255,35.0,exploratory
mw64,7,primary_N100_step20,100,20,False,dynamic,0.01,1.5,1000,66,1320,1420,2019-07-05 09:14:05.370000+00:00,2019-07-05 10:20:30.170000+00:00,2019-07-05 09:50:26.690000+00:00,2019-07-05 09:50:26.690000+00:00,16.277125,100,0.37,3.1,20951829,1.002691054342011,1.01,54,ok,998,1.0029526510316853,0.9735650033437699,0.20810685499654788,0.7150780221796009,1.3963311529258096,0.6812531307462086,1.1300000000000001,39.0,usable_but_moderately_uncertain
mw64,7,primary_N100_step20,100,20,False,dynamic,0.01,1.5,1000,67,1340,1440,2019-07-05 09:28:08.680000+00:00,2019-07-05 10:37:21.500000+00:00,2019-07-05 10:00:49.190000+00:00,2019-07-05 10:00:49.190000+00:00,16.450041666666667,100,0.37,3.1,20951846,0.8663076110610202,1.3,30,ok,999,0.8958424448895772,0.8798613456876716,0.16390059113746155,0.6367422075792277,1.257480287931244,0.6207380803520162,1.23,34.0,exploratory
mw64,7,primary_N100_step20,100,20,False,dynamic,0.01,1.5,1000,68,1360,1460,2019-07-05 09:44:30.900000+00:00,2019-07-05 10:54:48.220000+00:00,2019-07-05 10:13:54.310000+00:00,2019-07-05 10:13:54.310000+00:00,16.668130555555553,100,0.23,3.1,20951863,1.0026684905479926,1.2,38,ok,997,1.0106920009146798,0.9878968954120342,0.19600088711111502,0.7044809692704016,1.434733219949871,0.7302522506794694,1.2,37.0,exploratory
mw64,7,primary_N100_step20,100,20,False,dynamic,0.01,1.5,1000,69,1380,1480,2019-07-05 09:57:00.090000+00:00,2019-07-05 11:23:16.590000+00:00,2019-07-05 10:30:53.190000+00:00,2019-07-05 10:30:53.190000+00:00,16.95115277777778,100,0.23,3.1,20951880,0.8160602410724337,1.09,50,ok,1000,0.8262202391427131,0.8116084536538603,0.1253183090478977,0.634718384888415,1.1145968868591156,0.4798785019707006,1.09,47.0,usable_but_moderately_uncertain
mw64,7,primary_N100_step20,100,20,False,dynamic,0.01,1.5,1000,70,1400,1500,2019-07-05 10:07:14.900000+00:00,2019-07-05 11:49:04.010000+00:00,2019-07-05 10:47:10.850000+00:00,2019-07-05 10:47:10.850000+00:00,17.222725,100,0.23,3.1,20951897,0.7675959484007135,1.2,50,ok,984,0.77801177013096,0.765479809564882,0.11352960887549264,0.6087091881730784,1.0177271848723433,0.40901799669926486,1.2,50.0,usable_but_moderately_uncertain
mw64,7,primary_N100_step20,100,20,False,dynamic,0.01,1.5,1000,71,1420,1520,2019-07-05 10:22:09.020000+00:00,2019-07-05 12:11:02.090000+00:00,2019-07-05 11:04:22.650000+00:00,2019-07-05 11:04:22.650000+00:00,17.50933611111111,100,0.23,3.0,20951914,0.8690753570964986,1.73,19,ok,980,0.8656291123262423,0.830922906281961,0.2519838815872765,0.6411832647258295,1.2847235916142237,0.6435403268883941,1.27,49.0,highly_unreliable
mw64,7,primary_N100_step20,100,20,False,dynamic,0.01,1.5,1000,72,1440,1540,2019-07-05 10:37:36.220000+00:00,2019-07-05 12:33:47.850000+00:00,2019-07-05 11:38:42.720000+00:00,2019-07-05 11:38:42.720000+00:00,18.081577777777778,100,0.23,3.29,20951931,0.933623767340137,1.27,53,ok,982,0.8933691980294282,0.8463008572016661,0.32261353145057287,0.6034924244510801,1.3119867754382946,0.7084943509872145,1.27,53.0,usable_but_moderately_uncertain
mw64,7,primary_N100_step20,100,20,False,dynamic,0.01,1.5,1000,73,1460,1560,2019-07-05 10:54:57.520000+00:00,2019-07-05 13:00:25.820000+00:00,2019-07-05 12:01:15.480000+00:00,2019-07-05 12:01:15.480000+00:00,18.457344444444445,100,0.55,3.29,20951948,0.8551785100188086,1.27,56,ok,986,0.8308663507891716,0.7914514558359453,0.3297047677139002,0.5615792636759541,1.163134603971193,0.6015553402952388,1.41,41.0,usable_but_moderately_uncertain
mw64,7,primary_N100_step20,100,20,False,dynamic,0.01,1.5,1000,74,1480,1580,2019-07-05 11:23:23.940000+00:00,2019-07-05 13:27:57.060000+00:00,2019-07-05 12:23:57.670000+00:00,2019-07-05 12:23:57.670000+00:00,18.835730555555557,100,0.55,3.29,20951965,0.8388740706288171,1.67,22,ok,1000,0.9411607249898664,0.9063869041851172,0.419853182731836,0.6082442512625482,1.373704168817094,0.7654599175545457,1.67,23.0,highly_unreliable
mw64,7,primary_N100_step20,100,20,False,dynamic,0.01,1.5,1000,75,1500,1600,2019-07-05 11:49:36.580000+00:00,2019-07-05 13:45:04.690000+00:00,2019-07-05 12:48:33.630000+00:00,2019-07-05 12:48:33.630000+00:00,19.245719444444443,100,0.55,3.29,20951982,0.9891712851315768,1.27,59,ok,1000,0.9414795947114116,0.9098152148364405,0.2189357392675797,0.5994317258722462,1.4701167714576753,0.870685045585429,1.49,35.0,usable_but_moderately_uncertain
mw64,7,primary_N100_step20,100,20,False,dynamic,0.01,1.5,1000,76,1520,1620,2019-07-05 12:11:12.730000+00:00,2019-07-05 14:06:24.300000+00:00,2019-07-05 13:15:39.100000+00:00,2019-07-05 13:15:39.100000+00:00,19.697238888888887,100,0.55,3.29,20951999,1.1440477633409638,1.45,41,ok,998,0.9486328071700496,0.921287306006807,0.2502767910389368,0.5648490146474715,1.5312870429965435,0.966438028349072,1.49,32.0,exploratory
mw64,7,primary_N100_step20,100,20,False,dynamic,0.01,1.5,1000,77,1540,1640,2019-07-05 12:33:55.070000+00:00,2019-07-05 14:32:34.820000+00:00,2019-07-05 13:38:19.090000+00:00,2019-07-05 13:38:19.090000+00:00,20.07501388888889,100,0.41,3.12,20952016,1.3464753222512336,1.45,37,ok,999,1.0411613111553517,0.9814009467266238,0.3237283823910139,0.5809722767761442,1.8356193073594786,1.2546470305833344,1.46,30.0,exploratory
mw64,7,primary_N100_step20,100,20,False,dynamic,0.01,1.5,1000,78,1560,1660,2019-07-05 13:01:34.930000+00:00,2019-07-05 14:59:34.440000+00:00,2019-07-05 13:57:12.870000+00:00,2019-07-05 13:57:12.870000+00:00,20.38995277777778,100,0.41,2.67,20952033,1.1543390029573528,1.2,56,ok,1000,1.2276353137835612,1.1624164471583227,0.3315676097727258,0.8376275000729251,1.9952561948459573,1.1576286947730323,1.26,46.0,usable_but_moderately_uncertain
mw64,7,primary_N100_step20,100,20,False,dynamic,0.01,1.5,1000,79,1580,1680,2019-07-05 13:28:13.980000+00:00,2019-07-05 15:24:20.400000+00:00,2019-07-05 14:22:31.560000+00:00,2019-07-05 14:22:31.560000+00:00,20.811811111111112,100,0.41,2.87,20952050,0.9361219104307572,1.11,57,ok,998,1.0098143582863537,0.961663444599454,0.5636260360719244,0.687816573273072,1.5357324363387783,0.8479158630657063,1.2,47.0,usable_but_moderately_uncertain
mw64,7,primary_N100_step20,100,20,False,dynamic,0.01,1.5,1000,80,1600,1700,2019-07-05 13:48:50.590000+00:00,2019-07-05 15:45:20.610000+00:00,2019-07-05 14:48:30.780000+00:00,2019-07-05 14:48:30.780000+00:00,21.24492777777778,100,0.41,2.87,20952067,1.0612350567202709,1.11,47,ok,998,1.0942341353144789,1.0395340559629218,0.33080558944565425,0.7421877020032375,1.7586432726312102,1.0164555706279728,1.11,46.0,exploratory
mw64,7,primary_N100_step20,100,20,False,dynamic,0.01,1.5,1000,81,1620,1720,2019-07-05 14:06:41.970000+00:00,2019-07-05 16:03:40.600000+00:00,2019-07-05 15:16:16.380000+00:00,2019-07-05 15:16:16.380000+00:00,21.707594444444442,100,0.41,3.06,20952084,0.8346539183392907,0.9299999999999999,58,ok,995,0.8972210668418095,0.8600171761917567,0.19932812123251725,0.6497510623926993,1.3799896053348852,0.7302385429421859,1.04,48.0,usable_but_moderately_uncertain
mw64,7,primary_N100_step20,100,20,False,dynamic,0.01,1.5,1000,82,1640,1740,2019-07-05 14:32:43.910000+00:00,2019-07-05 16:19:54.880000+00:00,2019-07-05 15:36:36.720000+00:00,2019-07-05 15:36:36.720000+00:00,22.046577777777777,100,0.61,3.06,20952101,0.8143260113351439,0.9299999999999999,60,ok,999,0.8944314953670941,0.8549380055888889,0.18782145859180946,0.6651003830563263,1.3791425856213104,0.7140422025649841,0.97,53.0,usable_but_moderately_uncertain
mw64,7,primary_N100_step20,100,20,False,dynamic,0.01,1.5,1000,83,1660,1760,2019-07-05 15:03:22.320000+00:00,2019-07-05 16:35:54.530000+00:00,2019-07-05 15:56:46.550000+00:00,2019-07-05 15:56:46.550000+00:00,22.382641666666665,100,0.61,3.06,20952118,0.8659303695006852,0.9299999999999999,58,ok,1000,0.8817624176988779,0.8563205757764392,0.16571327785365167,0.6528089895940118,1.2550887004206497,0.6022797108266379,0.99,47.0,usable_but_moderately_uncertain
mw64,7,primary_N100_step20,100,20,False,dynamic,0.01,1.5,1000,84,1680,1780,2019-07-05 15:25:17.980000+00:00,2019-07-05 16:53:46.140000+00:00,2019-07-05 16:11:33.260000+00:00,2019-07-05 16:11:33.260000+00:00,22.62895,100,0.61,3.06,20952135,0.9984220906600922,1.1300000000000001,33,ok,1000,1.0208207507344549,0.9916678760351059,0.187446199343846,0.73258750697652,1.4619038831133195,0.7293163761367996,1.1,38.0,exploratory
mw64,7,primary_N100_step20,100,20,False,dynamic,0.01,1.5,1000,85,1700,1800,2019-07-05 15:46:03.630000+00:00,2019-07-05 17:10:02.540000+00:00,2019-07-05 16:27:45.740000+00:00,2019-07-05 16:27:45.740000+00:00,22.899083333333333,100,0.52,3.06,20952152,0.9221036030492977,1.1300000000000001,30,ok,997,0.9830485639777276,0.969970235664491,0.1838342785092188,0.6892046743948788,1.3770400427442835,0.6878353683494047,1.1300000000000001,32.0,exploratory
mw64,7,primary_N100_step20,100,20,False,dynamic,0.01,1.5,1000,86,1720,1820,2019-07-05 16:04:47.780000+00:00,2019-07-05 17:28:30.560000+00:00,2019-07-05 16:45:20.540000+00:00,2019-07-05 16:45:20.540000+00:00,23.192083333333333,100,0.4,2.33,20952169,1.0145076674173104,1.1300000000000001,29,ok,999,1.1334666144534107,1.10341865781835,0.2235856406705984,0.8367188785977863,1.562502843502746,0.7257839649049597,1.1,34.0,highly_unreliable
mw64,7,primary_N100_step20,100,20,False,dynamic,0.01,1.5,1000,87,1740,1840,2019-07-05 16:20:09.920000+00:00,2019-07-05 17:46:40.060000+00:00,2019-07-05 17:01:20.760000+00:00,2019-07-05 17:01:20.760000+00:00,23.45881111111111,100,0.4,2.44,20952186,1.1447833340331246,1.01,41,ok,999,1.0119355354698547,1.0043427003498913,0.2483129740562503,0.6068781459999599,1.552315401521374,0.9454372555214141,1.01,37.0,exploratory
mw64,7,primary_N100_step20,100,20,False,dynamic,0.01,1.5,1000,88,1760,1860,2019-07-05 16:37:26.430000+00:00,2019-07-05 18:09:52.360000+00:00,2019-07-05 17:21:15.560000+00:00,2019-07-05 17:21:15.560000+00:00,23.7907,100,0.4,2.77,20952203,0.9191760711228603,1.01,52,ok,999,0.8474398157830424,0.8341611832528082,0.15767911727321973,0.6041971982851094,1.1758241300085328,0.5716269317234234,1.03,44.0,usable_but_moderately_uncertain
mw64,7,primary_N100_step20,100,20,False,dynamic,0.01,1.5,1000,89,1780,1880,2019-07-05 16:54:07.770000+00:00,2019-07-05 18:33:12.080000+00:00,2019-07-05 17:40:05.060000+00:00,2019-07-05 17:40:05.060000+00:00,24.10445,100,0.4,2.77,20952220,0.8606369372773326,0.9099999999999999,55,ok,1000,0.8720823263118427,0.8564133218054417,0.16192976459535696,0.6473873803136613,1.1730022680721954,0.5256148877585342,1.0,48.0,usable_but_moderately_uncertain
mw64,7,primary_N100_step20,100,20,False,dynamic,0.01,1.5,1000,90,1800,1900,2019-07-05 17:11:22.560000+00:00,2019-07-05 18:53:23.320000+00:00,2019-07-05 18:01:38.900000+00:00,2019-07-05 18:01:38.900000+00:00,24.46385,100,0.4,2.83,20952237,0.7101747812385203,0.9099999999999999,55,ok,1000,0.7414546486668678,0.7280492823414952,0.10413580256564353,0.5861173252359825,0.9799983073406604,0.3938809821046779,0.9099999999999999,54.0,usable_but_moderately_uncertain
mw64,7,primary_N100_step20,100,20,False,dynamic,0.01,1.5,1000,91,1820,1920,2019-07-05 17:31:39.500000+00:00,2019-07-05 19:08:13.720000+00:00,2019-07-05 18:23:52.560000+00:00,2019-07-05 18:23:52.560000+00:00,24.834311111111113,100,0.41,2.83,20952254,0.7591179622428252,0.9099999999999999,59,ok,999,0.7989668030457074,0.7656453602647006,0.2586609289093776,0.6049566860262308,1.107877849844699,0.5029211638184683,0.9099999999999999,54.0,usable_but_moderately_uncertain
mw64,7,primary_N100_step20,100,20,False,dynamic,0.01,1.5,1000,92,1840,1940,2019-07-05 17:48:08.900000+00:00,2019-07-05 19:29:46.480000+00:00,2019-07-05 18:45:00.400000+00:00,2019-07-05 18:45:00.400000+00:00,25.18648888888889,100,0.39,2.83,20952271,0.8030978388301064,0.9099999999999999,57,ok,997,0.8405560989615906,0.8232202541545697,0.15376101847570256,0.631525771481354,1.1579165985793933,0.5263908270980393,0.97,49.0,usable_but_moderately_uncertain
mw64,7,primary_N100_step20,100,20,False,dynamic,0.01,1.5,1000,93,1860,1960,2019-07-05 18:11:01.980000+00:00,2019-07-05 19:45:46.120000+00:00,2019-07-05 19:02:18.120000+00:00,2019-07-05 19:02:18.120000+00:00,25.474744444444443,100,0.39,2.83,20952288,0.9622871121981044,1.15,30,ok,998,0.9916500672618639,0.9776419427028953,0.1560483739469022,0.750569090002179,1.3515457950516707,0.6009767050494917,1.07,36.0,exploratory
mw64,7,primary_N100_step20,100,20,False,dynamic,0.01,1.5,1000,94,1880,1980,2019-07-05 18:34:35.920000+00:00,2019-07-05 19:59:03.020000+00:00,2019-07-05 19:20:22.680000+00:00,2019-07-05 19:20:22.680000+00:00,25.77601111111111,100,0.39,2.83,20952305,0.911140723225759,1.15,30,ok,998,0.9703400806227991,0.9309385337590994,0.502453790767547,0.7132750539329606,1.300137003639546,0.5868619497065855,1.15,31.0,exploratory
mw64,7,primary_N100_step20,100,20,False,dynamic,0.01,1.5,1000,95,1900,2000,2019-07-05 18:53:54.160000+00:00,2019-07-05 20:17:57.320000+00:00,2019-07-05 19:40:22.080000+00:00,2019-07-05 19:40:22.080000+00:00,26.109177777777777,100,0.39,2.7,20952322,0.9372538436605115,1.15,31,ok,998,0.9974422758808065,0.9716019898781468,0.20579735687602752,0.7377469190917479,1.3694488292004108,0.6317019101086628,1.15,32.0,exploratory
mw64,7,primary_N100_step20,100,20,False,dynamic,0.01,1.5,1000,96,1920,2020,2019-07-05 19:10:49.180000+00:00,2019-07-05 20:35:45.200000+00:00,2019-07-05 19:51:31.100000+00:00,2019-07-05 19:51:31.100000+00:00,26.295016666666665,100,0.39,2.7,20952339,0.9684784237573413,1.15,29,ok,995,1.0872530440468198,1.0312499621860345,0.38008109871665813,0.7814937106124379,1.6189740692606829,0.837480358648245,1.15,32.0,highly_unreliable
mw64,7,primary_N100_step20,100,20,False,dynamic,0.01,1.5,1000,97,1940,2040,2019-07-05 19:30:11.960000+00:00,2019-07-05 20:54:05.160000+00:00,2019-07-05 20:10:40.960000+00:00,2019-07-05 20:10:40.960000+00:00,26.61442222222222,100,0.4,2.78,20952356,0.8223573174263082,1.15,32,ok,997,0.9013925142582888,0.8695841876172307,0.23798393738366577,0.655113962540888,1.2586400790060377,0.6035261164651496,1.15,35.0,exploratory
mw64,7,primary_N100_step20,100,20,False,dynamic,0.01,1.5,1000,98,1960,2060,2019-07-05 19:46:09.180000+00:00,2019-07-05 21:15:54.460000+00:00,2019-07-05 20:29:07.660000+00:00,2019-07-05 20:29:07.660000+00:00,26.92183888888889,100,0.4,2.78,20952373,0.8255474042895582,0.7,83,ok,997,0.8353992815181419,0.822484284255147,0.13993622488333726,0.628232493036715,1.149590443878171,0.521357950841456,1.04,40.0,usable_but_moderately_uncertain
mw64,7,primary_N100_step20,100,20,False,dynamic,0.01,1.5,1000,99,1980,2080,2019-07-05 20:01:26.680000+00:00,2019-07-05 21:28:19.600000+00:00,2019-07-05 20:45:16.300000+00:00,2019-07-05 20:45:16.300000+00:00,27.190905555555553,100,0.4,2.99,20952390,0.7738191031900321,0.7,80,ok,999,0.7944734374776745,0.7469082619160904,0.94463794831185,0.5756244255311901,1.0914224290490808,0.5157980035178907,1.025,45.0,usable_but_moderately_uncertain
mw64,7,primary_N100_step20,100,20,False,dynamic,0.01,1.5,1000,100,2000,2100,2019-07-05 20:18:25.300000+00:00,2019-07-05 21:46:48.920000+00:00,2019-07-05 21:05:50.560000+00:00,2019-07-05 21:05:50.560000+00:00,27.533755555555558,100,0.4,2.99,20952407,0.7760795196641493,0.7,78,ok,995,0.8240652440226586,0.8038696653796326,0.13471003333864415,0.629700039531914,1.1603755499155173,0.5306755103836033,0.94,49.5,usable_but_moderately_uncertain
mw64,7,primary_N100_step20,100,20,False,dynamic,0.01,1.5,1000,101,2020,2120,2019-07-05 20:36:02.920000+00:00,2019-07-05 22:06:46.760000+00:00,2019-07-05 21:24:09.720000+00:00,2019-07-05 21:24:09.720000+00:00,27.839077777777774,100,0.4,2.99,20952424,0.7387354489160645,0.8700000000000001,62,ok,1000,0.7659572862044126,0.7425075984566383,0.1705892856159024,0.5999688124273732,1.0465433678164977,0.4465745553891245,1.03,50.0,usable_but_moderately_uncertain
mw64,7,primary_N100_step20,100,20,False,dynamic,0.01,1.5,1000,102,2040,2140,2019-07-05 20:55:38.020000+00:00,2019-07-05 22:27:05.040000+00:00,2019-07-05 21:38:40.360000+00:00,2019-07-05 21:38:40.360000+00:00,28.080922222222224,100,0.4,2.99,20952441,0.7525374899643478,0.8700000000000001,66,ok,1000,0.7475224304994422,0.7284552678818028,0.1215471651885478,0.5818538354958397,1.0500444546644232,0.4681906191685835,0.9299999999999999,55.0,usable_but_moderately_uncertain
mw64,7,primary_N100_step20,100,20,False,dynamic,0.01,1.5,1000,103,2060,2160,2019-07-05 21:16:10.880000+00:00,2019-07-05 22:48:18.720000+00:00,2019-07-05 21:56:09.320000+00:00,2019-07-05 21:56:09.320000+00:00,28.3723,100,0.38,2.99,20952458,0.8091481241793633,0.8700000000000001,63,ok,1000,0.8030753219128914,0.78964808460338,0.11798517911242802,0.6196850960646217,1.0492650680464828,0.42957997198186104,0.8700000000000001,59.0,usable_but_moderately_uncertain
mw64,7,primary_N100_step20,100,20,False,dynamic,0.01,1.5,1000,104,2080,2180,2019-07-05 21:29:00.840000+00:00,2019-07-05 23:11:54.460000+00:00,2019-07-05 22:19:13.760000+00:00,2019-07-05 22:19:13.760000+00:00,28.756866666666667,100,0.38,2.98,20952475,0.8094611767913764,0.8500000000000001,64,ok,999,0.8107140398581175,0.7870120141989558,0.14965611889896213,0.6134692535144762,1.0963340495824756,0.48286479606799937,0.8999999999999999,56.0,usable_but_moderately_uncertain
mw64,7,primary_N100_step20,100,20,False,dynamic,0.01,1.5,1000,105,2100,2200,2019-07-05 21:49:05.220000+00:00,2019-07-05 23:32:41.760000+00:00,2019-07-05 22:36:32.640000+00:00,2019-07-05 22:36:32.640000+00:00,29.045444444444446,100,0.38,2.98,20952492,0.8348369238847971,0.8500000000000001,64,ok,999,0.809687357158293,0.791788170705117,0.13782644702778074,0.6001228329018293,1.1040122135402126,0.5038893806383833,0.8999999999999999,54.0,usable_but_moderately_uncertain
mw64,7,primary_N100_step20,100,20,False,dynamic,0.01,1.5,1000,106,2120,2220,2019-07-05 22:07:28+00:00,2019-07-05 23:48:21.820000+00:00,2019-07-05 23:01:07.720000+00:00,2019-07-05 23:01:07.720000+00:00,29.455188888888888,100,0.38,2.98,20952509,0.8370856291071754,0.8500000000000001,60,ok,998,0.8522361668334629,0.8314523259848454,0.13498880633924712,0.6580804582262211,1.1700085048677153,0.5119280466414943,0.9099999999999999,49.0,usable_but_moderately_uncertain
mw64,7,primary_N100_step20,100,20,False,dynamic,0.01,1.5,1000,107,2140,2240,2019-07-05 22:28:02.100000+00:00,2019-07-06 00:11:59.070000+00:00,2019-07-05 23:23:10.560000+00:00,2019-07-05 23:23:10.560000+00:00,29.822644444444446,100,0.38,2.69,20952526,0.8275291477099537,0.9099999999999999,57,ok,997,0.8668965525757782,0.8408320791809316,0.14314487860074834,0.6648888697330647,1.2136683223620117,0.548779452628947,0.97,50.0,usable_but_moderately_uncertain
mw64,7,primary_N100_step20,100,20,False,dynamic,0.01,1.5,1000,108,2160,2260,2019-07-05 22:48:30.320000+00:00,2019-07-06 00:44:43.040000+00:00,2019-07-05 23:40:11.280000+00:00,2019-07-05 23:40:11.280000+00:00,30.10617777777778,100,0.49,3.21,20952543,0.8317795625894665,1.25,35,ok,1000,0.8396035836567032,0.823702987847848,0.13362993410389057,0.6312391409138929,1.1279433126090104,0.4967041716951175,1.02,48.0,exploratory
mw64,7,primary_N100_step20,100,20,False,dynamic,0.01,1.5,1000,109,2180,2280,2019-07-05 23:12:20.600000+00:00,2019-07-06 01:06:12.240000+00:00,2019-07-06 00:01:17.780000+00:00,2019-07-06 00:01:17.780000+00:00,30.457983333333335,100,0.49,3.21,20952560,0.8085035669000196,0.94,69,ok,998,0.8425170892416154,0.8198387712708916,0.15399571362080086,0.6293761720769847,1.2395217880612377,0.610145615984253,1.07,52.5,usable_but_moderately_uncertain
mw64,7,primary_N100_step20,100,20,False,dynamic,0.01,1.5,1000,110,2200,2300,2019-07-05 23:33:13.120000+00:00,2019-07-06 01:35:34.840000+00:00,2019-07-06 00:30:33.470000+00:00,2019-07-06 00:30:33.470000+00:00,30.945674999999998,100,0.49,3.21,20952577,0.8187662731503881,0.94,68,ok,997,0.8367175714025963,0.8171016554170624,0.16145951836382544,0.6199235954642224,1.189098975720123,0.5691753802559005,1.02,56.0,usable_but_moderately_uncertain
mw64,7,primary_N100_step20,100,20,False,dynamic,0.01,1.5,1000,111,2220,2320,2019-07-05 23:48:54.780000+00:00,2019-07-06 01:50:54.650000+00:00,2019-07-06 00:55:13.640000+00:00,2019-07-06 00:55:13.640000+00:00,31.356833333333334,100,0.47,3.21,20952594,0.8205537948390804,1.8,14,ok,996,0.8087078429061794,0.7759159841241541,0.17261024447670265,0.596893964691369,1.2498545498973117,0.6529605852059427,1.17,39.0,highly_unreliable
mw64,7,primary_N100_step20,100,20,False,dynamic,0.01,1.5,1000,112,2240,2340,2019-07-06 00:13:52.020000+00:00,2019-07-06 02:10:02.780000+00:00,2019-07-06 01:21:46.090000+00:00,2019-07-06 01:21:46.090000+00:00,31.799180555555555,100,0.47,3.21,20952611,0.7791188748951782,1.17,37,ok,1000,0.7901437401207768,0.7805012733621032,0.14438963574278743,0.5350686998954256,1.1050483584758375,0.5699796585804119,1.17,37.0,exploratory
mw64,7,primary_N100_step20,100,20,False,dynamic,0.01,1.5,1000,113,2260,2360,2019-07-06 00:45:10.960000+00:00,2019-07-06 02:38:48.030000+00:00,2019-07-06 01:44:10+00:00,2019-07-06 01:44:10+00:00,32.17248888888889,100,0.47,3.12,20952628,0.8787581151955332,1.8,13,ok,998,0.8468121147127586,0.8087654243338752,0.27677419707495354,0.6320922002565468,1.2800187290081484,0.6479265287516016,1.1,42.0,highly_unreliable
mw64,7,primary_N100_step20,100,20,False,dynamic,0.01,1.5,1000,114,2280,2380,2019-07-06 01:08:48.940000+00:00,2019-07-06 02:56:59+00:00,2019-07-06 02:04:19.370000+00:00,2019-07-06 02:04:19.370000+00:00,32.508425,100,0.47,2.77,20952645,0.9009144289010704,0.8600000000000001,64,ok,995,0.8908375994721502,0.8712697862275858,0.17429153397611497,0.6775159610039027,1.199683431802311,0.5221674707984084,1.04,46.0,usable_but_moderately_uncertain
mw64,7,primary_N100_step20,100,20,False,dynamic,0.01,1.5,1000,115,2300,2400,2019-07-06 01:36:12.110000+00:00,2019-07-06 03:16:03.990000+00:00,2019-07-06 02:27:50.210000+00:00,2019-07-06 02:27:50.210000+00:00,32.900325,100,0.47,2.77,20952662,0.8820411862032288,1.04,46,ok,994,0.9044276960099511,0.8834800527065692,0.15923602262969305,0.6793480901263271,1.2444271478789328,0.5650790577526057,1.04,47.0,exploratory
mw64,7,exploratory_N50_step10,50,10,True,dynamic,0.01,1.5,1000,0,0,50,2019-07-04 17:35:51.840000+00:00,2019-07-04 18:05:55.680000+00:00,2019-07-04 17:53:14.740000+00:00,2019-07-04 17:53:14.740000+00:00,0.32380555555555557,50,2.01,4.68,20950707,0.5316601752748751,2.56,32,ok,978,0.6531177785821694,0.568328104250555,0.2718332154615029,0.434327922816274,1.3008335178341623,0.8665055950178884,2.56,30.0,exploratory
mw64,7,exploratory_N50_step10,50,10,True,dynamic,0.01,1.5,1000,1,10,60,2019-07-04 17:43:48.940000+00:00,2019-07-04 18:11:40.040000+00:00,2019-07-04 17:59:48.180000+00:00,2019-07-04 17:59:48.180000+00:00,0.43309444444444445,50,2.01,4.04,20950724,0.7121903303386948,2.56,27,ok,981,0.9514585370206182,0.7198415878155544,1.6087812506599066,0.5466465878995563,2.4367870565221796,1.8901404686226233,2.54,28.0,highly_unreliable
mw64,7,exploratory_N50_step10,50,10,True,dynamic,0.01,1.5,1000,2,20,70,2019-07-04 17:50:13.640000+00:00,2019-07-04 18:17:55.680000+00:00,2019-07-04 18:04:27.740000+00:00,2019-07-04 18:04:27.740000+00:00,0.51075,50,1.8,4.04,20950741,0.7787069747383069,2.56,22,ok,977,0.8500453363154914,0.7815625119566448,0.4723031515538097,0.5734008798803447,1.5933632538954066,1.0199623740150618,2.54,24.0,highly_unreliable
mw64,7,exploratory_N50_step10,50,10,True,dynamic,0.01,1.5,1000,3,30,80,2019-07-04 17:56:55.240000+00:00,2019-07-04 18:22:41.960000+00:00,2019-07-04 18:09:21.200000+00:00,2019-07-04 18:09:21.200000+00:00,0.5922666666666666,50,1.8,4.04,20950758,0.7572649728076273,2.33,27,ok,988,0.8057696877249949,0.7484438429931767,0.44843623494021806,0.5666853669967576,1.272583862629139,0.7058984956323814,2.33,27.0,highly_unreliable
mw64,7,exploratory_N50_step10,50,10,True,dynamic,0.01,1.5,1000,4,40,90,2019-07-04 18:02:25.200000+00:00,2019-07-04 18:30:07.740000+00:00,2019-07-04 18:15:12.640000+00:00,2019-07-04 18:15:12.640000+00:00,0.6898888888888889,50,1.33,4.04,20950775,0.706645075562433,2.33,25,ok,985,0.7562341313997125,0.6969134667962065,0.4794617372010849,0.5002364421332264,1.2751808056331133,0.7749443634998869,2.33,25.0,highly_unreliable
mw64,7,exploratory_N50_step10,50,10,True,dynamic,0.01,1.5,1000,5,50,100,2019-07-04 18:06:15.960000+00:00,2019-07-04 18:36:50.500000+00:00,2019-07-04 18:21:25.120000+00:00,2019-07-04 18:21:25.120000+00:00,0.7933555555555555,50,1.33,4.04,20950792,0.6280579187208416,2.33,20,ok,994,0.665822596261582,0.6315329840287297,0.24335198270584163,0.4712058866127868,0.9701982211574433,0.49899233454465647,2.31,21.5,highly_unreliable
mw64,7,exploratory_N50_step10,50,10,True,dynamic,0.01,1.5,1000,6,60,110,2019-07-04 18:11:49.640000+00:00,2019-07-04 18:43:37.760000+00:00,2019-07-04 18:26:30.320000+00:00,2019-07-04 18:26:30.320000+00:00,0.8781333333333334,50,1.33,3.56,20950809,0.7391260032637927,2.13,27,ok,987,0.8867108821098273,0.773403304901013,0.8733267851522933,0.5645020638515359,1.7769511276465972,1.2124490637950613,2.15,24.0,highly_unreliable
mw64,7,exploratory_N50_step10,50,10,True,dynamic,0.01,1.5,1000,7,70,120,2019-07-04 18:18:18.200000+00:00,2019-07-04 18:49:31.580000+00:00,2019-07-04 18:32:52.840000+00:00,2019-07-04 18:32:52.840000+00:00,0.984388888888889,50,1.33,4.89,20950826,0.7933789124932042,2.13,29,ok,953,0.8028330562202226,0.7686828666290955,0.5855682454280362,0.4596597678563218,1.1977021780399166,0.7380424101835948,2.15,24.0,highly_unreliable
mw64,7,exploratory_N50_step10,50,10,True,dynamic,0.01,1.5,1000,8,80,130,2019-07-04 18:22:56.960000+00:00,2019-07-04 18:56:06.320000+00:00,2019-07-04 18:41:14.120000+00:00,2019-07-04 18:41:14.120000+00:00,1.1236333333333333,50,1.33,4.89,20950843,0.5820074067554788,2.13,33,ok,987,0.6081825622130639,0.5824657056783346,0.22938937881808005,0.4004093140125981,0.884985285364072,0.48457597135147384,2.13,31.0,exploratory
mw64,7,exploratory_N50_step10,50,10,True,dynamic,0.01,1.5,1000,9,90,140,2019-07-04 18:30:20.680000+00:00,2019-07-04 19:01:28.160000+00:00,2019-07-04 18:47:58.800000+00:00,2019-07-04 18:47:58.800000+00:00,1.2360444444444445,50,1.6,4.89,20950860,0.5773899531107067,2.13,39,ok,984,0.6839602889004663,0.6107137423067416,0.6925306047126882,0.43213761340889384,1.2015698157054844,0.7694322022965905,2.13,34.0,exploratory
mw64,7,exploratory_N50_step10,50,10,True,dynamic,0.01,1.5,1000,10,100,150,2019-07-04 18:37:31.440000+00:00,2019-07-04 19:06:25.240000+00:00,2019-07-04 18:53:03.040000+00:00,2019-07-04 18:53:03.040000+00:00,1.3205555555555555,50,1.55,4.89,20950877,0.5918926122241285,2.13,40,ok,967,0.775081747435621,0.6228580424810881,1.130818162840703,0.334462788096835,1.7378343543778725,1.4033715662810375,2.4000000000000004,26.0,exploratory
mw64,7,exploratory_N50_step10,50,10,True,dynamic,0.01,1.5,1000,11,110,160,2019-07-04 18:44:24.860000+00:00,2019-07-04 19:14:00.400000+00:00,2019-07-04 18:59:08.580000+00:00,2019-07-04 18:59:08.580000+00:00,1.4220944444444443,50,1.11,4.89,20950894,0.560666005679734,2.3400000000000003,26,ok,981,0.6194771499940863,0.5488330543806712,0.38681785713980066,0.3423468385362335,1.3083819703037631,0.9660351317675296,2.3400000000000003,26.0,highly_unreliable
mw64,7,exploratory_N50_step10,50,10,True,dynamic,0.01,1.5,1000,12,120,170,2019-07-04 18:49:52.420000+00:00,2019-07-04 19:21:31.760000+00:00,2019-07-04 19:03:42.160000+00:00,2019-07-04 19:03:42.160000+00:00,1.4980888888888888,50,1.11,4.88,20950911,0.4572122708161496,1.75,43,ok,975,0.6337623537456739,0.5542575452556486,0.4359599398412979,0.3381946097688029,1.392195752298535,1.0540011425297322,2.3400000000000003,27.0,exploratory
mw64,7,exploratory_N50_step10,50,10,True,dynamic,0.01,1.5,1000,13,130,180,2019-07-04 18:57:15.960000+00:00,2019-07-04 19:29:14.320000+00:00,2019-07-04 19:10:19.600000+00:00,2019-07-04 19:10:19.600000+00:00,1.608488888888889,50,1.11,4.78,20950928,0.5461220179435582,1.75,41,ok,918,0.926579401080651,0.6962791258952514,0.9445179663930664,0.35703684866135016,3.3425271179439484,2.9854902692825984,2.3400000000000003,24.0,exploratory
mw64,7,exploratory_N50_step10,50,10,True,dynamic,0.01,1.5,1000,14,140,190,2019-07-04 19:01:45+00:00,2019-07-04 19:33:20.800000+00:00,2019-07-04 19:16:57.280000+00:00,2019-07-04 19:16:57.280000+00:00,1.7189555555555556,50,1.11,4.78,20950945,0.6783045193486994,1.75,36,ok,959,0.8772723211424931,0.7036824032673196,1.4063871851456538,0.400274245367395,1.9927647761444958,1.5924905307771007,2.0500000000000003,26.0,exploratory
mw64,7,exploratory_N50_step10,50,10,True,dynamic,0.01,1.5,1000,15,150,200,2019-07-04 19:06:34.720000+00:00,2019-07-04 19:39:49.360000+00:00,2019-07-04 19:26:58.240000+00:00,2019-07-04 19:26:58.240000+00:00,1.885888888888889,50,1.11,4.78,20950962,0.7157457758153092,1.8599999999999999,28,ok,988,0.7683176088595695,0.7052166923628618,0.3494314463161304,0.4175266833125672,1.4240439114610284,1.0065172281484611,1.99,25.0,highly_unreliable
mw64,7,exploratory_N50_step10,50,10,True,dynamic,0.01,1.5,1000,16,160,210,2019-07-04 19:14:28.240000+00:00,2019-07-04 19:47:39.020000+00:00,2019-07-04 19:31:02.420000+00:00,2019-07-04 19:31:02.420000+00:00,1.9537166666666668,50,1.26,4.78,20950979,0.6948859955327824,1.68,33,ok,978,0.8106102624579581,0.7147910561102708,0.555370938004199,0.4904229543846288,1.7898010834815155,1.2993781290968867,1.8599999999999999,25.0,exploratory
mw64,7,exploratory_N50_step10,50,10,True,dynamic,0.01,1.5,1000,17,170,220,2019-07-04 19:23:46.600000+00:00,2019-07-04 19:54:16.920000+00:00,2019-07-04 19:37:29.240000+00:00,2019-07-04 19:37:29.240000+00:00,2.061166666666667,50,1.26,3.59,20950996,0.7777165532327229,1.68,32,ok,976,0.9088392664415923,0.8164781900304672,0.38782060253680933,0.590599058658278,1.8008401079835652,1.2102410493252873,1.8299999999999998,26.0,exploratory
mw64,7,exploratory_N50_step10,50,10,True,dynamic,0.01,1.5,1000,18,180,230,2019-07-04 19:29:27.200000+00:00,2019-07-04 19:58:49+00:00,2019-07-04 19:43:55.980000+00:00,2019-07-04 19:43:55.980000+00:00,2.1685944444444445,50,1.26,4.28,20951013,0.6673806720329845,1.68,33,ok,982,0.6947944151191532,0.6610393707779697,0.24038832430465254,0.47586039203447117,1.1235488910144589,0.6476884989799877,1.71,27.0,exploratory
mw64,7,exploratory_N50_step10,50,10,True,dynamic,0.01,1.5,1000,19,190,240,2019-07-04 19:34:18.320000+00:00,2019-07-04 20:04:51.800000+00:00,2019-07-04 19:51:16.840000+00:00,2019-07-04 19:51:16.840000+00:00,2.2910555555555554,50,1.27,4.28,20951030,0.6935803768157635,1.7,34,ok,984,0.6880589443588726,0.6562702962567154,0.3096785100999951,0.44665235501339734,1.0122326386522138,0.5655802836388164,1.8599999999999999,24.0,exploratory
mw64,7,exploratory_N50_step10,50,10,True,dynamic,0.01,1.5,1000,20,200,250,2019-07-04 19:40:28.940000+00:00,2019-07-04 20:11:31.260000+00:00,2019-07-04 19:57:01.240000+00:00,2019-07-04 19:57:01.240000+00:00,2.3867222222222226,50,1.32,4.28,20951047,0.6502926574015349,1.7,35,ok,979,0.6637906357652531,0.6397252064743346,0.17151331969725786,0.4527849107896036,0.9816071738800809,0.5288222630904773,1.8,30.0,exploratory
mw64,7,exploratory_N50_step10,50,10,True,dynamic,0.01,1.5,1000,21,210,260,2019-07-04 19:48:25.680000+00:00,2019-07-04 20:23:58.100000+00:00,2019-07-04 20:02:33.720000+00:00,2019-07-04 20:02:33.720000+00:00,2.479077777777778,50,1.32,4.32,20951064,0.5713467586939932,1.7,37,ok,979,0.6223199914293519,0.5952468790868923,0.17468403064970006,0.418107658492855,1.0057323268318172,0.5876246683389622,1.91,28.0,exploratory
mw64,7,exploratory_N50_step10,50,10,True,dynamic,0.01,1.5,1000,22,220,270,2019-07-04 19:54:39.040000+00:00,2019-07-04 20:28:26.540000+00:00,2019-07-04 20:09:08.800000+00:00,2019-07-04 20:09:08.800000+00:00,2.5888222222222224,50,1.16,4.32,20951081,0.508678112360335,1.3699999999999999,41,ok,978,0.617015765639871,0.5818481101796467,0.16329000325946538,0.4096397362862284,0.99684956238616,0.5872098260999316,1.8,27.5,exploratory
mw64,7,exploratory_N50_step10,50,10,True,dynamic,0.01,1.5,1000,23,230,280,2019-07-04 19:59:06.600000+00:00,2019-07-04 20:35:20.800000+00:00,2019-07-04 20:18:35.920000+00:00,2019-07-04 20:18:35.920000+00:00,2.746355555555555,50,1.16,4.32,20951098,0.6625521052940925,1.3699999999999999,40,ok,983,0.7962407966661939,0.7515790469697606,0.24963284115967882,0.4585503926638415,1.4248231635070487,0.9662727708432073,1.81,25.0,exploratory
mw64,7,exploratory_N50_step10,50,10,True,dynamic,0.01,1.5,1000,24,240,290,2019-07-04 20:05:29.600000+00:00,2019-07-04 20:40:17.580000+00:00,2019-07-04 20:26:29.760000+00:00,2019-07-04 20:26:29.760000+00:00,2.8779777777777777,50,1.04,4.32,20951115,0.7202395284324089,2.14,10,ok,987,0.7962787094245273,0.7475132594878627,0.2699283752873842,0.4204494643559688,1.4414319509195919,1.020982486563623,1.9,18.0,highly_unreliable
mw64,7,exploratory_N50_step10,50,10,True,dynamic,0.01,1.5,1000,25,250,300,2019-07-04 20:12:36.280000+00:00,2019-07-04 20:48:10.360000+00:00,2019-07-04 20:32:19.920000+00:00,2019-07-04 20:32:19.920000+00:00,2.9752444444444444,50,0.84,4.32,20951132,0.7003287837905924,1.3599999999999999,35,ok,984,0.7829664849644492,0.7431498563592009,0.23851096610597164,0.4323623516444051,1.363792454920448,0.931430103276043,1.5,30.0,exploratory
mw64,7,exploratory_N50_step10,50,10,True,dynamic,0.01,1.5,1000,26,260,310,2019-07-04 20:24:24.880000+00:00,2019-07-04 20:54:58.260000+00:00,2019-07-04 20:39:05.620000+00:00,2019-07-04 20:39:05.620000+00:00,3.087938888888889,50,0.84,3.27,20951149,0.9992142446823208,1.48,29,ok,990,1.0552960362184822,0.9744511976848813,0.44243880711182043,0.6533165172681593,2.0171004384203335,1.3637839211521743,1.48,27.0,highly_unreliable
mw64,7,exploratory_N50_step10,50,10,True,dynamic,0.01,1.5,1000,27,270,320,2019-07-04 20:28:40.980000+00:00,2019-07-04 20:58:57.520000+00:00,2019-07-04 20:44:53.800000+00:00,2019-07-04 20:44:53.800000+00:00,3.1846555555555556,50,0.84,3.47,20951166,0.8605335817374559,1.53,33,ok,982,0.9019150012775031,0.849156933362567,0.3037797814405188,0.5751542350207973,1.5497016023111339,0.9745473672903365,1.81,19.0,exploratory
mw64,7,exploratory_N50_step10,50,10,True,dynamic,0.01,1.5,1000,28,280,330,2019-07-04 20:36:26.660000+00:00,2019-07-04 21:06:41.280000+00:00,2019-07-04 20:52:24.200000+00:00,2019-07-04 20:52:24.200000+00:00,3.3097666666666665,50,0.84,3.58,20951183,0.7076702669713397,1.53,31,ok,987,0.7704353487161537,0.7226364426049791,0.40167564850809057,0.5064491405136196,1.2164330615325198,0.7099839210189003,1.53,28.0,exploratory
mw64,7,exploratory_N50_step10,50,10,True,dynamic,0.01,1.5,1000,29,290,340,2019-07-04 20:40:53.960000+00:00,2019-07-04 21:14:35.740000+00:00,2019-07-04 20:57:30.160000+00:00,2019-07-04 20:57:30.160000+00:00,3.3947555555555557,50,0.84,3.58,20951200,0.7739204999479764,1.48,34,ok,980,0.7994353988486143,0.7457661064920411,0.48901571785219067,0.5149435590473199,1.234555272254505,0.7196117132071851,1.5899999999999999,28.0,exploratory
mw64,7,exploratory_N50_step10,50,10,True,dynamic,0.01,1.5,1000,30,300,350,2019-07-04 20:48:23.860000+00:00,2019-07-04 21:24:49.640000+00:00,2019-07-04 21:04:19.400000+00:00,2019-07-04 21:04:19.400000+00:00,3.5084333333333335,50,1.08,3.58,20951217,0.7122814088095523,1.38,38,ok,980,0.79178215722079,0.7532495773993654,0.236124934895568,0.5348375298015801,1.2460401459210788,0.7112026161194988,1.53,29.0,exploratory
mw64,7,exploratory_N50_step10,50,10,True,dynamic,0.01,1.5,1000,31,310,360,2019-07-04 20:55:24.900000+00:00,2019-07-04 21:31:51.360000+00:00,2019-07-04 21:12:08.560000+00:00,2019-07-04 21:12:08.560000+00:00,3.6387555555555555,50,1.08,3.58,20951234,0.7405931895678948,1.68,28,ok,976,0.7839350005659304,0.7315110906617197,0.2904356216429257,0.5346088592191139,1.3288018245477529,0.7941929653286389,1.69,25.0,highly_unreliable
mw64,7,exploratory_N50_step10,50,10,True,dynamic,0.01,1.5,1000,32,320,370,2019-07-04 20:59:29.200000+00:00,2019-07-04 21:38:21.620000+00:00,2019-07-04 21:18:19.560000+00:00,2019-07-04 21:18:19.560000+00:00,3.741811111111111,50,1.01,3.58,20951251,0.8496626555036626,1.68,26,ok,980,0.8623239707726317,0.8168337558828321,0.31367027213482934,0.5830606049536586,1.3522846817841074,0.7692240768304488,1.72,23.0,highly_unreliable
mw64,7,exploratory_N50_step10,50,10,True,dynamic,0.01,1.5,1000,33,330,380,2019-07-04 21:08:57.620000+00:00,2019-07-04 21:43:36.840000+00:00,2019-07-04 21:28:43.880000+00:00,2019-07-04 21:28:43.880000+00:00,3.9152333333333336,50,1.01,3.48,20951268,0.7699217435012918,1.68,22,ok,968,0.8265536593637208,0.7798921442348947,0.2635929895654932,0.5480148875961774,1.3395833333418732,0.7915684457456957,1.72,20.0,highly_unreliable
mw64,7,exploratory_N50_step10,50,10,True,dynamic,0.01,1.5,1000,34,340,390,2019-07-04 21:14:42.600000+00:00,2019-07-04 21:49:12.100000+00:00,2019-07-04 21:37:04.320000+00:00,2019-07-04 21:37:04.320000+00:00,4.0542444444444445,50,1.01,3.48,20951285,0.6753326838527046,1.72,21,ok,983,0.7999201296432801,0.7038962545257481,0.36667925037075283,0.5378882575179204,1.855482265693346,1.3175940081754258,1.72,22.0,highly_unreliable
mw64,7,exploratory_N50_step10,50,10,True,dynamic,0.01,1.5,1000,35,350,400,2019-07-04 21:25:27.960000+00:00,2019-07-04 21:55:42.200000+00:00,2019-07-04 21:40:33.280000+00:00,2019-07-04 21:40:33.280000+00:00,4.112288888888889,50,1.01,3.48,20951302,0.8217280415182481,1.88,17,ok,978,0.891080003457793,0.8073339233543994,0.5439538710859105,0.5683437389041148,1.5784373415246389,1.010093602620524,1.8699999999999999,18.0,highly_unreliable
mw64,7,exploratory_N50_step10,50,10,True,dynamic,0.01,1.5,1000,36,360,410,2019-07-04 21:34:41.400000+00:00,2019-07-04 22:00:27.680000+00:00,2019-07-04 21:47:49.960000+00:00,2019-07-04 21:47:49.960000+00:00,4.233588888888889,50,1.01,3.48,20951319,0.9195004341196943,1.88,15,ok,966,0.9997392792175639,0.9183430657017446,0.5303337037069573,0.6118003287729448,1.7202030107622306,1.1084026819892858,1.88,16.0,highly_unreliable
mw64,7,exploratory_N50_step10,50,10,True,dynamic,0.01,1.5,1000,37,370,420,2019-07-04 21:38:44.400000+00:00,2019-07-04 22:07:00.920000+00:00,2019-07-04 21:52:39.220000+00:00,2019-07-04 21:52:39.220000+00:00,4.313938888888889,50,1.02,3.56,20951336,0.6116924809681917,1.72,20,ok,970,0.7184429911000765,0.6913828887257774,0.2060532622182813,0.47444259800522365,1.1391359274149062,0.6646933294096826,1.72,20.0,highly_unreliable
mw64,7,exploratory_N50_step10,50,10,True,dynamic,0.01,1.5,1000,38,380,430,2019-07-04 21:43:51.380000+00:00,2019-07-04 22:17:17.920000+00:00,2019-07-04 21:58:29.280000+00:00,2019-07-04 21:58:29.280000+00:00,4.411177777777778,50,1.04,3.56,20951353,0.7996101096935851,1.66,27,ok,979,0.804046934969241,0.7648644201450041,0.26428124627033533,0.5285119408681466,1.2911132382096517,0.7626012973415052,1.7149999999999999,22.0,highly_unreliable
mw64,7,exploratory_N50_step10,50,10,True,dynamic,0.01,1.5,1000,39,390,440,2019-07-04 21:49:32.340000+00:00,2019-07-04 22:27:41.960000+00:00,2019-07-04 22:04:25.040000+00:00,2019-07-04 22:04:25.040000+00:00,4.51,50,1.0,3.56,20951370,0.8217280415182481,1.88,17,ok,976,0.8553219412979135,0.8182632572357699,0.22884432530494386,0.524491086930968,1.4135191411009471,0.8890280541699791,1.77,21.0,highly_unreliable
mw64,7,exploratory_N50_step10,50,10,True,dynamic,0.01,1.5,1000,40,400,450,2019-07-04 21:55:56.440000+00:00,2019-07-04 22:33:49.460000+00:00,2019-07-04 22:09:59.780000+00:00,2019-07-04 22:09:59.780000+00:00,4.602983333333333,50,1.0,3.56,20951387,0.7691871126386826,1.66,27,ok,981,0.7962843138466829,0.7619396870191972,0.19498807564428072,0.5318157422892495,1.3047559099871295,0.77294016769788,1.71,23.0,highly_unreliable
mw64,7,exploratory_N50_step10,50,10,True,dynamic,0.01,1.5,1000,41,410,460,2019-07-04 22:00:37.980000+00:00,2019-07-04 22:41:27.880000+00:00,2019-07-04 22:22:26.640000+00:00,2019-07-04 22:22:26.640000+00:00,4.810444444444444,50,0.97,3.56,20951404,0.6964229946903001,1.51,29,ok,979,0.7583284519372154,0.700490156865852,0.2378699760693437,0.5106128999452483,1.3449996683242185,0.8343867683789702,1.7,21.0,highly_unreliable
mw64,7,exploratory_N50_step10,50,10,True,dynamic,0.01,1.5,1000,42,420,470,2019-07-04 22:07:19.940000+00:00,2019-07-04 22:51:56.960000+00:00,2019-07-04 22:30:19.680000+00:00,2019-07-04 22:30:19.680000+00:00,4.9418444444444445,50,0.97,3.25,20951421,0.7994818287533114,1.7,17,ok,979,0.8894419487258198,0.8117890222179459,0.6275845407141388,0.5873895256632058,1.5160667502349459,0.9286772245717401,1.5999999999999999,20.0,highly_unreliable
mw64,7,exploratory_N50_step10,50,10,True,dynamic,0.01,1.5,1000,43,430,480,2019-07-04 22:17:35.600000+00:00,2019-07-04 23:00:33.760000+00:00,2019-07-04 22:38:47.160000+00:00,2019-07-04 22:38:47.160000+00:00,5.082811111111111,50,0.97,3.25,20951438,0.8096270086174826,1.7,14,ok,989,0.923068013012288,0.8547639316408326,0.32052730314140854,0.6004807122362775,1.6104764710585417,1.0099957588222641,1.5999999999999999,18.0,highly_unreliable
mw64,7,exploratory_N50_step10,50,10,True,dynamic,0.01,1.5,1000,44,440,490,2019-07-04 22:27:51.080000+00:00,2019-07-04 23:06:47.320000+00:00,2019-07-04 22:47:13.280000+00:00,2019-07-04 22:47:13.280000+00:00,5.223400000000001,50,0.97,3.25,20951455,0.8181170782090772,1.38,29,ok,985,0.8916905513488136,0.8104118616150037,0.6436705005181173,0.5829543660723892,1.5162395857593998,0.9332852196870106,1.51,22.0,highly_unreliable
mw64,7,exploratory_N50_step10,50,10,True,dynamic,0.01,1.5,1000,45,450,500,2019-07-04 22:34:27.820000+00:00,2019-07-04 23:12:40.020000+00:00,2019-07-04 22:56:33.260000+00:00,2019-07-04 22:56:33.260000+00:00,5.378950000000001,50,0.97,3.6,20951472,0.7648150794608183,1.38,28,ok,978,0.7663366065554423,0.7355908213812887,0.21606299021895117,0.48372664074889005,1.177302469162229,0.6935758284133389,1.51,22.0,highly_unreliable
mw64,7,exploratory_N50_step10,50,10,True,dynamic,0.01,1.5,1000,46,460,510,2019-07-04 22:42:21.520000+00:00,2019-07-04 23:21:07.620000+00:00,2019-07-04 23:05:09.440000+00:00,2019-07-04 23:05:09.440000+00:00,5.522333333333334,50,0.67,3.6,20951489,0.8211973206581024,1.38,31,ok,987,0.8681703055552698,0.8154844378376395,0.2983621909654087,0.5365513411772864,1.5056493196790095,0.9690979785017231,1.39,26.0,exploratory
mw64,7,exploratory_N50_step10,50,10,True,dynamic,0.01,1.5,1000,47,470,520,2019-07-04 22:53:11.800000+00:00,2019-07-04 23:26:43.600000+00:00,2019-07-04 23:09:50.520000+00:00,2019-07-04 23:09:50.520000+00:00,5.600411111111111,50,0.67,3.6,20951506,0.9033869944911133,1.38,33,ok,979,1.0946685280908897,0.911140723225759,2.2978971642630044,0.6042107213709945,1.9084712533187267,1.3042605319477323,1.54,24.0,exploratory
mw64,7,exploratory_N50_step10,50,10,True,dynamic,0.01,1.5,1000,48,480,530,2019-07-04 23:01:18.520000+00:00,2019-07-04 23:34:00.520000+00:00,2019-07-04 23:17:20.320000+00:00,2019-07-04 23:17:20.320000+00:00,5.725355555555555,50,0.67,3.6,20951523,0.8893713159982511,1.38,36,ok,966,1.0633132923600934,0.9232758909722476,1.9595986300623023,0.5094688737149898,2.073262510593897,1.5637936368789074,1.64,22.0,exploratory
mw64,7,exploratory_N50_step10,50,10,True,dynamic,0.01,1.5,1000,49,490,540,2019-07-04 23:07:10.460000+00:00,2019-07-04 23:43:41.440000+00:00,2019-07-04 23:25:35.160000+00:00,2019-07-04 23:25:35.160000+00:00,5.862811111111111,50,0.67,3.6,20951540,0.8433167536862765,1.3399999999999999,38,ok,956,1.1313881909731214,0.9906190481855386,0.6605592990938388,0.5209522413925896,2.707157537854541,2.186205296461951,1.7,21.0,exploratory
mw64,7,exploratory_N50_step10,50,10,True,dynamic,0.01,1.5,1000,50,500,550,2019-07-04 23:14:58.600000+00:00,2019-07-04 23:50:32.420000+00:00,2019-07-04 23:30:37.340000+00:00,2019-07-04 23:30:37.340000+00:00,5.94675,50,0.67,2.35,20951557,1.2502143734894717,1.5799999999999998,25,ok,966,1.6088495878335634,1.1937019691235362,1.2008061861548749,0.6115454884042686,5.141907721187433,4.5303622327831645,1.5799999999999998,25.0,highly_unreliable
mw64,7,exploratory_N50_step10,50,10,True,dynamic,0.01,1.5,1000,51,510,560,2019-07-04 23:22:19.420000+00:00,2019-07-04 23:59:20.920000+00:00,2019-07-04 23:39:34.940000+00:00,2019-07-04 23:39:34.940000+00:00,6.0960833333333335,50,0.71,3.42,20951574,0.8888197293798757,1.5799999999999998,22,ok,970,0.9529635548541642,0.8726178364157395,0.4757107131032913,0.543884995999626,1.8338644328952793,1.2899794368956532,1.54,24.0,highly_unreliable
mw64,7,exploratory_N50_step10,50,10,True,dynamic,0.01,1.5,1000,52,520,570,2019-07-04 23:26:54.880000+00:00,2019-07-05 00:04:12.110000+00:00,2019-07-04 23:48:43.440000+00:00,2019-07-04 23:48:43.440000+00:00,6.248444444444445,50,0.71,3.42,20951591,0.8811010211793376,1.46,24,ok,973,0.9146897145584537,0.8339736716223364,0.34665879399012767,0.566073944114343,1.7500641762472806,1.1839902321329376,1.43,25.0,highly_unreliable
mw64,7,exploratory_N50_step10,50,10,True,dynamic,0.01,1.5,1000,53,530,580,2019-07-04 23:36:54.840000+00:00,2019-07-05 00:13:01.200000+00:00,2019-07-04 23:55:30.400000+00:00,2019-07-04 23:55:30.400000+00:00,6.361488888888889,50,0.73,3.42,20951608,0.918635974391825,1.5799999999999998,18,ok,985,0.9063724903955229,0.8322589692368937,0.3210536538785241,0.5827387766898766,1.712360575587049,1.1296217988971724,1.43,22.0,highly_unreliable
mw64,7,exploratory_N50_step10,50,10,True,dynamic,0.01,1.5,1000,54,540,590,2019-07-04 23:43:54.920000+00:00,2019-07-05 00:23:04.390000+00:00,2019-07-05 00:02:21.430000+00:00,2019-07-05 00:02:21.430000+00:00,6.475663888888889,50,0.38,3.42,20951625,0.9306666459841718,1.43,18,ok,989,0.9471503950490583,0.8991925390591737,0.30244941294659206,0.551063513024715,1.6497337129119765,1.0986701998872614,1.43,18.0,highly_unreliable
mw64,7,exploratory_N50_step10,50,10,True,dynamic,0.01,1.5,1000,55,550,600,2019-07-04 23:51:56.780000+00:00,2019-07-05 00:28:48.650000+00:00,2019-07-05 00:09:20.460000+00:00,2019-07-05 00:09:20.460000+00:00,6.592061111111111,50,0.38,3.42,20951642,0.8538683091008803,1.12,33,ok,997,0.7992625720624621,0.7673684359094163,0.21377221149262454,0.4955122225522346,1.2921644121034006,0.796652189551166,1.3,21.0,exploratory
mw64,7,exploratory_N50_step10,50,10,True,dynamic,0.01,1.5,1000,56,560,610,2019-07-05 00:01:01.510000+00:00,2019-07-05 00:35:57.810000+00:00,2019-07-05 00:20:26.240000+00:00,2019-07-05 00:20:26.240000+00:00,6.777,50,0.38,4.36,20951659,0.669066806990148,1.43,17,ok,989,0.7413882567415255,0.7033262731203864,0.23606631318205637,0.4284341237466001,1.2759367710042435,0.8475026472576435,1.3599999999999999,20.0,highly_unreliable
mw64,7,exploratory_N50_step10,50,10,True,dynamic,0.01,1.5,1000,57,570,620,2019-07-05 00:05:59.810000+00:00,2019-07-05 00:43:46.830000+00:00,2019-07-05 00:26:52.300000+00:00,2019-07-05 00:26:52.300000+00:00,6.884238888888889,50,0.38,4.36,20951676,0.7375213634830174,1.18,31,ok,989,0.7662970642765393,0.7221994540888721,0.31887468135288477,0.4366333537197332,1.3002044338447953,0.8635710801250621,1.3,24.0,exploratory
mw64,7,exploratory_N50_step10,50,10,True,dynamic,0.01,1.5,1000,58,580,630,2019-07-05 00:13:20.300000+00:00,2019-07-05 00:54:05.330000+00:00,2019-07-05 00:34:06.360000+00:00,2019-07-05 00:34:06.360000+00:00,7.004811111111111,50,0.38,4.38,20951693,0.6048512158301812,1.18,33,ok,983,0.6232154749902893,0.5805981922936011,0.24985402242158583,0.3444761056657994,1.0911468987689494,0.74667079310315,1.3399999999999999,24.0,exploratory
mw64,7,exploratory_N50_step10,50,10,True,dynamic,0.01,1.5,1000,59,590,640,2019-07-05 00:23:44.090000+00:00,2019-07-05 01:02:34.030000+00:00,2019-07-05 00:38:29.630000+00:00,2019-07-05 00:38:29.630000+00:00,7.077941666666667,50,0.83,4.38,20951710,0.6253685286967732,1.12,38,ok,980,0.6510239353645051,0.5985208307818242,0.3633705023086284,0.3681592872274121,1.0172800958651393,0.6491208086377273,1.3399999999999999,25.0,exploratory
mw64,7,exploratory_N50_step10,50,10,True,dynamic,0.01,1.5,1000,60,600,650,2019-07-05 00:30:47.730000+00:00,2019-07-05 01:09:45.290000+00:00,2019-07-05 00:49:40.670000+00:00,2019-07-05 00:49:40.670000+00:00,7.264341666666667,50,0.7,4.38,20951727,0.6167215112479979,1.1300000000000001,38,ok,980,0.6638111404363457,0.6043676175147286,0.5640818999427444,0.3112279493107306,1.1296435407360879,0.8184155914253572,1.39,26.0,exploratory
mw64,7,exploratory_N50_step10,50,10,True,dynamic,0.01,1.5,1000,61,610,660,2019-07-05 00:36:17.620000+00:00,2019-07-05 01:15:03.010000+00:00,2019-07-05 01:00:49.980000+00:00,2019-07-05 01:00:49.980000+00:00,7.450261111111111,50,0.7,4.38,20951744,0.7443901263760648,1.22,32,ok,969,0.7929438610489092,0.7240355346127089,0.6511460380315346,0.40783913367514196,1.3850524570177998,0.9772133233426579,1.3399999999999999,24.0,exploratory
mw64,7,exploratory_N50_step10,50,10,True,dynamic,0.01,1.5,1000,62,620,670,2019-07-05 00:44:08.640000+00:00,2019-07-05 01:22:55.880000+00:00,2019-07-05 01:06:48.720000+00:00,2019-07-05 01:06:48.720000+00:00,7.549911111111111,50,0.7,4.38,20951761,0.6295615582537932,1.1300000000000001,32,ok,977,0.6472995817058773,0.6200286104570807,0.18219602658017447,0.38855262070263114,1.0506472201144905,0.6620945994118594,1.23,25.0,exploratory
mw64,7,exploratory_N50_step10,50,10,True,dynamic,0.01,1.5,1000,63,630,680,2019-07-05 00:56:04.430000+00:00,2019-07-05 01:30:01.900000+00:00,2019-07-05 01:13:17.330000+00:00,2019-07-05 01:13:17.330000+00:00,7.657858333333333,50,0.7,3.21,20951778,0.6966007783964254,1.16,26,ok,988,0.7571252326960581,0.7256351344684847,0.21518852527973045,0.5302770498891565,1.1370165566764303,0.6067395067872738,1.16,25.0,highly_unreliable
mw64,7,exploratory_N50_step10,50,10,True,dynamic,0.01,1.5,1000,64,640,690,2019-07-05 01:02:47.710000+00:00,2019-07-05 01:38:00.180000+00:00,2019-07-05 01:18:13.180000+00:00,2019-07-05 01:18:13.180000+00:00,7.740038888888889,50,0.7,3.21,20951795,0.6148931946342672,1.16,23,ok,992,0.679735130723932,0.6556997870737744,0.16550308868153976,0.4668852017471096,1.057309675032066,0.5904244732849564,1.16,23.0,highly_unreliable
mw64,7,exploratory_N50_step10,50,10,True,dynamic,0.01,1.5,1000,65,650,700,2019-07-05 01:11:10.850000+00:00,2019-07-05 01:47:02.570000+00:00,2019-07-05 01:26:46.160000+00:00,2019-07-05 01:26:46.160000+00:00,7.882533333333333,50,0.73,3.21,20951812,0.8445315464358413,1.16,27,ok,993,0.8780365554498766,0.8474307543704824,0.20164077307803552,0.5940261288342742,1.3172915424502496,0.7232654136159754,1.16,26.0,highly_unreliable
mw64,7,exploratory_N50_step10,50,10,True,dynamic,0.01,1.5,1000,66,660,710,2019-07-05 01:15:52.380000+00:00,2019-07-05 01:53:42.550000+00:00,2019-07-05 01:36:20.450000+00:00,2019-07-05 01:36:20.450000+00:00,8.042058333333333,50,0.73,3.21,20951829,0.8786166403654063,1.16,29,ok,986,0.9460694275217731,0.861280596698039,1.5099550996877356,0.5867282563545759,1.3916053261246493,0.8048770697700733,1.16,27.0,highly_unreliable
mw64,7,exploratory_N50_step10,50,10,True,dynamic,0.01,1.5,1000,67,670,720,2019-07-05 01:23:07.660000+00:00,2019-07-05 01:59:37.440000+00:00,2019-07-05 01:42:28.880000+00:00,2019-07-05 01:42:28.880000+00:00,8.1444,50,0.78,2.93,20951846,0.9340026254143432,1.16,32,ok,989,1.0083040709853637,0.9358323508549984,0.7602094735487855,0.6636036377984121,1.5910001889287448,0.9273965511303327,1.16,29.0,exploratory
mw64,7,exploratory_N50_step10,50,10,True,dynamic,0.01,1.5,1000,68,680,730,2019-07-05 01:32:14.260000+00:00,2019-07-05 02:07:49.430000+00:00,2019-07-05 01:50:15.320000+00:00,2019-07-05 01:50:15.320000+00:00,8.273966666666666,50,0.78,3.44,20951863,0.8833412627836976,1.79,12,ok,984,0.9062949206454378,0.8403225166535033,0.6778653103251175,0.5205178706466935,1.4215518835886525,0.901034012941959,1.57,18.0,highly_unreliable
mw64,7,exploratory_N50_step10,50,10,True,dynamic,0.01,1.5,1000,69,690,740,2019-07-05 01:38:23.760000+00:00,2019-07-05 02:12:26.790000+00:00,2019-07-05 01:56:32.270000+00:00,2019-07-05 01:56:32.270000+00:00,8.378675,50,0.78,3.44,20951880,0.8460549680051657,1.79,12,ok,985,0.9213784323757367,0.8908917153819197,0.2513834982747371,0.5625227443017464,1.508017494869958,0.9454947505682116,1.57,19.0,highly_unreliable
mw64,7,exploratory_N50_step10,50,10,True,dynamic,0.01,1.5,1000,70,700,750,2019-07-05 01:47:41.390000+00:00,2019-07-05 02:22:23.500000+00:00,2019-07-05 02:06:14.530000+00:00,2019-07-05 02:06:14.530000+00:00,8.540413888888889,50,0.75,3.44,20951897,1.0267487238136839,1.57,20,ok,982,0.9502763834457351,0.9102881216868486,0.2902509102918685,0.5123192750618706,1.62474534533329,1.1124260702714195,1.57,17.0,highly_unreliable
mw64,7,exploratory_N50_step10,50,10,True,dynamic,0.01,1.5,1000,71,710,760,2019-07-05 01:54:39.580000+00:00,2019-07-05 02:32:15.480000+00:00,2019-07-05 02:09:58.730000+00:00,2019-07-05 02:09:58.730000+00:00,8.602691666666667,50,0.75,3.44,20951914,0.8946821626193953,1.57,23,ok,972,0.8597889429330349,0.8175201378757424,0.23296326231074194,0.5332157635268147,1.4316838811660288,0.8984681176392142,1.57,21.0,highly_unreliable
mw64,7,exploratory_N50_step10,50,10,True,dynamic,0.01,1.5,1000,72,720,770,2019-07-05 02:00:33.800000+00:00,2019-07-05 02:38:48.720000+00:00,2019-07-05 02:16:46.970000+00:00,2019-07-05 02:16:46.970000+00:00,8.716091666666667,50,0.75,3.44,20951931,0.7029197083861779,1.05,42,ok,982,0.833072771510852,0.7978089876332595,0.20605913772011689,0.5643071082414832,1.3873335824157103,0.823026474174227,1.5,21.0,exploratory
mw64,7,exploratory_N50_step10,50,10,True,dynamic,0.01,1.5,1000,73,730,780,2019-07-05 02:08:05.350000+00:00,2019-07-05 02:45:19.980000+00:00,2019-07-05 02:27:27.760000+00:00,2019-07-05 02:27:27.760000+00:00,8.89408888888889,50,0.75,2.93,20951948,0.8807819139482337,1.05,42,ok,980,1.1065962572362886,1.023086850951762,0.3647629926574485,0.6647216465083329,2.0303016678904044,1.3655800213820717,1.42,22.0,exploratory
mw64,7,exploratory_N50_step10,50,10,True,dynamic,0.01,1.5,1000,74,740,790,2019-07-05 02:12:37.040000+00:00,2019-07-05 02:52:13.280000+00:00,2019-07-05 02:35:53.960000+00:00,2019-07-05 02:35:53.960000+00:00,9.034699999999999,50,0.75,2.93,20951965,0.9103030623758324,1.05,38,ok,985,1.0603095300597463,0.9876661629310087,0.3950229349555314,0.6247950609038908,1.840586403507478,1.2157913426035871,1.32,24.0,exploratory
mw64,7,exploratory_N50_step10,50,10,True,dynamic,0.01,1.5,1000,75,750,800,2019-07-05 02:22:41.220000+00:00,2019-07-05 02:59:49.700000+00:00,2019-07-05 02:43:14.360000+00:00,2019-07-05 02:43:14.360000+00:00,9.157033333333333,50,0.79,2.98,20951982,0.9063865995259591,1.3499999999999999,24,ok,989,0.9179872073752707,0.8376589308290963,0.5061641714326673,0.5269831886800247,1.5381281743876896,1.0111449857076649,1.3499999999999999,22.0,highly_unreliable
mw64,7,exploratory_N50_step10,50,10,True,dynamic,0.01,1.5,1000,76,760,810,2019-07-05 02:33:10.140000+00:00,2019-07-05 03:05:36.970000+00:00,2019-07-05 02:49:11.840000+00:00,2019-07-05 02:49:11.840000+00:00,9.256333333333334,50,0.79,2.98,20951999,1.165961254499335,1.3499999999999999,24,ok,976,1.1088744263558485,1.019847396027004,0.3962935292543465,0.5910599241946087,2.0636282358261404,1.4725683116315316,1.39,20.0,highly_unreliable
mw64,7,exploratory_N50_step10,50,10,True,dynamic,0.01,1.5,1000,77,770,820,2019-07-05 02:39:40.720000+00:00,2019-07-05 03:10:23.110000+00:00,2019-07-05 02:55:22.410000+00:00,2019-07-05 02:55:22.410000+00:00,9.359269444444445,50,0.69,2.98,20952016,0.7859880719920928,0.99,41,ok,980,0.9799916114806653,0.9259744126351763,0.2850872162206343,0.609118655253134,1.6226391553421657,1.0135205000890317,1.38,22.0,exploratory
mw64,7,exploratory_N50_step10,50,10,True,dynamic,0.01,1.5,1000,78,780,830,2019-07-05 02:45:43.720000+00:00,2019-07-05 03:18:22.490000+00:00,2019-07-05 03:03:48.060000+00:00,2019-07-05 03:03:48.060000+00:00,9.499727777777776,50,0.69,2.98,20952033,0.6691323633975196,0.99,37,ok,977,0.8625398541044698,0.777861657361844,0.3578349926225288,0.5630736085476968,1.7366438818977252,1.1735702733500284,1.11,31.0,exploratory
mw64,7,exploratory_N50_step10,50,10,True,dynamic,0.01,1.5,1000,79,790,840,2019-07-05 02:52:31.320000+00:00,2019-07-05 03:26:42.390000+00:00,2019-07-05 03:08:52.510000+00:00,2019-07-05 03:08:52.510000+00:00,9.584297222222222,50,0.69,3.55,20952050,0.6342552269314575,1.09,39,ok,983,0.7861717429291725,0.7006850165439659,0.3654497299442972,0.4944544300363661,1.5735931357164432,1.0791387056800772,1.39,29.0,exploratory
mw64,7,exploratory_N50_step10,50,10,True,dynamic,0.01,1.5,1000,80,800,850,2019-07-05 03:00:34.870000+00:00,2019-07-05 03:32:17.420000+00:00,2019-07-05 03:14:11.160000+00:00,2019-07-05 03:14:11.160000+00:00,9.672811111111113,50,0.69,3.55,20952067,1.0995384301463142,1.92,12,ok,975,0.9303952038624753,0.8035955596542018,0.5185483176043337,0.5209655543014207,1.959044214562748,1.4380786602613274,1.53,23.0,highly_unreliable
mw64,7,exploratory_N50_step10,50,10,True,dynamic,0.01,1.5,1000,81,810,860,2019-07-05 03:05:49.850000+00:00,2019-07-05 03:43:01.550000+00:00,2019-07-05 03:25:20.310000+00:00,2019-07-05 03:25:20.310000+00:00,9.85868611111111,50,0.65,3.55,20952084,1.1169415352440804,1.92,13,ok,974,0.9486498614672061,0.7222281882342338,0.8128507408328576,0.5024423796716279,2.6843283312710016,2.181885951599374,1.42,23.0,highly_unreliable
mw64,7,exploratory_N50_step10,50,10,True,dynamic,0.01,1.5,1000,82,820,870,2019-07-05 03:11:28.300000+00:00,2019-07-05 03:52:32.190000+00:00,2019-07-05 03:31:18.520000+00:00,2019-07-05 03:31:18.520000+00:00,9.95818888888889,50,0.45,3.55,20952101,0.5534763065873223,1.15,31,ok,984,0.6639447417214813,0.5818887046818587,0.347546468186739,0.43208201687313563,1.2895340584315305,0.8574520415583948,1.15,29.0,exploratory
mw64,7,exploratory_N50_step10,50,10,True,dynamic,0.01,1.5,1000,83,830,880,2019-07-05 03:19:53.370000+00:00,2019-07-05 04:00:16.490000+00:00,2019-07-05 03:37:56.740000+00:00,2019-07-05 03:37:56.740000+00:00,10.068805555555555,50,0.45,3.55,20952118,0.5827020519149572,1.15,31,ok,985,0.6256825133583329,0.5868933664097946,0.19867946875491901,0.447749711892293,0.9984220906600922,0.5506723787677992,1.17,29.0,exploratory
mw64,7,exploratory_N50_step10,50,10,True,dynamic,0.01,1.5,1000,84,840,890,2019-07-05 03:26:53.720000+00:00,2019-07-05 04:09:18.210000+00:00,2019-07-05 03:49:20.620000+00:00,2019-07-05 03:49:20.620000+00:00,10.258772222222223,50,0.45,3.2,20952135,0.6753519182996761,1.15,26,ok,990,0.7367363229297831,0.687811164889895,0.24581310766468562,0.5131375600644641,1.2402302235689089,0.7270926635044448,1.16,25.0,highly_unreliable
mw64,7,exploratory_N50_step10,50,10,True,dynamic,0.01,1.5,1000,85,850,900,2019-07-05 03:33:02.410000+00:00,2019-07-05 04:16:23.260000+00:00,2019-07-05 03:57:11.340000+00:00,2019-07-05 03:57:11.340000+00:00,10.38952777777778,50,0.45,3.85,20952152,0.5451922988811815,1.28,25,ok,994,0.5424137434787405,0.5206213955058137,0.11652147462002979,0.39224077615479624,0.7771712262739968,0.3849304501192006,1.17,26.0,highly_unreliable
mw64,7,exploratory_N50_step10,50,10,True,dynamic,0.01,1.5,1000,86,860,910,2019-07-05 03:43:58.460000+00:00,2019-07-05 04:23:16.460000+00:00,2019-07-05 04:05:31.510000+00:00,2019-07-05 04:05:31.510000+00:00,10.52846388888889,50,0.45,3.85,20952169,0.6111759771572118,1.28,25,ok,987,0.5923866903480726,0.5626215470986823,0.14421439466504674,0.3937580542647939,0.9447516984656439,0.5509936442008501,1.15,26.0,highly_unreliable
mw64,7,exploratory_N50_step10,50,10,True,dynamic,0.01,1.5,1000,87,870,920,2019-07-05 03:52:59.990000+00:00,2019-07-05 04:31:32.300000+00:00,2019-07-05 04:14:15.590000+00:00,2019-07-05 04:14:15.590000+00:00,10.674041666666668,50,0.5,3.85,20952186,0.7814506010119037,1.28,26,ok,978,0.7346527588635379,0.6960808546301007,0.21740980756828582,0.4048208893578228,1.2511367077238453,0.8463158183660225,1.28,27.0,highly_unreliable
mw64,7,exploratory_N50_step10,50,10,True,dynamic,0.01,1.5,1000,88,880,930,2019-07-05 04:01:02.750000+00:00,2019-07-05 04:37:53.490000+00:00,2019-07-05 04:21:31.500000+00:00,2019-07-05 04:21:31.500000+00:00,10.795127777777777,50,0.5,3.85,20952203,0.7240643794006055,1.28,27,ok,982,0.6915857530589901,0.6551705275567021,0.21189883160823417,0.44955896213642893,1.0947080998793108,0.645149137742882,1.25,29.0,highly_unreliable
mw64,7,exploratory_N50_step10,50,10,True,dynamic,0.01,1.5,1000,89,890,940,2019-07-05 04:10:14.330000+00:00,2019-07-05 04:43:36.140000+00:00,2019-07-05 04:28:01.730000+00:00,2019-07-05 04:28:01.730000+00:00,10.903525,50,0.5,3.85,20952220,0.5957493718923593,0.9099999999999999,40,ok,964,0.6460116084963152,0.6211888040417537,0.18125820814298255,0.40399778017401095,1.1056339069163834,0.7016361267423725,1.25,26.0,exploratory
mw64,7,exploratory_N50_step10,50,10,True,dynamic,0.01,1.5,1000,90,900,950,2019-07-05 04:16:37.270000+00:00,2019-07-05 04:49:33.410000+00:00,2019-07-05 04:35:02.670000+00:00,2019-07-05 04:35:02.670000+00:00,11.020452777777777,50,0.5,2.63,20952237,0.7795764498979757,0.9099999999999999,38,ok,935,1.0314098286280355,0.9301920219030444,0.41690245968878364,0.6311956911768217,1.9651061515789294,1.3339104604021077,1.32,22.0,exploratory
mw64,7,exploratory_N50_step10,50,10,True,dynamic,0.01,1.5,1000,91,910,960,2019-07-05 04:23:35.940000+00:00,2019-07-05 04:56:42.520000+00:00,2019-07-05 04:41:34.720000+00:00,2019-07-05 04:41:34.720000+00:00,11.129355555555556,50,0.5,2.63,20952254,0.9122039760632773,1.63,9,ok,949,0.9836738747180753,0.9099169689548763,0.33522093517977974,0.6282341361251687,1.6693219626347213,1.0410878265095527,1.46,15.0,highly_unreliable
mw64,7,exploratory_N50_step10,50,10,True,dynamic,0.01,1.5,1000,92,920,970,2019-07-05 04:32:30.020000+00:00,2019-07-05 05:06:39.300000+00:00,2019-07-05 04:47:31.880000+00:00,2019-07-05 04:47:31.880000+00:00,11.228566666666666,50,0.51,2.63,20952271,0.6554437454581163,0.71,46,ok,953,0.9489930127570649,0.8628651022356184,0.3716246753318399,0.5788345778137522,1.684507834292906,1.1056732564791538,1.19,28.0,exploratory
mw64,7,exploratory_N50_step10,50,10,True,dynamic,0.01,1.5,1000,93,930,980,2019-07-05 04:39:13.350000+00:00,2019-07-05 05:11:34.480000+00:00,2019-07-05 04:52:05.410000+00:00,2019-07-05 04:52:05.410000+00:00,11.304547222222222,50,0.51,3.31,20952288,0.6742472976849322,0.71,46,ok,984,0.8291735031101913,0.7512282298678161,0.29391725662235224,0.4787592146206174,1.5476640349488187,1.0689048203282012,1.18,28.0,exploratory
mw64,7,exploratory_N50_step10,50,10,True,dynamic,0.01,1.5,1000,94,940,990,2019-07-05 04:43:44.930000+00:00,2019-07-05 05:19:59.850000+00:00,2019-07-05 05:02:50.890000+00:00,2019-07-05 05:02:50.890000+00:00,11.483847222222222,50,0.51,3.31,20952305,0.6321719800278883,1.63,5,ok,982,0.9538492690741296,0.8897364173655219,0.3924288533029545,0.41837478020092966,1.8095367432763043,1.3911619630753747,1.18,23.0,highly_unreliable
mw64,7,exploratory_N50_step10,50,10,True,dynamic,0.01,1.5,1000,95,950,1000,2019-07-05 04:50:04.610000+00:00,2019-07-05 05:26:09.700000+00:00,2019-07-05 05:09:41.280000+00:00,2019-07-05 05:09:41.280000+00:00,11.597844444444444,50,0.51,3.31,20952322,0.7069351479190714,0.71,46,ok,982,0.9135141089932564,0.8339044887257384,0.5329776221955927,0.48217859616531394,1.657922077907329,1.175743481742015,1.3,21.0,exploratory
mw64,7,exploratory_N50_step10,50,10,True,dynamic,0.01,1.5,1000,96,960,1010,2019-07-05 04:57:52.080000+00:00,2019-07-05 05:32:31.610000+00:00,2019-07-05 05:16:00.400000+00:00,2019-07-05 05:16:00.400000+00:00,11.703155555555556,50,0.51,3.31,20952339,0.7168052573870165,0.71,45,ok,986,0.849377607673947,0.8057858212582913,0.3113914082673427,0.5193973810080673,1.4080278287589214,0.8886304477508541,1.07,26.0,exploratory
mw64,7,exploratory_N50_step10,50,10,True,dynamic,0.01,1.5,1000,97,970,1020,2019-07-05 05:06:47.100000+00:00,2019-07-05 05:38:47.560000+00:00,2019-07-05 05:23:22.030000+00:00,2019-07-05 05:23:22.030000+00:00,11.825830555555555,50,0.56,3.31,20952356,0.8543773543293671,1.07,30,ok,981,0.8860491008483724,0.8091199721485637,0.5786386987463856,0.5306532204477311,1.602744543415074,1.072091322967343,1.12,24.0,exploratory
mw64,7,exploratory_N50_step10,50,10,True,dynamic,0.01,1.5,1000,98,980,1030,2019-07-05 05:12:05.370000+00:00,2019-07-05 05:46:20.860000+00:00,2019-07-05 05:30:33.980000+00:00,2019-07-05 05:30:33.980000+00:00,11.945816666666667,50,0.56,3.0,20952373,0.9001244114790483,1.1,28,ok,979,0.9334525760685923,0.8866580386206001,0.2710680368139481,0.6069905312252631,1.555635923084528,0.9486453918592649,1.15,25.0,highly_unreliable
mw64,7,exploratory_N50_step10,50,10,True,dynamic,0.01,1.5,1000,99,990,1040,2019-07-05 05:20:31.860000+00:00,2019-07-05 05:52:37.770000+00:00,2019-07-05 05:35:03.520000+00:00,2019-07-05 05:35:03.520000+00:00,12.02068888888889,50,0.56,3.0,20952390,0.8001557632817587,1.1,27,ok,979,0.8249819459633223,0.7878574010509724,0.27460985316672326,0.5379258142988432,1.2932898554106287,0.7553640411117855,1.15,23.0,highly_unreliable
mw64,7,exploratory_N50_step10,50,10,True,dynamic,0.01,1.5,1000,100,1000,1050,2019-07-05 05:26:26.980000+00:00,2019-07-05 05:58:58.890000+00:00,2019-07-05 05:42:17.760000+00:00,2019-07-05 05:42:17.760000+00:00,12.141311111111111,50,0.57,3.0,20952407,0.8151752019545887,1.12,27,ok,977,0.8725274964010972,0.7913082634369087,0.4982095070584405,0.5370887373971281,1.5689947052754039,1.0319059678782758,1.17,23.0,highly_unreliable
mw64,7,exploratory_N50_step10,50,10,True,dynamic,0.01,1.5,1000,101,1010,1060,2019-07-05 05:32:47.820000+00:00,2019-07-05 06:06:23.110000+00:00,2019-07-05 05:49:59.980000+00:00,2019-07-05 05:49:59.980000+00:00,12.269705555555555,50,0.57,3.0,20952424,0.8820123390778628,1.17,27,ok,978,0.89897818366792,0.8423354572600296,0.3651810232848235,0.5676069777306761,1.4831188934095032,0.9155119156788271,1.2,24.0,highly_unreliable
mw64,7,exploratory_N50_step10,50,10,True,dynamic,0.01,1.5,1000,102,1020,1070,2019-07-05 05:39:03.700000+00:00,2019-07-05 06:14:21.520000+00:00,2019-07-05 05:56:34.490000+00:00,2019-07-05 05:56:34.490000+00:00,12.379291666666665,50,0.57,3.0,20952441,0.9584329312670566,1.18,27,ok,971,0.9664619936096519,0.8833412627836976,0.605048066115649,0.5478979890388382,1.759708274722929,1.2118102856840907,1.2,23.0,highly_unreliable
mw64,7,exploratory_N50_step10,50,10,True,dynamic,0.01,1.5,1000,103,1030,1080,2019-07-05 05:46:43.970000+00:00,2019-07-05 06:21:19.320000+00:00,2019-07-05 06:05:01.440000+00:00,2019-07-05 06:05:01.440000+00:00,12.520111111111111,50,0.47,2.75,20952458,0.9327867783785994,0.98,33,ok,966,0.992133782470357,0.9463769219930637,0.35861012025828193,0.5516452216546472,1.6229637901960412,1.071318568541394,1.18,23.0,exploratory
mw64,7,exploratory_N50_step10,50,10,True,dynamic,0.01,1.5,1000,104,1040,1090,2019-07-05 05:53:31.080000+00:00,2019-07-05 06:30:19.070000+00:00,2019-07-05 06:08:59.270000+00:00,2019-07-05 06:08:59.270000+00:00,12.586175,50,0.45,2.61,20952475,0.9193150558087179,0.98,35,ok,961,1.0427779692971746,0.9705308507377888,0.40922190930471586,0.6248949277001542,1.9870550857866875,1.3621601580865335,1.18,25.0,exploratory
mw64,7,exploratory_N50_step10,50,10,True,dynamic,0.01,1.5,1000,105,1050,1100,2019-07-05 05:59:20.030000+00:00,2019-07-05 06:38:17.260000+00:00,2019-07-05 06:17:45.770000+00:00,2019-07-05 06:17:45.770000+00:00,12.732425000000001,50,0.45,2.61,20952492,0.9477754981093671,0.98,37,ok,981,1.1715883408749705,1.0335911010857661,0.6295280583335362,0.6588991278180956,2.5348366389639816,1.875937511145886,1.18,27.0,exploratory
mw64,7,exploratory_N50_step10,50,10,True,dynamic,0.01,1.5,1000,106,1060,1110,2019-07-05 06:06:36.790000+00:00,2019-07-05 06:45:43.640000+00:00,2019-07-05 06:25:56.130000+00:00,2019-07-05 06:25:56.130000+00:00,12.86863611111111,50,0.45,3.33,20952509,0.7034125745955379,0.98,33,ok,979,0.8574314211401076,0.7780474696782845,0.3302301070960092,0.5396373042260872,1.6125223456713922,1.0728850414453048,1.16,27.0,exploratory
mw64,7,exploratory_N50_step10,50,10,True,dynamic,0.01,1.5,1000,107,1070,1120,2019-07-05 06:14:48.470000+00:00,2019-07-05 06:51:19.680000+00:00,2019-07-05 06:35:45.730000+00:00,2019-07-05 06:35:45.730000+00:00,13.03241388888889,50,0.45,3.33,20952526,0.926883160440393,1.5,14,ok,984,0.9171945981767945,0.8387697884374021,0.31828995970557356,0.5529995099271194,1.7631396915677766,1.2101401816406572,1.5,18.0,highly_unreliable
mw64,7,exploratory_N50_step10,50,10,True,dynamic,0.01,1.5,1000,108,1080,1130,2019-07-05 06:22:04.800000+00:00,2019-07-05 06:56:45.690000+00:00,2019-07-05 06:43:20.010000+00:00,2019-07-05 06:43:20.010000+00:00,13.158602777777778,50,0.45,3.33,20952543,0.9407468521831293,1.5999999999999999,12,ok,992,0.9606974871873842,0.879402102237087,0.369310201977793,0.5565282972599971,1.8347786925109342,1.2782503952509372,1.5,15.0,highly_unreliable
mw64,7,exploratory_N50_step10,50,10,True,dynamic,0.01,1.5,1000,109,1090,1140,2019-07-05 06:31:58.960000+00:00,2019-07-05 07:01:05.850000+00:00,2019-07-05 06:49:33.370000+00:00,2019-07-05 06:49:33.370000+00:00,13.262313888888889,50,0.73,3.33,20952560,0.6582970200530806,0.9299999999999999,38,ok,986,0.7278040712407446,0.6981410616444298,0.21172147284929543,0.5038564396384237,1.148109050031866,0.6442526103934423,1.23,25.0,exploratory
mw64,7,exploratory_N50_step10,50,10,True,dynamic,0.01,1.5,1000,110,1100,1150,2019-07-05 06:40:02.430000+00:00,2019-07-05 07:09:22.770000+00:00,2019-07-05 06:54:26.450000+00:00,2019-07-05 06:54:26.450000+00:00,13.343725000000001,50,0.73,3.33,20952577,0.6229031623215399,0.9299999999999999,36,ok,990,0.6287314542372355,0.6084075763619601,0.14621755378238577,0.39595868151280544,0.9584966123058565,0.562537930793051,1.08,29.0,exploratory
mw64,7,exploratory_N50_step10,50,10,True,dynamic,0.01,1.5,1000,111,1110,1160,2019-07-05 06:45:57.660000+00:00,2019-07-05 07:15:50.970000+00:00,2019-07-05 06:59:00.520000+00:00,2019-07-05 06:59:00.520000+00:00,13.419855555555557,50,0.72,3.29,20952594,0.7458016394701289,1.4,15,ok,988,0.8083358922470093,0.7748129765002043,0.23430607244154253,0.497623169803822,1.3189378303997097,0.8213146605958876,1.3399999999999999,18.0,highly_unreliable
mw64,7,exploratory_N50_step10,50,10,True,dynamic,0.01,1.5,1000,112,1120,1170,2019-07-05 06:51:57.270000+00:00,2019-07-05 07:21:52.410000+00:00,2019-07-05 07:06:10.410000+00:00,2019-07-05 07:06:10.410000+00:00,13.539269444444445,50,0.53,3.29,20952611,0.7413742122240687,0.9299999999999999,37,ok,982,0.7663972670053991,0.7351730385783162,0.18775117583881587,0.500839930791883,1.1776481032065336,0.6768081724146505,1.04,31.0,exploratory
mw64,7,exploratory_N50_step10,50,10,True,dynamic,0.01,1.5,1000,113,1130,1180,2019-07-05 06:57:03.180000+00:00,2019-07-05 07:27:02.680000+00:00,2019-07-05 07:13:16.250000+00:00,2019-07-05 07:13:16.250000+00:00,13.657558333333332,50,0.53,3.29,20952628,0.7381953622599532,0.9199999999999999,33,ok,985,0.7768535404302437,0.7416560139363841,0.2294048958810152,0.4932424151335335,1.2756348706385476,0.7823924555050141,1.04,28.0,exploratory
mw64,7,exploratory_N50_step10,50,10,True,dynamic,0.01,1.5,1000,114,1140,1190,2019-07-05 07:02:22.180000+00:00,2019-07-05 07:34:44.680000+00:00,2019-07-05 07:19:40.860000+00:00,2019-07-05 07:19:40.860000+00:00,13.764394444444445,50,0.52,3.29,20952645,0.8438132916895927,0.8999999999999999,33,ok,982,0.8931177826149638,0.8355585508286968,0.35179774020934834,0.5541196084281881,1.4977155969652787,0.9435959885370906,1.07,24.0,exploratory
mw64,7,exploratory_N50_step10,50,10,True,dynamic,0.01,1.5,1000,115,1150,1200,2019-07-05 07:09:24.510000+00:00,2019-07-05 07:44:02.610000+00:00,2019-07-05 07:25:21.030000+00:00,2019-07-05 07:25:21.030000+00:00,13.85888611111111,50,0.52,3.83,20952662,0.7272665823701013,1.15,23,ok,974,0.8433939009891964,0.7498438491088275,0.5249205258004074,0.48156884526449706,1.9151653178267058,1.4335964725622088,1.15,25.0,highly_unreliable
mw64,7,exploratory_N50_step10,50,10,True,dynamic,0.01,1.5,1000,116,1160,1210,2019-07-05 07:16:17.860000+00:00,2019-07-05 07:51:45.240000+00:00,2019-07-05 07:32:52.850000+00:00,2019-07-05 07:32:52.850000+00:00,13.984391666666665,50,0.52,3.83,20952679,0.687360883367257,1.15,19,ok,980,0.8283464783508417,0.7430745645725948,0.6332248948990211,0.4956953764851854,1.4307138926103324,0.935018516125147,0.96,28.0,highly_unreliable
mw64,7,exploratory_N50_step10,50,10,True,dynamic,0.01,1.5,1000,117,1170,1220,2019-07-05 07:22:22.120000+00:00,2019-07-05 08:02:37.330000+00:00,2019-07-05 07:41:51.890000+00:00,2019-07-05 07:41:51.890000+00:00,14.134125,50,0.52,3.83,20952696,0.6291833382354042,0.76,38,ok,966,0.8115971440213612,0.6940964765804098,1.0604636027475105,0.5050652167081571,1.4733439258682464,0.9682787091600893,0.8999999999999999,34.0,exploratory
mw64,7,exploratory_N50_step10,50,10,True,dynamic,0.01,1.5,1000,118,1180,1230,2019-07-05 07:28:59.930000+00:00,2019-07-05 08:07:40.920000+00:00,2019-07-05 07:47:08.470000+00:00,2019-07-05 07:47:08.470000+00:00,14.222063888888888,50,0.39,3.83,20952713,0.6172525890542858,0.76,43,ok,966,0.8696327677624106,0.7516335591792666,0.656826927029461,0.4920897393858196,2.3967472722643928,1.904657532878573,1.19,26.0,exploratory
mw64,7,exploratory_N50_step10,50,10,True,dynamic,0.01,1.5,1000,119,1190,1240,2019-07-05 07:35:05.560000+00:00,2019-07-05 08:15:32.950000+00:00,2019-07-05 07:57:51.280000+00:00,2019-07-05 07:57:51.280000+00:00,14.400622222222221,50,0.39,3.83,20952730,0.6820329207159379,0.76,45,ok,929,0.907420490496817,0.7860748208042334,1.0694822440000558,0.4975347666485287,1.6030097027168653,1.1054749360683367,1.18,25.5,exploratory
mw64,7,exploratory_N50_step10,50,10,True,dynamic,0.01,1.5,1000,120,1200,1250,2019-07-05 07:44:27.030000+00:00,2019-07-05 08:24:24.210000+00:00,2019-07-05 08:05:16.400000+00:00,2019-07-05 08:05:16.400000+00:00,14.524266666666668,50,0.39,2.31,20952747,0.7996227908592993,0.76,43,ok,971,1.1619210720713486,0.9583617168295315,1.2687901828453416,0.6717235542630227,3.097916215853144,2.4261926615901213,1.185,21.0,exploratory
mw64,7,exploratory_N50_step10,50,10,True,dynamic,0.01,1.5,1000,121,1210,1260,2019-07-05 07:52:18.730000+00:00,2019-07-05 08:29:36.550000+00:00,2019-07-05 08:10:02.820000+00:00,2019-07-05 08:10:02.820000+00:00,14.603827777777777,50,0.39,2.31,20952764,0.9658540739929937,1.04,30,ok,970,1.0997815232891321,0.9758933808107157,0.7027478202694551,0.6338931004336041,2.4668355323161753,1.832942431882571,1.22,21.0,exploratory
mw64,7,exploratory_N50_step10,50,10,True,dynamic,0.01,1.5,1000,122,1220,1270,2019-07-05 08:02:56.850000+00:00,2019-07-05 08:33:18.370000+00:00,2019-07-05 08:19:55.460000+00:00,2019-07-05 08:19:55.460000+00:00,14.76845,50,0.39,2.31,20952781,0.9551492606866774,0.9099999999999999,34,ok,955,1.076131946612654,0.9545317906230362,0.7162713301237842,0.6681377026162114,2.0203386088286988,1.3522009062124873,1.16,21.0,exploratory
mw64,7,exploratory_N50_step10,50,10,True,dynamic,0.01,1.5,1000,123,1230,1280,2019-07-05 08:08:12.770000+00:00,2019-07-05 08:39:31.440000+00:00,2019-07-05 08:27:43.560000+00:00,2019-07-05 08:27:43.560000+00:00,14.898477777777776,50,0.49,2.31,20952798,0.9935766377604818,0.9099999999999999,33,ok,965,1.1247528853709179,1.0385797759375142,0.33624138010695837,0.7335878281284005,1.8745588783515452,1.1409710502231447,1.1,22.0,exploratory
mw64,7,exploratory_N50_step10,50,10,True,dynamic,0.01,1.5,1000,124,1240,1290,2019-07-05 08:16:07.130000+00:00,2019-07-05 08:48:57.900000+00:00,2019-07-05 08:31:22.120000+00:00,2019-07-05 08:31:22.120000+00:00,14.959188888888889,50,0.4,3.18,20952815,0.9101720896331875,1.05,23,ok,987,0.9288878986645176,0.8871004226142843,0.23954306262853742,0.5905348295566952,1.5189145662754904,0.9283797367187951,1.05,23.5,highly_unreliable
mw64,7,exploratory_N50_step10,50,10,True,dynamic,0.01,1.5,1000,125,1250,1300,2019-07-05 08:24:56.030000+00:00,2019-07-05 08:56:52.900000+00:00,2019-07-05 08:36:27.640000+00:00,2019-07-05 08:36:27.640000+00:00,15.044055555555556,50,0.4,3.66,20952832,0.7673684359094163,0.9099999999999999,31,ok,982,0.7469147612311449,0.7178584627123376,0.23141836865718549,0.4454341426249989,1.1926008085205615,0.7471666658955626,1.05,24.0,exploratory
mw64,7,exploratory_N50_step10,50,10,True,dynamic,0.01,1.5,1000,126,1260,1310,2019-07-05 08:29:47.790000+00:00,2019-07-05 09:03:51.780000+00:00,2019-07-05 08:44:19.680000+00:00,2019-07-05 08:44:19.680000+00:00,15.175177777777778,50,0.4,3.66,20952849,0.74081878478576,1.05,24,ok,989,0.7504983044175789,0.7169104388271618,0.2077090037659927,0.4289906968198842,1.2177380565847613,0.7887473597648771,1.05,22.0,highly_unreliable
mw64,7,exploratory_N50_step10,50,10,True,dynamic,0.01,1.5,1000,127,1270,1320,2019-07-05 08:34:32.530000+00:00,2019-07-05 09:12:47.290000+00:00,2019-07-05 08:52:21.050000+00:00,2019-07-05 08:52:21.050000+00:00,15.308891666666668,50,0.4,3.66,20952866,0.6889802000478902,1.05,28,ok,986,0.6720081570550939,0.6349064024707642,0.20085373071479476,0.4253232805763604,1.080074170686554,0.6547508901101936,1.11,23.0,highly_unreliable
mw64,7,exploratory_N50_step10,50,10,True,dynamic,0.01,1.5,1000,128,1280,1330,2019-07-05 08:40:17.750000+00:00,2019-07-05 09:21:14.920000+00:00,2019-07-05 09:00:43.600000+00:00,2019-07-05 09:00:43.600000+00:00,15.448488888888889,50,0.4,3.66,20952883,0.519341892087221,1.3,16,ok,977,0.6082051992101895,0.5696992254791763,0.24380736003011183,0.39164302736671763,0.9842737214904596,0.5926306941237419,1.14,19.0,highly_unreliable
mw64,7,exploratory_N50_step10,50,10,True,dynamic,0.01,1.5,1000,129,1290,1340,2019-07-05 08:49:05.280000+00:00,2019-07-05 09:27:57.560000+00:00,2019-07-05 09:09:57.930000+00:00,2019-07-05 09:09:57.930000+00:00,15.602469444444445,50,0.64,3.66,20952900,0.6928960554105419,0.8400000000000001,39,ok,965,0.6930088058415738,0.6582970200530806,0.25173196371289686,0.45465752179418123,1.1045245152679357,0.6498669934737544,1.14,23.0,exploratory
mw64,7,exploratory_N50_step10,50,10,True,dynamic,0.01,1.5,1000,130,1300,1350,2019-07-05 08:57:38.860000+00:00,2019-07-05 09:35:15.030000+00:00,2019-07-05 09:17:37.630000+00:00,2019-07-05 09:17:37.630000+00:00,15.730163888888887,50,0.64,2.7,20952917,0.7974155492453389,1.01,28,ok,965,0.8364352937412793,0.7720994144962068,0.6113111129544619,0.5555347602088394,1.2964977164367633,0.7409629562279239,1.1,22.0,highly_unreliable
mw64,7,exploratory_N50_step10,50,10,True,dynamic,0.01,1.5,1000,131,1310,1360,2019-07-05 09:04:58.280000+00:00,2019-07-05 09:43:25.240000+00:00,2019-07-05 09:25:09.130000+00:00,2019-07-05 09:25:09.130000+00:00,15.855580555555555,50,0.61,2.7,20952934,0.6868547379060914,1.01,26,ok,967,0.8493745578220196,0.7110538116369822,1.02298542021598,0.520542230011024,1.8349328847177566,1.3143906547067328,1.06,22.0,highly_unreliable
mw64,7,exploratory_N50_step10,50,10,True,dynamic,0.01,1.5,1000,132,1320,1370,2019-07-05 09:14:05.370000+00:00,2019-07-05 09:50:16.790000+00:00,2019-07-05 09:33:02.270000+00:00,2019-07-05 09:33:02.270000+00:00,15.987008333333334,50,0.61,2.55,20952951,0.9027975789475509,1.01,28,ok,986,1.0223376066605736,0.9347477987674842,0.4025264621589449,0.6932540809443174,2.038995403690019,1.3457413227457016,1.01,24.5,highly_unreliable
mw64,7,exploratory_N50_step10,50,10,True,dynamic,0.01,1.5,1000,133,1330,1380,2019-07-05 09:21:52.650000+00:00,2019-07-05 09:56:33.630000+00:00,2019-07-05 09:40:34.860000+00:00,2019-07-05 09:40:34.860000+00:00,16.112727777777778,50,0.61,2.55,20952968,1.1197899801473834,1.3,14,ok,974,1.1593821360551195,1.0745978708405262,0.4125277766251043,0.7089641067346091,2.0816298962456106,1.3726657895110015,1.19,16.0,highly_unreliable
mw64,7,exploratory_N50_step10,50,10,True,dynamic,0.01,1.5,1000,134,1340,1390,2019-07-05 09:28:08.680000+00:00,2019-07-05 10:00:27.400000+00:00,2019-07-05 09:48:38.560000+00:00,2019-07-05 09:48:38.560000+00:00,16.24708888888889,50,0.61,2.55,20952985,1.0203158750949766,1.3,15,ok,976,1.1092113869795457,1.0344981225149978,0.44740452950769877,0.6666932180907971,1.9077250010222975,1.2410317829315005,1.28,16.0,highly_unreliable
mw64,7,exploratory_N50_step10,50,10,True,dynamic,0.01,1.5,1000,135,1350,1400,2019-07-05 09:36:45.090000+00:00,2019-07-05 10:06:39.420000+00:00,2019-07-05 09:52:10.360000+00:00,2019-07-05 09:52:10.360000+00:00,16.30592222222222,50,0.37,2.55,20953002,1.0827847105994919,1.19,18,ok,975,1.1430193885816269,1.0504378616710854,0.4499503665475295,0.7037108363146015,1.9850484668055601,1.2813376304909587,1.19,18.0,highly_unreliable
mw64,7,exploratory_N50_step10,50,10,True,dynamic,0.01,1.5,1000,136,1360,1410,2019-07-05 09:44:30.900000+00:00,2019-07-05 10:13:42.850000+00:00,2019-07-05 09:58:57.410000+00:00,2019-07-05 09:58:57.410000+00:00,16.418991666666667,50,0.37,2.27,20953019,1.8839823015538542,1.3699999999999999,9,ok,981,1.8342751579228214,1.5543012052183833,1.5012463150860669,0.8344120053527493,4.027294013179527,3.192882007826778,1.28,12.0,highly_unreliable
mw64,7,exploratory_N50_step10,50,10,True,dynamic,0.01,1.5,1000,137,1370,1420,2019-07-05 09:50:26.690000+00:00,2019-07-05 10:20:30.170000+00:00,2019-07-05 10:03:42.480000+00:00,2019-07-05 10:03:42.480000+00:00,16.49817777777778,50,0.37,3.1,20953036,1.1351217571597463,1.09,21,ok,984,1.126389246697579,1.0219165181686027,0.5925480026753792,0.5307155128011319,2.3590215069259637,1.8283059941248316,1.19,15.0,highly_unreliable
mw64,7,exploratory_N50_step10,50,10,True,dynamic,0.01,1.5,1000,138,1380,1430,2019-07-05 09:57:00.090000+00:00,2019-07-05 10:28:21.210000+00:00,2019-07-05 10:09:10.270000+00:00,2019-07-05 10:09:10.270000+00:00,16.589230555555556,50,0.37,3.1,20953053,0.7611050991645644,1.23,16,ok,991,0.8928120911244388,0.8347352720465714,0.44589905904696947,0.5553394657829984,1.4459846696895535,0.8906452039065551,1.23,17.0,highly_unreliable
mw64,7,exploratory_N50_step10,50,10,True,dynamic,0.01,1.5,1000,139,1390,1440,2019-07-05 10:00:49.190000+00:00,2019-07-05 10:37:21.500000+00:00,2019-07-05 10:16:34.150000+00:00,2019-07-05 10:16:34.150000+00:00,16.712530555555556,50,0.37,3.1,20953070,0.6712567663066877,1.23,15,ok,990,0.7712096535656007,0.728046825376411,0.2810826380041716,0.49102083988728423,1.2750166663456417,0.7839958264583575,1.2,17.0,highly_unreliable
mw64,7,exploratory_N50_step10,50,10,True,dynamic,0.01,1.5,1000,140,1400,1450,2019-07-05 10:07:14.900000+00:00,2019-07-05 10:47:02.030000+00:00,2019-07-05 10:26:23.380000+00:00,2019-07-05 10:26:23.380000+00:00,16.876205555555554,50,0.23,3.1,20953087,0.7344719025687134,1.23,19,ok,982,0.8167542148468432,0.764110208808429,0.43272309289210986,0.5128773535367959,1.3657091788668112,0.8528318253300153,1.23,20.0,highly_unreliable
mw64,7,exploratory_N50_step10,50,10,True,dynamic,0.01,1.5,1000,141,1410,1460,2019-07-05 10:13:54.310000+00:00,2019-07-05 10:54:48.220000+00:00,2019-07-05 10:35:00.110000+00:00,2019-07-05 10:35:00.110000+00:00,17.01974166666667,50,0.23,3.1,20953104,0.7960077267930036,0.99,33,ok,977,0.8212123340804155,0.7764130481779378,0.24487837694499115,0.5103090910045945,1.3788284485633282,0.8685193575587337,1.1300000000000001,24.0,exploratory
mw64,7,exploratory_N50_step10,50,10,True,dynamic,0.01,1.5,1000,142,1420,1470,2019-07-05 10:22:09.020000+00:00,2019-07-05 11:04:16.670000+00:00,2019-07-05 10:44:51.290000+00:00,2019-07-05 10:44:51.290000+00:00,17.183958333333333,50,0.23,3.0,20953121,0.775769917589721,0.96,31,ok,982,0.8376792115219274,0.7681263620931544,0.9683953931164668,0.5231393746205784,1.2719704582760167,0.7488310836554384,1.06,25.0,exploratory
mw64,7,exploratory_N50_step10,50,10,True,dynamic,0.01,1.5,1000,143,1430,1480,2019-07-05 10:30:53.190000+00:00,2019-07-05 11:23:16.590000+00:00,2019-07-05 10:51:08.550000+00:00,2019-07-05 10:51:08.550000+00:00,17.288752777777777,50,0.23,3.0,20953138,0.7194440866994541,0.96,30,ok,978,0.8006642172074674,0.7660829317546294,0.2605582447422672,0.5307838401817765,1.2056476437520736,0.6748638035702971,1.01,26.0,exploratory
mw64,7,exploratory_N50_step10,50,10,True,dynamic,0.01,1.5,1000,144,1440,1490,2019-07-05 10:37:36.220000+00:00,2019-07-05 11:36:47.500000+00:00,2019-07-05 10:58:46.430000+00:00,2019-07-05 10:58:46.430000+00:00,17.415941666666665,50,0.23,3.0,20953155,0.6733382658968402,0.96,35,ok,933,0.7907543427713656,0.7299238741499423,0.5319141273300345,0.48381230954006704,1.3222417888475861,0.8384294793075191,1.09,30.0,exploratory
mw64,7,exploratory_N50_step10,50,10,True,dynamic,0.01,1.5,1000,145,1450,1500,2019-07-05 10:47:10.850000+00:00,2019-07-05 11:49:04.010000+00:00,2019-07-05 11:14:02.540000+00:00,2019-07-05 11:14:02.540000+00:00,17.670416666666668,50,0.55,3.0,20953172,0.6681585356515308,0.96,38,ok,938,0.7785231719056801,0.7355558731333646,0.2041438429417242,0.5472244283895025,1.1969945799233899,0.6497701515338874,1.2,29.0,exploratory
mw64,7,exploratory_N50_step10,50,10,True,dynamic,0.01,1.5,1000,146,1460,1510,2019-07-05 10:54:57.520000+00:00,2019-07-05 11:59:15.380000+00:00,2019-07-05 11:28:06.810000+00:00,2019-07-05 11:28:06.810000+00:00,17.90493611111111,50,0.55,3.0,20953189,0.7101284340411426,1.01,41,ok,915,0.8509827821578805,0.7926701611355504,0.47287298714206133,0.542625309346598,1.440653505719159,0.8980281963725609,1.39,24.0,exploratory
mw64,7,exploratory_N50_step10,50,10,True,dynamic,0.01,1.5,1000,147,1470,1520,2019-07-05 11:04:22.650000+00:00,2019-07-05 12:11:02.090000+00:00,2019-07-05 11:44:01.760000+00:00,2019-07-05 11:44:01.760000+00:00,18.1702,50,0.61,3.0,20953206,0.9571615673770236,1.27,32,ok,973,0.978621734169728,0.9319981739248053,0.3468533473790481,0.608884983569196,1.4971203604502403,0.8882353768810444,1.3399999999999999,25.0,exploratory
mw64,7,exploratory_N50_step10,50,10,True,dynamic,0.01,1.5,1000,148,1480,1530,2019-07-05 11:23:23.940000+00:00,2019-07-05 12:21:00.030000+00:00,2019-07-05 11:56:29.890000+00:00,2019-07-05 11:56:29.890000+00:00,18.37801388888889,50,0.61,3.0,20953223,0.9878238184628757,1.27,30,ok,984,1.0726524030644733,0.9943929110434018,0.6083749652234685,0.6402092533988152,1.8334718981020048,1.1932626447031898,1.2850000000000001,26.0,exploratory
mw64,7,exploratory_N50_step10,50,10,True,dynamic,0.01,1.5,1000,149,1490,1540,2019-07-05 11:38:42.720000+00:00,2019-07-05 12:33:47.850000+00:00,2019-07-05 12:03:20.930000+00:00,2019-07-05 12:03:20.930000+00:00,18.492191666666667,50,0.55,3.29,20953240,1.078091307211915,1.27,28,ok,978,1.1714112794691207,1.0461088952008053,1.0697496215143003,0.6110222009146602,2.587279263605426,1.9762570626907658,1.27,24.0,highly_unreliable
mw64,7,exploratory_N50_step10,50,10,True,dynamic,0.01,1.5,1000,150,1500,1550,2019-07-05 11:49:36.580000+00:00,2019-07-05 12:48:14.380000+00:00,2019-07-05 12:15:12.570000+00:00,2019-07-05 12:15:12.570000+00:00,18.689869444444444,50,0.55,3.29,20953257,0.8525138160849238,1.27,27,ok,979,0.8565212784214332,0.7963084877461885,0.3632997310873869,0.47173863941284955,1.5152838353562297,1.0435451959433801,1.27,23.0,highly_unreliable
mw64,7,exploratory_N50_step10,50,10,True,dynamic,0.01,1.5,1000,151,1510,1560,2019-07-05 12:01:15.480000+00:00,2019-07-05 13:00:25.820000+00:00,2019-07-05 12:29:05.610000+00:00,2019-07-05 12:29:05.610000+00:00,18.921269444444448,50,0.55,3.29,20953274,0.8459450980566395,1.27,25,ok,972,0.861856539270027,0.777861657361844,0.6309534024075604,0.4454341426249989,1.587817484512217,1.1423833418872182,1.27,23.0,highly_unreliable
mw64,7,exploratory_N50_step10,50,10,True,dynamic,0.01,1.5,1000,152,1520,1570,2019-07-05 12:11:12.730000+00:00,2019-07-05 13:14:59.800000+00:00,2019-07-05 12:41:55.620000+00:00,2019-07-05 12:41:55.620000+00:00,19.135161111111113,50,0.55,3.29,20953291,0.7274784534904771,1.71,10,ok,986,0.9022566865843332,0.802644019895377,0.603290641038727,0.44812530665764955,1.8123370952287865,1.364211788571137,1.71,13.0,highly_unreliable
mw64,7,exploratory_N50_step10,50,10,True,dynamic,0.01,1.5,1000,153,1530,1580,2019-07-05 12:23:57.670000+00:00,2019-07-05 13:27:57.060000+00:00,2019-07-05 12:57:26.230000+00:00,2019-07-05 12:57:26.230000+00:00,19.393663888888888,50,0.55,3.29,20953308,0.6882782437984234,1.67,10,ok,989,0.8633366930459564,0.7690609891238067,0.6228731066387636,0.43071768835495994,1.768991385317284,1.3382736969623241,1.67,12.0,highly_unreliable
mw64,7,exploratory_N50_step10,50,10,True,dynamic,0.01,1.5,1000,154,1540,1590,2019-07-05 12:33:55.070000+00:00,2019-07-05 13:36:06.610000+00:00,2019-07-05 13:12:57.470000+00:00,2019-07-05 13:12:57.470000+00:00,19.652341666666665,50,0.8,3.12,20953325,0.7326603631203391,1.67,9,ok,985,0.8839487395081651,0.8022086139941987,0.36310826923407413,0.45860762432828206,1.8936333977566377,1.4350257734283556,1.67,10.0,highly_unreliable
mw64,7,exploratory_N50_step10,50,10,True,dynamic,0.01,1.5,1000,155,1550,1600,2019-07-05 12:48:33.630000+00:00,2019-07-05 13:45:04.690000+00:00,2019-07-05 13:21:21.280000+00:00,2019-07-05 13:21:21.280000+00:00,19.79228888888889,50,0.8,2.67,20953342,0.941596735221286,1.67,8,ok,990,1.0506750801250508,0.9669293250070162,0.3403779166885959,0.6035228506473155,1.9461451144998108,1.3426222638524954,1.67,10.0,highly_unreliable
mw64,7,exploratory_N50_step10,50,10,True,dynamic,0.01,1.5,1000,156,1560,1610,2019-07-05 13:01:34.930000+00:00,2019-07-05 13:57:08.580000+00:00,2019-07-05 13:32:13.840000+00:00,2019-07-05 13:32:13.840000+00:00,19.973555555555556,50,0.74,2.67,20953359,0.941596735221286,1.67,8,ok,986,1.1294159456076545,1.0376362335668907,0.40789579567606216,0.6413472306682504,2.1513755459682993,1.5100283153000489,1.67,10.0,highly_unreliable
mw64,7,exploratory_N50_step10,50,10,True,dynamic,0.01,1.5,1000,157,1570,1620,2019-07-05 13:15:39.100000+00:00,2019-07-05 14:06:24.300000+00:00,2019-07-05 13:40:45.670000+00:00,2019-07-05 13:40:45.670000+00:00,20.115730555555558,50,0.74,2.67,20953376,1.4389450775671777,1.45,19,ok,988,1.1521433736035303,1.053981859422282,0.46019791075344735,0.5761022093621723,2.347609671601511,1.771507462239339,1.45,16.0,highly_unreliable
mw64,7,exploratory_N50_step10,50,10,True,dynamic,0.01,1.5,1000,158,1580,1630,2019-07-05 13:28:13.980000+00:00,2019-07-05 14:21:44.200000+00:00,2019-07-05 13:53:02.850000+00:00,2019-07-05 13:53:02.850000+00:00,20.320502777777776,50,0.74,2.67,20953393,1.2731076804921846,1.45,13,ok,984,1.1777841193062941,1.0723865391773066,0.5040628908387822,0.5575218951946236,2.5192585296552124,1.9617366344605887,1.45,15.0,highly_unreliable
mw64,7,exploratory_N50_step10,50,10,True,dynamic,0.01,1.5,1000,159,1590,1640,2019-07-05 13:38:19.090000+00:00,2019-07-05 14:32:34.820000+00:00,2019-07-05 14:01:22.340000+00:00,2019-07-05 14:01:22.340000+00:00,20.45925,50,0.41,2.65,20953410,1.1464961120291632,1.01,34,ok,982,1.3841898944882491,1.2556754490834057,0.5788380092151515,0.6764096554481821,2.9474241038920326,2.2710144484438506,1.28,20.0,exploratory
mw64,7,exploratory_N50_step10,50,10,True,dynamic,0.01,1.5,1000,160,1600,1650,2019-07-05 13:48:50.590000+00:00,2019-07-05 14:47:21.380000+00:00,2019-07-05 14:15:05.450000+00:00,2019-07-05 14:15:05.450000+00:00,20.68789166666667,50,0.41,2.18,20953427,1.363673983798395,1.19,20,ok,978,1.5459375758703853,1.398569738968455,1.0706237203180369,0.9181923883077281,2.96094642359872,2.042754035290992,1.19,19.0,highly_unreliable
mw64,7,exploratory_N50_step10,50,10,True,dynamic,0.01,1.5,1000,161,1610,1660,2019-07-05 13:57:12.870000+00:00,2019-07-05 14:59:34.440000+00:00,2019-07-05 14:30:22.950000+00:00,2019-07-05 14:30:22.950000+00:00,20.94275277777778,50,0.41,2.18,20953444,1.1668314794861463,1.19,18,ok,969,1.3513566613725452,1.2120632675853438,0.5043378446503778,0.8352343777276732,2.71079234951301,1.875557971785337,1.19,18.0,highly_unreliable
mw64,7,exploratory_N50_step10,50,10,True,dynamic,0.01,1.5,1000,162,1620,1670,2019-07-05 14:06:41.970000+00:00,2019-07-05 15:14:38.840000+00:00,2019-07-05 14:38:47.030000+00:00,2019-07-05 14:38:47.030000+00:00,21.082775,50,0.41,2.87,20953461,0.8809520757006902,1.19,20,ok,960,1.094543007730318,0.9038623092829929,1.6843458270399947,0.6031964769913069,2.3273714310768616,1.7241749540855547,1.19,19.0,highly_unreliable
mw64,7,exploratory_N50_step10,50,10,True,dynamic,0.01,1.5,1000,163,1630,1680,2019-07-05 14:22:31.560000+00:00,2019-07-05 15:24:20.400000+00:00,2019-07-05 14:56:13.270000+00:00,2019-07-05 14:56:13.270000+00:00,21.37339722222222,50,0.41,2.87,20953478,1.0150917443366443,1.8,7,ok,978,0.9587420013980003,0.8355728166112912,0.4417793705787924,0.585325675114756,2.1684283031991254,1.5831026280843694,1.2,20.0,highly_unreliable
mw64,7,exploratory_N50_step10,50,10,True,dynamic,0.01,1.5,1000,164,1640,1690,2019-07-05 14:32:43.910000+00:00,2019-07-05 15:34:48.080000+00:00,2019-07-05 15:09:03.220000+00:00,2019-07-05 15:09:03.220000+00:00,21.58727222222222,50,0.61,2.87,20953495,0.7780114990761581,0.97,31,ok,976,0.8491651637467335,0.7773606260134756,0.35255542404693907,0.5737701685993285,1.5790630207973806,1.005292852198052,0.97,28.0,exploratory
mw64,7,exploratory_N50_step10,50,10,True,dynamic,0.01,1.5,1000,165,1650,1700,2019-07-05 14:48:30.780000+00:00,2019-07-05 15:45:20.610000+00:00,2019-07-05 15:22:35.930000+00:00,2019-07-05 15:22:35.930000+00:00,21.813025,50,0.61,2.87,20953512,0.7896480846033752,0.97,26,ok,994,0.872445427255573,0.8172831657343412,0.32406504809471015,0.5523633618809121,1.6473980280516434,1.0950346661707313,0.97,24.0,highly_unreliable
mw64,7,exploratory_N50_step10,50,10,True,dynamic,0.01,1.5,1000,166,1660,1710,2019-07-05 15:03:22.320000+00:00,2019-07-05 15:55:32.700000+00:00,2019-07-05 15:31:58.300000+00:00,2019-07-05 15:31:58.300000+00:00,21.96923888888889,50,0.61,3.06,20953529,0.6902135818286929,0.9299999999999999,26,ok,993,0.7748278652829547,0.7226364426049791,0.4534077108002791,0.4804244138483704,1.2197940200492476,0.7393696062008772,0.9299999999999999,25.0,highly_unreliable
mw64,7,exploratory_N50_step10,50,10,True,dynamic,0.01,1.5,1000,167,1670,1720,2019-07-05 15:16:16.380000+00:00,2019-07-05 16:03:40.600000+00:00,2019-07-05 15:42:01.410000+00:00,2019-07-05 15:42:01.410000+00:00,22.136769444444443,50,0.61,3.06,20953546,0.795724865130651,0.9299999999999999,25,ok,989,0.8721100693918087,0.8213182484087462,0.4509316266734043,0.5275818527188252,1.3843237650026672,0.856741912283842,0.9299999999999999,23.0,highly_unreliable
mw64,7,exploratory_N50_step10,50,10,True,dynamic,0.01,1.5,1000,168,1680,1730,2019-07-05 15:25:17.980000+00:00,2019-07-05 16:10:21.520000+00:00,2019-07-05 15:53:25.250000+00:00,2019-07-05 15:53:25.250000+00:00,22.326725000000003,50,0.61,3.06,20953563,0.8913072723979687,0.9299999999999999,22,ok,978,1.038449853305841,0.9340026254143432,0.8387607504933141,0.5200251639864617,1.8483405694013129,1.3283154054148512,0.97,19.0,highly_unreliable
mw64,7,exploratory_N50_step10,50,10,True,dynamic,0.01,1.5,1000,169,1690,1740,2019-07-05 15:36:36.720000+00:00,2019-07-05 16:19:54.880000+00:00,2019-07-05 15:59:53.830000+00:00,2019-07-05 15:59:53.830000+00:00,22.43466388888889,50,0.64,3.06,20953580,0.9054866717005032,0.9299999999999999,28,ok,989,1.0886114346344802,0.9519164253402449,1.0626532858877373,0.5387901446184249,2.388384221217561,1.849594076599136,1.1,23.0,highly_unreliable
mw64,7,exploratory_N50_step10,50,10,True,dynamic,0.01,1.5,1000,170,1700,1750,2019-07-05 15:46:03.630000+00:00,2019-07-05 16:27:28.430000+00:00,2019-07-05 16:06:41.720000+00:00,2019-07-05 16:06:41.720000+00:00,22.547966666666664,50,0.66,3.06,20953597,0.9173557849981597,0.9299999999999999,32,ok,982,0.96361482453308,0.9071921138183563,0.2786446936849428,0.6260212662144468,1.721124078164749,1.0951028119503023,1.09,23.0,exploratory
mw64,7,exploratory_N50_step10,50,10,True,dynamic,0.01,1.5,1000,171,1710,1760,2019-07-05 15:56:46.550000+00:00,2019-07-05 16:35:54.530000+00:00,2019-07-05 16:16:49.680000+00:00,2019-07-05 16:16:49.680000+00:00,22.716844444444444,50,0.66,2.29,20953614,1.0257276232730943,1.1300000000000001,19,ok,982,1.1111894243587448,1.0329578546101796,0.3809138854528223,0.7476850933990444,1.8522397426070047,1.1045546492079603,1.1300000000000001,20.0,highly_unreliable
mw64,7,exploratory_N50_step10,50,10,True,dynamic,0.01,1.5,1000,172,1720,1770,2019-07-05 16:04:47.780000+00:00,2019-07-05 16:45:11.790000+00:00,2019-07-05 16:26:11.120000+00:00,2019-07-05 16:26:11.120000+00:00,22.8728,50,0.61,2.29,20953631,1.1396135904969604,1.1300000000000001,18,ok,993,1.2655796010973137,1.1698875239733884,0.44431326331385723,0.8525453844197111,2.214673037468826,1.362127653049115,1.1300000000000001,19.0,highly_unreliable
mw64,7,exploratory_N50_step10,50,10,True,dynamic,0.01,1.5,1000,173,1730,1780,2019-07-05 16:11:33.260000+00:00,2019-07-05 16:53:46.140000+00:00,2019-07-05 16:31:40.580000+00:00,2019-07-05 16:31:40.580000+00:00,22.964316666666665,50,0.61,2.33,20953648,0.9403224857538323,1.1300000000000001,16,ok,988,1.0524323526408372,1.0096414729118668,0.3045640550553261,0.7227319496268136,1.6097602194106972,0.8870282697838836,1.05,19.0,highly_unreliable
mw64,7,exploratory_N50_step10,50,10,True,dynamic,0.01,1.5,1000,174,1740,1790,2019-07-05 16:20:09.920000+00:00,2019-07-05 17:00:49.640000+00:00,2019-07-05 16:42:20.670000+00:00,2019-07-05 16:42:20.670000+00:00,23.142119444444447,50,0.61,2.33,20953665,0.7354174480223417,1.1300000000000001,9,ok,998,0.9681054424721783,0.8788351877908842,0.35326653184755985,0.5360902623007591,1.845675729389578,1.309585467088819,1.1300000000000001,11.0,highly_unreliable
mw64,7,exploratory_N50_step10,50,10,True,dynamic,0.01,1.5,1000,175,1750,1800,2019-07-05 16:27:45.740000+00:00,2019-07-05 17:10:02.540000+00:00,2019-07-05 16:50:30.790000+00:00,2019-07-05 16:50:30.790000+00:00,23.27826388888889,50,0.52,2.33,20953682,0.8474307543704824,1.1300000000000001,8,ok,988,1.1904887902504249,1.085218514072802,0.47583756102462704,0.6234442292393595,2.392146845855739,1.7687026166163795,1.1300000000000001,11.0,highly_unreliable
mw64,7,exploratory_N50_step10,50,10,True,dynamic,0.01,1.5,1000,176,1760,1810,2019-07-05 16:37:26.430000+00:00,2019-07-05 17:20:44.680000+00:00,2019-07-05 16:59:42.220000+00:00,2019-07-05 16:59:42.220000+00:00,23.431438888888888,50,0.4,2.33,20953699,1.518666908082744,1.03,20,ok,980,1.3649814511890392,1.2824483911236682,0.5102000045565821,0.755382467488662,2.3202179915797863,1.5648355240911243,1.05,16.0,highly_unreliable
mw64,7,exploratory_N50_step10,50,10,True,dynamic,0.01,1.5,1000,177,1770,1820,2019-07-05 16:45:20.540000+00:00,2019-07-05 17:28:30.560000+00:00,2019-07-05 17:07:38.800000+00:00,2019-07-05 17:07:38.800000+00:00,23.56382222222222,50,0.4,2.33,20953716,0.8773924307505152,1.14,11,ok,988,1.1020703352729186,1.0465433678164977,0.31122115086490004,0.6839424530305441,1.877339899131514,1.19339744610097,1.1,14.0,highly_unreliable
mw64,7,exploratory_N50_step10,50,10,True,dynamic,0.01,1.5,1000,178,1780,1830,2019-07-05 16:54:07.770000+00:00,2019-07-05 17:39:28.260000+00:00,2019-07-05 17:13:18.980000+00:00,2019-07-05 17:13:18.980000+00:00,23.658316666666668,50,0.4,2.42,20953733,1.4499796830233067,1.01,22,ok,994,1.2599222855722148,1.1581872549815135,0.5537848823376081,0.6153554813910842,2.457769108881615,1.842413627490531,1.01,17.0,highly_unreliable
mw64,7,exploratory_N50_step10,50,10,True,dynamic,0.01,1.5,1000,179,1790,1840,2019-07-05 17:01:20.760000+00:00,2019-07-05 17:46:40.060000+00:00,2019-07-05 17:23:43.760000+00:00,2019-07-05 17:23:43.760000+00:00,23.831866666666667,50,0.4,2.44,20953750,1.1084683620981892,1.01,22,ok,992,1.0142639051834177,0.969877303191324,0.2925637692761423,0.5998637935091977,1.7249066203821768,1.125042826872979,1.01,20.0,highly_unreliable
mw64,7,exploratory_N50_step10,50,10,True,dynamic,0.01,1.5,1000,180,1800,1850,2019-07-05 17:11:22.560000+00:00,2019-07-05 17:58:58.260000+00:00,2019-07-05 17:37:32.640000+00:00,2019-07-05 17:37:32.640000+00:00,24.06211111111111,50,0.4,2.74,20953767,0.9164819199057763,1.01,27,ok,989,0.8746590680838277,0.8262033860368754,0.3039392956767268,0.5825844861746463,1.4070270487039913,0.824442562529345,1.01,25.0,highly_unreliable
mw64,7,exploratory_N50_step10,50,10,True,dynamic,0.01,1.5,1000,181,1810,1860,2019-07-05 17:21:15.560000+00:00,2019-07-05 18:09:52.360000+00:00,2019-07-05 17:42:41.260000+00:00,2019-07-05 17:42:41.260000+00:00,24.147838888888888,50,0.46,2.77,20953784,0.7299238741499423,1.01,31,ok,980,0.7637002387640014,0.6938067288187729,0.4052203252969927,0.5150589846808611,1.3729403400916707,0.8578813554108096,1.01,28.0,exploratory
mw64,7,exploratory_N50_step10,50,10,True,dynamic,0.01,1.5,1000,182,1820,1870,2019-07-05 17:31:39.500000+00:00,2019-07-05 18:22:35.360000+00:00,2019-07-05 17:56:02.080000+00:00,2019-07-05 17:56:02.080000+00:00,24.370288888888886,50,0.46,2.77,20953801,0.687434773383537,0.9099999999999999,31,ok,973,0.7953021765742437,0.7255877587091228,0.3730418311695488,0.5373707383157986,1.4591715338609867,0.9218007955451881,1.01,26.0,exploratory
mw64,7,exploratory_N50_step10,50,10,True,dynamic,0.01,1.5,1000,183,1830,1880,2019-07-05 17:40:05.060000+00:00,2019-07-05 18:33:12.080000+00:00,2019-07-05 18:05:15.640000+00:00,2019-07-05 18:05:15.640000+00:00,24.524055555555556,50,0.46,2.77,20953818,0.6468335256773474,0.9099999999999999,28,ok,986,0.7174960728305582,0.6772320721111191,0.20936240867871517,0.5061041687498515,1.2529609557015564,0.7468567869517049,0.95,27.0,highly_unreliable
mw64,7,exploratory_N50_step10,50,10,True,dynamic,0.01,1.5,1000,184,1840,1890,2019-07-05 17:48:08.900000+00:00,2019-07-05 18:44:51.500000+00:00,2019-07-05 18:15:14.360000+00:00,2019-07-05 18:15:14.360000+00:00,24.69036666666667,50,0.41,2.83,20953835,0.624585026150692,0.9099999999999999,29,ok,988,0.6709489026338938,0.6424210050299959,0.14830319696797556,0.48355858800218116,1.0157294647849093,0.5321708767827282,0.9099999999999999,28.0,highly_unreliable
mw64,7,exploratory_N50_step10,50,10,True,dynamic,0.01,1.5,1000,185,1850,1900,2019-07-05 18:01:38.900000+00:00,2019-07-05 18:53:23.320000+00:00,2019-07-05 18:26:06.360000+00:00,2019-07-05 18:26:06.360000+00:00,24.87147777777778,50,0.41,2.83,20953852,0.6248949277001542,0.9099999999999999,26,ok,995,0.708794584825882,0.6630578899013075,0.23660005416140995,0.5024400093542905,1.1983779911631538,0.6959379818088633,0.9099999999999999,26.0,highly_unreliable
mw64,7,exploratory_N50_step10,50,10,True,dynamic,0.01,1.5,1000,186,1860,1910,2019-07-05 18:11:01.980000+00:00,2019-07-05 19:00:48.320000+00:00,2019-07-05 18:39:11.560000+00:00,2019-07-05 18:39:11.560000+00:00,25.08958888888889,50,0.41,2.83,20953869,0.8426349673584246,0.9099999999999999,24,ok,992,0.8988401023383275,0.8642632132275412,0.24308922157473548,0.5996869017197825,1.3794089699265077,0.7797220682067253,0.9099999999999999,22.0,highly_unreliable
mw64,7,exploratory_N50_step10,50,10,True,dynamic,0.01,1.5,1000,187,1870,1920,2019-07-05 18:23:52.560000+00:00,2019-07-05 19:08:13.720000+00:00,2019-07-05 18:50:23.120000+00:00,2019-07-05 18:50:23.120000+00:00,25.276133333333334,50,0.41,2.83,20953886,0.8581962731416474,0.9099999999999999,28,ok,989,0.8968576663048557,0.8581289803613562,0.24326829547185394,0.5880220592938638,1.4223006674010736,0.8342786081072099,0.9099999999999999,25.0,highly_unreliable
mw64,7,exploratory_N50_step10,50,10,True,dynamic,0.01,1.5,1000,188,1880,1930,2019-07-05 18:34:35.920000+00:00,2019-07-05 19:19:23.200000+00:00,2019-07-05 18:56:37.540000+00:00,2019-07-05 18:56:37.540000+00:00,25.38013888888889,50,0.41,2.83,20953903,0.8922375678597885,1.15,17,ok,996,0.91258829830881,0.8600171761917567,0.2735113857829254,0.5912564670961977,1.540990822198883,0.9497343551026853,1.125,18.0,highly_unreliable
mw64,7,exploratory_N50_step10,50,10,True,dynamic,0.01,1.5,1000,189,1890,1940,2019-07-05 18:45:00.400000+00:00,2019-07-05 19:29:46.480000+00:00,2019-07-05 19:06:16.820000+00:00,2019-07-05 19:06:16.820000+00:00,25.54105,50,0.39,2.39,20953920,1.1011784840801775,1.09,17,ok,986,1.1635051857545158,1.094918030313213,0.3866170935116598,0.7359422091909059,2.0501492923982974,1.3142070832073913,1.09,15.0,highly_unreliable
mw64,7,exploratory_N50_step10,50,10,True,dynamic,0.01,1.5,1000,190,1900,1950,2019-07-05 18:53:54.160000+00:00,2019-07-05 19:38:46.040000+00:00,2019-07-05 19:14:56.960000+00:00,2019-07-05 19:14:56.960000+00:00,25.685533333333332,50,0.39,2.14,20953937,1.1701906403127054,1.19,13,ok,987,1.1946615335769444,1.1190170926853908,0.3541533015577766,0.7837607318364411,2.0307506610101393,1.246989929173698,1.15,15.0,highly_unreliable
mw64,7,exploratory_N50_step10,50,10,True,dynamic,0.01,1.5,1000,191,1910,1960,2019-07-05 19:02:18.120000+00:00,2019-07-05 19:45:46.120000+00:00,2019-07-05 19:26:17.840000+00:00,2019-07-05 19:26:17.840000+00:00,25.874666666666666,50,0.39,2.14,20953954,1.1422304122716984,1.02,21,ok,978,1.1339255139198903,1.0819781387419347,0.28178166536028504,0.777783732667361,1.7393185142441259,0.9615347815767649,1.06,16.0,highly_unreliable
mw64,7,exploratory_N50_step10,50,10,True,dynamic,0.01,1.5,1000,192,1920,1970,2019-07-05 19:10:49.180000+00:00,2019-07-05 19:51:12.200000+00:00,2019-07-05 19:35:00.160000+00:00,2019-07-05 19:35:00.160000+00:00,26.019755555555555,50,0.39,2.01,20953971,1.0239243985263646,1.15,12,ok,981,1.1361538250284502,1.0761829855445408,0.4460979788974246,0.8098677896507063,1.7443890281208605,0.9345212384701542,1.15,13.0,highly_unreliable
mw64,7,exploratory_N50_step10,50,10,True,dynamic,0.01,1.5,1000,193,1930,1980,2019-07-05 19:20:22.680000+00:00,2019-07-05 19:59:03.020000+00:00,2019-07-05 19:43:16.840000+00:00,2019-07-05 19:43:16.840000+00:00,26.157722222222223,50,0.39,2.01,20953988,0.9371032892638971,1.15,13,ok,984,1.1296784193026608,1.0112740344435944,0.8859279210301101,0.7704282402247354,1.8500012488850406,1.0795730086603053,1.15,15.0,highly_unreliable
mw64,7,exploratory_N50_step10,50,10,True,dynamic,0.01,1.5,1000,194,1940,1990,2019-07-05 19:30:11.960000+00:00,2019-07-05 20:10:20.560000+00:00,2019-07-05 19:48:58.040000+00:00,2019-07-05 19:48:58.040000+00:00,26.2525,50,0.49,2.01,20954005,0.9397774340380133,1.15,14,ok,978,1.3923047309533112,1.0339035425094836,1.9438248140827128,0.7628893675257437,6.0210702859984435,5.2581809184727,1.15,15.0,highly_unreliable
mw64,7,exploratory_N50_step10,50,10,True,dynamic,0.01,1.5,1000,195,1950,2000,2019-07-05 19:40:22.080000+00:00,2019-07-05 20:17:57.320000+00:00,2019-07-05 19:55:14.440000+00:00,2019-07-05 19:55:14.440000+00:00,26.357055555555554,50,0.4,2.7,20954022,0.8217280415182481,1.15,17,ok,991,0.9805920130592648,0.8729831258895969,0.6347349574772121,0.6178800198289642,1.8420660483709552,1.224186028541991,1.15,17.0,highly_unreliable
mw64,7,exploratory_N50_step10,50,10,True,dynamic,0.01,1.5,1000,196,1960,2010,2019-07-05 19:46:09.180000+00:00,2019-07-05 20:26:59.740000+00:00,2019-07-05 20:05:13.580000+00:00,2019-07-05 20:05:13.580000+00:00,26.52348333333333,50,0.4,2.7,20954039,1.011713429154139,1.3,14,ok,984,1.0650687501642797,0.960986181800022,0.560856252711842,0.6317561187308731,2.131743661364628,1.499987542633755,1.15,16.0,highly_unreliable
mw64,7,exploratory_N50_step10,50,10,True,dynamic,0.01,1.5,1000,197,1970,2020,2019-07-05 19:51:31.100000+00:00,2019-07-05 20:35:45.200000+00:00,2019-07-05 20:13:02.360000+00:00,2019-07-05 20:13:02.360000+00:00,26.6537,50,0.4,2.7,20954056,0.9775529669852164,0.95,28,ok,975,1.0588015488816478,0.9814982293598751,0.4049822714726986,0.6774407345904163,1.8676890856865678,1.1902483510961515,1.06,20.0,highly_unreliable
mw64,7,exploratory_N50_step10,50,10,True,dynamic,0.01,1.5,1000,198,1980,2030,2019-07-05 20:01:26.680000+00:00,2019-07-05 20:44:39.580000+00:00,2019-07-05 20:23:51.440000+00:00,2019-07-05 20:23:51.440000+00:00,26.834,50,0.4,2.7,20954073,1.001077703403513,0.97,26,ok,982,1.057956100919952,0.9596796409691484,1.0326560478941866,0.6818783372286927,1.656764886633545,0.9748865494048522,1.04,20.0,highly_unreliable
mw64,7,exploratory_N50_step10,50,10,True,dynamic,0.01,1.5,1000,199,1990,2040,2019-07-05 20:10:40.960000+00:00,2019-07-05 20:54:05.160000+00:00,2019-07-05 20:31:59.880000+00:00,2019-07-05 20:31:59.880000+00:00,26.969677777777775,50,0.4,2.78,20954090,0.7122521310463489,1.03,21,ok,987,0.8051017869352076,0.757393693654087,0.3156031118096473,0.5356727240652538,1.331275060551336,0.7956023364860821,1.05,20.0,highly_unreliable
mw64,7,exploratory_N50_step10,50,10,True,dynamic,0.01,1.5,1000,200,2000,2050,2019-07-05 20:18:25.300000+00:00,2019-07-05 21:05:00.200000+00:00,2019-07-05 20:39:41.380000+00:00,2019-07-05 20:39:41.380000+00:00,27.09787222222222,50,0.42,2.78,20954107,0.7926152573786609,1.1,17,ok,975,0.8394003010971405,0.8002817891174993,0.2563985854332422,0.5046665570858256,1.341983949590581,0.8373173925047553,1.1,18.0,highly_unreliable
mw64,7,exploratory_N50_step10,50,10,True,dynamic,0.01,1.5,1000,201,2010,2060,2019-07-05 20:29:07.660000+00:00,2019-07-05 21:15:54.460000+00:00,2019-07-05 20:50:30.040000+00:00,2019-07-05 20:50:30.040000+00:00,27.278055555555557,50,0.42,2.78,20954124,0.7920483636097245,0.7,39,ok,976,0.7604877772125295,0.7182078014955622,0.28053759237408926,0.500085671525745,1.171017233764053,0.670931562238308,1.04,19.0,exploratory
mw64,7,exploratory_N50_step10,50,10,True,dynamic,0.01,1.5,1000,202,2020,2070,2019-07-05 20:36:02.920000+00:00,2019-07-05 21:23:38.120000+00:00,2019-07-05 21:00:06.760000+00:00,2019-07-05 21:00:06.760000+00:00,27.438255555555557,50,0.42,2.99,20954141,0.6620470917448323,0.7,40,ok,983,0.728700249368189,0.6365522752913672,1.0362578448955233,0.468096163081248,1.2486597880567174,0.7805636249754694,1.05,21.0,exploratory
mw64,7,exploratory_N50_step10,50,10,True,dynamic,0.01,1.5,1000,203,2030,2080,2019-07-05 20:45:16.300000+00:00,2019-07-05 21:28:19.600000+00:00,2019-07-05 21:10:52.200000+00:00,2019-07-05 21:10:52.200000+00:00,27.617544444444444,50,0.4,2.99,20954158,0.6353428613983008,0.7,35,ok,993,0.7005372282851501,0.6112142067836401,1.333132743473286,0.44848417323466866,1.0077182487682212,0.5592340755335525,0.9299999999999999,22.0,exploratory
mw64,7,exploratory_N50_step10,50,10,True,dynamic,0.01,1.5,1000,204,2040,2090,2019-07-05 20:55:38.020000+00:00,2019-07-05 21:38:17.560000+00:00,2019-07-05 21:18:36.180000+00:00,2019-07-05 21:18:36.180000+00:00,27.74642777777778,50,0.4,2.99,20954175,0.6674646780676288,0.7,37,ok,986,0.7399830971588416,0.6942061134193113,0.22754375832522697,0.5129923131847014,1.2281944514946486,0.7152021383099472,0.9299999999999999,24.0,exploratory
mw64,7,exploratory_N50_step10,50,10,True,dynamic,0.01,1.5,1000,205,2050,2100,2019-07-05 21:05:50.560000+00:00,2019-07-05 21:46:48.920000+00:00,2019-07-05 21:26:07.820000+00:00,2019-07-05 21:26:07.820000+00:00,27.871883333333333,50,0.4,2.99,20954192,0.6896748970236861,0.7,36,ok,983,0.784133969266355,0.7364771193687728,0.23092277157303515,0.5549564033487091,1.361777505821621,0.8068211024729119,0.8700000000000001,29.0,exploratory
mw64,7,exploratory_N50_step10,50,10,True,dynamic,0.01,1.5,1000,206,2060,2110,2019-07-05 21:16:10.880000+00:00,2019-07-05 21:55:45.080000+00:00,2019-07-05 21:33:20.640000+00:00,2019-07-05 21:33:20.640000+00:00,27.992111111111114,50,0.4,2.99,20954209,0.7708146557839375,0.8700000000000001,32,ok,994,0.8197205929382357,0.7890202063942863,0.2043684909344854,0.5633566362145932,1.2852079876930045,0.7218513514784113,0.8700000000000001,29.0,exploratory
mw64,7,exploratory_N50_step10,50,10,True,dynamic,0.01,1.5,1000,207,2070,2120,2019-07-05 21:24:09.720000+00:00,2019-07-05 22:06:46.760000+00:00,2019-07-05 21:43:54.800000+00:00,2019-07-05 21:43:54.800000+00:00,28.168266666666664,50,0.4,2.56,20954226,0.8568356481737566,0.8700000000000001,32,ok,994,0.9452928790811134,0.876018736867228,0.3060550731186418,0.6456126963288237,1.6728352049350952,1.0272225086062714,0.8700000000000001,27.0,exploratory
mw64,7,exploratory_N50_step10,50,10,True,dynamic,0.01,1.5,1000,208,2080,2130,2019-07-05 21:29:00.840000+00:00,2019-07-05 22:18:46.440000+00:00,2019-07-05 21:53:50.520000+00:00,2019-07-05 21:53:50.520000+00:00,28.333744444444445,50,0.52,2.98,20954243,0.7187723916929046,1.45,13,ok,991,0.7891479463815547,0.7424018079206876,0.26153159785897623,0.5212633097777969,1.2662434518457912,0.7449801420679943,1.16,24.0,highly_unreliable
mw64,7,exploratory_N50_step10,50,10,True,dynamic,0.01,1.5,1000,209,2090,2140,2019-07-05 21:38:40.360000+00:00,2019-07-05 22:27:05.040000+00:00,2019-07-05 22:02:48.520000+00:00,2019-07-05 22:02:48.520000+00:00,28.483188888888886,50,0.52,2.98,20954260,0.8159487318318122,1.16,22,ok,979,0.8254648590935674,0.7926152573786609,0.21415335879486794,0.5628080066725694,1.2397942675001006,0.6769862608275312,1.16,22.5,highly_unreliable
mw64,7,exploratory_N50_step10,50,10,True,dynamic,0.01,1.5,1000,210,2100,2150,2019-07-05 21:49:05.220000+00:00,2019-07-05 22:35:29.200000+00:00,2019-07-05 22:14:13.600000+00:00,2019-07-05 22:14:13.600000+00:00,28.673488888888887,50,0.55,2.98,20954277,0.6496672858550069,1.1,20,ok,978,0.81387906694104,0.707106779054494,1.164010988134519,0.49224401690128233,1.321687185401396,0.8294431685001138,1.1,20.0,highly_unreliable
mw64,7,exploratory_N50_step10,50,10,True,dynamic,0.01,1.5,1000,211,2110,2160,2019-07-05 21:56:09.320000+00:00,2019-07-05 22:48:18.720000+00:00,2019-07-05 22:22:23.800000+00:00,2019-07-05 22:22:23.800000+00:00,28.809655555555555,50,0.38,2.98,20954294,0.8245599932486887,0.79,35,ok,978,0.8193904835948571,0.7906302907075513,0.20761503000611503,0.519440254059258,1.2836397651532103,0.7641995110939523,0.8700000000000001,27.0,exploratory
mw64,7,exploratory_N50_step10,50,10,True,dynamic,0.01,1.5,1000,212,2120,2170,2019-07-05 22:07:28+00:00,2019-07-05 23:00:07.280000+00:00,2019-07-05 22:31:29.340000+00:00,2019-07-05 22:31:29.340000+00:00,28.961194444444445,50,0.38,2.98,20954311,0.8907225254501114,0.8500000000000001,27,ok,991,0.873321884910065,0.8358256888655765,0.26941743279258085,0.506248022852173,1.47397674877858,0.967728725926407,0.8500000000000001,24.0,highly_unreliable
mw64,7,exploratory_N50_step10,50,10,True,dynamic,0.01,1.5,1000,213,2130,2180,2019-07-05 22:19:13.760000+00:00,2019-07-05 23:11:54.460000+00:00,2019-07-05 22:44:33.080000+00:00,2019-07-05 22:44:33.080000+00:00,29.1789,50,0.38,2.69,20954328,0.9751408396456334,0.8500000000000001,26,ok,996,0.9464256562227242,0.9035757828241258,0.2659574055320757,0.5649532252680183,1.5850996715530588,1.0201464462850405,0.8999999999999999,21.0,highly_unreliable
mw64,7,exploratory_N50_step10,50,10,True,dynamic,0.01,1.5,1000,214,2140,2190,2019-07-05 22:28:02.100000+00:00,2019-07-05 23:23:03.040000+00:00,2019-07-05 22:55:23.060000+00:00,2019-07-05 22:55:23.060000+00:00,29.359450000000002,50,0.38,2.69,20954345,0.8194478615271539,0.8500000000000001,24,ok,995,0.8285231707583212,0.7962288524360621,0.1989488015112442,0.5365552415236352,1.3034710914763306,0.7669158499526953,0.8700000000000001,22.0,highly_unreliable
mw64,7,exploratory_N50_step10,50,10,True,dynamic,0.01,1.5,1000,215,2150,2200,2019-07-05 22:36:32.640000+00:00,2019-07-05 23:32:41.760000+00:00,2019-07-05 23:06:14.800000+00:00,2019-07-05 23:06:14.800000+00:00,29.540488888888888,50,0.38,2.69,20954362,0.9203515760185094,0.8500000000000001,29,ok,994,0.9348119737288981,0.8773924307505152,0.29915375599428906,0.6027507628186017,1.544860097745816,0.9421093349272143,0.8999999999999999,23.0,highly_unreliable
mw64,7,exploratory_N50_step10,50,10,True,dynamic,0.01,1.5,1000,216,2160,2210,2019-07-05 22:48:30.320000+00:00,2019-07-05 23:39:53.720000+00:00,2019-07-05 23:18:22.920000+00:00,2019-07-05 23:18:22.920000+00:00,29.742744444444444,50,0.49,2.69,20954379,1.027288458083967,1.25,18,ok,998,0.9686724789206765,0.8913996710558887,0.2745259253006464,0.6349979365501814,1.6887456234915301,1.0537476869413487,1.07,21.5,highly_unreliable
mw64,7,exploratory_N50_step10,50,10,True,dynamic,0.01,1.5,1000,217,2170,2220,2019-07-05 23:01:07.720000+00:00,2019-07-05 23:48:21.820000+00:00,2019-07-05 23:28:34.360000+00:00,2019-07-05 23:28:34.360000+00:00,29.91258888888889,50,0.52,2.69,20954396,0.8492062111464265,0.97,28,ok,986,0.9635255971805174,0.8787913283549318,0.3089672000102112,0.6482585328688999,1.7016809095336007,1.0534223766647008,1.02,24.0,highly_unreliable
mw64,7,exploratory_N50_step10,50,10,True,dynamic,0.01,1.5,1000,218,2180,2230,2019-07-05 23:12:20.600000+00:00,2019-07-06 00:00:11.780000+00:00,2019-07-05 23:37:24.200000+00:00,2019-07-05 23:37:24.200000+00:00,30.05976666666667,50,0.52,2.29,20954413,0.8143260113351439,0.97,30,ok,996,0.9480114983342827,0.843572785805311,0.49837422758373845,0.6384068495677588,1.6279103851027195,0.9895035355349606,0.97,27.0,exploratory
mw64,7,exploratory_N50_step10,50,10,True,dynamic,0.01,1.5,1000,219,2190,2240,2019-07-05 23:23:10.560000+00:00,2019-07-06 00:11:59.070000+00:00,2019-07-05 23:44:26.640000+00:00,2019-07-05 23:44:26.640000+00:00,30.177111111111113,50,0.49,2.29,20954430,0.8959974731863215,0.94,36,ok,997,1.106958237105568,0.9629983952293143,0.9304506889820839,0.7096556187426345,1.9416664089785736,1.2320107902359392,1.2,25.0,exploratory
mw64,7,exploratory_N50_step10,50,10,True,dynamic,0.01,1.5,1000,220,2200,2250,2019-07-05 23:33:13.120000+00:00,2019-07-06 00:30:27.060000+00:00,2019-07-05 23:55:52.320000+00:00,2019-07-05 23:55:52.320000+00:00,30.36757777777778,50,0.49,3.21,20954447,0.7876589374239505,0.94,36,ok,987,0.7930608929658196,0.768003182324153,0.19078749638209175,0.5466701822775233,1.1762438487279112,0.6295736664503879,0.97,32.0,exploratory
mw64,7,exploratory_N50_step10,50,10,True,dynamic,0.01,1.5,1000,221,2210,2260,2019-07-05 23:40:11.280000+00:00,2019-07-06 00:44:43.040000+00:00,2019-07-06 00:06:32.250000+00:00,2019-07-06 00:06:32.250000+00:00,30.545336111111112,50,0.49,3.21,20954464,0.8305096947061045,0.94,34,ok,986,0.8186291771865474,0.7804951016800448,0.32138816010308363,0.5269009722377266,1.3485179572079615,0.8216169849702349,0.94,31.0,exploratory
mw64,7,exploratory_N50_step10,50,10,True,dynamic,0.01,1.5,1000,222,2220,2270,2019-07-05 23:48:54.780000+00:00,2019-07-06 00:54:53.310000+00:00,2019-07-06 00:24:47.040000+00:00,2019-07-06 00:24:47.040000+00:00,30.849444444444444,50,0.49,3.21,20954481,0.6139573214260753,1.17,21,ok,986,0.6986338729007419,0.663737153484719,0.29993929583935214,0.4684211356489936,1.0408029930313456,0.572381857382352,1.17,22.0,highly_unreliable
mw64,7,exploratory_N50_step10,50,10,True,dynamic,0.01,1.5,1000,223,2230,2280,2019-07-06 00:01:17.780000+00:00,2019-07-06 01:06:12.240000+00:00,2019-07-06 00:38:34.030000+00:00,2019-07-06 00:38:34.030000+00:00,31.07916388888889,50,0.49,3.21,20954498,0.6674250725879113,1.17,21,ok,987,0.7676577170700016,0.7050935020972878,0.3816891835617776,0.4469622455153329,1.4736031507136853,1.0266409051983523,1.17,19.0,highly_unreliable
mw64,7,exploratory_N50_step10,50,10,True,dynamic,0.01,1.5,1000,224,2240,2290,2019-07-06 00:13:52.020000+00:00,2019-07-06 01:21:20.460000+00:00,2019-07-06 00:48:45.580000+00:00,2019-07-06 00:48:45.580000+00:00,31.249038888888887,50,0.57,3.21,20954515,0.6615428474916314,1.17,20,ok,989,0.7539892206398155,0.6751587872942864,0.9843914615662513,0.43468961169555737,1.3132014982060713,0.8785118865105139,1.17,18.0,highly_unreliable
mw64,7,exploratory_N50_step10,50,10,True,dynamic,0.01,1.5,1000,225,2250,2300,2019-07-06 00:30:33.470000+00:00,2019-07-06 01:35:34.840000+00:00,2019-07-06 01:01:30.110000+00:00,2019-07-06 01:01:30.110000+00:00,31.461408333333335,50,0.57,3.12,20954532,0.828041255030756,1.17,20,ok,985,0.9118985679174891,0.8519828688540122,0.3805996281121309,0.5664830953751803,1.5794267183231883,1.012943622948008,1.17,19.0,highly_unreliable
mw64,7,exploratory_N50_step10,50,10,True,dynamic,0.01,1.5,1000,226,2260,2310,2019-07-06 00:45:10.960000+00:00,2019-07-06 01:43:33.070000+00:00,2019-07-06 01:18:21.690000+00:00,2019-07-06 01:18:21.690000+00:00,31.742402777777777,50,0.57,3.12,20954549,0.9061614499045881,1.8,7,ok,974,0.9233091325079918,0.8013725010183361,1.323503816624151,0.5742862673282856,1.61542802033336,1.0411417530050744,1.15,19.0,highly_unreliable
mw64,7,exploratory_N50_step10,50,10,True,dynamic,0.01,1.5,1000,227,2270,2320,2019-07-06 00:55:13.640000+00:00,2019-07-06 01:50:54.650000+00:00,2019-07-06 01:31:53.470000+00:00,2019-07-06 01:31:53.470000+00:00,31.96789722222222,50,0.47,2.35,20954566,0.9188900584705018,0.8999999999999999,34,ok,982,1.0880370404249764,0.9626133828072362,0.790583409089756,0.6948597297943594,1.966609457625957,1.2717497278315975,1.1,21.0,exploratory
mw64,7,exploratory_N50_step10,50,10,True,dynamic,0.01,1.5,1000,228,2280,2330,2019-07-06 01:08:48.940000+00:00,2019-07-06 02:02:13.400000+00:00,2019-07-06 01:41:12.960000+00:00,2019-07-06 01:41:12.960000+00:00,32.12331111111111,50,0.47,2.77,20954583,0.8424079501666993,0.77,36,ok,988,0.9047592675814987,0.8570647865021604,0.33829048286382357,0.5496787907657082,1.4666714109316041,0.9169926201658959,0.9199999999999999,25.0,exploratory
mw64,7,exploratory_N50_step10,50,10,True,dynamic,0.01,1.5,1000,229,2290,2340,2019-07-06 01:21:46.090000+00:00,2019-07-06 02:10:02.780000+00:00,2019-07-06 01:46:57.880000+00:00,2019-07-06 01:46:57.880000+00:00,32.21912222222222,50,0.47,2.77,20954600,0.9216804666736154,0.8,37,ok,979,1.0322431369521394,0.946802173515445,0.8219040905851108,0.6453361877408411,1.6449859290448468,0.9996497413040056,0.9099999999999999,27.0,exploratory
mw64,7,exploratory_N50_step10,50,10,True,dynamic,0.01,1.5,1000,230,2300,2350,2019-07-06 01:36:12.110000+00:00,2019-07-06 02:24:49.590000+00:00,2019-07-06 01:59:34.420000+00:00,2019-07-06 01:59:34.420000+00:00,32.429272222222224,50,0.47,2.77,20954617,0.8878560973931832,0.8,36,ok,977,0.9789884877822596,0.8854424577270418,0.7414302701761213,0.5640276156569037,1.6390416188169383,1.0750140031600346,1.04,23.0,exploratory
mw64,7,exploratory_N50_step10,50,10,True,dynamic,0.01,1.5,1000,231,2310,2360,2019-07-06 01:44:10+00:00,2019-07-06 02:38:48.030000+00:00,2019-07-06 02:07:51.960000+00:00,2019-07-06 02:07:51.960000+00:00,32.567477777777775,50,0.47,2.77,20954634,0.7892260153571876,0.8,34,ok,973,0.8854116316352372,0.7732450230690661,0.893773878151998,0.554458195990673,1.3517565422758557,0.7972983462851827,1.04,23.0,exploratory
mw64,7,exploratory_N50_step10,50,10,True,dynamic,0.01,1.5,1000,232,2320,2370,2019-07-06 01:52:13.350000+00:00,2019-07-06 02:48:42.980000+00:00,2019-07-06 02:22:09.080000+00:00,2019-07-06 02:22:09.080000+00:00,32.805566666666664,50,0.5,2.77,20954651,0.7553137890445906,0.8600000000000001,31,ok,965,0.8111302349462403,0.7424018079206876,0.48393639735342747,0.5223790710828563,1.3678857290460074,0.845506657963151,1.04,22.0,exploratory
mw64,7,exploratory_N50_step10,50,10,True,dynamic,0.01,1.5,1000,233,2330,2380,2019-07-06 02:04:19.370000+00:00,2019-07-06 02:56:59+00:00,2019-07-06 02:34:15.260000+00:00,2019-07-06 02:34:15.260000+00:00,33.00728333333333,50,0.48,2.54,20954668,0.8729831258895969,0.8600000000000001,31,ok,991,0.9433227765864312,0.8695174793529549,0.5581379694285993,0.6204312401284783,1.662343042101463,1.0419118019729847,0.95,24.0,exploratory
mw64,7,exploratory_N50_step10,50,10,True,dynamic,0.01,1.5,1000,234,2340,2390,2019-07-06 02:14:28.820000+00:00,2019-07-06 03:06:07.110000+00:00,2019-07-06 02:46:34.300000+00:00,2019-07-06 02:46:34.300000+00:00,33.21257222222222,50,0.48,2.54,20954685,0.9069463265424712,0.8600000000000001,29,ok,989,0.8939974910034736,0.8290748494377246,0.5181908030401693,0.5831827266324066,1.4838505253317031,0.9006677986992966,0.9299999999999999,21.0,highly_unreliable
mw64,7,exploratory_N50_step10,50,10,True,dynamic,0.01,1.5,1000,235,2350,2400,2019-07-06 02:27:50.210000+00:00,2019-07-06 03:16:03.990000+00:00,2019-07-06 02:52:40.220000+00:00,2019-07-06 02:52:40.220000+00:00,33.31421666666667,50,0.48,2.48,20954702,0.9023955920563775,0.8600000000000001,34,ok,979,0.9105318106359079,0.863436952420173,0.23466041163878293,0.6162019431115887,1.516806149753262,0.9006042066416732,1.06,23.0,exploratory
mw71,7,primary_N100_step20,100,20,False,dynamic,0.01,1.5,1000,0,0,100,2019-07-04 17:36:59.360000+00:00,2019-07-05 03:10:40.140000+00:00,2019-07-04 23:50:57.100000+00:00,2019-07-04 23:50:57.100000+00:00,6.285572222222223,100,0.46,4.74,21000707,0.44856263450315603,1.49,50,ok,987,0.48859039530179377,0.47061817807947204,0.1012154087626252,0.36668470037331585,0.7340363165743364,0.3673516162010206,1.52,49.0,usable_but_moderately_uncertain
mw71,7,primary_N100_step20,100,20,False,dynamic,0.01,1.5,1000,1,20,120,2019-07-04 20:13:57.400000+00:00,2019-07-05 04:35:15.170000+00:00,2019-07-05 00:57:57.170000+00:00,2019-07-05 00:57:57.170000+00:00,7.402258333333334,100,0.35,4.74,21000724,0.5527895928638854,1.44,46,ok,999,0.5423964347516985,0.5288495768938165,0.09050542346280817,0.403342318597684,0.7448747298203507,0.34153241122266675,1.44,44.0,exploratory
mw71,7,primary_N100_step20,100,20,False,dynamic,0.01,1.5,1000,2,40,140,2019-07-04 23:16:21.020000+00:00,2019-07-05 06:32:45.270000+00:00,2019-07-05 02:40:06.430000+00:00,2019-07-05 02:40:06.430000+00:00,9.104830555555555,100,0.35,4.05,21000741,0.5874845851170868,1.28,47,ok,997,0.5986094183244056,0.5799334861236345,0.11227260809882444,0.44696849557962065,0.872383318610067,0.42541482303044637,1.28,45.0,exploratory
mw71,7,primary_N100_step20,100,20,False,dynamic,0.01,1.5,1000,3,60,160,2019-07-05 00:26:16.400000+00:00,2019-07-05 07:38:37.300000+00:00,2019-07-05 03:59:10.240000+00:00,2019-07-05 03:59:10.240000+00:00,10.422555555555554,100,0.35,4.1,21000758,0.5960466984401366,1.44,33,ok,1000,0.6147403956861901,0.601503895030716,0.10854862818692482,0.4497328025432147,0.8600841731653679,0.4103513706221532,1.15,47.0,exploratory
mw71,7,primary_N100_step20,100,20,False,dynamic,0.01,1.5,1000,4,80,180,2019-07-05 01:39:25.300000+00:00,2019-07-05 09:26:25.730000+00:00,2019-07-05 05:43:24.910000+00:00,2019-07-05 05:43:24.910000+00:00,12.159963888888889,100,0.35,4.1,21000775,0.6047437513107106,1.03,57,ok,998,0.6003639446797057,0.589144027130887,0.09413234959150567,0.45298986227919746,0.7709998037916086,0.31800994151241113,1.04,53.0,usable_but_moderately_uncertain
mw71,7,primary_N100_step20,100,20,False,dynamic,0.01,1.5,1000,5,100,200,2019-07-05 03:21:32.830000+00:00,2019-07-05 11:08:39.870000+00:00,2019-07-05 07:27:36.830000+00:00,2019-07-05 07:27:36.830000+00:00,13.896608333333333,100,0.34,4.1,21000792,0.6215411728670022,0.8700000000000001,63,ok,997,0.6389345712653299,0.6229413457542714,0.10779507773913759,0.45291782842713624,0.8707415043219003,0.4178236758947641,1.03,54.0,usable_but_moderately_uncertain
mw71,7,primary_N100_step20,100,20,False,dynamic,0.01,1.5,1000,6,120,220,2019-07-05 04:45:10.690000+00:00,2019-07-05 11:20:24.570000+00:00,2019-07-05 08:42:50.480000+00:00,2019-07-05 08:42:50.480000+00:00,15.150400000000001,100,0.34,4.1,21000809,0.4498503336003328,0.8700000000000001,70,ok,998,0.5096116442358688,0.47554065211471896,0.16597103176710587,0.3807466544462636,0.9040817199349916,0.5233350654887281,1.04,61.0,usable_but_moderately_uncertain
mw71,7,primary_N100_step20,100,20,False,dynamic,0.01,1.5,1000,7,140,240,2019-07-05 06:32:48.320000+00:00,2019-07-05 11:34:02.740000+00:00,2019-07-05 10:21:26.470000+00:00,2019-07-05 10:21:26.470000+00:00,16.793730555555555,100,0.34,4.1,21000826,0.4832800495918471,1.04,74,ok,995,0.5795514659844329,0.5201193685807723,0.241499372628419,0.37538859994349477,1.049767722215503,0.6743791222720084,1.3599999999999999,58.0,usable_but_moderately_uncertain
mw71,7,primary_N100_step20,100,20,False,dynamic,0.01,1.5,1000,8,160,260,2019-07-05 07:45:14.030000+00:00,2019-07-05 11:44:25.770000+00:00,2019-07-05 11:15:25.450000+00:00,2019-07-05 11:15:25.450000+00:00,17.693447222222222,100,0.34,3.91,21000843,0.6761975670197705,2.15,22,ok,993,0.6793310151678951,0.6157882349889583,0.8944743323952303,0.3890302591593366,1.1390732824805962,0.7500430233212596,1.73,45.0,highly_unreliable
mw71,7,primary_N100_step20,100,20,False,dynamic,0.01,1.5,1000,9,180,280,2019-07-05 09:32:02.760000+00:00,2019-07-05 11:57:20.880000+00:00,2019-07-05 11:26:53.580000+00:00,2019-07-05 11:26:53.580000+00:00,17.884594444444446,100,0.34,3.91,21000860,0.637282266988694,1.47,57,ok,994,0.6620724052654908,0.635089202782989,0.1649786724864884,0.4437781305142121,1.0632466887799927,0.6194685582657806,1.47,54.0,usable_but_moderately_uncertain
mw71,7,primary_N100_step20,100,20,False,dynamic,0.01,1.5,1000,10,200,300,2019-07-05 11:09:49.120000+00:00,2019-07-05 12:13:37.790000+00:00,2019-07-05 11:39:50.480000+00:00,2019-07-05 11:39:50.480000+00:00,18.1004,100,0.68,3.42,21000877,0.6516494399639401,1.27,75,ok,999,0.7608598392146957,0.6784630187394319,1.2568840870722773,0.5232945325354438,1.0515016320074595,0.5282070994720157,1.6099999999999999,50.0,usable_but_moderately_uncertain
mw71,7,primary_N100_step20,100,20,False,dynamic,0.01,1.5,1000,11,220,320,2019-07-05 11:20:55.260000+00:00,2019-07-05 12:39:43.480000+00:00,2019-07-05 11:51:20.450000+00:00,2019-07-05 11:51:20.450000+00:00,18.292058333333333,100,0.58,4.42,21000894,0.8217280415182481,1.27,68,ok,997,0.8586670211517219,0.8419154195077465,0.16750604233914754,0.5713732585126197,1.2375468191395569,0.6661735606269372,1.43,51.0,usable_but_moderately_uncertain
mw71,7,primary_N100_step20,100,20,False,dynamic,0.01,1.5,1000,12,240,340,2019-07-05 11:34:14.760000+00:00,2019-07-05 12:51:31.290000+00:00,2019-07-05 12:07:56.290000+00:00,2019-07-05 12:07:56.290000+00:00,18.568680555555556,100,0.58,4.42,21000911,0.9041849461171613,1.43,45,ok,993,0.8785310742721931,0.8513466045347645,0.18757454201143037,0.5732313994659677,1.3221083648619412,0.7488769653959735,1.43,47.0,exploratory
mw71,7,primary_N100_step20,100,20,False,dynamic,0.01,1.5,1000,13,260,360,2019-07-05 11:44:36.880000+00:00,2019-07-05 13:08:08.050000+00:00,2019-07-05 12:25:49.910000+00:00,2019-07-05 12:25:49.910000+00:00,18.86690833333333,100,0.58,4.42,21000928,0.8052955170156044,1.27,51,ok,996,0.8113418634972094,0.7953774232447341,0.17950549331124144,0.48177786488006924,1.2113612205237796,0.7295833556437104,1.27,50.0,usable_but_moderately_uncertain
mw71,7,primary_N100_step20,100,20,False,dynamic,0.01,1.5,1000,14,280,380,2019-07-05 11:58:17.650000+00:00,2019-07-05 13:27:04.370000+00:00,2019-07-05 12:45:54.310000+00:00,2019-07-05 12:45:54.310000+00:00,19.20146388888889,100,0.58,4.42,21000945,0.7494116454293057,1.27,53,ok,1000,0.7697404844841037,0.739528415026645,0.49929898968279884,0.529204288002192,1.0641286918388215,0.5349244038366295,1.27,53.0,usable_but_moderately_uncertain
mw71,7,primary_N100_step20,100,20,False,dynamic,0.01,1.5,1000,15,300,400,2019-07-05 12:14:06.820000+00:00,2019-07-05 13:49:05.330000+00:00,2019-07-05 13:01:11.390000+00:00,2019-07-05 13:01:11.390000+00:00,19.456208333333336,100,0.54,4.42,21000962,0.7356303912319807,1.27,52,ok,992,0.7470657163625413,0.7198985956491871,0.5546969191496406,0.4633655619132295,1.019049831174664,0.5556842692614345,1.27,51.0,usable_but_moderately_uncertain
mw71,7,primary_N100_step20,100,20,False,dynamic,0.01,1.5,1000,16,320,420,2019-07-05 12:40:12+00:00,2019-07-05 14:16:48.810000+00:00,2019-07-05 13:20:50.680000+00:00,2019-07-05 13:20:50.680000+00:00,19.78378888888889,100,0.54,4.04,21000979,0.7916851226850895,1.19,53,ok,987,0.8216688585303308,0.8066622728014621,0.14564732697317792,0.5745082193246426,1.160899875457062,0.5863916561324195,1.21,49.0,usable_but_moderately_uncertain
mw71,7,primary_N100_step20,100,20,False,dynamic,0.01,1.5,1000,17,340,440,2019-07-05 12:52:27.380000+00:00,2019-07-05 14:39:33.250000+00:00,2019-07-05 13:38:07.500000+00:00,2019-07-05 13:38:07.500000+00:00,20.071794444444446,100,0.54,4.08,21000996,0.7662416156410756,1.21,50,ok,999,0.7769144827758293,0.7633412422921603,0.14244745805807368,0.5325038221828562,1.0859142248451545,0.5534104026622984,1.21,49.0,usable_but_moderately_uncertain
mw71,7,primary_N100_step20,100,20,False,dynamic,0.01,1.5,1000,18,360,460,2019-07-05 13:08:39.460000+00:00,2019-07-05 14:57:03.290000+00:00,2019-07-05 14:01:47.390000+00:00,2019-07-05 14:01:47.390000+00:00,20.466208333333334,100,0.43,4.08,21001013,0.822240542561078,1.18,50,ok,1000,0.8355604373227948,0.8184948447611962,0.14389388840707062,0.5997715460880029,1.150140001726009,0.5503684556380062,1.19,49.0,usable_but_moderately_uncertain
mw71,7,primary_N100_step20,100,20,False,dynamic,0.01,1.5,1000,19,380,480,2019-07-05 13:28:40.810000+00:00,2019-07-05 15:24:57.870000+00:00,2019-07-05 14:29:38.740000+00:00,2019-07-05 14:29:38.740000+00:00,20.93047222222222,100,0.43,4.08,21001030,0.7982245256869177,1.18,44,ok,998,0.8250845259254203,0.8040188055085957,0.1501017700898138,0.5956316472656312,1.1529855553836372,0.557353908118006,1.18,44.0,exploratory
mw71,7,primary_N100_step20,100,20,False,dynamic,0.01,1.5,1000,20,400,500,2019-07-05 13:49:41.390000+00:00,2019-07-05 15:48:01.020000+00:00,2019-07-05 14:46:37.610000+00:00,2019-07-05 14:46:37.610000+00:00,21.21349166666667,100,0.41,4.08,21001047,0.8436977655623771,1.18,43,ok,995,0.8516659664932629,0.8263780695968056,0.1816446917376544,0.5821787940459299,1.2897091844559514,0.7075303904100215,1.1300000000000001,48.0,exploratory
mw71,7,primary_N100_step20,100,20,False,dynamic,0.01,1.5,1000,21,420,520,2019-07-05 14:18:44.160000+00:00,2019-07-05 16:18:57.890000+00:00,2019-07-05 15:12:17.680000+00:00,2019-07-05 15:12:17.680000+00:00,21.641288888888887,100,0.41,4.08,21001064,0.8782946952323651,0.99,59,ok,997,0.8702259670591495,0.850943314104568,0.17362321908716175,0.599172278272695,1.2598317753127317,0.6606594970400367,0.99,55.0,usable_but_moderately_uncertain
mw71,7,primary_N100_step20,100,20,False,dynamic,0.01,1.5,1000,22,440,540,2019-07-05 14:41:55.850000+00:00,2019-07-05 16:49:30.760000+00:00,2019-07-05 15:32:57.860000+00:00,2019-07-05 15:32:57.860000+00:00,21.985783333333334,100,0.41,2.68,21001081,0.9811958320267541,0.99,55,ok,999,0.9999302785913938,0.9522891711089563,0.2457697359465076,0.6954660679314069,1.5741120150306445,0.8786459470992376,1.01,47.5,usable_but_moderately_uncertain
mw71,7,primary_N100_step20,100,20,False,dynamic,0.01,1.5,1000,23,460,560,2019-07-05 14:57:44.690000+00:00,2019-07-05 17:14:23.800000+00:00,2019-07-05 16:08:35.330000+00:00,2019-07-05 16:08:35.330000+00:00,22.579524999999997,100,0.41,2.68,21001098,0.9404905851368986,0.99,53,ok,994,0.8941748387547555,0.8804636112644189,0.14688373574583022,0.6628317318785476,1.2212973964262528,0.5584656645477052,0.99,50.0,usable_but_moderately_uncertain
mw71,7,primary_N100_step20,100,20,False,dynamic,0.01,1.5,1000,24,480,580,2019-07-05 15:25:29.500000+00:00,2019-07-05 17:43:57.620000+00:00,2019-07-05 16:39:28+00:00,2019-07-05 16:39:28+00:00,23.094155555555556,100,0.41,2.5,21001115,0.9277212740228982,0.99,54,ok,992,0.9313115260902648,0.9032176610642951,0.1963697535236501,0.6951641053407758,1.3337468722871992,0.6385827669464235,0.99,48.0,usable_but_moderately_uncertain
mw71,7,primary_N100_step20,100,20,False,dynamic,0.01,1.5,1000,25,500,600,2019-07-05 15:49:21.440000+00:00,2019-07-05 18:15:24.440000+00:00,2019-07-05 16:59:19.210000+00:00,2019-07-05 16:59:19.210000+00:00,23.425047222222222,100,0.41,3.68,21001132,0.8876400589694432,0.99,56,ok,986,0.8738178920843438,0.8418495765123376,0.5579382236324535,0.5968106655386244,1.195699031802062,0.5988883662634376,1.0,49.0,usable_but_moderately_uncertain
mw71,7,primary_N100_step20,100,20,False,dynamic,0.01,1.5,1000,26,520,620,2019-07-05 16:21:00.910000+00:00,2019-07-05 18:41:23.720000+00:00,2019-07-05 17:25:46.400000+00:00,2019-07-05 17:25:46.400000+00:00,23.865933333333334,100,0.33,3.68,21001149,0.8725587698266793,0.8899999999999999,62,ok,997,0.8650417337373422,0.8324557607269024,0.5228523598667325,0.5781189766030289,1.1796665646340783,0.6015475880310494,1.0,48.0,usable_but_moderately_uncertain
mw71,7,primary_N100_step20,100,20,False,dynamic,0.01,1.5,1000,27,540,640,2019-07-05 16:49:51.200000+00:00,2019-07-05 19:17:28.960000+00:00,2019-07-05 17:59:55.980000+00:00,2019-07-05 17:59:55.980000+00:00,24.43526111111111,100,0.33,3.68,21001166,0.798019380951575,0.74,78,ok,998,0.842034686952635,0.819061670944247,0.16071463444409054,0.6208628716572778,1.1753089265060523,0.5544460548487745,1.0,49.5,usable_but_moderately_uncertain
mw71,7,primary_N100_step20,100,20,False,dynamic,0.01,1.5,1000,28,560,660,2019-07-05 17:14:37.800000+00:00,2019-07-05 19:59:36.740000+00:00,2019-07-05 18:27:19.720000+00:00,2019-07-05 18:27:19.720000+00:00,24.891855555555555,100,0.33,3.68,21001183,0.8268487388558896,1.11,39,ok,996,0.8661262581852838,0.846907668848778,0.17616314361269805,0.6138025463610767,1.2086991921695949,0.5948966458085182,1.11,41.5,exploratory
mw71,7,primary_N100_step20,100,20,False,dynamic,0.01,1.5,1000,29,580,680,2019-07-05 17:44:35.760000+00:00,2019-07-05 20:42:28.460000+00:00,2019-07-05 19:03:48.960000+00:00,2019-07-05 19:03:48.960000+00:00,25.499977777777776,100,0.33,3.68,21001200,0.8490237706931572,0.94,52,ok,999,0.8525969012094284,0.8355900562455942,0.1438388710457852,0.6170415369556378,1.1860446524032056,0.5690031154475678,1.09,41.0,usable_but_moderately_uncertain
mw71,7,primary_N100_step20,100,20,False,dynamic,0.01,1.5,1000,30,600,700,2019-07-05 18:16:17.200000+00:00,2019-07-05 21:33:07.720000+00:00,2019-07-05 19:41:26.380000+00:00,2019-07-05 19:41:26.380000+00:00,26.127038888888887,100,0.29,2.92,21001217,0.8475118223386864,0.94,51,ok,996,0.8681229013220076,0.8521849613913088,0.1503614484567532,0.6509148481611208,1.1971101432110567,0.5461952950499359,0.94,48.0,usable_but_moderately_uncertain
mw71,7,primary_N100_step20,100,20,False,dynamic,0.01,1.5,1000,31,620,720,2019-07-05 18:46:14.200000+00:00,2019-07-05 22:19:28.800000+00:00,2019-07-05 20:19:49.760000+00:00,2019-07-05 20:19:49.760000+00:00,26.766866666666665,100,0.29,2.92,21001234,0.8288582303090466,0.94,59,ok,995,0.8431633136954174,0.8293312468805989,0.15207873774991285,0.6337531228575565,1.1204702880321231,0.48671716517456665,0.94,55.0,usable_but_moderately_uncertain
mw71,7,primary_N100_step20,100,20,False,dynamic,0.01,1.5,1000,32,640,740,2019-07-05 19:19:38.180000+00:00,2019-07-05 22:54:37.320000+00:00,2019-07-05 21:15:25.700000+00:00,2019-07-05 21:15:25.700000+00:00,27.693516666666667,100,0.29,3.17,21001251,0.7544242241403047,0.94,59,ok,997,0.7571313716256419,0.7457660640685626,0.16151362844544917,0.5504440724081917,1.0407307140931417,0.49028664168494995,0.94,51.0,usable_but_moderately_uncertain
mw71,7,primary_N100_step20,100,20,False,dynamic,0.01,1.5,1000,33,660,760,2019-07-05 20:00:10.840000+00:00,2019-07-05 23:35:10.320000+00:00,2019-07-05 22:04:40.760000+00:00,2019-07-05 22:04:40.760000+00:00,28.514366666666668,100,0.29,3.17,21001268,0.7278848850563822,0.94,60,ok,1000,0.7701182742811721,0.7535040453313386,0.13359841230745897,0.5686353921159478,1.0995384301463142,0.5309030380303664,1.09,46.0,usable_but_moderately_uncertain
mw71,7,primary_N100_step20,100,20,False,dynamic,0.01,1.5,1000,34,680,780,2019-07-05 20:42:53.160000+00:00,2019-07-06 00:13:02.480000+00:00,2019-07-05 22:41:46.800000+00:00,2019-07-05 22:41:46.800000+00:00,29.13271111111111,100,0.16,3.62,21001285,0.620198075028041,1.5999999999999999,19,ok,997,0.6884405513554182,0.6715533351209586,0.13260441591511593,0.4903614160780835,0.9522156924056916,0.4618542763276081,1.21,41.0,highly_unreliable
mw71,7,primary_N100_step20,100,20,False,dynamic,0.01,1.5,1000,35,700,800,2019-07-05 21:33:58.660000+00:00,2019-07-06 00:38:53.200000+00:00,2019-07-05 23:13:37.640000+00:00,2019-07-05 23:13:37.640000+00:00,29.663500000000003,100,0.16,3.62,21001302,0.54833326080212,1.41,27,ok,996,0.6200966596567197,0.6110384183008828,0.12387455784355078,0.44717906321618744,0.8828439570261672,0.4356648938099798,1.24,36.0,highly_unreliable
mw71,7,primary_N100_step20,100,20,False,dynamic,0.01,1.5,1000,36,720,820,2019-07-05 22:20:17.440000+00:00,2019-07-06 01:10:36.350000+00:00,2019-07-06 00:00:45.290000+00:00,2019-07-06 00:00:45.290000+00:00,30.448958333333334,100,0.16,4.05,21001319,0.619244494324241,1.24,41,ok,999,0.5914777207780877,0.581247631414461,0.1148318902714865,0.40516904617737964,0.8357416594281843,0.4305726132508047,1.24,41.0,exploratory
mw71,7,primary_N100_step20,100,20,False,dynamic,0.01,1.5,1000,37,740,840,2019-07-05 22:57:44.960000+00:00,2019-07-06 01:41:59.680000+00:00,2019-07-06 00:26:24.320000+00:00,2019-07-06 00:26:24.320000+00:00,30.876466666666666,100,0.16,4.05,21001336,0.6355642431180988,1.24,36,ok,997,0.6318651294972547,0.6146246813515646,0.13425041320398384,0.42459863271857384,0.8930621811545764,0.4684635484360025,1.24,37.0,exploratory
mw71,7,primary_N100_step20,100,20,False,dynamic,0.01,1.5,1000,38,760,860,2019-07-05 23:42:34.760000+00:00,2019-07-06 02:20:38.330000+00:00,2019-07-06 00:54:46.600000+00:00,2019-07-06 00:54:46.600000+00:00,31.34932222222222,100,0.16,4.05,21001353,0.6686484072962084,1.14,42,ok,998,0.6517268036236437,0.6343215890639922,0.13033204552346492,0.44326488226290944,0.9491275225651091,0.5058626403021997,1.14,39.0,exploratory
mw71,7,primary_N100_step20,100,20,False,dynamic,0.01,1.5,1000,39,780,880,2019-07-06 00:14:41.390000+00:00,2019-07-06 03:07:46.160000+00:00,2019-07-06 01:20:11.310000+00:00,2019-07-06 01:20:11.310000+00:00,31.77285277777778,100,0.4,4.05,21001370,0.6854537521864866,0.96,50,ok,999,0.7012343662584994,0.6882370832630075,0.12977893746850408,0.46847194762818384,0.981059433706223,0.5125874860780391,1.05,44.0,usable_but_moderately_uncertain
mw71,7,exploratory_N50_step10,50,10,True,dynamic,0.01,1.5,1000,0,0,50,2019-07-04 17:36:59.360000+00:00,2019-07-04 23:47:59.360000+00:00,2019-07-04 21:41:12.720000+00:00,2019-07-04 21:41:12.720000+00:00,4.1232444444444445,50,0.78,4.74,21000707,0.44268237811486066,1.52,33,ok,949,0.4900591947232528,0.4510726502352897,0.16204061301307826,0.30342084679844433,0.975983728915624,0.6725628821171796,1.71,27.0,exploratory
mw71,7,exploratory_N50_step10,50,10,True,dynamic,0.01,1.5,1000,1,10,60,2019-07-04 18:52:56.160000+00:00,2019-07-05 00:18:01.230000+00:00,2019-07-04 22:54:36.020000+00:00,2019-07-04 22:54:36.020000+00:00,5.346383333333333,50,0.78,4.74,21000724,0.5261786884802073,1.55,26,ok,985,0.5446199913050749,0.5230103286877025,0.13876178336162534,0.35272310878620594,0.836383773869338,0.4836606650831321,1.55,25.0,highly_unreliable
mw71,7,exploratory_N50_step10,50,10,True,dynamic,0.01,1.5,1000,2,20,70,2019-07-04 20:13:57.400000+00:00,2019-07-05 00:56:43.400000+00:00,2019-07-04 23:30:30.220000+00:00,2019-07-04 23:30:30.220000+00:00,5.944772222222222,50,0.69,4.74,21000741,0.5084932279169627,0.98,44,ok,981,0.5069977846282324,0.49897396116710724,0.11179433743547386,0.3230985250134925,0.7649058717111465,0.44180734669765404,1.4,26.0,exploratory
mw71,7,exploratory_N50_step10,50,10,True,dynamic,0.01,1.5,1000,3,30,80,2019-07-04 22:31:16.280000+00:00,2019-07-05 01:30:41.560000+00:00,2019-07-05 00:04:22.630000+00:00,2019-07-05 00:04:22.630000+00:00,6.509330555555556,50,0.69,4.05,21000758,0.5380179388221332,1.55,18,ok,977,0.6218421660077165,0.5920794056300193,0.1912398909088383,0.38722788824743587,1.0355073617031714,0.6482794734557356,1.55,21.0,highly_unreliable
mw71,7,exploratory_N50_step10,50,10,True,dynamic,0.01,1.5,1000,4,40,90,2019-07-04 23:16:21.020000+00:00,2019-07-05 02:31:35.980000+00:00,2019-07-05 00:39:52.950000+00:00,2019-07-05 00:39:52.950000+00:00,7.101086111111111,50,0.46,4.05,21000775,0.4743385535593474,1.55,17,ok,980,0.5617921313482029,0.5319559384611436,0.14672738680678105,0.35860943975708726,0.9221797557467353,0.563570315989648,1.55,19.0,highly_unreliable
mw71,7,exploratory_N50_step10,50,10,True,dynamic,0.01,1.5,1000,5,50,100,2019-07-04 23:50:57.100000+00:00,2019-07-05 03:10:40.140000+00:00,2019-07-05 01:10:13.700000+00:00,2019-07-05 01:10:13.700000+00:00,7.60685,50,0.46,3.99,21000792,0.579067888089539,1.28,26,ok,982,0.5806137547817708,0.5456791295387968,0.2026271080728074,0.3776747079614221,0.9908288660248986,0.6131541580634765,1.4,21.0,highly_unreliable
mw71,7,exploratory_N50_step10,50,10,True,dynamic,0.01,1.5,1000,6,60,110,2019-07-05 00:26:16.400000+00:00,2019-07-05 03:58:46.600000+00:00,2019-07-05 02:11:59.960000+00:00,2019-07-05 02:11:59.960000+00:00,8.636366666666666,50,0.46,3.4,21000809,0.5745410672877787,1.09,33,ok,977,0.6598177972983971,0.575232888909134,0.33940574109487703,0.42569236801889776,1.527841419179544,1.1021490511606462,1.28,24.0,exploratory
mw71,7,exploratory_N50_step10,50,10,True,dynamic,0.01,1.5,1000,7,70,120,2019-07-05 00:57:57.170000+00:00,2019-07-05 04:35:15.170000+00:00,2019-07-05 02:56:28.720000+00:00,2019-07-05 02:56:28.720000+00:00,9.377688888888889,50,0.35,3.4,21000826,0.6061431009209886,1.44,20,ok,984,0.6388864125547695,0.5843516079816404,0.24323644628955807,0.4238304815040877,1.2797514618616193,0.8559209803575316,1.44,21.0,highly_unreliable
mw71,7,exploratory_N50_step10,50,10,True,dynamic,0.01,1.5,1000,8,80,130,2019-07-05 01:39:25.300000+00:00,2019-07-05 05:42:53.810000+00:00,2019-07-05 03:43:53.440000+00:00,2019-07-05 03:43:53.440000+00:00,10.16788888888889,50,0.35,3.43,21000843,0.524711611785626,1.15,26,ok,978,0.5588520789875536,0.5312508802686666,0.13265627861488932,0.40097721575008405,0.9081959957661105,0.5072187800160265,1.15,24.0,highly_unreliable
mw71,7,exploratory_N50_step10,50,10,True,dynamic,0.01,1.5,1000,9,90,140,2019-07-05 02:40:06.430000+00:00,2019-07-05 06:32:45.270000+00:00,2019-07-05 04:11:33.170000+00:00,2019-07-05 04:11:33.170000+00:00,10.628924999999999,50,0.35,3.43,21000860,0.6207723354344614,1.03,26,ok,975,0.6516292430957306,0.6172817366577211,0.18916565192408502,0.4468633406725919,1.0971178063866631,0.6502544657140712,1.09,22.0,highly_unreliable
mw71,7,exploratory_N50_step10,50,10,True,dynamic,0.01,1.5,1000,10,100,150,2019-07-05 03:21:32.830000+00:00,2019-07-05 07:22:17.360000+00:00,2019-07-05 05:21:02.610000+00:00,2019-07-05 05:21:02.610000+00:00,11.787102777777777,50,0.35,3.43,21000877,0.6968250698819158,1.03,23,ok,986,0.7122094385923535,0.6781602988046037,0.2337297926007979,0.46284041820709976,1.1308663084976431,0.6680258902905434,1.03,21.0,highly_unreliable
mw71,7,exploratory_N50_step10,50,10,True,dynamic,0.01,1.5,1000,11,110,160,2019-07-05 03:59:10.240000+00:00,2019-07-05 07:38:37.300000+00:00,2019-07-05 06:22:54.710000+00:00,2019-07-05 06:22:54.710000+00:00,12.818241666666665,50,0.35,4.1,21000894,0.6673029852754229,1.03,24,ok,984,0.6991264840799931,0.6677056313310853,0.21406459449837514,0.3893984078260526,1.194598448219201,0.8052000403931483,1.03,22.0,highly_unreliable
mw71,7,exploratory_N50_step10,50,10,True,dynamic,0.01,1.5,1000,12,120,170,2019-07-05 04:45:10.690000+00:00,2019-07-05 08:41:18.300000+00:00,2019-07-05 06:51:48.790000+00:00,2019-07-05 06:51:48.790000+00:00,13.299930555555555,50,0.38,4.1,21000911,0.6289169177187973,1.03,27,ok,983,0.6360935511926687,0.6090118824887955,0.18969240235089369,0.3872028274191546,1.0095406357933405,0.622337808374186,1.03,25.0,highly_unreliable
mw71,7,exploratory_N50_step10,50,10,True,dynamic,0.01,1.5,1000,13,130,180,2019-07-05 05:43:24.910000+00:00,2019-07-05 09:26:25.730000+00:00,2019-07-05 07:33:28.340000+00:00,2019-07-05 07:33:28.340000+00:00,13.994250000000001,50,0.38,4.1,21000928,0.7210674279735737,1.04,26,ok,989,0.7113143650846424,0.681161277390625,0.20545017440186797,0.41324203363982653,1.2002459914309147,0.7870039577910881,1.04,26.0,highly_unreliable
mw71,7,exploratory_N50_step10,50,10,True,dynamic,0.01,1.5,1000,14,140,190,2019-07-05 06:32:48.320000+00:00,2019-07-05 10:12:33.170000+00:00,2019-07-05 08:11:08.700000+00:00,2019-07-05 08:11:08.700000+00:00,14.622127777777779,50,0.34,4.1,21000945,0.7855669928319382,1.04,28,ok,981,0.8523878122903826,0.7284546528101232,1.1362003603124544,0.4224723788335701,1.6525114455581382,1.2300390667245682,1.04,27.0,highly_unreliable
mw71,7,exploratory_N50_step10,50,10,True,dynamic,0.01,1.5,1000,15,150,200,2019-07-05 07:27:36.830000+00:00,2019-07-05 11:08:39.870000+00:00,2019-07-05 09:13:56.390000+00:00,2019-07-05 09:13:56.390000+00:00,15.668708333333333,50,0.34,4.1,21000962,0.5595383341914436,0.8700000000000001,34,ok,976,0.6059401743052273,0.5754764052270748,0.16772958092260484,0.3554220216886238,1.017755917659798,0.6623338959711741,1.04,29.0,exploratory
mw71,7,exploratory_N50_step10,50,10,True,dynamic,0.01,1.5,1000,16,160,210,2019-07-05 07:45:14.030000+00:00,2019-07-05 11:15:06.290000+00:00,2019-07-05 09:44:08.060000+00:00,2019-07-05 09:44:08.060000+00:00,16.17195,50,0.34,3.91,21000979,0.41299881586093773,0.8700000000000001,35,ok,974,0.5013331181990213,0.4251733620723021,0.37992586672124673,0.3319702932771054,1.33639615579815,1.0044258625210447,1.01,29.0,exploratory
mw71,7,exploratory_N50_step10,50,10,True,dynamic,0.01,1.5,1000,17,170,220,2019-07-05 08:42:50.480000+00:00,2019-07-05 11:20:24.570000+00:00,2019-07-05 10:51:32.330000+00:00,2019-07-05 10:51:32.330000+00:00,17.295358333333333,50,0.34,3.91,21000996,0.3635106808037507,0.8700000000000001,37,ok,971,0.6141909687726979,0.4535753832881398,0.49092412528057894,0.31464990334639054,1.6555598091284374,1.3409099057820468,1.3699999999999999,25.0,exploratory
mw71,7,exploratory_N50_step10,50,10,True,dynamic,0.01,1.5,1000,18,180,230,2019-07-05 09:32:02.760000+00:00,2019-07-05 11:26:34.960000+00:00,2019-07-05 11:12:18.800000+00:00,2019-07-05 11:12:18.800000+00:00,17.6416,50,0.34,3.91,21001013,0.7592754262824896,2.08,20,ok,980,0.6766282410012285,0.6388934791537078,0.35259548548781405,0.314597250620819,1.4072022791886751,1.0926050285678561,2.08,21.0,highly_unreliable
mw71,7,exploratory_N50_step10,50,10,True,dynamic,0.01,1.5,1000,19,190,240,2019-07-05 10:21:26.470000+00:00,2019-07-05 11:34:02.740000+00:00,2019-07-05 11:17:19.270000+00:00,2019-07-05 11:17:19.270000+00:00,17.72506388888889,50,0.67,3.91,21001030,0.7178584627123376,1.95,27,ok,980,0.7304183723757133,0.6736455982926968,0.4610333235203603,0.3326423262504302,1.6390416188169383,1.3063992925665082,2.0100000000000002,23.5,highly_unreliable
mw71,7,exploratory_N50_step10,50,10,True,dynamic,0.01,1.5,1000,20,200,250,2019-07-05 11:09:49.120000+00:00,2019-07-05 11:39:26.050000+00:00,2019-07-05 11:24:21.150000+00:00,2019-07-05 11:24:21.150000+00:00,17.842252777777777,50,1.16,3.42,21001047,0.6603084075674276,1.73,33,ok,971,0.8616386457180494,0.684541376639457,1.2003767396890745,0.481854263158653,1.879848019304419,1.397993756145766,1.96,23.0,exploratory
mw71,7,exploratory_N50_step10,50,10,True,dynamic,0.01,1.5,1000,21,210,260,2019-07-05 11:15:25.450000+00:00,2019-07-05 11:44:25.770000+00:00,2019-07-05 11:32:19.020000+00:00,2019-07-05 11:32:19.020000+00:00,17.974994444444444,50,0.76,3.42,21001064,0.9663316679379398,1.73,27,ok,969,0.955394744498304,0.8818465047188607,0.5078710039151052,0.518492458912093,1.7773798543760888,1.2588873954639959,1.75,23.0,highly_unreliable
mw71,7,exploratory_N50_step10,50,10,True,dynamic,0.01,1.5,1000,22,220,270,2019-07-05 11:20:55.260000+00:00,2019-07-05 11:50:53.920000+00:00,2019-07-05 11:36:03.500000+00:00,2019-07-05 11:36:03.500000+00:00,18.03735,50,0.68,3.42,21001081,0.8143260113351439,1.22,42,ok,965,0.98568561336121,0.8721714469807785,1.0706198886580152,0.5044746464413024,1.9566515976581342,1.4521769512168319,1.55,24.0,exploratory
mw71,7,exploratory_N50_step10,50,10,True,dynamic,0.01,1.5,1000,23,230,280,2019-07-05 11:26:53.580000+00:00,2019-07-05 11:57:20.880000+00:00,2019-07-05 11:41:37.430000+00:00,2019-07-05 11:41:37.430000+00:00,18.130108333333332,50,0.68,3.42,21001098,0.9554448549502517,1.47,23,ok,985,0.9812758298874762,0.895484265292641,0.6326493697123674,0.5024344527951297,1.8000066610806946,1.297572208285565,1.47,21.0,highly_unreliable
mw71,7,exploratory_N50_step10,50,10,True,dynamic,0.01,1.5,1000,24,240,290,2019-07-05 11:34:14.760000+00:00,2019-07-05 12:06:32.470000+00:00,2019-07-05 11:48:54.330000+00:00,2019-07-05 11:48:54.330000+00:00,18.251469444444442,50,0.68,3.42,21001115,1.0891968541502342,1.27,32,ok,989,1.1380906033117453,1.051611868515521,0.4390240903366888,0.5740116663248662,2.2110078025815243,1.636996136256658,1.3849999999999998,25.0,exploratory
mw71,7,exploratory_N50_step10,50,10,True,dynamic,0.01,1.5,1000,25,250,300,2019-07-05 11:39:50.480000+00:00,2019-07-05 12:13:37.790000+00:00,2019-07-05 11:55:14.420000+00:00,2019-07-05 11:55:14.420000+00:00,18.35705,50,0.68,2.79,21001132,1.2234456417011585,1.27,28,ok,988,1.2722132230063015,1.1697215536748589,0.4265793804468101,0.7570900296063074,2.447187549414012,1.6900975198077046,1.27,24.0,highly_unreliable
mw71,7,exploratory_N50_step10,50,10,True,dynamic,0.01,1.5,1000,26,260,310,2019-07-05 11:44:36.880000+00:00,2019-07-05 12:25:18.460000+00:00,2019-07-05 12:03:11.090000+00:00,2019-07-05 12:03:11.090000+00:00,18.489458333333335,50,0.68,2.79,21001149,1.089684896765344,1.27,28,ok,988,1.1092063493764375,1.05643723371473,0.36282945885262746,0.6179172413355128,1.8483405694013129,1.2304233280658,1.27,26.0,highly_unreliable
mw71,7,exploratory_N50_step10,50,10,True,dynamic,0.01,1.5,1000,27,270,320,2019-07-05 11:51:20.450000+00:00,2019-07-05 12:39:43.480000+00:00,2019-07-05 12:11:55.520000+00:00,2019-07-05 12:11:55.520000+00:00,18.635133333333332,50,0.58,4.42,21001166,0.7805245703671768,1.27,28,ok,995,0.7983207182582979,0.753753144935803,0.32186047167347825,0.43482007427306746,1.3886457102443648,0.9538256359712973,1.27,25.0,highly_unreliable
mw71,7,exploratory_N50_step10,50,10,True,dynamic,0.01,1.5,1000,28,280,330,2019-07-05 11:58:17.650000+00:00,2019-07-05 12:45:38.140000+00:00,2019-07-05 12:18:10.520000+00:00,2019-07-05 12:18:10.520000+00:00,18.7393,50,0.58,4.42,21001183,0.6824071654231258,1.27,28,ok,991,0.7694800687102077,0.7199410317381115,0.37768627105905533,0.4598945838636833,1.289505114223726,0.8296105303600426,1.4,25.0,highly_unreliable
mw71,7,exploratory_N50_step10,50,10,True,dynamic,0.01,1.5,1000,29,290,340,2019-07-05 12:07:56.290000+00:00,2019-07-05 12:51:31.290000+00:00,2019-07-05 12:33:03.470000+00:00,2019-07-05 12:33:03.470000+00:00,18.987341666666666,50,0.58,4.42,21001200,0.7541732050047476,1.43,23,ok,971,0.8333003144061847,0.7303330435828289,1.402532633358565,0.4500930046583513,1.3011609393308485,0.8510679346724972,1.43,24.0,highly_unreliable
mw71,7,exploratory_N50_step10,50,10,True,dynamic,0.01,1.5,1000,30,300,350,2019-07-05 12:14:06.820000+00:00,2019-07-05 13:01:04.700000+00:00,2019-07-05 12:43:46.300000+00:00,2019-07-05 12:43:46.300000+00:00,19.165905555555554,50,0.58,4.42,21001217,0.5955159661939786,1.43,21,ok,974,0.6491305022496482,0.5882208705185977,1.0331867784931776,0.3296708655187609,0.972639651381489,0.6429687858627281,1.3299999999999998,23.0,highly_unreliable
mw71,7,exploratory_N50_step10,50,10,True,dynamic,0.01,1.5,1000,31,310,360,2019-07-05 12:25:49.910000+00:00,2019-07-05 13:08:08.050000+00:00,2019-07-05 12:48:48.150000+00:00,2019-07-05 12:48:48.150000+00:00,19.24975277777778,50,0.58,4.42,21001234,0.6192843782325793,1.17,27,ok,982,0.6432688906572678,0.6117786619648502,0.22094532039737078,0.3211215990240342,1.1373050608153423,0.8161834617913082,1.21,23.0,highly_unreliable
mw71,7,exploratory_N50_step10,50,10,True,dynamic,0.01,1.5,1000,32,320,370,2019-07-05 12:40:12+00:00,2019-07-05 13:20:26.100000+00:00,2019-07-05 12:55:04.510000+00:00,2019-07-05 12:55:04.510000+00:00,19.354297222222222,50,0.61,4.04,21001251,0.7080032523244862,1.3599999999999999,19,ok,979,0.8359802063113523,0.7466564685354378,1.3445725916275613,0.4078656531194682,1.3257178166468924,0.9178521635274242,1.3399999999999999,20.0,highly_unreliable
mw71,7,exploratory_N50_step10,50,10,True,dynamic,0.01,1.5,1000,33,330,380,2019-07-05 12:45:54.310000+00:00,2019-07-05 13:27:04.370000+00:00,2019-07-05 13:04:46.850000+00:00,2019-07-05 13:04:46.850000+00:00,19.516058333333334,50,0.61,4.04,21001268,0.8085503147187558,1.19,28,ok,995,0.8311610096226059,0.7835422256512322,0.24755754732032967,0.46587802910865667,1.4145043537690358,0.9486263246603792,1.21,25.0,highly_unreliable
mw71,7,exploratory_N50_step10,50,10,True,dynamic,0.01,1.5,1000,34,340,390,2019-07-05 12:52:27.380000+00:00,2019-07-05 13:37:24.870000+00:00,2019-07-05 13:12:23.060000+00:00,2019-07-05 13:12:23.060000+00:00,19.642783333333334,50,0.54,4.04,21001285,0.8941672835573552,1.21,28,ok,985,0.9167860714358091,0.8675767570302746,0.3663609516463516,0.4725043710077832,1.5789229666004199,1.1064185955926367,1.21,25.0,highly_unreliable
mw71,7,exploratory_N50_step10,50,10,True,dynamic,0.01,1.5,1000,35,350,400,2019-07-05 13:01:11.390000+00:00,2019-07-05 13:49:05.330000+00:00,2019-07-05 13:25:10.580000+00:00,2019-07-05 13:25:10.580000+00:00,19.85598333333333,50,0.54,2.89,21001302,0.9651385676180838,1.21,30,ok,987,1.0186450963433569,0.975983728915624,0.29380960676755413,0.6333167810591183,1.649869525776142,1.0165527447170237,1.27,27.0,exploratory
mw71,7,exploratory_N50_step10,50,10,True,dynamic,0.01,1.5,1000,36,360,410,2019-07-05 13:08:39.460000+00:00,2019-07-05 14:00:49.970000+00:00,2019-07-05 13:34:10.880000+00:00,2019-07-05 13:34:10.880000+00:00,20.006066666666666,50,0.54,2.89,21001319,0.926883160440393,1.18,28,ok,981,1.0103106356939928,0.9575384331657096,0.32516935221637266,0.6395856150039325,1.7043663304063732,1.0647807154024407,1.27,23.0,highly_unreliable
mw71,7,exploratory_N50_step10,50,10,True,dynamic,0.01,1.5,1000,37,370,420,2019-07-05 13:20:50.680000+00:00,2019-07-05 14:16:48.810000+00:00,2019-07-05 13:46:24.330000+00:00,2019-07-05 13:46:24.330000+00:00,20.209802777777774,50,0.54,2.77,21001336,0.8315727167866098,1.05,33,ok,985,0.8869634387051919,0.839590183562981,0.2776379604875865,0.596990508125,1.4153803303701051,0.8183898222451051,1.18,26.0,exploratory
mw71,7,exploratory_N50_step10,50,10,True,dynamic,0.01,1.5,1000,38,380,430,2019-07-05 13:28:40.810000+00:00,2019-07-05 14:28:52.310000+00:00,2019-07-05 13:57:47.080000+00:00,2019-07-05 13:57:47.080000+00:00,20.399455555555555,50,0.54,2.77,21001353,0.8895672048872466,1.05,31,ok,985,0.9501530925362446,0.8773924307505152,0.9615668616454414,0.617492227952327,1.5239966556736904,0.9065044277213633,1.21,23.0,exploratory
mw71,7,exploratory_N50_step10,50,10,True,dynamic,0.01,1.5,1000,39,390,440,2019-07-05 13:38:07.500000+00:00,2019-07-05 14:39:33.250000+00:00,2019-07-05 14:10:22.420000+00:00,2019-07-05 14:10:22.420000+00:00,20.609272222222224,50,0.67,4.08,21001370,0.6573231152738966,1.25,21,ok,989,0.6940260063016992,0.6647494300752466,0.17859750709232802,0.42685513665465785,1.1412872539701997,0.7144321173155419,1.22,22.0,highly_unreliable
mw71,7,exploratory_N50_step10,50,10,True,dynamic,0.01,1.5,1000,40,400,450,2019-07-05 13:49:41.390000+00:00,2019-07-05 14:46:29.840000+00:00,2019-07-05 14:23:15.770000+00:00,2019-07-05 14:23:15.770000+00:00,20.824091666666664,50,0.67,4.08,21001387,0.7407501108233157,1.18,23,ok,986,0.7690593301904575,0.7437066568346111,0.203216557931267,0.40951451237516967,1.2247320505890789,0.8152175382139092,1.18,23.0,highly_unreliable
mw71,7,exploratory_N50_step10,50,10,True,dynamic,0.01,1.5,1000,41,410,460,2019-07-05 14:01:47.390000+00:00,2019-07-05 14:57:03.290000+00:00,2019-07-05 14:36:25.100000+00:00,2019-07-05 14:36:25.100000+00:00,21.04335,50,0.43,4.08,21001404,0.7093896991164781,0.8800000000000001,36,ok,988,0.7571622927072259,0.7149693988853028,0.2634390737026737,0.427507140915376,1.359330437624764,0.9318232967093879,1.19,22.0,exploratory
mw71,7,exploratory_N50_step10,50,10,True,dynamic,0.01,1.5,1000,42,420,470,2019-07-05 14:18:44.160000+00:00,2019-07-05 15:09:25.720000+00:00,2019-07-05 14:43:51.450000+00:00,2019-07-05 14:43:51.450000+00:00,21.167336111111112,50,0.43,4.08,21001421,0.7878063579950408,0.8800000000000001,35,ok,984,0.9375308800966029,0.8302295521917844,0.5851318246784318,0.45216703542395303,1.9748937687899548,1.5227267333660017,1.2,21.0,exploratory
mw71,7,exploratory_N50_step10,50,10,True,dynamic,0.01,1.5,1000,43,430,480,2019-07-05 14:29:38.740000+00:00,2019-07-05 15:24:57.870000+00:00,2019-07-05 14:50:27.550000+00:00,2019-07-05 14:50:27.550000+00:00,21.27736388888889,50,0.43,4.08,21001438,0.7945414254105103,0.98,31,ok,984,0.781743815180501,0.7335451247598176,0.305791512084831,0.4049276084357751,1.4121521617737682,1.007224553337993,1.18,22.0,exploratory
mw71,7,exploratory_N50_step10,50,10,True,dynamic,0.01,1.5,1000,44,440,490,2019-07-05 14:41:55.850000+00:00,2019-07-05 15:31:37.350000+00:00,2019-07-05 15:05:58.400000+00:00,2019-07-05 15:05:58.400000+00:00,21.535933333333332,50,0.43,2.68,21001455,1.0159398515121831,1.2,20,ok,982,1.0488336999308343,0.9563930660538573,0.5141012208245481,0.6559266493800755,1.8392188594603125,1.183292210080237,1.2,20.0,highly_unreliable
mw71,7,exploratory_N50_step10,50,10,True,dynamic,0.01,1.5,1000,45,450,500,2019-07-05 14:46:37.610000+00:00,2019-07-05 15:48:01.020000+00:00,2019-07-05 15:21:21.640000+00:00,2019-07-05 15:21:21.640000+00:00,21.79238888888889,50,0.41,2.68,21001472,0.7927368402101221,0.79,35,ok,986,1.0074525559046872,0.9018614361366721,0.4037407364357367,0.6381251991303781,1.8483405694013129,1.2102153702709346,0.99,24.0,exploratory
mw71,7,exploratory_N50_step10,50,10,True,dynamic,0.01,1.5,1000,46,460,510,2019-07-05 14:57:44.690000+00:00,2019-07-05 16:06:20.100000+00:00,2019-07-05 15:29:25.510000+00:00,2019-07-05 15:29:25.510000+00:00,21.926797222222223,50,0.41,2.68,21001489,0.8604905242556744,0.79,36,ok,981,1.0136485757835019,0.9424481552992561,0.305998290512951,0.6636249195286227,1.749073216033543,1.0854482965049201,1.07,22.0,exploratory
mw71,7,exploratory_N50_step10,50,10,True,dynamic,0.01,1.5,1000,47,470,520,2019-07-05 15:12:17.680000+00:00,2019-07-05 16:18:57.890000+00:00,2019-07-05 15:44:42.690000+00:00,2019-07-05 15:44:42.690000+00:00,22.181569444444442,50,0.41,2.68,21001506,0.8935102443295843,0.99,28,ok,993,0.9414232923618716,0.8845407227904086,0.2746505436094309,0.6069212086912985,1.595973034595255,0.9890518259039565,1.03,22.0,highly_unreliable
mw71,7,exploratory_N50_step10,50,10,True,dynamic,0.01,1.5,1000,48,480,530,2019-07-05 15:25:29.500000+00:00,2019-07-05 16:38:53.050000+00:00,2019-07-05 15:56:17.270000+00:00,2019-07-05 15:56:17.270000+00:00,22.37450833333333,50,0.41,2.5,21001523,0.9545317906230362,1.44,11,ok,993,0.9677019153093271,0.9001244114790483,0.3337416083679747,0.6096908731921729,1.7414473823070993,1.1317565091149264,1.22,17.0,highly_unreliable
mw71,7,exploratory_N50_step10,50,10,True,dynamic,0.01,1.5,1000,49,490,540,2019-07-05 15:32:57.860000+00:00,2019-07-05 16:49:30.760000+00:00,2019-07-05 16:13:59.360000+00:00,2019-07-05 16:13:59.360000+00:00,22.669533333333334,50,0.41,2.5,21001540,1.0316268475976138,0.99,25,ok,981,1.0410721388130675,0.9631000929404163,0.5026263695330005,0.5666570484851736,1.9615864357182655,1.394929387233092,0.99,21.0,highly_unreliable
mw71,7,exploratory_N50_step10,50,10,True,dynamic,0.01,1.5,1000,50,500,550,2019-07-05 15:49:21.440000+00:00,2019-07-05 16:58:54.920000+00:00,2019-07-05 16:30:56.020000+00:00,2019-07-05 16:30:56.020000+00:00,22.951938888888886,50,0.41,2.5,21001557,0.945237215638264,0.75,38,ok,973,0.9759506088897573,0.9366301217008475,0.3319425960214117,0.5273869937634587,1.7436588350781834,1.2162718413147249,1.08,17.0,exploratory
mw71,7,exploratory_N50_step10,50,10,True,dynamic,0.01,1.5,1000,51,510,560,2019-07-05 16:08:35.330000+00:00,2019-07-05 17:14:23.800000+00:00,2019-07-05 16:43:50.750000+00:00,2019-07-05 16:43:50.750000+00:00,23.16714166666667,50,0.41,2.5,21001574,0.8074200422464173,0.74,38,ok,936,0.8517850906796371,0.820350999932371,0.232651866427565,0.5116192336694187,1.3955119048665727,0.883892671197154,1.1,20.0,exploratory
mw71,7,exploratory_N50_step10,50,10,True,dynamic,0.01,1.5,1000,52,520,570,2019-07-05 16:21:00.910000+00:00,2019-07-05 17:24:44.880000+00:00,2019-07-05 16:54:52.910000+00:00,2019-07-05 16:54:52.910000+00:00,23.351074999999998,50,0.41,2.5,21001591,0.9227567000465012,0.8899999999999999,30,ok,982,0.9078414582393578,0.8581020670482444,0.3124215818750412,0.5677132891690488,1.4776060285208408,0.9098927393517919,0.8899999999999999,27.0,exploratory
mw71,7,exploratory_N50_step10,50,10,True,dynamic,0.01,1.5,1000,53,530,580,2019-07-05 16:39:28+00:00,2019-07-05 17:43:57.620000+00:00,2019-07-05 17:09:35.720000+00:00,2019-07-05 17:09:35.720000+00:00,23.5963,50,0.41,2.48,21001608,0.8421888771960963,0.8899999999999999,29,ok,979,1.0277161776872128,0.8540160339232701,1.5317802885237777,0.6360556272892198,1.6739712498701684,1.0379156225809485,0.8899999999999999,27.0,highly_unreliable
mw71,7,exploratory_N50_step10,50,10,True,dynamic,0.01,1.5,1000,54,540,590,2019-07-05 16:49:51.200000+00:00,2019-07-05 17:53:50.740000+00:00,2019-07-05 17:19:16.800000+00:00,2019-07-05 17:19:16.800000+00:00,23.75771111111111,50,0.44,2.48,21001625,0.8165132286721362,0.74,42,ok,979,0.9461069624088498,0.8734708588312519,0.48385689584383645,0.6408072203708822,1.5144760415796554,0.8736688212087732,1.0,28.0,exploratory
mw71,7,exploratory_N50_step10,50,10,True,dynamic,0.01,1.5,1000,55,550,600,2019-07-05 16:59:19.210000+00:00,2019-07-05 18:15:24.440000+00:00,2019-07-05 17:33:56.840000+00:00,2019-07-05 17:33:56.840000+00:00,24.002166666666668,50,0.53,3.68,21001642,0.6995716996092205,0.74,43,ok,985,0.8363881333699777,0.7568443908326526,0.9782195180445887,0.5019144308028374,1.4617093173180569,0.9597948865152195,1.0,29.0,exploratory
mw71,7,exploratory_N50_step10,50,10,True,dynamic,0.01,1.5,1000,56,560,610,2019-07-05 17:14:37.800000+00:00,2019-07-05 18:27:08.760000+00:00,2019-07-05 17:49:14.640000+00:00,2019-07-05 17:49:14.640000+00:00,24.25711111111111,50,0.44,3.68,21001659,0.7701975919903314,1.0,27,ok,969,0.8432863306376167,0.7807185561862855,0.39990992461354435,0.49504957833193497,1.4353410522331504,0.9402914739012155,1.09,23.0,highly_unreliable
mw71,7,exploratory_N50_step10,50,10,True,dynamic,0.01,1.5,1000,57,570,620,2019-07-05 17:25:46.400000+00:00,2019-07-05 18:41:23.720000+00:00,2019-07-05 18:13:06.580000+00:00,2019-07-05 18:13:06.580000+00:00,24.65487222222222,50,0.33,3.68,21001676,0.8650556875020458,1.26,17,ok,982,0.8645539242036303,0.7954405721756763,0.35759175028924145,0.4935544357690753,1.603336556383515,1.1097821206144396,1.12,19.0,highly_unreliable
mw71,7,exploratory_N50_step10,50,10,True,dynamic,0.01,1.5,1000,58,580,630,2019-07-05 17:44:35.760000+00:00,2019-07-05 19:03:37.620000+00:00,2019-07-05 18:20:24.320000+00:00,2019-07-05 18:20:24.320000+00:00,24.776466666666668,50,0.33,3.68,21001693,0.7033262731203864,1.26,12,ok,993,0.8448894338417064,0.7869651014561525,0.5965610161538053,0.45244427906742346,1.4633427790013298,1.0108984999339063,1.11,17.0,highly_unreliable
mw71,7,exploratory_N50_step10,50,10,True,dynamic,0.01,1.5,1000,59,590,640,2019-07-05 17:59:55.980000+00:00,2019-07-05 19:17:28.960000+00:00,2019-07-05 18:31:42.800000+00:00,2019-07-05 18:31:42.800000+00:00,24.96493333333333,50,0.33,3.68,21001710,0.7819918010213763,0.9199999999999999,26,ok,980,0.8277224458309108,0.7656135394705069,0.7377314862329527,0.40100560862622237,1.3311470273513357,0.9301414187251134,1.04,20.0,highly_unreliable
mw71,7,exploratory_N50_step10,50,10,True,dynamic,0.01,1.5,1000,60,600,650,2019-07-05 18:16:17.200000+00:00,2019-07-05 19:38:34.320000+00:00,2019-07-05 18:55:01.240000+00:00,2019-07-05 18:55:01.240000+00:00,25.353388888888887,50,0.33,2.29,21001727,1.05930734974242,0.9099999999999999,26,ok,966,1.1700519613418523,1.020855421239205,1.5079080244831222,0.7089035136566462,1.7843906042378161,1.07548709058117,1.0,21.0,highly_unreliable
mw71,7,exploratory_N50_step10,50,10,True,dynamic,0.01,1.5,1000,61,610,660,2019-07-05 18:27:19.720000+00:00,2019-07-05 19:59:36.740000+00:00,2019-07-05 19:14:40.140000+00:00,2019-07-05 19:14:40.140000+00:00,25.680861111111113,50,0.33,2.85,21001744,0.9464418951186586,0.79,36,ok,980,0.993475664906215,0.9443788455182038,0.32738652058893364,0.5302190939389229,1.685743472924748,1.1555243789858252,0.94,24.0,exploratory
mw71,7,exploratory_N50_step10,50,10,True,dynamic,0.01,1.5,1000,62,620,670,2019-07-05 18:46:14.200000+00:00,2019-07-05 20:17:07+00:00,2019-07-05 19:35:12.960000+00:00,2019-07-05 19:35:12.960000+00:00,26.02331111111111,50,0.37,2.85,21001761,0.9667913385351719,0.94,26,ok,991,1.0264618371104401,0.971238637603572,0.2863548166159317,0.6527135110516555,1.732728508800853,1.0800149977491975,0.94,23.0,highly_unreliable
mw71,7,exploratory_N50_step10,50,10,True,dynamic,0.01,1.5,1000,63,630,680,2019-07-05 19:03:48.960000+00:00,2019-07-05 20:42:28.460000+00:00,2019-07-05 19:51:48.760000+00:00,2019-07-05 19:51:48.760000+00:00,26.29992222222222,50,0.37,2.85,21001778,0.8739967195645808,0.94,26,ok,984,0.9359909899905053,0.892284453304438,0.2738259012526936,0.6300755847730205,1.473878270002954,0.8438026852299335,0.94,24.0,highly_unreliable
mw71,7,exploratory_N50_step10,50,10,True,dynamic,0.01,1.5,1000,64,640,690,2019-07-05 19:19:38.180000+00:00,2019-07-05 21:13:37.280000+00:00,2019-07-05 20:03:57.320000+00:00,2019-07-05 20:03:57.320000+00:00,26.502299999999998,50,0.29,2.92,21001795,0.7254082049812939,0.94,27,ok,973,0.7616583884673276,0.7296247722371213,0.18375032415439707,0.5181502867803081,1.2103796293511582,0.6922293425708501,0.94,24.0,highly_unreliable
mw71,7,exploratory_N50_step10,50,10,True,dynamic,0.01,1.5,1000,65,650,700,2019-07-05 19:41:26.380000+00:00,2019-07-05 21:33:07.720000+00:00,2019-07-05 20:27:35.660000+00:00,2019-07-05 20:27:35.660000+00:00,26.896283333333333,50,0.29,2.92,21001812,0.723617543305213,0.94,27,ok,971,0.7760089131373419,0.7294523249212237,0.22029178582309272,0.5281786167935644,1.2948729215231687,0.7666943047296043,0.94,25.0,highly_unreliable
mw71,7,exploratory_N50_step10,50,10,True,dynamic,0.01,1.5,1000,66,660,710,2019-07-05 20:00:10.840000+00:00,2019-07-05 22:03:10.120000+00:00,2019-07-05 21:03:50.200000+00:00,2019-07-05 21:03:50.200000+00:00,27.500322222222223,50,0.29,2.92,21001829,0.7506810225618868,0.94,31,ok,986,0.9175380350612974,0.7851165448062667,1.0350606809801672,0.558083397196367,1.9023237313430357,1.3442403341466687,0.94,27.0,exploratory
mw71,7,exploratory_N50_step10,50,10,True,dynamic,0.01,1.5,1000,67,670,720,2019-07-05 20:19:49.760000+00:00,2019-07-05 22:19:28.800000+00:00,2019-07-05 21:21:39.520000+00:00,2019-07-05 21:21:39.520000+00:00,27.797355555555555,50,0.29,2.92,21001846,0.745014301985115,0.8400000000000001,38,ok,978,0.8753485860279369,0.7679579554656604,1.0860165388317817,0.5524569666748902,1.4978632934563052,0.945406326781415,1.09,24.0,exploratory
mw71,7,exploratory_N50_step10,50,10,True,dynamic,0.01,1.5,1000,68,680,730,2019-07-05 20:42:53.160000+00:00,2019-07-05 22:38:23.160000+00:00,2019-07-05 21:48:01.400000+00:00,2019-07-05 21:48:01.400000+00:00,28.236766666666668,50,0.29,3.17,21001863,0.7299238741499423,0.8400000000000001,35,ok,971,0.7394293517456726,0.7035852411004415,0.34044149475368213,0.4872162630750313,1.1662619121655615,0.6790456490905302,1.06,24.0,exploratory
mw71,7,exploratory_N50_step10,50,10,True,dynamic,0.01,1.5,1000,69,690,740,2019-07-05 21:15:25.700000+00:00,2019-07-05 22:54:37.320000+00:00,2019-07-05 22:15:59.200000+00:00,2019-07-05 22:15:59.200000+00:00,28.702822222222224,50,0.42,3.17,21001880,0.7049118392179448,1.5999999999999999,9,ok,985,0.7893433595743425,0.7526955856864291,0.24724568390665017,0.4828535567895849,1.3619458089168346,0.8790922521272497,1.23,16.0,highly_unreliable
mw71,7,exploratory_N50_step10,50,10,True,dynamic,0.01,1.5,1000,70,700,750,2019-07-05 21:33:58.660000+00:00,2019-07-05 23:12:32.640000+00:00,2019-07-05 22:27:38.780000+00:00,2019-07-05 22:27:38.780000+00:00,28.89715,50,0.46,3.17,21001897,0.6746060753929319,0.8999999999999999,33,ok,983,0.738075233728245,0.6922487451454362,0.2832434905007903,0.47519772342163213,1.2414547874903965,0.7662570640687644,1.08,24.0,exploratory
mw71,7,exploratory_N50_step10,50,10,True,dynamic,0.01,1.5,1000,71,710,760,2019-07-05 22:04:40.760000+00:00,2019-07-05 23:35:10.320000+00:00,2019-07-05 22:52:01.200000+00:00,2019-07-05 22:52:01.200000+00:00,29.30337777777778,50,0.45,3.17,21001914,0.7055480692118501,0.81,36,ok,980,0.7255277587250719,0.6998617672688006,0.2264452090247304,0.4812598665145431,1.0968775024008275,0.6156176358862844,0.99,25.0,exploratory
mw71,7,exploratory_N50_step10,50,10,True,dynamic,0.01,1.5,1000,72,720,770,2019-07-05 22:20:17.440000+00:00,2019-07-05 23:58:50.760000+00:00,2019-07-05 23:04:11.260000+00:00,2019-07-05 23:04:11.260000+00:00,29.506172222222222,50,0.16,3.17,21001931,0.8022460360595346,0.8999999999999999,33,ok,985,0.7883581435392569,0.7464620171715542,0.289436722465892,0.48638622193794767,1.2905933908949927,0.804207168957045,1.12,21.0,exploratory
mw71,7,exploratory_N50_step10,50,10,True,dynamic,0.01,1.5,1000,73,730,780,2019-07-05 22:41:46.800000+00:00,2019-07-06 00:13:02.480000+00:00,2019-07-05 23:19:45.680000+00:00,2019-07-05 23:19:45.680000+00:00,29.765733333333333,50,0.16,3.62,21001948,0.7317687562975959,1.24,20,ok,990,0.7135816058641352,0.6892898628658013,0.18898594860050769,0.415858329478077,1.1712786232331813,0.7554202937551043,1.24,20.0,highly_unreliable
mw71,7,exploratory_N50_step10,50,10,True,dynamic,0.01,1.5,1000,74,740,790,2019-07-05 22:57:44.960000+00:00,2019-07-06 00:25:49.450000+00:00,2019-07-05 23:54:17.200000+00:00,2019-07-05 23:54:17.200000+00:00,30.341155555555556,50,0.16,3.62,21001965,0.530280680791453,1.24,20,ok,987,0.5743271059594839,0.524136800945552,0.587145581921555,0.3747543911750066,0.8661267213302483,0.4913723301552417,1.18,21.0,highly_unreliable
mw71,7,exploratory_N50_step10,50,10,True,dynamic,0.01,1.5,1000,75,750,800,2019-07-05 23:13:37.640000+00:00,2019-07-06 00:38:53.200000+00:00,2019-07-06 00:07:42.910000+00:00,2019-07-06 00:07:42.910000+00:00,30.564963888888887,50,0.16,3.62,21001982,0.5861013135169899,1.24,20,ok,993,0.6013744060282175,0.5607495357362969,0.32645404270202094,0.370323762318935,0.9668213903760478,0.5964976280571128,1.24,18.0,highly_unreliable
mw71,7,exploratory_N50_step10,50,10,True,dynamic,0.01,1.5,1000,76,760,810,2019-07-05 23:42:34.760000+00:00,2019-07-06 00:54:34.080000+00:00,2019-07-06 00:19:29.030000+00:00,2019-07-06 00:19:29.030000+00:00,30.761108333333336,50,0.16,4.05,21001999,0.4067727038936004,1.41,15,ok,991,0.49370982293353866,0.45128079866088827,0.5582674872319789,0.31010124087553476,0.7834190185978049,0.4733177777222702,1.24,18.0,highly_unreliable
mw71,7,exploratory_N50_step10,50,10,True,dynamic,0.01,1.5,1000,77,770,820,2019-07-06 00:00:45.290000+00:00,2019-07-06 01:10:36.350000+00:00,2019-07-06 00:31:18.310000+00:00,2019-07-06 00:31:18.310000+00:00,30.958130555555556,50,0.4,4.05,21002016,0.43456971167630304,1.41,16,ok,983,0.5553673633044516,0.4996252766837929,0.7844336448892717,0.31864377834763197,0.8277045529539965,0.5090607746063645,1.24,22.0,highly_unreliable
mw71,7,exploratory_N50_step10,50,10,True,dynamic,0.01,1.5,1000,78,780,830,2019-07-06 00:14:41.390000+00:00,2019-07-06 01:19:50.300000+00:00,2019-07-06 00:51:25.330000+00:00,2019-07-06 00:51:25.330000+00:00,31.29341388888889,50,0.4,4.05,21002033,0.5107402829214587,1.41,15,ok,979,0.584672300559827,0.556399117373835,0.20063848165104145,0.3809368611940233,0.9358506155514006,0.5549137543573772,1.38,19.0,highly_unreliable
mw71,7,exploratory_N50_step10,50,10,True,dynamic,0.01,1.5,1000,79,790,840,2019-07-06 00:26:24.320000+00:00,2019-07-06 01:41:59.680000+00:00,2019-07-06 01:04:32.080000+00:00,2019-07-06 01:04:32.080000+00:00,31.511955555555552,50,0.4,4.05,21002050,0.6893707947900456,1.41,10,ok,983,0.8458332775675343,0.7968929671275373,0.31208328423696563,0.3727872519243149,1.642975032759583,1.270187780835268,1.1300000000000001,18.0,highly_unreliable
mw71,7,exploratory_N50_step10,50,10,True,dynamic,0.01,1.5,1000,80,800,850,2019-07-06 00:39:54.080000+00:00,2019-07-06 02:09:41.150000+00:00,2019-07-06 01:14:37.530000+00:00,2019-07-06 01:14:37.530000+00:00,31.680136111111114,50,0.4,4.05,21002067,0.8518381798276778,0.8400000000000001,32,ok,985,0.8023588888908039,0.775139337047639,0.24028391218030332,0.41917697747608423,1.3284200663018038,0.9092430888257195,0.8800000000000001,24.0,exploratory
mw71,7,exploratory_N50_step10,50,10,True,dynamic,0.01,1.5,1000,81,810,860,2019-07-06 00:54:46.600000+00:00,2019-07-06 02:20:38.330000+00:00,2019-07-06 01:32:27.410000+00:00,2019-07-06 01:32:27.410000+00:00,31.977325,50,0.4,2.32,21002084,1.0387209199504084,1.11,16,ok,968,1.1742651253984924,1.062617239072273,0.7811754926697245,0.762004702275517,1.9295171414179084,1.1675124391423914,1.05,19.0,highly_unreliable
mw71,7,exploratory_N50_step10,50,10,True,dynamic,0.01,1.5,1000,82,820,870,2019-07-06 01:10:57.750000+00:00,2019-07-06 02:51:29.260000+00:00,2019-07-06 02:02:54.810000+00:00,2019-07-06 02:02:54.810000+00:00,32.48493611111111,50,0.47,2.32,21002101,1.034083333821886,1.11,12,ok,983,1.2190939639402465,1.1439497586670373,0.5883999481543181,0.7453560245838571,2.005808182276545,1.260452157692688,1.05,16.0,highly_unreliable
mw71,7,exploratory_N50_step10,50,10,True,dynamic,0.01,1.5,1000,83,830,880,2019-07-06 01:20:11.310000+00:00,2019-07-06 03:07:46.160000+00:00,2019-07-06 02:17:32.690000+00:00,2019-07-06 02:17:32.690000+00:00,32.728791666666666,50,0.47,2.99,21002118,0.8983340601156927,1.11,13,ok,990,1.0515823962863127,0.9870754026294246,0.5637597995878209,0.5481674991619552,1.853584890589683,1.3054173914277278,0.96,18.0,highly_unreliable
