event_time,latitude,longitude,depth_km,magnitude,event_id,time_rel_sec_from_64,time_rel_min_from_64,time_rel_hr_from_64,x_km,y_km,time_since_64_min,time_bin_index,time_bin_label,time_bin_start_min,time_bin_end_min
2019-07-04 17:33:49.040000+00:00,35.705333,-117.503833,10.5,6.4,39,0.0,0.0,0.0,454.42221494025875,3951.3833351523067,0.0,0,0-30 min,0.0,30.0
2019-07-04 17:35:01.280000+00:00,35.64102579518505,-117.55307126655964,8.56209893,4.49,40,72.24,1.204,0.020066666666666667,449.92782544728584,3944.2749847075656,1.204,0,0-30 min,0.0,30.0
2019-07-04 17:35:51.840000+00:00,35.69039979518505,-117.50252882330362,2.72653025,4.68,41,122.8,2.0466666666666664,0.03411111111111111,454.53171781828604,3949.726482695578,2.0466666666666664,0,0-30 min,0.0,30.0
2019-07-04 17:36:39+00:00,35.78830379518505,-117.51195990168593,0.97005311,3.5,42,169.96,2.832666666666667,0.04721111111111111,453.73507089249256,3960.589541659843,2.832666666666667,0,0-30 min,0.0,30.0
2019-07-04 17:36:59.360000+00:00,35.75315579518505,-117.58497135657537,4.381393010000001,3.92,43,190.32,3.1719999999999997,0.052866666666666666,447.11381757241736,3956.7281351872734,3.1719999999999997,0,0-30 min,0.0,30.0
2019-07-04 17:37:14.680000+00:00,35.66498379518505,-117.516231991334,3.85880477,4.39,44,205.64,3.427333333333333,0.05712222222222222,453.2770456555014,3946.9140223114086,3.427333333333333,0,0-30 min,0.0,30.0
2019-07-04 17:37:25.360000+00:00,35.67473379518505,-117.44829669383624,10.69600091,4.23,45,216.32,3.6053333333333333,0.060088888888888886,459.4306884690515,3947.965215183855,3.6053333333333333,0,0-30 min,0.0,30.0
2019-07-04 17:37:55.240000+00:00,35.74354879518505,-117.54216566168876,6.776589110000001,4.05,46,246.2,4.1033333333333335,0.06838888888888889,450.9779492864832,3955.6403654243404,4.1033333333333335,0,0-30 min,0.0,30.0
2019-07-04 17:38:21.200000+00:00,35.71408879518505,-117.46911653286318,3.33621653,3.63,47,272.16,4.5360000000000005,0.0756,457.5674034302061,3952.3388816986812,4.5360000000000005,0,0-30 min,0.0,30.0
2019-07-04 17:38:46.400000+00:00,35.67151879518505,-117.54611546215324,12.55409243,3.67,48,297.36,4.956,0.0826,450.5763649865614,3947.6534399259,4.956,0,0-30 min,0.0,30.0
2019-07-04 17:39:34.940000+00:00,35.68612679518505,-117.48213451514764,9.78147149,4.04,49,345.9,5.765,0.09608333333333333,456.37466128832057,3949.2433130355394,5.765,0,0-30 min,0.0,30.0
2019-07-04 17:40:01.960000+00:00,35.72417979518505,-117.56103626170596,6.5733603500000015,3.98,50,372.92,6.215333333333334,0.1035888888888889,449.25938669846045,3953.501718670497,6.215333333333334,0,0-30 min,0.0,30.0
2019-07-04 17:40:18+00:00,35.70671979518505,-117.4937740008517,9.63630809,4.55,51,388.96,6.482666666666666,0.10804444444444444,455.3329539605376,3951.5325218081157,6.482666666666666,0,0-30 min,0.0,30.0
2019-07-04 17:41:21+00:00,35.73904479518505,-117.53262733602214,4.49026556,3.46,52,451.96,7.532666666666667,0.12554444444444443,451.8376900690131,3955.1360950918897,7.532666666666667,0,0-30 min,0.0,30.0
2019-07-04 17:41:43.360000+00:00,35.61189179518505,-117.58173917190378,6.6604583900000005,2.81,53,474.32,7.905333333333333,0.13175555555555554,447.31324428738134,3941.058723316614,7.905333333333333,0,0-30 min,0.0,30.0
2019-07-04 17:42:21.480000+00:00,35.57485179518505,-117.63260751317428,8.816134880000002,3.21,54,512.44,8.540666666666668,0.14234444444444447,442.67975872319107,3936.979072611709,8.540666666666668,0,0-30 min,0.0,30.0
2019-07-04 17:42:53.820000+00:00,35.72963279518505,-117.551848655711,6.950785190000001,3.36,55,544.78,9.079666666666666,0.15132777777777778,450.09373174117985,3954.1018054867322,9.079666666666666,0,0-30 min,0.0,30.0
2019-07-04 17:43:29.200000+00:00,35.65521879518505,-117.52899928808988,9.839536850000002,3.63,56,580.16,9.669333333333332,0.16115555555555555,452.11566731912694,3945.8371331065673,9.669333333333332,0,0-30 min,0.0,30.0
2019-07-04 17:43:48.940000+00:00,35.74395579518505,-117.53507669112088,5.593507400000001,3.16,57,599.9,9.998333333333333,0.1666388888888889,451.619178852284,3955.6819863073943,9.998333333333333,0,0-30 min,0.0,30.0
2019-07-04 17:44:32.580000+00:00,35.68564679518505,-117.49931448053552,3.53944529,4.02,58,643.54,10.725666666666665,0.1787611111111111,454.819870492856,3949.197843049648,10.725666666666665,0,0-30 min,0.0,30.0
2019-07-04 17:45:05.640000+00:00,35.69487979518505,-117.47712214645765,4.766076020000001,3.21,59,676.6,11.276666666666667,0.18794444444444444,456.83291906279686,3950.2118946166584,11.276666666666667,0,0-30 min,0.0,30.0
2019-07-04 17:45:23.600000+00:00,35.70646379518505,-117.53111898237304,5.615281910000001,3.07,60,694.56,11.575999999999999,0.19293333333333332,451.9545243844274,3951.521763649446,11.575999999999999,0,0-30 min,0.0,30.0
2019-07-04 17:45:28.760000+00:00,35.71193279518505,-117.54972337718884,0.97005311,3.18,61,699.72,11.662,0.1943666666666667,450.27493557261573,3952.137600193441,11.662,0,0-30 min,0.0,30.0
2019-07-04 17:46:03.260000+00:00,35.637526795185046,-117.60167101483177,10.7468081,3.07,62,734.22,12.237,0.20395000000000002,445.52543399047863,3943.9127483660145,12.237,0,0-30 min,0.0,30.0
2019-07-04 17:46:20.160000+00:00,35.65781479518505,-117.52207447501245,4.99833746,2.88,63,751.12,12.518666666666666,0.20864444444444444,452.74402746354934,3946.121703306352,12.518666666666666,0,0-30 min,0.0,30.0
2019-07-04 17:46:49.500000+00:00,35.63425079518505,-117.60230577918657,11.01536039,3.24,64,780.46,13.007666666666667,0.21679444444444446,445.4657370517116,3943.549759472401,13.007666666666667,0,0-30 min,0.0,30.0
2019-07-04 17:47:17.540000+00:00,35.74410179518505,-117.536338701679,6.44271329,3.76,65,808.5,13.475,0.22458333333333333,451.505157260206,3955.6988026485947,13.475,0,0-30 min,0.0,30.0
2019-07-04 17:47:40.720000+00:00,35.72343579518505,-117.55573020795666,4.5338145800000005,3.05,66,831.68,13.861333333333333,0.2310222222222222,449.73880839190076,3953.416469944288,13.861333333333333,0,0-30 min,0.0,30.0
2019-07-04 17:47:54.600000+00:00,35.72312679518505,-117.55507018563394,4.6426871300000006,3.77,67,845.56,14.092666666666666,0.23487777777777777,449.7983086802555,3953.3818605247184,14.092666666666666,0,0-30 min,0.0,30.0
2019-07-04 17:48:15.360000+00:00,35.70904779518505,-117.5001051689028,6.19593551,3.11,68,866.32,14.438666666666668,0.24064444444444447,454.7615440533572,3951.7936208372375,14.438666666666668,0,0-30 min,0.0,30.0
2019-07-04 17:48:24+00:00,35.64906679518505,-117.53344284521653,4.265262290000001,3.11,69,874.96,14.582666666666666,0.24304444444444445,451.7097357221957,3945.156990278431,14.582666666666666,0,0-30 min,0.0,30.0
2019-07-04 17:48:57.360000+00:00,35.61270979518505,-117.58391223067468,4.758817850000001,2.68,70,908.32,15.138666666666667,0.25231111111111115,447.116971631543,3941.15061293289,15.138666666666667,0,0-30 min,0.0,30.0
2019-07-04 17:49:36+00:00,35.76567579518505,-117.5711622626578,4.649945300000001,2.62,71,946.96,15.782666666666668,0.26304444444444447,448.3703753895886,3958.1093925009372,15.782666666666668,0,0-30 min,0.0,30.0
2019-07-04 17:50:13.640000+00:00,35.68669279518505,-117.47127855596212,9.5855009,2.16,72,984.6,16.41,0.2735,457.3572576207318,3949.30132044549,16.41,0,0-30 min,0.0,30.0
2019-07-04 17:50:35.880000+00:00,35.63626479518505,-117.60647192405062,10.9645532,2.27,73,1006.84,16.78066666666667,0.2796777777777778,445.08989698285546,3943.7754503340566,16.78066666666667,0,0-30 min,0.0,30.0
2019-07-04 17:50:46.620000+00:00,35.70494979518505,-117.4997958730938,15.892850630000002,2.8,74,1017.58,16.959666666666667,0.28266111111111114,454.7872084839353,3951.338966888531,16.959666666666667,0,0-30 min,0.0,30.0
2019-07-04 17:50:48.680000+00:00,35.67456279518505,-117.49508168151252,2.0297459300000003,2.85,75,1019.64,16.994,0.28323333333333334,455.1966797524961,3947.966577369464,16.994,0,0-30 min,0.0,30.0
2019-07-04 17:51:46.280000+00:00,35.67513279518505,-117.509184722592,6.972559700000001,3.67,76,1077.24,17.954,0.29923333333333335,453.92071627460206,3948.036319274051,17.954,0,0-30 min,0.0,30.0
2019-07-04 17:52:41.420000+00:00,35.72128679518505,-117.51541405271608,6.508036820000001,2.97,77,1132.38,18.873,0.31455000000000005,453.3838514408547,3953.158221205777,18.873,0,0-30 min,0.0,30.0
2019-07-04 17:53:14.740000+00:00,35.70113779518505,-117.47822159798308,2.545076,2.41,78,1165.7,19.428333333333335,0.32380555555555557,456.73682715007993,3950.9064549957284,19.428333333333335,0,0-30 min,0.0,30.0
2019-07-04 17:53:25.320000+00:00,35.64664479518505,-117.53780467089724,10.06454012,2.15,79,1176.28,19.604666666666667,0.32674444444444445,451.3134053146393,3944.8905184509954,19.604666666666667,0,0-30 min,0.0,30.0
2019-07-04 17:54:03.360000+00:00,35.67506779518505,-117.50409071790745,12.68473949,2.29,80,1214.32,20.238666666666667,0.3373111111111111,454.3816712208865,3948.0267327984966,20.238666666666667,0,0-30 min,0.0,30.0
2019-07-04 17:54:21.660000+00:00,35.72384279518505,-117.60426523735958,4.09106621,1.9,81,1232.62,20.543666666666663,0.3423944444444444,445.34944504569256,3953.4875566746637,20.543666666666663,0,0-30 min,0.0,30.0
2019-07-04 17:54:59.120000+00:00,35.63749779518505,-117.54892801274562,10.14437999,2.73,82,1270.08,21.168,0.3528,450.30075325969443,3943.8815935610246,21.168,0,0-30 min,0.0,30.0
2019-07-04 17:55:19.840000+00:00,35.67056279518505,-117.506539393268,4.10558255,2.36,83,1290.8,21.513333333333332,0.3585555555555555,454.1574973438547,3947.528223196497,21.513333333333332,0,0-30 min,0.0,30.0
2019-07-04 17:55:30.320000+00:00,35.67436779518505,-117.51136566745927,2.6902394000000003,2.57,84,1301.28,21.688,0.36146666666666666,453.72290572962174,3947.9524982387343,21.688,0,0-30 min,0.0,30.0
2019-07-04 17:55:47.520000+00:00,35.80333479518505,-117.6524479914484,2.26926554,2.26,85,1318.48,21.974666666666668,0.36624444444444443,441.05035386665776,3962.3321218636975,21.974666666666668,0,0-30 min,0.0,30.0
2019-07-04 17:55:54.320000+00:00,35.70642279518505,-117.47086497941358,2.72653025,2.36,86,1325.28,22.088,0.3681333333333333,457.4051730081652,3951.4893994064946,22.088,0,0-30 min,0.0,30.0
2019-07-04 17:56:21.720000+00:00,35.60185779518505,-117.59224445118352,7.94515448,2.32,87,1352.68,22.544666666666668,0.37574444444444444,446.3550971483173,3939.9515357680884,22.544666666666668,0,0-30 min,0.0,30.0
2019-07-04 17:56:55.240000+00:00,35.69795179518505,-117.48190836809027,2.26200737,2.34,88,1386.2,23.103333333333335,0.3850555555555556,456.40156002209216,3950.554725542984,23.103333333333335,0,0-30 min,0.0,30.0
2019-07-04 17:57:31.260000+00:00,35.66194479518505,-117.5116337724386,3.90961196,2.92,89,1422.22,23.703666666666667,0.39506111111111114,453.69146849102435,3946.574790774352,23.703666666666667,0,0-30 min,0.0,30.0
2019-07-04 17:57:42.640000+00:00,35.69472479518505,-117.4106021352759,5.72415446,3.02,90,1433.6,23.89333333333333,0.3982222222222222,462.8512050388475,3950.1674997680534,23.89333333333333,0,0-30 min,0.0,30.0
2019-07-04 17:58:02.360000+00:00,35.70315979518505,-117.49990974390369,6.2612590400000006,3.49,91,1453.32,24.221999999999998,0.4037,454.7758964323619,3951.14048954104,24.221999999999998,0,0-30 min,0.0,30.0
2019-07-04 17:58:55.600000+00:00,35.66505779518505,-117.77025999666456,1.093442,2.03,92,1506.56,25.109333333333332,0.41848888888888885,430.28525365365834,3947.0727343750204,25.109333333333332,0,0-30 min,0.0,30.0
2019-07-04 17:59:26.200000+00:00,35.67521779518505,-117.451510728718,9.97744208,2.12,93,1537.16,25.619333333333334,0.4269888888888889,459.14007411620287,3948.0202274630005,25.619333333333334,0,0-30 min,0.0,30.0
2019-07-04 17:59:38.520000+00:00,35.687477795185046,-117.5061666125707,8.46774272,2.19,94,1549.48,25.824666666666666,0.43041111111111113,454.20090142339507,3949.404093275247,25.824666666666666,0,0-30 min,0.0,30.0
2019-07-04 17:59:48.180000+00:00,35.66456079518505,-117.50959896086388,3.4160564,2.01,95,1559.14,25.985666666666667,0.43309444444444445,453.87714763882735,3946.8639738921997,25.985666666666667,0,0-30 min,0.0,30.0
2019-07-04 17:59:59.640000+00:00,35.68788079518505,-117.486846641633,5.3394714500000005,2.49,96,1570.6,26.176666666666666,0.43627777777777776,455.9492514308782,3949.4399526247953,26.176666666666666,0,0-30 min,0.0,30.0
2019-07-04 18:00:12.420000+00:00,35.695993795185046,-117.49238122682443,4.7443015100000006,2.14,97,1583.38,26.389666666666667,0.4398277777777778,455.45297997086357,3950.342263907986,26.389666666666667,0,0-30 min,0.0,30.0
2019-07-04 18:00:40.080000+00:00,35.63108179518505,-117.5601985512742,4.483007390000001,2.47,98,1611.04,26.850666666666665,0.4475111111111111,449.2762689230955,3943.175752633123,26.850666666666665,0,0-30 min,0.0,30.0
2019-07-04 18:01:01.080000+00:00,35.67420479518505,-117.50386265571233,4.27977863,2.79,99,1632.04,27.200666666666667,0.45334444444444444,454.40181927798324,3947.930911607263,27.200666666666667,0,0-30 min,0.0,30.0
2019-07-04 18:01:25.720000+00:00,35.83912979518505,-117.52085058988035,1.18779821,3.53,100,1656.68,27.611333333333334,0.4601888888888889,452.96161515814293,3966.2310216621727,27.611333333333334,0,0-30 min,0.0,30.0
2019-07-04 18:01:58.260000+00:00,35.70104379518505,-117.4938795911998,6.37738976,2.07,101,1689.22,28.153666666666666,0.4692277777777778,455.32023521106134,3950.903042057415,28.153666666666666,0,0-30 min,0.0,30.0
2019-07-04 18:02:25.200000+00:00,35.70915779518505,-117.47179317684385,3.4087982300000004,2.45,102,1716.16,28.602666666666668,0.47671111111111114,457.3226647896038,3951.7931425468073,28.602666666666668,0,0-30 min,0.0,30.0
2019-07-04 18:02:36.360000+00:00,35.73280279518505,-117.53540988480728,8.22096494,2.34,103,1727.32,28.788666666666664,0.4798111111111111,451.58229989477,3954.4451566657776,28.788666666666664,0,0-30 min,0.0,30.0
2019-07-04 18:02:53.780000+00:00,35.603867795185046,-117.57356759552884,7.959670820000001,2.63,104,1744.74,29.079,0.48465,448.04814572564976,3940.164443167278,29.079,0,0-30 min,0.0,30.0
2019-07-04 18:03:18.320000+00:00,35.74602679518505,-117.53324584089412,5.8548015200000005,2.91,105,1769.28,29.488,0.49146666666666666,451.7859719581469,3955.910782300239,29.488,0,0-30 min,0.0,30.0
2019-07-04 18:03:40.060000+00:00,35.72107979518505,-117.52082603776358,5.361245960000001,2.36,106,1791.02,29.85033333333333,0.49750555555555553,452.89424328905005,3953.1378470223244,29.85033333333333,0,0-30 min,0.0,30.0
2019-07-04 18:04:05.160000+00:00,35.65584579518505,-117.52825933323425,4.51204007,2.22,107,1816.12,30.268666666666665,0.5044777777777778,452.18302143745933,3945.906313296916,30.268666666666665,1,30-60 min,30.0,60.0
2019-07-04 18:04:27.740000+00:00,35.70255779518505,-117.52495870045792,2.53055966,2.52,108,1838.7,30.645,0.51075,452.50947724212483,3951.0855491458165,30.645,1,30-60 min,30.0,60.0
2019-07-04 18:04:57.940000+00:00,35.720106795185046,-117.47539896748162,3.68460869,2.48,109,1868.9,31.148333333333333,0.5191388888888889,457.00237270760323,3953.0090759904174,31.148333333333333,1,30-60 min,30.0,60.0
2019-07-04 18:05:07.400000+00:00,35.71749479518505,-117.54942277882778,3.80799758,2.73,110,1878.36,31.305999999999997,0.5217666666666666,450.3055796390491,3952.754334812629,31.305999999999997,1,30-60 min,30.0,60.0
2019-07-04 18:05:41.540000+00:00,35.716180795185046,-117.51818068393226,4.686236150000001,2.66,111,1912.5,31.875,0.53125,453.13063368657953,3952.5932280722513,31.875,1,30-60 min,30.0,60.0
2019-07-04 18:05:55.680000+00:00,35.72808679518505,-117.5189215439944,8.07580154,2.69,112,1926.64,32.11066666666667,0.5351777777777778,453.07060532141213,3953.9140877477357,32.11066666666667,1,30-60 min,30.0,60.0
2019-07-04 18:06:15.960000+00:00,35.66472779518505,-117.51624797289338,4.42494203,4.04,113,1946.92,32.44866666666667,0.5408111111111111,453.275450027117,3946.8856369827295,32.44866666666667,1,30-60 min,30.0,60.0
2019-07-04 18:07:09.060000+00:00,35.59408179518505,-117.60062589289596,7.379017220000001,3.89,114,2000.02,33.333666666666666,0.5555611111111111,445.59064289399686,3939.093706977912,33.333666666666666,1,30-60 min,30.0,60.0
2019-07-04 18:07:50.520000+00:00,35.72942879518505,-117.52593664096914,5.963674070000001,2.76,115,2041.48,34.02466666666667,0.5670777777777778,452.4369774044777,3954.066308486114,34.02466666666667,1,30-60 min,30.0,60.0
2019-07-04 18:08:14.980000+00:00,35.705193795185046,-117.46364689070496,1.1660237000000002,2.53,116,2065.94,34.43233333333333,0.5738722222222222,458.0574880023443,3951.3499826953775,34.43233333333333,1,30-60 min,30.0,60.0
2019-07-04 18:08:33.020000+00:00,35.66775079518505,-117.49990719066618,5.252373410000001,3.22,117,2083.98,34.733,0.5788833333333333,454.75613887861925,3947.2132705043523,34.733,1,30-60 min,30.0,60.0
2019-07-04 18:08:44.920000+00:00,35.712713795185046,-117.46987243357914,3.40154006,3.36,118,2095.88,34.931333333333335,0.5821888888888889,457.4983000421703,3952.186706799639,34.931333333333335,1,30-60 min,30.0,60.0
2019-07-04 18:09:21.200000+00:00,35.70905979518505,-117.4621011697691,1.84103351,2.13,119,2132.16,35.535999999999994,0.5922666666666666,458.19933666431035,3951.778102854579,35.535999999999994,1,30-60 min,30.0,60.0
2019-07-04 18:09:32.520000+00:00,35.70597979518505,-117.53071194743742,6.326582570000001,2.09,120,2143.48,35.724666666666664,0.5954111111111111,451.9910552453888,3951.46788372756,35.724666666666664,1,30-60 min,30.0,60.0
2019-07-04 18:10:09.980000+00:00,35.73180979518505,-117.5129248130392,8.729036840000001,2.13,121,2180.94,36.349000000000004,0.6058166666666667,453.61509146648007,3954.324157878114,36.349000000000004,1,30-60 min,30.0,60.0
2019-07-04 18:10:32.280000+00:00,35.65803479518505,-117.52274949085442,10.318576070000002,3.81,122,2203.24,36.720666666666666,0.6120111111111111,452.68305711646025,3946.1464282249817,36.720666666666666,1,30-60 min,30.0,60.0
2019-07-04 18:11:22.520000+00:00,35.59782479518505,-117.59147916160254,8.35887017,2.69,123,2253.48,37.558,0.6259666666666667,446.4217290323284,3939.5038223258375,37.558,1,30-60 min,30.0,60.0
2019-07-04 18:11:40.040000+00:00,35.72947379518505,-117.544271644221,4.2144551,2.22,124,2271.0,37.85,0.6308333333333334,450.7788653429885,3954.080342882735,37.85,1,30-60 min,30.0,60.0
2019-07-04 18:11:49.640000+00:00,35.65361979518505,-117.53669017296733,10.12986365,2.25,125,2280.6,38.01,0.6335,451.4185234832454,3945.6635623911598,38.01,1,30-60 min,30.0,60.0
2019-07-04 18:12:16.540000+00:00,35.70864879518505,-117.47190714009886,1.819259,1.8,126,2307.5,38.458333333333336,0.6409722222222223,457.31208446488876,3951.7367386852043,38.458333333333336,1,30-60 min,30.0,60.0
2019-07-04 18:12:51.700000+00:00,35.66873579518505,-117.55146126163125,8.23548128,3.56,127,2342.66,39.044333333333334,0.6507388888888889,450.0908311225528,3947.3474792104244,39.044333333333334,1,30-60 min,30.0,60.0
2019-07-04 18:13:51.060000+00:00,35.70981279518505,-117.47209422413,5.60802374,3.53,128,2402.02,40.03366666666667,0.6672277777777778,457.2957819229348,3951.8659198208893,40.03366666666667,1,30-60 min,30.0,60.0
2019-07-04 18:14:34.560000+00:00,35.71373079518505,-117.4649005070126,3.00234071,1.84,129,2445.52,40.75866666666666,0.6793111111111111,457.94856664250847,3952.297361239404,40.75866666666666,1,30-60 min,30.0,60.0
2019-07-04 18:15:04.460000+00:00,35.61308779518505,-117.57669325783364,9.12823619,2.54,130,2475.42,41.257,0.6876166666666667,447.7710234221346,3941.1886805700865,41.257,1,30-60 min,30.0,60.0
2019-07-04 18:15:12.640000+00:00,35.66793879518505,-117.51445820421053,4.708010660000001,3.12,131,2483.6,41.39333333333333,0.6898888888888889,453.439304260597,3947.2409191067413,41.39333333333333,1,30-60 min,30.0,60.0
2019-07-04 18:16:04.240000+00:00,35.69400479518505,-117.476089083336,10.29680156,2.08,132,2535.2,42.25333333333333,0.7042222222222222,456.92591445243977,3950.1143945468634,42.25333333333333,1,30-60 min,30.0,60.0
2019-07-04 18:16:33.440000+00:00,35.72459579518505,-117.5254972917602,5.680605440000001,3.07,133,2564.4,42.74,0.7123333333333334,452.4738394254511,3953.530062415116,42.74,1,30-60 min,30.0,60.0
2019-07-04 18:17:15.040000+00:00,35.72110779518505,-117.52134603978612,6.130611980000001,2.96,134,2606.0,43.43333333333333,0.7238888888888889,452.8472281415661,3953.1412022654076,43.43333333333333,1,30-60 min,30.0,60.0
2019-07-04 18:17:55.680000+00:00,35.73161879518505,-117.51712379923524,9.09194534,1.95,135,2646.64,44.11066666666667,0.7351777777777777,453.23525304041334,3954.3049672599254,44.11066666666667,1,30-60 min,30.0,60.0
2019-07-04 18:18:18.200000+00:00,35.74290179518505,-117.53744461490226,6.043513940000001,2.02,136,2669.16,44.486,0.7414333333333333,451.404432200158,3955.566256314231,44.486,1,30-60 min,30.0,60.0
2019-07-04 18:18:45.200000+00:00,35.63165479518505,-117.60011559248134,11.109716600000002,3.39,137,2696.16,44.936,0.7489333333333333,445.6622873783304,3943.260625254165,44.936,1,30-60 min,30.0,60.0
2019-07-04 18:19:21.660000+00:00,35.64383779518505,-117.5412224688943,4.49026556,2.35,138,2732.62,45.54366666666667,0.7590611111111111,451.0022807279765,3944.5808930332796,45.54366666666667,1,30-60 min,30.0,60.0
2019-07-04 18:19:57.760000+00:00,35.69183179518505,-117.49068892658973,8.43871004,2.08,139,2768.72,46.14533333333333,0.7690888888888888,455.60378139880333,3949.8798889578975,46.14533333333333,1,30-60 min,30.0,60.0
2019-07-04 18:20:07.160000+00:00,35.65901079518505,-117.52399456113734,7.611278660000001,2.26,140,2778.12,46.302,0.7716999999999999,452.5709350406119,3946.2552763268263,46.302,1,30-60 min,30.0,60.0
2019-07-04 18:20:20.080000+00:00,35.70518179518505,-117.47078388983884,5.992706750000001,2.39,141,2791.04,46.51733333333333,0.7752888888888889,457.4118484266018,3951.351724444242,46.51733333333333,1,30-60 min,30.0,60.0
2019-07-04 18:21:01.280000+00:00,35.73432879518505,-117.53111299510424,8.162899580000001,2.13,142,2832.24,47.20399999999999,0.7867333333333333,451.9717921923558,3954.6122950376252,47.20399999999999,1,30-60 min,30.0,60.0
2019-07-04 18:21:25.120000+00:00,35.67961279518505,-117.50278104550252,5.680605440000001,2.74,143,2856.08,47.60133333333333,0.7933555555555555,454.5027725793914,3948.530211523178,47.60133333333333,1,30-60 min,30.0,60.0
2019-07-04 18:21:50.320000+00:00,35.729140795185046,-117.53877862015732,3.17653679,2.09,144,2881.28,48.02133333333334,0.8003555555555556,451.2754281598809,3954.040667614287,48.02133333333334,1,30-60 min,30.0,60.0
2019-07-04 18:22:04.600000+00:00,35.67588479518505,-117.52863477678984,6.769330940000001,2.29,145,2895.56,48.25933333333333,0.8043222222222222,452.1609932065494,3948.1290207526495,48.25933333333333,1,30-60 min,30.0,60.0
2019-07-04 18:22:26.500000+00:00,35.72979979518505,-117.52451266777922,5.84028518,1.95,146,2917.46,48.62433333333333,0.8104055555555556,452.5659753975975,3954.1067671271085,48.62433333333333,1,30-60 min,30.0,60.0
2019-07-04 18:22:41.960000+00:00,35.68833179518505,-117.46723467415752,8.975814620000001,2.1,147,2932.92,48.882,0.8147,457.724027980122,3949.481353751208,48.882,1,30-60 min,30.0,60.0
2019-07-04 18:22:56.960000+00:00,35.64782979518505,-117.51651575618298,2.52330149,1.93,148,2947.92,49.132,0.8188666666666666,453.24136439729483,3945.0116119301674,49.132,1,30-60 min,30.0,60.0
2019-07-04 18:23:34.620000+00:00,35.72432279518505,-117.53767127203704,3.3507328700000003,2.11,149,2985.58,49.75966666666667,0.8293277777777778,451.3726441822059,3953.505748432476,49.75966666666667,1,30-60 min,30.0,60.0
2019-07-04 18:23:45.680000+00:00,35.57311379518505,-117.61969238854012,9.2225924,1.84,150,2996.64,49.943999999999996,0.8323999999999999,443.8487936507012,3936.7788725640185,49.943999999999996,1,30-60 min,30.0,60.0
2019-07-04 18:24:11.880000+00:00,35.65326979518505,-117.53195314776973,6.1596446600000005,1.33,151,3022.84,50.38066666666667,0.8396777777777779,451.8471154178266,3945.6224130347346,50.38066666666667,1,30-60 min,30.0,60.0
2019-07-04 18:24:28.880000+00:00,35.80256979518505,-117.57556793596562,3.60476882,1.42,152,3039.84,50.664,0.8444,447.9961619226105,3962.203724258761,50.664,1,30-60 min,30.0,60.0
2019-07-04 18:24:51.960000+00:00,35.59968079518505,-117.5114992948615,3.29266751,1.76,153,3062.92,51.04866666666667,0.8508111111111112,453.6677250087147,3939.6690755173418,51.04866666666667,1,30-60 min,30.0,60.0
2019-07-04 18:25:05.460000+00:00,35.69688979518505,-117.50252129146736,5.8475433500000005,1.71,154,3076.42,51.27366666666667,0.8545611111111111,454.53608282672485,3950.4462872140602,51.27366666666667,1,30-60 min,30.0,60.0
2019-07-04 18:25:30.320000+00:00,35.614446795185046,-117.59139135548088,10.69600091,2.4,155,3101.28,51.688,0.8614666666666667,446.44076186418056,3941.3473081796874,51.688,1,30-60 min,30.0,60.0
2019-07-04 18:26:03.620000+00:00,35.66616879518505,-117.517876076697,4.504781900000001,3.2,156,3134.58,52.243,0.8707166666666667,453.1289346612802,3947.0462334998642,52.243,1,30-60 min,30.0,60.0
2019-07-04 18:26:30.320000+00:00,35.68740079518505,-117.48587860701792,5.477376680000001,2.11,157,3161.28,52.688,0.8781333333333334,456.0365782272465,3949.3862820072377,52.688,1,30-60 min,30.0,60.0
2019-07-04 18:26:49.740000+00:00,35.66731579518505,-117.51766415932738,6.6822329,1.58,158,3180.7,53.01166666666666,0.8835277777777777,453.1487848745216,3947.1733461109,53.01166666666666,1,30-60 min,30.0,60.0
2019-07-04 18:27:26.600000+00:00,35.67543779518505,-117.50457074457358,4.88220674,3.39,159,3217.56,53.626,0.8937666666666666,454.33844099937454,3948.067992501796,53.626,1,30-60 min,30.0,60.0
2019-07-04 18:27:59.180000+00:00,35.74601079518505,-117.54445983973696,7.248370160000001,4.64,160,3250.14,54.169,0.9028166666666666,450.7720259951441,3955.9145786457293,54.169,1,30-60 min,30.0,60.0
2019-07-04 18:28:43.260000+00:00,35.66375979518505,-117.55605090316686,8.70000416,4.11,161,3294.22,54.903666666666666,0.9150611111111111,449.67232534722444,3946.797931384907,54.903666666666666,1,30-60 min,30.0,60.0
2019-07-04 18:29:32.400000+00:00,35.72988479518505,-117.53053467392176,6.224968190000001,2.67,162,3343.36,55.72266666666667,0.9287111111111112,452.02142448176755,3954.1191227461813,55.72266666666667,1,30-60 min,30.0,60.0
2019-07-04 18:30:07.740000+00:00,35.66325079518505,-117.50951786650414,2.93701718,2.13,163,3378.7,56.31166666666666,0.9385277777777777,453.8837340795701,3946.7186439707775,56.31166666666666,1,30-60 min,30.0,60.0
2019-07-04 18:30:20.680000+00:00,35.68624479518505,-117.48898752365658,2.11684397,2.0,164,3391.64,56.52733333333333,0.9421222222222222,455.7546357215839,3949.2594660048853,56.52733333333333,1,30-60 min,30.0,60.0
2019-07-04 18:30:31.680000+00:00,35.72243079518505,-117.64523213535487,2.79185378,1.64,165,3402.64,56.71066666666666,0.9451777777777778,441.64326562611615,3953.3545393250847,56.71066666666666,1,30-60 min,30.0,60.0
2019-07-04 18:30:46.020000+00:00,35.68930479518505,-117.6418277443293,3.00959888,2.02,166,3416.98,56.949666666666666,0.9491611111111111,441.92715203620713,3949.6784685411994,56.949666666666666,1,30-60 min,30.0,60.0
2019-07-04 18:30:57.320000+00:00,35.732126795185046,-117.53191883594964,6.130611980000001,2.06,167,3428.28,57.138000000000005,0.9523,451.8975956612987,3954.368463365967,57.138000000000005,1,30-60 min,30.0,60.0
2019-07-04 18:31:05.520000+00:00,35.63335979518505,-117.56788171510284,11.13874928,2.1,168,3436.48,57.27466666666667,0.9545777777777777,448.5820408403505,3943.4323945347587,57.27466666666667,1,30-60 min,30.0,60.0
2019-07-04 18:31:16.100000+00:00,35.66090279518505,-117.5587766973922,8.402419190000002,2.17,169,3447.06,57.451,0.9575166666666667,449.4238118965902,3946.482460714618,57.451,1,30-60 min,30.0,60.0
2019-07-04 18:31:34.440000+00:00,35.728729795185046,-117.53787559045766,5.41931132,2.41,170,3465.4,57.75666666666667,0.9626111111111111,451.35684473495854,3953.9946350395617,57.75666666666667,1,30-60 min,30.0,60.0
2019-07-04 18:32:09.540000+00:00,35.72317079518505,-117.55682018881257,6.079804790000001,1.81,171,3500.5,58.34166666666667,0.9723611111111111,449.6400608811025,3953.387637326779,58.34166666666667,1,30-60 min,30.0,60.0
2019-07-04 18:32:19.360000+00:00,35.68380779518505,-117.75966534793552,3.94590281,2.31,172,3510.32,58.50533333333333,0.9750888888888889,431.26025388180494,3949.1448645553724,58.50533333333333,1,30-60 min,30.0,60.0
2019-07-04 18:32:42.960000+00:00,35.68806379518505,-117.49263365483024,3.27815117,2.11,173,3533.92,58.89866666666667,0.9816444444444444,455.42572987489035,3949.4628602427942,58.89866666666667,1,30-60 min,30.0,60.0
2019-07-04 18:32:52.840000+00:00,35.69920079518505,-117.4794094582103,1.88458253,1.93,174,3543.8,59.06333333333334,0.984388888888889,456.6283154577571,3950.692145784159,59.06333333333334,1,30-60 min,30.0,60.0
2019-07-04 18:33:11.360000+00:00,35.620916795185046,-117.5756118204548,4.954788440000001,2.07,175,3562.32,59.372,0.9895333333333334,447.87404659784573,3942.05641636524,59.372,1,30-60 min,30.0,60.0
2019-07-04 18:33:46.820000+00:00,35.68321379518505,-117.48615530510806,4.577363600000001,1.93,176,3597.78,59.963,0.9993833333333334,456.00924320245304,3948.922025381525,59.963,1,30-60 min,30.0,60.0
2019-07-04 18:34:04.120000+00:00,35.65031579518505,-117.5326209351193,4.32332765,2.6,177,3615.08,60.251333333333335,1.0041888888888888,451.78489091964013,3945.29511304259,60.251333333333335,2,60-90 min,60.0,90.0
2019-07-04 18:34:48.880000+00:00,35.68991079518505,-117.48541478803511,2.37813809,2.5,178,3659.84,60.99733333333334,1.0166222222222223,456.07992190112276,3949.6644589400435,60.99733333333334,2,60-90 min,60.0,90.0
2019-07-04 18:35:18.440000+00:00,35.638148795185046,-117.54442005957702,7.437082580000001,2.43,179,3689.4,61.49,1.0248333333333333,450.70930137423,3943.9515265990176,61.49,2,60-90 min,60.0,90.0
2019-07-04 18:35:45.100000+00:00,35.779485795185046,-117.57404426274842,4.6354289600000005,1.98,180,3716.06,61.934333333333335,1.032238888888889,448.11882829553696,3959.6426115658455,61.934333333333335,2,60-90 min,60.0,90.0
2019-07-04 18:35:50.540000+00:00,35.59665379518505,-117.58948507753216,7.988703500000001,2.7,181,3721.5,62.025,1.03375,446.6015844721476,3939.3728641420284,62.025,2,60-90 min,60.0,90.0
2019-07-04 18:36:26.200000+00:00,35.62886779518505,-117.56907739206598,7.662085850000001,1.81,182,3757.16,62.61933333333333,1.0436555555555556,448.4708961838435,3942.9348145679583,62.61933333333333,2,60-90 min,60.0,90.0
2019-07-04 18:36:50.500000+00:00,35.686264795185046,-117.49100552509876,5.259631580000001,2.47,183,3781.46,63.02433333333333,1.0504055555555556,455.5720492849506,3949.262595173773,63.02433333333333,2,60-90 min,60.0,90.0
2019-07-04 18:37:31.440000+00:00,35.72261379518505,-117.55559914857466,5.586249230000001,2.95,184,3822.4,63.70666666666667,1.0617777777777777,449.7501455508033,3953.3252338428038,63.70666666666667,2,60-90 min,60.0,90.0
2019-07-04 18:38:19.800000+00:00,35.69751579518505,-117.51619333663255,1.9353897200000003,2.15,185,3870.76,64.51266666666668,1.0752111111111111,453.29950506696935,3950.5221336888108,64.51266666666668,2,60-90 min,60.0,90.0
2019-07-04 18:38:45.280000+00:00,35.70138979518505,-117.48402361616824,7.29191918,2.54,186,3896.24,64.93733333333333,1.0822888888888889,456.21207098334327,3950.9369765709553,64.93733333333333,2,60-90 min,60.0,90.0
2019-07-04 18:39:09.760000+00:00,35.59554279518505,-117.62945899777392,9.055654490000002,2.09,187,3920.72,65.34533333333333,1.0890888888888888,442.9797191548101,3939.2720653862348,65.34533333333333,2,60-90 min,60.0,90.0
2019-07-04 18:39:32.340000+00:00,35.70662279518505,-117.47360799384998,2.55233417,1.8,188,3943.3,65.72166666666666,1.0953611111111112,457.1571429064732,3951.5127751401983,65.72166666666666,2,60-90 min,60.0,90.0
2019-07-04 18:39:44.220000+00:00,35.59576179518505,-117.5855870134955,7.966928990000001,4.79,189,3955.18,65.91966666666666,1.098661111111111,446.9541054595639,3939.271825546054,65.91966666666666,2,60-90 min,60.0,90.0
2019-07-04 18:40:56.620000+00:00,35.65309079518505,-117.5277871348831,4.359618500000001,3.29,190,4027.58,67.12633333333333,1.1187722222222223,452.22412357325993,3945.600527317341,67.12633333333333,2,60-90 min,60.0,90.0
2019-07-04 18:41:14.120000+00:00,35.67662179518505,-117.50596282990858,4.170906080000001,3.17,191,4045.08,67.41799999999999,1.1236333333333333,454.213138310928,3948.199957884129,67.41799999999999,2,60-90 min,60.0,90.0
2019-07-04 18:41:43.960000+00:00,35.69613279518505,-117.50566223685256,0.66520997,2.31,192,4074.92,67.91533333333334,1.1319222222222223,454.25148166313,3950.363786904887,67.91533333333334,2,60-90 min,60.0,90.0
2019-07-04 18:42:02.420000+00:00,35.69256779518505,-117.46388997967816,2.6176577,2.6,193,4093.38,68.223,1.1370500000000001,458.0288814341485,3949.9497341752217,68.223,2,60-90 min,60.0,90.0
2019-07-04 18:42:13.600000+00:00,35.72317879518505,-117.52162318939048,5.21608256,2.56,194,4104.56,68.40933333333334,1.1401555555555556,452.8233822928929,3953.371032054808,68.40933333333334,2,60-90 min,60.0,90.0
2019-07-04 18:42:38.100000+00:00,35.60619079518505,-117.54090976236962,1.95716423,2.04,195,4129.06,68.81766666666667,1.1469611111111113,451.00762969963915,3940.405335307423,68.81766666666667,2,60-90 min,60.0,90.0
2019-07-04 18:43:18.460000+00:00,35.61324679518505,-117.57584726925782,8.19919043,2.04,196,4169.42,69.49033333333334,1.1581722222222222,447.8477455278437,3941.205866393159,69.49033333333334,2,60-90 min,60.0,90.0
2019-07-04 18:43:37.760000+00:00,35.71179379518505,-117.50183036715286,7.495147940000001,1.89,197,4188.72,69.812,1.1635333333333333,454.6070420302134,3952.0989778641347,69.812,2,60-90 min,60.0,90.0
2019-07-04 18:44:24.860000+00:00,35.719138795185046,-117.5500738975642,3.99671,3.14,198,4235.82,70.597,1.1766166666666666,450.24770840470524,3952.9370024711766,70.597,2,60-90 min,60.0,90.0
2019-07-04 18:44:49.160000+00:00,35.66956579518505,-117.55382132143193,7.27014467,2.2,199,4260.12,71.002,1.1833666666666667,449.8777541971278,3947.440735999787,71.002,2,60-90 min,60.0,90.0
2019-07-04 18:45:41.720000+00:00,35.64780479518505,-117.53130175438363,4.00396817,1.99,200,4312.68,71.878,1.1979666666666668,451.9028047169215,3945.015972625504,71.878,2,60-90 min,60.0,90.0
2019-07-04 18:45:58.400000+00:00,35.677064795185046,-117.5103978618384,2.46523613,1.6,201,4329.36,72.15599999999999,1.2026,453.81204409996786,3948.251167169349,72.15599999999999,2,60-90 min,60.0,90.0
2019-07-04 18:46:06.160000+00:00,35.64036279518505,-117.54327221885822,6.3193244,1.79,202,4337.12,72.28533333333333,1.2047555555555556,450.8145822797722,3944.1965055880555,72.28533333333333,2,60-90 min,60.0,90.0
2019-07-04 18:46:12.040000+00:00,35.730564795185046,-117.56795372306304,1.6668374300000002,2.11,203,4343.0,72.38333333333334,1.206388888888889,448.6378580892143,3954.2134865653684,72.38333333333334,2,60-90 min,60.0,90.0
2019-07-04 18:46:36.560000+00:00,35.70887679518505,-117.4726231565582,2.68298123,1.93,204,4367.52,72.792,1.2132,457.2474361156242,3951.762337875596,72.792,2,60-90 min,60.0,90.0
2019-07-04 18:47:06.180000+00:00,35.67718679518505,-117.47191287063184,9.50566103,4.89,205,4397.14,73.28566666666667,1.2214277777777778,457.2947972274902,3948.2472860743524,73.28566666666667,2,60-90 min,60.0,90.0
2019-07-04 18:47:58.800000+00:00,35.67396879518505,-117.45786663870462,9.004847300000002,3.39,206,4449.76,74.16266666666667,1.2360444444444445,458.5642400112343,3947.8843632745143,74.16266666666667,2,60-90 min,60.0,90.0
2019-07-04 18:48:15.760000+00:00,35.70250479518505,-117.48893169663305,2.21845835,2.62,207,4466.72,74.44533333333334,1.2407555555555556,455.7686664550792,3951.0628417578373,74.44533333333334,2,60-90 min,60.0,90.0
2019-07-04 18:48:44.920000+00:00,35.67610479518505,-117.47757679264598,9.65082443,2.24,208,4495.88,74.93133333333334,1.2488555555555556,456.78166004603247,3948.129758538107,74.93133333333334,2,60-90 min,60.0,90.0
2019-07-04 18:49:19.760000+00:00,35.70605679518505,-117.4746169529953,2.63943221,2.14,209,4530.72,75.512,1.2585333333333335,457.0655676998685,3951.4504406535557,75.512,2,60-90 min,60.0,90.0
2019-07-04 18:49:31.580000+00:00,35.65676079518505,-117.51358639911726,3.31444202,2.13,210,4542.54,75.709,1.2618166666666666,453.5117280385782,3946.0007564629705,75.709,2,60-90 min,60.0,90.0
2019-07-04 18:49:52.420000+00:00,35.65657779518505,-117.52725038594042,4.686236150000001,1.93,211,4563.38,76.05633333333334,1.2676055555555557,452.27478567208345,3945.9870088719904,76.05633333333334,2,60-90 min,60.0,90.0
2019-07-04 18:50:06.600000+00:00,35.63612279518505,-117.53877991383632,10.99358588,2.79,212,4577.56,76.29266666666668,1.2715444444444446,451.2187225729145,3943.7240113289567,76.29266666666668,2,60-90 min,60.0,90.0
2019-07-04 18:50:15.620000+00:00,35.68514579518505,-117.48776644441004,2.00797142,3.69,213,4586.58,76.443,1.27405,455.8645189351443,3949.137026408174,76.443,2,60-90 min,60.0,90.0
2019-07-04 18:50:46.480000+00:00,35.66366179518505,-117.51583289610797,7.248370160000001,2.42,214,4617.44,76.95733333333332,1.282622222222222,453.3123974969026,3946.7672097894138,76.95733333333332,2,60-90 min,60.0,90.0
2019-07-04 18:51:26.680000+00:00,35.69714179518505,-117.50043030964872,6.23948453,2.52,215,4657.64,77.62733333333334,1.2937888888888889,454.7254013432715,3950.473270480945,77.62733333333334,2,60-90 min,60.0,90.0
2019-07-04 18:52:13.500000+00:00,35.65785979518505,-117.52750247825284,4.61365445,2.84,216,4704.46,78.40766666666667,1.3067944444444444,452.25272989894927,3946.1293176712074,78.40766666666667,2,60-90 min,60.0,90.0
2019-07-04 18:52:56.160000+00:00,35.74037079518505,-117.54799943189248,4.758817850000001,2.28,217,4747.12,79.11866666666667,1.3186444444444445,450.4484914604207,3955.290820321242,79.11866666666667,2,60-90 min,60.0,90.0
2019-07-04 18:53:03.040000+00:00,35.66766179518505,-117.54877618425428,7.016108720000001,3.29,218,4754.0,79.23333333333333,1.3205555555555555,450.33317713286135,3947.227001185423,79.23333333333333,2,60-90 min,60.0,90.0
2019-07-04 18:53:27.400000+00:00,35.72790379518505,-117.55122153077107,6.80562179,3.4,219,4778.36,79.63933333333333,1.327322222222222,450.1493687954692,3953.909721124899,79.63933333333333,2,60-90 min,60.0,90.0
2019-07-04 18:54:13.640000+00:00,35.59270279518505,-117.58784079391133,8.51854991,4.52,220,4824.6,80.41000000000001,1.3401666666666667,446.74791646900536,3938.9337717984045,80.41000000000001,2,60-90 min,60.0,90.0
2019-07-04 18:54:58.760000+00:00,35.67173079518505,-117.51514147742952,7.4080499,3.02,221,4869.72,81.162,1.3527,453.3796695326522,3947.661813656139,81.162,2,60-90 min,60.0,90.0
2019-07-04 18:55:27.320000+00:00,35.67596279518505,-117.47022878241154,9.28791593,3.0,222,4898.28,81.63799999999999,1.3606333333333334,457.44654813656837,3948.110801641927,81.63799999999999,2,60-90 min,60.0,90.0
2019-07-04 18:56:06.320000+00:00,35.71688479518505,-117.54918673477351,3.87332111,4.88,223,4937.28,82.288,1.3714666666666666,450.3265510709542,3952.6865595916493,82.288,2,60-90 min,60.0,90.0
2019-07-04 18:57:15.960000+00:00,35.73202579518505,-117.52742682865006,8.19919043,3.18,224,5006.92,83.44866666666667,1.3908111111111112,452.30375966543363,3954.3550681614997,83.44866666666667,2,60-90 min,60.0,90.0
2019-07-04 18:57:41.920000+00:00,35.71316979518505,-117.5464194665046,3.6338015,3.07,225,5032.88,83.88133333333333,1.3980222222222223,450.57455652519667,3952.2731282615246,83.88133333333333,2,60-90 min,60.0,90.0
2019-07-04 18:57:52.220000+00:00,35.66308779518505,-117.51082785476362,7.545955130000001,3.08,226,5043.18,84.05300000000001,1.4008833333333335,453.76507255969017,3946.7011812106566,84.05300000000001,2,60-90 min,60.0,90.0
2019-07-04 18:58:07.760000+00:00,35.72478279518505,-117.55415130527034,4.258004120000001,3.08,227,5058.72,84.312,1.4052,449.8824521861975,3953.5650597232107,84.312,2,60-90 min,60.0,90.0
2019-07-04 18:58:35.520000+00:00,35.65940979518505,-117.5280155898708,4.504781900000001,2.73,228,5086.48,84.77466666666666,1.412911111111111,452.20720838016626,3946.3014772998504,84.77466666666666,2,60-90 min,60.0,90.0
2019-07-04 18:59:08.580000+00:00,35.68260679518505,-117.4899062613446,9.077429,2.2,229,5119.54,85.32566666666666,1.4220944444444443,455.6694918234752,3948.8563893784476,85.32566666666666,2,60-90 min,60.0,90.0
2019-07-04 18:59:37.980000+00:00,35.59959979518505,-117.59101528904552,8.583873440000001,2.56,230,5148.94,85.81566666666666,1.430261111111111,446.46493084261795,3939.700433599787,85.81566666666666,2,60-90 min,60.0,90.0
2019-07-04 18:59:54.400000+00:00,35.71974479518505,-117.53705294133444,5.266889750000001,2.42,231,5165.36,86.08933333333333,1.4348222222222222,451.42578812959283,3952.9976914456106,86.08933333333333,2,60-90 min,60.0,90.0
2019-07-04 19:00:09.520000+00:00,35.71031679518505,-117.54508426051612,3.6338015,3.34,232,5180.48,86.34133333333332,1.4390222222222222,450.6935742667151,3951.9560279269467,86.34133333333332,2,60-90 min,60.0,90.0
2019-07-04 19:01:10.580000+00:00,35.70962579518505,-117.54396921062984,3.40154006,3.15,233,5241.54,87.359,1.4559833333333334,450.7940140641624,3951.8788289866698,87.359,2,60-90 min,60.0,90.0
2019-07-04 19:01:28.160000+00:00,35.69334079518505,-117.51030103543752,5.905608710000001,2.6,234,5259.12,87.652,1.4608666666666665,453.83018524460385,3950.0562962708914,87.652,2,60-90 min,60.0,90.0
2019-07-04 19:01:45+00:00,35.73043479518505,-117.55262971366824,5.528183870000001,2.11,235,5275.96,87.93266666666666,1.4655444444444445,450.0235973255244,3954.191153911819,87.93266666666666,2,60-90 min,60.0,90.0
2019-07-04 19:01:59.920000+00:00,35.70681379518505,-117.55978900763688,10.79761529,2.22,236,5290.88,88.18133333333334,1.4696888888888888,449.36120497050473,3951.574993044338,88.18133333333334,2,60-90 min,60.0,90.0
2019-07-04 19:02:24.700000+00:00,35.64934279518505,-117.53032586508247,4.345102160000001,2.78,237,5315.66,88.59433333333332,1.4765722222222222,451.9920701508033,3945.1860746572856,88.59433333333332,2,60-90 min,60.0,90.0
2019-07-04 19:02:43.840000+00:00,35.69056579518505,-117.46896783527636,9.73792247,2.47,238,5334.8,88.91333333333334,1.481888888888889,457.5683914519321,3949.7298742872135,88.91333333333334,2,60-90 min,60.0,90.0
2019-07-04 19:03:01.160000+00:00,35.63124779518505,-117.48471856321194,5.2451152400000005,2.08,239,5352.12,89.202,1.4867,456.11082669500377,3943.1578565949994,89.202,2,60-90 min,60.0,90.0
2019-07-04 19:03:39.040000+00:00,35.71995279518505,-117.50533095635818,10.34035058,2.03,240,5390.0,89.83333333333333,1.4972222222222222,454.2950535855922,3953.0055231880847,89.83333333333333,2,60-90 min,60.0,90.0
2019-07-04 19:03:42.160000+00:00,35.65930779518505,-117.51343958252536,4.01122634,2.51,241,5393.12,89.88533333333334,1.4980888888888888,453.52649326844306,3946.283174119427,89.88533333333334,2,60-90 min,60.0,90.0
2019-07-04 19:03:57.960000+00:00,35.69630779518505,-117.500804249478,4.30155314,2.07,242,5408.92,90.14866666666667,1.5024777777777778,454.69109845854217,3950.3809437163873,90.14866666666667,3,90-120 min,90.0,120.0
2019-07-04 19:04:20.560000+00:00,35.62887179518505,-117.5882583923536,10.34760875,1.7,243,5431.52,90.52533333333334,1.5087555555555556,446.7340685824706,3942.945476991103,90.52533333333334,3,90-120 min,90.0,120.0
2019-07-04 19:04:36.060000+00:00,35.64461479518505,-117.54283352480752,8.932265600000001,1.66,244,5447.02,90.78366666666668,1.5130611111111112,450.8569037039674,3944.6678739226845,90.78366666666668,3,90-120 min,90.0,120.0
2019-07-04 19:04:57.240000+00:00,35.70223179518505,-117.52325767693138,5.1435008600000005,2.14,245,5468.2,91.13666666666667,1.5189444444444444,452.6631694434648,3951.048570794817,91.13666666666667,3,90-120 min,90.0,120.0
2019-07-04 19:05:33.840000+00:00,35.64744279518505,-117.54000172832964,5.361245960000001,1.71,246,5504.8,91.74666666666667,1.529111111111111,451.11499347527916,3944.980114663127,91.74666666666667,3,90-120 min,90.0,120.0
2019-07-04 19:05:46.540000+00:00,35.66460179518505,-117.51226896381722,3.99671,1.67,247,5517.5,91.95833333333333,1.5326388888888889,453.6355122769734,3946.869777672199,91.95833333333333,3,90-120 min,90.0,120.0
2019-07-04 19:05:58.340000+00:00,35.91873579518505,-117.64535138513266,6.6096512,1.4,248,5529.3,92.155,1.5359166666666668,441.7760120999288,3975.1274912649124,92.155,3,90-120 min,90.0,120.0
2019-07-04 19:06:25.240000+00:00,35.66966779518505,-117.51949532878108,6.56610218,1.55,249,5556.2,92.60333333333332,1.543388888888889,452.9844325170398,3947.4350809873763,92.60333333333332,3,90-120 min,90.0,120.0
2019-07-04 19:06:34.720000+00:00,35.66114679518505,-117.51106371496508,3.89509562,1.8,250,5565.68,92.76133333333334,1.5460222222222224,453.7426051988335,3946.4860162942123,92.76133333333334,3,90-120 min,90.0,120.0
2019-07-04 19:06:45.120000+00:00,35.73475579518505,-117.54740502596864,3.85880477,2.15,251,5576.08,92.93466666666667,1.5489111111111111,450.4987643824864,3954.6677527760207,92.93466666666667,3,90-120 min,90.0,120.0
2019-07-04 19:07:36.760000+00:00,35.72085979518505,-117.4625490218722,10.19518718,1.55,252,5627.72,93.79533333333333,1.5632555555555556,458.16499243419366,3953.0870376236126,93.79533333333333,3,90-120 min,90.0,120.0
2019-07-04 19:08:27.840000+00:00,35.61945179518505,-117.58524671515792,10.01373293,1.82,253,5678.8,94.64666666666668,1.5774444444444444,447.00055844664644,3941.8990821703737,94.64666666666668,3,90-120 min,90.0,120.0
2019-07-04 19:09:17.180000+00:00,35.69396379518505,-117.46515108037838,11.08794209,2.09,254,5728.14,95.46900000000001,1.59115,457.91551410855965,3950.1051044298397,95.46900000000001,3,90-120 min,90.0,120.0
2019-07-04 19:09:55.680000+00:00,35.72485579518505,-117.5247323105444,6.20319368,1.85,255,5766.64,96.11066666666667,1.6018444444444446,452.54317942640955,3953.5585290326158,96.11066666666667,3,90-120 min,90.0,120.0
2019-07-04 19:10:19.600000+00:00,35.69350379518505,-117.48394204719558,2.95879169,3.34,256,5790.56,96.50933333333334,1.608488888888889,456.21513953514216,3950.0623016126947,96.50933333333334,3,90-120 min,90.0,120.0
2019-07-04 19:11:25.520000+00:00,35.747706795185046,-117.55938596240176,5.578991060000001,1.78,257,5856.48,97.60799999999999,1.6267999999999998,449.42352251160327,3956.1102796855803,97.60799999999999,3,90-120 min,90.0,120.0
2019-07-04 19:11:52.600000+00:00,35.59879779518505,-117.59627223146144,8.43145187,1.77,258,5883.56,98.05933333333334,1.6343222222222222,445.98820451715744,3939.614356604607,98.05933333333334,3,90-120 min,90.0,120.0
2019-07-04 19:12:21.800000+00:00,35.70709479518505,-117.47252502792048,4.91849759,1.95,259,5912.76,98.546,1.6424333333333334,457.2553613377509,3951.5646527588287,98.546,3,90-120 min,90.0,120.0
2019-07-04 19:12:41.660000+00:00,35.59881779518505,-117.59097423289744,8.70726233,2.09,260,5932.62,98.877,1.64795,446.46812904914503,3939.6136803317345,98.877,3,90-120 min,90.0,120.0
2019-07-04 19:12:58.720000+00:00,35.61145279518505,-117.5786871403639,6.210451850000001,1.91,261,5949.68,99.16133333333333,1.6526888888888889,447.58937634766124,3941.0084041452046,99.16133333333333,3,90-120 min,90.0,120.0
2019-07-04 19:13:16.680000+00:00,35.66982679518505,-117.5157523402372,4.766076020000001,2.14,262,5967.64,99.46066666666667,1.6576777777777778,453.32327744682226,3947.450931085857,99.46066666666667,3,90-120 min,90.0,120.0
2019-07-04 19:13:40.820000+00:00,35.74091179518505,-117.5398044710088,6.936268850000001,1.61,263,5991.78,99.863,1.6643833333333333,451.1898380565841,3955.346714387692,99.863,3,90-120 min,90.0,120.0
2019-07-04 19:14:00.400000+00:00,35.71077279518505,-117.47272929343768,2.62491587,1.11,264,6011.36,100.18933333333332,1.669822222222222,457.23884782329725,3951.972670344586,100.18933333333332,3,90-120 min,90.0,120.0
2019-07-04 19:14:28.240000+00:00,35.70165379518505,-117.4792796352196,2.74104659,1.36,265,6039.2,100.65333333333334,1.6775555555555555,456.64138857301174,3950.964151471135,100.65333333333334,3,90-120 min,90.0,120.0
2019-07-04 19:14:59.320000+00:00,35.65579679518505,-117.52927632970616,4.657203470000001,3.05,266,6070.28,101.17133333333332,1.6861888888888887,452.09093483985055,3945.901373960885,101.17133333333332,3,90-120 min,90.0,120.0
2019-07-04 19:15:47+00:00,35.73229779518505,-117.53289484830846,3.42331457,1.88,267,6117.96,101.966,1.6994333333333334,451.8094352606871,3954.3879081693835,101.966,3,90-120 min,90.0,120.0
2019-07-04 19:16:06.160000+00:00,35.72199079518505,-117.5536461035702,3.91687013,2.66,268,6137.12,102.28533333333333,1.7047555555555556,449.9263960218713,3953.255137838106,102.28533333333333,3,90-120 min,90.0,120.0
2019-07-04 19:16:17.360000+00:00,35.73012879518505,-117.54300269155462,3.31444202,2.54,269,6148.32,102.472,1.7078666666666666,450.89402607827327,3954.152353860822,102.472,3,90-120 min,90.0,120.0
2019-07-04 19:16:57.280000+00:00,35.70007579518505,-117.51111552134812,5.970932240000001,2.53,270,6188.24,103.13733333333333,1.7189555555555556,453.7603817342728,3950.8036612530946,103.13733333333333,3,90-120 min,90.0,120.0
2019-07-04 19:17:51.180000+00:00,35.69540779518505,-117.50306618454836,3.1257296,2.97,271,6242.14,104.03566666666667,1.733927777777778,454.4859429546561,3950.282170472866,104.03566666666667,3,90-120 min,90.0,120.0
2019-07-04 19:17:57.660000+00:00,35.62096979518505,-117.59139982426431,10.55809568,3.17,272,6248.62,104.14366666666666,1.7357277777777778,446.44434391041045,3942.070775242527,104.14366666666666,3,90-120 min,90.0,120.0
2019-07-04 19:18:51.080000+00:00,35.59922479518505,-117.58659626212,7.190304800000001,1.88,273,6302.04,105.034,1.7505666666666666,446.86496974954207,3939.656448011416,105.034,3,90-120 min,90.0,120.0
2019-07-04 19:19:00.640000+00:00,35.62772479518505,-117.58979630987992,10.32583424,1.88,274,6311.6,105.19333333333334,1.7532222222222222,446.59404796708077,3942.8190976263695,105.19333333333334,3,90-120 min,90.0,120.0
2019-07-04 19:19:27.560000+00:00,35.69372779518505,-117.49183606335409,5.02011197,1.66,275,6338.52,105.64200000000001,1.7607000000000002,455.5010439267355,3950.0906940062177,105.64200000000001,3,90-120 min,90.0,120.0
2019-07-04 19:19:38.420000+00:00,35.61026879518505,-117.58121005530305,8.547582590000001,1.64,276,6349.38,105.82300000000001,1.7637166666666666,447.36010240311003,3940.8784343546135,105.82300000000001,3,90-120 min,90.0,120.0
2019-07-04 19:20:01.080000+00:00,35.72279279518505,-117.54974016150555,7.016108720000001,1.98,277,6372.04,106.20066666666666,1.7700111111111112,450.28016428680115,3953.34210246848,106.20066666666666,3,90-120 min,90.0,120.0
2019-07-04 19:20:51.640000+00:00,35.64004079518505,-117.54341119569158,4.599138110000001,2.93,278,6422.6,107.04333333333334,1.7840555555555557,450.8018024502653,3944.1608622332096,107.04333333333334,3,90-120 min,90.0,120.0
2019-07-04 19:21:31.760000+00:00,35.676780795185046,-117.46042184136864,7.959670820000001,4.78,279,6462.72,107.712,1.7952000000000001,458.33446073895135,3948.1973222248985,107.712,3,90-120 min,90.0,120.0
2019-07-04 19:23:08.440000+00:00,35.59567279518505,-117.58131500710634,5.992706750000001,2.47,280,6559.4,109.32333333333332,1.8220555555555555,447.34103480986477,3939.2596608010463,109.32333333333332,3,90-120 min,90.0,120.0
2019-07-04 19:23:46.600000+00:00,35.72527479518505,-117.55140834081637,4.40316752,2.46,281,6597.56,109.95933333333333,1.8326555555555557,450.13083551796257,3953.6182304907306,109.95933333333333,3,90-120 min,90.0,120.0
2019-07-04 19:23:59.840000+00:00,35.72587679518505,-117.51254138431086,9.38953031,2.36,282,6610.8,110.18,1.8363333333333334,453.6463285589311,3953.6659415522336,110.18,3,90-120 min,90.0,120.0
2019-07-04 19:24:13.320000+00:00,35.68101979518505,-117.75247114693134,4.81688321,1.77,283,6624.28,110.40466666666666,1.8400777777777777,431.90887788614356,3948.8306311925016,110.40466666666666,3,90-120 min,90.0,120.0
2019-07-04 19:24:46.420000+00:00,35.65286279518505,-117.53128611846904,4.562847260000001,2.43,284,6657.38,110.95633333333333,1.8492722222222222,451.9072520967283,3945.57694620607,110.95633333333333,3,90-120 min,90.0,120.0
2019-07-04 19:25:44.080000+00:00,35.74142479518505,-117.5306575081016,4.657203470000001,1.9,285,6715.04,111.91733333333333,1.8652888888888888,452.01723956333774,3955.3990986674607,111.91733333333333,3,90-120 min,90.0,120.0
2019-07-04 19:26:20.160000+00:00,35.708058795185046,-117.4758780975076,3.6338015,2.78,286,6751.12,112.51866666666666,1.8753111111111112,456.95255855603864,3951.673035629268,112.51866666666666,3,90-120 min,90.0,120.0
2019-07-04 19:26:58.240000+00:00,35.72289479518505,-117.51319216887406,4.780592360000001,2.2,287,6789.2,113.15333333333334,1.885888888888889,453.5857420876352,3953.3355127434993,113.15333333333334,3,90-120 min,90.0,120.0
2019-07-04 19:27:17.960000+00:00,35.66971279518505,-117.46549133202336,6.972559700000001,2.84,288,6808.92,113.482,1.8913666666666666,457.8719835305924,3947.4155740068636,113.482,3,90-120 min,90.0,120.0
2019-07-04 19:27:40.480000+00:00,35.73374679518505,-117.5239679530372,8.1338669,2.29,289,6831.44,113.85733333333333,1.897622222222222,452.61757481941163,3954.544270190218,113.85733333333333,3,90-120 min,90.0,120.0
2019-07-04 19:28:22.140000+00:00,35.58969579518505,-117.63292557809216,2.69749757,1.39,290,6873.1,114.55166666666668,1.9091944444444446,442.66152125672863,3938.6255924688335,114.55166666666668,3,90-120 min,90.0,120.0
2019-07-04 19:28:50.720000+00:00,35.73980479518505,-117.54054539096968,9.26614142,1.46,291,6901.68,115.028,1.9171333333333334,451.1221653897588,3955.224304430932,115.028,3,90-120 min,90.0,120.0
2019-07-04 19:29:14.320000+00:00,35.670456795185046,-117.46825838563028,7.45885709,1.47,292,6925.28,115.42133333333332,1.9236888888888888,457.6219503892404,3947.4992807569865,115.42133333333332,3,90-120 min,90.0,120.0
2019-07-04 19:29:27.200000+00:00,35.66192879518505,-117.5168907712862,4.562847260000001,2.21,293,6938.16,115.636,1.9272666666666667,453.2156383005044,3946.5755061469476,115.636,3,90-120 min,90.0,120.0
2019-07-04 19:30:03.920000+00:00,35.70956879518505,-117.46941720651482,4.36687667,1.48,294,6974.88,116.248,1.9374666666666667,457.5378091863179,3951.83769634622,116.248,3,90-120 min,90.0,120.0
2019-07-04 19:30:07.280000+00:00,35.72353779518505,-117.5600592153254,4.475749220000001,1.51,295,6978.24,116.304,1.9384,449.34734613264703,3953.4300088791065,116.304,3,90-120 min,90.0,120.0
2019-07-04 19:30:29.040000+00:00,35.71977779518505,-117.514469943718,5.978190410000001,1.43,296,7000.0,116.66666666666667,1.9444444444444444,453.4683638400341,3952.990408609484,116.66666666666667,3,90-120 min,90.0,120.0
2019-07-04 19:30:36.540000+00:00,35.666851795185046,-117.51386412590006,4.41768386,1.26,297,7007.5,116.79166666666667,1.9465277777777779,453.4924409162404,3947.1200786939485,116.79166666666667,3,90-120 min,90.0,120.0
2019-07-04 19:30:47.960000+00:00,35.60403479518505,-117.67123260752234,9.78147149,1.26,298,7018.92,116.982,1.9497,439.2019765638443,3940.238912706725,116.982,3,90-120 min,90.0,120.0
2019-07-04 19:31:02.420000+00:00,35.67949479518505,-117.51069903699636,3.62654333,1.29,299,7033.38,117.223,1.9537166666666668,453.7861904300643,3948.520820327444,117.223,3,90-120 min,90.0,120.0
2019-07-04 19:31:10.720000+00:00,35.63350679518505,-117.61928172567538,10.56535385,1.29,300,7041.68,117.36133333333333,1.9560222222222223,443.9281538777747,3943.4767892650966,117.36133333333333,3,90-120 min,90.0,120.0
2019-07-04 19:31:24.840000+00:00,35.79628679518505,-117.65692348036067,2.66846489,1.29,301,7055.8,117.59666666666666,1.9599444444444445,440.64073812716447,3961.5531085425996,117.59666666666666,3,90-120 min,90.0,120.0
2019-07-04 19:31:52.040000+00:00,35.65954379518505,-117.41515759952075,4.287036800000001,1.4,302,7083.0,118.05,1.9675,462.42256248248697,3946.267322595042,118.05,3,90-120 min,90.0,120.0
2019-07-04 19:32:26.760000+00:00,35.67831479518505,-117.50267495193762,2.59588319,2.17,303,7117.72,118.62866666666667,1.9771444444444446,454.5116365192791,3948.3862011366746,118.62866666666667,3,90-120 min,90.0,120.0
2019-07-04 19:32:48.760000+00:00,35.71953779518505,-117.51665892638306,6.2685172100000015,1.84,304,7139.72,118.99533333333333,1.9832555555555555,453.270237733463,3952.964830126093,118.99533333333333,3,90-120 min,90.0,120.0
2019-07-04 19:33:01.260000+00:00,35.673760795185046,-117.44035362371493,8.816134880000002,2.19,305,7152.22,119.20366666666668,1.9867277777777779,460.1490299579463,3947.8540491079025,119.20366666666668,3,90-120 min,90.0,120.0
2019-07-04 19:33:20.800000+00:00,35.67364679518505,-117.5148166154995,7.923379970000001,2.16,306,7171.76,119.52933333333334,1.9921555555555557,453.4101833123313,3947.874163132644,119.52933333333334,3,90-120 min,90.0,120.0
2019-07-04 19:34:07.160000+00:00,35.60005879518505,-117.58868032200304,7.930638140000001,2.41,307,7218.12,120.30199999999999,2.0050333333333334,446.6767426395107,3939.750073326736,120.30199999999999,4,120-150 min,120.0,150.0
2019-07-04 19:34:18.320000+00:00,35.70318779518505,-117.49839574592444,5.7531871400000005,2.17,308,7229.28,120.488,2.0081333333333333,454.91287643710973,3951.1428986741416,120.488,4,120-150 min,120.0,150.0
2019-07-04 19:34:51.860000+00:00,35.61469979518505,-117.5726163736602,7.807249250000001,1.94,309,7262.82,121.047,2.0174499999999997,448.1412962776883,3941.3653098120517,121.047,4,120-150 min,120.0,150.0
2019-07-04 19:35:02.080000+00:00,35.78298979518505,-117.52112351660908,1.06440932,2.25,310,7273.04,121.21733333333333,2.020288888888889,452.9038289138706,3960.0045206776826,121.21733333333333,4,120-150 min,120.0,150.0
2019-07-04 19:35:04.720000+00:00,35.57145779518505,-117.5244122697962,8.946781940000001,1.98,311,7275.68,121.26133333333334,2.0210222222222223,452.48136818803397,3936.5450612716395,121.26133333333334,4,120-150 min,120.0,150.0
2019-07-04 19:35:38.360000+00:00,35.63318879518505,-117.55820570280429,5.049144650000001,1.73,312,7309.32,121.82199999999999,2.0303666666666667,449.4580416072102,3943.408412984313,121.82199999999999,4,120-150 min,120.0,150.0
2019-07-04 19:36:08.980000+00:00,35.68602479518505,-117.48940250779248,5.390278640000001,1.79,313,7339.94,122.33233333333332,2.038872222222222,455.71696457482426,3949.2352528050837,122.33233333333332,4,120-150 min,120.0,150.0
2019-07-04 19:36:20.440000+00:00,35.70593479518505,-117.47012494418932,3.72089954,1.79,314,7351.4,122.52333333333333,2.0420555555555553,457.4718584803583,3951.4349542930295,122.52333333333333,4,120-150 min,120.0,150.0
2019-07-04 19:36:36.440000+00:00,35.59860679518505,-117.59393721774788,8.50403357,1.62,315,7367.4,122.78999999999999,2.0465,446.1995904021195,3939.5918940875586,122.78999999999999,4,120-150 min,120.0,150.0
2019-07-04 19:36:55.640000+00:00,35.72988879518505,-117.54951267421082,4.09106621,1.27,316,7386.6,123.11,2.0518333333333336,450.30514663939766,3954.1290130443435,123.11,4,120-150 min,120.0,150.0
2019-07-04 19:37:09+00:00,35.67939279518505,-117.50750102964363,2.77007927,1.66,317,7399.96,123.33266666666667,2.0555444444444446,454.07552621226534,3948.5080076853474,123.33266666666667,4,120-150 min,120.0,150.0
2019-07-04 19:37:29.240000+00:00,35.657789795185046,-117.51125847321222,3.93138647,1.7,318,7420.2,123.67,2.061166666666667,453.7230402486099,3946.1137839626326,123.67,4,120-150 min,120.0,150.0
2019-07-04 19:38:22.560000+00:00,35.70431079518505,-117.48937082697378,7.124981270000001,1.8,319,7473.52,124.55866666666667,2.0759777777777777,455.7299385474939,3951.2633439270703,124.55866666666667,4,120-150 min,120.0,150.0
2019-07-04 19:38:33.920000+00:00,35.65286679518505,-117.543802118757,8.12660873,1.56,320,7484.88,124.748,2.0791333333333335,450.7742781672891,3945.5835856692934,124.748,4,120-150 min,120.0,150.0
2019-07-04 19:38:55.480000+00:00,35.73178079518505,-117.54001581094327,3.4087982300000004,1.33,321,7506.44,125.10733333333333,2.085122222222222,451.16515309988387,3954.3340883261844,125.10733333333333,4,120-150 min,120.0,150.0
2019-07-04 19:39:01.040000+00:00,35.73481279518505,-117.55783803008876,3.51767078,1.58,322,7512.0,125.2,2.0866666666666664,449.5553457499867,3954.6793894123507,125.2,4,120-150 min,120.0,150.0
2019-07-04 19:39:36.060000+00:00,35.65329379518505,-117.53280014949752,9.95566757,2.04,323,7547.02,125.78366666666668,2.0963944444444444,451.77045776219785,3945.625490133016,125.78366666666668,4,120-150 min,120.0,150.0
2019-07-04 19:39:49.360000+00:00,35.68102479518505,-117.5082171472918,8.08305971,2.67,324,7560.32,126.00533333333333,2.1000888888888887,454.0116596490989,3948.689348012575,126.00533333333333,4,120-150 min,120.0,150.0
2019-07-04 19:40:07.800000+00:00,35.74234479518505,-117.55582857462514,4.99833746,2.79,325,7578.76,126.31266666666667,2.105211111111111,449.7417939959497,3955.5137430380933,126.31266666666667,4,120-150 min,120.0,150.0
2019-07-04 19:40:28.940000+00:00,35.65894179518505,-117.51094155616846,3.90961196,2.57,326,7599.9,126.66499999999999,2.111083333333333,453.7523907117309,3946.241402791161,126.66499999999999,4,120-150 min,120.0,150.0
2019-07-04 19:40:57.220000+00:00,35.70806279518505,-117.48947709779634,4.3305858200000005,1.7,327,7628.18,127.13633333333334,2.118938888888889,455.7223997495641,3951.679527989745,127.13633333333334,4,120-150 min,120.0,150.0
2019-07-04 19:41:14.440000+00:00,35.69409379518505,-117.48800308975623,8.43145187,1.48,328,7645.4,127.42333333333333,2.1237222222222223,455.8480373422747,3950.1295569956774,127.42333333333333,4,120-150 min,120.0,150.0
2019-07-04 19:42:06.680000+00:00,35.71001979518505,-117.5127032390742,5.898350540000001,1.83,329,7697.64,128.294,2.1382333333333334,453.6225026828758,3951.9073050604215,128.294,4,120-150 min,120.0,150.0
2019-07-04 19:42:28.420000+00:00,35.59712579518505,-117.5937821114182,5.4483440000000005,2.12,330,7719.38,128.65633333333332,2.1442722222222224,446.2126495978048,3939.4275529075544,128.65633333333332,4,120-150 min,120.0,150.0
2019-07-04 19:42:35.600000+00:00,35.59476579518505,-117.587572941996,7.930638140000001,2.44,331,7726.56,128.776,2.146266666666667,446.7735470051284,3939.16243220859,128.776,4,120-150 min,120.0,150.0
2019-07-04 19:42:57.440000+00:00,35.60854279518505,-117.58407393131274,9.46937018,1.92,332,7748.4,129.14,2.1523333333333334,447.0995834307624,3940.688540842804,129.14,4,120-150 min,120.0,150.0
2019-07-04 19:43:24.340000+00:00,35.74429779518505,-117.55787171585304,5.833027010000001,1.73,333,7775.3,129.58833333333334,2.1598055555555558,449.55828267637287,3955.7314021571647,129.58833333333334,4,120-150 min,120.0,150.0
2019-07-04 19:43:32.380000+00:00,35.71705179518505,-117.54797374683416,3.66283418,1.74,334,7783.34,129.72233333333332,2.162038888888889,450.436369238143,3952.7044684692364,129.72233333333332,4,120-150 min,120.0,150.0
2019-07-04 19:43:55.980000+00:00,35.65606079518505,-117.46903034871468,4.51204007,1.63,335,7806.94,130.11566666666667,2.1685944444444445,457.5444656419076,3945.9029595268817,130.11566666666667,4,120-150 min,120.0,150.0
2019-07-04 19:44:36.980000+00:00,35.60223179518505,-117.59378247804072,4.06203353,1.35,336,7847.94,130.799,2.1799833333333334,446.2160328757008,3939.9938552451763,130.799,4,120-150 min,120.0,150.0
2019-07-04 19:44:43.080000+00:00,35.64807779518505,-117.52704577403244,4.81688321,1.88,337,7854.04,130.90066666666667,2.181677777777778,452.28825203974213,3945.0441770396756,130.90066666666667,4,120-150 min,120.0,150.0
2019-07-04 19:45:12.680000+00:00,35.57154779518505,-117.62511127624944,9.048396320000002,1.7,338,7883.64,131.394,2.1899,443.35667184240356,3936.60829236954,131.394,4,120-150 min,120.0,150.0
2019-07-04 19:45:36.480000+00:00,35.64226279518505,-117.54464835556328,4.548330920000001,1.66,339,7907.44,131.79066666666665,2.196511111111111,450.6911591489738,3944.407923103528,131.79066666666665,4,120-150 min,120.0,150.0
2019-07-04 19:45:48.760000+00:00,35.56766579518505,-117.63386799792642,2.0878112900000003,1.67,340,7919.72,131.99533333333335,2.1999222222222223,442.56041603213447,3936.182815603706,131.99533333333335,4,120-150 min,120.0,150.0
2019-07-04 19:46:08.080000+00:00,35.56343779518505,-117.60645069485734,8.736295010000001,1.6,341,7939.04,132.31733333333332,2.205288888888889,445.0420496897569,3935.698251249561,132.31733333333332,4,120-150 min,120.0,150.0
2019-07-04 19:46:27.760000+00:00,35.69729179518505,-117.50312332047106,6.37738976,1.34,342,7958.72,132.64533333333333,2.2107555555555556,454.4818442905843,3950.4911521083695,132.64533333333333,4,120-150 min,120.0,150.0
2019-07-04 19:46:44.600000+00:00,35.60311479518505,-117.57417854145152,7.792732910000001,2.37,343,7975.56,132.92600000000002,2.2154333333333334,447.99232041327133,3940.081251308531,132.92600000000002,4,120-150 min,120.0,150.0
2019-07-04 19:47:07.100000+00:00,35.704225795185046,-117.473102820839,3.98945183,1.5,344,7998.06,133.30100000000002,2.2216833333333335,457.2015603027726,3951.246702596104,133.30100000000002,4,120-150 min,120.0,150.0
2019-07-04 19:47:39.020000+00:00,35.73640379518505,-117.54348314509544,6.783847280000001,1.51,345,8029.98,133.833,2.23055,450.8544318313551,3954.848562740975,133.833,4,120-150 min,120.0,150.0
2019-07-04 19:47:49.840000+00:00,35.59993679518505,-117.59067331324302,8.351612000000001,2.56,346,8040.8,134.01333333333335,2.2335555555555557,446.4961322015961,3939.7376240195235,134.01333333333335,4,120-150 min,120.0,150.0
2019-07-04 19:48:25.680000+00:00,35.69473679518505,-117.50362813614156,2.15313482,1.36,347,8076.64,134.61066666666667,2.2435111111111112,454.43471922725166,3950.2080102402756,134.61066666666667,4,120-150 min,120.0,150.0
2019-07-04 19:48:41.840000+00:00,35.62420079518505,-117.58363605652006,9.229850570000002,1.79,348,8092.8,134.88,2.248,447.149544962571,3942.4249247957546,134.88,4,120-150 min,120.0,150.0
2019-07-04 19:49:04.760000+00:00,35.68450379518505,-117.48323339811876,2.26200737,3.16,349,8115.72,135.262,2.254366666666667,456.2743438508521,3949.0637946482784,135.262,4,120-150 min,120.0,150.0
2019-07-04 19:50:13.920000+00:00,35.66079679518505,-117.51156068975811,3.58299431,1.6,350,8184.88,136.41466666666668,2.2735777777777777,453.69742057282394,3946.4474319075953,136.41466666666668,4,120-150 min,120.0,150.0
2019-07-04 19:50:23.500000+00:00,35.66593279518505,-117.54503205969604,4.410425690000001,1.85,351,8194.46,136.57433333333333,2.2762388888888885,450.67097765542826,3947.0333515950406,136.57433333333333,4,120-150 min,120.0,150.0
2019-07-04 19:50:41.680000+00:00,35.71150479518505,-117.46570634628698,2.62491587,1.57,352,8212.64,136.87733333333333,2.2812888888888887,457.8745045249532,3952.0508200649497,136.87733333333333,4,120-150 min,120.0,150.0
2019-07-04 19:51:08.080000+00:00,35.60023779518505,-117.58997433485594,7.850798270000001,1.88,353,8239.04,137.31733333333335,2.2886222222222226,446.5596473086816,3939.770627914209,137.31733333333335,4,120-150 min,120.0,150.0
2019-07-04 19:51:16.840000+00:00,35.71081379518505,-117.54602829639776,3.73541588,3.59,354,8247.8,137.4633333333333,2.2910555555555554,450.6084858681627,3952.011625252228,137.4633333333333,4,120-150 min,120.0,150.0
2019-07-04 19:52:12.640000+00:00,35.60499079518505,-117.57483767618172,8.997589130000001,2.79,355,8303.6,138.39333333333335,2.3065555555555557,447.93383229247524,3940.289665328137,138.39333333333335,4,120-150 min,120.0,150.0
2019-07-04 19:52:39.040000+00:00,35.66364579518505,-117.53079089495547,9.418562990000002,2.31,356,8330.0,138.83333333333334,2.313888888888889,451.9585396534367,3946.7726447797304,138.83333333333334,4,120-150 min,120.0,150.0
2019-07-04 19:53:18.520000+00:00,35.66433779518505,-117.51477494480068,4.599138110000001,2.53,357,8369.48,139.49133333333333,2.3248555555555552,453.4085453639182,3946.8416827333253,139.49133333333333,4,120-150 min,120.0,150.0
2019-07-04 19:53:43.480000+00:00,35.71808479518505,-117.5067308214389,9.62904992,2.5,358,8394.44,139.90733333333336,2.331788888888889,454.1673711650739,3952.7989946575776,139.90733333333336,4,120-150 min,120.0,150.0
2019-07-04 19:54:16.920000+00:00,35.697434795185046,-117.48780833078844,4.0257426800000005,2.02,359,8427.88,140.46466666666666,2.3410777777777776,455.86749907455743,3950.500020703521,140.46466666666666,4,120-150 min,120.0,150.0
2019-07-04 19:54:39.040000+00:00,35.70765979518505,-117.47555306870508,4.170906080000001,1.5,360,8450.0,140.83333333333334,2.3472222222222223,456.9817461622515,3951.62863987844,140.83333333333334,4,120-150 min,120.0,150.0
2019-07-04 19:54:54.840000+00:00,35.70155279518505,-117.47975162793098,1.79748449,1.68,361,8465.8,141.09666666666666,2.351611111111111,456.59863412334295,3950.9531580730836,141.09666666666666,4,120-150 min,120.0,150.0
2019-07-04 19:55:51.320000+00:00,35.72911179518505,-117.5477306180617,4.4322002000000005,2.55,362,8522.28,142.038,2.3673,450.46582630840413,3954.041933835612,142.038,4,120-150 min,120.0,150.0
2019-07-04 19:56:00.360000+00:00,35.66481779518505,-117.5130419793764,3.84428843,4.28,363,8531.32,142.18866666666665,2.369811111111111,453.565672581558,3946.894099199615,142.18866666666665,4,120-150 min,120.0,150.0
2019-07-04 19:56:25.600000+00:00,35.66799079518505,-117.51656520795684,1.7684518100000002,3.47,364,8556.56,142.60933333333332,2.376822222222222,453.24863994986686,3947.247686882268,142.60933333333332,4,120-150 min,120.0,150.0
2019-07-04 19:57:01.240000+00:00,35.72563279518505,-117.55431436668172,4.453974710000001,2.74,365,8592.2,143.20333333333335,2.3867222222222226,449.8682373065182,3953.659417540651,143.20333333333335,4,120-150 min,120.0,150.0
2019-07-04 19:57:21.440000+00:00,35.65982079518505,-117.512007619469,4.09106621,2.65,366,8612.4,143.54,2.392333333333333,453.65640360365074,3946.339394636846,143.54,4,120-150 min,120.0,150.0
2019-07-04 19:58:00.160000+00:00,35.71142779518505,-117.5449383407276,3.39428189,2.71,367,8651.12,144.18533333333335,2.403088888888889,450.70745787968474,3952.0791766278808,144.18533333333335,4,120-150 min,120.0,150.0
2019-07-04 19:58:37.520000+00:00,35.66340579518505,-117.51130787766851,3.88057928,2.0,368,8688.48,144.808,2.4134666666666664,453.7218089164624,3946.7366764813855,144.808,4,120-150 min,120.0,150.0
2019-07-04 19:58:49+00:00,35.73324179518505,-117.54257091653668,3.73541588,2.46,369,8699.96,144.9993333333333,2.4166555555555553,450.9349830948515,3954.4974045525964,144.9993333333333,4,120-150 min,120.0,150.0
2019-07-04 19:59:06.600000+00:00,35.66309579518505,-117.51036385533985,2.93701718,1.81,370,8717.56,145.29266666666666,2.4215444444444443,453.80707402218434,3946.7018502840115,145.29266666666666,4,120-150 min,120.0,150.0
2019-07-04 19:59:43.200000+00:00,35.663502795185046,-117.51378188465532,4.410425690000001,1.93,371,8754.16,145.90266666666668,2.431711111111111,453.49794223473594,3946.7486026329016,145.90266666666668,4,120-150 min,120.0,150.0
2019-07-04 20:00:11.400000+00:00,35.66609079518505,-117.51064107107804,4.0257426800000005,2.03,372,8782.36,146.37266666666667,2.4395444444444445,453.7837091827465,3947.034155588758,146.37266666666667,4,120-150 min,120.0,150.0
2019-07-04 20:00:32.880000+00:00,35.64055379518505,-117.4747182326001,3.10395509,1.62,373,8803.84,146.73066666666668,2.445511111111111,457.02130275658385,3944.1855600790145,146.73066666666668,4,120-150 min,120.0,150.0
2019-07-04 20:01:02.200000+00:00,35.60826179518505,-117.5850919111276,9.2225924,1.77,374,8833.16,147.21933333333334,2.4536555555555557,447.00719718531417,3940.6579230877537,147.21933333333334,4,120-150 min,120.0,150.0
2019-07-04 20:01:10.880000+00:00,35.70030779518505,-117.49079453808912,6.471745970000001,2.59,375,8841.84,147.364,2.4560666666666666,455.5989246107375,3950.820012458228,147.364,4,120-150 min,120.0,150.0
2019-07-04 20:01:32.580000+00:00,35.67594979518505,-117.5763727814746,8.80161854,2.62,376,8863.54,147.72566666666668,2.462094444444445,447.8409213927444,3948.1605261386385,147.72566666666668,4,120-150 min,120.0,150.0
2019-07-04 20:01:55.760000+00:00,35.73986179518505,-117.54736539509084,5.985448580000001,1.68,377,8886.72,148.112,2.4685333333333332,450.50550821375657,3955.234046283401,148.112,4,120-150 min,120.0,150.0
2019-07-04 20:02:03.720000+00:00,35.73250979518505,-117.54204186363062,3.72815771,1.81,378,8894.68,148.24466666666666,2.4707444444444446,450.9823775600932,3954.4159530354427,148.24466666666666,4,120-150 min,120.0,150.0
2019-07-04 20:02:33.720000+00:00,35.67205179518505,-117.51204150056036,3.49589627,1.32,379,8924.68,148.74466666666666,2.479077777777778,453.6604055617416,3947.6959492286815,148.74466666666666,4,120-150 min,120.0,150.0
2019-07-04 20:02:54.160000+00:00,35.68587479518505,-117.5008604969762,5.992706750000001,1.6,380,8945.12,149.08533333333335,2.4847555555555556,454.6801080584035,3949.223842840088,149.08533333333335,4,120-150 min,120.0,150.0
2019-07-04 20:03:07.320000+00:00,35.59618579518505,-117.59163404393408,8.03951069,1.8,381,8958.28,149.3046666666667,2.488411111111111,446.4066064463895,3939.322126647552,149.3046666666667,4,120-150 min,120.0,150.0
2019-07-04 20:03:52.360000+00:00,35.70162979518505,-117.48165563348763,2.1095858,1.65,382,9003.32,150.05533333333332,2.500922222222222,456.42642633413504,3950.962541527574,150.05533333333332,5,150-180 min,150.0,180.0
2019-07-04 20:04:15.360000+00:00,35.71220879518505,-117.47653839711651,3.56847797,2.47,383,9026.32,150.43866666666665,2.507311111111111,456.8950626136858,3952.1336039150506,150.43866666666665,5,150-180 min,150.0,180.0
2019-07-04 20:04:51.800000+00:00,35.72007079518505,-117.50747896488132,8.627422460000002,1.78,384,9062.76,151.046,2.5174333333333334,454.10084177949255,3953.019613192475,151.046,5,150-180 min,150.0,180.0
2019-07-04 20:05:29.600000+00:00,35.71157479518505,-117.50056135134098,7.981445330000001,2.16,385,9100.56,151.676,2.5279333333333334,454.7217076550445,3952.0741023028745,151.676,5,150-180 min,150.0,180.0
2019-07-04 20:05:44.400000+00:00,35.60064079518505,-117.57360836379335,8.387902850000001,2.02,386,9115.36,151.9226666666667,2.5320444444444448,448.0423670415982,3939.8065611173993,151.9226666666667,5,150-180 min,150.0,180.0
2019-07-04 20:06:07.800000+00:00,35.69927779518505,-117.47604846376632,10.035507440000002,3.5,387,9138.76,152.31266666666667,2.5385444444444447,456.93242486227535,3950.6992064172746,152.31266666666667,5,150-180 min,150.0,180.0
2019-07-04 20:06:53.400000+00:00,35.60404279518505,-117.58127460809688,5.72415446,2.1,388,9184.36,153.07266666666666,2.5512111111111113,447.3501769440772,3940.187948154662,153.07266666666666,5,150-180 min,150.0,180.0
2019-07-04 20:07:32.400000+00:00,35.66351179518505,-117.51479088530355,4.686236150000001,1.98,389,9223.36,153.72266666666667,2.5620444444444446,453.40662269080605,3946.7500787566987,153.72266666666667,5,150-180 min,150.0,180.0
2019-07-04 20:07:58.600000+00:00,35.68460479518505,-117.50832340540126,6.12335381,2.19,390,9249.56,154.15933333333334,2.569322222222222,454.0040991381042,3949.086456131099,154.15933333333334,5,150-180 min,150.0,180.0
2019-07-04 20:08:28.640000+00:00,35.60070979518505,-117.58483836874797,5.375762300000001,1.94,391,9279.6,154.66,2.5776666666666666,447.0251836216269,3939.820200423311,154.66,5,150-180 min,150.0,180.0
2019-07-04 20:08:36.160000+00:00,35.66577779518505,-117.51611804853027,3.78622307,1.82,392,9287.12,154.78533333333334,2.579755555555556,453.2878209681277,3947.00203058725,154.78533333333334,5,150-180 min,150.0,180.0
2019-07-04 20:08:57.540000+00:00,35.78970379518505,-117.63819700315317,4.1346152300000005,1.35,393,9308.5,155.14166666666668,2.5856944444444445,442.3281187172739,3960.811781823483,155.14166666666668,5,150-180 min,150.0,180.0
2019-07-04 20:09:08.800000+00:00,35.67494979518505,-117.4669807094032,7.988703500000001,1.44,394,9319.76,155.32933333333332,2.5888222222222224,457.7399512441465,3947.997047952468,155.32933333333332,5,150-180 min,150.0,180.0
2019-07-04 20:09:43.840000+00:00,35.72252779518505,-117.50891214236206,9.86131136,1.94,395,9354.8,155.91333333333333,2.5985555555555555,453.9726295296005,3953.2927924546584,155.91333333333333,5,150-180 min,150.0,180.0
2019-07-04 20:10:18.920000+00:00,35.66650179518505,-117.510844100686,4.1346152300000005,1.5,396,9389.88,156.498,2.6083,453.7655705207334,3947.079835054725,156.498,5,150-180 min,150.0,180.0
2019-07-04 20:10:27.680000+00:00,35.66781179518505,-117.51073019506087,4.504781900000001,1.7,397,9398.64,156.64399999999998,2.610733333333333,453.7766349193203,3947.225073414879,156.64399999999998,5,150-180 min,150.0,180.0
2019-07-04 20:10:56.720000+00:00,35.64591679518505,-117.55512161850476,9.658082600000002,1.91,398,9427.68,157.12800000000001,2.6188000000000002,449.7452582650548,3944.8184901979703,157.12800000000001,5,150-180 min,150.0,180.0
2019-07-04 20:11:31.260000+00:00,35.68383179518505,-117.49479734966594,3.82977209,2.45,399,9462.22,157.70366666666666,2.6283944444444445,455.22758919855806,3948.994472694256,157.70366666666666,5,150-180 min,150.0,180.0
2019-07-04 20:12:09.240000+00:00,35.74303979518505,-117.54502162488131,5.266889750000001,1.88,400,9500.2,158.33666666666667,2.6389444444444448,450.7193998910418,3955.5853427208012,158.33666666666667,5,150-180 min,150.0,180.0
2019-07-04 20:12:19.880000+00:00,35.63932479518505,-117.59863514417953,9.71614796,1.64,401,9510.84,158.514,2.6419,445.8015153464647,3944.110486744883,158.514,5,150-180 min,150.0,180.0
2019-07-04 20:12:36.280000+00:00,35.72612079518505,-117.54499640194022,4.51929824,1.55,402,9527.24,158.78733333333332,2.6464555555555553,450.71125568516055,3953.708821497669,158.78733333333332,5,150-180 min,150.0,180.0
2019-07-04 20:13:06.260000+00:00,35.59994479518505,-117.58903031381745,7.887089120000001,1.69,403,9557.22,159.28699999999998,2.654783333333333,446.6449639959577,3939.737619364013,159.28699999999998,5,150-180 min,150.0,180.0
2019-07-04 20:13:28.960000+00:00,35.57038779518505,-117.59845919307674,9.34598129,1.57,404,9579.92,159.66533333333334,2.661088888888889,445.7709497226184,3936.464636839645,159.66533333333334,5,150-180 min,150.0,180.0
2019-07-04 20:13:42.540000+00:00,35.63014579518505,-117.56318548396456,3.78622307,1.17,405,9593.5,159.89166666666668,2.664861111111111,449.00521687170584,3943.073485976992,159.89166666666668,5,150-180 min,150.0,180.0
2019-07-04 20:13:57.400000+00:00,35.74470479518505,-117.55328974528626,8.576615270000001,1.33,406,9608.36,160.13933333333335,2.668988888888889,449.972834686718,3955.7741962875666,160.13933333333335,5,150-180 min,150.0,180.0
2019-07-04 20:14:23.160000+00:00,35.60733079518505,-117.58905484425289,6.486262310000001,1.48,407,9634.12,160.56866666666667,2.6761444444444447,446.64764516483274,3940.5568079762393,160.56866666666667,5,150-180 min,150.0,180.0
2019-07-04 20:14:50.080000+00:00,35.70135279518505,-117.50131761349816,5.7459289700000005,4.32,408,9661.04,161.01733333333334,2.6836222222222226,454.64750975895026,3950.94072375364,161.01733333333334,5,150-180 min,150.0,180.0
2019-07-04 20:16:10.220000+00:00,35.67564879518505,-117.49757975978072,4.71526883,2.22,409,9741.18,162.353,2.7058833333333334,454.9712198140937,3948.08816768722,162.353,5,150-180 min,150.0,180.0
2019-07-04 20:17:03.140000+00:00,35.67034679518505,-117.5089653777044,3.02411522,1.64,410,9794.1,163.235,2.7205833333333334,453.937816502414,3947.5054012652836,163.235,5,150-180 min,150.0,180.0
2019-07-04 20:17:36.640000+00:00,35.70143479518505,-117.4756176194156,2.97330803,3.14,411,9827.6,163.79333333333335,2.729888888888889,456.97256205119174,3950.938251045091,163.79333333333335,5,150-180 min,150.0,180.0
2019-07-04 20:18:35.920000+00:00,35.69786179518505,-117.46128636159666,1.78296815,1.98,412,9886.88,164.78133333333332,2.746355555555555,458.26720744984914,3950.535782779379,164.78133333333332,5,150-180 min,150.0,180.0
2019-07-04 20:19:12.760000+00:00,35.56939079518505,-117.62345112159504,9.20081789,1.69,413,9923.72,165.39533333333333,2.7565888888888885,443.5055913824273,3936.368108516844,165.39533333333333,5,150-180 min,150.0,180.0
2019-07-04 20:19:39.160000+00:00,35.596547795185046,-117.57749006992228,7.7854747400000015,1.95,414,9950.12,165.83533333333335,2.7639222222222224,447.68809351976125,3939.354666624921,165.83533333333335,5,150-180 min,150.0,180.0
2019-07-04 20:20:09+00:00,35.68285179518505,-117.49068827900844,5.622540080000001,2.1,415,9979.96,166.33266666666665,2.772211111111111,455.5988640024025,3948.8839155632213,166.33266666666665,5,150-180 min,150.0,180.0
2019-07-04 20:20:44.080000+00:00,35.60274079518505,-117.59652551459315,6.769330940000001,1.89,416,10015.04,166.91733333333335,2.7819555555555557,445.967911813602,3940.051810568879,166.91733333333335,5,150-180 min,150.0,180.0
2019-07-04 20:21:14.820000+00:00,35.70202079518505,-117.55388866170428,8.91049109,1.35,417,10045.78,167.4296666666667,2.7904944444444446,449.891959354156,3951.0403698549408,167.4296666666667,5,150-180 min,150.0,180.0
2019-07-04 20:21:30.980000+00:00,35.71338079518505,-117.46892048174008,2.21120018,1.71,418,10061.94,167.699,2.7949833333333336,457.58476164882063,3952.2602723137993,167.699,5,150-180 min,150.0,180.0
2019-07-04 20:21:59.400000+00:00,35.61479679518505,-117.66967038063022,3.19105313,1.5,419,10090.36,168.1726666666667,2.802877777777778,439.35160335617445,3941.4315605632887,168.1726666666667,5,150-180 min,150.0,180.0
2019-07-04 20:23:09.420000+00:00,35.63502379518505,-117.58765683478562,11.37101072,3.4,420,10160.38,169.33966666666666,2.8223277777777778,446.7926164900422,3943.6274678531217,169.33966666666666,5,150-180 min,150.0,180.0
2019-07-04 20:23:58.100000+00:00,35.65690279518505,-117.533459409342,9.86856953,2.39,421,10209.06,170.15099999999998,2.8358499999999998,451.71295284824737,3946.026087253816,170.15099999999998,5,150-180 min,150.0,180.0
2019-07-04 20:24:24.880000+00:00,35.74530279518505,-117.53046278853324,5.179791710000001,1.83,422,10235.84,170.59733333333332,2.843288888888889,452.03717278318356,3955.829117805641,170.59733333333332,5,150-180 min,150.0,180.0
2019-07-04 20:24:49.680000+00:00,35.67250779518505,-117.47585953341978,1.6740956000000002,1.17,423,10260.64,171.01066666666665,2.8501777777777777,456.93513236464514,3947.730061780758,171.01066666666665,5,150-180 min,150.0,180.0
2019-07-04 20:24:59.440000+00:00,35.61377179518505,-117.58539330697978,5.666089100000001,1.57,424,10270.4,171.17333333333332,2.852888888888889,446.98353465200455,3941.269195718829,171.17333333333332,5,150-180 min,150.0,180.0
2019-07-04 20:25:20.400000+00:00,35.66673379518505,-117.50958311739926,3.60476882,1.17,425,10291.36,171.52266666666668,2.8587111111111114,453.87983141986666,3947.1049735613014,171.52266666666668,5,150-180 min,150.0,180.0
2019-07-04 20:25:45.120000+00:00,35.60644779518505,-117.58256078082889,9.433079330000002,1.46,426,10316.08,171.93466666666666,2.865577777777778,447.23525762444586,3940.455373599015,171.93466666666666,5,150-180 min,150.0,180.0
2019-07-04 20:26:02.400000+00:00,35.67981979518505,-117.50724806042444,6.776589110000001,1.16,427,10333.36,172.22266666666667,2.870377777777778,454.09866248980063,3948.5552480590477,172.22266666666667,5,150-180 min,150.0,180.0
2019-07-04 20:26:21.920000+00:00,35.66844279518505,-117.51197624052148,7.87257278,1.3,428,10352.88,172.54799999999997,2.8758,453.6642259163481,3947.295644447815,172.54799999999997,5,150-180 min,150.0,180.0
2019-07-04 20:26:29.760000+00:00,35.70853079518505,-117.4752921315805,1.92813155,1.28,429,10360.72,172.67866666666666,2.8779777777777777,457.0058182872251,3951.72512855824,172.67866666666666,5,150-180 min,150.0,180.0
2019-07-04 20:26:35.200000+00:00,35.67269479518505,-117.45544154689524,7.981445330000001,1.94,430,10366.16,172.76933333333332,2.879488888888889,458.7830511039953,3947.7420442190646,172.76933333333332,5,150-180 min,150.0,180.0
2019-07-04 20:26:45.740000+00:00,35.64006579518505,-117.55044219749024,9.846795020000002,1.56,431,10376.7,172.94500000000002,2.882416666666667,450.1652539067674,3944.1671757645095,172.94500000000002,5,150-180 min,150.0,180.0
2019-07-04 20:27:20.400000+00:00,35.77736579518505,-117.66313910917825,1.27489625,0.78,432,10411.36,173.52266666666668,2.8920444444444446,440.06488508954646,3959.458307412208,173.52266666666668,5,150-180 min,150.0,180.0
2019-07-04 20:27:36.520000+00:00,35.70858379518505,-117.50926013540654,5.470118510000001,1.28,433,10427.48,173.7913333333333,2.896522222222222,453.9331312112504,3951.7464160574973,173.7913333333333,5,150-180 min,150.0,180.0
2019-07-04 20:27:58.560000+00:00,35.73844179518505,-117.54010629242708,4.7951087,1.23,434,10449.52,174.15866666666668,2.9026444444444444,451.1610380673321,3955.0729135161805,174.15866666666668,5,150-180 min,150.0,180.0
2019-07-04 20:28:15.520000+00:00,35.59745879518505,-117.58791513532556,8.27177213,1.56,435,10466.48,174.44133333333332,2.9073555555555552,446.74433235072945,3939.4612953706837,174.44133333333332,5,150-180 min,150.0,180.0
2019-07-04 20:28:26.540000+00:00,35.68263979518505,-117.4898742637238,5.477376680000001,1.76,436,10477.5,174.625,2.910416666666667,455.6724054919524,3948.8600349696194,174.625,5,150-180 min,150.0,180.0
2019-07-04 20:28:40.980000+00:00,35.66919979518505,-117.51571929506169,4.141873400000001,1.82,437,10491.94,174.86566666666667,2.914427777777778,453.32590313611234,3947.3813748457846,174.86566666666667,5,150-180 min,150.0,180.0
2019-07-04 20:29:05.200000+00:00,35.72502279518505,-117.52598532260976,5.680605440000001,1.37,438,10516.16,175.26933333333332,2.9211555555555555,452.4299552080102,3953.5776579097364,175.26933333333332,5,150-180 min,150.0,180.0
2019-07-04 20:29:33.960000+00:00,35.66767779518505,-117.51270818540698,5.84028518,1.77,439,10544.92,175.74866666666668,2.9291444444444443,453.5975388662325,3947.211143776171,175.74866666666668,5,150-180 min,150.0,180.0
2019-07-04 20:29:45.560000+00:00,35.73287579518505,-117.5420588900834,3.93138647,1.58,440,10556.52,175.942,2.932366666666667,450.9810621087941,3954.4565550653097,175.942,5,150-180 min,150.0,180.0
2019-07-04 20:30:08.620000+00:00,35.62025379518505,-117.56521977280072,6.464487800000001,1.82,441,10579.58,176.32633333333334,2.938772222222222,448.81471170062844,3941.9774265192996,176.32633333333334,5,150-180 min,150.0,180.0
2019-07-04 20:30:19.440000+00:00,35.695326795185046,-117.59124217870482,8.997589130000001,1.64,442,10590.4,176.50666666666666,2.941777777777778,446.508231442164,3950.317639478142,176.50666666666666,5,150-180 min,150.0,180.0
2019-07-04 20:30:37+00:00,35.61964779518505,-117.58158472924498,7.64756951,1.46,443,10607.96,176.79933333333332,2.946655555555555,447.33231697869525,3941.918853688569,176.79933333333332,5,150-180 min,150.0,180.0
2019-07-04 20:30:44.100000+00:00,35.69155479518505,-117.50653290660992,6.5733603500000015,1.89,444,10615.06,176.91766666666666,2.948627777777778,454.1700902548366,3949.8564453233307,176.91766666666666,5,150-180 min,150.0,180.0
2019-07-04 20:31:03.220000+00:00,35.64410979518505,-117.57546648846728,8.18467409,1.3,445,10634.18,177.23633333333333,2.953938888888889,447.9022597397169,3944.628666537189,177.23633333333333,5,150-180 min,150.0,180.0
2019-07-04 20:31:52.960000+00:00,35.64494079518505,-117.53729954826726,5.085435500000001,1.3,446,10683.92,178.06533333333334,2.9677555555555557,451.3581008227563,3944.7012783774862,178.06533333333334,5,150-180 min,150.0,180.0
2019-07-04 20:32:08.840000+00:00,35.78215579518505,-117.65205545618278,2.57410868,1.11,447,10699.8,178.32999999999998,2.9721666666666664,441.0701848045719,3959.982857728735,178.32999999999998,5,150-180 min,150.0,180.0
2019-07-04 20:32:19.920000+00:00,35.73270879518505,-117.53333487801336,6.31206623,1.74,448,10710.88,178.51466666666664,2.9752444444444444,451.7698900878055,3954.4337089131627,178.51466666666664,5,150-180 min,150.0,180.0
2019-07-04 20:32:33.960000+00:00,35.63883279518505,-117.542996108784,7.843540100000001,2.25,449,10724.92,178.74866666666668,2.9791444444444446,450.8386431936535,3944.026675867579,178.74866666666668,5,150-180 min,150.0,180.0
2019-07-04 20:32:52.400000+00:00,35.66042279518505,-117.51377366282316,3.40154006,1.61,450,10743.36,179.056,2.9842666666666666,453.4969005164102,3946.406996538268,179.056,5,150-180 min,150.0,180.0
2019-07-04 20:32:59.240000+00:00,35.71057379518505,-117.5076412790705,6.74755643,1.61,451,10750.2,179.17000000000002,2.986166666666667,454.0807130546016,3951.96636973099,179.17000000000002,5,150-180 min,150.0,180.0
2019-07-04 20:33:08.260000+00:00,35.64157479518505,-117.5561963060602,11.21133098,1.9,452,10759.22,179.3203333333333,2.988672222222222,449.6452423145889,3944.337470077827,179.3203333333333,5,150-180 min,150.0,180.0
2019-07-04 20:33:34.040000+00:00,35.68624079518505,-117.49234052336811,5.09269367,1.35,453,10785.0,179.75,2.995833333333333,455.4512395265652,3949.260538037788,179.75,5,150-180 min,150.0,180.0
2019-07-04 20:33:54.860000+00:00,35.64964379518505,-117.5415728867482,8.975814620000001,1.7,454,10805.82,180.097,3.0016166666666666,450.97410388578334,3945.2250093762436,180.097,6,180-210 min,180.0,210.0
2019-07-04 20:34:31.560000+00:00,35.63689579518505,-117.57270796944049,10.086314630000002,2.84,455,10842.52,180.7086666666667,3.011811111111111,448.14733449974625,3943.8271052541013,180.7086666666667,6,180-210 min,180.0,210.0
2019-07-04 20:35:20.800000+00:00,35.73912979518505,-117.53306634216749,4.896723080000001,2.5,456,10891.76,181.52933333333334,3.025488888888889,451.7980442303408,3955.14573819712,181.52933333333334,6,180-210 min,180.0,210.0
2019-07-04 20:36:03.320000+00:00,35.62104279518505,-117.57328382951142,7.799991080000001,1.72,457,10934.28,182.238,3.0373,448.08494730844603,3942.0691598631524,182.238,6,180-210 min,180.0,210.0
2019-07-04 20:36:26.660000+00:00,35.68007579518505,-117.5626360788788,4.983821120000001,1.04,458,10957.62,182.627,3.0437833333333337,449.0866636346997,3948.610935966004,182.627,6,180-210 min,180.0,210.0
2019-07-04 20:36:45.120000+00:00,35.70549079518505,-117.4685459121418,4.25074595,1.33,459,10976.08,182.93466666666666,3.048911111111111,457.614465860285,3951.385027183017,182.93466666666666,6,180-210 min,180.0,210.0
2019-07-04 20:36:59+00:00,35.70847379518505,-117.50855212746572,7.29191918,1.7,460,10989.96,183.166,3.0527666666666664,453.997113829317,3951.733883856542,183.166,6,180-210 min,180.0,210.0
2019-07-04 20:37:29.160000+00:00,35.64386979518505,-117.537177471197,7.64756951,1.95,461,11020.12,183.66866666666667,3.0611444444444444,451.36850359395146,3944.582433782856,183.66866666666667,6,180-210 min,180.0,210.0
2019-07-04 20:38:17.640000+00:00,35.696010795185046,-117.4807932280509,4.504781900000001,1.32,462,11068.6,184.47666666666666,3.0746111111111114,456.5013938413557,3950.3389541279503,184.47666666666666,6,180-210 min,180.0,210.0
2019-07-04 20:38:55.640000+00:00,35.715606795185046,-117.50515964248058,8.540324420000001,1.94,463,11106.6,185.11,3.085166666666667,454.3080672209981,3952.523425160226,185.11,6,180-210 min,180.0,210.0
2019-07-04 20:39:05.620000+00:00,35.72455879518505,-117.53868928908706,5.709638120000001,1.76,464,11116.58,185.27633333333333,3.087938888888889,451.2807168531427,3953.532428424405,185.27633333333333,6,180-210 min,180.0,210.0
2019-07-04 20:39:14.040000+00:00,35.672291795185046,-117.5119435178547,6.1596446600000005,2.51,465,11125.0,185.41666666666666,3.0902777777777777,453.66941174009713,3947.7225214153414,185.41666666666666,6,180-210 min,180.0,210.0
2019-07-04 20:39:39.440000+00:00,35.67265879518505,-117.51405954430102,6.638683880000001,1.72,466,11150.4,185.84,3.0973333333333333,453.4781239028505,3947.7642252875908,185.84,6,180-210 min,180.0,210.0
2019-07-04 20:40:02.640000+00:00,35.70837179518505,-117.47365712010247,5.390278640000001,1.92,467,11173.6,186.22666666666666,3.1037777777777777,457.1536348591838,3951.706778914911,186.22666666666666,6,180-210 min,180.0,210.0
2019-07-04 20:40:17.580000+00:00,35.73318879518505,-117.52823991270598,9.82502051,1.56,468,11188.54,186.47566666666668,3.107927777777778,452.23092474565686,3954.4844534670287,186.47566666666668,6,180-210 min,180.0,210.0
2019-07-04 20:40:53.960000+00:00,35.73608179518505,-117.5387951218187,5.078177330000001,1.51,469,11224.92,187.082,3.1180333333333334,451.2781637352888,3954.8105107486003,187.082,6,180-210 min,180.0,210.0
2019-07-04 20:41:21.120000+00:00,35.66122479518505,-117.5194537205827,6.769330940000001,1.57,470,11252.08,187.53466666666665,3.1255777777777776,452.9832481351463,3946.498648773275,187.53466666666665,6,180-210 min,180.0,210.0
2019-07-04 20:41:31.960000+00:00,35.63445479518505,-117.59056179385932,9.94115123,2.31,471,11262.92,187.71533333333335,3.128588888888889,446.52921488381116,3943.5659358693456,187.71533333333335,6,180-210 min,180.0,210.0
2019-07-04 20:42:01.400000+00:00,35.62126279518505,-117.58884384532467,7.52418062,0.92,472,11292.36,188.20600000000002,3.136766666666667,446.6760040000618,3942.1018831922224,188.20600000000002,6,180-210 min,180.0,210.0
2019-07-04 20:42:18.480000+00:00,35.747613795185046,-117.53171595567518,5.593507400000001,1.3,473,11309.44,188.49066666666667,3.1415111111111114,451.92525384757283,3956.086047757331,188.49066666666667,6,180-210 min,180.0,210.0
2019-07-04 20:42:41.660000+00:00,35.62684579518505,-117.5717952466796,10.318576070000002,1.77,474,11332.62,188.877,3.1479500000000002,448.22349214170737,3942.7119828568325,188.877,6,180-210 min,180.0,210.0
2019-07-04 20:42:56.620000+00:00,35.67438379518505,-117.50864766861235,8.30806298,1.65,475,11347.58,189.12633333333332,3.1521055555555555,453.9688879382244,3947.952995909387,189.12633333333332,6,180-210 min,180.0,210.0
2019-07-04 20:43:16.720000+00:00,35.59664479518505,-117.58201507688604,7.95241265,1.62,476,11367.68,189.46133333333333,3.157688888888889,447.278255054975,3939.3678391115113,189.46133333333333,6,180-210 min,180.0,210.0
2019-07-04 20:44:01.100000+00:00,35.68873479518505,-117.49254370322106,6.275775380000001,0.84,477,11412.06,190.201,3.1700166666666667,455.43424213250023,3949.5372401480763,190.201,6,180-210 min,180.0,210.0
2019-07-04 20:44:53.800000+00:00,35.70623579518505,-117.49824996591566,6.91449434,1.16,478,11464.76,191.07933333333332,3.1846555555555556,454.9277801728487,3951.4808869505496,191.07933333333332,6,180-210 min,180.0,210.0
2019-07-04 20:45:26.520000+00:00,35.70327379518505,-117.47355875213108,2.93701718,3.27,479,11497.48,191.62466666666666,3.1937444444444445,457.15980564511665,3951.141314795295,191.62466666666666,6,180-210 min,180.0,210.0
2019-07-04 20:46:23.100000+00:00,35.68763679518505,-117.4963116240369,2.69749757,2.25,480,11554.06,192.56766666666667,3.209461111111111,455.09269942371026,3949.417177107178,192.56766666666667,6,180-210 min,180.0,210.0
2019-07-04 20:47:02.040000+00:00,35.55476279518505,-117.58880707321902,1.0208603,1.31,481,11593.0,193.21666666666667,3.2202777777777776,446.6352235465385,3934.7264208606,193.21666666666667,6,180-210 min,180.0,210.0
2019-07-04 20:47:20.760000+00:00,35.60715979518505,-117.57819083197008,9.35323946,1.52,482,11611.72,193.52866666666665,3.2254777777777774,447.631528849911,3940.5320065743877,193.52866666666665,6,180-210 min,180.0,210.0
2019-07-04 20:47:32.980000+00:00,35.611989795185046,-117.58981217894468,10.00647476,1.63,483,11623.94,193.73233333333334,3.2288722222222224,446.5821477510915,3941.073945326218,193.73233333333334,6,180-210 min,180.0,210.0
2019-07-04 20:47:41.140000+00:00,35.69428979518505,-117.47883110389532,7.94515448,1.91,484,11632.1,193.86833333333334,3.231138888888889,456.6779828483828,3950.147210198526,193.86833333333334,6,180-210 min,180.0,210.0
2019-07-04 20:48:10.360000+00:00,35.74362579518505,-117.53130066725694,4.620912620000001,1.39,485,11661.32,194.35533333333333,3.2392555555555553,451.96040606917535,3955.643529442516,194.35533333333333,6,180-210 min,180.0,210.0
2019-07-04 20:48:23.860000+00:00,35.67907079518505,-117.49112700643232,4.983821120000001,1.09,486,11674.82,194.58033333333333,3.2430055555555555,455.5570676889848,3948.464763148991,194.58033333333333,6,180-210 min,180.0,210.0
2019-07-04 20:48:41.080000+00:00,35.71800379518505,-117.51506381558882,6.56610218,1.33,487,11692.04,194.86733333333333,3.247788888888889,453.4136175307969,3952.7939345008554,194.86733333333333,6,180-210 min,180.0,210.0
2019-07-04 20:49:06.180000+00:00,35.66281579518505,-117.51793283517227,5.223340730000001,2.06,488,11717.14,195.28566666666666,3.2547611111111108,453.1218375821294,3946.674379759758,195.28566666666666,6,180-210 min,180.0,210.0
2019-07-04 20:49:42.560000+00:00,35.59605479518505,-117.58695403452964,8.43871004,2.06,489,11753.52,195.892,3.264866666666667,446.8304650733964,3939.305059461146,195.892,6,180-210 min,180.0,210.0
2019-07-04 20:50:19.920000+00:00,35.72731779518505,-117.55400448842832,6.6822329,2.17,490,11790.88,196.51466666666664,3.275244444444444,449.89731792586764,3953.846144670299,196.51466666666664,6,180-210 min,180.0,210.0
2019-07-04 20:51:31.140000+00:00,35.70182479518505,-117.4717276475598,3.96041915,1.18,491,11862.1,197.70166666666668,3.295027777777778,457.3246843960337,3950.9798082534894,197.70166666666668,6,180-210 min,180.0,210.0
2019-07-04 20:51:54.020000+00:00,35.61928079518505,-117.55793570286778,10.833906140000002,1.53,492,11884.98,198.083,3.3013833333333333,449.47373877196895,3941.8657461541584,198.083,6,180-210 min,180.0,210.0
2019-07-04 20:52:24.200000+00:00,35.67481079518505,-117.46759169938557,5.716896290000001,2.36,493,11915.16,198.58599999999998,3.3097666666666665,457.6845851117628,3947.9818944846015,198.58599999999998,6,180-210 min,180.0,210.0
2019-07-04 20:53:02.760000+00:00,35.67075379518505,-117.44526040703036,4.265262290000001,1.28,494,11953.72,199.22866666666667,3.3204777777777776,459.70346330015377,3947.5225452225263,199.22866666666667,6,180-210 min,180.0,210.0
2019-07-04 20:53:22.480000+00:00,35.80272879518505,-117.51015494749716,1.6740956000000002,1.56,495,11973.44,199.55733333333333,3.3259555555555558,453.9065151276211,3962.188599794026,199.55733333333333,6,180-210 min,180.0,210.0
2019-07-04 20:53:40.120000+00:00,35.66405279518505,-117.51484792427172,7.4080499,1.98,496,11991.08,199.85133333333334,3.3308555555555555,453.40177444536454,3946.810108029064,199.85133333333334,6,180-210 min,180.0,210.0
2019-07-04 20:54:16.460000+00:00,35.61893579518505,-117.59127767807222,10.34760875,1.29,497,12027.42,200.457,3.34095,446.454049377293,3941.8451188122817,200.457,6,180-210 min,180.0,210.0
2019-07-04 20:54:25.640000+00:00,35.674306795185046,-117.57700766306316,9.12823619,1.56,498,12036.6,200.61,3.3435,447.78239664205876,3947.978637581736,200.61,6,180-210 min,180.0,210.0
2019-07-04 20:54:44.680000+00:00,35.65766779518505,-117.5275184644272,8.351612000000001,1.49,499,12055.64,200.92733333333334,3.3487888888888886,452.2511685913277,3946.1080307545176,200.92733333333334,6,180-210 min,180.0,210.0
2019-07-04 20:54:58.260000+00:00,35.70406679518505,-117.4846668093634,10.20244535,1.19,500,12069.22,201.15366666666665,3.352561111111111,456.1553488145281,3951.2341707512487,201.15366666666665,6,180-210 min,180.0,210.0
2019-07-04 20:55:24.900000+00:00,35.71263679518505,-117.47220842801944,4.41768386,3.47,501,12095.86,201.59766666666667,3.359961111111111,457.2869580831298,3952.1791807237228,201.59766666666667,6,180-210 min,180.0,210.0
2019-07-04 20:55:50.260000+00:00,35.694451795185046,-117.5173651155818,5.978190410000001,2.6,502,12121.22,202.02033333333333,3.3670055555555556,453.1917016904285,3950.1828620248575,202.02033333333333,6,180-210 min,180.0,210.0
2019-07-04 20:56:24.960000+00:00,35.68141479518505,-117.47739817540766,9.10646168,1.84,503,12155.92,202.59866666666667,3.3766444444444446,456.80068621626583,3948.7186116371427,202.59866666666667,6,180-210 min,180.0,210.0
2019-07-04 20:56:38.720000+00:00,35.68701779518505,-117.50743657939852,5.056402820000001,1.76,504,12169.68,202.828,3.380466666666667,454.08572739387006,3949.3536675278233,202.828,6,180-210 min,180.0,210.0
2019-07-04 20:57:11.960000+00:00,35.66046779518505,-117.52259566606396,8.19919043,2.77,505,12202.92,203.382,3.3897,452.69841562988427,3946.416197738979,203.382,6,180-210 min,180.0,210.0
2019-07-04 20:57:30.160000+00:00,35.74128279518505,-117.53684249783412,5.39753681,2.12,506,12221.12,203.68533333333335,3.3947555555555557,451.4578931179807,3955.3863925868377,203.68533333333335,6,180-210 min,180.0,210.0
2019-07-04 20:57:41.960000+00:00,35.68696879518505,-117.50973957586504,4.693494320000001,1.94,507,12232.92,203.882,3.3980333333333332,453.87731589637866,3949.3493120031108,203.882,6,180-210 min,180.0,210.0
2019-07-04 20:57:54.800000+00:00,35.68637079518505,-117.50711053274244,4.657203470000001,1.47,508,12245.76,204.096,3.4016,454.1148587415112,3949.281756238548,204.096,6,180-210 min,180.0,210.0
2019-07-04 20:58:09.720000+00:00,35.62909579518505,-117.5621684084606,4.381393010000001,1.94,509,12260.68,204.34466666666668,3.4057444444444447,449.09664536810095,3942.95650411677,204.34466666666668,6,180-210 min,180.0,210.0
2019-07-04 20:58:23.960000+00:00,35.70945879518505,-117.45655119857364,3.09669692,1.74,510,12274.92,204.582,3.4097,458.7015842054987,3951.8200069204486,204.582,6,180-210 min,180.0,210.0
2019-07-04 20:58:57.520000+00:00,35.72417179518505,-117.542017261128,4.410425690000001,1.89,511,12308.48,205.14133333333334,3.419022222222222,450.9794937125333,3953.4911632917524,205.14133333333334,6,180-210 min,180.0,210.0
2019-07-04 20:59:29.200000+00:00,35.68678579518505,-117.4923565626685,6.5733603500000015,2.24,512,12340.16,205.66933333333333,3.4278222222222223,455.450091236355,3949.320991338612,205.66933333333333,6,180-210 min,180.0,210.0
2019-07-04 20:59:58.520000+00:00,35.68586679518505,-117.48139449639932,5.72415446,1.68,513,12369.48,206.158,3.4359666666666664,456.441480130324,3949.2141479708353,206.158,6,180-210 min,180.0,210.0
2019-07-04 21:00:09.560000+00:00,35.63355479518505,-117.55863672912766,5.288664260000001,1.71,514,12380.52,206.342,3.4390333333333336,449.4192451170725,3943.4492274861736,206.342,6,180-210 min,180.0,210.0
2019-07-04 21:00:29.880000+00:00,35.63528079518505,-117.55155685327117,5.4483440000000005,1.74,515,12400.84,206.68066666666667,3.4446777777777777,450.06135983039565,3943.6370389319277,206.68066666666667,6,180-210 min,180.0,210.0
2019-07-04 21:00:56.840000+00:00,35.67540479518505,-117.58005874219523,9.012105470000002,2.74,516,12427.8,207.13,3.4521666666666664,447.50699837965124,3948.102043219932,207.13,6,180-210 min,180.0,210.0
2019-07-04 21:01:29.120000+00:00,35.659275795185046,-117.51340758022091,3.81525575,2.45,517,12460.08,207.668,3.461133333333333,453.5293714122189,3946.279609874842,207.668,6,180-210 min,180.0,210.0
2019-07-04 21:01:45.240000+00:00,35.70367279518505,-117.47822178092738,2.96604986,2.1,518,12476.2,207.93666666666667,3.4656111111111114,456.7381801053194,3951.187612827311,207.93666666666667,6,180-210 min,180.0,210.0
2019-07-04 21:02:26.340000+00:00,35.58776679518505,-117.70708743966038,2.3273309,1.27,519,12517.3,208.62166666666664,3.4770277777777774,435.94135125065065,3938.457373511922,208.62166666666664,6,180-210 min,180.0,210.0
2019-07-04 21:02:55.460000+00:00,35.69240079518505,-117.47137696763212,7.901605460000002,3.58,520,12546.42,209.107,3.485116666666667,457.3513915517548,3949.9344379390086,209.107,6,180-210 min,180.0,210.0
2019-07-04 21:03:51.980000+00:00,35.64220579518505,-117.57090135146194,8.148383240000001,1.78,521,12602.94,210.049,3.5008166666666667,448.3143258604404,3944.4150847882806,210.049,7,210-240 min,210.0,240.0
2019-07-04 21:04:19.400000+00:00,35.73086179518505,-117.54846274452672,3.83703026,1.33,522,12630.36,210.506,3.5084333333333335,450.40070061915924,3954.236398401557,210.506,7,210-240 min,210.0,240.0
2019-07-04 21:04:58.240000+00:00,35.55527579518505,-117.58435510997246,0.96279494,1.4,523,12669.2,211.15333333333334,3.5192222222222225,447.0390560056579,3934.7809146891223,211.15333333333334,7,210-240 min,210.0,240.0
2019-07-04 21:05:01.920000+00:00,35.73827079518505,-117.50263028006452,8.67822965,1.79,524,12672.88,211.21466666666666,3.5202444444444443,454.54972783462864,3955.0359359938348,211.21466666666666,7,210-240 min,210.0,240.0
2019-07-04 21:05:41.480000+00:00,35.69546079518505,-117.48042618837192,3.21282764,1.08,525,12712.44,211.874,3.5312333333333337,456.53430266809266,3950.2777909598994,211.874,7,210-240 min,210.0,240.0
2019-07-04 21:05:57.240000+00:00,35.62248379518505,-117.56807593309142,5.368504130000001,1.62,526,12728.2,212.13666666666668,3.5356111111111113,448.5574884828637,3942.2262443210093,212.13666666666668,7,210-240 min,210.0,240.0
2019-07-04 21:06:30.740000+00:00,35.73947179518505,-117.52532736689372,4.562847260000001,1.51,527,12761.7,212.69500000000002,3.544916666666667,452.4980422981752,3955.179894467276,212.69500000000002,7,210-240 min,210.0,240.0
2019-07-04 21:06:41.280000+00:00,35.70937279518505,-117.49885219236508,3.83703026,1.26,528,12772.24,212.87066666666666,3.5478444444444444,454.8750697663594,3951.8290900585303,212.87066666666666,7,210-240 min,210.0,240.0
2019-07-04 21:06:57.260000+00:00,35.64853779518505,-117.5623648071409,7.94515448,1.15,529,12788.22,213.137,3.552283333333333,449.0911939655018,3945.1129115664994,213.137,7,210-240 min,210.0,240.0
2019-07-04 21:07:08.160000+00:00,35.59410179518505,-117.5870278943316,8.60564795,2.61,530,12799.12,213.31866666666667,3.5553111111111115,446.82248260481015,3939.0884940337137,213.31866666666667,7,210-240 min,210.0,240.0
2019-07-04 21:07:39.360000+00:00,35.67429779518505,-117.57834966241457,8.88871658,2.06,531,12830.32,213.83866666666665,3.5639777777777777,447.6609421932647,3947.9783535082115,213.83866666666665,7,210-240 min,210.0,240.0
2019-07-04 21:07:55.340000+00:00,35.66448379518505,-117.55688095531735,7.10320676,1.77,532,12846.3,214.105,3.5684166666666663,449.5976523454219,3946.8786557186495,214.105,7,210-240 min,210.0,240.0
2019-07-04 21:08:57.620000+00:00,35.68630579518505,-117.47646252805528,5.73141263,1.28,533,12908.58,215.143,3.5857166666666664,456.8879840926806,3949.260661394805,215.143,7,210-240 min,210.0,240.0
2019-07-04 21:09:16.160000+00:00,35.69712179518505,-117.49905430820574,5.862059690000001,1.39,534,12927.12,215.45200000000003,3.590866666666667,454.8498797730416,3950.4704186819554,215.45200000000003,7,210-240 min,210.0,240.0
2019-07-04 21:09:27.800000+00:00,35.584226795185046,-117.61354818565188,1.83377534,1.27,535,12938.76,215.64600000000002,3.5941,444.41321499981757,3938.0079174389502,215.64600000000002,7,210-240 min,210.0,240.0
2019-07-04 21:09:37.900000+00:00,35.60672379518505,-117.60690980065306,5.94189956,1.41,536,12948.86,215.81433333333334,3.596905555555556,445.0300369488547,3940.499313322619,215.81433333333334,7,210-240 min,210.0,240.0
2019-07-04 21:09:47.040000+00:00,35.62325279518505,-117.58487298837063,7.734667550000001,1.88,537,12958.0,215.96666666666667,3.5994444444444444,447.0369096700995,3942.3204478649077,215.96666666666667,7,210-240 min,210.0,240.0
2019-07-04 21:10:16.360000+00:00,35.67297179518505,-117.51387256685643,5.666089100000001,1.38,538,12987.32,216.45533333333333,3.607588888888889,453.4952268916574,3947.7988515990064,216.45533333333333,7,210-240 min,210.0,240.0
2019-07-04 21:10:42.680000+00:00,35.65661879518505,-117.5122593888926,4.42494203,1.83,539,13013.64,216.89399999999998,3.6149,453.6317639038958,3945.9843804346515,216.89399999999998,7,210-240 min,210.0,240.0
2019-07-04 21:11:09.420000+00:00,35.67493279518505,-117.534078708178,7.437082580000001,1.48,540,13040.38,217.33966666666666,3.6223277777777776,451.66776396284604,3948.0260988981277,217.33966666666666,7,210-240 min,210.0,240.0
2019-07-04 21:11:51.680000+00:00,35.63862079518505,-117.54556709353253,8.46048455,2.15,541,13082.64,218.04399999999998,3.6340666666666666,450.6057406577945,3944.0044514988986,218.04399999999998,7,210-240 min,210.0,240.0
2019-07-04 21:12:08.560000+00:00,35.70719979518505,-117.49280503549984,7.56772964,1.8,542,13099.52,218.32533333333333,3.6387555555555555,455.4208750054022,3951.585318399055,218.32533333333333,7,210-240 min,210.0,240.0
2019-07-04 21:12:26.040000+00:00,35.66698579518505,-117.46873813555356,7.34272637,1.56,543,13117.0,218.61666666666667,3.643611111111111,457.5766955603973,3947.1145202544712,218.61666666666667,7,210-240 min,210.0,240.0
2019-07-04 21:12:54.580000+00:00,35.70835179518505,-117.46708111865868,2.0878112900000003,1.67,544,13145.54,219.09233333333336,3.651538888888889,457.7484845283339,3951.7017103398252,219.09233333333336,7,210-240 min,210.0,240.0
2019-07-04 21:13:24.460000+00:00,35.59427679518505,-117.6078929068936,8.17015775,1.75,545,13175.42,219.59033333333335,3.659838888888889,444.9324659098907,3939.1193753643447,219.59033333333335,7,210-240 min,210.0,240.0
2019-07-04 21:13:50.400000+00:00,35.674033795185046,-117.5815966433889,8.874200240000002,1.82,546,13201.36,220.02266666666668,3.6670444444444446,447.36692273858046,3947.950807837757,220.02266666666668,7,210-240 min,210.0,240.0
2019-07-04 21:14:00.520000+00:00,35.67786279518505,-117.5069879193571,6.92901068,1.61,547,13211.48,220.19133333333332,3.6698555555555554,454.1210828869715,3948.338075509453,220.19133333333332,7,210-240 min,210.0,240.0
2019-07-04 21:14:35.740000+00:00,35.67881479518505,-117.51705498797884,7.241111990000001,1.58,548,13246.7,220.77833333333334,3.679638888888889,453.2106303145909,3948.448410240664,220.77833333333334,7,210-240 min,210.0,240.0
2019-07-04 21:14:42.600000+00:00,35.66041879518505,-117.52707966253509,9.012105470000002,1.91,549,13253.56,220.89266666666666,3.6815444444444445,452.2925238316273,3946.4129306003324,220.89266666666666,7,210-240 min,210.0,240.0
2019-07-04 21:15:06.040000+00:00,35.64786579518505,-117.43813775877402,2.81362829,1.29,550,13277.0,221.28333333333333,3.6880555555555556,460.33675800757345,3944.981153847649,221.28333333333333,7,210-240 min,210.0,240.0
2019-07-04 21:15:31.620000+00:00,35.64758879518505,-117.57359573883754,8.765327690000001,1.57,551,13302.58,221.70966666666666,3.695161111111111,448.073874248454,3945.013532259098,221.70966666666666,7,210-240 min,210.0,240.0
2019-07-04 21:15:55.240000+00:00,35.72291479518505,-117.54671317031888,4.31606948,2.8,552,13326.2,222.10333333333335,3.7017222222222226,450.5540107859667,3953.354104120894,222.10333333333335,7,210-240 min,210.0,240.0
2019-07-04 21:16:20.520000+00:00,35.74844779518505,-117.55473901599852,6.2467427,2.37,553,13351.48,222.52466666666666,3.708744444444444,449.84414192778075,3956.1900786030246,222.52466666666666,7,210-240 min,210.0,240.0
2019-07-04 21:16:55.560000+00:00,35.687294795185046,-117.49234859937386,5.9564159000000005,1.36,554,13386.52,223.10866666666666,3.7184777777777778,455.45109478390435,3949.377440992017,223.10866666666666,7,210-240 min,210.0,240.0
2019-07-04 21:17:31.240000+00:00,35.70459579518505,-117.47052384754356,1.92813155,1.92,555,13422.2,223.70333333333335,3.728388888888889,457.435061095145,3951.2866181932477,223.70333333333335,7,210-240 min,210.0,240.0
2019-07-04 21:17:45.980000+00:00,35.66281179518505,-117.51270783488418,4.31606948,1.48,556,13436.94,223.949,3.7324833333333336,453.59475476347984,3946.671456228842,223.949,7,210-240 min,210.0,240.0
2019-07-04 21:18:10+00:00,35.62784679518505,-117.61564331865196,2.58862502,1.04,557,13460.96,224.3493333333333,3.739155555555555,444.25366197415866,3942.8469709739743,224.3493333333333,7,210-240 min,210.0,240.0
2019-07-04 21:18:19.560000+00:00,35.72757379518505,-117.50943250692605,7.45885709,1.18,558,13470.52,224.50866666666667,3.741811111111111,453.9284715536259,3953.8526932482664,224.50866666666667,7,210-240 min,210.0,240.0
2019-07-04 21:18:40.260000+00:00,35.59120079518505,-117.5906326861054,7.83628193,1.75,559,13491.22,224.85366666666667,3.747561111111111,446.49399852711963,3938.768700404506,224.85366666666667,7,210-240 min,210.0,240.0
2019-07-04 21:18:50.080000+00:00,35.66607079518505,-117.53608906963726,4.6354289600000005,1.52,560,13501.04,225.01733333333334,3.750288888888889,451.480468862307,3947.0442045727996,225.01733333333334,7,210-240 min,210.0,240.0
2019-07-04 21:20:07.360000+00:00,35.58254179518505,-117.5971910647623,1.83377534,1.06,561,13578.32,226.30533333333332,3.7717555555555555,445.8940362520147,3937.811924330831,226.30533333333332,7,210-240 min,210.0,240.0
2019-07-04 21:20:20.160000+00:00,35.57869279518505,-117.5960267886552,2.26926554,1.33,562,13591.12,226.5186666666667,3.7753111111111113,445.9969378519407,3937.3843971269353,226.5186666666667,7,210-240 min,210.0,240.0
2019-07-04 21:20:34.040000+00:00,35.632781795185046,-117.57586467353264,10.97906954,1.55,563,13605.0,226.75,3.779166666666667,447.8588531748642,3943.372492005054,226.75,7,210-240 min,210.0,240.0
2019-07-04 21:20:42.920000+00:00,35.59707279518505,-117.58691410761315,7.89434729,1.48,564,13613.88,226.898,3.781633333333333,446.8347551401455,3939.4179433093545,226.898,7,210-240 min,210.0,240.0
2019-07-04 21:21:20.520000+00:00,35.61487879518505,-117.57393438652242,8.1338669,1.45,565,13651.48,227.52466666666666,3.7920777777777777,448.0220456443667,3941.385858094289,227.52466666666666,7,210-240 min,210.0,240.0
2019-07-04 21:21:55.060000+00:00,35.62575479518505,-117.5640801682403,4.686236150000001,1.76,566,13686.02,228.10033333333334,3.8016722222222223,448.92141197772486,3942.586946715738,228.10033333333334,7,210-240 min,210.0,240.0
2019-07-04 21:22:59.060000+00:00,35.64104679518505,-117.54127026807056,8.12660873,2.38,567,13750.02,229.167,3.8194500000000002,450.996249243076,3944.2713681403984,229.167,7,210-240 min,210.0,240.0
2019-07-04 21:23:14.880000+00:00,35.69543279518505,-117.48068718635191,4.4322002000000005,2.94,568,13765.84,229.43066666666667,3.8238444444444446,456.51067396372815,3950.274801035497,229.43066666666667,7,210-240 min,210.0,240.0
2019-07-04 21:24:20.720000+00:00,35.88496679518505,-117.68815492399447,5.658830930000001,0.94,569,13831.68,230.528,3.8421333333333334,437.88781386992684,3971.4083565509627,230.528,7,210-240 min,210.0,240.0
2019-07-04 21:24:29+00:00,35.68410479518505,-117.5144103693497,2.02248776,1.27,570,13839.96,230.666,3.844433333333333,453.45302194509884,3949.0338685920983,230.666,7,210-240 min,210.0,240.0
2019-07-04 21:24:49.640000+00:00,35.67758979518505,-117.5193328996794,7.691118530000001,1.54,571,13860.6,231.01000000000002,3.850166666666667,453.00377731719334,3948.3136327037437,231.01000000000002,7,210-240 min,210.0,240.0
2019-07-04 21:24:59.240000+00:00,35.58606579518505,-117.6130113176016,7.93789631,1.47,572,13870.2,231.17000000000002,3.8528333333333333,444.4631251516525,3938.21157615162,231.17000000000002,7,210-240 min,210.0,240.0
2019-07-04 21:25:27.960000+00:00,35.673231795185046,-117.50810258559284,4.497523730000001,2.11,573,13898.92,231.64866666666666,3.860811111111111,454.0175559770161,3947.824972343358,231.64866666666666,7,210-240 min,210.0,240.0
2019-07-04 21:25:49.040000+00:00,35.67226779518505,-117.50729651612528,4.410425690000001,2.01,574,13920.0,232.0,3.8666666666666667,454.08995249213973,3947.717678168912,232.0,7,210-240 min,210.0,240.0
2019-07-04 21:26:15.440000+00:00,35.73237479518505,-117.54191185387356,3.86606294,2.23,575,13946.4,232.44,3.874,450.9940519342415,3954.4009150646943,232.44,7,210-240 min,210.0,240.0
2019-07-04 21:26:34.600000+00:00,35.67325279518505,-117.51384758710616,9.53469371,3.14,576,13965.56,232.75933333333333,3.879322222222222,453.49765054512517,3947.8300054883925,232.75933333333333,7,210-240 min,210.0,240.0
2019-07-04 21:27:01.840000+00:00,35.69661679518505,-117.48695327177118,5.905608710000001,2.39,577,13992.8,233.2133333333333,3.8868888888888886,455.9444077821515,3950.408912095098,233.2133333333333,7,210-240 min,210.0,240.0
2019-07-04 21:28:43.880000+00:00,35.72036779518505,-117.5237309863339,5.31043877,2.43,578,14094.84,234.91400000000002,3.9152333333333336,452.6310834015722,3953.060276762041,234.91400000000002,7,210-240 min,210.0,240.0
2019-07-04 21:29:17.320000+00:00,35.71409679518505,-117.51629253344085,8.29354664,1.84,579,14128.28,235.47133333333335,3.9245222222222225,453.30020223588485,3952.3611899218163,235.47133333333335,7,210-240 min,210.0,240.0
2019-07-04 21:30:09.840000+00:00,35.74760179518505,-117.53028395480725,5.578991060000001,1.2,580,14180.8,236.34666666666666,3.939111111111111,452.05472124713805,3956.0840157805005,236.34666666666666,7,210-240 min,210.0,240.0
2019-07-04 21:30:20.820000+00:00,35.67250779518505,-117.4659395334198,5.09995184,1.15,581,14191.78,236.52966666666669,3.9421611111111114,457.8328900622888,3947.7257589326473,236.52966666666669,7,210-240 min,210.0,240.0
2019-07-04 21:30:43.840000+00:00,35.66220879518505,-117.57395479145288,9.433079330000002,1.42,582,14214.8,236.91333333333333,3.948555555555555,448.05083834653976,3946.6352266791437,236.91333333333333,7,210-240 min,210.0,240.0
2019-07-04 21:30:58.180000+00:00,35.56365379518505,-117.634697710339,6.14512832,1.36,583,14229.14,237.15233333333333,3.952538888888889,442.4823614164717,3935.738333626512,237.15233333333333,7,210-240 min,210.0,240.0
2019-07-04 21:31:13.520000+00:00,35.64735779518505,-117.53651072221204,4.570105430000001,2.45,584,14244.48,237.408,3.9568,451.43097708238787,3944.9689570022315,237.408,7,210-240 min,210.0,240.0
2019-07-04 21:31:51.360000+00:00,35.73491479518505,-117.53439303746164,6.61690937,1.49,585,14282.32,238.03866666666667,3.967311111111111,451.6755313604637,3954.6788998351126,238.03866666666667,7,210-240 min,210.0,240.0
2019-07-04 21:32:10.720000+00:00,35.62096979518505,-117.59100882426434,9.34598129,1.54,586,14301.68,238.36133333333333,3.972688888888889,446.47975227839885,3942.0705624418056,238.36133333333333,7,210-240 min,210.0,240.0
2019-07-04 21:32:46+00:00,35.72787879518505,-117.55906652896464,6.84917081,2.94,587,14336.96,238.94933333333333,3.9824888888888887,449.4398704282123,3953.9109625910255,238.94933333333333,7,210-240 min,210.0,240.0
2019-07-04 21:33:33.940000+00:00,35.61196479518505,-117.57798717714851,9.09920351,3.21,588,14384.9,239.74833333333333,3.9958055555555556,447.65310498990254,3941.0648170732966,239.74833333333333,7,210-240 min,210.0,240.0
