event_id,time,burst_id
29,2025-06-02 03:47:03.300000+00:00,B01
32,2025-06-02 04:46:16.890000+00:00,B01
34,2025-06-02 05:54:22.330000+00:00,B01
53,2025-06-02 15:28:37.320000+00:00,B01
80,2025-06-03 14:08:31.260000+00:00,B01
81,2025-06-03 15:58:03.730000+00:00,B01
88,2025-06-03 20:50:13.380000+00:00,B01
92,2025-06-04 01:17:45.750000+00:00,B01
96,2025-06-04 03:49:05.910000+00:00,B01
99,2025-06-04 06:15:35.710000+00:00,B01
115,2025-06-04 19:13:21.640000+00:00,B01
390,2025-06-15 08:42:27+00:00,B02
394,2025-06-15 11:23:06.790000+00:00,B02
396,2025-06-15 14:50:38.770000+00:00,B02
403,2025-06-15 19:48:26.760000+00:00,B02
404,2025-06-15 19:59:30.060000+00:00,B02
406,2025-06-15 20:19:04.980000+00:00,B02
424,2025-06-16 09:56:53.660000+00:00,B02
430,2025-06-16 13:59:59.750000+00:00,B02
432,2025-06-16 17:09:15.960000+00:00,B02
436,2025-06-16 20:12:45.920000+00:00,B02
438,2025-06-16 23:12:16.400000+00:00,B02
444,2025-06-17 06:31:06.940000+00:00,B02
452,2025-06-17 19:10:11.060000+00:00,B02
455,2025-06-17 22:23:07.880000+00:00,B02
466,2025-06-18 11:47:22.250000+00:00,B02
469,2025-06-18 13:50:07.350000+00:00,B02
470,2025-06-18 13:51:58.480000+00:00,B02
472,2025-06-18 15:03:07.780000+00:00,B02
473,2025-06-18 15:04:58.960000+00:00,B02
474,2025-06-18 15:07:37.670000+00:00,B02
488,2025-06-18 22:16:22.800000+00:00,B02
489,2025-06-18 22:27:44.560000+00:00,B02
506,2025-06-19 18:48:24.080000+00:00,B02
507,2025-06-19 19:06:38.480000+00:00,B02
512,2025-06-20 01:48:39.620000+00:00,B02
635,2025-06-24 14:30:49.520000+00:00,B03
650,2025-06-25 05:12:24.050000+00:00,B03
653,2025-06-25 09:00:13.300000+00:00,B03
658,2025-06-25 14:06:22.180000+00:00,B03
659,2025-06-25 16:34:33.770000+00:00,B03
666,2025-06-25 20:39:37.160000+00:00,B03
667,2025-06-25 20:46:34.020000+00:00,B03
669,2025-06-25 23:08:30.640000+00:00,B03
670,2025-06-25 23:25:56.720000+00:00,B03
673,2025-06-26 03:08:56.090000+00:00,B03
678,2025-06-26 08:57:01.880000+00:00,B03
681,2025-06-26 10:42:43.740000+00:00,B03
682,2025-06-26 10:46:15.270000+00:00,B03
683,2025-06-26 10:48:21.730000+00:00,B03
684,2025-06-26 11:07:05.220000+00:00,B03
685,2025-06-26 11:18:20.730000+00:00,B03
686,2025-06-26 11:25:18.570000+00:00,B03
687,2025-06-26 11:26:49.500000+00:00,B03
688,2025-06-26 11:32:43.200000+00:00,B03
696,2025-06-26 18:55:02.820000+00:00,B03
700,2025-06-26 22:53:53.440000+00:00,B03
702,2025-06-27 00:34:52.250000+00:00,B03
705,2025-06-27 06:17:04.570000+00:00,B03
708,2025-06-27 08:31:21.810000+00:00,B03
710,2025-06-27 10:12:56.970000+00:00,B03
711,2025-06-27 10:21:23.590000+00:00,B03
718,2025-06-27 13:23:52.660000+00:00,B03
720,2025-06-27 13:31:48.200000+00:00,B03
727,2025-06-27 21:33:24.120000+00:00,B03
728,2025-06-27 21:42:26.440000+00:00,B03
729,2025-06-27 22:01:13.720000+00:00,B03
731,2025-06-27 22:58:40.740000+00:00,B03
732,2025-06-27 23:07:39.720000+00:00,B03
733,2025-06-27 23:13:35.400000+00:00,B03
735,2025-06-28 01:50:57.710000+00:00,B03
736,2025-06-28 03:36:48.910000+00:00,B03
742,2025-06-28 09:03:32.420000+00:00,B03
1016,2025-07-06 12:47:37.020000+00:00,B04
1021,2025-07-06 14:05:01.600000+00:00,B04
1022,2025-07-06 14:14:24.120000+00:00,B04
1023,2025-07-06 14:16:35.140000+00:00,B04
1028,2025-07-06 17:07:40.400000+00:00,B04
1030,2025-07-06 18:11:16.760000+00:00,B04
1034,2025-07-06 20:19:23.520000+00:00,B04
1036,2025-07-06 20:22:52.280000+00:00,B04
1037,2025-07-06 20:27:01.640000+00:00,B04
1038,2025-07-06 21:45:40.780000+00:00,B04
1041,2025-07-07 01:12:59.980000+00:00,B04
1051,2025-07-07 09:30:33.020000+00:00,B04
1057,2025-07-07 12:52:27.830000+00:00,B04
1059,2025-07-07 14:39:35.600000+00:00,B04
1070,2025-07-07 22:45:55.940000+00:00,B04
1082,2025-07-08 04:05:15.560000+00:00,B04
1083,2025-07-08 04:25:25.510000+00:00,B04
1087,2025-07-08 06:35:57.630000+00:00,B04
1088,2025-07-08 06:42:44.110000+00:00,B04
1091,2025-07-08 08:06:49.090000+00:00,B04
1104,2025-07-08 13:04:28.040000+00:00,B04
1107,2025-07-08 14:35:01.750000+00:00,B04
1108,2025-07-08 15:26:45.790000+00:00,B04
1122,2025-07-09 01:26:45.450000+00:00,B04
1125,2025-07-09 04:54:40.110000+00:00,B04
1444,2025-07-20 01:04:09.630000+00:00,B05
1447,2025-07-20 02:36:26.010000+00:00,B05
1458,2025-07-20 15:02:01.670000+00:00,B05
1467,2025-07-21 01:13:22.330000+00:00,B05
1476,2025-07-21 09:38:36.010000+00:00,B05
1489,2025-07-21 20:56:32.480000+00:00,B05
1491,2025-07-21 22:00:45.620000+00:00,B05
1492,2025-07-21 22:11:00.320000+00:00,B05
1529,2025-07-23 02:52:41.260000+00:00,B05
1534,2025-07-23 07:55:57.090000+00:00,B05
1537,2025-07-23 08:23:38.150000+00:00,B05
1558,2025-07-24 00:18:09.350000+00:00,B05
1559,2025-07-24 00:33:15.230000+00:00,B05
1560,2025-07-24 00:43:55.640000+00:00,B05
1562,2025-07-24 01:14:33.330000+00:00,B05
1563,2025-07-24 01:21:42.370000+00:00,B05
1565,2025-07-24 02:07:26.570000+00:00,B05
1566,2025-07-24 04:27:41.540000+00:00,B05
1573,2025-07-24 07:27:24.470000+00:00,B05
1574,2025-07-24 08:22:40.670000+00:00,B05
1581,2025-07-24 13:20:46.890000+00:00,B05
1583,2025-07-24 13:27:51.490000+00:00,B05
1584,2025-07-24 13:45:29.040000+00:00,B05
1585,2025-07-24 13:53:57.850000+00:00,B05
1600,2025-07-24 19:41:26.640000+00:00,B05
1605,2025-07-25 04:14:43.230000+00:00,B05
1608,2025-07-25 07:43:00.920000+00:00,B05
1610,2025-07-25 09:51:50.950000+00:00,B05
1626,2025-07-25 15:12:30.580000+00:00,B05
1652,2025-07-26 11:01:15.330000+00:00,B05
1666,2025-07-26 15:58:49.890000+00:00,B05
1676,2025-07-26 19:57:39.280000+00:00,B05
1698,2025-07-27 08:21:01.890000+00:00,B05
1699,2025-07-27 08:21:21.180000+00:00,B05
1703,2025-07-27 08:56:40.480000+00:00,B05
1705,2025-07-27 10:43:36.020000+00:00,B05
1718,2025-07-27 22:22:08.600000+00:00,B05
1719,2025-07-27 22:31:02.040000+00:00,B05
1721,2025-07-27 23:09:06.840000+00:00,B05
1722,2025-07-27 23:40:09.680000+00:00,B05
1723,2025-07-27 23:53:02.440000+00:00,B05
1726,2025-07-28 00:49:15.740000+00:00,B05
1745,2025-07-28 14:34:01.780000+00:00,B05
1753,2025-07-28 23:34:12.500000+00:00,B05
1754,2025-07-29 00:39:19.830000+00:00,B05
1755,2025-07-29 00:43:10.850000+00:00,B05
1757,2025-07-29 03:48:51.910000+00:00,B05
1782,2025-07-30 01:34:35.540000+00:00,B05
1785,2025-07-30 07:04:00.990000+00:00,B05
1798,2025-07-30 18:09:36+00:00,B05
1803,2025-07-30 20:56:53.920000+00:00,B05
1820,2025-07-31 08:21:50.110000+00:00,B05
1830,2025-07-31 14:27:49.230000+00:00,B05
1844,2025-08-01 03:36:51.460000+00:00,B05
1845,2025-08-01 04:01:09+00:00,B05
1848,2025-08-01 09:39:21.710000+00:00,B05
1853,2025-08-01 12:52:06.490000+00:00,B05
1854,2025-08-01 15:21:12.670000+00:00,B05
1859,2025-08-01 17:33:35.540000+00:00,B05
1865,2025-08-01 23:03:32.340000+00:00,B05
1872,2025-08-02 03:17:06.760000+00:00,B05
1873,2025-08-02 04:53:39.860000+00:00,B05
1877,2025-08-02 07:38:54.960000+00:00,B05
1880,2025-08-02 09:03:29.090000+00:00,B05
1890,2025-08-02 13:58:21.680000+00:00,B05
1891,2025-08-02 14:03:22.300000+00:00,B05
1892,2025-08-02 14:35:05.110000+00:00,B05
1893,2025-08-02 14:39:14.290000+00:00,B05
1896,2025-08-02 16:12:10.950000+00:00,B05
1899,2025-08-02 17:24:56.660000+00:00,B05
1900,2025-08-02 18:03:02.160000+00:00,B05
1905,2025-08-02 21:56:58.680000+00:00,B05
1907,2025-08-02 22:25:33.420000+00:00,B05
1908,2025-08-02 23:58:06.720000+00:00,B05
1913,2025-08-03 03:48:14.770000+00:00,B05
2841,2025-08-31 06:56:05.660000+00:00,B06
2861,2025-08-31 20:43:23.400000+00:00,B06
2862,2025-08-31 20:47:40.480000+00:00,B06
2873,2025-09-01 01:34:31.830000+00:00,B06
2896,2025-09-01 19:48:31.520000+00:00,B06
2900,2025-09-01 23:36:52.660000+00:00,B06
2912,2025-09-02 17:39:34.340000+00:00,B06
2914,2025-09-02 19:30:59.900000+00:00,B06
3197,2025-09-13 05:11:52.530000+00:00,B07
3206,2025-09-13 13:38:59.820000+00:00,B07
3235,2025-09-14 22:45:05.480000+00:00,B07
3241,2025-09-15 02:42:18.920000+00:00,B07
3270,2025-09-16 03:18:28.250000+00:00,B07
3271,2025-09-16 03:20:04.030000+00:00,B07
3276,2025-09-16 04:52:20.600000+00:00,B07
3277,2025-09-16 06:16:55.350000+00:00,B07
3278,2025-09-16 08:02:00.830000+00:00,B07
3280,2025-09-16 10:13:01.210000+00:00,B07
3283,2025-09-16 12:41:49.820000+00:00,B07
3296,2025-09-17 08:56:52.730000+00:00,B07
3795,2025-10-09 03:23:23.530000+00:00,B08
3796,2025-10-09 05:40:33.110000+00:00,B08
3808,2025-10-09 22:13:59.260000+00:00,B08
3809,2025-10-09 22:55:20.400000+00:00,B08
3810,2025-10-10 00:37:19.050000+00:00,B08
3832,2025-10-10 14:08:33.570000+00:00,B08
3833,2025-10-10 14:34:33.980000+00:00,B08
3841,2025-10-10 22:45:16.640000+00:00,B08
3842,2025-10-10 22:49:55.480000+00:00,B08
3843,2025-10-10 23:54:48.040000+00:00,B08
3848,2025-10-11 03:30:13.490000+00:00,B08
3852,2025-10-11 08:51:15.020000+00:00,B08
4256,2025-10-30 15:22:53.760000+00:00,B09
4275,2025-10-31 07:50:23.830000+00:00,B09
4284,2025-10-31 15:26:18.240000+00:00,B09
4286,2025-10-31 18:23:23.960000+00:00,B09
4290,2025-11-01 01:29:28.640000+00:00,B09
4291,2025-11-01 02:45:26.890000+00:00,B09
4297,2025-11-01 07:34:32.810000+00:00,B09
4303,2025-11-01 16:37:34.250000+00:00,B09
4306,2025-11-02 00:37:57+00:00,B09
4307,2025-11-02 01:49:00.110000+00:00,B09
4318,2025-11-02 09:50:02.190000+00:00,B09
4319,2025-11-02 09:57:55.560000+00:00,B09
4320,2025-11-02 10:03:59.840000+00:00,B09
4321,2025-11-02 10:24:49.470000+00:00,B09
4322,2025-11-02 10:44:10.810000+00:00,B09
4323,2025-11-02 11:04:41.370000+00:00,B09
4325,2025-11-02 11:58:02.510000+00:00,B09
4337,2025-11-02 18:42:33.200000+00:00,B09
4339,2025-11-02 19:49:36.840000+00:00,B09
4342,2025-11-02 22:40:56.760000+00:00,B09
4343,2025-11-02 23:29:51.720000+00:00,B09
4344,2025-11-02 23:38:53.980000+00:00,B09
4347,2025-11-03 04:51:45.290000+00:00,B09
4355,2025-11-03 09:20:44.650000+00:00,B09
4356,2025-11-03 09:31:38.850000+00:00,B09
4358,2025-11-03 10:08:59.240000+00:00,B09
4360,2025-11-03 10:17:58.590000+00:00,B09
4363,2025-11-03 11:26:02.720000+00:00,B09
4368,2025-11-03 19:14:41.040000+00:00,B09
4369,2025-11-03 19:16:06.620000+00:00,B09
4370,2025-11-03 19:23:57.560000+00:00,B09
4371,2025-11-03 19:25:02.880000+00:00,B09
4372,2025-11-03 19:32:35.880000+00:00,B09
4373,2025-11-03 19:34:08.560000+00:00,B09
4374,2025-11-03 19:36:54.880000+00:00,B09
4375,2025-11-03 19:46:32.160000+00:00,B09
4376,2025-11-03 19:50:07.200000+00:00,B09
4377,2025-11-03 19:54:04.720000+00:00,B09
4378,2025-11-03 19:55:07.600000+00:00,B09
4379,2025-11-03 20:09:20.480000+00:00,B09
4381,2025-11-03 20:28:19.120000+00:00,B09
4382,2025-11-03 20:35:08.800000+00:00,B09
4383,2025-11-03 20:41:38.600000+00:00,B09
4384,2025-11-03 20:51:21+00:00,B09
4385,2025-11-03 20:56:11.280000+00:00,B09
4386,2025-11-03 20:58:41.880000+00:00,B09
4387,2025-11-03 21:00:16.040000+00:00,B09
4388,2025-11-03 21:05:34.700000+00:00,B09
4391,2025-11-03 21:37:06.840000+00:00,B09
4393,2025-11-03 22:14:52.200000+00:00,B09
4394,2025-11-03 22:28:14.640000+00:00,B09
4396,2025-11-03 22:35:22.560000+00:00,B09
4397,2025-11-03 22:36:46.420000+00:00,B09
4398,2025-11-03 22:41:26.240000+00:00,B09
4399,2025-11-03 22:43:42.400000+00:00,B09
4400,2025-11-03 22:44:13.960000+00:00,B09
4401,2025-11-03 23:01:15.440000+00:00,B09
4404,2025-11-03 23:28:46.060000+00:00,B09
4407,2025-11-03 23:50:49.460000+00:00,B09
4409,2025-11-04 00:16:07.470000+00:00,B09
4410,2025-11-04 00:35:21.560000+00:00,B09
4412,2025-11-04 01:00:47.170000+00:00,B09
4414,2025-11-04 02:17:06.650000+00:00,B09
4416,2025-11-04 02:59:24.360000+00:00,B09
4417,2025-11-04 04:26:10.500000+00:00,B09
4420,2025-11-04 06:01:28.960000+00:00,B09
4421,2025-11-04 06:27:36.500000+00:00,B09
4422,2025-11-04 06:41:07.840000+00:00,B09
4425,2025-11-04 08:05:55.770000+00:00,B09
4426,2025-11-04 08:16:28.920000+00:00,B09
4429,2025-11-04 08:58:49.560000+00:00,B09
4430,2025-11-04 09:00:42.940000+00:00,B09
4431,2025-11-04 09:01:23.680000+00:00,B09
4433,2025-11-04 09:21:26.060000+00:00,B09
4434,2025-11-04 10:16:58.380000+00:00,B09
4435,2025-11-04 10:36:23.700000+00:00,B09
4436,2025-11-04 11:13:29.120000+00:00,B09
4437,2025-11-04 12:03:48.450000+00:00,B09
4438,2025-11-04 12:46:42.700000+00:00,B09
4439,2025-11-04 13:19:54.630000+00:00,B09
4442,2025-11-04 17:14:29.840000+00:00,B09
4443,2025-11-04 17:15:46.880000+00:00,B09
4445,2025-11-04 21:02:22.200000+00:00,B09
4447,2025-11-04 21:06:00.600000+00:00,B09
4449,2025-11-04 23:27:27.120000+00:00,B09
4451,2025-11-05 02:02:25.370000+00:00,B09
4454,2025-11-05 03:30:34.810000+00:00,B09
4457,2025-11-05 05:09:41.130000+00:00,B09
4459,2025-11-05 05:31:59.830000+00:00,B09
4460,2025-11-05 05:57:14.570000+00:00,B09
4461,2025-11-05 05:58:37.590000+00:00,B09
4464,2025-11-05 08:17:31.510000+00:00,B09
4465,2025-11-05 08:18:50.550000+00:00,B09
4466,2025-11-05 08:29:36.610000+00:00,B09
4468,2025-11-05 10:05:40.450000+00:00,B09
4469,2025-11-05 10:29:40.540000+00:00,B09
4470,2025-11-05 10:35:54.900000+00:00,B09
4472,2025-11-05 10:59:46.950000+00:00,B09
4476,2025-11-05 12:08:06.460000+00:00,B09
4480,2025-11-05 12:47:55.060000+00:00,B09
4481,2025-11-05 13:06:39.600000+00:00,B09
4482,2025-11-05 13:29:22.360000+00:00,B09
4483,2025-11-05 13:46:06.270000+00:00,B09
4484,2025-11-05 13:52:11.890000+00:00,B09
4485,2025-11-05 14:00:13.450000+00:00,B09
4486,2025-11-05 14:22:09.910000+00:00,B09
4487,2025-11-05 14:30:33.160000+00:00,B09
4489,2025-11-05 14:39:30.470000+00:00,B09
4490,2025-11-05 14:42:01.600000+00:00,B09
4491,2025-11-05 14:58:27.890000+00:00,B09
4494,2025-11-05 15:22:22.210000+00:00,B09
4495,2025-11-05 15:24:48.250000+00:00,B09
4496,2025-11-05 16:29:20.140000+00:00,B09
4500,2025-11-05 18:41:18.760000+00:00,B09
4501,2025-11-05 18:44:47.360000+00:00,B09
4502,2025-11-05 18:54:36.400000+00:00,B09
4503,2025-11-05 19:00:33.760000+00:00,B09
4504,2025-11-05 19:01:22.960000+00:00,B09
4507,2025-11-05 20:59:48.920000+00:00,B09
4510,2025-11-05 23:57:31.400000+00:00,B09
4511,2025-11-06 00:16:48.960000+00:00,B09
4513,2025-11-06 01:49:43.570000+00:00,B09
4518,2025-11-06 03:43:24.990000+00:00,B09
4519,2025-11-06 03:48:44.450000+00:00,B09
4520,2025-11-06 04:04:05.610000+00:00,B09
4521,2025-11-06 04:47:08.550000+00:00,B09
4523,2025-11-06 06:25:50.250000+00:00,B09
4525,2025-11-06 07:39:41.450000+00:00,B09
4534,2025-11-06 10:41:06.630000+00:00,B09
4539,2025-11-06 12:28:30.690000+00:00,B09
4540,2025-11-06 13:25:41.550000+00:00,B09
4542,2025-11-06 13:54:13.570000+00:00,B09
4544,2025-11-06 14:29:34.370000+00:00,B09
4546,2025-11-06 15:23:11.140000+00:00,B09
4547,2025-11-06 15:26:41.480000+00:00,B09
4549,2025-11-06 21:46:36.440000+00:00,B09
4550,2025-11-06 21:47:16.080000+00:00,B09
4552,2025-11-06 21:53:47+00:00,B09
4555,2025-11-06 22:40:31.480000+00:00,B09
4556,2025-11-06 23:13:28.680000+00:00,B09
4557,2025-11-07 00:08:10.430000+00:00,B09
4559,2025-11-07 00:58:51.820000+00:00,B09
4560,2025-11-07 01:05:03.350000+00:00,B09
4561,2025-11-07 01:49:35.370000+00:00,B09
4562,2025-11-07 01:52:29.670000+00:00,B09
4563,2025-11-07 03:14:14.150000+00:00,B09
4564,2025-11-07 03:15:21.080000+00:00,B09
4566,2025-11-07 04:56:40.230000+00:00,B09
4568,2025-11-07 08:07:59.880000+00:00,B09
4569,2025-11-07 08:18:25.330000+00:00,B09
4571,2025-11-07 08:38:48.820000+00:00,B09
4572,2025-11-07 14:06:02.040000+00:00,B09
4573,2025-11-07 14:16:30.970000+00:00,B09
4574,2025-11-07 14:16:56.970000+00:00,B09
4575,2025-11-07 14:22:07.840000+00:00,B09
4576,2025-11-07 15:52:46.340000+00:00,B09
4578,2025-11-07 16:26:29.910000+00:00,B09
4580,2025-11-07 16:44:02+00:00,B09
4581,2025-11-07 17:49:40.980000+00:00,B09
4582,2025-11-07 18:41:53.840000+00:00,B09
4583,2025-11-07 19:15:07.720000+00:00,B09
4584,2025-11-07 19:28:15.240000+00:00,B09
4585,2025-11-07 20:13:27.800000+00:00,B09
4586,2025-11-07 20:44:49.480000+00:00,B09
4587,2025-11-07 20:53:45+00:00,B09
4588,2025-11-07 20:58:53.340000+00:00,B09
4590,2025-11-07 21:05:19.560000+00:00,B09
4591,2025-11-07 21:06:33.720000+00:00,B09
4592,2025-11-07 21:13:16.240000+00:00,B09
4593,2025-11-07 21:19:15.600000+00:00,B09
4594,2025-11-07 21:29:36.440000+00:00,B09
4595,2025-11-07 21:39:27.980000+00:00,B09
4596,2025-11-07 21:50:17.760000+00:00,B09
4597,2025-11-07 22:11:39.640000+00:00,B09
4598,2025-11-07 22:23:14.200000+00:00,B09
4599,2025-11-07 22:58:25.780000+00:00,B09
4601,2025-11-08 00:03:46.470000+00:00,B09
4602,2025-11-08 00:09:52.930000+00:00,B09
4604,2025-11-08 00:17:39.500000+00:00,B09
4605,2025-11-08 00:20:33.420000+00:00,B09
4606,2025-11-08 00:22:55.490000+00:00,B09
4607,2025-11-08 00:37:25.980000+00:00,B09
4608,2025-11-08 00:39:37.100000+00:00,B09
4609,2025-11-08 00:47:52.500000+00:00,B09
4610,2025-11-08 00:56:14.990000+00:00,B09
4611,2025-11-08 01:03:14.960000+00:00,B09
4612,2025-11-08 01:13:29.880000+00:00,B09
4613,2025-11-08 01:18:04.250000+00:00,B09
4614,2025-11-08 01:18:30.480000+00:00,B09
4615,2025-11-08 01:22:55.300000+00:00,B09
4616,2025-11-08 01:25:30.790000+00:00,B09
4617,2025-11-08 01:26:11.510000+00:00,B09
4618,2025-11-08 01:27:02.620000+00:00,B09
4619,2025-11-08 01:31:01.630000+00:00,B09
4620,2025-11-08 01:31:24.580000+00:00,B09
4621,2025-11-08 01:40:28.630000+00:00,B09
4622,2025-11-08 01:43:12.380000+00:00,B09
4623,2025-11-08 01:47:57.570000+00:00,B09
4624,2025-11-08 01:51:52.730000+00:00,B09
4625,2025-11-08 01:55:35.030000+00:00,B09
4626,2025-11-08 01:57:40.500000+00:00,B09
4627,2025-11-08 02:08:10.470000+00:00,B09
4628,2025-11-08 02:09:59.890000+00:00,B09
4629,2025-11-08 02:28:18.120000+00:00,B09
4630,2025-11-08 02:31:59.170000+00:00,B09
4631,2025-11-08 02:36:09.950000+00:00,B09
4632,2025-11-08 02:36:50.270000+00:00,B09
4633,2025-11-08 02:39:22.210000+00:00,B09
4634,2025-11-08 02:53:08.680000+00:00,B09
4636,2025-11-08 02:57:33.340000+00:00,B09
4637,2025-11-08 03:01:36.250000+00:00,B09
4639,2025-11-08 03:05:04.490000+00:00,B09
4640,2025-11-08 03:06:20.330000+00:00,B09
4641,2025-11-08 03:07:49.060000+00:00,B09
4642,2025-11-08 03:11:07.390000+00:00,B09
4643,2025-11-08 03:11:30.020000+00:00,B09
4644,2025-11-08 03:13:38.720000+00:00,B09
4645,2025-11-08 03:14:18.910000+00:00,B09
4646,2025-11-08 03:22:49.430000+00:00,B09
4647,2025-11-08 03:27:07.140000+00:00,B09
4648,2025-11-08 03:31:07.480000+00:00,B09
4649,2025-11-08 03:35:57.180000+00:00,B09
4650,2025-11-08 03:42:07.070000+00:00,B09
4651,2025-11-08 03:45:09.090000+00:00,B09
4652,2025-11-08 03:49:09.830000+00:00,B09
4653,2025-11-08 04:04:36.900000+00:00,B09
4654,2025-11-08 04:17:17.950000+00:00,B09
4656,2025-11-08 04:23:55.520000+00:00,B09
4657,2025-11-08 04:37:09.230000+00:00,B09
4658,2025-11-08 04:54:50.520000+00:00,B09
4659,2025-11-08 05:51:55.160000+00:00,B09
4660,2025-11-08 06:01:34.030000+00:00,B09
4662,2025-11-08 06:29:52.060000+00:00,B09
4663,2025-11-08 06:40:37.940000+00:00,B09
4664,2025-11-08 07:00:22.310000+00:00,B09
4665,2025-11-08 07:14:35.570000+00:00,B09
4666,2025-11-08 07:51:37.760000+00:00,B09
4667,2025-11-08 07:52:53.080000+00:00,B09
4669,2025-11-08 08:13:17.480000+00:00,B09
4670,2025-11-08 08:59:00.220000+00:00,B09
4674,2025-11-08 09:48:04.580000+00:00,B09
4675,2025-11-08 09:52:54.130000+00:00,B09
4676,2025-11-08 09:57:59.290000+00:00,B09
4677,2025-11-08 10:04:39.950000+00:00,B09
4678,2025-11-08 10:32:28.440000+00:00,B09
4679,2025-11-08 10:37:14.890000+00:00,B09
4680,2025-11-08 10:41:18.200000+00:00,B09
4682,2025-11-08 10:45:56.700000+00:00,B09
4683,2025-11-08 10:54:17.830000+00:00,B09
4684,2025-11-08 11:00:56.650000+00:00,B09
4685,2025-11-08 11:02:00.990000+00:00,B09
4686,2025-11-08 11:14:37.870000+00:00,B09
4687,2025-11-08 11:18:42.360000+00:00,B09
4688,2025-11-08 11:23:51.330000+00:00,B09
4689,2025-11-08 11:31:42.110000+00:00,B09
4690,2025-11-08 11:35:41.250000+00:00,B09
4691,2025-11-08 12:05:46.220000+00:00,B09
4694,2025-11-08 12:32:00.820000+00:00,B09
4695,2025-11-08 12:41:23.840000+00:00,B09
4696,2025-11-08 12:44:08.450000+00:00,B09
4697,2025-11-08 12:47:12.560000+00:00,B09
4699,2025-11-08 13:10:15.230000+00:00,B09
4700,2025-11-08 13:13:16.350000+00:00,B09
4701,2025-11-08 13:36:28.860000+00:00,B09
4702,2025-11-08 13:42:45.440000+00:00,B09
4703,2025-11-08 14:02:14.530000+00:00,B09
4704,2025-11-08 14:03:31.610000+00:00,B09
4705,2025-11-08 14:12:04.220000+00:00,B09
4706,2025-11-08 15:25:15.900000+00:00,B09
4707,2025-11-08 15:25:54.960000+00:00,B09
4708,2025-11-08 15:46:32.020000+00:00,B09
4710,2025-11-08 15:58:37.220000+00:00,B09
4711,2025-11-08 16:10:05.880000+00:00,B09
4712,2025-11-08 16:18:11.590000+00:00,B09
4714,2025-11-08 16:40:04.440000+00:00,B09
4716,2025-11-08 16:43:28.510000+00:00,B09
4717,2025-11-08 16:45:00.450000+00:00,B09
4718,2025-11-08 16:46:38.880000+00:00,B09
4719,2025-11-08 16:50:17.820000+00:00,B09
4720,2025-11-08 16:50:57.410000+00:00,B09
4721,2025-11-08 17:00:26.080000+00:00,B09
4722,2025-11-08 17:07:43.960000+00:00,B09
4723,2025-11-08 17:08:57.120000+00:00,B09
4725,2025-11-08 17:13:38.760000+00:00,B09
4726,2025-11-08 17:15:41+00:00,B09
4727,2025-11-08 17:16:37.780000+00:00,B09
4728,2025-11-08 17:24:24.840000+00:00,B09
4730,2025-11-08 17:46:52.720000+00:00,B09
4731,2025-11-08 17:49:36.480000+00:00,B09
4732,2025-11-08 18:06:22.800000+00:00,B09
4733,2025-11-08 18:23:20.080000+00:00,B09
4734,2025-11-08 18:34:15.600000+00:00,B09
4735,2025-11-08 18:39:24.040000+00:00,B09
4736,2025-11-08 18:59:41.680000+00:00,B09
4738,2025-11-08 19:24:17.600000+00:00,B09
4739,2025-11-08 19:36:46.560000+00:00,B09
4740,2025-11-08 19:41:54.720000+00:00,B09
4741,2025-11-08 19:53:40.560000+00:00,B09
4742,2025-11-08 19:56:31.320000+00:00,B09
4743,2025-11-08 20:29:16.200000+00:00,B09
4744,2025-11-08 20:34:20.640000+00:00,B09
4745,2025-11-08 20:34:56.040000+00:00,B09
4746,2025-11-08 20:39:51.480000+00:00,B09
4747,2025-11-08 20:41:23.580000+00:00,B09
4748,2025-11-08 20:42:26.420000+00:00,B09
4749,2025-11-08 20:49:51.960000+00:00,B09
4750,2025-11-08 20:51:38.340000+00:00,B09
4751,2025-11-08 20:53:33.320000+00:00,B09
4752,2025-11-08 20:54:47.640000+00:00,B09
4753,2025-11-08 20:56:56.400000+00:00,B09
4754,2025-11-08 21:02:05.480000+00:00,B09
4755,2025-11-08 21:04:18.600000+00:00,B09
4756,2025-11-08 21:10:29.420000+00:00,B09
4757,2025-11-08 21:11:09.360000+00:00,B09
4758,2025-11-08 21:13:24.480000+00:00,B09
4759,2025-11-08 21:16:33.780000+00:00,B09
4760,2025-11-08 21:18:00.320000+00:00,B09
4761,2025-11-08 21:18:21.520000+00:00,B09
4762,2025-11-08 21:21:01.280000+00:00,B09
4763,2025-11-08 21:22:50.420000+00:00,B09
4764,2025-11-08 21:23:46.080000+00:00,B09
4765,2025-11-08 21:25:16.920000+00:00,B09
4766,2025-11-08 21:29:07.740000+00:00,B09
4767,2025-11-08 21:31:10.400000+00:00,B09
4768,2025-11-08 21:32:31.960000+00:00,B09
4769,2025-11-08 21:35:33.560000+00:00,B09
4770,2025-11-08 21:35:52.800000+00:00,B09
4771,2025-11-08 21:43:14.320000+00:00,B09
4772,2025-11-08 21:46:51.280000+00:00,B09
4773,2025-11-08 21:47:35+00:00,B09
4774,2025-11-08 21:56:42.360000+00:00,B09
4775,2025-11-08 21:57:25.400000+00:00,B09
4776,2025-11-08 22:00:00.640000+00:00,B09
4777,2025-11-08 22:01:28.960000+00:00,B09
4778,2025-11-08 22:02:57.660000+00:00,B09
4779,2025-11-08 22:03:39.160000+00:00,B09
4780,2025-11-08 22:09:08.760000+00:00,B09
4781,2025-11-08 22:12:53.200000+00:00,B09
4782,2025-11-08 22:15:08.840000+00:00,B09
4783,2025-11-08 22:19:12.780000+00:00,B09
4784,2025-11-08 22:20:25.360000+00:00,B09
4785,2025-11-08 22:22:19.880000+00:00,B09
4786,2025-11-08 22:24:01.080000+00:00,B09
4787,2025-11-08 22:25:37.840000+00:00,B09
4788,2025-11-08 22:26:26.480000+00:00,B09
4789,2025-11-08 22:27:00.680000+00:00,B09
4790,2025-11-08 22:30:31.280000+00:00,B09
4791,2025-11-08 22:31:56.720000+00:00,B09
4792,2025-11-08 22:33:46.840000+00:00,B09
4793,2025-11-08 22:34:36.840000+00:00,B09
4794,2025-11-08 22:35:36.400000+00:00,B09
4795,2025-11-08 22:40:15.240000+00:00,B09
4796,2025-11-08 22:41:58.980000+00:00,B09
4797,2025-11-08 22:43:10.100000+00:00,B09
4798,2025-11-08 22:43:23.760000+00:00,B09
4799,2025-11-08 22:44:08.320000+00:00,B09
4800,2025-11-08 22:44:43.220000+00:00,B09
4801,2025-11-08 22:46:13.720000+00:00,B09
4802,2025-11-08 22:46:31.580000+00:00,B09
4803,2025-11-08 22:48:55.640000+00:00,B09
4804,2025-11-08 22:51:10.860000+00:00,B09
4805,2025-11-08 22:52:44+00:00,B09
4806,2025-11-08 22:54:27.840000+00:00,B09
4807,2025-11-08 22:55:01.800000+00:00,B09
4808,2025-11-08 22:56:58.760000+00:00,B09
4809,2025-11-08 22:57:23.440000+00:00,B09
4810,2025-11-08 23:04:40.200000+00:00,B09
4811,2025-11-08 23:05:13.720000+00:00,B09
4812,2025-11-08 23:08:29.880000+00:00,B09
4813,2025-11-08 23:08:51.680000+00:00,B09
4814,2025-11-08 23:13:05.460000+00:00,B09
4815,2025-11-08 23:15:11.900000+00:00,B09
4816,2025-11-08 23:16:49.480000+00:00,B09
4817,2025-11-08 23:20:32.940000+00:00,B09
4818,2025-11-08 23:22:21.700000+00:00,B09
4819,2025-11-08 23:25:25.560000+00:00,B09
4820,2025-11-08 23:29:35.240000+00:00,B09
4821,2025-11-08 23:30:32.280000+00:00,B09
4822,2025-11-08 23:34:37.080000+00:00,B09
4823,2025-11-08 23:36:23.720000+00:00,B09
4824,2025-11-08 23:41:25.760000+00:00,B09
4825,2025-11-08 23:43:18.680000+00:00,B09
4826,2025-11-08 23:46:30.760000+00:00,B09
4827,2025-11-08 23:47:31.560000+00:00,B09
4828,2025-11-08 23:49:24.280000+00:00,B09
4829,2025-11-08 23:50:20.240000+00:00,B09
4830,2025-11-08 23:52:58.760000+00:00,B09
4831,2025-11-08 23:54:21+00:00,B09
4832,2025-11-08 23:55:58.340000+00:00,B09
4833,2025-11-09 00:03:39.320000+00:00,B09
4834,2025-11-09 00:04:50.740000+00:00,B09
4835,2025-11-09 00:07:16.330000+00:00,B09
4836,2025-11-09 00:09:36.760000+00:00,B09
4837,2025-11-09 00:12:39.010000+00:00,B09
4840,2025-11-09 00:17:31.410000+00:00,B09
4841,2025-11-09 00:24:31.620000+00:00,B09
4842,2025-11-09 00:25:10.960000+00:00,B09
4843,2025-11-09 00:27:12.800000+00:00,B09
4844,2025-11-09 00:27:29.760000+00:00,B09
4845,2025-11-09 00:31:48.480000+00:00,B09
4846,2025-11-09 00:31:59.100000+00:00,B09
4847,2025-11-09 00:33:04.800000+00:00,B09
4848,2025-11-09 00:33:48.390000+00:00,B09
4849,2025-11-09 00:36:13.490000+00:00,B09
4850,2025-11-09 00:38:28.280000+00:00,B09
4851,2025-11-09 00:39:27.480000+00:00,B09
4852,2025-11-09 00:41:52.320000+00:00,B09
4853,2025-11-09 00:46:24.620000+00:00,B09
4854,2025-11-09 00:48:33.660000+00:00,B09
4855,2025-11-09 00:52:28.870000+00:00,B09
4856,2025-11-09 00:55:09.740000+00:00,B09
4857,2025-11-09 00:57:29.920000+00:00,B09
4858,2025-11-09 00:58:14.150000+00:00,B09
4859,2025-11-09 01:02:03.260000+00:00,B09
4860,2025-11-09 01:02:42.580000+00:00,B09
4861,2025-11-09 01:03:49.270000+00:00,B09
4862,2025-11-09 01:05:23.740000+00:00,B09
4863,2025-11-09 01:12:21.430000+00:00,B09
4864,2025-11-09 01:13:21.970000+00:00,B09
4865,2025-11-09 01:15:01.330000+00:00,B09
4866,2025-11-09 01:15:31.080000+00:00,B09
4867,2025-11-09 01:17:38.180000+00:00,B09
4868,2025-11-09 01:18:46.540000+00:00,B09
4869,2025-11-09 01:19:25.990000+00:00,B09
4870,2025-11-09 01:21:46.620000+00:00,B09
4871,2025-11-09 01:23:31.150000+00:00,B09
4872,2025-11-09 01:28:20.590000+00:00,B09
4873,2025-11-09 01:35:06.800000+00:00,B09
4874,2025-11-09 01:37:16.660000+00:00,B09
4875,2025-11-09 01:40:18.200000+00:00,B09
4876,2025-11-09 01:41:09.570000+00:00,B09
4877,2025-11-09 01:42:11.260000+00:00,B09
4879,2025-11-09 01:45:27.140000+00:00,B09
4880,2025-11-09 01:48:46.590000+00:00,B09
4881,2025-11-09 01:50:35.080000+00:00,B09
4882,2025-11-09 01:51:50.360000+00:00,B09
4883,2025-11-09 01:52:23.340000+00:00,B09
4884,2025-11-09 01:53:36.100000+00:00,B09
4885,2025-11-09 01:58:00.180000+00:00,B09
4886,2025-11-09 02:00:27.450000+00:00,B09
4887,2025-11-09 02:01:56.010000+00:00,B09
4888,2025-11-09 02:03:53.300000+00:00,B09
4889,2025-11-09 02:05:05.090000+00:00,B09
4890,2025-11-09 02:06:21.090000+00:00,B09
4891,2025-11-09 02:10:33.220000+00:00,B09
4892,2025-11-09 02:11:44.950000+00:00,B09
4893,2025-11-09 02:15:57.620000+00:00,B09
4894,2025-11-09 02:17:47.390000+00:00,B09
4895,2025-11-09 02:19:54.970000+00:00,B09
4896,2025-11-09 02:21:40.220000+00:00,B09
4897,2025-11-09 02:25:51.910000+00:00,B09
4898,2025-11-09 02:30:00.980000+00:00,B09
4899,2025-11-09 02:30:20.780000+00:00,B09
4900,2025-11-09 02:31:45.160000+00:00,B09
4901,2025-11-09 02:32:38.600000+00:00,B09
4902,2025-11-09 02:39:25.060000+00:00,B09
4903,2025-11-09 02:40:00.230000+00:00,B09
4904,2025-11-09 02:43:45.520000+00:00,B09
4905,2025-11-09 02:48:09.980000+00:00,B09
4906,2025-11-09 02:52:46.430000+00:00,B09
4907,2025-11-09 02:53:19.860000+00:00,B09
4908,2025-11-09 02:55:44.620000+00:00,B09
4909,2025-11-09 02:56:19.030000+00:00,B09
4910,2025-11-09 03:05:56.350000+00:00,B09
4911,2025-11-09 03:08:31.210000+00:00,B09
4912,2025-11-09 03:09:16.990000+00:00,B09
4913,2025-11-09 03:10:24.750000+00:00,B09
4914,2025-11-09 03:15:01.840000+00:00,B09
4915,2025-11-09 03:17:35.140000+00:00,B09
4916,2025-11-09 03:19:48.990000+00:00,B09
4917,2025-11-09 03:22:51.310000+00:00,B09
4918,2025-11-09 03:26:20.640000+00:00,B09
4919,2025-11-09 03:28:11.650000+00:00,B09
4920,2025-11-09 03:32:34.280000+00:00,B09
4921,2025-11-09 03:33:42.050000+00:00,B09
4922,2025-11-09 03:45:55.850000+00:00,B09
4923,2025-11-09 03:47:25.660000+00:00,B09
4924,2025-11-09 03:50:29.080000+00:00,B09
4925,2025-11-09 03:52:11.840000+00:00,B09
4926,2025-11-09 03:53:38.020000+00:00,B09
4928,2025-11-09 03:55:54.400000+00:00,B09
4929,2025-11-09 03:58:01.490000+00:00,B09
4930,2025-11-09 04:00:38.430000+00:00,B09
4931,2025-11-09 04:04:29.150000+00:00,B09
4932,2025-11-09 04:05:40.570000+00:00,B09
4933,2025-11-09 04:05:57.530000+00:00,B09
4934,2025-11-09 04:12:56.770000+00:00,B09
4935,2025-11-09 04:22:35.580000+00:00,B09
4936,2025-11-09 04:24:15.640000+00:00,B09
4937,2025-11-09 04:28:21.480000+00:00,B09
4938,2025-11-09 04:30:47.380000+00:00,B09
4939,2025-11-09 04:31:23.760000+00:00,B09
4940,2025-11-09 04:32:17.790000+00:00,B09
4941,2025-11-09 04:33:16.900000+00:00,B09
4942,2025-11-09 04:34:45.530000+00:00,B09
4943,2025-11-09 04:35:12.580000+00:00,B09
4944,2025-11-09 04:37:08.730000+00:00,B09
4945,2025-11-09 04:38:41.310000+00:00,B09
4946,2025-11-09 04:40:24.890000+00:00,B09
4947,2025-11-09 04:41:11.860000+00:00,B09
4948,2025-11-09 04:45:19.620000+00:00,B09
4949,2025-11-09 04:47:18.050000+00:00,B09
4950,2025-11-09 04:59:13.650000+00:00,B09
4951,2025-11-09 05:08:25.320000+00:00,B09
4952,2025-11-09 05:09:23.060000+00:00,B09
4953,2025-11-09 05:15:30.770000+00:00,B09
4954,2025-11-09 05:20:19.110000+00:00,B09
4955,2025-11-09 05:25:31.070000+00:00,B09
4956,2025-11-09 05:25:54.460000+00:00,B09
4957,2025-11-09 05:31:31.800000+00:00,B09
4959,2025-11-09 05:34:23.980000+00:00,B09
4960,2025-11-09 05:35:01.150000+00:00,B09
4961,2025-11-09 05:41:22.830000+00:00,B09
4963,2025-11-09 05:49:10.260000+00:00,B09
4964,2025-11-09 05:50:21.360000+00:00,B09
4965,2025-11-09 05:50:45.550000+00:00,B09
4966,2025-11-09 05:51:29.270000+00:00,B09
4967,2025-11-09 05:54:17.580000+00:00,B09
4968,2025-11-09 05:55:21.790000+00:00,B09
4969,2025-11-09 05:59:24.850000+00:00,B09
4970,2025-11-09 06:01:20.710000+00:00,B09
4971,2025-11-09 06:02:28.860000+00:00,B09
4972,2025-11-09 06:08:17.590000+00:00,B09
4974,2025-11-09 06:15:48.250000+00:00,B09
4975,2025-11-09 06:18:11.830000+00:00,B09
4976,2025-11-09 06:19:24.740000+00:00,B09
4977,2025-11-09 06:20:33.150000+00:00,B09
4978,2025-11-09 06:21:01.620000+00:00,B09
4979,2025-11-09 06:23:57.750000+00:00,B09
4980,2025-11-09 06:30:12.560000+00:00,B09
4981,2025-11-09 06:34:51.820000+00:00,B09
4982,2025-11-09 06:36:10.580000+00:00,B09
4983,2025-11-09 06:39:26.740000+00:00,B09
4984,2025-11-09 06:40:23.700000+00:00,B09
4985,2025-11-09 06:44:49.550000+00:00,B09
4986,2025-11-09 06:52:16.410000+00:00,B09
4987,2025-11-09 06:59:56.060000+00:00,B09
4988,2025-11-09 07:11:17.980000+00:00,B09
4989,2025-11-09 07:20:01.030000+00:00,B09
4990,2025-11-09 07:21:41.860000+00:00,B09
4991,2025-11-09 07:22:03.940000+00:00,B09
4992,2025-11-09 07:25:40.900000+00:00,B09
4993,2025-11-09 07:32:20.020000+00:00,B09
4994,2025-11-09 07:34:35.290000+00:00,B09
4995,2025-11-09 07:35:26.070000+00:00,B09
4996,2025-11-09 07:36:20.930000+00:00,B09
4997,2025-11-09 07:38:28.820000+00:00,B09
4998,2025-11-09 07:40:29.780000+00:00,B09
4999,2025-11-09 07:43:38.520000+00:00,B09
5000,2025-11-09 07:47:28.840000+00:00,B09
5001,2025-11-09 07:51:21.740000+00:00,B09
5002,2025-11-09 07:52:08.070000+00:00,B09
5003,2025-11-09 07:56:33.700000+00:00,B09
5004,2025-11-09 07:57:06.410000+00:00,B09
5005,2025-11-09 07:57:25.740000+00:00,B09
5006,2025-11-09 07:59:47.330000+00:00,B09
5007,2025-11-09 08:03:39.240000+00:00,B09
5008,2025-11-09 08:06:34.230000+00:00,B09
5009,2025-11-09 08:07:55.290000+00:00,B09
5010,2025-11-09 08:09:11.810000+00:00,B09
5011,2025-11-09 08:09:47.420000+00:00,B09
5012,2025-11-09 08:10:50.740000+00:00,B09
5013,2025-11-09 08:11:26.280000+00:00,B09
5014,2025-11-09 08:12:00.100000+00:00,B09
5015,2025-11-09 08:14:33.020000+00:00,B09
5016,2025-11-09 08:14:52.570000+00:00,B09
5017,2025-11-09 08:17:24.570000+00:00,B09
5018,2025-11-09 08:17:41.330000+00:00,B09
5019,2025-11-09 08:19:57.250000+00:00,B09
5020,2025-11-09 08:20:31.580000+00:00,B09
5021,2025-11-09 08:21:06.560000+00:00,B09
5022,2025-11-09 08:22:10.640000+00:00,B09
5023,2025-11-09 08:23:44.550000+00:00,B09
5024,2025-11-09 08:25:24.910000+00:00,B09
5025,2025-11-09 08:25:33.870000+00:00,B09
5026,2025-11-09 08:26:06.830000+00:00,B09
5027,2025-11-09 08:26:47.080000+00:00,B09
5028,2025-11-09 08:27:10.430000+00:00,B09
5029,2025-11-09 08:29:16.130000+00:00,B09
5030,2025-11-09 08:29:52.830000+00:00,B09
5031,2025-11-09 08:30:24.630000+00:00,B09
5032,2025-11-09 08:31:03.180000+00:00,B09
5033,2025-11-09 08:32:40.550000+00:00,B09
5034,2025-11-09 08:34:03.560000+00:00,B09
5035,2025-11-09 08:35:19.340000+00:00,B09
5036,2025-11-09 08:37:52.540000+00:00,B09
5037,2025-11-09 08:38:06.690000+00:00,B09
5038,2025-11-09 08:38:35.050000+00:00,B09
5039,2025-11-09 08:40:12.130000+00:00,B09
5040,2025-11-09 08:40:49.830000+00:00,B09
5041,2025-11-09 08:41:33.150000+00:00,B09
5042,2025-11-09 08:42:34.120000+00:00,B09
5043,2025-11-09 08:44:49.940000+00:00,B09
5044,2025-11-09 08:45:27.960000+00:00,B09
5046,2025-11-09 08:47:09.980000+00:00,B09
5047,2025-11-09 08:48:12+00:00,B09
5048,2025-11-09 08:49:52.390000+00:00,B09
5049,2025-11-09 08:54:22.190000+00:00,B09
5050,2025-11-09 08:54:38.490000+00:00,B09
5051,2025-11-09 08:59:23.020000+00:00,B09
5052,2025-11-09 09:00:19.900000+00:00,B09
5053,2025-11-09 09:00:58.190000+00:00,B09
5054,2025-11-09 09:01:31.300000+00:00,B09
5055,2025-11-09 09:02:07.080000+00:00,B09
5056,2025-11-09 09:04:37.670000+00:00,B09
5057,2025-11-09 09:04:58.930000+00:00,B09
5058,2025-11-09 09:05:18.710000+00:00,B09
5059,2025-11-09 09:06:07.090000+00:00,B09
5060,2025-11-09 09:10:49.640000+00:00,B09
5061,2025-11-09 09:13:01.140000+00:00,B09
5062,2025-11-09 09:13:45.390000+00:00,B09
5063,2025-11-09 09:14:56.310000+00:00,B09
5064,2025-11-09 09:15:23.860000+00:00,B09
5065,2025-11-09 09:16:59.470000+00:00,B09
5066,2025-11-09 09:18:57.990000+00:00,B09
5067,2025-11-09 09:20:15.750000+00:00,B09
5068,2025-11-09 09:21:35.680000+00:00,B09
5069,2025-11-09 09:24:04.050000+00:00,B09
5070,2025-11-09 09:26:21.510000+00:00,B09
5071,2025-11-09 09:27:07.280000+00:00,B09
5072,2025-11-09 09:27:40.140000+00:00,B09
5073,2025-11-09 09:28:24.900000+00:00,B09
5074,2025-11-09 09:31:14.900000+00:00,B09
5075,2025-11-09 09:32:05.190000+00:00,B09
5076,2025-11-09 09:33:45.080000+00:00,B09
5077,2025-11-09 09:34:16.490000+00:00,B09
5078,2025-11-09 09:35:17.790000+00:00,B09
5079,2025-11-09 09:35:47.600000+00:00,B09
5080,2025-11-09 09:37:51.040000+00:00,B09
5081,2025-11-09 09:39:11.660000+00:00,B09
5082,2025-11-09 09:39:20.950000+00:00,B09
5083,2025-11-09 09:40:26.130000+00:00,B09
5084,2025-11-09 09:40:48.960000+00:00,B09
5085,2025-11-09 09:42:21.220000+00:00,B09
5086,2025-11-09 09:43:22.180000+00:00,B09
5087,2025-11-09 09:44:30.620000+00:00,B09
5088,2025-11-09 09:45:21.450000+00:00,B09
5089,2025-11-09 09:45:58.680000+00:00,B09
5090,2025-11-09 09:48:25.080000+00:00,B09
5091,2025-11-09 09:48:44.390000+00:00,B09
5092,2025-11-09 09:49:21.990000+00:00,B09
5093,2025-11-09 09:50:36.720000+00:00,B09
5094,2025-11-09 09:52:44.970000+00:00,B09
5095,2025-11-09 09:54:01.330000+00:00,B09
5096,2025-11-09 09:54:19.610000+00:00,B09
5097,2025-11-09 09:55:25.570000+00:00,B09
5098,2025-11-09 09:56:20.170000+00:00,B09
5099,2025-11-09 09:58:16.350000+00:00,B09
5100,2025-11-09 10:00:04.480000+00:00,B09
5101,2025-11-09 10:02:02.940000+00:00,B09
5102,2025-11-09 10:03:56.710000+00:00,B09
5103,2025-11-09 10:04:29.810000+00:00,B09
5104,2025-11-09 10:06:22.540000+00:00,B09
5105,2025-11-09 10:07:14.900000+00:00,B09
5106,2025-11-09 10:07:37.760000+00:00,B09
5107,2025-11-09 10:08:58.580000+00:00,B09
5108,2025-11-09 10:09:38.020000+00:00,B09
5109,2025-11-09 10:10:00.460000+00:00,B09
5110,2025-11-09 10:11:22.430000+00:00,B09
5111,2025-11-09 10:13:39.220000+00:00,B09
5112,2025-11-09 10:16:04.800000+00:00,B09
5113,2025-11-09 10:16:22.720000+00:00,B09
5114,2025-11-09 10:17:31.210000+00:00,B09
5115,2025-11-09 10:19:16.650000+00:00,B09
5116,2025-11-09 10:21:31.040000+00:00,B09
5117,2025-11-09 10:21:48.260000+00:00,B09
5118,2025-11-09 10:22:34.680000+00:00,B09
5119,2025-11-09 10:23:30.810000+00:00,B09
5120,2025-11-09 10:24:04.560000+00:00,B09
5121,2025-11-09 10:25:04.180000+00:00,B09
5122,2025-11-09 10:27:49.230000+00:00,B09
5123,2025-11-09 10:28:52.820000+00:00,B09
5124,2025-11-09 10:30:10.030000+00:00,B09
5125,2025-11-09 10:31:44.990000+00:00,B09
5126,2025-11-09 10:32:45.230000+00:00,B09
5127,2025-11-09 10:35:14.140000+00:00,B09
5128,2025-11-09 10:35:43.810000+00:00,B09
5129,2025-11-09 10:36:03.750000+00:00,B09
5130,2025-11-09 10:36:48.800000+00:00,B09
5131,2025-11-09 10:37:24.750000+00:00,B09
5132,2025-11-09 10:37:39.270000+00:00,B09
5133,2025-11-09 10:39:21.440000+00:00,B09
5134,2025-11-09 10:40:19.510000+00:00,B09
5135,2025-11-09 10:42:54+00:00,B09
5136,2025-11-09 10:43:33.630000+00:00,B09
5137,2025-11-09 10:44:08.440000+00:00,B09
5138,2025-11-09 10:45:43.270000+00:00,B09
5139,2025-11-09 10:47:43.780000+00:00,B09
5140,2025-11-09 10:49:14.420000+00:00,B09
5141,2025-11-09 10:50:21.560000+00:00,B09
5142,2025-11-09 10:51:39.990000+00:00,B09
5143,2025-11-09 10:51:59.470000+00:00,B09
5144,2025-11-09 10:52:47.140000+00:00,B09
5145,2025-11-09 10:53:28.630000+00:00,B09
5146,2025-11-09 10:54:31.400000+00:00,B09
5147,2025-11-09 10:56:30.610000+00:00,B09
5148,2025-11-09 10:57:33.630000+00:00,B09
5149,2025-11-09 10:58:41.920000+00:00,B09
5150,2025-11-09 10:59:22.890000+00:00,B09
5151,2025-11-09 11:01:29.480000+00:00,B09
5152,2025-11-09 11:05:14.580000+00:00,B09
5153,2025-11-09 11:07:15.890000+00:00,B09
5154,2025-11-09 11:07:35.150000+00:00,B09
5155,2025-11-09 11:09:31.540000+00:00,B09
5156,2025-11-09 11:11:09.620000+00:00,B09
5157,2025-11-09 11:11:26.180000+00:00,B09
5158,2025-11-09 11:15:10.640000+00:00,B09
5159,2025-11-09 11:18:19.760000+00:00,B09
5160,2025-11-09 11:19:07.440000+00:00,B09
5161,2025-11-09 11:20:55.510000+00:00,B09
5162,2025-11-09 11:23:27.760000+00:00,B09
5163,2025-11-09 11:25:45.690000+00:00,B09
5164,2025-11-09 11:26:27.890000+00:00,B09
5165,2025-11-09 11:30:09.120000+00:00,B09
5166,2025-11-09 11:31:50.340000+00:00,B09
5167,2025-11-09 11:33:23+00:00,B09
5168,2025-11-09 11:34:54.560000+00:00,B09
5169,2025-11-09 11:37:39.070000+00:00,B09
5170,2025-11-09 11:38:51.190000+00:00,B09
5171,2025-11-09 11:40:24.920000+00:00,B09
5172,2025-11-09 11:42:21.990000+00:00,B09
5173,2025-11-09 11:43:07.110000+00:00,B09
5174,2025-11-09 11:43:20.030000+00:00,B09
5175,2025-11-09 11:44:07.040000+00:00,B09
5176,2025-11-09 11:45:30.200000+00:00,B09
5177,2025-11-09 11:49:24.380000+00:00,B09
5178,2025-11-09 11:54:06.130000+00:00,B09
5179,2025-11-09 11:54:26.890000+00:00,B09
5180,2025-11-09 11:55:49.140000+00:00,B09
5181,2025-11-09 11:56:38.130000+00:00,B09
5182,2025-11-09 11:57:36.260000+00:00,B09
5183,2025-11-09 11:59:09.610000+00:00,B09
5184,2025-11-09 11:59:52.890000+00:00,B09
5185,2025-11-09 12:01:05.550000+00:00,B09
5186,2025-11-09 12:05:44.370000+00:00,B09
5187,2025-11-09 12:06:17.380000+00:00,B09
5188,2025-11-09 12:06:29.880000+00:00,B09
5190,2025-11-09 12:09:46.520000+00:00,B09
5191,2025-11-09 12:11:15.510000+00:00,B09
5192,2025-11-09 12:12:56.180000+00:00,B09
5193,2025-11-09 12:14:07.120000+00:00,B09
5194,2025-11-09 12:15:47.400000+00:00,B09
5195,2025-11-09 12:20:45+00:00,B09
5196,2025-11-09 12:22:00.940000+00:00,B09
5197,2025-11-09 12:23:03.200000+00:00,B09
5198,2025-11-09 12:24:35.090000+00:00,B09
5199,2025-11-09 12:26:11.340000+00:00,B09
5200,2025-11-09 12:28:18.780000+00:00,B09
5201,2025-11-09 12:29:21.150000+00:00,B09
5202,2025-11-09 12:34:47.990000+00:00,B09
5203,2025-11-09 12:36:28.670000+00:00,B09
5204,2025-11-09 12:38:15.650000+00:00,B09
5205,2025-11-09 12:40:04.840000+00:00,B09
5206,2025-11-09 12:40:21.190000+00:00,B09
5207,2025-11-09 12:41:31.500000+00:00,B09
5208,2025-11-09 12:43:57.460000+00:00,B09
5209,2025-11-09 12:45:40.130000+00:00,B09
5210,2025-11-09 12:47:13.890000+00:00,B09
5211,2025-11-09 12:47:55.900000+00:00,B09
5212,2025-11-09 12:48:25.360000+00:00,B09
5213,2025-11-09 12:56:54.770000+00:00,B09
5214,2025-11-09 12:57:18.350000+00:00,B09
5215,2025-11-09 13:00:58.070000+00:00,B09
5216,2025-11-09 13:04:30.690000+00:00,B09
5217,2025-11-09 13:04:44.820000+00:00,B09
5218,2025-11-09 13:05:42.320000+00:00,B09
5219,2025-11-09 13:06:41.520000+00:00,B09
5220,2025-11-09 13:07:23.390000+00:00,B09
5221,2025-11-09 13:09:24.810000+00:00,B09
5222,2025-11-09 13:11:35.980000+00:00,B09
5223,2025-11-09 13:12:20.350000+00:00,B09
5224,2025-11-09 13:12:50.490000+00:00,B09
5225,2025-11-09 13:14:33.330000+00:00,B09
5226,2025-11-09 13:18:05.380000+00:00,B09
5227,2025-11-09 13:18:41.110000+00:00,B09
5228,2025-11-09 13:22:41.820000+00:00,B09
5229,2025-11-09 13:23:16.830000+00:00,B09
5230,2025-11-09 13:25:06.230000+00:00,B09
5231,2025-11-09 13:28:47.170000+00:00,B09
5232,2025-11-09 13:30:21.690000+00:00,B09
5233,2025-11-09 13:32:52.310000+00:00,B09
5234,2025-11-09 13:34:01.210000+00:00,B09
5235,2025-11-09 13:35:43.290000+00:00,B09
5236,2025-11-09 13:37:39.590000+00:00,B09
5237,2025-11-09 13:38:38.990000+00:00,B09
5238,2025-11-09 13:39:32.540000+00:00,B09
5239,2025-11-09 13:42:05.130000+00:00,B09
5240,2025-11-09 13:43:18.800000+00:00,B09
5241,2025-11-09 13:46:32.320000+00:00,B09
5242,2025-11-09 13:46:51.790000+00:00,B09
5243,2025-11-09 13:48:48.100000+00:00,B09
5244,2025-11-09 13:50:18.200000+00:00,B09
5245,2025-11-09 13:55:07.970000+00:00,B09
5246,2025-11-09 13:56:09.900000+00:00,B09
5247,2025-11-09 13:57:36.010000+00:00,B09
5248,2025-11-09 13:59:52.850000+00:00,B09
5249,2025-11-09 14:05:22.830000+00:00,B09
5250,2025-11-09 14:06:04.600000+00:00,B09
5251,2025-11-09 14:06:33.780000+00:00,B09
5252,2025-11-09 14:08:11.390000+00:00,B09
5253,2025-11-09 14:08:53.940000+00:00,B09
5254,2025-11-09 14:10:50.890000+00:00,B09
5255,2025-11-09 14:13:06.460000+00:00,B09
5256,2025-11-09 14:14:32.050000+00:00,B09
5257,2025-11-09 14:16:06.330000+00:00,B09
5258,2025-11-09 14:19:21.980000+00:00,B09
5259,2025-11-09 14:20:19.960000+00:00,B09
5260,2025-11-09 14:22:01.730000+00:00,B09
5261,2025-11-09 14:23:22.220000+00:00,B09
5262,2025-11-09 14:24:19.670000+00:00,B09
5263,2025-11-09 14:25:24.630000+00:00,B09
5264,2025-11-09 14:27:12.690000+00:00,B09
5265,2025-11-09 14:28:03.710000+00:00,B09
5266,2025-11-09 14:29:34.840000+00:00,B09
5267,2025-11-09 14:29:52.070000+00:00,B09
5268,2025-11-09 14:32:43.500000+00:00,B09
5269,2025-11-09 14:34:02.770000+00:00,B09
5270,2025-11-09 14:35:32.740000+00:00,B09
5271,2025-11-09 14:36:12.400000+00:00,B09
5272,2025-11-09 14:39:14.380000+00:00,B09
5273,2025-11-09 14:39:16+00:00,B09
5274,2025-11-09 14:41:15.120000+00:00,B09
5275,2025-11-09 14:45:13.040000+00:00,B09
5276,2025-11-09 14:46:15.020000+00:00,B09
5277,2025-11-09 14:47:35.540000+00:00,B09
5278,2025-11-09 14:49:06.310000+00:00,B09
5279,2025-11-09 14:53:19.850000+00:00,B09
5280,2025-11-09 14:53:42.280000+00:00,B09
5281,2025-11-09 14:56:15.670000+00:00,B09
5282,2025-11-09 14:57:54.830000+00:00,B09
5283,2025-11-09 14:59:05.110000+00:00,B09
5284,2025-11-09 14:59:58.920000+00:00,B09
5285,2025-11-09 15:04:12.140000+00:00,B09
5286,2025-11-09 15:06:21.160000+00:00,B09
5287,2025-11-09 15:08:08.570000+00:00,B09
5288,2025-11-09 15:09:02.730000+00:00,B09
5289,2025-11-09 15:10:05.050000+00:00,B09
5290,2025-11-09 15:10:44.280000+00:00,B09
5291,2025-11-09 15:12:32.130000+00:00,B09
5292,2025-11-09 15:13:55.950000+00:00,B09
5293,2025-11-09 15:14:33.400000+00:00,B09
5294,2025-11-09 15:15:24.340000+00:00,B09
5295,2025-11-09 15:16:32.110000+00:00,B09
5296,2025-11-09 15:19:37.010000+00:00,B09
5297,2025-11-09 15:22:04.550000+00:00,B09
5298,2025-11-09 15:23:06.020000+00:00,B09
5299,2025-11-09 15:25:35.210000+00:00,B09
5300,2025-11-09 15:26:51.340000+00:00,B09
5301,2025-11-09 15:28:34.040000+00:00,B09
5302,2025-11-09 15:30:17.140000+00:00,B09
5303,2025-11-09 15:30:56.510000+00:00,B09
5304,2025-11-09 15:33:09.340000+00:00,B09
5305,2025-11-09 15:35:21.800000+00:00,B09
5306,2025-11-09 15:36:39.890000+00:00,B09
5307,2025-11-09 15:37:14.610000+00:00,B09
5308,2025-11-09 15:39:04.320000+00:00,B09
5309,2025-11-09 15:42:39.690000+00:00,B09
5310,2025-11-09 15:43:17.660000+00:00,B09
5311,2025-11-09 15:44:23.280000+00:00,B09
5312,2025-11-09 15:46:48+00:00,B09
5313,2025-11-09 15:50:27.650000+00:00,B09
5314,2025-11-09 15:50:48.050000+00:00,B09
5315,2025-11-09 15:53:54.270000+00:00,B09
5316,2025-11-09 15:58:11.490000+00:00,B09
5317,2025-11-09 16:03:59.220000+00:00,B09
5318,2025-11-09 16:06:51.580000+00:00,B09
5319,2025-11-09 16:08:44.160000+00:00,B09
5320,2025-11-09 16:10:25.710000+00:00,B09
5321,2025-11-09 16:16:39.590000+00:00,B09
5322,2025-11-09 16:18:25.690000+00:00,B09
5323,2025-11-09 16:18:43.580000+00:00,B09
5324,2025-11-09 16:20:41.880000+00:00,B09
5325,2025-11-09 16:21:11.160000+00:00,B09
5326,2025-11-09 16:22:15.920000+00:00,B09
5327,2025-11-09 16:25:31.010000+00:00,B09
5329,2025-11-09 16:28:11.940000+00:00,B09
5330,2025-11-09 16:29:11.170000+00:00,B09
5331,2025-11-09 16:29:23.870000+00:00,B09
5332,2025-11-09 16:32:44.740000+00:00,B09
5333,2025-11-09 16:34:44.190000+00:00,B09
5335,2025-11-09 16:37:23.120000+00:00,B09
5336,2025-11-09 16:40:03.050000+00:00,B09
5337,2025-11-09 16:40:35.750000+00:00,B09
5338,2025-11-09 16:41:01.310000+00:00,B09
5340,2025-11-09 16:42:27.370000+00:00,B09
5341,2025-11-09 16:45:54.330000+00:00,B09
5342,2025-11-09 16:46:24.740000+00:00,B09
5343,2025-11-09 16:49:43.050000+00:00,B09
5344,2025-11-09 16:50:20.420000+00:00,B09
5345,2025-11-09 16:51:09.580000+00:00,B09
5346,2025-11-09 16:52:54.190000+00:00,B09
5347,2025-11-09 16:54:26.430000+00:00,B09
5348,2025-11-09 16:55:25.100000+00:00,B09
5349,2025-11-09 16:56:50.220000+00:00,B09
5350,2025-11-09 17:01:06.300000+00:00,B09
5351,2025-11-09 17:01:44.520000+00:00,B09
5352,2025-11-09 17:05:10+00:00,B09
5353,2025-11-09 17:06:05.520000+00:00,B09
5354,2025-11-09 17:08:04.880000+00:00,B09
5355,2025-11-09 17:08:30.960000+00:00,B09
5357,2025-11-09 17:10:09.820000+00:00,B09
5358,2025-11-09 17:13:55.520000+00:00,B09
5359,2025-11-09 17:17:06.360000+00:00,B09
5360,2025-11-09 17:19:12.920000+00:00,B09
5361,2025-11-09 17:21:51.440000+00:00,B09
5362,2025-11-09 17:24:23.980000+00:00,B09
5363,2025-11-09 17:27:33.920000+00:00,B09
5364,2025-11-09 17:28:32.960000+00:00,B09
5365,2025-11-09 17:29:51.040000+00:00,B09
5366,2025-11-09 17:31:15.600000+00:00,B09
5367,2025-11-09 17:32:13.400000+00:00,B09
5368,2025-11-09 17:33:35.640000+00:00,B09
5369,2025-11-09 17:35:11.560000+00:00,B09
5370,2025-11-09 17:42:24.460000+00:00,B09
5371,2025-11-09 17:46:51.600000+00:00,B09
5372,2025-11-09 17:50:02.240000+00:00,B09
5373,2025-11-09 17:52:40.780000+00:00,B09
5374,2025-11-09 17:52:57.720000+00:00,B09
5375,2025-11-09 17:57:41.920000+00:00,B09
5376,2025-11-09 18:00:39.160000+00:00,B09
5377,2025-11-09 18:01:18.640000+00:00,B09
5378,2025-11-09 18:02:54.120000+00:00,B09
5379,2025-11-09 18:03:21.780000+00:00,B09
5380,2025-11-09 18:03:34.720000+00:00,B09
5382,2025-11-09 18:07:13.460000+00:00,B09
5383,2025-11-09 18:07:36+00:00,B09
5384,2025-11-09 18:09:29.920000+00:00,B09
5385,2025-11-09 18:10:31.420000+00:00,B09
5386,2025-11-09 18:11:04.640000+00:00,B09
5387,2025-11-09 18:13:51.880000+00:00,B09
5388,2025-11-09 18:20:23.820000+00:00,B09
5389,2025-11-09 18:22:33.680000+00:00,B09
5390,2025-11-09 18:24:35+00:00,B09
5391,2025-11-09 18:28:38.820000+00:00,B09
5392,2025-11-09 18:33:22.660000+00:00,B09
5393,2025-11-09 18:37:06.320000+00:00,B09
5394,2025-11-09 18:38:53.720000+00:00,B09
5395,2025-11-09 18:39:19.080000+00:00,B09
5396,2025-11-09 18:45:41.820000+00:00,B09
5397,2025-11-09 18:49:03.760000+00:00,B09
5398,2025-11-09 18:50:47.320000+00:00,B09
5399,2025-11-09 18:51:28.120000+00:00,B09
5400,2025-11-09 18:52:48.240000+00:00,B09
5401,2025-11-09 18:57:21.420000+00:00,B09
5402,2025-11-09 18:59:43.120000+00:00,B09
5403,2025-11-09 19:00:06.520000+00:00,B09
5404,2025-11-09 19:05:14.360000+00:00,B09
5405,2025-11-09 19:07:48.520000+00:00,B09
5406,2025-11-09 19:10:55.760000+00:00,B09
5407,2025-11-09 19:11:27.860000+00:00,B09
5408,2025-11-09 19:12:44.240000+00:00,B09
5409,2025-11-09 19:15:02.640000+00:00,B09
5410,2025-11-09 19:15:18.660000+00:00,B09
5411,2025-11-09 19:22:17.900000+00:00,B09
5412,2025-11-09 19:24:34.840000+00:00,B09
5413,2025-11-09 19:27:14.160000+00:00,B09
5414,2025-11-09 19:29:42.620000+00:00,B09
5415,2025-11-09 19:30:39.920000+00:00,B09
5416,2025-11-09 19:31:03.540000+00:00,B09
5417,2025-11-09 19:34:14+00:00,B09
5418,2025-11-09 19:36:07.800000+00:00,B09
5419,2025-11-09 19:37:36.440000+00:00,B09
5420,2025-11-09 19:39:27.800000+00:00,B09
5421,2025-11-09 19:40:24.560000+00:00,B09
5422,2025-11-09 19:41:15.800000+00:00,B09
5423,2025-11-09 19:41:53.240000+00:00,B09
5424,2025-11-09 19:48:27.120000+00:00,B09
5425,2025-11-09 19:52:49+00:00,B09
5426,2025-11-09 19:55:27.080000+00:00,B09
5427,2025-11-09 19:59:08.280000+00:00,B09
5428,2025-11-09 20:01:41.060000+00:00,B09
5429,2025-11-09 20:03:16.880000+00:00,B09
5431,2025-11-09 20:05:10.320000+00:00,B09
5432,2025-11-09 20:05:42.940000+00:00,B09
5433,2025-11-09 20:06:27.840000+00:00,B09
5434,2025-11-09 20:08:34.520000+00:00,B09
5435,2025-11-09 20:10:28.680000+00:00,B09
5436,2025-11-09 20:12:28.280000+00:00,B09
5437,2025-11-09 20:18:04.600000+00:00,B09
5438,2025-11-09 20:18:52.400000+00:00,B09
5439,2025-11-09 20:23:40.680000+00:00,B09
5440,2025-11-09 20:25:13.880000+00:00,B09
5441,2025-11-09 20:27:31.760000+00:00,B09
5442,2025-11-09 20:29:17.720000+00:00,B09
5443,2025-11-09 20:31:21.920000+00:00,B09
5444,2025-11-09 20:33:06.600000+00:00,B09
5445,2025-11-09 20:34:06.120000+00:00,B09
5446,2025-11-09 20:35:54.160000+00:00,B09
5447,2025-11-09 20:37:30.160000+00:00,B09
5448,2025-11-09 20:38:40.280000+00:00,B09
5449,2025-11-09 20:39:25.880000+00:00,B09
5450,2025-11-09 20:40:51.120000+00:00,B09
5451,2025-11-09 20:42:35.200000+00:00,B09
5452,2025-11-09 20:46:09+00:00,B09
5453,2025-11-09 20:47:24.400000+00:00,B09
5454,2025-11-09 20:50:35.120000+00:00,B09
5455,2025-11-09 20:52:36.880000+00:00,B09
5456,2025-11-09 20:53:03.920000+00:00,B09
5457,2025-11-09 20:56:03.400000+00:00,B09
5458,2025-11-09 20:57:40.920000+00:00,B09
5459,2025-11-09 21:03:23.840000+00:00,B09
5460,2025-11-09 21:04:03.320000+00:00,B09
5461,2025-11-09 21:13:27.060000+00:00,B09
5462,2025-11-09 21:13:41.640000+00:00,B09
5463,2025-11-09 21:14:34.120000+00:00,B09
5464,2025-11-09 21:19:25.180000+00:00,B09
5465,2025-11-09 21:20:27.160000+00:00,B09
5466,2025-11-09 21:27:34.520000+00:00,B09
5467,2025-11-09 21:31:23.800000+00:00,B09
5468,2025-11-09 21:32:17.320000+00:00,B09
5469,2025-11-09 21:37:08.260000+00:00,B09
5470,2025-11-09 21:44:55.720000+00:00,B09
5471,2025-11-09 21:49:24.560000+00:00,B09
5472,2025-11-09 21:51:15.180000+00:00,B09
5473,2025-11-09 21:56:46.480000+00:00,B09
5474,2025-11-09 21:57:19.080000+00:00,B09
5475,2025-11-09 21:59:01.160000+00:00,B09
5476,2025-11-09 22:00:41+00:00,B09
5477,2025-11-09 22:01:16.360000+00:00,B09
5478,2025-11-09 22:02:24.040000+00:00,B09
5479,2025-11-09 22:04:14.840000+00:00,B09
5480,2025-11-09 22:08:21.440000+00:00,B09
5481,2025-11-09 22:08:42.360000+00:00,B09
5482,2025-11-09 22:10:23.760000+00:00,B09
5483,2025-11-09 22:12:58.800000+00:00,B09
5484,2025-11-09 22:25:41.280000+00:00,B09
5485,2025-11-09 22:28:26.640000+00:00,B09
5486,2025-11-09 22:29:47.080000+00:00,B09
5487,2025-11-09 22:30:18.780000+00:00,B09
5488,2025-11-09 22:34:51.400000+00:00,B09
5489,2025-11-09 22:36:06.680000+00:00,B09
5490,2025-11-09 22:41:29.680000+00:00,B09
5491,2025-11-09 22:45:42.880000+00:00,B09
5492,2025-11-09 22:48:36.840000+00:00,B09
5493,2025-11-09 22:55:17.920000+00:00,B09
5494,2025-11-09 22:56:31.400000+00:00,B09
5495,2025-11-09 23:01:57.160000+00:00,B09
5496,2025-11-09 23:03:17.080000+00:00,B09
5497,2025-11-09 23:03:44.420000+00:00,B09
5498,2025-11-09 23:05:34.240000+00:00,B09
5499,2025-11-09 23:07:16.900000+00:00,B09
5500,2025-11-09 23:08:10.600000+00:00,B09
5501,2025-11-09 23:09:51.360000+00:00,B09
5502,2025-11-09 23:11:32.960000+00:00,B09
5503,2025-11-09 23:16:23.320000+00:00,B09
5504,2025-11-09 23:22:17.480000+00:00,B09
5505,2025-11-09 23:23:33.800000+00:00,B09
5506,2025-11-09 23:25:16.520000+00:00,B09
5507,2025-11-09 23:28:24.200000+00:00,B09
5508,2025-11-09 23:29:18.720000+00:00,B09
5509,2025-11-09 23:33:54.360000+00:00,B09
5510,2025-11-09 23:35:20.880000+00:00,B09
5511,2025-11-09 23:37:27.160000+00:00,B09
5512,2025-11-09 23:39:23.220000+00:00,B09
5513,2025-11-09 23:41:00.120000+00:00,B09
5514,2025-11-09 23:43:13.560000+00:00,B09
5515,2025-11-09 23:44:17.200000+00:00,B09
5516,2025-11-09 23:46:14.680000+00:00,B09
5517,2025-11-09 23:47:24.040000+00:00,B09
5518,2025-11-09 23:48:17.920000+00:00,B09
5519,2025-11-09 23:54:11.240000+00:00,B09
5520,2025-11-09 23:58:49.200000+00:00,B09
5521,2025-11-10 00:01:09.510000+00:00,B09
5522,2025-11-10 00:02:09.860000+00:00,B09
5523,2025-11-10 00:04:06.850000+00:00,B09
5524,2025-11-10 00:08:21.150000+00:00,B09
5525,2025-11-10 00:09:23.540000+00:00,B09
5526,2025-11-10 00:22:04.650000+00:00,B09
5527,2025-11-10 00:23:33.380000+00:00,B09
5528,2025-11-10 00:24:38.970000+00:00,B09
5529,2025-11-10 00:25:42.980000+00:00,B09
5530,2025-11-10 00:28:54.120000+00:00,B09
5531,2025-11-10 00:31:02.750000+00:00,B09
5533,2025-11-10 00:40:07.340000+00:00,B09
5534,2025-11-10 00:41:34.260000+00:00,B09
5535,2025-11-10 00:43:21.320000+00:00,B09
5536,2025-11-10 00:45:28.850000+00:00,B09
5537,2025-11-10 00:49:55.720000+00:00,B09
5538,2025-11-10 00:51:01.410000+00:00,B09
5539,2025-11-10 00:53:16.200000+00:00,B09
5540,2025-11-10 00:53:58.770000+00:00,B09
5541,2025-11-10 00:54:23.090000+00:00,B09
5542,2025-11-10 00:55:13.590000+00:00,B09
5543,2025-11-10 00:57:44.810000+00:00,B09
5544,2025-11-10 00:58:04.710000+00:00,B09
5545,2025-11-10 00:59:06.650000+00:00,B09
5546,2025-11-10 01:00:08+00:00,B09
5547,2025-11-10 01:03:10.960000+00:00,B09
5548,2025-11-10 01:03:32.540000+00:00,B09
5549,2025-11-10 01:08:38.200000+00:00,B09
5550,2025-11-10 01:14:29.230000+00:00,B09
5551,2025-11-10 01:16:03.230000+00:00,B09
5552,2025-11-10 01:20:52.590000+00:00,B09
5553,2025-11-10 01:25:40.510000+00:00,B09
5554,2025-11-10 01:27:55.660000+00:00,B09
5555,2025-11-10 01:28:20.980000+00:00,B09
5556,2025-11-10 01:30:37.540000+00:00,B09
5557,2025-11-10 01:32:24.480000+00:00,B09
5558,2025-11-10 01:33:47.680000+00:00,B09
5559,2025-11-10 01:36:00.800000+00:00,B09
5560,2025-11-10 01:42:09.780000+00:00,B09
5561,2025-11-10 01:42:36.240000+00:00,B09
5562,2025-11-10 01:43:22.710000+00:00,B09
5563,2025-11-10 01:44:04.140000+00:00,B09
5564,2025-11-10 01:48:53.220000+00:00,B09
5565,2025-11-10 01:49:10.610000+00:00,B09
5566,2025-11-10 01:50:21.810000+00:00,B09
5567,2025-11-10 01:51:02.300000+00:00,B09
5568,2025-11-10 01:51:41.460000+00:00,B09
5569,2025-11-10 01:51:50.200000+00:00,B09
5570,2025-11-10 01:53:51.970000+00:00,B09
5571,2025-11-10 01:55:14.060000+00:00,B09
5572,2025-11-10 01:55:38.430000+00:00,B09
5573,2025-11-10 01:58:04.250000+00:00,B09
5574,2025-11-10 02:00:14.970000+00:00,B09
5575,2025-11-10 02:00:55.520000+00:00,B09
5576,2025-11-10 02:01:42.730000+00:00,B09
5577,2025-11-10 02:04:00.930000+00:00,B09
5578,2025-11-10 02:06:07.520000+00:00,B09
5579,2025-11-10 02:11:06.570000+00:00,B09
5580,2025-11-10 02:17:24.220000+00:00,B09
5581,2025-11-10 02:21:45.530000+00:00,B09
5582,2025-11-10 02:22:26.460000+00:00,B09
5583,2025-11-10 02:24:13.940000+00:00,B09
5584,2025-11-10 02:24:31.430000+00:00,B09
5585,2025-11-10 02:29:10.830000+00:00,B09
5586,2025-11-10 02:40:52.100000+00:00,B09
5587,2025-11-10 02:45:52.220000+00:00,B09
5588,2025-11-10 02:47:51.520000+00:00,B09
5589,2025-11-10 02:50:43.570000+00:00,B09
5590,2025-11-10 02:54:37.290000+00:00,B09
5591,2025-11-10 02:55:18.330000+00:00,B09
5592,2025-11-10 02:56:17.390000+00:00,B09
5593,2025-11-10 03:00:21.120000+00:00,B09
5594,2025-11-10 03:08:01.100000+00:00,B09
5595,2025-11-10 03:09:09.690000+00:00,B09
5596,2025-11-10 03:16:31.650000+00:00,B09
5597,2025-11-10 03:24:32.290000+00:00,B09
5598,2025-11-10 03:27:26.160000+00:00,B09
5599,2025-11-10 03:29:57.780000+00:00,B09
5600,2025-11-10 03:31:33.590000+00:00,B09
5601,2025-11-10 03:32:42.370000+00:00,B09
5602,2025-11-10 03:33:19.450000+00:00,B09
5603,2025-11-10 03:36:13.690000+00:00,B09
5604,2025-11-10 03:38:01.430000+00:00,B09
5605,2025-11-10 03:38:33.780000+00:00,B09
5606,2025-11-10 03:40:46.900000+00:00,B09
5607,2025-11-10 03:45:15.240000+00:00,B09
5608,2025-11-10 03:46:35.090000+00:00,B09
5609,2025-11-10 03:54:10.640000+00:00,B09
5610,2025-11-10 04:00:43.840000+00:00,B09
5611,2025-11-10 04:02:40.210000+00:00,B09
5612,2025-11-10 04:05:03.700000+00:00,B09
5613,2025-11-10 04:06:27.080000+00:00,B09
5614,2025-11-10 04:07:49.500000+00:00,B09
5615,2025-11-10 04:08:47.060000+00:00,B09
5616,2025-11-10 04:10:39.850000+00:00,B09
5617,2025-11-10 04:12:10.420000+00:00,B09
5618,2025-11-10 04:18:11.500000+00:00,B09
5619,2025-11-10 04:21:43.740000+00:00,B09
5620,2025-11-10 04:22:14.100000+00:00,B09
5621,2025-11-10 04:30:57.540000+00:00,B09
5622,2025-11-10 04:38:17.100000+00:00,B09
5623,2025-11-10 04:39:29.430000+00:00,B09
5624,2025-11-10 04:40:52.530000+00:00,B09
5625,2025-11-10 04:45:42.300000+00:00,B09
5626,2025-11-10 04:47:17.840000+00:00,B09
5627,2025-11-10 04:48:52.820000+00:00,B09
5628,2025-11-10 04:54:43.660000+00:00,B09
5629,2025-11-10 04:56:03+00:00,B09
5630,2025-11-10 04:59:02.600000+00:00,B09
5631,2025-11-10 05:20:30.400000+00:00,B09
5632,2025-11-10 05:21:27.140000+00:00,B09
5633,2025-11-10 05:24:03.670000+00:00,B09
5634,2025-11-10 05:26:04.470000+00:00,B09
5635,2025-11-10 05:27:15.180000+00:00,B09
5636,2025-11-10 05:28:33.790000+00:00,B09
5637,2025-11-10 05:32:16.540000+00:00,B09
5638,2025-11-10 05:33:03.130000+00:00,B09
5639,2025-11-10 05:33:24.380000+00:00,B09
5640,2025-11-10 05:34:38.110000+00:00,B09
5641,2025-11-10 05:46:41.450000+00:00,B09
5642,2025-11-10 05:48:05.640000+00:00,B09
5643,2025-11-10 05:49:14.320000+00:00,B09
5644,2025-11-10 05:52:15.280000+00:00,B09
5645,2025-11-10 05:54:31.060000+00:00,B09
5646,2025-11-10 05:56:19.950000+00:00,B09
5647,2025-11-10 06:03:00.710000+00:00,B09
5648,2025-11-10 06:03:42.580000+00:00,B09
5649,2025-11-10 06:12:04.350000+00:00,B09
5650,2025-11-10 06:15:49.770000+00:00,B09
5651,2025-11-10 06:18:40.040000+00:00,B09
5652,2025-11-10 06:23:43.540000+00:00,B09
5653,2025-11-10 06:26:52.310000+00:00,B09
5654,2025-11-10 06:28:12.490000+00:00,B09
5655,2025-11-10 06:29:33.610000+00:00,B09
5656,2025-11-10 06:30:37.200000+00:00,B09
5657,2025-11-10 06:34:56.990000+00:00,B09
5658,2025-11-10 06:36:24.430000+00:00,B09
5659,2025-11-10 06:37:29.530000+00:00,B09
5660,2025-11-10 06:42:51.630000+00:00,B09
5661,2025-11-10 06:43:23.890000+00:00,B09
5662,2025-11-10 06:44:07.130000+00:00,B09
5663,2025-11-10 06:49:03.520000+00:00,B09
5664,2025-11-10 06:49:31.220000+00:00,B09
5665,2025-11-10 06:51:13.860000+00:00,B09
5666,2025-11-10 06:55:33.300000+00:00,B09
5667,2025-11-10 07:00:09.320000+00:00,B09
5668,2025-11-10 07:00:53.350000+00:00,B09
5669,2025-11-10 07:03:17.240000+00:00,B09
5670,2025-11-10 07:07:56.700000+00:00,B09
5671,2025-11-10 07:08:24.310000+00:00,B09
5672,2025-11-10 07:13:25.510000+00:00,B09
5673,2025-11-10 07:14:20.550000+00:00,B09
5674,2025-11-10 07:16:11+00:00,B09
5675,2025-11-10 07:16:39.490000+00:00,B09
5676,2025-11-10 07:20:07.460000+00:00,B09
5677,2025-11-10 07:22:16.490000+00:00,B09
5678,2025-11-10 07:23:18.860000+00:00,B09
5679,2025-11-10 07:29:24.620000+00:00,B09
5680,2025-11-10 07:32:01.660000+00:00,B09
5681,2025-11-10 07:32:58.020000+00:00,B09
5682,2025-11-10 07:33:19.270000+00:00,B09
5683,2025-11-10 07:36:15.840000+00:00,B09
5684,2025-11-10 07:37:16.420000+00:00,B09
5685,2025-11-10 07:37:51.120000+00:00,B09
5686,2025-11-10 07:38:49.720000+00:00,B09
5687,2025-11-10 07:40:12.550000+00:00,B09
5688,2025-11-10 07:41:10.480000+00:00,B09
5689,2025-11-10 07:41:51.620000+00:00,B09
5690,2025-11-10 07:42:47.200000+00:00,B09
5691,2025-11-10 07:46:35.680000+00:00,B09
5692,2025-11-10 07:47:23.260000+00:00,B09
5693,2025-11-10 07:48:51.180000+00:00,B09
5694,2025-11-10 07:51:01.250000+00:00,B09
5695,2025-11-10 07:52:24.580000+00:00,B09
5696,2025-11-10 07:53:19.110000+00:00,B09
5697,2025-11-10 07:53:28.450000+00:00,B09
5698,2025-11-10 07:55:34.190000+00:00,B09
5699,2025-11-10 07:58:15.750000+00:00,B09
5700,2025-11-10 07:59:48.820000+00:00,B09
5701,2025-11-10 08:00:45.180000+00:00,B09
5702,2025-11-10 08:01:55.330000+00:00,B09
5703,2025-11-10 08:04:08.380000+00:00,B09
5704,2025-11-10 08:07:17.140000+00:00,B09
5705,2025-11-10 08:08:13.330000+00:00,B09
5706,2025-11-10 08:09:48.230000+00:00,B09
5707,2025-11-10 08:10:57.600000+00:00,B09
5708,2025-11-10 08:12:49.990000+00:00,B09
5709,2025-11-10 08:16:59.080000+00:00,B09
5710,2025-11-10 08:19:57.170000+00:00,B09
5711,2025-11-10 08:22:31.500000+00:00,B09
5712,2025-11-10 08:24:08.100000+00:00,B09
5713,2025-11-10 08:24:48.240000+00:00,B09
5714,2025-11-10 08:30:24.130000+00:00,B09
5715,2025-11-10 08:32:10.030000+00:00,B09
5716,2025-11-10 08:32:46.180000+00:00,B09
5717,2025-11-10 08:37:22.430000+00:00,B09
5718,2025-11-10 08:40:14.750000+00:00,B09
5719,2025-11-10 08:41:42.450000+00:00,B09
5720,2025-11-10 08:42:27.890000+00:00,B09
5721,2025-11-10 08:44:33.690000+00:00,B09
5722,2025-11-10 08:45:12.390000+00:00,B09
5723,2025-11-10 08:47:29.460000+00:00,B09
5724,2025-11-10 08:48:07.720000+00:00,B09
5725,2025-11-10 08:49:07.450000+00:00,B09
5726,2025-11-10 08:56:20.750000+00:00,B09
5727,2025-11-10 09:03:13.240000+00:00,B09
5728,2025-11-10 09:12:39.550000+00:00,B09
5729,2025-11-10 09:14:18.430000+00:00,B09
5730,2025-11-10 09:15:20.930000+00:00,B09
5731,2025-11-10 09:23:01.600000+00:00,B09
5732,2025-11-10 09:25:44.190000+00:00,B09
5733,2025-11-10 09:26:37.180000+00:00,B09
5734,2025-11-10 09:27:39.080000+00:00,B09
5735,2025-11-10 09:29:41.620000+00:00,B09
5736,2025-11-10 09:30:20.800000+00:00,B09
5737,2025-11-10 09:34:13.650000+00:00,B09
5738,2025-11-10 09:39:09.280000+00:00,B09
5739,2025-11-10 09:42:59.340000+00:00,B09
5740,2025-11-10 09:46:30.690000+00:00,B09
5741,2025-11-10 09:48:04.730000+00:00,B09
5742,2025-11-10 09:52:22.410000+00:00,B09
5743,2025-11-10 09:55:49.230000+00:00,B09
5744,2025-11-10 09:56:22.360000+00:00,B09
5745,2025-11-10 09:59:00.790000+00:00,B09
5746,2025-11-10 10:05:39.430000+00:00,B09
5747,2025-11-10 10:07:09.470000+00:00,B09
5748,2025-11-10 10:08:27.100000+00:00,B09
5749,2025-11-10 10:09:32.020000+00:00,B09
5750,2025-11-10 10:09:57.820000+00:00,B09
5751,2025-11-10 10:15:35.110000+00:00,B09
5752,2025-11-10 10:17:41.910000+00:00,B09
5753,2025-11-10 10:19:01.820000+00:00,B09
5754,2025-11-10 10:20:07.560000+00:00,B09
5755,2025-11-10 10:21:38.840000+00:00,B09
5756,2025-11-10 10:33:23.520000+00:00,B09
5757,2025-11-10 10:35:31.750000+00:00,B09
5758,2025-11-10 10:46:55.790000+00:00,B09
5759,2025-11-10 10:49:03.610000+00:00,B09
5760,2025-11-10 10:57:43.250000+00:00,B09
5761,2025-11-10 11:00:11.250000+00:00,B09
5762,2025-11-10 11:01:19.410000+00:00,B09
5763,2025-11-10 11:03:55.340000+00:00,B09
5764,2025-11-10 11:09:34.740000+00:00,B09
5765,2025-11-10 11:10:56.680000+00:00,B09
5766,2025-11-10 11:17:25.950000+00:00,B09
5767,2025-11-10 11:18:11.130000+00:00,B09
5768,2025-11-10 11:29:12.800000+00:00,B09
5769,2025-11-10 11:30:42.500000+00:00,B09
5770,2025-11-10 11:32:51.970000+00:00,B09
5771,2025-11-10 11:45:23.010000+00:00,B09
5772,2025-11-10 11:46:22.940000+00:00,B09
5773,2025-11-10 11:50:02.850000+00:00,B09
5774,2025-11-10 11:52:41.750000+00:00,B09
5775,2025-11-10 11:53:04.070000+00:00,B09
5776,2025-11-10 11:54:21.770000+00:00,B09
5777,2025-11-10 11:55:42.120000+00:00,B09
5778,2025-11-10 12:00:40.250000+00:00,B09
5779,2025-11-10 12:02:17.900000+00:00,B09
5780,2025-11-10 12:04:57.370000+00:00,B09
5781,2025-11-10 12:05:44.680000+00:00,B09
5782,2025-11-10 12:06:28.630000+00:00,B09
5783,2025-11-10 12:14:57.180000+00:00,B09
5784,2025-11-10 12:20:31.990000+00:00,B09
5785,2025-11-10 12:21:19.840000+00:00,B09
5786,2025-11-10 12:22:27.590000+00:00,B09
5787,2025-11-10 12:31:04.640000+00:00,B09
5788,2025-11-10 12:34:24.290000+00:00,B09
5789,2025-11-10 12:44:27.430000+00:00,B09
5790,2025-11-10 12:45:56.240000+00:00,B09
5791,2025-11-10 12:46:51.290000+00:00,B09
5792,2025-11-10 12:50:42.190000+00:00,B09
5793,2025-11-10 12:52:13.220000+00:00,B09
5794,2025-11-10 12:54:10.060000+00:00,B09
5795,2025-11-10 13:00:41.700000+00:00,B09
5796,2025-11-10 13:05:27.950000+00:00,B09
5797,2025-11-10 13:13:03.960000+00:00,B09
5798,2025-11-10 13:18:17.780000+00:00,B09
5799,2025-11-10 13:22:21.590000+00:00,B09
5800,2025-11-10 13:30:14.420000+00:00,B09
5801,2025-11-10 13:35:56.690000+00:00,B09
5802,2025-11-10 13:39:59.600000+00:00,B09
5803,2025-11-10 13:40:34.600000+00:00,B09
5804,2025-11-10 13:41:21.560000+00:00,B09
5805,2025-11-10 13:45:14.190000+00:00,B09
5806,2025-11-10 13:46:23.680000+00:00,B09
5808,2025-11-10 13:50:45.230000+00:00,B09
5809,2025-11-10 13:53:16.890000+00:00,B09
5810,2025-11-10 13:59:21.610000+00:00,B09
5811,2025-11-10 14:00:03.100000+00:00,B09
5812,2025-11-10 14:01:23.470000+00:00,B09
5813,2025-11-10 14:08:14.090000+00:00,B09
5814,2025-11-10 14:08:36.830000+00:00,B09
5815,2025-11-10 14:10:28.090000+00:00,B09
5816,2025-11-10 14:14:06.110000+00:00,B09
5817,2025-11-10 14:21:33.520000+00:00,B09
5818,2025-11-10 14:22:53.250000+00:00,B09
5819,2025-11-10 14:24:38.890000+00:00,B09
5820,2025-11-10 14:27:18.240000+00:00,B09
5821,2025-11-10 14:30:47.910000+00:00,B09
5822,2025-11-10 14:33:59.010000+00:00,B09
5823,2025-11-10 14:34:46.550000+00:00,B09
5824,2025-11-10 14:35:54.640000+00:00,B09
5825,2025-11-10 14:37:28.090000+00:00,B09
5827,2025-11-10 14:52:07.140000+00:00,B09
5828,2025-11-10 14:53:00.550000+00:00,B09
5829,2025-11-10 14:55:38.430000+00:00,B09
5830,2025-11-10 15:05:21.460000+00:00,B09
5831,2025-11-10 15:09:39.990000+00:00,B09
5832,2025-11-10 15:10:12.220000+00:00,B09
5833,2025-11-10 15:11:31.030000+00:00,B09
5834,2025-11-10 15:13:25.330000+00:00,B09
5835,2025-11-10 15:16:19.350000+00:00,B09
5836,2025-11-10 15:27:14+00:00,B09
5837,2025-11-10 15:30:04.070000+00:00,B09
5838,2025-11-10 15:30:35.960000+00:00,B09
5840,2025-11-10 15:38:18.620000+00:00,B09
5841,2025-11-10 15:41:53.520000+00:00,B09
5842,2025-11-10 15:43:14.360000+00:00,B09
5843,2025-11-10 15:55:13.580000+00:00,B09
5844,2025-11-10 15:57:19.570000+00:00,B09
5845,2025-11-10 16:00:49.500000+00:00,B09
5846,2025-11-10 16:04:27.470000+00:00,B09
5847,2025-11-10 16:05:41.710000+00:00,B09
5848,2025-11-10 16:14:12.320000+00:00,B09
5849,2025-11-10 16:14:39.860000+00:00,B09
5850,2025-11-10 16:21:03.690000+00:00,B09
5851,2025-11-10 16:23:37.920000+00:00,B09
5852,2025-11-10 16:24:08.360000+00:00,B09
5853,2025-11-10 16:31:13.800000+00:00,B09
5854,2025-11-10 16:41:46.110000+00:00,B09
5855,2025-11-10 16:43:21.220000+00:00,B09
5856,2025-11-10 16:44:25.470000+00:00,B09
5857,2025-11-10 16:45:42.420000+00:00,B09
5858,2025-11-10 16:47:00.810000+00:00,B09
5859,2025-11-10 16:49:53.620000+00:00,B09
5861,2025-11-10 16:53:03.290000+00:00,B09
5862,2025-11-10 16:57:03.600000+00:00,B09
5863,2025-11-10 17:01:48.980000+00:00,B09
5864,2025-11-10 17:02:32.760000+00:00,B09
5865,2025-11-10 17:06:23.160000+00:00,B09
5866,2025-11-10 17:08:10.880000+00:00,B09
5867,2025-11-10 17:10:31.320000+00:00,B09
5868,2025-11-10 17:12:58.760000+00:00,B09
5869,2025-11-10 17:15:12.320000+00:00,B09
5870,2025-11-10 17:29:45.920000+00:00,B09
5871,2025-11-10 17:31:48+00:00,B09
5872,2025-11-10 17:33:33.560000+00:00,B09
5873,2025-11-10 17:34:39.680000+00:00,B09
5874,2025-11-10 17:36:30.300000+00:00,B09
5875,2025-11-10 17:37:12.560000+00:00,B09
5876,2025-11-10 17:47:42.780000+00:00,B09
5877,2025-11-10 17:54:39.020000+00:00,B09
5878,2025-11-10 18:08:02.920000+00:00,B09
5879,2025-11-10 18:09:24.680000+00:00,B09
5880,2025-11-10 18:12:59.520000+00:00,B09
5881,2025-11-10 18:19:34.840000+00:00,B09
5882,2025-11-10 18:24:59.280000+00:00,B09
5883,2025-11-10 18:27:03.160000+00:00,B09
5884,2025-11-10 18:30:08.160000+00:00,B09
5885,2025-11-10 18:33:41.020000+00:00,B09
5886,2025-11-10 18:35:01.460000+00:00,B09
5887,2025-11-10 18:42:01.160000+00:00,B09
5888,2025-11-10 18:46:10.440000+00:00,B09
5889,2025-11-10 18:50:37.560000+00:00,B09
5890,2025-11-10 19:02:59.560000+00:00,B09
5891,2025-11-10 19:03:34.900000+00:00,B09
5892,2025-11-10 19:04:25.780000+00:00,B09
5893,2025-11-10 19:05:28.120000+00:00,B09
5894,2025-11-10 19:06:20.080000+00:00,B09
5895,2025-11-10 19:17:58.920000+00:00,B09
5896,2025-11-10 19:28:50.360000+00:00,B09
5897,2025-11-10 19:41:28.580000+00:00,B09
5898,2025-11-10 19:42:55.660000+00:00,B09
5899,2025-11-10 19:46:07.400000+00:00,B09
5900,2025-11-10 19:48:31.620000+00:00,B09
5901,2025-11-10 19:51:17.440000+00:00,B09
5902,2025-11-10 19:57:34.940000+00:00,B09
5903,2025-11-10 20:02:50.560000+00:00,B09
5904,2025-11-10 20:06:07.240000+00:00,B09
5905,2025-11-10 20:13:58.760000+00:00,B09
5906,2025-11-10 20:16:37.840000+00:00,B09
5907,2025-11-10 20:35:18.280000+00:00,B09
5908,2025-11-10 20:37:21.320000+00:00,B09
5909,2025-11-10 20:37:57.200000+00:00,B09
5910,2025-11-10 20:43:21.760000+00:00,B09
5911,2025-11-10 20:44:16.460000+00:00,B09
5912,2025-11-10 20:49:41.640000+00:00,B09
5913,2025-11-10 20:54:53.860000+00:00,B09
5914,2025-11-10 20:56:54.440000+00:00,B09
5915,2025-11-10 20:59:09.520000+00:00,B09
5916,2025-11-10 21:11:44.160000+00:00,B09
5917,2025-11-10 21:12:20.400000+00:00,B09
5918,2025-11-10 21:13:29.840000+00:00,B09
5919,2025-11-10 21:28:00.140000+00:00,B09
5920,2025-11-10 21:32:07.800000+00:00,B09
5921,2025-11-10 21:34:19.380000+00:00,B09
5922,2025-11-10 21:35:30.940000+00:00,B09
5923,2025-11-10 21:45:09.100000+00:00,B09
5924,2025-11-10 21:55:39.160000+00:00,B09
5925,2025-11-10 21:56:33.080000+00:00,B09
5926,2025-11-10 22:04:48.940000+00:00,B09
5927,2025-11-10 22:05:20.120000+00:00,B09
5928,2025-11-10 22:06:12.580000+00:00,B09
5929,2025-11-10 22:08:10.420000+00:00,B09
5930,2025-11-10 22:13:49.900000+00:00,B09
5931,2025-11-10 22:22:14.200000+00:00,B09
5932,2025-11-10 22:25:46.600000+00:00,B09
5933,2025-11-10 22:29:48.960000+00:00,B09
5934,2025-11-10 22:34:32.720000+00:00,B09
5935,2025-11-10 22:34:44.840000+00:00,B09
5937,2025-11-10 22:39:45.560000+00:00,B09
5938,2025-11-10 22:55:41.100000+00:00,B09
5939,2025-11-10 22:56:40.360000+00:00,B09
5940,2025-11-10 23:00:08.280000+00:00,B09
5941,2025-11-10 23:09:20.200000+00:00,B09
5942,2025-11-10 23:11:44.580000+00:00,B09
5943,2025-11-10 23:13:06.360000+00:00,B09
5944,2025-11-10 23:32:40.240000+00:00,B09
5945,2025-11-10 23:35:33.860000+00:00,B09
5946,2025-11-10 23:38:48.760000+00:00,B09
5947,2025-11-10 23:40:09+00:00,B09
5948,2025-11-10 23:44:09.920000+00:00,B09
5949,2025-11-10 23:52:42.080000+00:00,B09
5951,2025-11-11 00:07:42.380000+00:00,B09
5952,2025-11-11 00:08:37+00:00,B09
5953,2025-11-11 00:12:34.170000+00:00,B09
5954,2025-11-11 00:15:24.740000+00:00,B09
5956,2025-11-11 00:23:04.790000+00:00,B09
5957,2025-11-11 00:24:28.400000+00:00,B09
5958,2025-11-11 00:26:35.480000+00:00,B09
5959,2025-11-11 00:37:10.990000+00:00,B09
5960,2025-11-11 01:05:40.290000+00:00,B09
5961,2025-11-11 01:14:04.280000+00:00,B09
5962,2025-11-11 01:15:45.900000+00:00,B09
5963,2025-11-11 01:16:31.090000+00:00,B09
5964,2025-11-11 01:19:04.810000+00:00,B09
5965,2025-11-11 01:22:17.160000+00:00,B09
5966,2025-11-11 01:27:15.620000+00:00,B09
5967,2025-11-11 01:29:59.440000+00:00,B09
5968,2025-11-11 01:39:06.820000+00:00,B09
5969,2025-11-11 01:40:19.450000+00:00,B09
5970,2025-11-11 01:42:24.430000+00:00,B09
5971,2025-11-11 01:43:01.510000+00:00,B09
5972,2025-11-11 01:46:45.920000+00:00,B09
5973,2025-11-11 01:51:26.310000+00:00,B09
5974,2025-11-11 01:52:32.650000+00:00,B09
5975,2025-11-11 01:58:53.570000+00:00,B09
5976,2025-11-11 02:00:49.920000+00:00,B09
5977,2025-11-11 02:01:35.600000+00:00,B09
5978,2025-11-11 02:09:45.830000+00:00,B09
5979,2025-11-11 02:16:20.010000+00:00,B09
5980,2025-11-11 02:18:49.110000+00:00,B09
5981,2025-11-11 02:23:27.710000+00:00,B09
5982,2025-11-11 02:26:40.050000+00:00,B09
5984,2025-11-11 02:37:02.610000+00:00,B09
5985,2025-11-11 02:39:58.560000+00:00,B09
5986,2025-11-11 02:41:08.940000+00:00,B09
5987,2025-11-11 02:43:23.170000+00:00,B09
5988,2025-11-11 02:45:06.600000+00:00,B09
5989,2025-11-11 02:51:53+00:00,B09
5990,2025-11-11 02:57:01.820000+00:00,B09
5991,2025-11-11 03:00:27.640000+00:00,B09
5992,2025-11-11 03:02:33.200000+00:00,B09
5993,2025-11-11 03:03:20.440000+00:00,B09
5994,2025-11-11 03:16:18.060000+00:00,B09
5995,2025-11-11 03:22:44.390000+00:00,B09
5996,2025-11-11 03:29:27.300000+00:00,B09
5997,2025-11-11 03:30:14.830000+00:00,B09
5998,2025-11-11 03:32:13.470000+00:00,B09
6000,2025-11-11 03:57:57.590000+00:00,B09
6001,2025-11-11 04:03:39.920000+00:00,B09
6002,2025-11-11 04:09:00.290000+00:00,B09
6003,2025-11-11 04:20:40.070000+00:00,B09
6004,2025-11-11 04:27:08.160000+00:00,B09
6005,2025-11-11 04:32:37.040000+00:00,B09
6006,2025-11-11 04:33:17.900000+00:00,B09
6007,2025-11-11 04:36:48.230000+00:00,B09
6008,2025-11-11 04:36:55.630000+00:00,B09
6010,2025-11-11 04:58:18.830000+00:00,B09
6011,2025-11-11 05:09:38.120000+00:00,B09
6012,2025-11-11 05:11:15.850000+00:00,B09
6014,2025-11-11 05:20:34.400000+00:00,B09
6015,2025-11-11 05:25:32.640000+00:00,B09
6016,2025-11-11 05:26:54.120000+00:00,B09
6018,2025-11-11 05:45:23.270000+00:00,B09
6019,2025-11-11 05:53:35.690000+00:00,B09
6020,2025-11-11 05:56:40.680000+00:00,B09
6021,2025-11-11 06:03:56.660000+00:00,B09
6022,2025-11-11 06:04:12.340000+00:00,B09
6023,2025-11-11 06:06:50.190000+00:00,B09
6024,2025-11-11 06:07:26.520000+00:00,B09
6025,2025-11-11 06:33:22.980000+00:00,B09
6026,2025-11-11 06:42:46.710000+00:00,B09
6027,2025-11-11 06:46:43.580000+00:00,B09
6028,2025-11-11 06:52:16.630000+00:00,B09
6029,2025-11-11 06:53:12.960000+00:00,B09
6031,2025-11-11 06:59:06.800000+00:00,B09
6032,2025-11-11 07:01:09.430000+00:00,B09
6033,2025-11-11 07:03:40.530000+00:00,B09
6034,2025-11-11 07:09:48.670000+00:00,B09
6035,2025-11-11 07:13:43.130000+00:00,B09
6036,2025-11-11 07:20:33.030000+00:00,B09
6037,2025-11-11 07:21:49.180000+00:00,B09
6038,2025-11-11 07:33:16.340000+00:00,B09
6040,2025-11-11 07:40:57.120000+00:00,B09
6041,2025-11-11 07:51:48.220000+00:00,B09
6042,2025-11-11 07:58:33.290000+00:00,B09
6043,2025-11-11 08:04:16.880000+00:00,B09
6044,2025-11-11 08:04:49.010000+00:00,B09
6046,2025-11-11 08:11:37.590000+00:00,B09
6047,2025-11-11 08:16:14.660000+00:00,B09
6048,2025-11-11 08:18:14.470000+00:00,B09
6049,2025-11-11 08:27:17.510000+00:00,B09
6050,2025-11-11 08:27:42.520000+00:00,B09
6051,2025-11-11 08:32:23.910000+00:00,B09
6052,2025-11-11 08:35:23.350000+00:00,B09
6053,2025-11-11 08:37:02.730000+00:00,B09
6054,2025-11-11 08:37:22.490000+00:00,B09
6056,2025-11-11 08:44:41.620000+00:00,B09
6057,2025-11-11 08:51:14.860000+00:00,B09
6058,2025-11-11 08:52:02.140000+00:00,B09
6059,2025-11-11 08:54:31.740000+00:00,B09
6060,2025-11-11 09:13:55.630000+00:00,B09
6061,2025-11-11 09:17:46.950000+00:00,B09
6062,2025-11-11 09:19:01.870000+00:00,B09
6063,2025-11-11 09:27:24.850000+00:00,B09
6064,2025-11-11 09:31:25.530000+00:00,B09
6065,2025-11-11 09:32:29.180000+00:00,B09
6066,2025-11-11 09:40:44.050000+00:00,B09
6067,2025-11-11 09:41:15.900000+00:00,B09
6068,2025-11-11 09:42:05.980000+00:00,B09
6069,2025-11-11 09:42:44.250000+00:00,B09
6070,2025-11-11 09:48:04.120000+00:00,B09
6072,2025-11-11 09:57:45.150000+00:00,B09
6073,2025-11-11 10:14:05.450000+00:00,B09
6074,2025-11-11 10:23:05.610000+00:00,B09
6075,2025-11-11 10:24:03.060000+00:00,B09
6076,2025-11-11 10:28:30.240000+00:00,B09
6077,2025-11-11 10:35:29.760000+00:00,B09
6078,2025-11-11 10:38:26.610000+00:00,B09
6081,2025-11-11 11:01:42.440000+00:00,B09
6082,2025-11-11 11:02:58.100000+00:00,B09
6083,2025-11-11 11:18:41.600000+00:00,B09
6085,2025-11-11 11:31:12.550000+00:00,B09
6086,2025-11-11 11:31:46.850000+00:00,B09
6087,2025-11-11 11:32:54.470000+00:00,B09
6088,2025-11-11 11:49:08.900000+00:00,B09
6089,2025-11-11 11:54:35.990000+00:00,B09
6090,2025-11-11 12:03:06.140000+00:00,B09
6091,2025-11-11 12:10:30.620000+00:00,B09
6092,2025-11-11 12:13:26.930000+00:00,B09
6093,2025-11-11 12:14:53.880000+00:00,B09
6094,2025-11-11 12:16:25.630000+00:00,B09
6095,2025-11-11 12:17:40.720000+00:00,B09
6096,2025-11-11 12:27:04.470000+00:00,B09
6097,2025-11-11 12:29:30.410000+00:00,B09
6098,2025-11-11 12:37:00.160000+00:00,B09
6099,2025-11-11 12:41:17.330000+00:00,B09
6100,2025-11-11 12:43:53.130000+00:00,B09
6101,2025-11-11 12:47:46.940000+00:00,B09
6102,2025-11-11 12:53:37.760000+00:00,B09
6103,2025-11-11 13:06:19+00:00,B09
6104,2025-11-11 13:08:03.800000+00:00,B09
6105,2025-11-11 13:14:49.540000+00:00,B09
6106,2025-11-11 13:20:50.930000+00:00,B09
6108,2025-11-11 13:42:19.460000+00:00,B09
6109,2025-11-11 13:42:42.050000+00:00,B09
6110,2025-11-11 13:48:09.140000+00:00,B09
6111,2025-11-11 14:00:31.180000+00:00,B09
6112,2025-11-11 14:02:09.180000+00:00,B09
6113,2025-11-11 14:03:01.860000+00:00,B09
6114,2025-11-11 14:24:36.990000+00:00,B09
6115,2025-11-11 14:34:04.990000+00:00,B09
6116,2025-11-11 14:34:53.830000+00:00,B09
6117,2025-11-11 14:40:46.010000+00:00,B09
6118,2025-11-11 14:42:24.900000+00:00,B09
6119,2025-11-11 14:46:31.640000+00:00,B09
6120,2025-11-11 14:53:40.420000+00:00,B09
6121,2025-11-11 15:01:51.770000+00:00,B09
6122,2025-11-11 15:04:29.960000+00:00,B09
6123,2025-11-11 15:10:02.050000+00:00,B09
6124,2025-11-11 15:13:15.020000+00:00,B09
6125,2025-11-11 15:17:52.280000+00:00,B09
6126,2025-11-11 15:19:57.620000+00:00,B09
6127,2025-11-11 15:23:59.530000+00:00,B09
6128,2025-11-11 15:30:42.260000+00:00,B09
6129,2025-11-11 15:37:01+00:00,B09
6130,2025-11-11 15:38:59.870000+00:00,B09
6131,2025-11-11 15:44:31.840000+00:00,B09
6132,2025-11-11 15:57:06.890000+00:00,B09
6133,2025-11-11 15:57:41.080000+00:00,B09
6134,2025-11-11 15:59:35.630000+00:00,B09
6135,2025-11-11 16:02:36.690000+00:00,B09
6136,2025-11-11 16:11:20.320000+00:00,B09
6137,2025-11-11 16:17:58.200000+00:00,B09
6140,2025-11-11 16:29:27.430000+00:00,B09
6141,2025-11-11 16:44:40.460000+00:00,B09
6142,2025-11-11 17:09:14.620000+00:00,B09
6143,2025-11-11 17:11:00.320000+00:00,B09
6144,2025-11-11 17:20:44.680000+00:00,B09
6145,2025-11-11 17:24:26.880000+00:00,B09
6146,2025-11-11 17:25:35.780000+00:00,B09
6147,2025-11-11 17:49:21.160000+00:00,B09
6148,2025-11-11 17:51:49.180000+00:00,B09
6149,2025-11-11 17:52:49.240000+00:00,B09
6150,2025-11-11 18:01:29.600000+00:00,B09
6151,2025-11-11 18:04:01.720000+00:00,B09
6152,2025-11-11 18:05:17.380000+00:00,B09
6154,2025-11-11 18:14:21.460000+00:00,B09
6155,2025-11-11 18:27:07.520000+00:00,B09
6156,2025-11-11 18:36:05+00:00,B09
6157,2025-11-11 18:36:52.400000+00:00,B09
6158,2025-11-11 18:45:01.920000+00:00,B09
6159,2025-11-11 18:45:52.120000+00:00,B09
6160,2025-11-11 18:47:04.640000+00:00,B09
6161,2025-11-11 18:51:17.320000+00:00,B09
6162,2025-11-11 18:56:27.900000+00:00,B09
6163,2025-11-11 19:06:41.640000+00:00,B09
6164,2025-11-11 19:10:29.560000+00:00,B09
6166,2025-11-11 19:16:42.480000+00:00,B09
6167,2025-11-11 19:22:15.420000+00:00,B09
6168,2025-11-11 19:34:02.080000+00:00,B09
6169,2025-11-11 19:48:45.140000+00:00,B09
6170,2025-11-11 19:53:19.960000+00:00,B09
6171,2025-11-11 20:21:48.320000+00:00,B09
6172,2025-11-11 20:35:01.640000+00:00,B09
6173,2025-11-11 20:37:44.180000+00:00,B09
6174,2025-11-11 20:57:42+00:00,B09
6175,2025-11-11 21:00:08.200000+00:00,B09
6176,2025-11-11 21:16:43.400000+00:00,B09
6177,2025-11-11 21:19:10.840000+00:00,B09
6178,2025-11-11 21:45:28.320000+00:00,B09
6179,2025-11-11 21:47:01.880000+00:00,B09
6180,2025-11-11 21:48:59.280000+00:00,B09
6181,2025-11-11 22:09:01.160000+00:00,B09
6183,2025-11-11 22:36:32.400000+00:00,B09
6184,2025-11-11 22:41:31.760000+00:00,B09
6185,2025-11-11 22:54:20.520000+00:00,B09
6186,2025-11-11 23:00:31.900000+00:00,B09
6187,2025-11-11 23:04:52.840000+00:00,B09
6188,2025-11-11 23:12:13.120000+00:00,B09
6189,2025-11-11 23:35:51.640000+00:00,B09
6190,2025-11-11 23:38:48.560000+00:00,B09
6191,2025-11-11 23:41:32.680000+00:00,B09
6192,2025-11-11 23:44:04.660000+00:00,B09
6193,2025-11-11 23:48:22.100000+00:00,B09
6194,2025-11-12 00:02:39.620000+00:00,B09
6196,2025-11-12 00:04:44.800000+00:00,B09
6197,2025-11-12 00:05:54.450000+00:00,B09
6198,2025-11-12 00:18:39.510000+00:00,B09
6199,2025-11-12 00:20:49.420000+00:00,B09
6200,2025-11-12 00:21:27.830000+00:00,B09
6201,2025-11-12 00:28:20.290000+00:00,B09
6202,2025-11-12 00:29:20.830000+00:00,B09
6203,2025-11-12 00:33:42.610000+00:00,B09
6204,2025-11-12 00:35:58.410000+00:00,B09
6205,2025-11-12 00:37:11.640000+00:00,B09
6206,2025-11-12 00:39:09.380000+00:00,B09
6207,2025-11-12 00:39:43.410000+00:00,B09
6208,2025-11-12 00:40:03.360000+00:00,B09
6209,2025-11-12 00:42:43.230000+00:00,B09
6210,2025-11-12 00:43:09.120000+00:00,B09
6211,2025-11-12 00:44:24.810000+00:00,B09
6212,2025-11-12 00:46:15.850000+00:00,B09
6213,2025-11-12 00:47:31.980000+00:00,B09
6214,2025-11-12 00:48:42.240000+00:00,B09
6215,2025-11-12 00:49:34.800000+00:00,B09
6216,2025-11-12 00:50:16.430000+00:00,B09
6217,2025-11-12 00:52:37.170000+00:00,B09
6218,2025-11-12 00:52:58.150000+00:00,B09
6220,2025-11-12 00:57:32.230000+00:00,B09
6221,2025-11-12 00:58:37.590000+00:00,B09
6222,2025-11-12 00:58:52.830000+00:00,B09
6223,2025-11-12 01:00:38.840000+00:00,B09
6224,2025-11-12 01:04:25.230000+00:00,B09
6225,2025-11-12 01:05:00.440000+00:00,B09
6226,2025-11-12 01:05:40.410000+00:00,B09
6227,2025-11-12 01:16:52.780000+00:00,B09
6228,2025-11-12 01:22:22.410000+00:00,B09
6229,2025-11-12 01:24:50.040000+00:00,B09
6230,2025-11-12 01:26:29.490000+00:00,B09
6231,2025-11-12 01:28:01.410000+00:00,B09
6232,2025-11-12 01:35:32.030000+00:00,B09
6233,2025-11-12 01:43:17.720000+00:00,B09
6234,2025-11-12 01:47:13.480000+00:00,B09
6235,2025-11-12 01:49:41.970000+00:00,B09
6236,2025-11-12 01:50:24.770000+00:00,B09
6237,2025-11-12 01:54:32.920000+00:00,B09
6238,2025-11-12 01:57:49.420000+00:00,B09
6239,2025-11-12 02:01:04.950000+00:00,B09
6240,2025-11-12 02:02:38.730000+00:00,B09
6241,2025-11-12 02:11:28.830000+00:00,B09
6242,2025-11-12 02:16:07.240000+00:00,B09
6243,2025-11-12 02:23:10.160000+00:00,B09
6244,2025-11-12 02:27:22.240000+00:00,B09
6245,2025-11-12 02:37:16.890000+00:00,B09
6247,2025-11-12 02:46:48.220000+00:00,B09
6248,2025-11-12 02:53:20.170000+00:00,B09
6249,2025-11-12 03:00:18.450000+00:00,B09
6250,2025-11-12 03:13:22.110000+00:00,B09
6251,2025-11-12 03:26:22.530000+00:00,B09
6252,2025-11-12 03:30:52.250000+00:00,B09
6253,2025-11-12 03:40:50.060000+00:00,B09
6254,2025-11-12 03:46:45.140000+00:00,B09
6255,2025-11-12 03:54:29.450000+00:00,B09
6256,2025-11-12 03:57:04.800000+00:00,B09
6257,2025-11-12 03:57:40.280000+00:00,B09
6258,2025-11-12 04:04:41.960000+00:00,B09
6259,2025-11-12 04:05:13.160000+00:00,B09
6260,2025-11-12 04:08:03.970000+00:00,B09
6261,2025-11-12 04:11:29.790000+00:00,B09
6262,2025-11-12 04:12:57.730000+00:00,B09
6263,2025-11-12 04:14:51.740000+00:00,B09
6264,2025-11-12 04:24:52.840000+00:00,B09
6265,2025-11-12 04:33:54.690000+00:00,B09
6266,2025-11-12 04:35:18.190000+00:00,B09
6267,2025-11-12 04:36:44.620000+00:00,B09
6269,2025-11-12 04:43:26.920000+00:00,B09
6270,2025-11-12 04:50:26.350000+00:00,B09
6271,2025-11-12 04:58:53.710000+00:00,B09
6272,2025-11-12 05:03:47.780000+00:00,B09
6273,2025-11-12 05:10:34.180000+00:00,B09
6274,2025-11-12 05:17:04.990000+00:00,B09
6275,2025-11-12 05:22:47.160000+00:00,B09
6276,2025-11-12 05:30:14.620000+00:00,B09
6277,2025-11-12 05:30:55.800000+00:00,B09
6278,2025-11-12 05:32:02.300000+00:00,B09
6279,2025-11-12 05:33:16.370000+00:00,B09
6280,2025-11-12 05:36:14.890000+00:00,B09
6281,2025-11-12 05:45:29.880000+00:00,B09
6282,2025-11-12 05:46:34.620000+00:00,B09
6283,2025-11-12 05:47:48.720000+00:00,B09
6284,2025-11-12 05:52:23.400000+00:00,B09
6285,2025-11-12 05:58:03.080000+00:00,B09
6286,2025-11-12 06:01:21.530000+00:00,B09
6287,2025-11-12 06:10:14.790000+00:00,B09
6288,2025-11-12 06:11:25.300000+00:00,B09
6289,2025-11-12 06:18:40.820000+00:00,B09
6290,2025-11-12 06:29:46.520000+00:00,B09
6291,2025-11-12 06:44:07.110000+00:00,B09
6292,2025-11-12 06:54:16.720000+00:00,B09
6293,2025-11-12 07:04:43.270000+00:00,B09
6294,2025-11-12 07:11:47.870000+00:00,B09
6295,2025-11-12 07:13:21.030000+00:00,B09
6296,2025-11-12 07:23:28.160000+00:00,B09
6297,2025-11-12 07:25:22.410000+00:00,B09
6298,2025-11-12 07:34:28.130000+00:00,B09
6299,2025-11-12 07:38:54.960000+00:00,B09
6300,2025-11-12 07:49:44.640000+00:00,B09
6301,2025-11-12 07:50:49.690000+00:00,B09
6302,2025-11-12 08:02:50.790000+00:00,B09
6303,2025-11-12 08:03:28.260000+00:00,B09
6304,2025-11-12 08:05:35.930000+00:00,B09
6305,2025-11-12 08:10:32.160000+00:00,B09
6306,2025-11-12 08:30:11.790000+00:00,B09
6309,2025-11-12 09:00:12.780000+00:00,B09
6310,2025-11-12 09:00:43.040000+00:00,B09
6311,2025-11-12 09:08:39.890000+00:00,B09
6312,2025-11-12 09:13:29.430000+00:00,B09
6313,2025-11-12 09:40:05.660000+00:00,B09
6314,2025-11-12 09:43:22.740000+00:00,B09
6315,2025-11-12 09:53:45.140000+00:00,B09
6316,2025-11-12 10:02:27.250000+00:00,B09
6317,2025-11-12 10:15:44.590000+00:00,B09
6318,2025-11-12 10:17:57.560000+00:00,B09
6319,2025-11-12 10:23:51.530000+00:00,B09
6320,2025-11-12 10:33:12.470000+00:00,B09
6321,2025-11-12 10:36:05.320000+00:00,B09
6322,2025-11-12 10:37:16.520000+00:00,B09
6323,2025-11-12 10:38:41.360000+00:00,B09
6324,2025-11-12 10:45:46.290000+00:00,B09
6325,2025-11-12 10:48:53.170000+00:00,B09
6327,2025-11-12 10:56:07.660000+00:00,B09
6328,2025-11-12 11:04:08.480000+00:00,B09
6329,2025-11-12 11:11:11.760000+00:00,B09
6330,2025-11-12 11:19:46.490000+00:00,B09
6331,2025-11-12 11:23:34.670000+00:00,B09
6332,2025-11-12 11:30:35.930000+00:00,B09
6334,2025-11-12 11:33:22.470000+00:00,B09
6335,2025-11-12 11:34:15.390000+00:00,B09
6336,2025-11-12 11:43:18.540000+00:00,B09
6337,2025-11-12 11:44:18.760000+00:00,B09
6338,2025-11-12 12:02:06.890000+00:00,B09
6339,2025-11-12 12:07:41.840000+00:00,B09
6340,2025-11-12 12:11:15.210000+00:00,B09
6341,2025-11-12 12:16:10.140000+00:00,B09
6342,2025-11-12 12:20:12.740000+00:00,B09
6343,2025-11-12 12:28:35.190000+00:00,B09
6344,2025-11-12 12:33:36.540000+00:00,B09
6345,2025-11-12 12:46:45.530000+00:00,B09
6346,2025-11-12 12:57:51.550000+00:00,B09
6347,2025-11-12 13:01:46.930000+00:00,B09
6348,2025-11-12 13:03:14.530000+00:00,B09
6349,2025-11-12 13:03:33.480000+00:00,B09
6350,2025-11-12 13:03:54.320000+00:00,B09
6351,2025-11-12 13:05:28.190000+00:00,B09
6352,2025-11-12 13:23:18.640000+00:00,B09
6353,2025-11-12 13:24:59.860000+00:00,B09
6354,2025-11-12 13:26:35.520000+00:00,B09
6355,2025-11-12 13:27:06.200000+00:00,B09
6356,2025-11-12 13:30:05.770000+00:00,B09
6357,2025-11-12 13:32:19.570000+00:00,B09
6358,2025-11-12 13:39:22.230000+00:00,B09
6359,2025-11-12 13:48:43.180000+00:00,B09
6360,2025-11-12 13:51:35.690000+00:00,B09
6361,2025-11-12 13:57:48.380000+00:00,B09
6362,2025-11-12 13:58:13.990000+00:00,B09
6363,2025-11-12 13:58:54.970000+00:00,B09
6365,2025-11-12 14:20:08.610000+00:00,B09
6366,2025-11-12 14:22:54.130000+00:00,B09
6367,2025-11-12 14:28:13.900000+00:00,B09
6369,2025-11-12 14:35:23.170000+00:00,B09
6370,2025-11-12 14:41:50.950000+00:00,B09
6371,2025-11-12 14:43:02.100000+00:00,B09
6372,2025-11-12 15:00:15.120000+00:00,B09
6373,2025-11-12 15:05:28.540000+00:00,B09
6374,2025-11-12 15:06:06.300000+00:00,B09
6375,2025-11-12 15:11:20.700000+00:00,B09
6376,2025-11-12 15:15:57.850000+00:00,B09
6377,2025-11-12 15:26:03.420000+00:00,B09
6378,2025-11-12 15:26:14.840000+00:00,B09
6380,2025-11-12 15:40:13.310000+00:00,B09
6381,2025-11-12 15:50:22.230000+00:00,B09
6382,2025-11-12 15:51:57.970000+00:00,B09
6383,2025-11-12 15:54:55.150000+00:00,B09
6384,2025-11-12 15:57:49.960000+00:00,B09
6385,2025-11-12 16:04:07.440000+00:00,B09
6386,2025-11-12 16:05:21.250000+00:00,B09
6387,2025-11-12 16:18:17.720000+00:00,B09
6388,2025-11-12 16:20:52.070000+00:00,B09
6389,2025-11-12 16:22:06.960000+00:00,B09
6390,2025-11-12 16:32:27.200000+00:00,B09
6391,2025-11-12 16:44:29.890000+00:00,B09
6392,2025-11-12 16:51:39.550000+00:00,B09
6393,2025-11-12 16:52:15.900000+00:00,B09
6394,2025-11-12 16:52:49.780000+00:00,B09
6395,2025-11-12 16:55:48.280000+00:00,B09
6396,2025-11-12 16:57:16.710000+00:00,B09
6397,2025-11-12 17:04:38.120000+00:00,B09
6398,2025-11-12 17:05:22.440000+00:00,B09
6399,2025-11-12 17:18:28.120000+00:00,B09
6400,2025-11-12 17:25:04.280000+00:00,B09
6401,2025-11-12 17:27:39.240000+00:00,B09
6402,2025-11-12 17:38:07.040000+00:00,B09
6403,2025-11-12 17:47:04.220000+00:00,B09
6404,2025-11-12 17:59:21.560000+00:00,B09
6405,2025-11-12 18:03:28.660000+00:00,B09
6406,2025-11-12 18:09:58.120000+00:00,B09
6408,2025-11-12 18:17:06.120000+00:00,B09
6409,2025-11-12 18:19:04.600000+00:00,B09
6410,2025-11-12 18:32:11.440000+00:00,B09
6411,2025-11-12 18:35:42.160000+00:00,B09
6412,2025-11-12 18:39:06.820000+00:00,B09
6413,2025-11-12 18:48:44.840000+00:00,B09
6414,2025-11-12 18:56:06.180000+00:00,B09
6415,2025-11-12 18:57:39.680000+00:00,B09
6416,2025-11-12 19:08:55.440000+00:00,B09
6417,2025-11-12 19:15:29.320000+00:00,B09
6418,2025-11-12 19:16:15.120000+00:00,B09
6419,2025-11-12 19:19:39.240000+00:00,B09
6420,2025-11-12 19:21:45.880000+00:00,B09
6421,2025-11-12 19:24:53.680000+00:00,B09
6422,2025-11-12 19:26:53.880000+00:00,B09
6424,2025-11-12 19:37:29.640000+00:00,B09
6425,2025-11-12 19:38:42.380000+00:00,B09
6426,2025-11-12 20:14:00.180000+00:00,B09
6427,2025-11-12 20:24:20.480000+00:00,B09
6428,2025-11-12 20:26:20.200000+00:00,B09
6429,2025-11-12 20:26:36.920000+00:00,B09
6430,2025-11-12 20:30:27.440000+00:00,B09
6431,2025-11-12 20:31:21.440000+00:00,B09
6433,2025-11-12 21:13:04.740000+00:00,B09
6434,2025-11-12 21:36:00.480000+00:00,B09
6435,2025-11-12 21:47:16.040000+00:00,B09
6436,2025-11-12 21:59:35.160000+00:00,B09
6437,2025-11-12 22:04:16+00:00,B09
6438,2025-11-12 22:06:29.800000+00:00,B09
6439,2025-11-12 22:12:06.320000+00:00,B09
6440,2025-11-12 22:12:48.480000+00:00,B09
6442,2025-11-12 22:39:10.560000+00:00,B09
6443,2025-11-12 23:28:46.360000+00:00,B09
6444,2025-11-12 23:31:25.760000+00:00,B09
6445,2025-11-12 23:34:34.940000+00:00,B09
6446,2025-11-12 23:40:26.400000+00:00,B09
6447,2025-11-12 23:43:27+00:00,B09
6448,2025-11-12 23:52:39.340000+00:00,B09
6449,2025-11-12 23:53:13.840000+00:00,B09
6450,2025-11-12 23:56:01.800000+00:00,B09
6451,2025-11-12 23:57:32.340000+00:00,B09
6452,2025-11-12 23:58:05.320000+00:00,B09
6453,2025-11-13 00:00:33.490000+00:00,B09
6454,2025-11-13 00:02:20.050000+00:00,B09
6455,2025-11-13 00:03:09.040000+00:00,B09
6456,2025-11-13 00:04:12.900000+00:00,B09
6457,2025-11-13 00:05:41.340000+00:00,B09
6458,2025-11-13 00:06:19.600000+00:00,B09
6459,2025-11-13 00:09:28.350000+00:00,B09
6460,2025-11-13 00:11:04.660000+00:00,B09
6461,2025-11-13 00:12:21.740000+00:00,B09
6462,2025-11-13 00:16:45.700000+00:00,B09
6463,2025-11-13 00:28:12.860000+00:00,B09
6465,2025-11-13 01:05:38.850000+00:00,B09
6466,2025-11-13 01:14:15.860000+00:00,B09
6468,2025-11-13 01:32:42.540000+00:00,B09
6469,2025-11-13 01:53:41.430000+00:00,B09
6472,2025-11-13 02:36:05.330000+00:00,B09
6473,2025-11-13 02:41:37.060000+00:00,B09
6474,2025-11-13 02:50:51.480000+00:00,B09
6475,2025-11-13 02:53:56.390000+00:00,B09
6476,2025-11-13 03:10:22.990000+00:00,B09
6477,2025-11-13 03:20:18.650000+00:00,B09
6478,2025-11-13 03:41:54.720000+00:00,B09
6479,2025-11-13 03:46:15.170000+00:00,B09
6480,2025-11-13 04:07:26.050000+00:00,B09
6481,2025-11-13 04:16:44.820000+00:00,B09
6482,2025-11-13 04:27:36.600000+00:00,B09
6483,2025-11-13 04:28:11.220000+00:00,B09
6484,2025-11-13 04:36:17.500000+00:00,B09
6485,2025-11-13 04:40:33.780000+00:00,B09
6486,2025-11-13 04:42:44.140000+00:00,B09
6488,2025-11-13 04:52:59.510000+00:00,B09
6489,2025-11-13 04:55:49.820000+00:00,B09
6490,2025-11-13 05:04:57.670000+00:00,B09
6491,2025-11-13 05:11:24.030000+00:00,B09
6492,2025-11-13 05:16:35.230000+00:00,B09
6494,2025-11-13 05:24:47.930000+00:00,B09
6496,2025-11-13 05:56:24.350000+00:00,B09
6497,2025-11-13 05:57:13.490000+00:00,B09
6498,2025-11-13 06:01:13.740000+00:00,B09
6499,2025-11-13 06:03:06.230000+00:00,B09
6500,2025-11-13 06:32:04.210000+00:00,B09
6501,2025-11-13 06:42:48.750000+00:00,B09
6503,2025-11-13 06:49:51.620000+00:00,B09
6504,2025-11-13 07:07:15.970000+00:00,B09
6505,2025-11-13 07:12:52.920000+00:00,B09
6506,2025-11-13 07:22:49.180000+00:00,B09
6507,2025-11-13 07:34:08.940000+00:00,B09
6508,2025-11-13 07:36:10.180000+00:00,B09
6509,2025-11-13 07:42:36.570000+00:00,B09
6510,2025-11-13 07:43:37.810000+00:00,B09
6512,2025-11-13 07:57:36.790000+00:00,B09
6513,2025-11-13 08:08:35.320000+00:00,B09
6514,2025-11-13 08:09:14.330000+00:00,B09
6515,2025-11-13 08:10:18.160000+00:00,B09
6516,2025-11-13 08:15:26.460000+00:00,B09
6517,2025-11-13 08:24:18.440000+00:00,B09
6518,2025-11-13 08:28:49.490000+00:00,B09
6519,2025-11-13 08:30:57.120000+00:00,B09
6520,2025-11-13 08:41:08.140000+00:00,B09
6521,2025-11-13 08:43:11.560000+00:00,B09
6522,2025-11-13 08:57:42.440000+00:00,B09
6523,2025-11-13 08:59:30.630000+00:00,B09
6524,2025-11-13 09:03:56.190000+00:00,B09
6525,2025-11-13 09:10:37.180000+00:00,B09
6526,2025-11-13 09:14:09.350000+00:00,B09
6527,2025-11-13 09:21:06.440000+00:00,B09
6529,2025-11-13 09:42:44.700000+00:00,B09
6530,2025-11-13 10:16:29.830000+00:00,B09
6531,2025-11-13 10:19:16.530000+00:00,B09
6532,2025-11-13 10:20:10.960000+00:00,B09
6534,2025-11-13 10:21:56.740000+00:00,B09
6535,2025-11-13 10:30:28.920000+00:00,B09
6536,2025-11-13 10:58:19.350000+00:00,B09
6537,2025-11-13 10:59:32.660000+00:00,B09
6538,2025-11-13 11:01:14.930000+00:00,B09
6539,2025-11-13 11:08:34.280000+00:00,B09
6540,2025-11-13 11:09:07.130000+00:00,B09
6541,2025-11-13 11:11:21.910000+00:00,B09
6542,2025-11-13 11:13:32.330000+00:00,B09
6543,2025-11-13 11:20:57.390000+00:00,B09
6544,2025-11-13 11:27:13.540000+00:00,B09
6545,2025-11-13 12:10:36.120000+00:00,B09
6546,2025-11-13 12:16:08.160000+00:00,B09
6548,2025-11-13 12:40:23.230000+00:00,B09
6549,2025-11-13 12:52:08.260000+00:00,B09
6550,2025-11-13 13:08:00.910000+00:00,B09
6551,2025-11-13 13:14:27.830000+00:00,B09
6553,2025-11-13 13:26:59.120000+00:00,B09
6554,2025-11-13 13:31:34.050000+00:00,B09
6555,2025-11-13 13:45:48.850000+00:00,B09
6556,2025-11-13 13:48:29.930000+00:00,B09
6557,2025-11-13 13:54:22.240000+00:00,B09
6558,2025-11-13 14:40:45.530000+00:00,B09
6559,2025-11-13 14:46:08.260000+00:00,B09
6560,2025-11-13 14:57:03.570000+00:00,B09
6561,2025-11-13 15:04:24.130000+00:00,B09
6562,2025-11-13 15:06:02.800000+00:00,B09
6563,2025-11-13 15:08:57.890000+00:00,B09
6564,2025-11-13 15:09:14.660000+00:00,B09
6565,2025-11-13 15:10:02.670000+00:00,B09
6566,2025-11-13 15:27:35.510000+00:00,B09
6567,2025-11-13 15:55:18.310000+00:00,B09
6568,2025-11-13 16:00:20.600000+00:00,B09
6569,2025-11-13 16:08:09.520000+00:00,B09
6570,2025-11-13 16:15:01.690000+00:00,B09
6571,2025-11-13 16:15:51.370000+00:00,B09
6572,2025-11-13 16:33:21.890000+00:00,B09
6573,2025-11-13 16:45:47.560000+00:00,B09
6574,2025-11-13 16:49:48.030000+00:00,B09
6575,2025-11-13 16:52:47.770000+00:00,B09
6577,2025-11-13 17:24:05.900000+00:00,B09
6578,2025-11-13 17:25:29.540000+00:00,B09
6579,2025-11-13 17:29:13.720000+00:00,B09
6580,2025-11-13 17:44:18+00:00,B09
6581,2025-11-13 18:16:08.420000+00:00,B09
6582,2025-11-13 18:18:14.320000+00:00,B09
6585,2025-11-13 18:36:10.800000+00:00,B09
6586,2025-11-13 18:37:39.920000+00:00,B09
6587,2025-11-13 18:49:31+00:00,B09
6589,2025-11-13 18:54:10.960000+00:00,B09
6590,2025-11-13 18:55:58.920000+00:00,B09
6591,2025-11-13 19:21:15.600000+00:00,B09
6593,2025-11-13 19:36:36.080000+00:00,B09
6596,2025-11-13 19:51:27.400000+00:00,B09
6597,2025-11-13 19:52:10.560000+00:00,B09
6598,2025-11-13 19:55:13.760000+00:00,B09
6599,2025-11-13 19:58:03.080000+00:00,B09
6600,2025-11-13 20:10:05.720000+00:00,B09
6601,2025-11-13 20:24:13.840000+00:00,B09
6602,2025-11-13 20:37:46.840000+00:00,B09
6603,2025-11-13 20:38:49.640000+00:00,B09
6604,2025-11-13 20:45:40.480000+00:00,B09
6605,2025-11-13 21:09:43+00:00,B09
6606,2025-11-13 21:17:28.040000+00:00,B09
6607,2025-11-13 21:18:59.300000+00:00,B09
6608,2025-11-13 21:20:36.440000+00:00,B09
6611,2025-11-13 21:35:47.200000+00:00,B09
6612,2025-11-13 21:36:05.440000+00:00,B09
6613,2025-11-13 21:48:15.240000+00:00,B09
6614,2025-11-13 21:48:50.920000+00:00,B09
6615,2025-11-13 21:54:38.480000+00:00,B09
6616,2025-11-13 21:58:55.920000+00:00,B09
6618,2025-11-13 22:04:07.400000+00:00,B09
6619,2025-11-13 22:07:12.040000+00:00,B09
6620,2025-11-13 22:10:40.380000+00:00,B09
6622,2025-11-13 22:26:32.960000+00:00,B09
6623,2025-11-13 22:48:00.540000+00:00,B09
6625,2025-11-13 23:14:11.800000+00:00,B09
6626,2025-11-13 23:16:10.100000+00:00,B09
6627,2025-11-13 23:17:41.160000+00:00,B09
6628,2025-11-13 23:43:38.680000+00:00,B09
6629,2025-11-13 23:55:37.440000+00:00,B09
6630,2025-11-13 23:57:15.560000+00:00,B09
6632,2025-11-14 00:21:57.870000+00:00,B09
6633,2025-11-14 00:44:30.500000+00:00,B09
6634,2025-11-14 00:54:31.770000+00:00,B09
6635,2025-11-14 01:11:36.410000+00:00,B09
6636,2025-11-14 01:11:57.200000+00:00,B09
6637,2025-11-14 01:33:57.040000+00:00,B09
6639,2025-11-14 01:56:49.310000+00:00,B09
6640,2025-11-14 01:59:51.560000+00:00,B09
6641,2025-11-14 02:14:15.900000+00:00,B09
6642,2025-11-14 02:16:35.310000+00:00,B09
6643,2025-11-14 02:27:25.180000+00:00,B09
6644,2025-11-14 02:47:22.880000+00:00,B09
6646,2025-11-14 03:04:42.470000+00:00,B09
6647,2025-11-14 03:15:48.560000+00:00,B09
6648,2025-11-14 03:29:03.250000+00:00,B09
6649,2025-11-14 03:38:59.970000+00:00,B09
6650,2025-11-14 03:42:55.280000+00:00,B09
6651,2025-11-14 03:46:24.380000+00:00,B09
6652,2025-11-14 03:48:04.980000+00:00,B09
6653,2025-11-14 03:54:27.950000+00:00,B09
6655,2025-11-14 04:30:26.840000+00:00,B09
6656,2025-11-14 04:56:23.720000+00:00,B09
6657,2025-11-14 05:22:34.540000+00:00,B09
6658,2025-11-14 05:25:42.200000+00:00,B09
6659,2025-11-14 05:32:36.850000+00:00,B09
6660,2025-11-14 05:39:31.300000+00:00,B09
6661,2025-11-14 05:40:24.140000+00:00,B09
6662,2025-11-14 06:25:59.360000+00:00,B09
6663,2025-11-14 06:30:29.300000+00:00,B09
6664,2025-11-14 06:40:31.910000+00:00,B09
6665,2025-11-14 07:10:26.400000+00:00,B09
6666,2025-11-14 07:26:32.930000+00:00,B09
6667,2025-11-14 07:31:31.020000+00:00,B09
6668,2025-11-14 07:46:28.070000+00:00,B09
6669,2025-11-14 07:52:13.020000+00:00,B09
6670,2025-11-14 07:56:44.800000+00:00,B09
6671,2025-11-14 08:10:31.050000+00:00,B09
6672,2025-11-14 08:29:06.800000+00:00,B09
6673,2025-11-14 08:38:09+00:00,B09
6674,2025-11-14 09:03:58.550000+00:00,B09
6675,2025-11-14 09:04:36.310000+00:00,B09
6676,2025-11-14 09:07:53.930000+00:00,B09
6677,2025-11-14 09:11:21.720000+00:00,B09
6679,2025-11-14 09:20:08.080000+00:00,B09
6680,2025-11-14 09:33:48.040000+00:00,B09
6681,2025-11-14 09:36:48.100000+00:00,B09
6682,2025-11-14 09:37:33.250000+00:00,B09
6683,2025-11-14 09:44:56.110000+00:00,B09
6684,2025-11-14 09:56:28.270000+00:00,B09
6685,2025-11-14 09:58:21.580000+00:00,B09
6686,2025-11-14 10:14:55+00:00,B09
6687,2025-11-14 10:18:10.590000+00:00,B09
6690,2025-11-14 10:25:17.090000+00:00,B09
6692,2025-11-14 10:43:09.140000+00:00,B09
6693,2025-11-14 11:14:57.600000+00:00,B09
6694,2025-11-14 11:32:23.170000+00:00,B09
6695,2025-11-14 11:33:00.130000+00:00,B09
6696,2025-11-14 11:45:27.920000+00:00,B09
6699,2025-11-14 12:28:41.870000+00:00,B09
6700,2025-11-14 12:32:12.220000+00:00,B09
6701,2025-11-14 12:35:59.640000+00:00,B09
6702,2025-11-14 12:37:10.930000+00:00,B09
6704,2025-11-14 12:55:02.660000+00:00,B09
6705,2025-11-14 13:07:23.020000+00:00,B09
6707,2025-11-14 13:16:47.930000+00:00,B09
6708,2025-11-14 13:20:03.440000+00:00,B09
6710,2025-11-14 13:47:02.690000+00:00,B09
6712,2025-11-14 14:06:43.950000+00:00,B09
6713,2025-11-14 14:07:41.670000+00:00,B09
6714,2025-11-14 14:12:08.400000+00:00,B09
6715,2025-11-14 14:14:36.810000+00:00,B09
6716,2025-11-14 14:24:28.780000+00:00,B09
6718,2025-11-14 15:41:10.640000+00:00,B09
6720,2025-11-14 15:51:35.830000+00:00,B09
6721,2025-11-14 15:53:26.210000+00:00,B09
6722,2025-11-14 16:29:46.060000+00:00,B09
6723,2025-11-14 16:32:08.420000+00:00,B09
6724,2025-11-14 16:36:24.430000+00:00,B09
6725,2025-11-14 16:37:14.460000+00:00,B09
6726,2025-11-14 16:45:11.860000+00:00,B09
6727,2025-11-14 17:13:48.520000+00:00,B09
6728,2025-11-14 17:18:25.640000+00:00,B09
6729,2025-11-14 17:29:40+00:00,B09
6730,2025-11-14 17:44:12.480000+00:00,B09
6731,2025-11-14 17:54:15.520000+00:00,B09
6732,2025-11-14 18:19:55.040000+00:00,B09
6733,2025-11-14 18:23:57.360000+00:00,B09
6734,2025-11-14 18:34:48.600000+00:00,B09
6735,2025-11-14 18:46:25.280000+00:00,B09
6736,2025-11-14 18:47:22.160000+00:00,B09
6737,2025-11-14 18:50:35+00:00,B09
6738,2025-11-14 18:51:48.200000+00:00,B09
6740,2025-11-14 19:45:05.880000+00:00,B09
6742,2025-11-14 20:05:33.960000+00:00,B09
6743,2025-11-14 20:09:08.600000+00:00,B09
6744,2025-11-14 20:11:57.460000+00:00,B09
6745,2025-11-14 20:46:40.640000+00:00,B09
6747,2025-11-14 21:27:58.120000+00:00,B09
6751,2025-11-14 22:07:51.760000+00:00,B09
6752,2025-11-14 22:16:14.560000+00:00,B09
6754,2025-11-14 22:43:45+00:00,B09
6756,2025-11-14 22:52:56.920000+00:00,B09
6758,2025-11-14 23:24:20.240000+00:00,B09
6759,2025-11-14 23:26:39.340000+00:00,B09
6760,2025-11-14 23:27:09.680000+00:00,B09
6761,2025-11-15 00:11:08.870000+00:00,B09
6762,2025-11-15 00:36:18.630000+00:00,B09
6763,2025-11-15 00:42:21.470000+00:00,B09
6765,2025-11-15 00:58:40+00:00,B09
6766,2025-11-15 01:04:37.750000+00:00,B09
6767,2025-11-15 01:05:50.530000+00:00,B09
6768,2025-11-15 01:15:23.330000+00:00,B09
6769,2025-11-15 01:24:03.340000+00:00,B09
6771,2025-11-15 01:30:43.270000+00:00,B09
6773,2025-11-15 01:35:34.450000+00:00,B09
6774,2025-11-15 01:43:06.390000+00:00,B09
6775,2025-11-15 01:44:45.440000+00:00,B09
6778,2025-11-15 02:18:27.740000+00:00,B09
6779,2025-11-15 02:20:41.670000+00:00,B09
6784,2025-11-15 02:49:15.800000+00:00,B09
6787,2025-11-15 03:29:29.360000+00:00,B09
6788,2025-11-15 03:30:51.410000+00:00,B09
6789,2025-11-15 03:34:00.100000+00:00,B09
6790,2025-11-15 03:42:56.450000+00:00,B09
6791,2025-11-15 03:46:30.250000+00:00,B09
6792,2025-11-15 03:56:34.520000+00:00,B09
6793,2025-11-15 03:57:46.250000+00:00,B09
6794,2025-11-15 04:08:02.130000+00:00,B09
6795,2025-11-15 04:25:36.070000+00:00,B09
6797,2025-11-15 04:58:58.670000+00:00,B09
6798,2025-11-15 05:00:38.510000+00:00,B09
6799,2025-11-15 05:19:23.940000+00:00,B09
6800,2025-11-15 05:24:24.450000+00:00,B09
6801,2025-11-15 05:30:53.610000+00:00,B09
6802,2025-11-15 05:44:35.970000+00:00,B09
6803,2025-11-15 05:57:05.950000+00:00,B09
6804,2025-11-15 06:05:28.300000+00:00,B09
6805,2025-11-15 06:07:41.230000+00:00,B09
6806,2025-11-15 06:32:34.420000+00:00,B09
6807,2025-11-15 06:36:33.910000+00:00,B09
6808,2025-11-15 06:37:33.540000+00:00,B09
6809,2025-11-15 06:46:44.940000+00:00,B09
6812,2025-11-15 06:54:59.700000+00:00,B09
6813,2025-11-15 07:02:46.490000+00:00,B09
6814,2025-11-15 07:22:35.110000+00:00,B09
6815,2025-11-15 07:48:23.560000+00:00,B09
6816,2025-11-15 07:50:59.850000+00:00,B09
6818,2025-11-15 08:31:42.460000+00:00,B09
6819,2025-11-15 08:43:36.740000+00:00,B09
6820,2025-11-15 08:54:02.030000+00:00,B09
6821,2025-11-15 09:09:06.080000+00:00,B09
6822,2025-11-15 09:28:36.290000+00:00,B09
6823,2025-11-15 09:34:31.740000+00:00,B09
6824,2025-11-15 09:36:44.950000+00:00,B09
6825,2025-11-15 09:51:23.740000+00:00,B09
6826,2025-11-15 09:53:30.850000+00:00,B09
6827,2025-11-15 10:08:58.890000+00:00,B09
6828,2025-11-15 10:18:22.550000+00:00,B09
6830,2025-11-15 10:37:07.120000+00:00,B09
6831,2025-11-15 10:46:27.580000+00:00,B09
6832,2025-11-15 10:54:37.470000+00:00,B09
6833,2025-11-15 11:09:43.010000+00:00,B09
6834,2025-11-15 11:19:46.150000+00:00,B09
6836,2025-11-15 11:33:22.920000+00:00,B09
6837,2025-11-15 11:37:12.210000+00:00,B09
6838,2025-11-15 11:52:39.710000+00:00,B09
6839,2025-11-15 11:53:49.870000+00:00,B09
6840,2025-11-15 12:02:12.140000+00:00,B09
6841,2025-11-15 12:08:48.420000+00:00,B09
6842,2025-11-15 12:19:59.170000+00:00,B09
6844,2025-11-15 12:22:51.400000+00:00,B09
6846,2025-11-15 12:57:38.070000+00:00,B09
6847,2025-11-15 12:59:43.270000+00:00,B09
6848,2025-11-15 13:07:20.230000+00:00,B09
6850,2025-11-15 13:30:40.930000+00:00,B09
6851,2025-11-15 13:42:53.660000+00:00,B09
6852,2025-11-15 13:52:25.290000+00:00,B09
6854,2025-11-15 15:22:21.050000+00:00,B09
6855,2025-11-15 15:24:54.350000+00:00,B09
6856,2025-11-15 15:27:02.140000+00:00,B09
6857,2025-11-15 15:29:52.880000+00:00,B09
6858,2025-11-15 15:37:52.090000+00:00,B09
6859,2025-11-15 15:41:21.010000+00:00,B09
6860,2025-11-15 15:52:43.680000+00:00,B09
6861,2025-11-15 15:56:09.270000+00:00,B09
6862,2025-11-15 15:56:48.760000+00:00,B09
6863,2025-11-15 15:57:24.430000+00:00,B09
6864,2025-11-15 15:58:13.340000+00:00,B09
6865,2025-11-15 16:10:35.030000+00:00,B09
6866,2025-11-15 16:31:33.460000+00:00,B09
6872,2025-11-15 17:23:35.040000+00:00,B09
6873,2025-11-15 17:27:58.320000+00:00,B09
6874,2025-11-15 17:42:31.880000+00:00,B09
6878,2025-11-15 18:06:22.120000+00:00,B09
6879,2025-11-15 18:12:18.120000+00:00,B09
6880,2025-11-15 18:27:06.120000+00:00,B09
6882,2025-11-15 18:39:19.400000+00:00,B09
6883,2025-11-15 19:26:04.640000+00:00,B09
6884,2025-11-15 19:30:34.360000+00:00,B09
6885,2025-11-15 19:32:23.780000+00:00,B09
6886,2025-11-15 20:20:58.520000+00:00,B09
6887,2025-11-15 20:39:13.920000+00:00,B09
6888,2025-11-15 20:51:26.880000+00:00,B09
6889,2025-11-15 21:02:25.120000+00:00,B09
6890,2025-11-15 21:16:13.960000+00:00,B09
6891,2025-11-15 21:22:31.600000+00:00,B09
6893,2025-11-15 21:58:27.120000+00:00,B09
6894,2025-11-15 22:14:17.960000+00:00,B09
6895,2025-11-15 22:26:32.520000+00:00,B09
6896,2025-11-15 22:34:51.960000+00:00,B09
6898,2025-11-15 23:18:11.200000+00:00,B09
6899,2025-11-15 23:23:47.320000+00:00,B09
6900,2025-11-15 23:26:38.200000+00:00,B09
6901,2025-11-16 00:09:31.820000+00:00,B09
6902,2025-11-16 00:13:44.020000+00:00,B09
6903,2025-11-16 00:31:52.760000+00:00,B09
6904,2025-11-16 00:37:12.830000+00:00,B09
6905,2025-11-16 00:45:45.870000+00:00,B09
6906,2025-11-16 00:47:48.240000+00:00,B09
6907,2025-11-16 00:59:18.260000+00:00,B09
6908,2025-11-16 01:07:30.580000+00:00,B09
6909,2025-11-16 01:09:32.200000+00:00,B09
6910,2025-11-16 01:13:12.510000+00:00,B09
6911,2025-11-16 01:57:42.530000+00:00,B09
6912,2025-11-16 02:08:17.540000+00:00,B09
6913,2025-11-16 02:21:52.030000+00:00,B09
6914,2025-11-16 02:40:10.770000+00:00,B09
6915,2025-11-16 02:42:58.020000+00:00,B09
6916,2025-11-16 03:28:33.420000+00:00,B09
6917,2025-11-16 04:17:30.300000+00:00,B09
6918,2025-11-16 04:19:09.320000+00:00,B09
6920,2025-11-16 04:34:04.130000+00:00,B09
6921,2025-11-16 04:48:52.890000+00:00,B09
6922,2025-11-16 05:02:23.040000+00:00,B09
6924,2025-11-16 05:22:45.400000+00:00,B09
6925,2025-11-16 06:06:49.020000+00:00,B09
6926,2025-11-16 06:19:55.700000+00:00,B09
6929,2025-11-16 07:29:05.850000+00:00,B09
6930,2025-11-16 07:31:56.300000+00:00,B09
6931,2025-11-16 08:04:50.430000+00:00,B09
6932,2025-11-16 08:08:24.460000+00:00,B09
6934,2025-11-16 08:15:57.580000+00:00,B09
6936,2025-11-16 09:16:39.320000+00:00,B09
6937,2025-11-16 09:25:50.270000+00:00,B09
6939,2025-11-16 09:57:24.050000+00:00,B09
6940,2025-11-16 10:06:58.200000+00:00,B09
6941,2025-11-16 10:24:13.560000+00:00,B09
6942,2025-11-16 10:25:04.980000+00:00,B09
6943,2025-11-16 10:44:16.090000+00:00,B09
6944,2025-11-16 10:51:27.580000+00:00,B09
6945,2025-11-16 10:52:36.960000+00:00,B09
6946,2025-11-16 10:56:01.940000+00:00,B09
6947,2025-11-16 11:19:38.210000+00:00,B09
6948,2025-11-16 11:40:14.040000+00:00,B09
6949,2025-11-16 12:07:10.600000+00:00,B09
6950,2025-11-16 12:39:44.080000+00:00,B09
6952,2025-11-16 13:11:32.260000+00:00,B09
6953,2025-11-16 13:15:28.830000+00:00,B09
6954,2025-11-16 13:19:33.860000+00:00,B09
6955,2025-11-16 13:30:30.640000+00:00,B09
6956,2025-11-16 13:38:49.760000+00:00,B09
6957,2025-11-16 14:18:34.170000+00:00,B09
6958,2025-11-16 14:42:24.150000+00:00,B09
6961,2025-11-16 16:18:48.100000+00:00,B09
6963,2025-11-16 16:45:49.570000+00:00,B09
6964,2025-11-16 16:51:40.550000+00:00,B09
6965,2025-11-16 16:56:13.670000+00:00,B09
6966,2025-11-16 17:18:23.600000+00:00,B09
6967,2025-11-16 17:41:03.720000+00:00,B09
6968,2025-11-16 17:45:54.160000+00:00,B09
6969,2025-11-16 17:51:40.660000+00:00,B09
6970,2025-11-16 18:21:59.400000+00:00,B09
6971,2025-11-16 18:31:40.240000+00:00,B09
6972,2025-11-16 18:34:43.880000+00:00,B09
6973,2025-11-16 18:39:45.040000+00:00,B09
6974,2025-11-16 18:47:00.440000+00:00,B09
6975,2025-11-16 19:24:57.240000+00:00,B09
6976,2025-11-16 20:28:06.480000+00:00,B09
6977,2025-11-16 20:38:32.160000+00:00,B09
6978,2025-11-16 20:40:15.240000+00:00,B09
6979,2025-11-16 21:16:37.520000+00:00,B09
6980,2025-11-16 21:25:32.080000+00:00,B09
6981,2025-11-16 21:26:31.360000+00:00,B09
6982,2025-11-16 21:31:16.140000+00:00,B09
6983,2025-11-16 22:17:46.560000+00:00,B09
6985,2025-11-16 23:14:52.120000+00:00,B09
6986,2025-11-16 23:20:24.720000+00:00,B09
6988,2025-11-16 23:35:52+00:00,B09
6989,2025-11-16 23:51:38.800000+00:00,B09
6992,2025-11-17 01:17:25.850000+00:00,B09
6993,2025-11-17 01:42:59.710000+00:00,B09
6994,2025-11-17 01:52:42.500000+00:00,B09
6995,2025-11-17 01:57:44.390000+00:00,B09
6996,2025-11-17 01:58:35.940000+00:00,B09
6997,2025-11-17 02:04:44.230000+00:00,B09
6998,2025-11-17 02:10:29.240000+00:00,B09
7000,2025-11-17 02:54:04.500000+00:00,B09
7001,2025-11-17 03:01:45.920000+00:00,B09
7003,2025-11-17 04:26:43.380000+00:00,B09
7004,2025-11-17 04:31:21.790000+00:00,B09
7005,2025-11-17 05:00:53.460000+00:00,B09
7006,2025-11-17 05:02:49.010000+00:00,B09
7007,2025-11-17 05:18:34.070000+00:00,B09
7008,2025-11-17 05:29:56.420000+00:00,B09
7009,2025-11-17 05:42:21.240000+00:00,B09
7010,2025-11-17 05:54:11.960000+00:00,B09
7013,2025-11-17 06:26:38.080000+00:00,B09
7014,2025-11-17 06:51:46.790000+00:00,B09
7015,2025-11-17 07:12:59.360000+00:00,B09
7016,2025-11-17 07:24:43.380000+00:00,B09
7017,2025-11-17 07:29:17.580000+00:00,B09
7020,2025-11-17 08:01:17.620000+00:00,B09
7021,2025-11-17 08:04:41.200000+00:00,B09
7022,2025-11-17 08:44:29.920000+00:00,B09
7023,2025-11-17 08:48:35.460000+00:00,B09
7024,2025-11-17 08:56:43.410000+00:00,B09
7026,2025-11-17 09:44:31.340000+00:00,B09
7027,2025-11-17 10:15:01.100000+00:00,B09
7028,2025-11-17 10:54:10.780000+00:00,B09
7029,2025-11-17 11:13:48.780000+00:00,B09
7030,2025-11-17 11:37:38.810000+00:00,B09
7031,2025-11-17 11:39:51.820000+00:00,B09
7033,2025-11-17 12:20:57.490000+00:00,B09
7034,2025-11-17 12:23:50.840000+00:00,B09
7035,2025-11-17 13:11:57.430000+00:00,B09
7036,2025-11-17 13:28:29.540000+00:00,B09
7037,2025-11-17 13:42:47.710000+00:00,B09
7038,2025-11-17 14:57:19.640000+00:00,B09
7040,2025-11-17 15:43:57+00:00,B09
7041,2025-11-17 16:15:02.390000+00:00,B09
7042,2025-11-17 16:20:26.800000+00:00,B09
7043,2025-11-17 16:23:00.950000+00:00,B09
7044,2025-11-17 16:43:00.130000+00:00,B09
7045,2025-11-17 16:45:47.260000+00:00,B09
7047,2025-11-17 16:55:47.520000+00:00,B09
7048,2025-11-17 17:00:24.480000+00:00,B09
7049,2025-11-17 17:23:08.040000+00:00,B09
7050,2025-11-17 17:39:49.540000+00:00,B09
7052,2025-11-17 18:15:11.520000+00:00,B09
7055,2025-11-17 19:03:01.720000+00:00,B09
7056,2025-11-17 19:04:40.620000+00:00,B09
7057,2025-11-17 19:06:33.560000+00:00,B09
7058,2025-11-17 19:10:47.400000+00:00,B09
7059,2025-11-17 19:11:25.200000+00:00,B09
7060,2025-11-17 19:12:25.140000+00:00,B09
7061,2025-11-17 19:13:49.280000+00:00,B09
7062,2025-11-17 19:16:37.840000+00:00,B09
7063,2025-11-17 19:17:34.220000+00:00,B09
7064,2025-11-17 19:18:12.160000+00:00,B09
7065,2025-11-17 19:19:46.440000+00:00,B09
7066,2025-11-17 19:21:25.840000+00:00,B09
7067,2025-11-17 19:22:19.440000+00:00,B09
7068,2025-11-17 19:22:59.920000+00:00,B09
7069,2025-11-17 19:24:46.040000+00:00,B09
7070,2025-11-17 19:27:01.960000+00:00,B09
7071,2025-11-17 19:28:39.120000+00:00,B09
7072,2025-11-17 19:29:26.100000+00:00,B09
7073,2025-11-17 19:30:10.360000+00:00,B09
7074,2025-11-17 19:30:38.080000+00:00,B09
7075,2025-11-17 19:31:21.200000+00:00,B09
7076,2025-11-17 19:34:45.240000+00:00,B09
7077,2025-11-17 19:35:54.840000+00:00,B09
7078,2025-11-17 19:37:31.760000+00:00,B09
7080,2025-11-17 20:00:24.040000+00:00,B09
7081,2025-11-17 20:01:51.180000+00:00,B09
7082,2025-11-17 20:10:01.560000+00:00,B09
7083,2025-11-17 20:20:25.360000+00:00,B09
7084,2025-11-17 20:33:37.240000+00:00,B09
7085,2025-11-17 20:33:57.200000+00:00,B09
7086,2025-11-17 20:47:19.360000+00:00,B09
7087,2025-11-17 20:48:36.860000+00:00,B09
7088,2025-11-17 20:52:22.240000+00:00,B09
7089,2025-11-17 20:57:08.600000+00:00,B09
7090,2025-11-17 21:02:36.440000+00:00,B09
7091,2025-11-17 21:20:47.660000+00:00,B09
7094,2025-11-17 21:33:07.140000+00:00,B09
7095,2025-11-17 21:39:33.040000+00:00,B09
7096,2025-11-17 21:59:26.080000+00:00,B09
7097,2025-11-17 22:12:34.100000+00:00,B09
7098,2025-11-17 22:27:41.400000+00:00,B09
7099,2025-11-17 22:41:02.960000+00:00,B09
7100,2025-11-17 22:58:21.800000+00:00,B09
7101,2025-11-17 23:00:01.440000+00:00,B09
7102,2025-11-17 23:04:32.960000+00:00,B09
7103,2025-11-17 23:05:38.440000+00:00,B09
7104,2025-11-17 23:06:15.760000+00:00,B09
7105,2025-11-17 23:13:56.820000+00:00,B09
7106,2025-11-17 23:26:14.440000+00:00,B09
7107,2025-11-17 23:35:30.960000+00:00,B09
7108,2025-11-17 23:48:02.480000+00:00,B09
7109,2025-11-18 00:01:14.150000+00:00,B09
7110,2025-11-18 00:11:33.080000+00:00,B09
7111,2025-11-18 00:23:05.540000+00:00,B09
7112,2025-11-18 00:28:09.430000+00:00,B09
7113,2025-11-18 00:38:06.180000+00:00,B09
7114,2025-11-18 00:41:42.730000+00:00,B09
7115,2025-11-18 01:12:36.210000+00:00,B09
7116,2025-11-18 01:38:45.780000+00:00,B09
7117,2025-11-18 01:41:28.430000+00:00,B09
7118,2025-11-18 01:56:42.360000+00:00,B09
7125,2025-11-18 02:32:51.100000+00:00,B09
7126,2025-11-18 02:36:29.640000+00:00,B09
7127,2025-11-18 02:41:28.330000+00:00,B09
7130,2025-11-18 02:54:16.950000+00:00,B09
7134,2025-11-18 03:29:58.700000+00:00,B09
7135,2025-11-18 03:31:18.510000+00:00,B09
7136,2025-11-18 03:44:22.650000+00:00,B09
7138,2025-11-18 03:49:34.540000+00:00,B09
7139,2025-11-18 03:54:47.320000+00:00,B09
7140,2025-11-18 04:10:02.410000+00:00,B09
7141,2025-11-18 04:15:42.660000+00:00,B09
7143,2025-11-18 04:25:39.470000+00:00,B09
7144,2025-11-18 04:43:24.930000+00:00,B09
7145,2025-11-18 04:56:25.420000+00:00,B09
7146,2025-11-18 04:59:37.590000+00:00,B09
7147,2025-11-18 05:45:01.160000+00:00,B09
7148,2025-11-18 05:58:05.710000+00:00,B09
7151,2025-11-18 06:18:56.100000+00:00,B09
7152,2025-11-18 06:46:00.440000+00:00,B09
7154,2025-11-18 06:58:26.790000+00:00,B09
7157,2025-11-18 07:09:31.630000+00:00,B09
7158,2025-11-18 07:44:15.380000+00:00,B09
7159,2025-11-18 07:46:58.550000+00:00,B09
7160,2025-11-18 07:54:54.530000+00:00,B09
7161,2025-11-18 07:56:16.600000+00:00,B09
7162,2025-11-18 07:59:50.760000+00:00,B09
7175,2025-11-18 09:22:35.860000+00:00,B09
7177,2025-11-18 09:27:16.590000+00:00,B09
7178,2025-11-18 09:29:34.410000+00:00,B09
7182,2025-11-18 09:38:34.380000+00:00,B09
7183,2025-11-18 09:40:15.450000+00:00,B09
7184,2025-11-18 09:43:55.750000+00:00,B09
7186,2025-11-18 09:48:13.360000+00:00,B09
7191,2025-11-18 10:28:53.940000+00:00,B09
7196,2025-11-18 11:00:43.960000+00:00,B09
7199,2025-11-18 11:15:02.630000+00:00,B09
7200,2025-11-18 11:38:47.320000+00:00,B09
7201,2025-11-18 11:38:49.750000+00:00,B09
7202,2025-11-18 11:49:55.630000+00:00,B09
7204,2025-11-18 12:01:47.960000+00:00,B09
7205,2025-11-18 12:03:11.620000+00:00,B09
7207,2025-11-18 12:16:11.630000+00:00,B09
7208,2025-11-18 12:16:45.290000+00:00,B09
7209,2025-11-18 12:18:33.080000+00:00,B09
7211,2025-11-18 12:38:21.540000+00:00,B09
7214,2025-11-18 13:05:42.530000+00:00,B09
7217,2025-11-18 14:11:34.720000+00:00,B09
7219,2025-11-18 14:36:45.170000+00:00,B09
7220,2025-11-18 14:40:16.190000+00:00,B09
7221,2025-11-18 15:00:48.530000+00:00,B09
7222,2025-11-18 15:11:00.910000+00:00,B09
7223,2025-11-18 15:14:38.320000+00:00,B09
7225,2025-11-18 15:35:17.190000+00:00,B09
7226,2025-11-18 15:38:28.580000+00:00,B09
7228,2025-11-18 16:40:12.400000+00:00,B09
7229,2025-11-18 16:45:13.620000+00:00,B09
7230,2025-11-18 16:46:34.130000+00:00,B09
7231,2025-11-18 17:50:55.360000+00:00,B09
7233,2025-11-18 18:21:43.440000+00:00,B09
7234,2025-11-18 19:18:21.280000+00:00,B09
7236,2025-11-18 19:27:57.040000+00:00,B09
7237,2025-11-18 19:57:21.700000+00:00,B09
7238,2025-11-18 20:18:33.360000+00:00,B09
7240,2025-11-18 21:50:02.860000+00:00,B09
7241,2025-11-18 22:13:13.160000+00:00,B09
7242,2025-11-18 23:08:50.840000+00:00,B09
7243,2025-11-18 23:16:22.880000+00:00,B09
7244,2025-11-18 23:41:15.840000+00:00,B09
7245,2025-11-19 00:34:35.560000+00:00,B09
7246,2025-11-19 00:58:50.690000+00:00,B09
7247,2025-11-19 01:12:18.330000+00:00,B09
7249,2025-11-19 02:05:11.570000+00:00,B09
7250,2025-11-19 02:06:36+00:00,B09
7251,2025-11-19 02:23:19.870000+00:00,B09
7252,2025-11-19 02:24:56.540000+00:00,B09
7253,2025-11-19 02:27:32.300000+00:00,B09
7254,2025-11-19 02:32:07.360000+00:00,B09
7255,2025-11-19 02:33:19.750000+00:00,B09
7256,2025-11-19 02:36:40.420000+00:00,B09
7258,2025-11-19 02:56:20.490000+00:00,B09
7259,2025-11-19 02:57:09.740000+00:00,B09
7260,2025-11-19 02:59:31.580000+00:00,B09
7261,2025-11-19 03:00:14.400000+00:00,B09
7262,2025-11-19 03:04:24.510000+00:00,B09
7263,2025-11-19 03:11:26.140000+00:00,B09
7264,2025-11-19 03:20:23.430000+00:00,B09
7265,2025-11-19 03:21:12.960000+00:00,B09
7266,2025-11-19 03:32:13.880000+00:00,B09
7267,2025-11-19 03:40:57.760000+00:00,B09
7268,2025-11-19 03:43:33.550000+00:00,B09
7270,2025-11-19 03:47:16.840000+00:00,B09
7271,2025-11-19 03:58:53.310000+00:00,B09
7272,2025-11-19 04:08:40.640000+00:00,B09
7273,2025-11-19 04:18:21.170000+00:00,B09
7276,2025-11-19 04:50:15.970000+00:00,B09
7277,2025-11-19 04:50:37.220000+00:00,B09
7278,2025-11-19 04:51:14.580000+00:00,B09
7279,2025-11-19 05:04:41.920000+00:00,B09
7280,2025-11-19 05:26:03.700000+00:00,B09
7281,2025-11-19 05:33:39.940000+00:00,B09
7282,2025-11-19 05:35:27.540000+00:00,B09
7283,2025-11-19 05:53:43.780000+00:00,B09
7286,2025-11-19 06:19:02.450000+00:00,B09
7287,2025-11-19 06:27:51.130000+00:00,B09
7288,2025-11-19 06:30:33.170000+00:00,B09
7289,2025-11-19 06:39:42.580000+00:00,B09
7290,2025-11-19 06:41:13.730000+00:00,B09
7291,2025-11-19 07:26:07.250000+00:00,B09
7292,2025-11-19 07:33:40.440000+00:00,B09
7294,2025-11-19 08:50:37.290000+00:00,B09
7295,2025-11-19 09:01:29.870000+00:00,B09
7297,2025-11-19 09:36:23.270000+00:00,B09
7298,2025-11-19 09:39:12.010000+00:00,B09
7299,2025-11-19 10:09:47.500000+00:00,B09
7300,2025-11-19 10:15:13.930000+00:00,B09
7302,2025-11-19 10:34:16.770000+00:00,B09
7303,2025-11-19 10:36:04.560000+00:00,B09
7304,2025-11-19 10:50:15.800000+00:00,B09
7305,2025-11-19 10:54:54.930000+00:00,B09
7306,2025-11-19 10:56:51.490000+00:00,B09
7307,2025-11-19 11:13:14.590000+00:00,B09
7308,2025-11-19 11:15:20.110000+00:00,B09
7309,2025-11-19 11:16:18+00:00,B09
7310,2025-11-19 11:17:55.330000+00:00,B09
7314,2025-11-19 12:40:07.420000+00:00,B09
7315,2025-11-19 12:55:30.020000+00:00,B09
7316,2025-11-19 13:11:18.190000+00:00,B09
7317,2025-11-19 13:13:38.840000+00:00,B09
7318,2025-11-19 13:25:14.600000+00:00,B09
7319,2025-11-19 13:33:04.260000+00:00,B09
7320,2025-11-19 13:36:15.810000+00:00,B09
7321,2025-11-19 14:04:19.770000+00:00,B09
7322,2025-11-19 14:23:15.380000+00:00,B09
7323,2025-11-19 14:24:12.900000+00:00,B09
7324,2025-11-19 14:26:30.510000+00:00,B09
7325,2025-11-19 14:34:07.320000+00:00,B09
7326,2025-11-19 14:39:04.830000+00:00,B09
7329,2025-11-19 15:37:13.240000+00:00,B09
7331,2025-11-19 16:43:02.910000+00:00,B09
7332,2025-11-19 17:59:08.920000+00:00,B09
7333,2025-11-19 18:00:18.520000+00:00,B09
7335,2025-11-19 18:47:59.760000+00:00,B09
7337,2025-11-19 19:58:47.280000+00:00,B09
7338,2025-11-19 20:12:15.080000+00:00,B09
7339,2025-11-19 20:21:12.700000+00:00,B09
7340,2025-11-19 20:33:40.560000+00:00,B09
7342,2025-11-19 22:12:31.520000+00:00,B09
7343,2025-11-19 22:19:32.320000+00:00,B09
7344,2025-11-19 22:20:54.800000+00:00,B09
7345,2025-11-19 22:45:21.560000+00:00,B09
7346,2025-11-19 23:07:36.960000+00:00,B09
7348,2025-11-20 00:21:28.360000+00:00,B09
7349,2025-11-20 00:42:44.050000+00:00,B09
7350,2025-11-20 00:51:10.670000+00:00,B09
7351,2025-11-20 01:06:43.850000+00:00,B09
7353,2025-11-20 01:22:28.740000+00:00,B09
7354,2025-11-20 01:43:52.070000+00:00,B09
7355,2025-11-20 02:14:14.670000+00:00,B09
7356,2025-11-20 02:23:19.420000+00:00,B09
7357,2025-11-20 02:42:59.880000+00:00,B09
7358,2025-11-20 02:43:10.260000+00:00,B09
7359,2025-11-20 02:48:23.330000+00:00,B09
7360,2025-11-20 02:53:47.520000+00:00,B09
7361,2025-11-20 02:55:40.340000+00:00,B09
7362,2025-11-20 03:51:06.740000+00:00,B09
7363,2025-11-20 04:10:53.860000+00:00,B09
7364,2025-11-20 04:12:39.260000+00:00,B09
7365,2025-11-20 04:15:57.550000+00:00,B09
7366,2025-11-20 04:19:24.210000+00:00,B09
7367,2025-11-20 04:50:27.760000+00:00,B09
7368,2025-11-20 04:51:36.520000+00:00,B09
7369,2025-11-20 06:21:42.650000+00:00,B09
7370,2025-11-20 06:24:57.530000+00:00,B09
7373,2025-11-20 06:57:01.320000+00:00,B09
7374,2025-11-20 07:01:20+00:00,B09
7375,2025-11-20 07:14:00.470000+00:00,B09
7378,2025-11-20 07:39:25.540000+00:00,B09
7379,2025-11-20 07:39:46.170000+00:00,B09
7380,2025-11-20 07:43:43.720000+00:00,B09
7381,2025-11-20 07:47:21.840000+00:00,B09
7384,2025-11-20 08:51:55.160000+00:00,B09
7385,2025-11-20 08:58:53.400000+00:00,B09
7386,2025-11-20 09:08:51.680000+00:00,B09
7387,2025-11-20 09:15:19.260000+00:00,B09
7388,2025-11-20 09:18:14.840000+00:00,B09
7389,2025-11-20 09:20:13.490000+00:00,B09
7390,2025-11-20 09:21:34.440000+00:00,B09
7391,2025-11-20 09:30:10.140000+00:00,B09
7392,2025-11-20 09:35:44.760000+00:00,B09
7394,2025-11-20 09:51:35.150000+00:00,B09
7395,2025-11-20 09:54:51.220000+00:00,B09
7396,2025-11-20 10:46:55.650000+00:00,B09
7397,2025-11-20 10:51:41.070000+00:00,B09
7398,2025-11-20 10:55:11.920000+00:00,B09
7399,2025-11-20 11:45:56.870000+00:00,B09
7400,2025-11-20 11:47:23.220000+00:00,B09
7401,2025-11-20 12:13:27.160000+00:00,B09
7402,2025-11-20 12:53:46.760000+00:00,B09
7403,2025-11-20 12:54:39.080000+00:00,B09
7404,2025-11-20 13:00:48.630000+00:00,B09
7405,2025-11-20 13:18:43.850000+00:00,B09
7407,2025-11-20 14:02:43.140000+00:00,B09
7408,2025-11-20 14:06:39.310000+00:00,B09
7409,2025-11-20 14:08:02.080000+00:00,B09
7410,2025-11-20 14:11:21.070000+00:00,B09
7412,2025-11-20 14:42:46.600000+00:00,B09
7413,2025-11-20 14:46:44.320000+00:00,B09
7414,2025-11-20 15:28:04.210000+00:00,B09
7415,2025-11-20 15:30:05.100000+00:00,B09
7417,2025-11-20 15:38:29.620000+00:00,B09
7419,2025-11-20 15:45:22.730000+00:00,B09
7420,2025-11-20 15:52:02.710000+00:00,B09
7421,2025-11-20 16:02:01.600000+00:00,B09
7422,2025-11-20 16:03:11.540000+00:00,B09
7423,2025-11-20 16:10:31.200000+00:00,B09
7424,2025-11-20 16:12:49.630000+00:00,B09
7426,2025-11-20 16:47:31.780000+00:00,B09
7428,2025-11-20 17:49:27.420000+00:00,B09
7432,2025-11-20 19:37:18.840000+00:00,B09
7433,2025-11-20 19:50:46.980000+00:00,B09
7434,2025-11-20 19:52:11.200000+00:00,B09
7435,2025-11-20 19:52:48.120000+00:00,B09
7436,2025-11-20 19:53:45.720000+00:00,B09
7437,2025-11-20 19:58:14.800000+00:00,B09
7438,2025-11-20 19:59:01.680000+00:00,B09
7439,2025-11-20 19:59:27.720000+00:00,B09
7440,2025-11-20 20:03:12.240000+00:00,B09
7442,2025-11-20 21:09:20.700000+00:00,B09
7443,2025-11-20 22:23:15.040000+00:00,B09
7444,2025-11-20 22:40:52.740000+00:00,B09
7450,2025-11-20 23:10:26.400000+00:00,B09
7451,2025-11-20 23:17:52.320000+00:00,B09
7452,2025-11-20 23:19:35.560000+00:00,B09
7455,2025-11-20 23:52:36.980000+00:00,B09
7458,2025-11-21 01:19:03.020000+00:00,B09
7463,2025-11-21 02:45:25.780000+00:00,B09
7464,2025-11-21 02:46:45.490000+00:00,B09
7467,2025-11-21 03:14:56.850000+00:00,B09
7469,2025-11-21 03:42:33.630000+00:00,B09
7471,2025-11-21 03:47:01.620000+00:00,B09
7475,2025-11-21 04:34:45.090000+00:00,B09
7476,2025-11-21 04:43:35.840000+00:00,B09
7481,2025-11-21 05:30:29.490000+00:00,B09
7486,2025-11-21 06:23:34.730000+00:00,B09
7492,2025-11-21 08:47:30.750000+00:00,B09
7493,2025-11-21 08:59:13.870000+00:00,B09
7494,2025-11-21 09:44:39.460000+00:00,B09
7495,2025-11-21 09:49:36.610000+00:00,B09
7496,2025-11-21 09:54:37.800000+00:00,B09
7497,2025-11-21 09:56:42.730000+00:00,B09
7498,2025-11-21 10:10:55.230000+00:00,B09
7499,2025-11-21 10:20:53.550000+00:00,B09
7502,2025-11-21 10:51:23.380000+00:00,B09
7503,2025-11-21 10:57:36.450000+00:00,B09
7507,2025-11-21 11:32:04.260000+00:00,B09
7509,2025-11-21 12:22:05.090000+00:00,B09
7510,2025-11-21 12:23:46.690000+00:00,B09
7511,2025-11-21 12:25:11.910000+00:00,B09
7512,2025-11-21 12:30:00.690000+00:00,B09
7513,2025-11-21 12:33:40.400000+00:00,B09
7514,2025-11-21 12:34:05.950000+00:00,B09
7515,2025-11-21 12:34:50.450000+00:00,B09
7517,2025-11-21 12:39:08.500000+00:00,B09
7518,2025-11-21 12:43:17.340000+00:00,B09
7520,2025-11-21 12:45:24.190000+00:00,B09
7521,2025-11-21 12:48:14.590000+00:00,B09
7522,2025-11-21 12:50:59.820000+00:00,B09
7523,2025-11-21 12:56:12.770000+00:00,B09
7524,2025-11-21 13:00:37.290000+00:00,B09
7525,2025-11-21 13:02:15.350000+00:00,B09
7526,2025-11-21 13:03:04.010000+00:00,B09
7527,2025-11-21 13:04:50.230000+00:00,B09
7528,2025-11-21 13:08:44.350000+00:00,B09
7529,2025-11-21 13:14:34.100000+00:00,B09
7530,2025-11-21 13:20:19.900000+00:00,B09
7531,2025-11-21 13:22:26.540000+00:00,B09
7532,2025-11-21 13:25:50.220000+00:00,B09
7533,2025-11-21 13:31:46.560000+00:00,B09
7534,2025-11-21 13:39:16.910000+00:00,B09
7535,2025-11-21 13:40:08.890000+00:00,B09
7536,2025-11-21 13:40:27.790000+00:00,B09
7537,2025-11-21 13:47:37.480000+00:00,B09
7538,2025-11-21 13:53:17.750000+00:00,B09
7539,2025-11-21 14:03:09.740000+00:00,B09
7541,2025-11-21 14:27:15.520000+00:00,B09
7542,2025-11-21 14:31:14.960000+00:00,B09
7543,2025-11-21 14:33:57.790000+00:00,B09
7544,2025-11-21 14:37:30.420000+00:00,B09
7545,2025-11-21 14:42:16.170000+00:00,B09
7546,2025-11-21 14:58:39.330000+00:00,B09
7547,2025-11-21 15:01:44.130000+00:00,B09
7552,2025-11-21 15:31:35.260000+00:00,B09
7553,2025-11-21 15:33:18.050000+00:00,B09
7555,2025-11-21 15:36:12.420000+00:00,B09
7556,2025-11-21 15:41:40.470000+00:00,B09
7557,2025-11-21 16:08:41.260000+00:00,B09
7558,2025-11-21 16:16:57.330000+00:00,B09
7561,2025-11-21 16:40:04.220000+00:00,B09
7563,2025-11-21 16:48:55.160000+00:00,B09
7564,2025-11-21 16:50:50.120000+00:00,B09
7567,2025-11-21 17:07:52.780000+00:00,B09
7568,2025-11-21 17:28:12.240000+00:00,B09
7569,2025-11-21 17:32:42.080000+00:00,B09
7570,2025-11-21 17:44:08.800000+00:00,B09
7572,2025-11-21 17:55:40.040000+00:00,B09
7574,2025-11-21 18:00:51.020000+00:00,B09
7575,2025-11-21 18:06:36.640000+00:00,B09
7576,2025-11-21 18:19:22.160000+00:00,B09
7579,2025-11-21 18:35:09.680000+00:00,B09
7580,2025-11-21 18:45:29.520000+00:00,B09
7582,2025-11-21 20:23:24.760000+00:00,B09
7584,2025-11-21 23:05:44.040000+00:00,B09
7588,2025-11-22 00:03:45.200000+00:00,B09
7589,2025-11-22 00:09:24.980000+00:00,B09
7590,2025-11-22 00:10:03.160000+00:00,B09
7592,2025-11-22 00:35:19.920000+00:00,B09
7593,2025-11-22 00:37:47.720000+00:00,B09
7594,2025-11-22 01:01:24.400000+00:00,B09
7595,2025-11-22 01:50:37.790000+00:00,B09
7597,2025-11-22 02:21:21.210000+00:00,B09
7598,2025-11-22 02:28:07.580000+00:00,B09
7600,2025-11-22 02:55:08.920000+00:00,B09
7602,2025-11-22 03:18:15.110000+00:00,B09
7604,2025-11-22 03:54:13.750000+00:00,B09
7605,2025-11-22 04:12:04.770000+00:00,B09
7609,2025-11-22 05:16:49.900000+00:00,B09
7611,2025-11-22 05:50:05.380000+00:00,B09
7612,2025-11-22 06:10:28.910000+00:00,B09
7613,2025-11-22 06:15:03.780000+00:00,B09
7614,2025-11-22 07:54:18.070000+00:00,B09
7616,2025-11-22 08:08:27.820000+00:00,B09
7617,2025-11-22 08:09:31.300000+00:00,B09
7620,2025-11-22 08:51:35.690000+00:00,B09
7621,2025-11-22 08:52:35.010000+00:00,B09
7622,2025-11-22 09:00:52.240000+00:00,B09
7624,2025-11-22 09:39:14.910000+00:00,B09
7629,2025-11-22 13:02:32.950000+00:00,B09
7630,2025-11-22 13:09:24.560000+00:00,B09
7631,2025-11-22 13:21:11.580000+00:00,B09
7632,2025-11-22 13:35:12.330000+00:00,B09
7634,2025-11-22 14:21:57.720000+00:00,B09
7636,2025-11-22 14:36:15.050000+00:00,B09
7638,2025-11-22 14:42:15.890000+00:00,B09
7639,2025-11-22 14:47:29.700000+00:00,B09
7640,2025-11-22 14:53:00.670000+00:00,B09
7641,2025-11-22 15:03:02.310000+00:00,B09
7644,2025-11-22 15:59:54.760000+00:00,B09
7646,2025-11-22 16:54:06.680000+00:00,B09
7647,2025-11-22 17:04:37.080000+00:00,B09
7648,2025-11-22 17:08:37.240000+00:00,B09
7649,2025-11-22 17:37:54.080000+00:00,B09
7650,2025-11-22 17:47:20.560000+00:00,B09
7651,2025-11-22 18:51:29.380000+00:00,B09
7652,2025-11-22 19:02:17.800000+00:00,B09
7654,2025-11-22 19:38:28.540000+00:00,B09
7656,2025-11-22 19:44:20.520000+00:00,B09
7661,2025-11-22 23:05:56.320000+00:00,B09
7662,2025-11-22 23:51:32.320000+00:00,B09
7663,2025-11-22 23:58:00.400000+00:00,B09
7667,2025-11-23 01:30:09.480000+00:00,B09
7668,2025-11-23 02:33:19.770000+00:00,B09
7669,2025-11-23 02:51:35.750000+00:00,B09
7670,2025-11-23 03:17:22.820000+00:00,B09
7671,2025-11-23 03:35:09.170000+00:00,B09
7673,2025-11-23 03:42:42.320000+00:00,B09
7685,2025-11-23 05:55:26.290000+00:00,B09
7686,2025-11-23 05:58:10.410000+00:00,B09
7688,2025-11-23 06:16:44.250000+00:00,B09
7690,2025-11-23 06:34:19.330000+00:00,B09
7694,2025-11-23 07:09:19.940000+00:00,B09
7695,2025-11-23 07:11:55.350000+00:00,B09
7700,2025-11-23 08:55:37.970000+00:00,B09
7703,2025-11-23 09:37:19.030000+00:00,B09
7705,2025-11-23 09:56:38.040000+00:00,B09
7708,2025-11-23 10:22:04.930000+00:00,B09
7710,2025-11-23 10:36:20.220000+00:00,B09
7714,2025-11-23 11:26:07.490000+00:00,B09
7717,2025-11-23 12:02:05.090000+00:00,B09
7719,2025-11-23 12:32:46.260000+00:00,B09
7720,2025-11-23 13:15:37.120000+00:00,B09
7724,2025-11-23 13:38:01.980000+00:00,B09
7725,2025-11-23 13:56:28.170000+00:00,B09
7726,2025-11-23 14:22:04.410000+00:00,B09
7727,2025-11-23 14:42:43.420000+00:00,B09
7728,2025-11-23 14:49:22.880000+00:00,B09
7729,2025-11-23 14:56:36.560000+00:00,B09
7730,2025-11-23 15:19:55.430000+00:00,B09
7732,2025-11-23 16:15:46.740000+00:00,B09
7733,2025-11-23 16:20:26.910000+00:00,B09
7734,2025-11-23 16:27:40.960000+00:00,B09
7735,2025-11-23 16:27:51.230000+00:00,B09
7738,2025-11-23 17:26:44.020000+00:00,B09
7741,2025-11-23 17:47:56.360000+00:00,B09
7742,2025-11-23 17:48:14.760000+00:00,B09
7745,2025-11-23 18:12:06.480000+00:00,B09
7749,2025-11-23 18:50:59.880000+00:00,B09
7751,2025-11-23 19:42:43.600000+00:00,B09
7753,2025-11-23 21:25:37.040000+00:00,B09
7755,2025-11-23 21:40:42.360000+00:00,B09
7758,2025-11-23 22:41:35.320000+00:00,B09
7759,2025-11-23 22:45:44.760000+00:00,B09
7760,2025-11-23 22:58:47.620000+00:00,B09
7763,2025-11-23 23:38:03.920000+00:00,B09
7765,2025-11-24 00:11:55.080000+00:00,B09
7766,2025-11-24 01:51:20.880000+00:00,B09
7767,2025-11-24 02:04:09.470000+00:00,B09
7770,2025-11-24 02:34:37.620000+00:00,B09
7774,2025-11-24 03:07:29.820000+00:00,B09
7775,2025-11-24 03:09:24.190000+00:00,B09
7776,2025-11-24 03:18:17.600000+00:00,B09
7779,2025-11-24 04:13:38.500000+00:00,B09
7780,2025-11-24 04:25:14.470000+00:00,B09
7781,2025-11-24 04:34:15+00:00,B09
7782,2025-11-24 04:47:44.260000+00:00,B09
7785,2025-11-24 05:38:36.380000+00:00,B09
7787,2025-11-24 06:12:57.380000+00:00,B09
7788,2025-11-24 06:24:03.330000+00:00,B09
7789,2025-11-24 06:48:16.660000+00:00,B09
7790,2025-11-24 06:55:38.910000+00:00,B09
7791,2025-11-24 07:16:00.310000+00:00,B09
7792,2025-11-24 07:34:46.930000+00:00,B09
7793,2025-11-24 07:40:35.590000+00:00,B09
7794,2025-11-24 07:52:26.010000+00:00,B09
7795,2025-11-24 07:53:25.400000+00:00,B09
7797,2025-11-24 08:27:18.690000+00:00,B09
7800,2025-11-24 08:43:34.710000+00:00,B09
7802,2025-11-24 09:10:21.060000+00:00,B09
7803,2025-11-24 09:12:32.560000+00:00,B09
7804,2025-11-24 09:24:20.750000+00:00,B09
7805,2025-11-24 09:25:56.030000+00:00,B09
7806,2025-11-24 09:55:37.910000+00:00,B09
7808,2025-11-24 10:16:57.010000+00:00,B09
7811,2025-11-24 10:53:27.360000+00:00,B09
7812,2025-11-24 11:10:27.860000+00:00,B09
7813,2025-11-24 12:02:48.120000+00:00,B09
7815,2025-11-24 12:32:56.280000+00:00,B09
7817,2025-11-24 13:14:41.680000+00:00,B09
7818,2025-11-24 13:17:30.970000+00:00,B09
7820,2025-11-24 13:51:35.380000+00:00,B09
7821,2025-11-24 13:55:55.670000+00:00,B09
7822,2025-11-24 13:57:08.190000+00:00,B09
7824,2025-11-24 14:16:13.080000+00:00,B09
7825,2025-11-24 14:16:38.220000+00:00,B09
7826,2025-11-24 14:19:58.200000+00:00,B09
7827,2025-11-24 14:36:17.660000+00:00,B09
7828,2025-11-24 14:45:12.870000+00:00,B09
7829,2025-11-24 14:52:19.960000+00:00,B09
7830,2025-11-24 15:22:41.010000+00:00,B09
7831,2025-11-24 15:25:16.340000+00:00,B09
7834,2025-11-24 18:17:21.200000+00:00,B09
7837,2025-11-24 18:59:50.560000+00:00,B09
7839,2025-11-24 19:12:13.100000+00:00,B09
7840,2025-11-24 19:16:47.240000+00:00,B09
7842,2025-11-24 20:28:25.240000+00:00,B09
7843,2025-11-24 20:54:50.540000+00:00,B09
7844,2025-11-24 21:04:59.040000+00:00,B09
7845,2025-11-24 21:45:50.040000+00:00,B09
7846,2025-11-24 21:58:03.760000+00:00,B09
7847,2025-11-24 22:20:50.360000+00:00,B09
7848,2025-11-24 23:46:13.560000+00:00,B09
7849,2025-11-24 23:57:12+00:00,B09
7850,2025-11-25 00:06:20.150000+00:00,B09
7851,2025-11-25 00:09:28.950000+00:00,B09
7852,2025-11-25 00:18:25.680000+00:00,B09
7853,2025-11-25 00:48:00.370000+00:00,B09
7854,2025-11-25 00:51:26.850000+00:00,B09
7855,2025-11-25 01:20:46.970000+00:00,B09
7856,2025-11-25 01:59:59.690000+00:00,B09
7857,2025-11-25 02:02:30.030000+00:00,B09
7864,2025-11-25 03:08:03.640000+00:00,B09
7868,2025-11-25 03:43:41.090000+00:00,B09
7869,2025-11-25 03:44:12.700000+00:00,B09
7870,2025-11-25 04:03:59.750000+00:00,B09
7880,2025-11-25 09:12:15.760000+00:00,B09
7881,2025-11-25 09:29:13.320000+00:00,B09
7884,2025-11-25 10:23:46.990000+00:00,B09
7885,2025-11-25 11:13:29.370000+00:00,B09
7888,2025-11-25 11:47:01.370000+00:00,B09
7889,2025-11-25 11:47:30.880000+00:00,B09
7890,2025-11-25 11:51:34.650000+00:00,B09
7891,2025-11-25 12:09:50.510000+00:00,B09
7893,2025-11-25 12:28:38.420000+00:00,B09
7894,2025-11-25 14:12:33.770000+00:00,B09
7895,2025-11-25 14:20:02.800000+00:00,B09
7896,2025-11-25 15:33:17.380000+00:00,B09
7897,2025-11-25 15:34:24.890000+00:00,B09
7898,2025-11-25 15:37:40.880000+00:00,B09
7899,2025-11-25 15:42:05.410000+00:00,B09
7900,2025-11-25 16:08:53.980000+00:00,B09
7902,2025-11-25 16:38:10.330000+00:00,B09
7903,2025-11-25 16:54:54.510000+00:00,B09
7904,2025-11-25 17:10:53.120000+00:00,B09
7908,2025-11-25 17:58:25.820000+00:00,B09
7909,2025-11-25 18:15:19.800000+00:00,B09
7912,2025-11-25 21:09:33.120000+00:00,B09
7913,2025-11-25 21:20:26.780000+00:00,B09
7915,2025-11-25 22:15:19.240000+00:00,B09
7917,2025-11-25 22:30:42.920000+00:00,B09
7918,2025-11-25 22:53:42.600000+00:00,B09
7919,2025-11-26 00:37:28.150000+00:00,B09
7920,2025-11-26 01:35:16.870000+00:00,B09
7921,2025-11-26 04:17:25.860000+00:00,B09
7923,2025-11-26 07:03:15.260000+00:00,B09
7925,2025-11-26 08:58:24.620000+00:00,B09
7926,2025-11-26 09:40:32.770000+00:00,B09
7927,2025-11-26 09:40:54.910000+00:00,B09
7928,2025-11-26 10:10:55.480000+00:00,B09
7930,2025-11-26 11:29:14.610000+00:00,B09
7931,2025-11-26 12:06:36.340000+00:00,B09
7932,2025-11-26 12:12:50.790000+00:00,B09
7933,2025-11-26 12:19:15.050000+00:00,B09
7934,2025-11-26 12:32:00.630000+00:00,B09
7935,2025-11-26 12:37:30.310000+00:00,B09
7936,2025-11-26 12:46:30.710000+00:00,B09
7938,2025-11-26 13:15:41.980000+00:00,B09
7939,2025-11-26 13:21:56.390000+00:00,B09
7940,2025-11-26 13:26:35.350000+00:00,B09
7941,2025-11-26 14:19:40.620000+00:00,B09
7943,2025-11-26 14:40:07.940000+00:00,B09
7944,2025-11-26 15:31:24.410000+00:00,B09
7945,2025-11-26 18:55:55+00:00,B09
7946,2025-11-26 20:13:09.640000+00:00,B09
7947,2025-11-26 20:15:05.380000+00:00,B09
7948,2025-11-26 20:22:20.480000+00:00,B09
7950,2025-11-26 22:15:22.520000+00:00,B09
7951,2025-11-26 22:56:25.200000+00:00,B09
7952,2025-11-26 23:04:32.240000+00:00,B09
7954,2025-11-26 23:16:35.620000+00:00,B09
7956,2025-11-27 00:57:28.890000+00:00,B09
7957,2025-11-27 01:08:26.550000+00:00,B09
7958,2025-11-27 01:10:00.840000+00:00,B09
7959,2025-11-27 01:12:39.230000+00:00,B09
7960,2025-11-27 01:44:46.290000+00:00,B09
7961,2025-11-27 01:46:21.080000+00:00,B09
7962,2025-11-27 01:50:05.800000+00:00,B09
7963,2025-11-27 02:26:40.240000+00:00,B09
7964,2025-11-27 02:57:04.300000+00:00,B09
7965,2025-11-27 03:40:15.310000+00:00,B09
7968,2025-11-27 05:43:51.550000+00:00,B09
7970,2025-11-27 05:47:38.730000+00:00,B09
7971,2025-11-27 07:47:53.260000+00:00,B09
7972,2025-11-27 07:58:37.280000+00:00,B09
7973,2025-11-27 08:24:26.140000+00:00,B09
7974,2025-11-27 09:00:34.590000+00:00,B09
7975,2025-11-27 09:03:01.440000+00:00,B09
7976,2025-11-27 09:04:15.990000+00:00,B09
7977,2025-11-27 09:06:41.190000+00:00,B09
7978,2025-11-27 13:15:49.930000+00:00,B09
7981,2025-11-27 16:34:43.160000+00:00,B09
7982,2025-11-27 16:41:31.280000+00:00,B09
7983,2025-11-27 16:49:10.330000+00:00,B09
7985,2025-11-27 18:10:59.900000+00:00,B09
7988,2025-11-27 19:03:32.480000+00:00,B09
7989,2025-11-27 20:12:16.040000+00:00,B09
7990,2025-11-27 20:34:00.320000+00:00,B09
7991,2025-11-27 20:36:19.160000+00:00,B09
7992,2025-11-27 21:06:26.720000+00:00,B09
7993,2025-11-27 21:26:55.240000+00:00,B09
7994,2025-11-27 21:55:18.760000+00:00,B09
7995,2025-11-27 22:03:56.240000+00:00,B09
7996,2025-11-27 22:17:10.760000+00:00,B09
7997,2025-11-27 22:46:20.840000+00:00,B09
8000,2025-11-28 00:03:09.180000+00:00,B09
8001,2025-11-28 00:07:12.930000+00:00,B09
8002,2025-11-28 00:14:34+00:00,B09
8007,2025-11-28 01:37:14.170000+00:00,B09
8008,2025-11-28 02:14:04.300000+00:00,B09
8009,2025-11-28 02:36:47.070000+00:00,B09
8010,2025-11-28 02:57:21.710000+00:00,B09
8012,2025-11-28 04:16:42.610000+00:00,B09
8013,2025-11-28 05:19:37.710000+00:00,B09
8016,2025-11-28 06:01:12.430000+00:00,B09
8017,2025-11-28 06:09:20.510000+00:00,B09
8018,2025-11-28 06:31:42.650000+00:00,B09
8019,2025-11-28 07:28:28.080000+00:00,B09
8020,2025-11-28 07:29:50.390000+00:00,B09
8021,2025-11-28 07:46:00.670000+00:00,B09
8024,2025-11-28 09:10:07.400000+00:00,B09
8025,2025-11-28 09:13:10.270000+00:00,B09
8026,2025-11-28 09:49:03.660000+00:00,B09
8028,2025-11-28 12:12:50.960000+00:00,B09
8029,2025-11-28 13:23:33.910000+00:00,B09
8031,2025-11-28 14:01:18.410000+00:00,B09
8032,2025-11-28 14:27:03.500000+00:00,B09
8035,2025-11-28 17:20:41.280000+00:00,B09
8036,2025-11-28 17:24:37.380000+00:00,B09
8038,2025-11-28 17:40:52.020000+00:00,B09
8039,2025-11-28 17:57:32.800000+00:00,B09
8041,2025-11-28 18:22:08.080000+00:00,B09
8042,2025-11-28 18:37:40.960000+00:00,B09
8045,2025-11-28 21:09:20.960000+00:00,B09
8047,2025-11-28 21:24:17.640000+00:00,B09
8048,2025-11-28 21:28:45.400000+00:00,B09
8050,2025-11-28 22:25:54.520000+00:00,B09
8054,2025-11-28 23:29:55.600000+00:00,B09
8055,2025-11-29 01:22:08.620000+00:00,B09
8056,2025-11-29 01:51:30.240000+00:00,B09
8058,2025-11-29 02:59:50.490000+00:00,B09
8060,2025-11-29 03:48:40.430000+00:00,B09
8061,2025-11-29 03:52:06.780000+00:00,B09
8062,2025-11-29 04:10:19.660000+00:00,B09
8064,2025-11-29 06:17:10.410000+00:00,B09
8068,2025-11-29 09:11:03.730000+00:00,B09
8071,2025-11-29 10:21:43.660000+00:00,B09
8075,2025-11-29 11:21:35.840000+00:00,B09
8077,2025-11-29 11:29:22.530000+00:00,B09
8078,2025-11-29 11:35:08.310000+00:00,B09
8079,2025-11-29 11:41:24.090000+00:00,B09
8081,2025-11-29 11:47:49.710000+00:00,B09
8085,2025-11-29 13:08:13.450000+00:00,B09
8087,2025-11-29 14:50:30.100000+00:00,B09
8090,2025-11-29 16:04:55.080000+00:00,B09
8091,2025-11-29 16:17:41.670000+00:00,B09
8093,2025-11-29 17:04:46.620000+00:00,B09
8096,2025-11-29 17:08:59.660000+00:00,B09
8098,2025-11-29 17:34:18.280000+00:00,B09
8102,2025-11-29 19:04:18.920000+00:00,B09
8103,2025-11-29 19:13:05.880000+00:00,B09
8105,2025-11-29 20:38:20.540000+00:00,B09
8106,2025-11-29 21:46:28.400000+00:00,B09
8107,2025-11-29 21:50:27.980000+00:00,B09
8108,2025-11-29 21:54:01.980000+00:00,B09
8109,2025-11-29 21:54:26.400000+00:00,B09
8110,2025-11-29 21:57:59.300000+00:00,B09
8117,2025-11-30 01:25:44.600000+00:00,B09
8120,2025-11-30 03:19:27.200000+00:00,B09
8121,2025-11-30 03:37:04.580000+00:00,B09
8122,2025-11-30 03:40:08.680000+00:00,B09
8125,2025-11-30 04:54:32.140000+00:00,B09
8126,2025-11-30 04:55:46.530000+00:00,B09
8129,2025-11-30 05:48:16.890000+00:00,B09
8130,2025-11-30 05:59:44.640000+00:00,B09
8132,2025-11-30 06:51:36.860000+00:00,B09
8133,2025-11-30 06:52:38.150000+00:00,B09
8134,2025-11-30 07:41:50.940000+00:00,B09
8138,2025-11-30 12:28:45.120000+00:00,B09
8140,2025-11-30 13:45:48.850000+00:00,B09
8141,2025-11-30 13:57:20.140000+00:00,B09
8143,2025-11-30 14:31:40.390000+00:00,B09
8144,2025-11-30 14:56:47.170000+00:00,B09
8145,2025-11-30 14:58:28.300000+00:00,B09
8146,2025-11-30 17:06:24.800000+00:00,B09
8150,2025-11-30 17:47:44.160000+00:00,B09
8151,2025-11-30 18:45:56.720000+00:00,B09
8152,2025-11-30 18:59:39.880000+00:00,B09
8153,2025-11-30 19:35:34.920000+00:00,B09
8155,2025-11-30 20:57:36.820000+00:00,B09
8156,2025-11-30 21:02:26.960000+00:00,B09
8160,2025-12-01 01:02:03.250000+00:00,B09
8161,2025-12-01 01:03:57.330000+00:00,B09
8162,2025-12-01 01:05:41.440000+00:00,B09
8169,2025-12-01 04:17:23.200000+00:00,B09
8173,2025-12-01 07:54:48.750000+00:00,B09
8174,2025-12-01 09:37:38.660000+00:00,B09
8175,2025-12-01 09:44:02.340000+00:00,B09
8176,2025-12-01 10:26:30.440000+00:00,B09
8177,2025-12-01 11:59:49+00:00,B09
8179,2025-12-01 13:30:58.950000+00:00,B09
8181,2025-12-01 14:32:50.320000+00:00,B09
8182,2025-12-01 14:45:10.380000+00:00,B09
8184,2025-12-01 15:02:34.130000+00:00,B09
8185,2025-12-01 16:28:29.780000+00:00,B09
8187,2025-12-01 17:48:47.200000+00:00,B09
8189,2025-12-01 21:33:04+00:00,B09
8193,2025-12-01 23:55:32.440000+00:00,B09
8194,2025-12-02 00:57:41.270000+00:00,B09
8195,2025-12-02 01:07:05.210000+00:00,B09
8196,2025-12-02 01:46:38.120000+00:00,B09
8198,2025-12-02 02:00:29.140000+00:00,B09
8199,2025-12-02 02:11:14.090000+00:00,B09
8200,2025-12-02 02:12:53.820000+00:00,B09
8203,2025-12-02 03:17:46.800000+00:00,B09
8204,2025-12-02 03:50:24.090000+00:00,B09
8205,2025-12-02 05:56:28.990000+00:00,B09
8206,2025-12-02 06:19:07.760000+00:00,B09
8208,2025-12-02 06:46:52.340000+00:00,B09
8209,2025-12-02 07:02:54.320000+00:00,B09
8212,2025-12-02 08:01:51.820000+00:00,B09
8213,2025-12-02 08:37:29.550000+00:00,B09
8214,2025-12-02 08:38:22.440000+00:00,B09
8215,2025-12-02 08:45:18.190000+00:00,B09
8222,2025-12-02 14:00:04.560000+00:00,B09
8225,2025-12-02 16:13:56.570000+00:00,B09
8227,2025-12-02 16:57:52.240000+00:00,B09
8228,2025-12-02 19:19:19.560000+00:00,B09
8230,2025-12-02 20:00:22+00:00,B09
8231,2025-12-02 20:31:37.680000+00:00,B09
8232,2025-12-02 21:37:50.320000+00:00,B09
8234,2025-12-02 23:58:13.720000+00:00,B09
8235,2025-12-03 00:56:49.820000+00:00,B09
8236,2025-12-03 01:46:51.190000+00:00,B09
8237,2025-12-03 02:36:00.840000+00:00,B09
8240,2025-12-03 04:19:28.160000+00:00,B09
8241,2025-12-03 04:58:38.180000+00:00,B09
8244,2025-12-03 06:31:19.800000+00:00,B09
8245,2025-12-03 06:37:10.980000+00:00,B09
8246,2025-12-03 06:49:26.250000+00:00,B09
8247,2025-12-03 07:21:16.420000+00:00,B09
8249,2025-12-03 08:15:38.040000+00:00,B09
8250,2025-12-03 09:09:49.460000+00:00,B09
8252,2025-12-03 11:24:09.640000+00:00,B09
8253,2025-12-03 12:18:19.070000+00:00,B09
8255,2025-12-03 13:19:43.720000+00:00,B09
8259,2025-12-03 15:48:32.720000+00:00,B09
8262,2025-12-03 18:07:58.160000+00:00,B09
8263,2025-12-03 19:48:30.540000+00:00,B09
8264,2025-12-03 20:39:41.240000+00:00,B09
8267,2025-12-03 23:35:26.960000+00:00,B09
8268,2025-12-04 01:03:23.670000+00:00,B09
8269,2025-12-04 01:04:40.820000+00:00,B09
8270,2025-12-04 01:14:04.650000+00:00,B09
8272,2025-12-04 02:53:43.150000+00:00,B09
8276,2025-12-04 06:36:09.430000+00:00,B09
8278,2025-12-04 07:00:06.180000+00:00,B09
8279,2025-12-04 07:05:42.050000+00:00,B09
8281,2025-12-04 08:01:05.800000+00:00,B09
8282,2025-12-04 08:32:54.250000+00:00,B09
8283,2025-12-04 11:20:49.480000+00:00,B09
8284,2025-12-04 12:38:16.280000+00:00,B09
8285,2025-12-04 12:49:49.350000+00:00,B09
8286,2025-12-04 12:51:54.440000+00:00,B09
8288,2025-12-04 15:13:56.250000+00:00,B09
8290,2025-12-04 19:38:46.240000+00:00,B09
8291,2025-12-04 19:46:35.040000+00:00,B09
8293,2025-12-04 19:58:56.060000+00:00,B09
8295,2025-12-04 22:03:29.520000+00:00,B09
8298,2025-12-05 04:12:23.480000+00:00,B09
8301,2025-12-05 08:09:18.910000+00:00,B09
8303,2025-12-05 08:38:04.340000+00:00,B09
8305,2025-12-05 09:48:45+00:00,B09
8306,2025-12-05 10:48:36.410000+00:00,B09
8307,2025-12-05 11:16:32.020000+00:00,B09
8308,2025-12-05 11:40:16.580000+00:00,B09
8309,2025-12-05 12:00:23.280000+00:00,B09
8311,2025-12-05 12:14:03.400000+00:00,B09
8312,2025-12-05 12:23:19.930000+00:00,B09
8314,2025-12-05 16:45:47.440000+00:00,B09
8315,2025-12-05 16:50:40.100000+00:00,B09
8316,2025-12-05 16:59:29.390000+00:00,B09
8317,2025-12-05 19:29:57.820000+00:00,B09
8318,2025-12-05 19:36:11.600000+00:00,B09
8320,2025-12-05 20:34:15.440000+00:00,B09
8322,2025-12-05 23:31:02.360000+00:00,B09
8327,2025-12-06 00:39:57.990000+00:00,B09
8334,2025-12-06 03:04:38.550000+00:00,B09
8337,2025-12-06 05:08:17.740000+00:00,B09
8338,2025-12-06 05:16:49.390000+00:00,B09
8339,2025-12-06 07:51:44.210000+00:00,B09
8340,2025-12-06 07:51:56.590000+00:00,B09
8341,2025-12-06 08:10:40.210000+00:00,B09
8342,2025-12-06 08:29:22.710000+00:00,B09
8344,2025-12-06 09:00:15.260000+00:00,B09
8347,2025-12-06 10:00:04.570000+00:00,B09
8348,2025-12-06 10:50:23.720000+00:00,B09
8355,2025-12-06 14:43:11.110000+00:00,B09
8357,2025-12-06 16:27:28.030000+00:00,B09
8358,2025-12-06 16:31:50.300000+00:00,B09
8359,2025-12-06 16:41:40.850000+00:00,B09
8361,2025-12-06 16:59:25.850000+00:00,B09
8365,2025-12-06 18:15:54.080000+00:00,B09
8367,2025-12-06 19:10:01.680000+00:00,B09
8368,2025-12-06 19:25:37.200000+00:00,B09
8374,2025-12-06 22:46:49+00:00,B09
8375,2025-12-06 23:20:30.600000+00:00,B09
8376,2025-12-07 00:12:47.950000+00:00,B09
8377,2025-12-07 00:16:44.810000+00:00,B09
8378,2025-12-07 00:18:55.480000+00:00,B09
8379,2025-12-07 00:19:51.070000+00:00,B09
8380,2025-12-07 00:20:27.600000+00:00,B09
8381,2025-12-07 00:22:15.110000+00:00,B09
8382,2025-12-07 00:24:10.550000+00:00,B09
8383,2025-12-07 00:32:36.830000+00:00,B09
8384,2025-12-07 00:50:22.690000+00:00,B09
8386,2025-12-07 01:01:29.520000+00:00,B09
8387,2025-12-07 01:07:47.900000+00:00,B09
8388,2025-12-07 01:09:22.520000+00:00,B09
8389,2025-12-07 01:17:58.250000+00:00,B09
8390,2025-12-07 01:20:14.620000+00:00,B09
8391,2025-12-07 01:21:15.830000+00:00,B09
8392,2025-12-07 01:31:03.350000+00:00,B09
8393,2025-12-07 01:52:36+00:00,B09
8394,2025-12-07 02:11:43.970000+00:00,B09
8395,2025-12-07 02:46:12.330000+00:00,B09
8396,2025-12-07 02:47:32.250000+00:00,B09
8397,2025-12-07 03:13:32.750000+00:00,B09
8398,2025-12-07 03:14:46.150000+00:00,B09
8399,2025-12-07 03:23:44.410000+00:00,B09
8400,2025-12-07 04:37:50.070000+00:00,B09
8401,2025-12-07 04:42:40.230000+00:00,B09
8403,2025-12-07 05:56:35.440000+00:00,B09
8406,2025-12-07 06:02:07.340000+00:00,B09
8407,2025-12-07 06:17:46.740000+00:00,B09
8409,2025-12-07 07:21:40.260000+00:00,B09
8410,2025-12-07 07:28:44.370000+00:00,B09
8411,2025-12-07 07:31:32.360000+00:00,B09
8415,2025-12-07 08:19:05.250000+00:00,B09
8418,2025-12-07 08:53:30.340000+00:00,B09
8419,2025-12-07 09:15:07.770000+00:00,B09
8420,2025-12-07 09:24:27.390000+00:00,B09
8421,2025-12-07 09:28:24.300000+00:00,B09
8422,2025-12-07 09:32:05.440000+00:00,B09
8424,2025-12-07 09:49:03.030000+00:00,B09
8425,2025-12-07 10:07:18.180000+00:00,B09
8426,2025-12-07 10:32:14.230000+00:00,B09
8427,2025-12-07 10:46:18.370000+00:00,B09
8428,2025-12-07 11:01:12.990000+00:00,B09
8429,2025-12-07 11:06:09.840000+00:00,B09
8432,2025-12-07 12:20:00.810000+00:00,B09
8433,2025-12-07 12:28:03.700000+00:00,B09
8436,2025-12-07 14:20:06.150000+00:00,B09
8439,2025-12-07 15:02:25.680000+00:00,B09
8440,2025-12-07 15:23:40.130000+00:00,B09
8443,2025-12-07 16:13:08.530000+00:00,B09
8446,2025-12-07 18:24:50.160000+00:00,B09
8448,2025-12-07 19:36:35.600000+00:00,B09
8449,2025-12-07 20:22:44.320000+00:00,B09
8451,2025-12-07 20:50:22.060000+00:00,B09
8452,2025-12-07 20:53:44.120000+00:00,B09
8455,2025-12-07 23:03:06.120000+00:00,B09
8457,2025-12-08 00:28:09.650000+00:00,B09
8459,2025-12-08 02:52:01.670000+00:00,B09
8460,2025-12-08 03:27:38.490000+00:00,B09
8461,2025-12-08 04:00:47.360000+00:00,B09
8462,2025-12-08 04:03:03.230000+00:00,B09
8463,2025-12-08 04:11:32.490000+00:00,B09
8466,2025-12-08 05:45:50.060000+00:00,B09
8468,2025-12-08 06:10:06.720000+00:00,B09
8469,2025-12-08 06:10:43.730000+00:00,B09
8472,2025-12-08 07:40:33.880000+00:00,B09
8473,2025-12-08 10:17:59.050000+00:00,B09
8474,2025-12-08 10:28:05.830000+00:00,B09
8475,2025-12-08 10:34:09.340000+00:00,B09
8476,2025-12-08 10:36:38.700000+00:00,B09
8477,2025-12-08 11:29:42.800000+00:00,B09
8479,2025-12-08 11:53:10.970000+00:00,B09
8482,2025-12-08 13:31:33.230000+00:00,B09
8698,2025-12-08 17:46:02.960000+00:00,B09
8870,2025-12-08 21:16:51.480000+00:00,B09
8871,2025-12-08 21:17:45.520000+00:00,B09
8919,2025-12-08 22:22:13.560000+00:00,B09
8958,2025-12-08 23:16:55.400000+00:00,B09
8981,2025-12-08 23:42:34.360000+00:00,B09
8989,2025-12-08 23:53:43.580000+00:00,B09
9025,2025-12-09 00:43:58.300000+00:00,B09
9050,2025-12-09 01:19:57.710000+00:00,B09
9070,2025-12-09 01:52:51.460000+00:00,B09
9123,2025-12-09 03:22:20.790000+00:00,B09
9125,2025-12-09 03:25:21.390000+00:00,B09
9146,2025-12-09 03:55:51.400000+00:00,B09
9173,2025-12-09 04:52:21.780000+00:00,B09
9179,2025-12-09 04:57:18.450000+00:00,B09
9185,2025-12-09 05:04:09+00:00,B09
9211,2025-12-09 05:58:53.180000+00:00,B09
9214,2025-12-09 06:03:37.840000+00:00,B09
9238,2025-12-09 07:05:16.810000+00:00,B09
9284,2025-12-09 08:23:00.040000+00:00,B09
9354,2025-12-09 10:46:50.660000+00:00,B09
9385,2025-12-09 12:07:38.740000+00:00,B09
9431,2025-12-09 14:21:48.520000+00:00,B09
9435,2025-12-09 14:38:21.270000+00:00,B09
9441,2025-12-09 14:56:55.280000+00:00,B09
9471,2025-12-09 16:33:59.850000+00:00,B09
9477,2025-12-09 17:01:59.020000+00:00,B09
9482,2025-12-09 17:10:30.480000+00:00,B09
9493,2025-12-09 17:30:20.680000+00:00,B09
9494,2025-12-09 17:31:35.240000+00:00,B09
9495,2025-12-09 17:33:45.760000+00:00,B09
9497,2025-12-09 17:36:10.920000+00:00,B09
9499,2025-12-09 17:41:04.040000+00:00,B09
9512,2025-12-09 18:14:23.120000+00:00,B09
9516,2025-12-09 18:20:51.400000+00:00,B09
9533,2025-12-09 18:59:59.040000+00:00,B09
9551,2025-12-09 19:56:10.320000+00:00,B09
9617,2025-12-09 23:37:51.880000+00:00,B09
9620,2025-12-09 23:47:52.140000+00:00,B09
9638,2025-12-10 00:48:18.970000+00:00,B09
9646,2025-12-10 01:08:43.230000+00:00,B09
9658,2025-12-10 01:38:27.870000+00:00,B09
9674,2025-12-10 02:20:57.100000+00:00,B09
9706,2025-12-10 04:32:18.950000+00:00,B09
9718,2025-12-10 05:36:21.570000+00:00,B09
9720,2025-12-10 05:42:23.370000+00:00,B09
9759,2025-12-10 08:09:55.940000+00:00,B09
9772,2025-12-10 08:47:51.230000+00:00,B09
9785,2025-12-10 09:32:40.800000+00:00,B09
9786,2025-12-10 09:33:08.350000+00:00,B09
9809,2025-12-10 10:55:12+00:00,B09
9814,2025-12-10 11:20:50.730000+00:00,B09
9821,2025-12-10 11:39:48.780000+00:00,B09
9867,2025-12-10 16:15:56.340000+00:00,B09
9870,2025-12-10 16:17:36.470000+00:00,B09
9872,2025-12-10 16:30:44.520000+00:00,B09
9885,2025-12-10 17:24:17.840000+00:00,B09
9901,2025-12-10 18:41:07.200000+00:00,B09
9917,2025-12-10 20:04:42.800000+00:00,B09
9938,2025-12-10 21:48:36.760000+00:00,B09
9954,2025-12-10 22:42:25.920000+00:00,B09
9963,2025-12-10 23:44:14.400000+00:00,B09
9979,2025-12-11 01:22:49.750000+00:00,B09
9987,2025-12-11 01:49:11.690000+00:00,B09
9989,2025-12-11 01:53:48.840000+00:00,B09
9991,2025-12-11 01:58:08.540000+00:00,B09
10012,2025-12-11 03:55:41.510000+00:00,B09
10017,2025-12-11 04:27:16.680000+00:00,B09
10027,2025-12-11 05:28:07.470000+00:00,B09
10029,2025-12-11 05:54:46.860000+00:00,B09
10057,2025-12-11 08:35:02.380000+00:00,B09
10068,2025-12-11 10:00:56.750000+00:00,B09
10069,2025-12-11 10:08:07.790000+00:00,B09
10077,2025-12-11 11:44:58.980000+00:00,B09
10078,2025-12-11 11:45:39.660000+00:00,B09
10079,2025-12-11 11:45:59.240000+00:00,B09
10081,2025-12-11 12:07:12.990000+00:00,B09
10086,2025-12-11 12:32:50.750000+00:00,B09
10110,2025-12-11 15:34:25.700000+00:00,B09
10430,2025-12-12 07:02:55.710000+00:00,B09
10527,2025-12-12 09:20:42.370000+00:00,B09
10599,2025-12-12 10:36:32.210000+00:00,B09
10807,2025-12-12 16:23:15.240000+00:00,B09
10850,2025-12-12 18:11:10.840000+00:00,B09
10938,2025-12-12 21:14:04.240000+00:00,B09
10979,2025-12-12 22:43:30.720000+00:00,B09
11172,2025-12-13 05:21:59.730000+00:00,B09
11181,2025-12-13 05:56:13.060000+00:00,B09
11192,2025-12-13 06:16:37.210000+00:00,B09
11375,2025-12-13 12:30:05.260000+00:00,B09
11391,2025-12-13 13:02:00.860000+00:00,B09
11400,2025-12-13 13:15:37.410000+00:00,B09
11434,2025-12-13 14:46:48.750000+00:00,B09
11439,2025-12-13 14:57:20.650000+00:00,B09
11489,2025-12-13 16:59:43.840000+00:00,B09
11536,2025-12-13 18:49:17.840000+00:00,B09
11570,2025-12-13 20:17:05.300000+00:00,B09
11582,2025-12-13 20:41:53.160000+00:00,B09
11676,2025-12-14 00:24:27.540000+00:00,B09
11713,2025-12-14 01:46:23.280000+00:00,B09
11724,2025-12-14 02:20:41.440000+00:00,B09
11747,2025-12-14 03:39:06.530000+00:00,B09
11751,2025-12-14 03:49:59.220000+00:00,B09
11780,2025-12-14 05:22:43.410000+00:00,B09
11804,2025-12-14 07:47:29.660000+00:00,B09
11806,2025-12-14 07:58:12.580000+00:00,B09
11811,2025-12-14 08:37:52.400000+00:00,B09
11814,2025-12-14 08:56:59.780000+00:00,B09
11817,2025-12-14 09:17:13.440000+00:00,B09
11821,2025-12-14 09:31:26+00:00,B09
11826,2025-12-14 09:52:59.820000+00:00,B09
11833,2025-12-14 10:12:31.670000+00:00,B09
11869,2025-12-14 12:40:14.620000+00:00,B09
11877,2025-12-14 13:42:12.410000+00:00,B09
11925,2025-12-14 17:25:48.280000+00:00,B09
11941,2025-12-14 18:49:12.760000+00:00,B09
11943,2025-12-14 18:52:20.280000+00:00,B09
11960,2025-12-14 20:36:04.640000+00:00,B09
11965,2025-12-14 20:51:42.120000+00:00,B09
11969,2025-12-14 21:01:32.120000+00:00,B09
12013,2025-12-15 00:15:55.480000+00:00,B09
12019,2025-12-15 00:53:03.260000+00:00,B09
12020,2025-12-15 00:54:06.720000+00:00,B09
12036,2025-12-15 03:08:05.970000+00:00,B09
12038,2025-12-15 03:16:41.610000+00:00,B09
12039,2025-12-15 03:26:57.270000+00:00,B09
12042,2025-12-15 03:32:50.090000+00:00,B09
12102,2025-12-15 08:37:02.130000+00:00,B09
12103,2025-12-15 08:43:57.560000+00:00,B09
12115,2025-12-15 09:44:47.650000+00:00,B09
12133,2025-12-15 11:38:11.450000+00:00,B09
12135,2025-12-15 11:42:48.980000+00:00,B09
12166,2025-12-15 14:03:32.010000+00:00,B09
12245,2025-12-15 20:30:36.120000+00:00,B09
12268,2025-12-15 22:28:53.400000+00:00,B09
12278,2025-12-15 23:02:30.200000+00:00,B09
12310,2025-12-16 01:17:30.570000+00:00,B09
12318,2025-12-16 01:55:24.240000+00:00,B09
12339,2025-12-16 03:39:54.030000+00:00,B09
12360,2025-12-16 05:31:30.040000+00:00,B09
12393,2025-12-16 06:51:15.860000+00:00,B09
12398,2025-12-16 07:03:31.380000+00:00,B09
12420,2025-12-16 08:40:15.540000+00:00,B09
12432,2025-12-16 09:25:17.740000+00:00,B09
12445,2025-12-16 09:51:34.350000+00:00,B09
12468,2025-12-16 11:12:09.110000+00:00,B09
12513,2025-12-16 15:53:46.780000+00:00,B09
12521,2025-12-16 17:05:57.720000+00:00,B09
12539,2025-12-16 18:51:45.600000+00:00,B09
12554,2025-12-16 20:31:42.480000+00:00,B09
12556,2025-12-16 20:39:05.240000+00:00,B09
12574,2025-12-16 21:41:38.200000+00:00,B09
12576,2025-12-16 21:46:28.140000+00:00,B09
12577,2025-12-16 21:47:48.180000+00:00,B09
12581,2025-12-16 22:03:59.080000+00:00,B09
12588,2025-12-16 22:35:29.940000+00:00,B09
12597,2025-12-16 23:01:07.920000+00:00,B09
12601,2025-12-16 23:48:40.340000+00:00,B09
12611,2025-12-17 00:33:01.060000+00:00,B09
12627,2025-12-17 02:26:19.150000+00:00,B09
12637,2025-12-17 03:43:38.770000+00:00,B09
12659,2025-12-17 06:39:44.310000+00:00,B09
12677,2025-12-17 08:16:31.620000+00:00,B09
12687,2025-12-17 08:42:11.160000+00:00,B09
12706,2025-12-17 10:12:37.790000+00:00,B09
12720,2025-12-17 11:10:53.750000+00:00,B09
12740,2025-12-17 12:29:19.540000+00:00,B09
12777,2025-12-17 15:49:03.140000+00:00,B09
12778,2025-12-17 15:49:20.020000+00:00,B09
12780,2025-12-17 15:53:41.970000+00:00,B09
12801,2025-12-17 17:36:41.960000+00:00,B09
12810,2025-12-17 18:37:31.800000+00:00,B09
12811,2025-12-17 18:37:55+00:00,B09
12828,2025-12-17 20:38:08.440000+00:00,B09
12835,2025-12-17 21:57:31.880000+00:00,B09
12845,2025-12-17 22:54:16.340000+00:00,B09
12856,2025-12-18 00:50:38.680000+00:00,B09
12868,2025-12-18 02:12:15.320000+00:00,B09
12881,2025-12-18 03:05:24.500000+00:00,B09
12883,2025-12-18 03:19:27.110000+00:00,B09
12885,2025-12-18 03:48:16.580000+00:00,B09
12887,2025-12-18 03:53:23.670000+00:00,B09
12895,2025-12-18 04:39:24.390000+00:00,B09
12896,2025-12-18 04:40:57.760000+00:00,B09
12900,2025-12-18 04:47:04.790000+00:00,B09
12906,2025-12-18 05:20:07.630000+00:00,B09
12907,2025-12-18 05:23:23.270000+00:00,B09
12909,2025-12-18 05:31:28.280000+00:00,B09
12915,2025-12-18 06:20:03.640000+00:00,B09
12937,2025-12-18 07:38:49.210000+00:00,B09
12938,2025-12-18 07:40:25.910000+00:00,B09
12944,2025-12-18 07:55:24.780000+00:00,B09
12957,2025-12-18 08:44:37.240000+00:00,B09
12965,2025-12-18 09:31:21.420000+00:00,B09
12967,2025-12-18 09:42:14.720000+00:00,B09
12971,2025-12-18 09:58:30.100000+00:00,B09
12980,2025-12-18 10:50:22.890000+00:00,B09
13004,2025-12-18 14:51:52.840000+00:00,B09
13015,2025-12-18 15:37:47.280000+00:00,B09
13028,2025-12-18 17:13:46.720000+00:00,B09
13031,2025-12-18 17:33:04.240000+00:00,B09
13034,2025-12-18 17:47:48.720000+00:00,B09
13043,2025-12-18 18:34:26.260000+00:00,B09
13044,2025-12-18 18:39:57.240000+00:00,B09
13051,2025-12-18 19:52:35.480000+00:00,B09
13062,2025-12-18 20:42:53.600000+00:00,B09
13069,2025-12-18 21:19:56.600000+00:00,B09
13085,2025-12-18 23:10:09.220000+00:00,B09
13119,2025-12-19 03:07:40.130000+00:00,B09
13129,2025-12-19 04:35:46.940000+00:00,B09
13141,2025-12-19 06:11:28.830000+00:00,B09
13168,2025-12-19 08:48:09.250000+00:00,B09
13197,2025-12-19 11:51:24.400000+00:00,B09
13199,2025-12-19 12:06:54.450000+00:00,B09
13210,2025-12-19 14:20:08.950000+00:00,B09
13216,2025-12-19 15:08:34.050000+00:00,B09
13225,2025-12-19 16:42:24.160000+00:00,B09
13231,2025-12-19 17:29:43.720000+00:00,B09
13243,2025-12-19 19:53:17.840000+00:00,B09
13248,2025-12-19 21:02:03.840000+00:00,B09
13254,2025-12-19 21:22:18.080000+00:00,B09
13257,2025-12-19 21:37:07.680000+00:00,B09
13259,2025-12-19 21:40:05+00:00,B09
13375,2025-12-20 12:01:59.860000+00:00,B09
13409,2025-12-20 17:19:48.540000+00:00,B09
13412,2025-12-20 17:41:00.320000+00:00,B09
13414,2025-12-20 17:58:48.080000+00:00,B09
13428,2025-12-20 19:51:23.360000+00:00,B09
13434,2025-12-20 20:47:40.480000+00:00,B09
13437,2025-12-20 21:10:53.320000+00:00,B09
13440,2025-12-20 21:51:29.680000+00:00,B09
13441,2025-12-20 21:55:17.160000+00:00,B09
13444,2025-12-20 22:19:01.240000+00:00,B09
13447,2025-12-20 22:38:07.260000+00:00,B09
13453,2025-12-21 00:03:57.780000+00:00,B09
13456,2025-12-21 00:16:56.520000+00:00,B09
13463,2025-12-21 01:07:56.910000+00:00,B09
13471,2025-12-21 02:13:57.220000+00:00,B09
13472,2025-12-21 02:15:31.530000+00:00,B09
13480,2025-12-21 03:05:44.280000+00:00,B09
13485,2025-12-21 03:32:31.060000+00:00,B09
13499,2025-12-21 06:29:36.930000+00:00,B09
13528,2025-12-21 10:22:01.740000+00:00,B09
13530,2025-12-21 10:36:30.380000+00:00,B09
13533,2025-12-21 11:13:54.780000+00:00,B09
13544,2025-12-21 13:13:41.770000+00:00,B09
13545,2025-12-21 13:18:13.510000+00:00,B09
13561,2025-12-21 16:37:34.210000+00:00,B09
13562,2025-12-21 17:01:03.840000+00:00,B09
13569,2025-12-21 18:01:01.320000+00:00,B09
13588,2025-12-21 19:39:15.400000+00:00,B09
13597,2025-12-21 20:36:46.380000+00:00,B09
13599,2025-12-21 20:52:17.760000+00:00,B09
14451,2025-12-28 23:16:27.520000+00:00,B10
14457,2025-12-29 00:30:18.470000+00:00,B10
14472,2025-12-29 02:34:05.660000+00:00,B10
14474,2025-12-29 02:53:01.890000+00:00,B10
14477,2025-12-29 03:35:01.490000+00:00,B10
14479,2025-12-29 04:33:08.540000+00:00,B10
14483,2025-12-29 04:54:44.480000+00:00,B10
14485,2025-12-29 05:05:51.590000+00:00,B10
14486,2025-12-29 05:07:17.970000+00:00,B10
14513,2025-12-29 10:58:19.630000+00:00,B10
14514,2025-12-29 10:58:46.400000+00:00,B10
14517,2025-12-29 12:27:54.730000+00:00,B10
14524,2025-12-29 14:07:17.580000+00:00,B10
14534,2025-12-29 16:29:07.170000+00:00,B10
14538,2025-12-29 18:08:54.600000+00:00,B10
14542,2025-12-29 19:42:18.040000+00:00,B10
14552,2025-12-29 21:30:38.480000+00:00,B10
14553,2025-12-29 21:31:20.040000+00:00,B10
14572,2025-12-30 01:35:16.350000+00:00,B10
14591,2025-12-30 06:03:33.380000+00:00,B10
14597,2025-12-30 07:36:12.400000+00:00,B10
14600,2025-12-30 07:52:29.350000+00:00,B10
14620,2025-12-30 12:51:07.010000+00:00,B10
14623,2025-12-30 13:41:00.340000+00:00,B10
14631,2025-12-30 17:10:31.100000+00:00,B10
14642,2025-12-30 21:47:32.520000+00:00,B10
14645,2025-12-30 22:19:44.960000+00:00,B10
14646,2025-12-30 22:22:27.820000+00:00,B10
14648,2025-12-30 22:38:22.240000+00:00,B10
14650,2025-12-30 22:50:05.640000+00:00,B10
14660,2025-12-31 00:10:09.430000+00:00,B10
14664,2025-12-31 00:45:38.030000+00:00,B10
14673,2025-12-31 01:30:57.730000+00:00,B10
14694,2025-12-31 04:13:50.180000+00:00,B10
14695,2025-12-31 04:20:41.520000+00:00,B10
14697,2025-12-31 04:38:35.170000+00:00,B10
14717,2025-12-31 08:44:33.510000+00:00,B10
14731,2025-12-31 11:43:32.750000+00:00,B10
14743,2025-12-31 14:26:58.420000+00:00,B10
14744,2025-12-31 14:31:18.270000+00:00,B10
14745,2025-12-31 14:31:39.530000+00:00,B10
14749,2025-12-31 14:39:24.380000+00:00,B10
14750,2025-12-31 14:40:27.710000+00:00,B10
14751,2025-12-31 14:41:41.860000+00:00,B10
14752,2025-12-31 14:46:57.460000+00:00,B10
14754,2025-12-31 14:53:34.650000+00:00,B10
14755,2025-12-31 14:56:05.690000+00:00,B10
14756,2025-12-31 14:57:53.970000+00:00,B10
14757,2025-12-31 14:59:15.060000+00:00,B10
14759,2025-12-31 15:06:08.760000+00:00,B10
14760,2025-12-31 15:10:58.040000+00:00,B10
14761,2025-12-31 15:12:48.170000+00:00,B10
14762,2025-12-31 15:13:40.350000+00:00,B10
14763,2025-12-31 15:17:14.670000+00:00,B10
14764,2025-12-31 15:23:24.990000+00:00,B10
14765,2025-12-31 15:24:19.340000+00:00,B10
14766,2025-12-31 15:31:58.650000+00:00,B10
14767,2025-12-31 15:35:00.410000+00:00,B10
14769,2025-12-31 15:55:55.320000+00:00,B10
14770,2025-12-31 15:57:31.670000+00:00,B10
14771,2025-12-31 15:58:59.360000+00:00,B10
14773,2025-12-31 16:06:25.880000+00:00,B10
14776,2025-12-31 16:26:36.190000+00:00,B10
14779,2025-12-31 16:45:25.800000+00:00,B10
14786,2025-12-31 17:23:10.040000+00:00,B10
14788,2025-12-31 17:29:34.160000+00:00,B10
14789,2025-12-31 17:30:42.520000+00:00,B10
14790,2025-12-31 17:31:38.080000+00:00,B10
14791,2025-12-31 17:47:24.760000+00:00,B10
14792,2025-12-31 17:50:53.560000+00:00,B10
14797,2025-12-31 18:49:12.840000+00:00,B10
14799,2025-12-31 19:05:39.320000+00:00,B10
14800,2025-12-31 19:07:52.320000+00:00,B10
14803,2025-12-31 19:25:52.380000+00:00,B10
14804,2025-12-31 19:33:45.720000+00:00,B10
14806,2025-12-31 20:15:16.800000+00:00,B10
14807,2025-12-31 20:16:22.360000+00:00,B10
14813,2025-12-31 20:46:46.120000+00:00,B10
14814,2025-12-31 20:53:23.560000+00:00,B10
14817,2025-12-31 21:07:50.160000+00:00,B10
14820,2025-12-31 21:20:01.480000+00:00,B10
14821,2025-12-31 21:23:14.960000+00:00,B10
14822,2025-12-31 21:32:41.020000+00:00,B10
14829,2025-12-31 22:27:35.760000+00:00,B10
14830,2025-12-31 22:47:03.840000+00:00,B10
14831,2025-12-31 23:24:22.120000+00:00,B10
14833,2025-12-31 23:51:38+00:00,B10
14839,2026-01-01 00:47:34.350000+00:00,B10
14848,2026-01-01 02:02:16.730000+00:00,B10
14853,2026-01-01 02:34:35.480000+00:00,B10
14856,2026-01-01 03:08:54.960000+00:00,B10
14858,2026-01-01 03:29:08.500000+00:00,B10
14861,2026-01-01 03:42:29.840000+00:00,B10
14866,2026-01-01 04:06:41.460000+00:00,B10
14870,2026-01-01 05:14:02.590000+00:00,B10
14875,2026-01-01 06:32:42.380000+00:00,B10
14876,2026-01-01 06:33:56.170000+00:00,B10
14891,2026-01-01 09:10:35.840000+00:00,B10
14896,2026-01-01 10:01:24.160000+00:00,B10
14900,2026-01-01 10:36:26.900000+00:00,B10
14902,2026-01-01 10:36:57.050000+00:00,B10
14904,2026-01-01 11:00:52.070000+00:00,B10
14907,2026-01-01 11:37:19.220000+00:00,B10
14910,2026-01-01 12:21:49.160000+00:00,B10
14912,2026-01-01 12:46:20.410000+00:00,B10
14923,2026-01-01 15:21:25.410000+00:00,B10
14930,2026-01-01 16:37:07.800000+00:00,B10
14941,2026-01-01 18:40:19.540000+00:00,B10
14944,2026-01-01 19:53:37.160000+00:00,B10
14952,2026-01-01 22:29:59.080000+00:00,B10
14958,2026-01-01 23:34:22.040000+00:00,B10
14960,2026-01-02 00:00:45.680000+00:00,B10
14961,2026-01-02 00:06:40.500000+00:00,B10
14965,2026-01-02 00:48:07.640000+00:00,B10
14969,2026-01-02 01:38:13.860000+00:00,B10
14974,2026-01-02 03:03:52.920000+00:00,B10
14983,2026-01-02 04:06:36.080000+00:00,B10
14990,2026-01-02 04:53:41.170000+00:00,B10
14994,2026-01-02 05:48:56.960000+00:00,B10
15002,2026-01-02 06:26:10+00:00,B10
15016,2026-01-02 08:59:35.680000+00:00,B10
15018,2026-01-02 09:18:19.810000+00:00,B10
15028,2026-01-02 11:20:16.590000+00:00,B10
15033,2026-01-02 12:07:55.320000+00:00,B10
15042,2026-01-02 13:02:05.370000+00:00,B10
15067,2026-01-02 18:01:32.160000+00:00,B10
15076,2026-01-02 20:52:45.040000+00:00,B10
15078,2026-01-02 21:08:48.680000+00:00,B10
15079,2026-01-02 21:09:05+00:00,B10
15093,2026-01-03 00:02:40.860000+00:00,B10
15096,2026-01-03 00:53:54.150000+00:00,B10
15129,2026-01-03 08:49:16.070000+00:00,B10
15130,2026-01-03 08:54:49.900000+00:00,B10
15137,2026-01-03 10:43:08.260000+00:00,B10
15143,2026-01-03 11:41:42.780000+00:00,B10
15144,2026-01-03 11:43:25.750000+00:00,B10
15518,2026-01-07 18:15:29.320000+00:00,B11
15522,2026-01-07 19:29:38.280000+00:00,B11
15532,2026-01-07 22:08:56.040000+00:00,B11
15540,2026-01-08 00:23:58.510000+00:00,B11
15548,2026-01-08 03:28:31.720000+00:00,B11
15565,2026-01-08 08:02:51.950000+00:00,B11
15570,2026-01-08 10:08:48.240000+00:00,B11
15576,2026-01-08 10:56:34.810000+00:00,B11
15580,2026-01-08 13:12:45.570000+00:00,B11
15583,2026-01-08 13:35:01.190000+00:00,B11
15586,2026-01-08 13:55:28.320000+00:00,B11
15587,2026-01-08 13:57:06.170000+00:00,B11
15589,2026-01-08 14:17:48.450000+00:00,B11
15614,2026-01-08 23:34:00.960000+00:00,B11
15617,2026-01-08 23:42:30.980000+00:00,B11
15630,2026-01-09 02:34:01.840000+00:00,B11
15640,2026-01-09 05:30:54.090000+00:00,B11
15642,2026-01-09 05:36:35.650000+00:00,B11
15647,2026-01-09 07:50:48.710000+00:00,B11
15675,2026-01-09 15:13:36.610000+00:00,B11
15681,2026-01-09 17:33:37.340000+00:00,B11
15683,2026-01-09 18:11:59.880000+00:00,B11
15695,2026-01-09 23:41:53.380000+00:00,B11
15726,2026-01-10 09:34:55.850000+00:00,B11
15744,2026-01-10 17:27:26.980000+00:00,B11
15748,2026-01-10 19:39:33.920000+00:00,B11
15753,2026-01-10 21:27:06.660000+00:00,B11
15766,2026-01-11 01:39:28.850000+00:00,B11
15788,2026-01-11 07:06:25.500000+00:00,B11
15789,2026-01-11 07:26:25.600000+00:00,B11
15792,2026-01-11 07:46:58.770000+00:00,B11
15808,2026-01-11 12:56:46.910000+00:00,B11
15824,2026-01-11 19:42:02.140000+00:00,B11
15825,2026-01-11 20:19:31.840000+00:00,B11
15836,2026-01-12 00:28:11.830000+00:00,B11
15840,2026-01-12 04:06:02.750000+00:00,B11
15841,2026-01-12 05:27:00.060000+00:00,B11
15844,2026-01-12 05:52:53.230000+00:00,B11
15846,2026-01-12 06:12:15.630000+00:00,B11
15859,2026-01-12 13:38:39.120000+00:00,B11
15860,2026-01-12 13:49:06.200000+00:00,B11
15873,2026-01-12 17:07:17.160000+00:00,B11
15889,2026-01-12 21:35:20.200000+00:00,B11
15893,2026-01-13 00:04:22.210000+00:00,B11
15898,2026-01-13 00:21:22.400000+00:00,B11
15912,2026-01-13 03:43:28.800000+00:00,B11
15928,2026-01-13 09:05:48.140000+00:00,B11
15935,2026-01-13 11:42:46.080000+00:00,B11
15936,2026-01-13 12:01:10.760000+00:00,B11
15938,2026-01-13 12:25:50.960000+00:00,B11
15943,2026-01-13 16:03:09.830000+00:00,B11
15954,2026-01-13 23:34:46.520000+00:00,B11
15956,2026-01-14 00:32:59.840000+00:00,B11
15958,2026-01-14 01:44:46.940000+00:00,B11
15959,2026-01-14 01:53:39.750000+00:00,B11
15960,2026-01-14 02:23:55.340000+00:00,B11
15962,2026-01-14 04:30:14.880000+00:00,B11
15965,2026-01-14 06:08:15.490000+00:00,B11
15966,2026-01-14 06:18:52.750000+00:00,B11
15967,2026-01-14 07:08:08.950000+00:00,B11
15968,2026-01-14 07:21:16.470000+00:00,B11
15975,2026-01-14 11:21:28.280000+00:00,B11
15981,2026-01-14 14:19:07.890000+00:00,B11
16006,2026-01-15 05:24:25.130000+00:00,B11
16009,2026-01-15 06:09:33.890000+00:00,B11
16011,2026-01-15 07:06:19.380000+00:00,B11
16013,2026-01-15 07:49:52.710000+00:00,B11
16026,2026-01-15 12:58:16.470000+00:00,B11
16032,2026-01-15 15:49:58.440000+00:00,B11
16033,2026-01-15 16:17:48.680000+00:00,B11
16039,2026-01-15 18:50:49.760000+00:00,B11
16058,2026-01-16 02:30:07.080000+00:00,B11
16070,2026-01-16 06:24:50.200000+00:00,B11
16079,2026-01-16 09:04:29.780000+00:00,B11
16080,2026-01-16 09:07:25.180000+00:00,B11
16083,2026-01-16 09:24:07.730000+00:00,B11
16084,2026-01-16 10:02:25.820000+00:00,B11
16089,2026-01-16 10:46:18.290000+00:00,B11
16090,2026-01-16 11:04:59.690000+00:00,B11
16093,2026-01-16 12:22:26.450000+00:00,B11
16094,2026-01-16 12:22:44.700000+00:00,B11
16097,2026-01-16 14:21:27.490000+00:00,B11
16101,2026-01-16 15:32:17.420000+00:00,B11
16102,2026-01-16 15:37:05.560000+00:00,B11
16103,2026-01-16 16:14:20.750000+00:00,B11
16106,2026-01-16 18:59:38.900000+00:00,B11
16109,2026-01-16 19:22:47.360000+00:00,B11
16117,2026-01-16 20:12:31.920000+00:00,B11
16130,2026-01-16 22:43:51.160000+00:00,B11
16131,2026-01-16 22:55:15.480000+00:00,B11
16134,2026-01-17 00:11:03.750000+00:00,B11
16138,2026-01-17 02:12:30.130000+00:00,B11
16139,2026-01-17 03:12:46.810000+00:00,B11
16147,2026-01-17 06:18:44.960000+00:00,B11
16166,2026-01-17 15:09:19.390000+00:00,B11
16170,2026-01-17 19:14:13.840000+00:00,B11
16176,2026-01-17 21:32:52.400000+00:00,B11
16182,2026-01-17 22:28:05.760000+00:00,B11
16190,2026-01-18 02:05:20.690000+00:00,B11
16192,2026-01-18 02:53:06.910000+00:00,B11
16193,2026-01-18 03:30:45.390000+00:00,B11
16243,2026-01-19 00:30:37.820000+00:00,B11
16244,2026-01-19 00:33:46.610000+00:00,B11
16252,2026-01-19 04:39:35.330000+00:00,B11
16261,2026-01-19 07:20:39.650000+00:00,B11
16262,2026-01-19 07:52:41.200000+00:00,B11
16263,2026-01-19 08:13:28.420000+00:00,B11
16264,2026-01-19 08:26:04.390000+00:00,B11
16269,2026-01-19 09:43:01.970000+00:00,B11
16285,2026-01-19 17:05:02.560000+00:00,B11
16289,2026-01-19 20:48:20.320000+00:00,B11
16290,2026-01-19 20:54:15.120000+00:00,B11
16291,2026-01-19 21:14:20.040000+00:00,B11
16302,2026-01-20 04:45:49.680000+00:00,B11
16305,2026-01-20 05:31:27.180000+00:00,B11
16307,2026-01-20 05:36:47.880000+00:00,B11
16309,2026-01-20 06:14:48.870000+00:00,B11
16311,2026-01-20 08:10:09.250000+00:00,B11
16312,2026-01-20 08:10:35.270000+00:00,B11
16313,2026-01-20 10:01:21.300000+00:00,B11
16315,2026-01-20 11:37:57.580000+00:00,B11
16322,2026-01-20 14:12:13.430000+00:00,B11
16323,2026-01-20 14:25:49.510000+00:00,B11
16326,2026-01-20 14:59:21.680000+00:00,B11
16328,2026-01-20 15:56:46.810000+00:00,B11
16331,2026-01-20 16:15:11.480000+00:00,B11
16339,2026-01-20 18:44:41.600000+00:00,B11
16340,2026-01-20 18:50:19.360000+00:00,B11
16341,2026-01-20 19:04:37.040000+00:00,B11
16348,2026-01-20 19:58:42.660000+00:00,B11
16360,2026-01-21 00:54:57.490000+00:00,B11
16371,2026-01-21 03:49:17.450000+00:00,B11
16373,2026-01-21 04:51:07.700000+00:00,B11
16375,2026-01-21 05:09:36.550000+00:00,B11
16385,2026-01-21 08:01:22.600000+00:00,B11
16396,2026-01-21 15:28:28.310000+00:00,B11
16404,2026-01-21 19:58:53.840000+00:00,B11
16405,2026-01-21 21:21:50.620000+00:00,B11
16409,2026-01-21 23:22:46.200000+00:00,B11
16413,2026-01-21 23:56:56.360000+00:00,B11
16414,2026-01-22 00:22:21.570000+00:00,B11
16416,2026-01-22 00:58:12.340000+00:00,B11
16420,2026-01-22 01:33:01.890000+00:00,B11
16427,2026-01-22 04:31:06.530000+00:00,B11
16434,2026-01-22 06:15:34.220000+00:00,B11
16438,2026-01-22 06:57:24.140000+00:00,B11
16440,2026-01-22 07:10:52.350000+00:00,B11
16441,2026-01-22 07:15:57.410000+00:00,B11
16443,2026-01-22 07:34:50.890000+00:00,B11
16444,2026-01-22 08:15:32.840000+00:00,B11
16456,2026-01-22 09:49:20.530000+00:00,B11
16458,2026-01-22 10:34:00.970000+00:00,B11
16461,2026-01-22 11:38:19.010000+00:00,B11
16558,2026-01-22 21:19:05.880000+00:00,B11
16571,2026-01-22 23:45:44.400000+00:00,B11
16574,2026-01-22 23:58:29.880000+00:00,B11
16598,2026-01-23 05:35:03+00:00,B11
16607,2026-01-23 07:50:31.430000+00:00,B11
16610,2026-01-23 08:52:16.190000+00:00,B11
16613,2026-01-23 09:26:17.850000+00:00,B11
16628,2026-01-23 12:40:58.370000+00:00,B11
16635,2026-01-23 14:21:48.090000+00:00,B11
16636,2026-01-23 14:22:54.940000+00:00,B11
16641,2026-01-23 17:14:51+00:00,B11
16645,2026-01-23 19:11:56.880000+00:00,B11
16650,2026-01-23 20:16:17.540000+00:00,B11
16651,2026-01-23 20:28:10.480000+00:00,B11
16657,2026-01-23 22:29:36.500000+00:00,B11
16661,2026-01-23 23:31:47.800000+00:00,B11
16664,2026-01-24 00:33:21.690000+00:00,B11
16675,2026-01-24 04:14:36.680000+00:00,B11
16677,2026-01-24 04:29:19.680000+00:00,B11
17000,2026-01-28 11:44:46.230000+00:00,B12
17010,2026-01-28 16:46:33.310000+00:00,B12
17011,2026-01-28 16:47:52.200000+00:00,B12
17014,2026-01-28 18:37:41.560000+00:00,B12
17018,2026-01-28 21:00:08.640000+00:00,B12
17019,2026-01-28 21:33:22.760000+00:00,B12
17021,2026-01-28 22:28:54.960000+00:00,B12
17026,2026-01-28 23:59:39.500000+00:00,B12
17045,2026-01-29 05:56:33.350000+00:00,B12
17056,2026-01-29 10:49:48.710000+00:00,B12
17062,2026-01-29 12:24:18.210000+00:00,B12
17063,2026-01-29 12:31:30.630000+00:00,B12
17094,2026-01-30 02:28:40.860000+00:00,B12
17095,2026-01-30 03:09:47.690000+00:00,B12
17099,2026-01-30 04:27:44.860000+00:00,B12
17101,2026-01-30 05:11:01.210000+00:00,B12
17109,2026-01-30 09:42:16.790000+00:00,B12
17113,2026-01-30 11:03:19.070000+00:00,B12
17114,2026-01-30 11:05:35.960000+00:00,B12
17115,2026-01-30 11:06:34.830000+00:00,B12
17116,2026-01-30 11:07:47.130000+00:00,B12
17121,2026-01-30 11:33:05.130000+00:00,B12
17122,2026-01-30 11:35:33.770000+00:00,B12
17123,2026-01-30 11:35:58.290000+00:00,B12
17127,2026-01-30 12:48:11.480000+00:00,B12
17138,2026-01-30 17:25:53.240000+00:00,B12
17140,2026-01-30 19:25:46.300000+00:00,B12
17141,2026-01-30 20:37:28.960000+00:00,B12
17147,2026-01-31 00:18:51.890000+00:00,B12
17157,2026-01-31 02:56:14.560000+00:00,B12
17158,2026-01-31 03:02:08.580000+00:00,B12
17166,2026-01-31 05:39:04.560000+00:00,B12
17169,2026-01-31 06:02:17.450000+00:00,B12
17170,2026-01-31 06:24:17.450000+00:00,B12
17180,2026-01-31 12:30:34.350000+00:00,B12
17182,2026-01-31 13:45:09.910000+00:00,B12
17192,2026-01-31 17:53:56.800000+00:00,B12
17198,2026-01-31 19:36:13.840000+00:00,B12
17206,2026-02-01 00:16:49.490000+00:00,B12
17221,2026-02-01 09:11:00.290000+00:00,B12
17224,2026-02-01 09:57:50.370000+00:00,B12
17226,2026-02-01 10:17:32.710000+00:00,B12
17243,2026-02-01 14:27:39.160000+00:00,B12
17248,2026-02-01 14:54:29.040000+00:00,B12
17258,2026-02-01 18:26:50.240000+00:00,B12
17259,2026-02-01 18:30:08.600000+00:00,B12
17273,2026-02-02 01:00:56.970000+00:00,B12
17279,2026-02-02 05:44:12.300000+00:00,B12
17280,2026-02-02 05:48:17.190000+00:00,B12
17281,2026-02-02 05:55:28.230000+00:00,B12
17303,2026-02-02 18:30:39+00:00,B12
17319,2026-02-03 03:47:10.340000+00:00,B12
17321,2026-02-03 04:38:08.190000+00:00,B12
17323,2026-02-03 05:30:39.120000+00:00,B12
17337,2026-02-03 14:16:30.460000+00:00,B12
17345,2026-02-03 21:24:15.600000+00:00,B12
17353,2026-02-04 00:56:21.080000+00:00,B12
17357,2026-02-04 03:24:57.700000+00:00,B12
17358,2026-02-04 04:20:27.190000+00:00,B12
17359,2026-02-04 04:32:46.720000+00:00,B12
17390,2026-02-04 19:21:33.040000+00:00,B12
17392,2026-02-04 20:15:47.280000+00:00,B12
17394,2026-02-04 21:47:35.960000+00:00,B12
17403,2026-02-04 23:36:03.960000+00:00,B12
17430,2026-02-05 08:33:02.400000+00:00,B12
17431,2026-02-05 08:34:31.950000+00:00,B12
17432,2026-02-05 09:38:30.550000+00:00,B12
17454,2026-02-05 18:05:33+00:00,B12
17457,2026-02-05 18:50:02.960000+00:00,B12
17458,2026-02-05 19:06:40.680000+00:00,B12
17459,2026-02-05 19:09:03.160000+00:00,B12
17470,2026-02-05 21:36:12.600000+00:00,B12
17476,2026-02-06 00:03:02.970000+00:00,B12
17477,2026-02-06 00:34:50.620000+00:00,B12
17478,2026-02-06 00:52:02.600000+00:00,B12
17488,2026-02-06 04:58:38.900000+00:00,B12
17491,2026-02-06 05:40:39.350000+00:00,B12
17500,2026-02-06 12:25:24.790000+00:00,B12
17508,2026-02-06 22:16:05.620000+00:00,B12
17510,2026-02-06 23:01:07.080000+00:00,B12
17518,2026-02-07 03:03:22.540000+00:00,B12
17533,2026-02-07 09:52:10.720000+00:00,B12
17539,2026-02-07 13:38:13.800000+00:00,B12
17543,2026-02-07 14:16:35.780000+00:00,B12
17550,2026-02-07 17:34:02.680000+00:00,B12
17551,2026-02-07 17:46:58.520000+00:00,B12
17558,2026-02-07 20:50:41.960000+00:00,B12
17573,2026-02-08 04:06:00.880000+00:00,B12
17577,2026-02-08 05:47:03.090000+00:00,B12
17582,2026-02-08 10:33:41.050000+00:00,B12
17584,2026-02-08 11:47:39.410000+00:00,B12
17588,2026-02-08 13:03:41.500000+00:00,B12
17603,2026-02-08 21:36:30.640000+00:00,B12
17617,2026-02-09 05:17:24.810000+00:00,B12
17624,2026-02-09 11:18:07.270000+00:00,B12
17628,2026-02-09 14:10:44.480000+00:00,B12
17629,2026-02-09 14:12:44.890000+00:00,B12
17637,2026-02-09 19:13:33.120000+00:00,B12
17638,2026-02-09 19:24:48.080000+00:00,B12
17639,2026-02-09 19:55:04.140000+00:00,B12
17640,2026-02-09 20:45:58.760000+00:00,B12
17642,2026-02-09 21:07:26.360000+00:00,B12
17643,2026-02-09 21:09:27.760000+00:00,B12
17659,2026-02-10 03:51:05.140000+00:00,B12
17665,2026-02-10 06:21:14.240000+00:00,B12
17668,2026-02-10 07:18:24.590000+00:00,B12
17674,2026-02-10 09:27:40.900000+00:00,B12
17675,2026-02-10 09:28:41.240000+00:00,B12
17678,2026-02-10 09:36:29.630000+00:00,B12
17682,2026-02-10 11:22:42.300000+00:00,B12
17688,2026-02-10 14:49:48.200000+00:00,B12
17701,2026-02-10 19:05:33.960000+00:00,B12
17703,2026-02-10 19:18:52.080000+00:00,B12
17705,2026-02-10 19:21:46.800000+00:00,B12
17709,2026-02-10 21:21:23.640000+00:00,B12
17713,2026-02-10 23:04:24.940000+00:00,B12
17714,2026-02-10 23:20:12.320000+00:00,B12
17715,2026-02-10 23:50:21.840000+00:00,B12
17718,2026-02-11 01:52:15.920000+00:00,B12
17724,2026-02-11 04:36:41.040000+00:00,B12
17725,2026-02-11 05:16:38.960000+00:00,B12
17734,2026-02-11 09:31:29.580000+00:00,B12
17736,2026-02-11 10:51:40.880000+00:00,B12
17740,2026-02-11 12:05:19.030000+00:00,B12
17741,2026-02-11 12:10:28.030000+00:00,B12
17742,2026-02-11 12:35:50+00:00,B12
17750,2026-02-11 15:21:17.600000+00:00,B12
17751,2026-02-11 15:58:25.450000+00:00,B12
17765,2026-02-11 21:38:08.040000+00:00,B12
17773,2026-02-12 00:15:14.450000+00:00,B12
17803,2026-02-12 14:25:42.540000+00:00,B12
17812,2026-02-12 20:27:03.360000+00:00,B12
17837,2026-02-13 01:29:30.760000+00:00,B12
17840,2026-02-13 03:49:36.680000+00:00,B12
17843,2026-02-13 04:22:09.830000+00:00,B12
17852,2026-02-13 08:05:42.370000+00:00,B12
17855,2026-02-13 10:12:42.420000+00:00,B12
17871,2026-02-13 17:57:20.480000+00:00,B12
17877,2026-02-13 18:40:42.240000+00:00,B12
17883,2026-02-13 21:20:50.020000+00:00,B12
17890,2026-02-14 00:32:36.520000+00:00,B12
17892,2026-02-14 02:28:39.560000+00:00,B12
17902,2026-02-14 09:46:52.740000+00:00,B12
17914,2026-02-14 12:39:45.720000+00:00,B12
17915,2026-02-14 13:03:49.790000+00:00,B12
17930,2026-02-14 19:13:22.200000+00:00,B12
17931,2026-02-14 19:18:31.120000+00:00,B12
17936,2026-02-14 20:46:44.760000+00:00,B12
17937,2026-02-14 21:07:51.920000+00:00,B12
17940,2026-02-14 21:23:30.720000+00:00,B12
17948,2026-02-15 00:55:40.090000+00:00,B12
17951,2026-02-15 01:42:07.440000+00:00,B12
17952,2026-02-15 01:56:13.500000+00:00,B12
17954,2026-02-15 02:51:22.750000+00:00,B12
17957,2026-02-15 03:09:29.110000+00:00,B12
17962,2026-02-15 05:03:30.980000+00:00,B12
17971,2026-02-15 07:49:03+00:00,B12
17982,2026-02-15 12:17:32.910000+00:00,B12
17983,2026-02-15 12:41:05.890000+00:00,B12
17994,2026-02-15 18:36:10.480000+00:00,B12
18037,2026-02-16 22:15:28.660000+00:00,B12
18038,2026-02-16 22:34:22+00:00,B12
18282,2026-02-22 05:51:22.760000+00:00,B13
18296,2026-02-22 10:30:38.940000+00:00,B13
18350,2026-02-23 12:44:50.940000+00:00,B13
18353,2026-02-23 16:13:09.620000+00:00,B13
18358,2026-02-23 17:06:47.020000+00:00,B13
18374,2026-02-24 01:10:03.700000+00:00,B13
18381,2026-02-24 05:56:16.660000+00:00,B13
18382,2026-02-24 06:41:27.650000+00:00,B13
18387,2026-02-24 09:10:08.430000+00:00,B13
18396,2026-02-24 12:32:08.390000+00:00,B13
18397,2026-02-24 12:41:37.220000+00:00,B13
18402,2026-02-24 14:19:06.120000+00:00,B13
18466,2026-02-25 12:01:11.910000+00:00,B13
18476,2026-02-25 14:39:29.390000+00:00,B13
18482,2026-02-25 18:03:48.120000+00:00,B13
18642,2026-03-01 15:23:36.500000+00:00,B14
18668,2026-03-02 11:38:04.810000+00:00,B14
18673,2026-03-02 14:50:10.110000+00:00,B14
18674,2026-03-02 14:52:28.340000+00:00,B14
18684,2026-03-02 20:25:10.860000+00:00,B14
18685,2026-03-02 21:19:51.400000+00:00,B14
18690,2026-03-02 22:43:36.820000+00:00,B14
18696,2026-03-03 02:31:01.300000+00:00,B14
18698,2026-03-03 03:29:27.850000+00:00,B14
18702,2026-03-03 05:32:45.860000+00:00,B14
18715,2026-03-03 12:07:17.350000+00:00,B14
18717,2026-03-03 12:16:22.640000+00:00,B14
18718,2026-03-03 12:24:50.890000+00:00,B14
18719,2026-03-03 12:31:35.360000+00:00,B14
18720,2026-03-03 12:48:05.840000+00:00,B14
18721,2026-03-03 14:27:15.960000+00:00,B14
18724,2026-03-03 15:34:25.870000+00:00,B14
18727,2026-03-03 17:27:26.560000+00:00,B14
18728,2026-03-03 17:30:27.040000+00:00,B14
18736,2026-03-03 19:18:43.200000+00:00,B14
18742,2026-03-03 21:42:19.020000+00:00,B14
18748,2026-03-03 23:25:07.420000+00:00,B14
18749,2026-03-03 23:30:44.560000+00:00,B14
18750,2026-03-03 23:44:19.560000+00:00,B14
18752,2026-03-04 00:32:51.660000+00:00,B14
18754,2026-03-04 00:48:39.400000+00:00,B14
18755,2026-03-04 00:51:31.290000+00:00,B14
18757,2026-03-04 01:25:37.710000+00:00,B14
18758,2026-03-04 01:28:43.350000+00:00,B14
18759,2026-03-04 01:37:53.920000+00:00,B14
18760,2026-03-04 01:38:35.720000+00:00,B14
18761,2026-03-04 01:57:59.200000+00:00,B14
18762,2026-03-04 02:09:14.070000+00:00,B14
18763,2026-03-04 02:35:27.460000+00:00,B14
18764,2026-03-04 02:45:15.300000+00:00,B14
18766,2026-03-04 03:22:54.280000+00:00,B14
18767,2026-03-04 03:24:06.050000+00:00,B14
18770,2026-03-04 04:54:44.450000+00:00,B14
18772,2026-03-04 06:41:34.190000+00:00,B14
18773,2026-03-04 07:50:43.640000+00:00,B14
18778,2026-03-04 08:58:35.230000+00:00,B14
18779,2026-03-04 09:35:31.730000+00:00,B14
18791,2026-03-04 13:44:11.240000+00:00,B14
18797,2026-03-04 17:20:44.920000+00:00,B14
18812,2026-03-05 03:28:04.100000+00:00,B14
18822,2026-03-05 08:46:16.570000+00:00,B14
18823,2026-03-05 08:59:50+00:00,B14
18827,2026-03-05 11:34:15.760000+00:00,B14
18838,2026-03-05 16:01:06.730000+00:00,B14
18840,2026-03-05 16:25:31.010000+00:00,B14
18843,2026-03-05 17:28:42.080000+00:00,B14
18844,2026-03-05 19:12:07.540000+00:00,B14
18857,2026-03-06 01:13:57.020000+00:00,B14
18865,2026-03-06 05:45:54.810000+00:00,B14
18868,2026-03-06 07:20:21.580000+00:00,B14
18869,2026-03-06 08:08:22.620000+00:00,B14
18872,2026-03-06 09:07:54.710000+00:00,B14
18873,2026-03-06 09:28:26.400000+00:00,B14
18880,2026-03-06 14:51:05.080000+00:00,B14
18885,2026-03-06 19:22:10.280000+00:00,B14
18888,2026-03-06 20:26:37.040000+00:00,B14
18889,2026-03-06 20:30:18.960000+00:00,B14
18893,2026-03-06 20:42:14.440000+00:00,B14
18897,2026-03-06 22:55:30.640000+00:00,B14
18903,2026-03-07 03:25:52.890000+00:00,B14
18908,2026-03-07 05:09:48.750000+00:00,B14
18913,2026-03-07 07:30:22.460000+00:00,B14
18924,2026-03-07 16:15:44.320000+00:00,B14
18929,2026-03-07 18:01:00.960000+00:00,B14
18930,2026-03-07 18:09:51.960000+00:00,B14
18935,2026-03-07 22:16:07.840000+00:00,B14
18946,2026-03-08 03:46:20.940000+00:00,B14
18951,2026-03-08 07:03:43.170000+00:00,B14
18953,2026-03-08 07:42:33.590000+00:00,B14
18956,2026-03-08 08:29:54.750000+00:00,B14
18957,2026-03-08 08:32:56.950000+00:00,B14
18965,2026-03-08 13:08:37.570000+00:00,B14
18966,2026-03-08 13:16:14.600000+00:00,B14
18967,2026-03-08 13:17:08.930000+00:00,B14
18968,2026-03-08 13:20:34.650000+00:00,B14
18969,2026-03-08 13:43:09.670000+00:00,B14
18971,2026-03-08 13:58:39.540000+00:00,B14
18972,2026-03-08 14:00:07.270000+00:00,B14
18973,2026-03-08 14:03:47.790000+00:00,B14
18974,2026-03-08 14:07:41.020000+00:00,B14
18975,2026-03-08 14:19:33.640000+00:00,B14
18976,2026-03-08 14:23:44.560000+00:00,B14
18978,2026-03-08 14:36:57.130000+00:00,B14
18979,2026-03-08 14:41:25.230000+00:00,B14
18980,2026-03-08 14:50:30.680000+00:00,B14
18981,2026-03-08 15:11:55.160000+00:00,B14
18984,2026-03-08 15:42:07.530000+00:00,B14
18985,2026-03-08 15:48:51.380000+00:00,B14
18986,2026-03-08 15:50:52.270000+00:00,B14
18987,2026-03-08 15:53:08.220000+00:00,B14
18988,2026-03-08 16:08:26.370000+00:00,B14
18990,2026-03-08 16:23:20.320000+00:00,B14
18991,2026-03-08 16:26:27.460000+00:00,B14
18992,2026-03-08 16:32:58.970000+00:00,B14
18993,2026-03-08 16:39:12.090000+00:00,B14
18994,2026-03-08 16:58:59.150000+00:00,B14
18996,2026-03-08 18:10:52.080000+00:00,B14
18997,2026-03-08 18:37:22.720000+00:00,B14
18998,2026-03-08 18:46:15.680000+00:00,B14
18999,2026-03-08 19:09:00.920000+00:00,B14
19002,2026-03-08 19:47:23.080000+00:00,B14
19003,2026-03-08 19:52:45.040000+00:00,B14
19004,2026-03-08 19:53:30.300000+00:00,B14
19005,2026-03-08 20:17:20.480000+00:00,B14
19006,2026-03-08 20:32:57.800000+00:00,B14
19007,2026-03-08 21:08:41.200000+00:00,B14
19008,2026-03-08 21:18:56.680000+00:00,B14
19009,2026-03-08 21:22:40.160000+00:00,B14
19011,2026-03-08 22:14:51.080000+00:00,B14
19014,2026-03-08 23:39:48.520000+00:00,B14
19015,2026-03-08 23:42:28.560000+00:00,B14
19016,2026-03-08 23:42:48.280000+00:00,B14
19017,2026-03-08 23:49:26.160000+00:00,B14
19018,2026-03-09 00:17:18.120000+00:00,B14
19019,2026-03-09 00:25:02.250000+00:00,B14
19020,2026-03-09 00:27:06.040000+00:00,B14
19021,2026-03-09 00:38:29.840000+00:00,B14
19023,2026-03-09 00:51:27.690000+00:00,B14
19027,2026-03-09 02:28:14.280000+00:00,B14
19028,2026-03-09 03:10:03.170000+00:00,B14
19031,2026-03-09 04:08:06.050000+00:00,B14
19032,2026-03-09 04:27:04.780000+00:00,B14
19034,2026-03-09 04:33:13.950000+00:00,B14
19035,2026-03-09 04:45:20.380000+00:00,B14
19036,2026-03-09 04:46:59.290000+00:00,B14
19038,2026-03-09 05:11:16.690000+00:00,B14
19040,2026-03-09 05:22:57.600000+00:00,B14
19042,2026-03-09 05:31:24.770000+00:00,B14
19043,2026-03-09 05:41:05.970000+00:00,B14
19045,2026-03-09 05:52:23.630000+00:00,B14
19046,2026-03-09 05:54:55.250000+00:00,B14
19047,2026-03-09 05:56:26.080000+00:00,B14
19049,2026-03-09 06:18:25.320000+00:00,B14
19056,2026-03-09 09:44:44.910000+00:00,B14
19059,2026-03-09 10:57:29.550000+00:00,B14
19060,2026-03-09 11:04:39.210000+00:00,B14
19063,2026-03-09 11:14:02.260000+00:00,B14
19066,2026-03-09 12:21:58.500000+00:00,B14
19069,2026-03-09 13:54:19.090000+00:00,B14
19070,2026-03-09 13:56:54.020000+00:00,B14
19077,2026-03-09 19:24:49+00:00,B14
19078,2026-03-09 19:38:36.160000+00:00,B14
19085,2026-03-09 22:47:21.520000+00:00,B14
19088,2026-03-09 23:28:33.200000+00:00,B14
19089,2026-03-10 01:29:51.920000+00:00,B14
19090,2026-03-10 01:37:26.660000+00:00,B14
19091,2026-03-10 02:12:27.430000+00:00,B14
19097,2026-03-10 03:07:22.320000+00:00,B14
19103,2026-03-10 05:11:11.450000+00:00,B14
19107,2026-03-10 06:59:24.520000+00:00,B14
19108,2026-03-10 07:09:08.610000+00:00,B14
19110,2026-03-10 08:02:22.240000+00:00,B14
19116,2026-03-10 11:04:16.800000+00:00,B14
19117,2026-03-10 11:08:58.480000+00:00,B14
19120,2026-03-10 14:03:51.140000+00:00,B14
19126,2026-03-10 17:52:56.760000+00:00,B14
19147,2026-03-11 02:40:51.850000+00:00,B14
19148,2026-03-11 02:52:04.490000+00:00,B14
19155,2026-03-11 04:47:30.770000+00:00,B14
19167,2026-03-11 08:54:17.440000+00:00,B14
19168,2026-03-11 08:55:23.630000+00:00,B14
19178,2026-03-11 14:53:47.940000+00:00,B14
19179,2026-03-11 15:13:19.800000+00:00,B14
19180,2026-03-11 15:18:34.320000+00:00,B14
19182,2026-03-11 15:48:05.010000+00:00,B14
19185,2026-03-11 15:51:59.580000+00:00,B14
19192,2026-03-11 17:56:14.560000+00:00,B14
19196,2026-03-11 21:51:39.760000+00:00,B14
19198,2026-03-11 22:01:36.960000+00:00,B14
19209,2026-03-12 04:08:15.380000+00:00,B14
19213,2026-03-12 06:16:09.500000+00:00,B14
19221,2026-03-12 10:10:16.890000+00:00,B14
19228,2026-03-12 13:37:51.620000+00:00,B14
19233,2026-03-12 16:45:55.770000+00:00,B14
19237,2026-03-12 19:36:43.400000+00:00,B14
19246,2026-03-12 20:45:30.680000+00:00,B14
19247,2026-03-12 21:13:05.920000+00:00,B14
19248,2026-03-12 21:13:20.320000+00:00,B14
19249,2026-03-12 22:06:53.320000+00:00,B14
19263,2026-03-13 08:08:08.400000+00:00,B14
19264,2026-03-13 08:32:02.080000+00:00,B14
19269,2026-03-13 09:48:39.850000+00:00,B14
19276,2026-03-13 14:27:43.920000+00:00,B14
19277,2026-03-13 14:52:57.620000+00:00,B14
19278,2026-03-13 14:54:44.150000+00:00,B14
19280,2026-03-13 15:10:41.830000+00:00,B14
19285,2026-03-13 18:06:27.800000+00:00,B14
19288,2026-03-13 19:24:42.040000+00:00,B14
19289,2026-03-13 19:25:41.720000+00:00,B14
19290,2026-03-13 19:55:22.600000+00:00,B14
19292,2026-03-13 20:05:19.220000+00:00,B14
19293,2026-03-13 20:23:30.680000+00:00,B14
19297,2026-03-13 22:01:35.040000+00:00,B14
19298,2026-03-13 23:30:44.760000+00:00,B14
19304,2026-03-14 00:59:42.980000+00:00,B14
19308,2026-03-14 02:08:57.100000+00:00,B14
19311,2026-03-14 02:20:51.920000+00:00,B14
19314,2026-03-14 03:10:46.200000+00:00,B14
19317,2026-03-14 06:47:25.690000+00:00,B14
19319,2026-03-14 07:57:21.740000+00:00,B14
19337,2026-03-14 15:16:06.170000+00:00,B14
19346,2026-03-14 19:03:43.800000+00:00,B14
19349,2026-03-14 21:37:08.640000+00:00,B14
19356,2026-03-15 01:05:29.110000+00:00,B14
19361,2026-03-15 03:51:16.570000+00:00,B14
19375,2026-03-15 09:02:40.270000+00:00,B14
19376,2026-03-15 09:03:50.480000+00:00,B14
19379,2026-03-15 10:05:05.230000+00:00,B14
19384,2026-03-15 12:22:49.970000+00:00,B14
19402,2026-03-15 20:41:23.420000+00:00,B14
19408,2026-03-15 23:57:16.420000+00:00,B14
19412,2026-03-16 01:46:57.330000+00:00,B14
19422,2026-03-16 05:28:26.790000+00:00,B14
19436,2026-03-16 12:15:44.760000+00:00,B14
19437,2026-03-16 12:31:28.460000+00:00,B14
19438,2026-03-16 12:47:12.600000+00:00,B14
19442,2026-03-16 16:24:43.030000+00:00,B14
19451,2026-03-16 20:45:44.320000+00:00,B14
19455,2026-03-16 22:25:57.480000+00:00,B14
19473,2026-03-17 07:54:48.400000+00:00,B14
19476,2026-03-17 10:03:14.800000+00:00,B14
19478,2026-03-17 11:53:57.040000+00:00,B14
19483,2026-03-17 13:41:01.780000+00:00,B14
19493,2026-03-17 20:27:34.560000+00:00,B14
19497,2026-03-17 21:09:45.300000+00:00,B14
19502,2026-03-17 23:24:13.160000+00:00,B14
19503,2026-03-17 23:46:40.780000+00:00,B14
19505,2026-03-18 01:03:33.040000+00:00,B14
19509,2026-03-18 03:42:03.340000+00:00,B14
19515,2026-03-18 05:30:38.440000+00:00,B14
19517,2026-03-18 06:23:14.010000+00:00,B14
19518,2026-03-18 06:35:32.010000+00:00,B14
19537,2026-03-18 17:21:47.600000+00:00,B14
19540,2026-03-18 18:06:35.600000+00:00,B14
19541,2026-03-18 18:55:16.280000+00:00,B14
19543,2026-03-18 19:36:10.360000+00:00,B14
19544,2026-03-18 19:44:00.520000+00:00,B14
19545,2026-03-18 19:44:15.880000+00:00,B14
19546,2026-03-18 19:48:04.380000+00:00,B14
19548,2026-03-18 19:58:53.100000+00:00,B14
19552,2026-03-18 21:53:20.360000+00:00,B14
19559,2026-03-18 23:46:45.200000+00:00,B14
19560,2026-03-18 23:52:55.160000+00:00,B14
19561,2026-03-19 01:02:44.080000+00:00,B14
19562,2026-03-19 01:03:04.400000+00:00,B14
19563,2026-03-19 01:06:31.190000+00:00,B14
19569,2026-03-19 03:57:26.690000+00:00,B14
19573,2026-03-19 07:58:25.470000+00:00,B14
19574,2026-03-19 08:13:35.230000+00:00,B14
19576,2026-03-19 09:31:38.440000+00:00,B14
19581,2026-03-19 12:09:31.920000+00:00,B14
19583,2026-03-19 14:54:39.720000+00:00,B14
19584,2026-03-19 15:00:51.290000+00:00,B14
19590,2026-03-19 19:08:22.220000+00:00,B14
19593,2026-03-19 19:43:28.840000+00:00,B14
19594,2026-03-19 19:54:29.360000+00:00,B14
19595,2026-03-19 22:49:38.140000+00:00,B14
19597,2026-03-20 00:47:27.480000+00:00,B14
19610,2026-03-20 08:06:14.240000+00:00,B14
19611,2026-03-20 08:08:06.160000+00:00,B14
19613,2026-03-20 08:33:18.500000+00:00,B14
19614,2026-03-20 08:42:15.190000+00:00,B14
19616,2026-03-20 09:40:07.800000+00:00,B14
19620,2026-03-20 11:30:41.790000+00:00,B14
19623,2026-03-20 12:32:33.460000+00:00,B14
19624,2026-03-20 12:41:44.630000+00:00,B14
19653,2026-03-21 12:33:33.070000+00:00,B14
19654,2026-03-21 13:13:26.990000+00:00,B14
19677,2026-03-21 23:46:13.780000+00:00,B14
19680,2026-03-22 01:12:11.080000+00:00,B14
19705,2026-03-22 18:24:09.320000+00:00,B14
19712,2026-03-23 01:38:44.930000+00:00,B14
19716,2026-03-23 06:27:54.560000+00:00,B14
19718,2026-03-23 06:50:35.530000+00:00,B14
19719,2026-03-23 06:52:09.330000+00:00,B14
19721,2026-03-23 08:45:00.570000+00:00,B14
19744,2026-03-23 21:20:44.720000+00:00,B14
19751,2026-03-24 04:16:24.730000+00:00,B14
19752,2026-03-24 04:39:40.420000+00:00,B14
19759,2026-03-24 09:02:43.100000+00:00,B14
19772,2026-03-24 16:57:33.950000+00:00,B14
19774,2026-03-24 17:38:12.040000+00:00,B14
19803,2026-03-25 08:54:18.470000+00:00,B14
19806,2026-03-25 09:20:14.260000+00:00,B14
19818,2026-03-25 16:56:12.430000+00:00,B14
19821,2026-03-25 19:05:48.500000+00:00,B14
19823,2026-03-25 20:06:41.520000+00:00,B14
19827,2026-03-25 23:33:56.180000+00:00,B14
19828,2026-03-25 23:39:32.720000+00:00,B14
19844,2026-03-26 08:51:51.620000+00:00,B14
19848,2026-03-26 09:52:11.190000+00:00,B14
19857,2026-03-26 14:18:52.960000+00:00,B14
19858,2026-03-26 14:22:11.370000+00:00,B14
19859,2026-03-26 14:24:50.420000+00:00,B14
19860,2026-03-26 14:26:08.410000+00:00,B14
19861,2026-03-26 14:28:40.780000+00:00,B14
19862,2026-03-26 14:29:28.950000+00:00,B14
19863,2026-03-26 14:32:48.350000+00:00,B14
19864,2026-03-26 14:33:22.170000+00:00,B14
19865,2026-03-26 14:36:04.610000+00:00,B14
19866,2026-03-26 14:37:07.210000+00:00,B14
19867,2026-03-26 14:38:42.280000+00:00,B14
19868,2026-03-26 14:40:13.080000+00:00,B14
19869,2026-03-26 14:40:55.900000+00:00,B14
19870,2026-03-26 14:41:27.350000+00:00,B14
19871,2026-03-26 14:43:13.570000+00:00,B14
19872,2026-03-26 14:44:10.240000+00:00,B14
19873,2026-03-26 14:46:42.300000+00:00,B14
19874,2026-03-26 14:47:07.750000+00:00,B14
19875,2026-03-26 14:48:20.280000+00:00,B14
19876,2026-03-26 14:49:12.100000+00:00,B14
19877,2026-03-26 14:51:32.050000+00:00,B14
19878,2026-03-26 14:53:00.670000+00:00,B14
19879,2026-03-26 14:54:11.320000+00:00,B14
19880,2026-03-26 14:54:34.670000+00:00,B14
19882,2026-03-26 14:55:53.810000+00:00,B14
19883,2026-03-26 14:56:10.740000+00:00,B14
19885,2026-03-26 14:58:49.400000+00:00,B14
19886,2026-03-26 14:59:21.020000+00:00,B14
19887,2026-03-26 14:59:27.430000+00:00,B14
19888,2026-03-26 15:03:31.610000+00:00,B14
19889,2026-03-26 15:04:19.390000+00:00,B14
19890,2026-03-26 15:05:51.220000+00:00,B14
19891,2026-03-26 15:06:10.190000+00:00,B14
19892,2026-03-26 15:09:07.640000+00:00,B14
19893,2026-03-26 15:10:06.160000+00:00,B14
19894,2026-03-26 15:10:22.220000+00:00,B14
19895,2026-03-26 15:11:39.120000+00:00,B14
19896,2026-03-26 15:14:18.090000+00:00,B14
19897,2026-03-26 15:15:48.250000+00:00,B14
19898,2026-03-26 15:17:35.590000+00:00,B14
19899,2026-03-26 15:18:42.110000+00:00,B14
19900,2026-03-26 15:21:13.210000+00:00,B14
19901,2026-03-26 15:22:57.650000+00:00,B14
19902,2026-03-26 15:24:22.110000+00:00,B14
19903,2026-03-26 15:27:59.360000+00:00,B14
19904,2026-03-26 15:30:46.030000+00:00,B14
19905,2026-03-26 15:34:06.420000+00:00,B14
19906,2026-03-26 15:36:30.560000+00:00,B14
19907,2026-03-26 15:41:17.740000+00:00,B14
19908,2026-03-26 15:44:01.430000+00:00,B14
19909,2026-03-26 15:44:43.890000+00:00,B14
19910,2026-03-26 15:48:17.880000+00:00,B14
19911,2026-03-26 15:54:42.950000+00:00,B14
19912,2026-03-26 15:56:51.230000+00:00,B14
19913,2026-03-26 15:58:31.020000+00:00,B14
19914,2026-03-26 15:58:46+00:00,B14
19915,2026-03-26 15:59:46.320000+00:00,B14
19916,2026-03-26 16:01:42.230000+00:00,B14
19917,2026-03-26 16:03:14.270000+00:00,B14
19918,2026-03-26 16:06:55.170000+00:00,B14
19919,2026-03-26 16:14:36.330000+00:00,B14
19920,2026-03-26 16:18:44.970000+00:00,B14
19921,2026-03-26 16:18:59.570000+00:00,B14
19922,2026-03-26 16:20:33.820000+00:00,B14
19923,2026-03-26 16:21:29.280000+00:00,B14
19924,2026-03-26 16:22:18.340000+00:00,B14
19925,2026-03-26 16:26:35.500000+00:00,B14
19926,2026-03-26 16:37:35.600000+00:00,B14
19927,2026-03-26 16:39:29.580000+00:00,B14
19928,2026-03-26 16:41:27.720000+00:00,B14
19929,2026-03-26 16:43:51.720000+00:00,B14
19930,2026-03-26 16:47:00.960000+00:00,B14
19931,2026-03-26 16:49:57.580000+00:00,B14
19932,2026-03-26 16:52:09+00:00,B14
19933,2026-03-26 16:54:26.300000+00:00,B14
19934,2026-03-26 16:55:42.580000+00:00,B14
19935,2026-03-26 17:03:10.440000+00:00,B14
19936,2026-03-26 17:03:43.480000+00:00,B14
19937,2026-03-26 17:20:18.980000+00:00,B14
19938,2026-03-26 17:20:51.880000+00:00,B14
19939,2026-03-26 17:21:42.080000+00:00,B14
19940,2026-03-26 17:29:42.720000+00:00,B14
19941,2026-03-26 17:32:00.520000+00:00,B14
19942,2026-03-26 17:33:28.080000+00:00,B14
19943,2026-03-26 17:42:36.640000+00:00,B14
19944,2026-03-26 17:43:01.980000+00:00,B14
19946,2026-03-26 17:52:25.320000+00:00,B14
19947,2026-03-26 17:57:43.640000+00:00,B14
19948,2026-03-26 18:00:34.200000+00:00,B14
19949,2026-03-26 18:04:54.160000+00:00,B14
19950,2026-03-26 18:14:00.560000+00:00,B14
19951,2026-03-26 18:17:46.940000+00:00,B14
19952,2026-03-26 18:25:13.520000+00:00,B14
19953,2026-03-26 18:36:54.840000+00:00,B14
19954,2026-03-26 18:38:48.200000+00:00,B14
19955,2026-03-26 18:40:52.680000+00:00,B14
19956,2026-03-26 18:45:26.760000+00:00,B14
19957,2026-03-26 18:46:29.920000+00:00,B14
19958,2026-03-26 18:48:03.320000+00:00,B14
19959,2026-03-26 18:54:11.520000+00:00,B14
19960,2026-03-26 18:59:40.200000+00:00,B14
19961,2026-03-26 19:00:37.060000+00:00,B14
19962,2026-03-26 19:18:55.560000+00:00,B14
19963,2026-03-26 19:20:10.920000+00:00,B14
19964,2026-03-26 19:22:15.880000+00:00,B14
19965,2026-03-26 19:24:21.140000+00:00,B14
19966,2026-03-26 19:24:39.600000+00:00,B14
19967,2026-03-26 19:28:23.920000+00:00,B14
19968,2026-03-26 19:31:08.140000+00:00,B14
19969,2026-03-26 19:34:05.560000+00:00,B14
19970,2026-03-26 19:34:41.560000+00:00,B14
19971,2026-03-26 19:36:19.280000+00:00,B14
19972,2026-03-26 19:39:41.960000+00:00,B14
19973,2026-03-26 19:47:21.400000+00:00,B14
19974,2026-03-26 19:52:08.800000+00:00,B14
19975,2026-03-26 19:56:33.600000+00:00,B14
19976,2026-03-26 19:58:05.280000+00:00,B14
19977,2026-03-26 20:06:40.240000+00:00,B14
19978,2026-03-26 20:15:59.400000+00:00,B14
19979,2026-03-26 20:17:56.080000+00:00,B14
19980,2026-03-26 20:24:57.200000+00:00,B14
19981,2026-03-26 20:27:06.120000+00:00,B14
19983,2026-03-26 20:32:19.240000+00:00,B14
19984,2026-03-26 20:33:15.760000+00:00,B14
19985,2026-03-26 20:35:27.960000+00:00,B14
19986,2026-03-26 20:36:24.940000+00:00,B14
19987,2026-03-26 20:38:56.600000+00:00,B14
19988,2026-03-26 20:41:24.720000+00:00,B14
19989,2026-03-26 20:44:35.240000+00:00,B14
19990,2026-03-26 20:46:09.960000+00:00,B14
19991,2026-03-26 20:48:21.520000+00:00,B14
19992,2026-03-26 20:58:02.260000+00:00,B14
19993,2026-03-26 20:59:25.080000+00:00,B14
19994,2026-03-26 21:14:15.200000+00:00,B14
19995,2026-03-26 21:14:41.900000+00:00,B14
19996,2026-03-26 21:23:12.300000+00:00,B14
19998,2026-03-26 21:26:29.700000+00:00,B14
19999,2026-03-26 21:31:59.480000+00:00,B14
20000,2026-03-26 21:32:52.480000+00:00,B14
20001,2026-03-26 21:38:16.600000+00:00,B14
20002,2026-03-26 21:40:04.760000+00:00,B14
20003,2026-03-26 21:47:21.740000+00:00,B14
20004,2026-03-26 21:53:55.960000+00:00,B14
20005,2026-03-26 21:55:39.520000+00:00,B14
20006,2026-03-26 21:58:30.620000+00:00,B14
20007,2026-03-26 21:59:55.860000+00:00,B14
20008,2026-03-26 22:08:29.840000+00:00,B14
20009,2026-03-26 22:18:03.880000+00:00,B14
20010,2026-03-26 22:19:03.760000+00:00,B14
20011,2026-03-26 22:22:00.900000+00:00,B14
20012,2026-03-26 22:22:26.800000+00:00,B14
20013,2026-03-26 22:27:01.900000+00:00,B14
20014,2026-03-26 22:28:01.960000+00:00,B14
20015,2026-03-26 22:33:33.040000+00:00,B14
20016,2026-03-26 22:37:53.080000+00:00,B14
20017,2026-03-26 22:58:11.080000+00:00,B14
20018,2026-03-26 23:04:39.840000+00:00,B14
20019,2026-03-26 23:06:56+00:00,B14
20020,2026-03-26 23:20:04.540000+00:00,B14
20021,2026-03-26 23:25:54.040000+00:00,B14
20023,2026-03-26 23:33:36.560000+00:00,B14
20024,2026-03-26 23:39:40.160000+00:00,B14
20025,2026-03-26 23:42:38.960000+00:00,B14
20026,2026-03-26 23:45:48.780000+00:00,B14
20027,2026-03-26 23:46:18.560000+00:00,B14
20028,2026-03-26 23:49:59.740000+00:00,B14
20030,2026-03-27 00:14:10.530000+00:00,B14
20033,2026-03-27 00:26:13.410000+00:00,B14
20034,2026-03-27 00:27:24.310000+00:00,B14
20035,2026-03-27 00:27:58.180000+00:00,B14
20036,2026-03-27 00:58:23.780000+00:00,B14
20037,2026-03-27 01:03:18.500000+00:00,B14
20038,2026-03-27 01:13:26.380000+00:00,B14
20039,2026-03-27 01:19:39.100000+00:00,B14
20040,2026-03-27 01:22:56.050000+00:00,B14
20041,2026-03-27 01:25:13.260000+00:00,B14
20042,2026-03-27 01:26:58.320000+00:00,B14
20043,2026-03-27 01:34:53.280000+00:00,B14
20044,2026-03-27 01:35:31.490000+00:00,B14
20045,2026-03-27 01:36:01.960000+00:00,B14
20046,2026-03-27 01:42:04+00:00,B14
20048,2026-03-27 01:57:05.420000+00:00,B14
20049,2026-03-27 01:58:11.770000+00:00,B14
20050,2026-03-27 02:04:13.990000+00:00,B14
20051,2026-03-27 02:06:03.210000+00:00,B14
20052,2026-03-27 02:06:38.230000+00:00,B14
20053,2026-03-27 02:11:57.860000+00:00,B14
20054,2026-03-27 02:14:18.250000+00:00,B14
20055,2026-03-27 02:15:54.020000+00:00,B14
20057,2026-03-27 02:26:59.390000+00:00,B14
20058,2026-03-27 02:36:10.430000+00:00,B14
20059,2026-03-27 02:42:14.700000+00:00,B14
20060,2026-03-27 02:59:31.820000+00:00,B14
20061,2026-03-27 03:03:15.250000+00:00,B14
20062,2026-03-27 03:06:24.230000+00:00,B14
20063,2026-03-27 03:14:31.800000+00:00,B14
20064,2026-03-27 03:21:24.890000+00:00,B14
20065,2026-03-27 03:24:20.130000+00:00,B14
20066,2026-03-27 03:32:04.260000+00:00,B14
20067,2026-03-27 03:38:38.150000+00:00,B14
20068,2026-03-27 03:42:37.710000+00:00,B14
20070,2026-03-27 03:44:18.720000+00:00,B14
20071,2026-03-27 03:45:38.560000+00:00,B14
20072,2026-03-27 03:52:49.070000+00:00,B14
20073,2026-03-27 04:12:51.220000+00:00,B14
20074,2026-03-27 04:14:23.830000+00:00,B14
20075,2026-03-27 04:17:32.790000+00:00,B14
20076,2026-03-27 04:27:25.850000+00:00,B14
20077,2026-03-27 04:29:29.620000+00:00,B14
20078,2026-03-27 04:40:05.560000+00:00,B14
20079,2026-03-27 04:49:16.080000+00:00,B14
20080,2026-03-27 04:52:26.780000+00:00,B14
20082,2026-03-27 05:10:41.310000+00:00,B14
20083,2026-03-27 05:14:07.550000+00:00,B14
20084,2026-03-27 05:30:05.230000+00:00,B14
20085,2026-03-27 05:44:30.150000+00:00,B14
20086,2026-03-27 05:45:37.030000+00:00,B14
20087,2026-03-27 06:08:27.790000+00:00,B14
20089,2026-03-27 06:26:51.760000+00:00,B14
20090,2026-03-27 06:48:34.170000+00:00,B14
20091,2026-03-27 06:49:24.980000+00:00,B14
20092,2026-03-27 06:50:55.740000+00:00,B14
20094,2026-03-27 07:29:57.480000+00:00,B14
20095,2026-03-27 07:32:46+00:00,B14
20096,2026-03-27 07:36:30.760000+00:00,B14
20100,2026-03-27 07:45:22.090000+00:00,B14
20101,2026-03-27 07:46:28.300000+00:00,B14
20102,2026-03-27 07:50:19.300000+00:00,B14
20104,2026-03-27 08:04:29.030000+00:00,B14
20106,2026-03-27 08:38:05.170000+00:00,B14
20107,2026-03-27 08:44:06.150000+00:00,B14
20108,2026-03-27 08:47:09.850000+00:00,B14
20110,2026-03-27 08:58:44.160000+00:00,B14
20111,2026-03-27 08:59:41.640000+00:00,B14
20112,2026-03-27 09:01:32.540000+00:00,B14
20113,2026-03-27 09:07:07.370000+00:00,B14
20114,2026-03-27 09:08:49.770000+00:00,B14
20116,2026-03-27 09:41:05.830000+00:00,B14
20117,2026-03-27 10:00:34.780000+00:00,B14
20118,2026-03-27 10:06:03.620000+00:00,B14
20119,2026-03-27 10:08:50.350000+00:00,B14
20120,2026-03-27 10:18:53.270000+00:00,B14
20121,2026-03-27 10:28:05.060000+00:00,B14
20122,2026-03-27 10:38:15.310000+00:00,B14
20124,2026-03-27 11:27:15.120000+00:00,B14
20125,2026-03-27 11:33:23.700000+00:00,B14
20126,2026-03-27 11:47:07.620000+00:00,B14
20127,2026-03-27 11:52:27.710000+00:00,B14
20128,2026-03-27 11:52:55.070000+00:00,B14
20129,2026-03-27 11:56:54.370000+00:00,B14
20130,2026-03-27 11:58:52.250000+00:00,B14
20131,2026-03-27 12:07:26.180000+00:00,B14
20132,2026-03-27 12:34:20.500000+00:00,B14
20133,2026-03-27 12:42:51.990000+00:00,B14
20134,2026-03-27 12:54:03.330000+00:00,B14
20136,2026-03-27 13:07:12.630000+00:00,B14
20137,2026-03-27 13:12:35.360000+00:00,B14
20138,2026-03-27 13:14:51.300000+00:00,B14
20139,2026-03-27 13:28:00.440000+00:00,B14
20140,2026-03-27 13:43:55.130000+00:00,B14
20142,2026-03-27 13:49:46.050000+00:00,B14
20143,2026-03-27 13:58:13.940000+00:00,B14
20144,2026-03-27 14:26:00.770000+00:00,B14
20145,2026-03-27 14:34:02.160000+00:00,B14
20146,2026-03-27 15:01:12.050000+00:00,B14
20147,2026-03-27 15:04:59.830000+00:00,B14
20149,2026-03-27 15:21:45.590000+00:00,B14
20150,2026-03-27 15:22:47.470000+00:00,B14
20151,2026-03-27 15:24:34.350000+00:00,B14
20152,2026-03-27 15:35:38.950000+00:00,B14
20154,2026-03-27 16:08:34.890000+00:00,B14
20155,2026-03-27 16:09:44.360000+00:00,B14
20156,2026-03-27 16:21:36.500000+00:00,B14
20157,2026-03-27 16:37:52.950000+00:00,B14
20158,2026-03-27 16:38:50.360000+00:00,B14
20159,2026-03-27 16:44:20.050000+00:00,B14
20160,2026-03-27 16:49:51.820000+00:00,B14
20161,2026-03-27 16:57:41.400000+00:00,B14
20162,2026-03-27 17:01:58.360000+00:00,B14
20164,2026-03-27 17:27:01.280000+00:00,B14
20165,2026-03-27 17:42:45.440000+00:00,B14
20166,2026-03-27 17:46:58.440000+00:00,B14
20167,2026-03-27 17:49:44.120000+00:00,B14
20168,2026-03-27 17:55:43.640000+00:00,B14
20169,2026-03-27 18:12:26.360000+00:00,B14
20171,2026-03-27 18:20:10.480000+00:00,B14
20172,2026-03-27 18:21:13+00:00,B14
20175,2026-03-27 18:38:17.160000+00:00,B14
20176,2026-03-27 18:50:30.320000+00:00,B14
20177,2026-03-27 18:52:57.480000+00:00,B14
20178,2026-03-27 19:17:14.560000+00:00,B14
20179,2026-03-27 19:27:52+00:00,B14
20181,2026-03-27 19:48:33.100000+00:00,B14
20183,2026-03-27 20:00:16.240000+00:00,B14
20184,2026-03-27 20:01:15.920000+00:00,B14
20185,2026-03-27 20:15:56.120000+00:00,B14
20186,2026-03-27 20:22:47.440000+00:00,B14
20187,2026-03-27 20:23:45.060000+00:00,B14
20188,2026-03-27 20:24:00.440000+00:00,B14
20189,2026-03-27 20:36:07.080000+00:00,B14
20190,2026-03-27 20:43:06.520000+00:00,B14
20192,2026-03-27 20:56:12.440000+00:00,B14
20194,2026-03-27 21:14:42+00:00,B14
20195,2026-03-27 21:18:44.040000+00:00,B14
20196,2026-03-27 21:25:11.360000+00:00,B14
20198,2026-03-27 22:06:57.800000+00:00,B14
20199,2026-03-27 22:27:34.520000+00:00,B14
20200,2026-03-27 23:16:20.380000+00:00,B14
20203,2026-03-27 23:42:55.400000+00:00,B14
20204,2026-03-27 23:53:39.240000+00:00,B14
20210,2026-03-28 00:25:58.940000+00:00,B14
20211,2026-03-28 00:26:18.150000+00:00,B14
20212,2026-03-28 00:26:50.370000+00:00,B14
20214,2026-03-28 00:45:15.440000+00:00,B14
20215,2026-03-28 00:51:04.500000+00:00,B14
20216,2026-03-28 00:58:45.440000+00:00,B14
20217,2026-03-28 01:39:44.500000+00:00,B14
20219,2026-03-28 02:11:41.110000+00:00,B14
20221,2026-03-28 03:20:19.560000+00:00,B14
20222,2026-03-28 03:21:37.540000+00:00,B14
20224,2026-03-28 03:28:28.310000+00:00,B14
20225,2026-03-28 04:35:45.300000+00:00,B14
20226,2026-03-28 04:38:25.700000+00:00,B14
20229,2026-03-28 04:58:22.780000+00:00,B14
20230,2026-03-28 05:20:22.620000+00:00,B14
20231,2026-03-28 05:39:36.400000+00:00,B14
20232,2026-03-28 05:42:23.600000+00:00,B14
20234,2026-03-28 05:57:46.230000+00:00,B14
20235,2026-03-28 06:05:00.470000+00:00,B14
20236,2026-03-28 06:12:01.100000+00:00,B14
20239,2026-03-28 06:34:02.240000+00:00,B14
20240,2026-03-28 06:47:43.890000+00:00,B14
20241,2026-03-28 06:56:09.490000+00:00,B14
20242,2026-03-28 07:12:59.090000+00:00,B14
20244,2026-03-28 08:17:20.430000+00:00,B14
20245,2026-03-28 08:19:31.620000+00:00,B14
20246,2026-03-28 08:27:26.010000+00:00,B14
20247,2026-03-28 08:38:03.400000+00:00,B14
20249,2026-03-28 09:08:23.840000+00:00,B14
20250,2026-03-28 09:26:33.320000+00:00,B14
20251,2026-03-28 09:37:07.920000+00:00,B14
20252,2026-03-28 09:40:48.060000+00:00,B14
20253,2026-03-28 09:53:18.400000+00:00,B14
20259,2026-03-28 10:51:11.640000+00:00,B14
20263,2026-03-28 11:27:09.430000+00:00,B14
20265,2026-03-28 12:12:12.160000+00:00,B14
20270,2026-03-28 13:03:30.870000+00:00,B14
20271,2026-03-28 14:50:55.220000+00:00,B14
20272,2026-03-28 14:57:15.220000+00:00,B14
20273,2026-03-28 15:22:42.530000+00:00,B14
20274,2026-03-28 15:22:57.460000+00:00,B14
20276,2026-03-28 15:44:50.810000+00:00,B14
20277,2026-03-28 15:55:09.600000+00:00,B14
20278,2026-03-28 16:01:20.060000+00:00,B14
20279,2026-03-28 16:17:11.030000+00:00,B14
20280,2026-03-28 16:28:02.140000+00:00,B14
20282,2026-03-28 16:45:55.020000+00:00,B14
20284,2026-03-28 17:21:14.800000+00:00,B14
20285,2026-03-28 17:28:25+00:00,B14
20286,2026-03-28 17:42:02.320000+00:00,B14
20287,2026-03-28 18:31:58.800000+00:00,B14
20289,2026-03-28 18:59:51.660000+00:00,B14
20291,2026-03-28 19:12:41.740000+00:00,B14
20292,2026-03-28 19:15:11.560000+00:00,B14
20293,2026-03-28 19:35:03.960000+00:00,B14
20295,2026-03-28 19:44:57.200000+00:00,B14
20296,2026-03-28 20:14:37.040000+00:00,B14
20297,2026-03-28 20:19:00.980000+00:00,B14
20298,2026-03-28 20:40:58.400000+00:00,B14
20299,2026-03-28 21:25:17.560000+00:00,B14
20300,2026-03-28 22:03:59.760000+00:00,B14
20301,2026-03-28 22:29:50.280000+00:00,B14
20305,2026-03-29 01:07:53.400000+00:00,B14
20306,2026-03-29 01:19:47.910000+00:00,B14
20307,2026-03-29 01:27:31.690000+00:00,B14
20311,2026-03-29 03:29:45+00:00,B14
20312,2026-03-29 03:32:21.360000+00:00,B14
20315,2026-03-29 03:46:01.010000+00:00,B14
20316,2026-03-29 04:20:41.300000+00:00,B14
20318,2026-03-29 04:53:03.600000+00:00,B14
20319,2026-03-29 04:54:58.550000+00:00,B14
20320,2026-03-29 05:12:17.800000+00:00,B14
20321,2026-03-29 05:16:32.090000+00:00,B14
20322,2026-03-29 05:32:35.980000+00:00,B14
20323,2026-03-29 05:37:29.500000+00:00,B14
20324,2026-03-29 05:39:07.510000+00:00,B14
20325,2026-03-29 05:40:04.210000+00:00,B14
20326,2026-03-29 05:43:54.560000+00:00,B14
20327,2026-03-29 05:45:39.570000+00:00,B14
20329,2026-03-29 05:50:47.140000+00:00,B14
20330,2026-03-29 06:03:09.070000+00:00,B14
20331,2026-03-29 06:04:58.140000+00:00,B14
20332,2026-03-29 06:06:47.630000+00:00,B14
20339,2026-03-29 08:16:15.780000+00:00,B14
20340,2026-03-29 08:19:42.220000+00:00,B14
20341,2026-03-29 08:22:44.570000+00:00,B14
20342,2026-03-29 08:51:16.900000+00:00,B14
20343,2026-03-29 08:54:22.380000+00:00,B14
20344,2026-03-29 09:33:18.210000+00:00,B14
20345,2026-03-29 09:44:56.440000+00:00,B14
20346,2026-03-29 09:52:46.900000+00:00,B14
20347,2026-03-29 09:56:00.510000+00:00,B14
20349,2026-03-29 09:59:47.470000+00:00,B14
20352,2026-03-29 10:37:18.200000+00:00,B14
20354,2026-03-29 11:04:21.430000+00:00,B14
20356,2026-03-29 11:15:37.980000+00:00,B14
20357,2026-03-29 11:17:39.680000+00:00,B14
20358,2026-03-29 11:20:44.220000+00:00,B14
20361,2026-03-29 11:30:37.880000+00:00,B14
20362,2026-03-29 11:41:14.690000+00:00,B14
20364,2026-03-29 11:49:49.830000+00:00,B14
20365,2026-03-29 12:24:35.500000+00:00,B14
20366,2026-03-29 12:25:02.890000+00:00,B14
20367,2026-03-29 12:48:58.320000+00:00,B14
20368,2026-03-29 13:01:18.900000+00:00,B14
20370,2026-03-29 13:19:15.610000+00:00,B14
20371,2026-03-29 13:22:56.240000+00:00,B14
20373,2026-03-29 13:26:51.430000+00:00,B14
20375,2026-03-29 13:39:11.540000+00:00,B14
20376,2026-03-29 14:09:14.930000+00:00,B14
20377,2026-03-29 14:12:29.320000+00:00,B14
20378,2026-03-29 14:25:16.840000+00:00,B14
20380,2026-03-29 14:56:36.490000+00:00,B14
20381,2026-03-29 15:01:20.520000+00:00,B14
20382,2026-03-29 15:12:24.040000+00:00,B14
20383,2026-03-29 15:18:17.420000+00:00,B14
20384,2026-03-29 15:27:54.990000+00:00,B14
20391,2026-03-29 17:53:40.960000+00:00,B14
20392,2026-03-29 18:13:18.840000+00:00,B14
20393,2026-03-29 18:24:59.480000+00:00,B14
20395,2026-03-29 18:45:19.680000+00:00,B14
20396,2026-03-29 19:07:11.800000+00:00,B14
20397,2026-03-29 19:09:54.920000+00:00,B14
20402,2026-03-29 20:31:44.680000+00:00,B14
20406,2026-03-29 21:35:06.240000+00:00,B14
20408,2026-03-29 22:19:56.980000+00:00,B14
20409,2026-03-29 22:33:35.960000+00:00,B14
20411,2026-03-29 23:22:39.640000+00:00,B14
20413,2026-03-30 00:58:27.530000+00:00,B14
20414,2026-03-30 01:03:30.120000+00:00,B14
20415,2026-03-30 01:13:45.220000+00:00,B14
20416,2026-03-30 01:14:56.930000+00:00,B14
20417,2026-03-30 01:18:54.060000+00:00,B14
20420,2026-03-30 02:16:15.190000+00:00,B14
20422,2026-03-30 03:09:28.690000+00:00,B14
20423,2026-03-30 03:58:40.750000+00:00,B14
20425,2026-03-30 05:00:30.370000+00:00,B14
20426,2026-03-30 05:09:54.590000+00:00,B14
20430,2026-03-30 05:41:33.450000+00:00,B14
20433,2026-03-30 06:23:58.840000+00:00,B14
20435,2026-03-30 06:52:48.630000+00:00,B14
20437,2026-03-30 07:11:24.200000+00:00,B14
20442,2026-03-30 08:40:19.100000+00:00,B14
20444,2026-03-30 08:59:26+00:00,B14
20447,2026-03-30 10:20:42.060000+00:00,B14
20451,2026-03-30 12:17:22.850000+00:00,B14
20452,2026-03-30 12:17:32.890000+00:00,B14
20453,2026-03-30 12:23:18.270000+00:00,B14
20455,2026-03-30 12:50:46.200000+00:00,B14
20461,2026-03-30 14:02:44.540000+00:00,B14
20462,2026-03-30 14:31:14.840000+00:00,B14
20463,2026-03-30 15:33:11.460000+00:00,B14
20467,2026-03-30 19:13:52.440000+00:00,B14
20469,2026-03-30 19:47:54.480000+00:00,B14
20470,2026-03-30 19:59:51.800000+00:00,B14
20474,2026-03-30 20:54:28.060000+00:00,B14
20478,2026-03-30 21:31:18.720000+00:00,B14
20482,2026-03-30 21:51:43.460000+00:00,B14
20487,2026-03-30 23:45:37.680000+00:00,B14
20488,2026-03-31 00:02:18.320000+00:00,B14
20491,2026-03-31 00:26:47.350000+00:00,B14
20493,2026-03-31 00:43:42.570000+00:00,B14
20494,2026-03-31 01:42:27.540000+00:00,B14
20497,2026-03-31 02:04:12.830000+00:00,B14
20498,2026-03-31 02:06:08.900000+00:00,B14
20499,2026-03-31 02:58:24.420000+00:00,B14
20505,2026-03-31 05:01:23.230000+00:00,B14
20506,2026-03-31 05:31:57.710000+00:00,B14
20507,2026-03-31 05:46:55.250000+00:00,B14
20517,2026-03-31 09:28:33.100000+00:00,B14
20519,2026-03-31 09:47:53.690000+00:00,B14
20524,2026-03-31 11:33:07.890000+00:00,B14
20525,2026-03-31 11:43:41.170000+00:00,B14
20528,2026-03-31 12:34:42.750000+00:00,B14
20529,2026-03-31 13:33:39.120000+00:00,B14
20531,2026-03-31 13:45:23.010000+00:00,B14
20534,2026-03-31 16:08:25.760000+00:00,B14
20535,2026-03-31 16:10:22.480000+00:00,B14
20536,2026-03-31 16:17:45.190000+00:00,B14
20540,2026-03-31 17:49:43.600000+00:00,B14
20541,2026-03-31 18:06:41.640000+00:00,B14
20545,2026-03-31 19:28:35.240000+00:00,B14
20546,2026-03-31 19:33:53.280000+00:00,B14
20548,2026-03-31 19:58:18.380000+00:00,B14
20549,2026-03-31 20:50:18.800000+00:00,B14
20550,2026-03-31 21:04:47.320000+00:00,B14
20552,2026-03-31 21:29:53.400000+00:00,B14
20556,2026-04-01 00:32:43.100000+00:00,B14
20558,2026-04-01 01:05:08.990000+00:00,B14
20559,2026-04-01 01:14:14.880000+00:00,B14
20560,2026-04-01 01:45:36.300000+00:00,B14
20563,2026-04-01 03:38:06.970000+00:00,B14
20565,2026-04-01 04:29:44.700000+00:00,B14
20570,2026-04-01 07:14:15.280000+00:00,B14
20572,2026-04-01 08:57:37.540000+00:00,B14
20574,2026-04-01 09:47:32.210000+00:00,B14
20575,2026-04-01 09:52:12.650000+00:00,B14
20578,2026-04-01 10:49:14.010000+00:00,B14
20581,2026-04-01 11:16:41.080000+00:00,B14
20583,2026-04-01 11:46:29.050000+00:00,B14
20587,2026-04-01 12:50:47.020000+00:00,B14
20588,2026-04-01 12:58:36.740000+00:00,B14
20589,2026-04-01 13:01:59.500000+00:00,B14
20591,2026-04-01 13:54:53.520000+00:00,B14
20595,2026-04-01 16:01:01.800000+00:00,B14
20597,2026-04-01 17:17:20.560000+00:00,B14
20599,2026-04-01 17:46:50.100000+00:00,B14
20602,2026-04-01 19:09:49.480000+00:00,B14
20605,2026-04-01 19:29:09.920000+00:00,B14
20606,2026-04-01 20:58:10.820000+00:00,B14
20608,2026-04-01 21:31:40.520000+00:00,B14
20609,2026-04-01 21:44:29.520000+00:00,B14
20611,2026-04-01 23:04:08.120000+00:00,B14
20612,2026-04-01 23:36:44.240000+00:00,B14
20616,2026-04-01 23:53:03.860000+00:00,B14
20617,2026-04-02 00:02:44.040000+00:00,B14
20618,2026-04-02 00:42:33.500000+00:00,B14
20620,2026-04-02 00:44:18.590000+00:00,B14
20621,2026-04-02 01:21:44.940000+00:00,B14
20623,2026-04-02 01:36:59.430000+00:00,B14
20625,2026-04-02 03:08:40.020000+00:00,B14
20627,2026-04-02 05:10:19.840000+00:00,B14
20630,2026-04-02 06:52:10.030000+00:00,B14
20631,2026-04-02 09:18:27.750000+00:00,B14
20633,2026-04-02 10:44:20.670000+00:00,B14
20634,2026-04-02 10:59:05.590000+00:00,B14
20635,2026-04-02 11:22:07.300000+00:00,B14
20640,2026-04-02 18:03:10.640000+00:00,B14
20641,2026-04-02 18:46:26.520000+00:00,B14
20646,2026-04-02 21:52:45.600000+00:00,B14
20649,2026-04-03 00:09:50.270000+00:00,B14
20652,2026-04-03 01:56:49.300000+00:00,B14
20653,2026-04-03 02:13:30.360000+00:00,B14
20654,2026-04-03 02:33:31.370000+00:00,B14
20656,2026-04-03 03:08:04.490000+00:00,B14
20660,2026-04-03 04:32:20.190000+00:00,B14
20661,2026-04-03 05:42:02.570000+00:00,B14
20662,2026-04-03 06:09:06.950000+00:00,B14
20673,2026-04-03 09:16:03.990000+00:00,B14
20676,2026-04-03 09:48:25.280000+00:00,B14
20681,2026-04-03 11:07:10.780000+00:00,B14
20688,2026-04-03 13:48:49.930000+00:00,B14
20690,2026-04-03 14:15:35.060000+00:00,B14
20691,2026-04-03 14:25:13.290000+00:00,B14
20693,2026-04-03 15:33:46.650000+00:00,B14
20698,2026-04-03 18:49:30.960000+00:00,B14
20703,2026-04-03 20:42:34.760000+00:00,B14
20713,2026-04-03 23:54:44.960000+00:00,B14
20715,2026-04-04 01:01:30.170000+00:00,B14
20720,2026-04-04 03:24:27.770000+00:00,B14
20722,2026-04-04 03:50:28.200000+00:00,B14
20725,2026-04-04 04:33:06.890000+00:00,B14
20731,2026-04-04 08:31:11.600000+00:00,B14
20732,2026-04-04 08:41:34.400000+00:00,B14
20733,2026-04-04 09:11:18.390000+00:00,B14
20734,2026-04-04 09:16:16.870000+00:00,B14
20736,2026-04-04 10:23:24.550000+00:00,B14
20737,2026-04-04 10:29:30.330000+00:00,B14
20739,2026-04-04 10:51:47.190000+00:00,B14
20740,2026-04-04 11:08:50.740000+00:00,B14
20741,2026-04-04 12:22:40.190000+00:00,B14
20742,2026-04-04 12:44:02.020000+00:00,B14
20745,2026-04-04 13:41:12.320000+00:00,B14
20747,2026-04-04 14:06:18.650000+00:00,B14
20752,2026-04-04 15:50:31.600000+00:00,B14
20756,2026-04-04 16:44:01.050000+00:00,B14
20757,2026-04-04 16:50:50.640000+00:00,B14
20761,2026-04-04 20:39:34.600000+00:00,B14
20764,2026-04-04 21:36:11.600000+00:00,B14
20765,2026-04-04 21:43:09.700000+00:00,B14
20771,2026-04-05 00:59:42.630000+00:00,B14
20775,2026-04-05 01:33:45.100000+00:00,B14
20781,2026-04-05 02:30:26.620000+00:00,B14
20784,2026-04-05 03:42:41.950000+00:00,B14
20789,2026-04-05 06:53:03.220000+00:00,B14
20791,2026-04-05 07:44:21.490000+00:00,B14
20796,2026-04-05 11:31:51.090000+00:00,B14
20797,2026-04-05 11:33:30.260000+00:00,B14
20800,2026-04-05 12:56:27.150000+00:00,B14
20801,2026-04-05 13:02:52.590000+00:00,B14
20806,2026-04-05 15:20:06.140000+00:00,B14
20809,2026-04-05 16:51:58.850000+00:00,B14
20812,2026-04-05 17:59:01.840000+00:00,B14
20814,2026-04-05 18:25:32.040000+00:00,B14
20816,2026-04-05 21:23:27.120000+00:00,B14
20821,2026-04-06 00:23:38.300000+00:00,B14
20842,2026-04-06 03:39:45.260000+00:00,B14
20867,2026-04-06 07:57:27.650000+00:00,B14
20873,2026-04-06 09:16:18.110000+00:00,B14
20879,2026-04-06 10:55:00.690000+00:00,B14
20882,2026-04-06 11:39:06.460000+00:00,B14
20885,2026-04-06 12:34:51.310000+00:00,B14
20886,2026-04-06 12:36:05.680000+00:00,B14
20890,2026-04-06 13:59:51.320000+00:00,B14
20893,2026-04-06 14:34:26.990000+00:00,B14
20910,2026-04-06 19:35:31.200000+00:00,B14
20917,2026-04-06 22:19:12.280000+00:00,B14
20920,2026-04-06 23:31:28.320000+00:00,B14
20927,2026-04-07 02:32:20.030000+00:00,B14
20930,2026-04-07 03:38:07.170000+00:00,B14
20932,2026-04-07 05:21:38.360000+00:00,B14
20935,2026-04-07 07:12:56.170000+00:00,B14
20944,2026-04-07 14:15:25.930000+00:00,B14
20945,2026-04-07 14:34:17.200000+00:00,B14
20950,2026-04-07 16:47:34.070000+00:00,B14
20951,2026-04-07 17:44:26.720000+00:00,B14
20955,2026-04-07 18:54:57.600000+00:00,B14
20961,2026-04-08 00:32:45.860000+00:00,B14
20962,2026-04-08 00:33:12.810000+00:00,B14
20966,2026-04-08 03:03:05.140000+00:00,B14
20967,2026-04-08 03:24:17.420000+00:00,B14
20968,2026-04-08 03:25:21.380000+00:00,B14
20970,2026-04-08 04:26:51.720000+00:00,B14
20972,2026-04-08 06:00:26.920000+00:00,B14
20973,2026-04-08 06:27:50.360000+00:00,B14
20974,2026-04-08 06:36:39.370000+00:00,B14
20975,2026-04-08 06:44:43.770000+00:00,B14
20976,2026-04-08 06:48:51.480000+00:00,B14
20977,2026-04-08 07:13:36.820000+00:00,B14
20979,2026-04-08 08:39:06.400000+00:00,B14
20980,2026-04-08 08:53:02.260000+00:00,B14
20983,2026-04-08 09:40:11.770000+00:00,B14
20985,2026-04-08 10:31:36.400000+00:00,B14
20986,2026-04-08 11:16:49.410000+00:00,B14
20988,2026-04-08 11:46:17.290000+00:00,B14
20989,2026-04-08 12:30:12.630000+00:00,B14
20997,2026-04-08 16:53:36+00:00,B14
20999,2026-04-08 17:17:13.280000+00:00,B14
21000,2026-04-08 17:25:54.440000+00:00,B14
21002,2026-04-08 17:56:27.960000+00:00,B14
21003,2026-04-08 18:16:19.840000+00:00,B14
21005,2026-04-08 19:09:22.080000+00:00,B14
21006,2026-04-08 19:16:24+00:00,B14
21007,2026-04-08 19:19:33.880000+00:00,B14
21009,2026-04-08 19:49:07.840000+00:00,B14
21012,2026-04-08 21:38:43.360000+00:00,B14
21016,2026-04-08 22:38:21.320000+00:00,B14
21017,2026-04-08 22:41:41.760000+00:00,B14
21024,2026-04-09 03:03:46.590000+00:00,B14
21026,2026-04-09 04:19:17.330000+00:00,B14
21038,2026-04-09 08:39:26.840000+00:00,B14
21039,2026-04-09 09:25:10.610000+00:00,B14
21043,2026-04-09 10:16:29.630000+00:00,B14
21047,2026-04-09 11:14:31.520000+00:00,B14
21052,2026-04-09 14:52:30.210000+00:00,B14
21055,2026-04-09 15:43:04.940000+00:00,B14
21057,2026-04-09 17:04:44.220000+00:00,B14
21058,2026-04-09 18:22:48.560000+00:00,B14
21063,2026-04-09 20:47:40.120000+00:00,B14
21076,2026-04-10 04:52:42.110000+00:00,B14
21078,2026-04-10 05:33:04.060000+00:00,B14
21079,2026-04-10 05:53:16.480000+00:00,B14
21082,2026-04-10 06:25:37.810000+00:00,B14
21084,2026-04-10 06:38:33.340000+00:00,B14
21092,2026-04-10 12:57:42.630000+00:00,B14
21108,2026-04-11 00:39:39.300000+00:00,B14
21109,2026-04-11 00:59:54.370000+00:00,B14
21113,2026-04-11 02:14:41.230000+00:00,B14
21117,2026-04-11 03:36:34.900000+00:00,B14
21387,2026-04-15 19:22:09.660000+00:00,B15
21394,2026-04-15 22:41:34.840000+00:00,B15
21400,2026-04-16 01:34:24.100000+00:00,B15
21401,2026-04-16 03:20:34.190000+00:00,B15
21403,2026-04-16 04:41:30.080000+00:00,B15
21412,2026-04-16 10:24:09.390000+00:00,B15
21413,2026-04-16 11:13:52.900000+00:00,B15
21416,2026-04-16 14:03:34.440000+00:00,B15
21420,2026-04-16 14:26:47.620000+00:00,B15
21426,2026-04-16 16:13:45.470000+00:00,B15
21428,2026-04-16 16:26:11.600000+00:00,B15
21429,2026-04-16 16:32:13.760000+00:00,B15
21430,2026-04-16 16:34:24.230000+00:00,B15
21431,2026-04-16 16:50:55.070000+00:00,B15
21436,2026-04-16 17:43:25.660000+00:00,B15
21437,2026-04-16 19:30:06.960000+00:00,B15
21445,2026-04-16 22:37:08.300000+00:00,B15
21446,2026-04-16 22:37:52.800000+00:00,B15
21448,2026-04-16 23:09:52.660000+00:00,B15
21450,2026-04-17 00:15:17.630000+00:00,B15
21452,2026-04-17 00:18:52.560000+00:00,B15
21453,2026-04-17 00:39:03.780000+00:00,B15
21454,2026-04-17 01:19:57.420000+00:00,B15
21456,2026-04-17 01:52:53.990000+00:00,B15
21461,2026-04-17 04:32:44.190000+00:00,B15
21465,2026-04-17 06:45:03.640000+00:00,B15
21466,2026-04-17 07:04:35.190000+00:00,B15
21468,2026-04-17 07:23:21.140000+00:00,B15
21472,2026-04-17 08:14:36.010000+00:00,B15
21474,2026-04-17 08:24:47.180000+00:00,B15
21477,2026-04-17 09:16:35.080000+00:00,B15
21478,2026-04-17 09:21:44.600000+00:00,B15
21487,2026-04-17 12:31:50.420000+00:00,B15
21488,2026-04-17 12:32:22.170000+00:00,B15
21490,2026-04-17 13:10:14.480000+00:00,B15
21491,2026-04-17 13:36:24.340000+00:00,B15
21494,2026-04-17 14:15:43.940000+00:00,B15
21496,2026-04-17 15:34:00.960000+00:00,B15
21500,2026-04-17 16:40:36.690000+00:00,B15
21509,2026-04-17 19:00:45.840000+00:00,B15
21510,2026-04-17 19:41:38.820000+00:00,B15
21511,2026-04-17 19:47:31.980000+00:00,B15
21514,2026-04-17 19:55:20.800000+00:00,B15
21516,2026-04-17 20:31:02.780000+00:00,B15
21517,2026-04-17 20:32:42.160000+00:00,B15
21518,2026-04-17 20:33:52.580000+00:00,B15
21519,2026-04-17 20:49:32.040000+00:00,B15
21527,2026-04-17 22:27:11.960000+00:00,B15
21531,2026-04-17 23:16:35.080000+00:00,B15
21535,2026-04-18 01:09:45.120000+00:00,B15
21536,2026-04-18 01:10:09.620000+00:00,B15
21548,2026-04-18 06:31:30.060000+00:00,B15
21557,2026-04-18 10:26:07.620000+00:00,B15
21559,2026-04-18 12:08:34.420000+00:00,B15
21566,2026-04-18 15:13:05.970000+00:00,B15
21570,2026-04-18 15:48:35.850000+00:00,B15
21573,2026-04-18 16:22:02.550000+00:00,B15
21574,2026-04-18 16:25:21.100000+00:00,B15
21583,2026-04-18 20:38:06+00:00,B15
21587,2026-04-18 22:04:33.120000+00:00,B15
21593,2026-04-19 04:46:26.190000+00:00,B15
21595,2026-04-19 06:33:29.190000+00:00,B15
21600,2026-04-19 11:07:19.750000+00:00,B15
21601,2026-04-19 11:13:05.180000+00:00,B15
21603,2026-04-19 11:24:39.280000+00:00,B15
21608,2026-04-19 14:34:54.030000+00:00,B15
21611,2026-04-19 17:04:12.600000+00:00,B15
21617,2026-04-19 22:36:58.400000+00:00,B15
21623,2026-04-20 03:25:00.300000+00:00,B15
21630,2026-04-20 07:52:58.050000+00:00,B15
21631,2026-04-20 07:56:46.960000+00:00,B15
21632,2026-04-20 07:59:24.700000+00:00,B15
21633,2026-04-20 08:00:00.700000+00:00,B15
21634,2026-04-20 08:01:31.490000+00:00,B15
21635,2026-04-20 08:03:05.930000+00:00,B15
21636,2026-04-20 08:04:51.500000+00:00,B15
21637,2026-04-20 08:07:16.580000+00:00,B15
21638,2026-04-20 08:07:51.220000+00:00,B15
21639,2026-04-20 08:08:53.120000+00:00,B15
21640,2026-04-20 08:10:04.240000+00:00,B15
21641,2026-04-20 08:11:05.960000+00:00,B15
21642,2026-04-20 08:11:41.560000+00:00,B15
21643,2026-04-20 08:12:28.660000+00:00,B15
21644,2026-04-20 08:12:41.560000+00:00,B15
21645,2026-04-20 08:14:46.320000+00:00,B15
21646,2026-04-20 08:15:21.140000+00:00,B15
21647,2026-04-20 08:17:51.960000+00:00,B15
21648,2026-04-20 08:18:43.890000+00:00,B15
21649,2026-04-20 08:18:49.550000+00:00,B15
21650,2026-04-20 08:19:33.530000+00:00,B15
21651,2026-04-20 08:20:06.220000+00:00,B15
21652,2026-04-20 08:20:59.400000+00:00,B15
21653,2026-04-20 08:21:56.230000+00:00,B15
21654,2026-04-20 08:23:31.570000+00:00,B15
21655,2026-04-20 08:23:52.160000+00:00,B15
21656,2026-04-20 08:24:40.810000+00:00,B15
21657,2026-04-20 08:26:08.930000+00:00,B15
21658,2026-04-20 08:27:38.090000+00:00,B15
21659,2026-04-20 08:29:12.470000+00:00,B15
21660,2026-04-20 08:29:44.380000+00:00,B15
21661,2026-04-20 08:30:09.100000+00:00,B15
21662,2026-04-20 08:32:03.790000+00:00,B15
21663,2026-04-20 08:32:46.210000+00:00,B15
21664,2026-04-20 08:33:35.160000+00:00,B15
21665,2026-04-20 08:35:42.790000+00:00,B15
21666,2026-04-20 08:36:45.980000+00:00,B15
21667,2026-04-20 08:38:32.630000+00:00,B15
21668,2026-04-20 08:42:07.140000+00:00,B15
21669,2026-04-20 08:42:24.400000+00:00,B15
21670,2026-04-20 08:43:57.160000+00:00,B15
21671,2026-04-20 08:46:28.080000+00:00,B15
21672,2026-04-20 08:47:16.260000+00:00,B15
21673,2026-04-20 08:47:53.010000+00:00,B15
21674,2026-04-20 08:48:50.100000+00:00,B15
21675,2026-04-20 08:50:34.350000+00:00,B15
21676,2026-04-20 08:50:52.540000+00:00,B15
21677,2026-04-20 08:51:31.480000+00:00,B15
21678,2026-04-20 08:52:42.490000+00:00,B15
21679,2026-04-20 08:55:49.520000+00:00,B15
21680,2026-04-20 08:58:36.960000+00:00,B15
21681,2026-04-20 08:58:56.470000+00:00,B15
21682,2026-04-20 08:59:31.440000+00:00,B15
21684,2026-04-20 09:01:38.760000+00:00,B15
21685,2026-04-20 09:02:03.620000+00:00,B15
21686,2026-04-20 09:02:18.690000+00:00,B15
21687,2026-04-20 09:02:52.180000+00:00,B15
21688,2026-04-20 09:03:11.600000+00:00,B15
21689,2026-04-20 09:03:37.700000+00:00,B15
21690,2026-04-20 09:04:05.180000+00:00,B15
21691,2026-04-20 09:05:10.010000+00:00,B15
21692,2026-04-20 09:05:27.620000+00:00,B15
21693,2026-04-20 09:06:19.900000+00:00,B15
21694,2026-04-20 09:06:28.180000+00:00,B15
21695,2026-04-20 09:06:59.550000+00:00,B15
21696,2026-04-20 09:07:35.650000+00:00,B15
21697,2026-04-20 09:09:12.170000+00:00,B15
21698,2026-04-20 09:09:40.870000+00:00,B15
21699,2026-04-20 09:10:42.370000+00:00,B15
21700,2026-04-20 09:12:40.980000+00:00,B15
21701,2026-04-20 09:13:09.570000+00:00,B15
21702,2026-04-20 09:14:05.600000+00:00,B15
21703,2026-04-20 09:14:31.960000+00:00,B15
21704,2026-04-20 09:15:18.950000+00:00,B15
21705,2026-04-20 09:16:05.740000+00:00,B15
21706,2026-04-20 09:19:15.920000+00:00,B15
21707,2026-04-20 09:19:38.130000+00:00,B15
21709,2026-04-20 09:20:27.530000+00:00,B15
21711,2026-04-20 09:23:30.820000+00:00,B15
21712,2026-04-20 09:24:05.590000+00:00,B15
21713,2026-04-20 09:24:10.850000+00:00,B15
21714,2026-04-20 09:25:58.270000+00:00,B15
21715,2026-04-20 09:26:50.580000+00:00,B15
21716,2026-04-20 09:27:28.010000+00:00,B15
21717,2026-04-20 09:29:07.870000+00:00,B15
21718,2026-04-20 09:29:35.720000+00:00,B15
21719,2026-04-20 09:30:27.580000+00:00,B15
21720,2026-04-20 09:34:53.360000+00:00,B15
21721,2026-04-20 09:35:19.350000+00:00,B15
21722,2026-04-20 09:37:19.950000+00:00,B15
21723,2026-04-20 09:38:42.400000+00:00,B15
21724,2026-04-20 09:39:08.640000+00:00,B15
21725,2026-04-20 09:40:39.130000+00:00,B15
21726,2026-04-20 09:41:28.900000+00:00,B15
21727,2026-04-20 09:42:57.800000+00:00,B15
21728,2026-04-20 09:44:13.690000+00:00,B15
21729,2026-04-20 09:45:41.600000+00:00,B15
21730,2026-04-20 09:47:21.250000+00:00,B15
21731,2026-04-20 09:48:33.810000+00:00,B15
21732,2026-04-20 09:49:42.870000+00:00,B15
21733,2026-04-20 09:54:15.130000+00:00,B15
21734,2026-04-20 09:57:02.470000+00:00,B15
21735,2026-04-20 09:58:46.030000+00:00,B15
21736,2026-04-20 10:00:32.770000+00:00,B15
21737,2026-04-20 10:02:04.280000+00:00,B15
21738,2026-04-20 10:03:26.140000+00:00,B15
21739,2026-04-20 10:04:45.240000+00:00,B15
21740,2026-04-20 10:06:35.490000+00:00,B15
21741,2026-04-20 10:07:17.960000+00:00,B15
21742,2026-04-20 10:08:27.070000+00:00,B15
21743,2026-04-20 10:09:09.260000+00:00,B15
21744,2026-04-20 10:10:13.540000+00:00,B15
21745,2026-04-20 10:11:14.960000+00:00,B15
21746,2026-04-20 10:12:57.620000+00:00,B15
21747,2026-04-20 10:13:22.620000+00:00,B15
21748,2026-04-20 10:14:39.840000+00:00,B15
21749,2026-04-20 10:15:57.040000+00:00,B15
21750,2026-04-20 10:16:46.080000+00:00,B15
21751,2026-04-20 10:17:29.670000+00:00,B15
21752,2026-04-20 10:18:31.090000+00:00,B15
21753,2026-04-20 10:20:06.020000+00:00,B15
21754,2026-04-20 10:22:08.950000+00:00,B15
21755,2026-04-20 10:23:01.240000+00:00,B15
21756,2026-04-20 10:24:32.560000+00:00,B15
21757,2026-04-20 10:25:08.930000+00:00,B15
21758,2026-04-20 10:26:09.900000+00:00,B15
21759,2026-04-20 10:26:17.930000+00:00,B15
21760,2026-04-20 10:29:22.550000+00:00,B15
21761,2026-04-20 10:30:26.020000+00:00,B15
21762,2026-04-20 10:32:01.050000+00:00,B15
21763,2026-04-20 10:32:49.790000+00:00,B15
21764,2026-04-20 10:35:22.890000+00:00,B15
21765,2026-04-20 10:36:37.100000+00:00,B15
21766,2026-04-20 10:37:33.890000+00:00,B15
21767,2026-04-20 10:41:01.950000+00:00,B15
21768,2026-04-20 10:41:25.530000+00:00,B15
21769,2026-04-20 10:42:23.100000+00:00,B15
21770,2026-04-20 10:43:11.740000+00:00,B15
21771,2026-04-20 10:44:12.890000+00:00,B15
21772,2026-04-20 10:47:12.880000+00:00,B15
21773,2026-04-20 10:48:47.710000+00:00,B15
21776,2026-04-20 10:50:59.130000+00:00,B15
21777,2026-04-20 10:52:04.470000+00:00,B15
21778,2026-04-20 10:53:15.840000+00:00,B15
21779,2026-04-20 10:54:22.940000+00:00,B15
21780,2026-04-20 10:55:56.450000+00:00,B15
21781,2026-04-20 10:57:25.430000+00:00,B15
21782,2026-04-20 10:59:34.630000+00:00,B15
21783,2026-04-20 11:00:13.740000+00:00,B15
21784,2026-04-20 11:01:23.770000+00:00,B15
21785,2026-04-20 11:01:55.740000+00:00,B15
21786,2026-04-20 11:03:02.920000+00:00,B15
21787,2026-04-20 11:03:44.090000+00:00,B15
21788,2026-04-20 11:04:17.180000+00:00,B15
21789,2026-04-20 11:06:18.730000+00:00,B15
21790,2026-04-20 11:06:59.350000+00:00,B15
21791,2026-04-20 11:07:28.100000+00:00,B15
21792,2026-04-20 11:08:36.190000+00:00,B15
21793,2026-04-20 11:08:53.590000+00:00,B15
21795,2026-04-20 11:10:59.340000+00:00,B15
21796,2026-04-20 11:12:47.360000+00:00,B15
21797,2026-04-20 11:13:27.210000+00:00,B15
21798,2026-04-20 11:14:28.650000+00:00,B15
21799,2026-04-20 11:15:49.650000+00:00,B15
21800,2026-04-20 11:16:34.120000+00:00,B15
21801,2026-04-20 11:17:54.080000+00:00,B15
21802,2026-04-20 11:18:30.220000+00:00,B15
21803,2026-04-20 11:19:30.080000+00:00,B15
21804,2026-04-20 11:20:16.470000+00:00,B15
21805,2026-04-20 11:23:57.700000+00:00,B15
21806,2026-04-20 11:25:47.230000+00:00,B15
21807,2026-04-20 11:26:16.090000+00:00,B15
21808,2026-04-20 11:28:57.740000+00:00,B15
21809,2026-04-20 11:32:18.460000+00:00,B15
21810,2026-04-20 11:32:24.650000+00:00,B15
21811,2026-04-20 11:34:31.910000+00:00,B15
21812,2026-04-20 11:35:33.660000+00:00,B15
21813,2026-04-20 11:37:36.420000+00:00,B15
21814,2026-04-20 11:38:45.900000+00:00,B15
21815,2026-04-20 11:38:59.250000+00:00,B15
21816,2026-04-20 11:39:59.380000+00:00,B15
21818,2026-04-20 11:41:48.550000+00:00,B15
21819,2026-04-20 11:42:08.490000+00:00,B15
21820,2026-04-20 11:42:48.040000+00:00,B15
21821,2026-04-20 11:44:06.630000+00:00,B15
21822,2026-04-20 11:46:06.190000+00:00,B15
21823,2026-04-20 11:46:36.390000+00:00,B15
21824,2026-04-20 11:48:04.300000+00:00,B15
21825,2026-04-20 11:48:50.760000+00:00,B15
21826,2026-04-20 11:51:03.520000+00:00,B15
21827,2026-04-20 11:53:25.750000+00:00,B15
21828,2026-04-20 11:55:18.620000+00:00,B15
21829,2026-04-20 11:55:50.180000+00:00,B15
21830,2026-04-20 11:57:33.990000+00:00,B15
21831,2026-04-20 11:58:36.280000+00:00,B15
21832,2026-04-20 12:00:45.480000+00:00,B15
21833,2026-04-20 12:04:33.990000+00:00,B15
21834,2026-04-20 12:06:14.460000+00:00,B15
21835,2026-04-20 12:07:04.760000+00:00,B15
21836,2026-04-20 12:08:29.050000+00:00,B15
21837,2026-04-20 12:08:53.370000+00:00,B15
21838,2026-04-20 12:10:00.910000+00:00,B15
21839,2026-04-20 12:11:14.760000+00:00,B15
21840,2026-04-20 12:15:45.450000+00:00,B15
21841,2026-04-20 12:16:59.510000+00:00,B15
21842,2026-04-20 12:19:23.290000+00:00,B15
21843,2026-04-20 12:20:19.610000+00:00,B15
21844,2026-04-20 12:21:40.630000+00:00,B15
21845,2026-04-20 12:23:04.370000+00:00,B15
21846,2026-04-20 12:24:10.740000+00:00,B15
21847,2026-04-20 12:26:21.090000+00:00,B15
21848,2026-04-20 12:32:19.730000+00:00,B15
21849,2026-04-20 12:33:15.420000+00:00,B15
21850,2026-04-20 12:34:11.240000+00:00,B15
21851,2026-04-20 12:34:47.530000+00:00,B15
21852,2026-04-20 12:38:38.530000+00:00,B15
21853,2026-04-20 12:39:06+00:00,B15
21854,2026-04-20 12:40:59.340000+00:00,B15
21855,2026-04-20 12:44:24.230000+00:00,B15
21856,2026-04-20 12:46:01.190000+00:00,B15
21857,2026-04-20 12:47:29.920000+00:00,B15
21858,2026-04-20 12:50:26.660000+00:00,B15
21859,2026-04-20 12:50:48.280000+00:00,B15
21860,2026-04-20 12:51:36.910000+00:00,B15
21861,2026-04-20 12:52:38.180000+00:00,B15
21862,2026-04-20 12:52:59.370000+00:00,B15
21863,2026-04-20 12:55:23.830000+00:00,B15
21864,2026-04-20 12:56:46.650000+00:00,B15
21865,2026-04-20 12:58:56.810000+00:00,B15
21866,2026-04-20 12:59:19.340000+00:00,B15
21867,2026-04-20 13:03:23.990000+00:00,B15
21869,2026-04-20 13:06:06.450000+00:00,B15
21870,2026-04-20 13:08:50.870000+00:00,B15
21871,2026-04-20 13:10:13.750000+00:00,B15
21872,2026-04-20 13:11:26.340000+00:00,B15
21873,2026-04-20 13:11:51.910000+00:00,B15
21874,2026-04-20 13:13:48.500000+00:00,B15
21875,2026-04-20 13:15:56.450000+00:00,B15
21876,2026-04-20 13:16:44.930000+00:00,B15
21877,2026-04-20 13:17:55.590000+00:00,B15
21878,2026-04-20 13:19:44.310000+00:00,B15
21879,2026-04-20 13:20:32.240000+00:00,B15
21880,2026-04-20 13:21:04.800000+00:00,B15
21881,2026-04-20 13:21:10.880000+00:00,B15
21882,2026-04-20 13:22:15.520000+00:00,B15
21883,2026-04-20 13:23:07.430000+00:00,B15
21884,2026-04-20 13:25:31.910000+00:00,B15
21885,2026-04-20 13:25:50.270000+00:00,B15
21886,2026-04-20 13:27:17.580000+00:00,B15
21887,2026-04-20 13:27:40.570000+00:00,B15
21888,2026-04-20 13:28:21.500000+00:00,B15
21889,2026-04-20 13:29:30.870000+00:00,B15
21890,2026-04-20 13:30:56.780000+00:00,B15
21891,2026-04-20 13:32:38.420000+00:00,B15
21892,2026-04-20 13:33:23.280000+00:00,B15
21893,2026-04-20 13:35:41.990000+00:00,B15
21894,2026-04-20 13:36:06.100000+00:00,B15
21895,2026-04-20 13:37:14.690000+00:00,B15
21896,2026-04-20 13:39:16.570000+00:00,B15
21897,2026-04-20 13:40:48.900000+00:00,B15
21898,2026-04-20 13:41:44.200000+00:00,B15
21899,2026-04-20 13:42:31.200000+00:00,B15
21900,2026-04-20 13:46:35.020000+00:00,B15
21901,2026-04-20 13:48:38.730000+00:00,B15
21902,2026-04-20 13:51:16.430000+00:00,B15
21903,2026-04-20 13:52:18.580000+00:00,B15
21904,2026-04-20 13:52:50.760000+00:00,B15
21905,2026-04-20 13:54:15.530000+00:00,B15
21906,2026-04-20 13:54:18.550000+00:00,B15
21907,2026-04-20 13:55:24.970000+00:00,B15
21908,2026-04-20 13:56:43.380000+00:00,B15
21909,2026-04-20 13:59:59.080000+00:00,B15
21910,2026-04-20 14:00:58.390000+00:00,B15
21911,2026-04-20 14:01:17.280000+00:00,B15
21912,2026-04-20 14:01:46.510000+00:00,B15
21913,2026-04-20 14:02:42.890000+00:00,B15
21914,2026-04-20 14:03:05.610000+00:00,B15
21915,2026-04-20 14:04:42.650000+00:00,B15
21916,2026-04-20 14:05:24.220000+00:00,B15
21917,2026-04-20 14:06:41.020000+00:00,B15
21918,2026-04-20 14:07:31.940000+00:00,B15
21919,2026-04-20 14:07:51.730000+00:00,B15
21920,2026-04-20 14:08:23.670000+00:00,B15
21921,2026-04-20 14:09:46.240000+00:00,B15
21922,2026-04-20 14:11:32.940000+00:00,B15
21923,2026-04-20 14:12:27.830000+00:00,B15
21924,2026-04-20 14:14:01.120000+00:00,B15
21925,2026-04-20 14:15:27.340000+00:00,B15
21926,2026-04-20 14:17:59.730000+00:00,B15
21927,2026-04-20 14:19:06.250000+00:00,B15
21928,2026-04-20 14:20:14.380000+00:00,B15
21929,2026-04-20 14:21:14.580000+00:00,B15
21930,2026-04-20 14:21:45.080000+00:00,B15
21931,2026-04-20 14:22:34.800000+00:00,B15
21933,2026-04-20 14:25:09.250000+00:00,B15
21935,2026-04-20 14:26:34.930000+00:00,B15
21936,2026-04-20 14:27:44.430000+00:00,B15
21937,2026-04-20 14:27:56.110000+00:00,B15
21938,2026-04-20 14:28:25.660000+00:00,B15
21939,2026-04-20 14:30:02.180000+00:00,B15
21940,2026-04-20 14:31:00.020000+00:00,B15
21942,2026-04-20 14:32:24.770000+00:00,B15
21944,2026-04-20 14:34:56.970000+00:00,B15
21945,2026-04-20 14:35:07.450000+00:00,B15
21946,2026-04-20 14:36:37.080000+00:00,B15
21948,2026-04-20 14:37:37.130000+00:00,B15
21949,2026-04-20 14:39:05.310000+00:00,B15
21950,2026-04-20 14:39:34.700000+00:00,B15
21951,2026-04-20 14:40:33.240000+00:00,B15
21952,2026-04-20 14:41:39.640000+00:00,B15
21953,2026-04-20 14:43:10.210000+00:00,B15
21954,2026-04-20 14:45:01.820000+00:00,B15
21955,2026-04-20 14:45:29.500000+00:00,B15
21956,2026-04-20 14:47:30.280000+00:00,B15
21958,2026-04-20 14:49:32.590000+00:00,B15
21959,2026-04-20 14:50:31.090000+00:00,B15
21960,2026-04-20 14:52:07.210000+00:00,B15
21961,2026-04-20 14:53:37.410000+00:00,B15
21962,2026-04-20 14:54:32.440000+00:00,B15
21963,2026-04-20 14:55:34.830000+00:00,B15
21964,2026-04-20 14:57:25.940000+00:00,B15
21965,2026-04-20 14:59:31.230000+00:00,B15
21966,2026-04-20 15:00:58.240000+00:00,B15
21968,2026-04-20 15:04:14.960000+00:00,B15
21969,2026-04-20 15:04:50.120000+00:00,B15
21970,2026-04-20 15:07:11.630000+00:00,B15
21971,2026-04-20 15:08:58+00:00,B15
21972,2026-04-20 15:11:08.460000+00:00,B15
21973,2026-04-20 15:13:15.990000+00:00,B15
21974,2026-04-20 15:14:11.780000+00:00,B15
21975,2026-04-20 15:14:44.530000+00:00,B15
21976,2026-04-20 15:15:37+00:00,B15
21977,2026-04-20 15:16:39.710000+00:00,B15
21978,2026-04-20 15:20:04.600000+00:00,B15
21979,2026-04-20 15:21:06.830000+00:00,B15
21980,2026-04-20 15:22:29.690000+00:00,B15
21981,2026-04-20 15:23:55.960000+00:00,B15
21983,2026-04-20 15:29:10.790000+00:00,B15
21985,2026-04-20 15:33:08.480000+00:00,B15
21986,2026-04-20 15:35:32.590000+00:00,B15
21987,2026-04-20 15:36:35.380000+00:00,B15
21988,2026-04-20 15:38:37.200000+00:00,B15
21989,2026-04-20 15:41:01.860000+00:00,B15
21990,2026-04-20 15:45:16.270000+00:00,B15
21991,2026-04-20 15:46:34.880000+00:00,B15
21992,2026-04-20 15:48:21.860000+00:00,B15
21993,2026-04-20 15:49:39.940000+00:00,B15
21994,2026-04-20 15:51:07.040000+00:00,B15
21996,2026-04-20 15:52:07.770000+00:00,B15
21997,2026-04-20 15:54:44.800000+00:00,B15
21998,2026-04-20 15:55:08.370000+00:00,B15
21999,2026-04-20 15:55:16.870000+00:00,B15
22000,2026-04-20 15:59:43.940000+00:00,B15
22001,2026-04-20 16:01:15.810000+00:00,B15
22002,2026-04-20 16:03:08.430000+00:00,B15
22003,2026-04-20 16:04:28.430000+00:00,B15
22004,2026-04-20 16:05:58.920000+00:00,B15
22005,2026-04-20 16:06:38.340000+00:00,B15
22006,2026-04-20 16:08:52.200000+00:00,B15
22007,2026-04-20 16:09:12.530000+00:00,B15
22008,2026-04-20 16:10:32.060000+00:00,B15
22009,2026-04-20 16:12:47.060000+00:00,B15
22010,2026-04-20 16:13:14.160000+00:00,B15
22011,2026-04-20 16:15:28.950000+00:00,B15
22012,2026-04-20 16:18:58.910000+00:00,B15
22013,2026-04-20 16:19:20.760000+00:00,B15
22014,2026-04-20 16:20:51.240000+00:00,B15
22015,2026-04-20 16:22:40.390000+00:00,B15
22016,2026-04-20 16:23:14.050000+00:00,B15
22017,2026-04-20 16:24:22.330000+00:00,B15
22018,2026-04-20 16:24:30.670000+00:00,B15
22019,2026-04-20 16:25:26.400000+00:00,B15
22020,2026-04-20 16:26:14.430000+00:00,B15
22021,2026-04-20 16:27:31.580000+00:00,B15
22022,2026-04-20 16:30:47.190000+00:00,B15
22024,2026-04-20 16:34:59.920000+00:00,B15
22026,2026-04-20 16:36:41.390000+00:00,B15
22027,2026-04-20 16:37:23.110000+00:00,B15
22028,2026-04-20 16:39:46+00:00,B15
22029,2026-04-20 16:40:29.930000+00:00,B15
22030,2026-04-20 16:41:49.330000+00:00,B15
22031,2026-04-20 16:43:28.290000+00:00,B15
22032,2026-04-20 16:44:33.090000+00:00,B15
22033,2026-04-20 16:45:54.100000+00:00,B15
22034,2026-04-20 16:48:05+00:00,B15
22035,2026-04-20 16:49:59.030000+00:00,B15
22036,2026-04-20 16:50:22.750000+00:00,B15
22037,2026-04-20 16:51:21.090000+00:00,B15
22038,2026-04-20 16:51:37.040000+00:00,B15
22039,2026-04-20 16:52:50.770000+00:00,B15
22041,2026-04-20 16:54:40.090000+00:00,B15
22042,2026-04-20 16:55:06.270000+00:00,B15
22043,2026-04-20 16:57:02.890000+00:00,B15
22044,2026-04-20 16:59:19+00:00,B15
22045,2026-04-20 17:00:16.720000+00:00,B15
22046,2026-04-20 17:02:15.440000+00:00,B15
22047,2026-04-20 17:03:25+00:00,B15
22048,2026-04-20 17:07:02.060000+00:00,B15
22049,2026-04-20 17:11:52.880000+00:00,B15
22050,2026-04-20 17:12:18.640000+00:00,B15
22052,2026-04-20 17:13:25.080000+00:00,B15
22053,2026-04-20 17:16:09.200000+00:00,B15
22054,2026-04-20 17:16:55.480000+00:00,B15
22055,2026-04-20 17:18:58.800000+00:00,B15
22056,2026-04-20 17:19:51.020000+00:00,B15
22057,2026-04-20 17:22:50.800000+00:00,B15
22058,2026-04-20 17:24:15.160000+00:00,B15
22059,2026-04-20 17:25:00.100000+00:00,B15
22060,2026-04-20 17:25:48.080000+00:00,B15
22061,2026-04-20 17:26:53.120000+00:00,B15
22062,2026-04-20 17:28:40.360000+00:00,B15
22063,2026-04-20 17:31:07.440000+00:00,B15
22064,2026-04-20 17:32:07.640000+00:00,B15
22065,2026-04-20 17:35:46.480000+00:00,B15
22066,2026-04-20 17:36:23.260000+00:00,B15
22067,2026-04-20 17:40:24.660000+00:00,B15
22068,2026-04-20 17:42:04.920000+00:00,B15
22069,2026-04-20 17:45:43.980000+00:00,B15
22070,2026-04-20 17:47:36.720000+00:00,B15
22072,2026-04-20 17:50:01.860000+00:00,B15
22073,2026-04-20 17:51:20.600000+00:00,B15
22074,2026-04-20 17:53:07.920000+00:00,B15
22075,2026-04-20 17:54:41.320000+00:00,B15
22076,2026-04-20 17:56:14.840000+00:00,B15
22077,2026-04-20 17:58:18.380000+00:00,B15
22078,2026-04-20 17:59:20.960000+00:00,B15
22079,2026-04-20 18:02:41.520000+00:00,B15
22080,2026-04-20 18:03:52.940000+00:00,B15
22081,2026-04-20 18:06:16.080000+00:00,B15
22082,2026-04-20 18:07:02.080000+00:00,B15
22084,2026-04-20 18:11:33+00:00,B15
22085,2026-04-20 18:13:10.440000+00:00,B15
22086,2026-04-20 18:15:08.520000+00:00,B15
22087,2026-04-20 18:18:17.740000+00:00,B15
22088,2026-04-20 18:19:26.840000+00:00,B15
22089,2026-04-20 18:20:33.580000+00:00,B15
22090,2026-04-20 18:23:05.120000+00:00,B15
22091,2026-04-20 18:27:06+00:00,B15
22092,2026-04-20 18:28:22.720000+00:00,B15
22093,2026-04-20 18:34:16.320000+00:00,B15
22094,2026-04-20 18:36:46.120000+00:00,B15
22095,2026-04-20 18:38:33.160000+00:00,B15
22096,2026-04-20 18:39:40.320000+00:00,B15
22097,2026-04-20 18:41:04.200000+00:00,B15
22098,2026-04-20 18:42:03+00:00,B15
22099,2026-04-20 18:43:23.160000+00:00,B15
22100,2026-04-20 18:47:28.480000+00:00,B15
22101,2026-04-20 18:47:53.300000+00:00,B15
22102,2026-04-20 18:48:31.200000+00:00,B15
22103,2026-04-20 18:49:31.560000+00:00,B15
22104,2026-04-20 18:50:42.840000+00:00,B15
22105,2026-04-20 18:53:08.800000+00:00,B15
22106,2026-04-20 18:53:53.920000+00:00,B15
22107,2026-04-20 18:55:36.740000+00:00,B15
22108,2026-04-20 18:56:21.200000+00:00,B15
22109,2026-04-20 18:57:06.200000+00:00,B15
22110,2026-04-20 18:58:16.220000+00:00,B15
22111,2026-04-20 19:01:29.800000+00:00,B15
22112,2026-04-20 19:02:35.520000+00:00,B15
22113,2026-04-20 19:03:25.120000+00:00,B15
22114,2026-04-20 19:05:20.300000+00:00,B15
22115,2026-04-20 19:07:04.200000+00:00,B15
22116,2026-04-20 19:12:57.880000+00:00,B15
22117,2026-04-20 19:14:48.680000+00:00,B15
22118,2026-04-20 19:16:33.520000+00:00,B15
22119,2026-04-20 19:17:41.640000+00:00,B15
22120,2026-04-20 19:18:18.840000+00:00,B15
22121,2026-04-20 19:21:33.780000+00:00,B15
22122,2026-04-20 19:23:00.240000+00:00,B15
22123,2026-04-20 19:24:00.800000+00:00,B15
22125,2026-04-20 19:32:14.760000+00:00,B15
22127,2026-04-20 19:34:09.060000+00:00,B15
22128,2026-04-20 19:34:43.800000+00:00,B15
22129,2026-04-20 19:37:39.100000+00:00,B15
22130,2026-04-20 19:40:50.400000+00:00,B15
22131,2026-04-20 19:42:02.240000+00:00,B15
22132,2026-04-20 19:43:15.160000+00:00,B15
22133,2026-04-20 19:45:13.960000+00:00,B15
22134,2026-04-20 19:45:45.520000+00:00,B15
22135,2026-04-20 19:46:35.420000+00:00,B15
22136,2026-04-20 19:47:58.320000+00:00,B15
22137,2026-04-20 19:50:18.040000+00:00,B15
22138,2026-04-20 19:51:23.400000+00:00,B15
22140,2026-04-20 19:53:03.520000+00:00,B15
22141,2026-04-20 19:58:52.200000+00:00,B15
22142,2026-04-20 20:00:49.240000+00:00,B15
22143,2026-04-20 20:01:30.120000+00:00,B15
22145,2026-04-20 20:04:18.800000+00:00,B15
22148,2026-04-20 20:09:01.920000+00:00,B15
22149,2026-04-20 20:09:26.280000+00:00,B15
22150,2026-04-20 20:15:31.040000+00:00,B15
22151,2026-04-20 20:20:11.940000+00:00,B15
22152,2026-04-20 20:21:01.060000+00:00,B15
22154,2026-04-20 20:22:36.220000+00:00,B15
22155,2026-04-20 20:23:57.160000+00:00,B15
22156,2026-04-20 20:26:54.280000+00:00,B15
22157,2026-04-20 20:27:13.640000+00:00,B15
22158,2026-04-20 20:28:40.660000+00:00,B15
22159,2026-04-20 20:31:27.760000+00:00,B15
22160,2026-04-20 20:34:00.840000+00:00,B15
22161,2026-04-20 20:34:59.480000+00:00,B15
22162,2026-04-20 20:36:18.880000+00:00,B15
22163,2026-04-20 20:39:05.360000+00:00,B15
22164,2026-04-20 20:39:38.360000+00:00,B15
22165,2026-04-20 20:40:19.960000+00:00,B15
22166,2026-04-20 20:42:25.860000+00:00,B15
22167,2026-04-20 20:42:55.060000+00:00,B15
22168,2026-04-20 20:43:35+00:00,B15
22169,2026-04-20 20:46:51.840000+00:00,B15
22170,2026-04-20 20:49:23.720000+00:00,B15
22171,2026-04-20 20:50:35.320000+00:00,B15
22172,2026-04-20 20:51:02.640000+00:00,B15
22173,2026-04-20 20:52:38.440000+00:00,B15
22174,2026-04-20 20:54:13.240000+00:00,B15
22175,2026-04-20 20:56:16.080000+00:00,B15
22176,2026-04-20 20:57:19.480000+00:00,B15
22177,2026-04-20 21:03:33.840000+00:00,B15
22178,2026-04-20 21:03:38.280000+00:00,B15
22180,2026-04-20 21:04:36.840000+00:00,B15
22181,2026-04-20 21:05:26.840000+00:00,B15
22182,2026-04-20 21:07:16.960000+00:00,B15
22184,2026-04-20 21:08:53.320000+00:00,B15
22185,2026-04-20 21:10:23.960000+00:00,B15
22186,2026-04-20 21:11:26.800000+00:00,B15
22187,2026-04-20 21:12:59.800000+00:00,B15
22188,2026-04-20 21:15:45.260000+00:00,B15
22189,2026-04-20 21:16:05.880000+00:00,B15
22190,2026-04-20 21:16:42.140000+00:00,B15
22191,2026-04-20 21:17:55.860000+00:00,B15
22192,2026-04-20 21:18:21.440000+00:00,B15
22193,2026-04-20 21:20:03.760000+00:00,B15
22194,2026-04-20 21:21:20.080000+00:00,B15
22195,2026-04-20 21:23:43.360000+00:00,B15
22196,2026-04-20 21:25:02.240000+00:00,B15
22197,2026-04-20 21:25:54.740000+00:00,B15
22198,2026-04-20 21:29:43.140000+00:00,B15
22199,2026-04-20 21:30:25.580000+00:00,B15
22200,2026-04-20 21:32:44.320000+00:00,B15
22201,2026-04-20 21:33:19.600000+00:00,B15
22202,2026-04-20 21:33:42.640000+00:00,B15
22203,2026-04-20 21:34:47.320000+00:00,B15
22204,2026-04-20 21:35:28.680000+00:00,B15
22205,2026-04-20 21:42:44.720000+00:00,B15
22206,2026-04-20 21:44:25.520000+00:00,B15
22207,2026-04-20 21:44:48.280000+00:00,B15
22208,2026-04-20 21:46:29.660000+00:00,B15
22209,2026-04-20 21:48:08.440000+00:00,B15
22210,2026-04-20 21:49:22.040000+00:00,B15
22211,2026-04-20 21:50:16+00:00,B15
22212,2026-04-20 21:50:32.880000+00:00,B15
22213,2026-04-20 21:54:07.700000+00:00,B15
22214,2026-04-20 21:55:24.540000+00:00,B15
22215,2026-04-20 21:57:00.760000+00:00,B15
22216,2026-04-20 21:58:00.680000+00:00,B15
22217,2026-04-20 21:59:38.820000+00:00,B15
22218,2026-04-20 22:01:32.020000+00:00,B15
22220,2026-04-20 22:04:48.520000+00:00,B15
22221,2026-04-20 22:05:19.600000+00:00,B15
22222,2026-04-20 22:06:11.760000+00:00,B15
22223,2026-04-20 22:08:52.520000+00:00,B15
22224,2026-04-20 22:09:14.400000+00:00,B15
22225,2026-04-20 22:10:18.040000+00:00,B15
22226,2026-04-20 22:13:24.320000+00:00,B15
22228,2026-04-20 22:16:52.640000+00:00,B15
22229,2026-04-20 22:18:12.560000+00:00,B15
22230,2026-04-20 22:19:32.840000+00:00,B15
22231,2026-04-20 22:23:08.520000+00:00,B15
22232,2026-04-20 22:23:23.240000+00:00,B15
22233,2026-04-20 22:23:54.360000+00:00,B15
22234,2026-04-20 22:26:19.420000+00:00,B15
22235,2026-04-20 22:27:10.600000+00:00,B15
22236,2026-04-20 22:28:38.020000+00:00,B15
22238,2026-04-20 22:29:41.860000+00:00,B15
22239,2026-04-20 22:32:08.860000+00:00,B15
22240,2026-04-20 22:35:55.680000+00:00,B15
22241,2026-04-20 22:39:44.440000+00:00,B15
22242,2026-04-20 22:46:27.320000+00:00,B15
22243,2026-04-20 22:48:26.440000+00:00,B15
22245,2026-04-20 22:50:37.080000+00:00,B15
22247,2026-04-20 22:56:42.440000+00:00,B15
22248,2026-04-20 22:57:58.200000+00:00,B15
22249,2026-04-20 22:59:16.840000+00:00,B15
22250,2026-04-20 22:59:35.480000+00:00,B15
22251,2026-04-20 23:01:45.280000+00:00,B15
22252,2026-04-20 23:05:04.760000+00:00,B15
22253,2026-04-20 23:06:57.460000+00:00,B15
22254,2026-04-20 23:08:31.320000+00:00,B15
22255,2026-04-20 23:10:02.720000+00:00,B15
22256,2026-04-20 23:18:38.160000+00:00,B15
22257,2026-04-20 23:20:42.600000+00:00,B15
22258,2026-04-20 23:25:14.040000+00:00,B15
22259,2026-04-20 23:27:02.200000+00:00,B15
22260,2026-04-20 23:27:17.900000+00:00,B15
22261,2026-04-20 23:29:17.200000+00:00,B15
22262,2026-04-20 23:30:24.800000+00:00,B15
22263,2026-04-20 23:31:26.720000+00:00,B15
22264,2026-04-20 23:33:21.520000+00:00,B15
22265,2026-04-20 23:33:39.440000+00:00,B15
22266,2026-04-20 23:35:37.120000+00:00,B15
22267,2026-04-20 23:36:46.580000+00:00,B15
22268,2026-04-20 23:38:39.640000+00:00,B15
22269,2026-04-20 23:43:44.920000+00:00,B15
22270,2026-04-20 23:45:49.560000+00:00,B15
22271,2026-04-20 23:50:13.900000+00:00,B15
22272,2026-04-20 23:52:52.500000+00:00,B15
22273,2026-04-20 23:55:34.280000+00:00,B15
22274,2026-04-20 23:58:30.480000+00:00,B15
22275,2026-04-20 23:58:53.540000+00:00,B15
22276,2026-04-21 00:02:05.150000+00:00,B15
22277,2026-04-21 00:02:28.940000+00:00,B15
22279,2026-04-21 00:04:31.900000+00:00,B15
22281,2026-04-21 00:07:56.800000+00:00,B15
22282,2026-04-21 00:15:12.870000+00:00,B15
22284,2026-04-21 00:17:44.950000+00:00,B15
22285,2026-04-21 00:19:38.640000+00:00,B15
22286,2026-04-21 00:21:04.090000+00:00,B15
22287,2026-04-21 00:25:48.460000+00:00,B15
22288,2026-04-21 00:26:34.210000+00:00,B15
22289,2026-04-21 00:30:14.460000+00:00,B15
22290,2026-04-21 00:32:25.970000+00:00,B15
22291,2026-04-21 00:32:58.640000+00:00,B15
22292,2026-04-21 00:35:38.990000+00:00,B15
22293,2026-04-21 00:37:12.990000+00:00,B15
22294,2026-04-21 00:40:39.710000+00:00,B15
22295,2026-04-21 00:41:39.220000+00:00,B15
22296,2026-04-21 00:42:06.060000+00:00,B15
22297,2026-04-21 00:42:37.280000+00:00,B15
22298,2026-04-21 00:43:46.950000+00:00,B15
22299,2026-04-21 00:46:44.050000+00:00,B15
22300,2026-04-21 00:52:40.420000+00:00,B15
22301,2026-04-21 00:53:57.720000+00:00,B15
22302,2026-04-21 00:54:29.400000+00:00,B15
22303,2026-04-21 00:58:03.670000+00:00,B15
22304,2026-04-21 01:03:01.640000+00:00,B15
22305,2026-04-21 01:04:35.250000+00:00,B15
22306,2026-04-21 01:05:17.740000+00:00,B15
22307,2026-04-21 01:08:08.660000+00:00,B15
22308,2026-04-21 01:09:49.260000+00:00,B15
22309,2026-04-21 01:11:19.600000+00:00,B15
22310,2026-04-21 01:12:15.710000+00:00,B15
22311,2026-04-21 01:13:56.300000+00:00,B15
22312,2026-04-21 01:14:42.670000+00:00,B15
22313,2026-04-21 01:15:58.090000+00:00,B15
22314,2026-04-21 01:19:21.560000+00:00,B15
22315,2026-04-21 01:20:25.460000+00:00,B15
22316,2026-04-21 01:27:02.420000+00:00,B15
22317,2026-04-21 01:30:44.910000+00:00,B15
22318,2026-04-21 01:31:18.970000+00:00,B15
22319,2026-04-21 01:32:35.590000+00:00,B15
22320,2026-04-21 01:33:25.330000+00:00,B15
22321,2026-04-21 01:36:19.030000+00:00,B15
22322,2026-04-21 01:36:48.430000+00:00,B15
22323,2026-04-21 01:37:34.450000+00:00,B15
22324,2026-04-21 01:40:14.810000+00:00,B15
22325,2026-04-21 01:41:11.650000+00:00,B15
22326,2026-04-21 01:41:28.450000+00:00,B15
22327,2026-04-21 01:44:12.950000+00:00,B15
22329,2026-04-21 01:48:40.090000+00:00,B15
22330,2026-04-21 01:53:15.120000+00:00,B15
22331,2026-04-21 01:57:53.510000+00:00,B15
22332,2026-04-21 01:58:29.930000+00:00,B15
22333,2026-04-21 02:02:06.560000+00:00,B15
22334,2026-04-21 02:05:37.130000+00:00,B15
22335,2026-04-21 02:06:14.130000+00:00,B15
22336,2026-04-21 02:09:32.330000+00:00,B15
22337,2026-04-21 02:16:12.310000+00:00,B15
22338,2026-04-21 02:19:37.280000+00:00,B15
22339,2026-04-21 02:22:44.560000+00:00,B15
22341,2026-04-21 02:26:31.280000+00:00,B15
22342,2026-04-21 02:28:46.420000+00:00,B15
22343,2026-04-21 02:32:29.880000+00:00,B15
22344,2026-04-21 02:33:58.790000+00:00,B15
22345,2026-04-21 02:34:17.400000+00:00,B15
22346,2026-04-21 02:35:44.520000+00:00,B15
22347,2026-04-21 02:39:11.520000+00:00,B15
22348,2026-04-21 02:39:37.020000+00:00,B15
22349,2026-04-21 02:41:47.820000+00:00,B15
22350,2026-04-21 02:43:06.410000+00:00,B15
22352,2026-04-21 02:46:28.830000+00:00,B15
22353,2026-04-21 02:48:47.550000+00:00,B15
22354,2026-04-21 02:49:41.670000+00:00,B15
22355,2026-04-21 02:50:03.240000+00:00,B15
22356,2026-04-21 02:51:21.560000+00:00,B15
22357,2026-04-21 02:53:55.120000+00:00,B15
22358,2026-04-21 02:57:25.720000+00:00,B15
22359,2026-04-21 03:00:40.970000+00:00,B15
22360,2026-04-21 03:01:26.610000+00:00,B15
22361,2026-04-21 03:02:21.620000+00:00,B15
22362,2026-04-21 03:03:31.330000+00:00,B15
22363,2026-04-21 03:08:25.270000+00:00,B15
22364,2026-04-21 03:09:03.040000+00:00,B15
22365,2026-04-21 03:09:26.120000+00:00,B15
22366,2026-04-21 03:10:42.010000+00:00,B15
22368,2026-04-21 03:14:29.640000+00:00,B15
22369,2026-04-21 03:15:18.780000+00:00,B15
22370,2026-04-21 03:16:32.430000+00:00,B15
22371,2026-04-21 03:21:44.220000+00:00,B15
22372,2026-04-21 03:22:56.620000+00:00,B15
22373,2026-04-21 03:25:41.530000+00:00,B15
22374,2026-04-21 03:28:13.870000+00:00,B15
22375,2026-04-21 03:31:27.970000+00:00,B15
22377,2026-04-21 03:34:16.200000+00:00,B15
22378,2026-04-21 03:35:21.140000+00:00,B15
22379,2026-04-21 03:36:13.770000+00:00,B15
22380,2026-04-21 03:37:52.470000+00:00,B15
22381,2026-04-21 03:39:33.940000+00:00,B15
22383,2026-04-21 03:45:16.840000+00:00,B15
22384,2026-04-21 03:49:22.640000+00:00,B15
22385,2026-04-21 03:53:22.720000+00:00,B15
22386,2026-04-21 03:54:42.780000+00:00,B15
22388,2026-04-21 03:56:11.740000+00:00,B15
22389,2026-04-21 03:58:23.410000+00:00,B15
22390,2026-04-21 03:58:38.390000+00:00,B15
22391,2026-04-21 04:01:12.340000+00:00,B15
22392,2026-04-21 04:03:45.710000+00:00,B15
22393,2026-04-21 04:03:49.210000+00:00,B15
22394,2026-04-21 04:04:21.700000+00:00,B15
22395,2026-04-21 04:09:40.530000+00:00,B15
22396,2026-04-21 04:11:39.710000+00:00,B15
22397,2026-04-21 04:13:41.480000+00:00,B15
22398,2026-04-21 04:16:22.490000+00:00,B15
22399,2026-04-21 04:18:52.750000+00:00,B15
22400,2026-04-21 04:20:34.540000+00:00,B15
22401,2026-04-21 04:22:36.830000+00:00,B15
22402,2026-04-21 04:23:44.350000+00:00,B15
22403,2026-04-21 04:25:11.070000+00:00,B15
22404,2026-04-21 04:25:50.130000+00:00,B15
22405,2026-04-21 04:26:46.630000+00:00,B15
22406,2026-04-21 04:29:08.810000+00:00,B15
22407,2026-04-21 04:30:18.460000+00:00,B15
22408,2026-04-21 04:31:10.080000+00:00,B15
22409,2026-04-21 04:31:43.170000+00:00,B15
22410,2026-04-21 04:34:33.980000+00:00,B15
22411,2026-04-21 04:37:13.190000+00:00,B15
22412,2026-04-21 04:39:01.920000+00:00,B15
22413,2026-04-21 04:39:27.060000+00:00,B15
22415,2026-04-21 04:40:48.370000+00:00,B15
22416,2026-04-21 04:43:33.180000+00:00,B15
22417,2026-04-21 04:46:06.160000+00:00,B15
22418,2026-04-21 04:48:27.200000+00:00,B15
22419,2026-04-21 04:48:52.720000+00:00,B15
22420,2026-04-21 04:56:18.940000+00:00,B15
22422,2026-04-21 05:06:57.630000+00:00,B15
22423,2026-04-21 05:10:56.440000+00:00,B15
22424,2026-04-21 05:11:35.990000+00:00,B15
22425,2026-04-21 05:13:02.370000+00:00,B15
22427,2026-04-21 05:15:15.460000+00:00,B15
22428,2026-04-21 05:16:03.490000+00:00,B15
22429,2026-04-21 05:16:30.600000+00:00,B15
22430,2026-04-21 05:18:32.910000+00:00,B15
22431,2026-04-21 05:19:55.790000+00:00,B15
22432,2026-04-21 05:23:49.610000+00:00,B15
22433,2026-04-21 05:26:58.980000+00:00,B15
22434,2026-04-21 05:29:10.850000+00:00,B15
22435,2026-04-21 05:32:45.730000+00:00,B15
22436,2026-04-21 05:33:53.020000+00:00,B15
22437,2026-04-21 05:35:40.740000+00:00,B15
22438,2026-04-21 05:38:52.520000+00:00,B15
22439,2026-04-21 05:41:08.550000+00:00,B15
22440,2026-04-21 05:41:53.640000+00:00,B15
22441,2026-04-21 05:43:13.320000+00:00,B15
22442,2026-04-21 05:44:05.540000+00:00,B15
22443,2026-04-21 05:45:53.720000+00:00,B15
22444,2026-04-21 05:47:23.690000+00:00,B15
22445,2026-04-21 05:48:57.960000+00:00,B15
22446,2026-04-21 05:49:25.090000+00:00,B15
22447,2026-04-21 05:52:57.450000+00:00,B15
22448,2026-04-21 05:53:18.990000+00:00,B15
22449,2026-04-21 05:55:35.760000+00:00,B15
22450,2026-04-21 05:57:07.410000+00:00,B15
22451,2026-04-21 05:58:54.050000+00:00,B15
22452,2026-04-21 06:02:18.900000+00:00,B15
22453,2026-04-21 06:02:36.810000+00:00,B15
22454,2026-04-21 06:07:27.060000+00:00,B15
22455,2026-04-21 06:10:07.740000+00:00,B15
22456,2026-04-21 06:12:02.820000+00:00,B15
22457,2026-04-21 06:15:51.780000+00:00,B15
22459,2026-04-21 06:20:34.290000+00:00,B15
22460,2026-04-21 06:21:56.750000+00:00,B15
22461,2026-04-21 06:25:42.470000+00:00,B15
22462,2026-04-21 06:27:08.440000+00:00,B15
22463,2026-04-21 06:28:34.970000+00:00,B15
22464,2026-04-21 06:29:22.120000+00:00,B15
22465,2026-04-21 06:30:26.150000+00:00,B15
22466,2026-04-21 06:30:40.530000+00:00,B15
22467,2026-04-21 06:31:18.410000+00:00,B15
22468,2026-04-21 06:33:14.880000+00:00,B15
22469,2026-04-21 06:33:47.290000+00:00,B15
22470,2026-04-21 06:34:54.530000+00:00,B15
22471,2026-04-21 06:37:08.080000+00:00,B15
22472,2026-04-21 06:37:57.340000+00:00,B15
22473,2026-04-21 06:39:28.300000+00:00,B15
22474,2026-04-21 06:40:25.070000+00:00,B15
22475,2026-04-21 06:41:27.320000+00:00,B15
22478,2026-04-21 06:44:08.980000+00:00,B15
22479,2026-04-21 06:45:02.220000+00:00,B15
22480,2026-04-21 06:45:56.530000+00:00,B15
22481,2026-04-21 06:47:19.820000+00:00,B15
22482,2026-04-21 06:47:47.400000+00:00,B15
22483,2026-04-21 06:50:12.230000+00:00,B15
22484,2026-04-21 06:51:13.530000+00:00,B15
22485,2026-04-21 06:51:58.890000+00:00,B15
22486,2026-04-21 06:55:58.290000+00:00,B15
22487,2026-04-21 06:56:28.760000+00:00,B15
22488,2026-04-21 06:57:14.320000+00:00,B15
22489,2026-04-21 06:58:25.890000+00:00,B15
22490,2026-04-21 07:01:03.050000+00:00,B15
22491,2026-04-21 07:02:56.430000+00:00,B15
22492,2026-04-21 07:04:07.810000+00:00,B15
22493,2026-04-21 07:05:23.360000+00:00,B15
22494,2026-04-21 07:07:45.880000+00:00,B15
22496,2026-04-21 07:12:28.970000+00:00,B15
22497,2026-04-21 07:13:56.290000+00:00,B15
22498,2026-04-21 07:14:39.720000+00:00,B15
22499,2026-04-21 07:19:47.820000+00:00,B15
22500,2026-04-21 07:20:58.390000+00:00,B15
22501,2026-04-21 07:21:51.790000+00:00,B15
22502,2026-04-21 07:25:41.940000+00:00,B15
22503,2026-04-21 07:27:16.860000+00:00,B15
22504,2026-04-21 07:30:00.370000+00:00,B15
22505,2026-04-21 07:31:59.110000+00:00,B15
22506,2026-04-21 07:34:02.720000+00:00,B15
22508,2026-04-21 07:36:06.870000+00:00,B15
22509,2026-04-21 07:37:22.290000+00:00,B15
22510,2026-04-21 07:38:14.020000+00:00,B15
22511,2026-04-21 07:38:48.590000+00:00,B15
22512,2026-04-21 07:42:53.320000+00:00,B15
22513,2026-04-21 07:44:30.240000+00:00,B15
22514,2026-04-21 07:48:41.250000+00:00,B15
22515,2026-04-21 07:51:01.720000+00:00,B15
22516,2026-04-21 07:52:55.870000+00:00,B15
22517,2026-04-21 07:57:33.420000+00:00,B15
22518,2026-04-21 08:00:31.920000+00:00,B15
22519,2026-04-21 08:01:32.150000+00:00,B15
22521,2026-04-21 08:04:45.730000+00:00,B15
22522,2026-04-21 08:08:47.630000+00:00,B15
22523,2026-04-21 08:09:36.090000+00:00,B15
22524,2026-04-21 08:11:38.570000+00:00,B15
22525,2026-04-21 08:12:02.270000+00:00,B15
22527,2026-04-21 08:17:09.060000+00:00,B15
22528,2026-04-21 08:17:52.410000+00:00,B15
22529,2026-04-21 08:18:40.830000+00:00,B15
22530,2026-04-21 08:19:51.440000+00:00,B15
22532,2026-04-21 08:21:01.970000+00:00,B15
22533,2026-04-21 08:23:27.870000+00:00,B15
22534,2026-04-21 08:24:54.840000+00:00,B15
22535,2026-04-21 08:26:08.570000+00:00,B15
22536,2026-04-21 08:26:39.080000+00:00,B15
22537,2026-04-21 08:27:24.410000+00:00,B15
22538,2026-04-21 08:29:04.340000+00:00,B15
22539,2026-04-21 08:29:54.430000+00:00,B15
22540,2026-04-21 08:33:07.650000+00:00,B15
22541,2026-04-21 08:34:05.940000+00:00,B15
22542,2026-04-21 08:35:51.990000+00:00,B15
22543,2026-04-21 08:38:38.430000+00:00,B15
22544,2026-04-21 08:38:55.180000+00:00,B15
22545,2026-04-21 08:40:12.240000+00:00,B15
22546,2026-04-21 08:43:53+00:00,B15
22547,2026-04-21 08:44:37.540000+00:00,B15
22548,2026-04-21 08:45:30.860000+00:00,B15
22549,2026-04-21 08:46:09.020000+00:00,B15
22550,2026-04-21 08:46:33.940000+00:00,B15
22551,2026-04-21 08:48:10.280000+00:00,B15
22552,2026-04-21 08:50:14.320000+00:00,B15
22554,2026-04-21 08:54:11.940000+00:00,B15
22555,2026-04-21 08:54:58.960000+00:00,B15
22556,2026-04-21 08:56:32.220000+00:00,B15
22557,2026-04-21 08:57:32.760000+00:00,B15
22558,2026-04-21 09:01:17.630000+00:00,B15
22559,2026-04-21 09:04:02.930000+00:00,B15
22560,2026-04-21 09:05:01.350000+00:00,B15
22561,2026-04-21 09:06:52.010000+00:00,B15
22562,2026-04-21 09:08:09.020000+00:00,B15
22563,2026-04-21 09:08:55.970000+00:00,B15
22564,2026-04-21 09:12:14.620000+00:00,B15
22565,2026-04-21 09:14:41.560000+00:00,B15
22566,2026-04-21 09:20:52.190000+00:00,B15
22567,2026-04-21 09:23:35.130000+00:00,B15
22568,2026-04-21 09:26:29.530000+00:00,B15
22569,2026-04-21 09:29:01.310000+00:00,B15
22570,2026-04-21 09:29:25.970000+00:00,B15
22571,2026-04-21 09:32:18.920000+00:00,B15
22572,2026-04-21 09:33:22.750000+00:00,B15
22573,2026-04-21 09:36:02.630000+00:00,B15
22574,2026-04-21 09:41:51.030000+00:00,B15
22575,2026-04-21 09:43:23.070000+00:00,B15
22576,2026-04-21 09:43:45.260000+00:00,B15
22578,2026-04-21 09:44:54.880000+00:00,B15
22579,2026-04-21 09:45:56.370000+00:00,B15
22580,2026-04-21 09:47:20.570000+00:00,B15
22581,2026-04-21 09:48:38.310000+00:00,B15
22582,2026-04-21 09:53:17.480000+00:00,B15
22583,2026-04-21 09:54:08.510000+00:00,B15
22584,2026-04-21 10:00:59.350000+00:00,B15
22585,2026-04-21 10:02:27.290000+00:00,B15
22586,2026-04-21 10:02:43.430000+00:00,B15
22587,2026-04-21 10:04:37.650000+00:00,B15
22588,2026-04-21 10:06:26.470000+00:00,B15
22590,2026-04-21 10:09:58.310000+00:00,B15
22593,2026-04-21 10:12:43.140000+00:00,B15
22594,2026-04-21 10:17:58.030000+00:00,B15
22595,2026-04-21 10:19:00.290000+00:00,B15
22596,2026-04-21 10:19:31.260000+00:00,B15
22597,2026-04-21 10:21:29.850000+00:00,B15
22598,2026-04-21 10:25:25.490000+00:00,B15
22599,2026-04-21 10:25:44.510000+00:00,B15
22600,2026-04-21 10:26:13.670000+00:00,B15
22601,2026-04-21 10:26:53.540000+00:00,B15
22602,2026-04-21 10:28:34.430000+00:00,B15
22603,2026-04-21 10:30:58.500000+00:00,B15
22605,2026-04-21 10:34:33.840000+00:00,B15
22606,2026-04-21 10:34:52.410000+00:00,B15
22608,2026-04-21 10:38:05.330000+00:00,B15
22609,2026-04-21 10:41:06.670000+00:00,B15
22610,2026-04-21 10:43:34.750000+00:00,B15
22611,2026-04-21 10:48:30.110000+00:00,B15
22612,2026-04-21 10:50:35.120000+00:00,B15
22613,2026-04-21 10:52:12.400000+00:00,B15
22614,2026-04-21 10:53:09.670000+00:00,B15
22615,2026-04-21 10:54:01.880000+00:00,B15
22616,2026-04-21 10:55:54.130000+00:00,B15
22617,2026-04-21 10:57:40.090000+00:00,B15
22618,2026-04-21 11:00:29.030000+00:00,B15
22619,2026-04-21 11:01:55.870000+00:00,B15
22621,2026-04-21 11:05:12.860000+00:00,B15
22622,2026-04-21 11:12:52.910000+00:00,B15
22623,2026-04-21 11:16:10.040000+00:00,B15
22625,2026-04-21 11:20:43.140000+00:00,B15
22626,2026-04-21 11:21:01.420000+00:00,B15
22627,2026-04-21 11:21:38.370000+00:00,B15
22628,2026-04-21 11:23:26.200000+00:00,B15
22631,2026-04-21 11:25:59.060000+00:00,B15
22632,2026-04-21 11:27:17.840000+00:00,B15
22633,2026-04-21 11:28:00.930000+00:00,B15
22634,2026-04-21 11:28:46.100000+00:00,B15
22635,2026-04-21 11:29:08.500000+00:00,B15
22636,2026-04-21 11:29:56.860000+00:00,B15
22637,2026-04-21 11:30:20.110000+00:00,B15
22638,2026-04-21 11:32:38.850000+00:00,B15
22640,2026-04-21 11:35:33.710000+00:00,B15
22641,2026-04-21 11:36:30.760000+00:00,B15
22642,2026-04-21 11:36:57.950000+00:00,B15
22644,2026-04-21 11:42:59.240000+00:00,B15
22645,2026-04-21 11:43:47.760000+00:00,B15
22646,2026-04-21 11:44:45.110000+00:00,B15
22647,2026-04-21 11:46:02.910000+00:00,B15
22648,2026-04-21 11:48:33.550000+00:00,B15
22649,2026-04-21 11:50:21.390000+00:00,B15
22650,2026-04-21 11:50:38.900000+00:00,B15
22651,2026-04-21 11:52:59.480000+00:00,B15
22652,2026-04-21 11:53:02.280000+00:00,B15
22654,2026-04-21 11:56:58.050000+00:00,B15
22655,2026-04-21 11:59:52.850000+00:00,B15
22656,2026-04-21 12:01:22.600000+00:00,B15
22657,2026-04-21 12:01:51.170000+00:00,B15
22658,2026-04-21 12:02:05.080000+00:00,B15
22659,2026-04-21 12:04:25.290000+00:00,B15
22660,2026-04-21 12:06:45.860000+00:00,B15
22662,2026-04-21 12:09:44.470000+00:00,B15
22663,2026-04-21 12:12:31.660000+00:00,B15
22664,2026-04-21 12:13:27.550000+00:00,B15
22665,2026-04-21 12:15:47.320000+00:00,B15
22666,2026-04-21 12:18:26.140000+00:00,B15
22667,2026-04-21 12:23:20.590000+00:00,B15
22669,2026-04-21 12:24:41.890000+00:00,B15
22670,2026-04-21 12:27:41.150000+00:00,B15
22671,2026-04-21 12:29:25.900000+00:00,B15
22672,2026-04-21 12:34:07.420000+00:00,B15
22673,2026-04-21 12:35:39.780000+00:00,B15
22674,2026-04-21 12:37:25.900000+00:00,B15
22675,2026-04-21 12:40:06.080000+00:00,B15
22676,2026-04-21 12:41:20.760000+00:00,B15
22677,2026-04-21 12:42:23.890000+00:00,B15
22678,2026-04-21 12:42:57.180000+00:00,B15
22679,2026-04-21 12:44:21.590000+00:00,B15
22680,2026-04-21 12:46:52.610000+00:00,B15
22681,2026-04-21 12:56:17.370000+00:00,B15
22682,2026-04-21 12:57:43.030000+00:00,B15
22683,2026-04-21 12:58:05.490000+00:00,B15
22684,2026-04-21 12:58:54.200000+00:00,B15
22685,2026-04-21 13:00:08.010000+00:00,B15
22686,2026-04-21 13:01:31.520000+00:00,B15
22687,2026-04-21 13:01:53.560000+00:00,B15
22688,2026-04-21 13:05:04.650000+00:00,B15
22689,2026-04-21 13:07:16.400000+00:00,B15
22691,2026-04-21 13:16:12.010000+00:00,B15
22692,2026-04-21 13:17:47.380000+00:00,B15
22693,2026-04-21 13:21:59.170000+00:00,B15
22694,2026-04-21 13:22:25.760000+00:00,B15
22695,2026-04-21 13:24:04.110000+00:00,B15
22696,2026-04-21 13:27:23.140000+00:00,B15
22697,2026-04-21 13:28:40.160000+00:00,B15
22700,2026-04-21 13:32:12.870000+00:00,B15
22701,2026-04-21 13:35:54.790000+00:00,B15
22702,2026-04-21 13:41:50.990000+00:00,B15
22703,2026-04-21 13:46:00.210000+00:00,B15
22705,2026-04-21 13:47:50.920000+00:00,B15
22706,2026-04-21 13:54:48.870000+00:00,B15
22707,2026-04-21 13:55:08.860000+00:00,B15
22708,2026-04-21 13:56:11.020000+00:00,B15
22709,2026-04-21 13:59:21.920000+00:00,B15
22710,2026-04-21 14:14:29.950000+00:00,B15
22711,2026-04-21 14:17:29.440000+00:00,B15
22712,2026-04-21 14:19:27.390000+00:00,B15
22713,2026-04-21 14:20:19.450000+00:00,B15
22714,2026-04-21 14:21:05.790000+00:00,B15
22715,2026-04-21 14:28:18.380000+00:00,B15
22716,2026-04-21 14:29:31.530000+00:00,B15
22717,2026-04-21 14:32:00.310000+00:00,B15
22718,2026-04-21 14:39:54.930000+00:00,B15
22719,2026-04-21 14:41:33.340000+00:00,B15
22720,2026-04-21 14:42:45.640000+00:00,B15
22721,2026-04-21 14:46:46.790000+00:00,B15
22722,2026-04-21 14:47:12.980000+00:00,B15
22723,2026-04-21 14:55:22.370000+00:00,B15
22724,2026-04-21 14:57:47.870000+00:00,B15
22725,2026-04-21 14:58:42.500000+00:00,B15
22726,2026-04-21 14:59:57.810000+00:00,B15
22727,2026-04-21 15:00:45.700000+00:00,B15
22728,2026-04-21 15:07:44.660000+00:00,B15
22729,2026-04-21 15:09:04.760000+00:00,B15
22730,2026-04-21 15:10:00.550000+00:00,B15
22731,2026-04-21 15:11:29.490000+00:00,B15
22732,2026-04-21 15:16:01.220000+00:00,B15
22733,2026-04-21 15:16:39.070000+00:00,B15
22734,2026-04-21 15:18:54.100000+00:00,B15
22735,2026-04-21 15:21:00.360000+00:00,B15
22736,2026-04-21 15:21:55.660000+00:00,B15
22737,2026-04-21 15:25:22.110000+00:00,B15
22738,2026-04-21 15:25:59.770000+00:00,B15
22739,2026-04-21 15:26:44.360000+00:00,B15
22740,2026-04-21 15:35:16.120000+00:00,B15
22741,2026-04-21 15:39:09.580000+00:00,B15
22742,2026-04-21 15:42:04.750000+00:00,B15
22743,2026-04-21 15:42:25.130000+00:00,B15
22745,2026-04-21 15:48:00.830000+00:00,B15
22746,2026-04-21 15:48:31.010000+00:00,B15
22747,2026-04-21 15:49:51.750000+00:00,B15
22748,2026-04-21 15:50:09.290000+00:00,B15
22749,2026-04-21 15:52:24.100000+00:00,B15
22750,2026-04-21 15:54:48.110000+00:00,B15
22751,2026-04-21 15:58:06.760000+00:00,B15
22752,2026-04-21 16:02:31.380000+00:00,B15
22753,2026-04-21 16:07:31.730000+00:00,B15
22755,2026-04-21 16:15:10.140000+00:00,B15
22756,2026-04-21 16:16:29.910000+00:00,B15
22757,2026-04-21 16:18:06.970000+00:00,B15
22759,2026-04-21 16:23:48.400000+00:00,B15
22760,2026-04-21 16:26:48.230000+00:00,B15
22761,2026-04-21 16:28:15.090000+00:00,B15
22762,2026-04-21 16:30:28.660000+00:00,B15
22763,2026-04-21 16:37:34.570000+00:00,B15
22764,2026-04-21 16:38:15.190000+00:00,B15
22766,2026-04-21 16:40:43.370000+00:00,B15
22769,2026-04-21 16:54:29.830000+00:00,B15
22770,2026-04-21 16:56:28.650000+00:00,B15
22771,2026-04-21 16:58:49.880000+00:00,B15
22772,2026-04-21 17:00:32.160000+00:00,B15
22773,2026-04-21 17:03:18.640000+00:00,B15
22774,2026-04-21 17:04:34.500000+00:00,B15
22777,2026-04-21 17:09:10.920000+00:00,B15
22779,2026-04-21 17:15:32+00:00,B15
22780,2026-04-21 17:16:14.320000+00:00,B15
22781,2026-04-21 17:20:43.160000+00:00,B15
22782,2026-04-21 17:21:56.240000+00:00,B15
22783,2026-04-21 17:24:34.500000+00:00,B15
22784,2026-04-21 17:24:52.860000+00:00,B15
22785,2026-04-21 17:26:49.880000+00:00,B15
22786,2026-04-21 17:27:29.720000+00:00,B15
22788,2026-04-21 17:31:57.860000+00:00,B15
22790,2026-04-21 17:38:01.040000+00:00,B15
22791,2026-04-21 17:39:50.240000+00:00,B15
22793,2026-04-21 17:43:08.940000+00:00,B15
22794,2026-04-21 17:44:55.240000+00:00,B15
22795,2026-04-21 17:50:44.640000+00:00,B15
22796,2026-04-21 17:51:28.960000+00:00,B15
22797,2026-04-21 17:58:45.520000+00:00,B15
22798,2026-04-21 17:59:33.240000+00:00,B15
22799,2026-04-21 18:00:15.360000+00:00,B15
22800,2026-04-21 18:01:52.440000+00:00,B15
22801,2026-04-21 18:04:11.460000+00:00,B15
22802,2026-04-21 18:05:00.140000+00:00,B15
22804,2026-04-21 18:13:00.600000+00:00,B15
22805,2026-04-21 18:13:43.520000+00:00,B15
22806,2026-04-21 18:14:13.360000+00:00,B15
22807,2026-04-21 18:15:27.400000+00:00,B15
22808,2026-04-21 18:17:42.200000+00:00,B15
22809,2026-04-21 18:20:16.760000+00:00,B15
22810,2026-04-21 18:20:38.260000+00:00,B15
22811,2026-04-21 18:21:55.560000+00:00,B15
22812,2026-04-21 18:23:56.160000+00:00,B15
22813,2026-04-21 18:27:30.540000+00:00,B15
22814,2026-04-21 18:29:56.200000+00:00,B15
22815,2026-04-21 18:30:47+00:00,B15
22816,2026-04-21 18:32:25.920000+00:00,B15
22817,2026-04-21 18:35:04.560000+00:00,B15
22818,2026-04-21 18:36:24.200000+00:00,B15
22819,2026-04-21 18:42:40.440000+00:00,B15
22820,2026-04-21 18:42:59.280000+00:00,B15
22821,2026-04-21 18:44:10.840000+00:00,B15
22822,2026-04-21 18:51:09.100000+00:00,B15
22823,2026-04-21 18:52:19.320000+00:00,B15
22824,2026-04-21 18:57:21.500000+00:00,B15
22825,2026-04-21 19:02:12.580000+00:00,B15
22826,2026-04-21 19:03:29.280000+00:00,B15
22827,2026-04-21 19:05:59.600000+00:00,B15
22828,2026-04-21 19:06:42.440000+00:00,B15
22830,2026-04-21 19:11:31.840000+00:00,B15
22831,2026-04-21 19:12:25.400000+00:00,B15
22832,2026-04-21 19:13:55.360000+00:00,B15
22833,2026-04-21 19:16:50.480000+00:00,B15
22834,2026-04-21 19:18:34.880000+00:00,B15
22835,2026-04-21 19:19:27.440000+00:00,B15
22836,2026-04-21 19:20:32.040000+00:00,B15
22837,2026-04-21 19:21:26.980000+00:00,B15
22838,2026-04-21 19:24:56.540000+00:00,B15
22839,2026-04-21 19:29:25.340000+00:00,B15
22840,2026-04-21 19:32:42.440000+00:00,B15
22841,2026-04-21 19:34:54.180000+00:00,B15
22842,2026-04-21 19:39:51.180000+00:00,B15
22843,2026-04-21 19:43:16.400000+00:00,B15
22844,2026-04-21 19:44:17.060000+00:00,B15
22845,2026-04-21 19:48:01.880000+00:00,B15
22846,2026-04-21 19:48:46.680000+00:00,B15
22848,2026-04-21 19:49:47.760000+00:00,B15
22849,2026-04-21 19:50:49.420000+00:00,B15
22850,2026-04-21 19:51:53.200000+00:00,B15
22851,2026-04-21 19:53:41.140000+00:00,B15
22852,2026-04-21 19:58:51.440000+00:00,B15
22853,2026-04-21 20:01:04.920000+00:00,B15
22854,2026-04-21 20:02:17.240000+00:00,B15
22855,2026-04-21 20:02:26.800000+00:00,B15
22856,2026-04-21 20:05:03.260000+00:00,B15
22857,2026-04-21 20:05:26.200000+00:00,B15
22858,2026-04-21 20:06:22.200000+00:00,B15
22860,2026-04-21 20:13:16.520000+00:00,B15
22861,2026-04-21 20:14:07.500000+00:00,B15
22863,2026-04-21 20:16:13.540000+00:00,B15
22864,2026-04-21 20:17:26.320000+00:00,B15
22865,2026-04-21 20:19:38.400000+00:00,B15
22866,2026-04-21 20:26:04.740000+00:00,B15
22867,2026-04-21 20:27:09.200000+00:00,B15
22868,2026-04-21 20:28:27.540000+00:00,B15
22869,2026-04-21 20:30:33.520000+00:00,B15
22870,2026-04-21 20:31:34.920000+00:00,B15
22871,2026-04-21 20:33:28.400000+00:00,B15
22873,2026-04-21 20:36:19.980000+00:00,B15
22874,2026-04-21 20:40:56.240000+00:00,B15
22876,2026-04-21 20:44:14.100000+00:00,B15
22877,2026-04-21 20:44:59.040000+00:00,B15
22878,2026-04-21 20:53:24.360000+00:00,B15
22879,2026-04-21 20:54:12.520000+00:00,B15
22880,2026-04-21 20:55:44.580000+00:00,B15
22881,2026-04-21 20:57:41.680000+00:00,B15
22882,2026-04-21 20:59:27.560000+00:00,B15
22883,2026-04-21 21:01:42.520000+00:00,B15
22884,2026-04-21 21:03:15.720000+00:00,B15
22885,2026-04-21 21:04:15.480000+00:00,B15
22886,2026-04-21 21:06:09.640000+00:00,B15
22887,2026-04-21 21:07:01.720000+00:00,B15
22888,2026-04-21 21:11:12.640000+00:00,B15
22889,2026-04-21 21:14:25.680000+00:00,B15
22890,2026-04-21 21:16:39.360000+00:00,B15
22891,2026-04-21 21:20:20.480000+00:00,B15
22892,2026-04-21 21:25:32.600000+00:00,B15
22893,2026-04-21 21:29:37.560000+00:00,B15
22894,2026-04-21 21:31:27.100000+00:00,B15
22895,2026-04-21 21:36:26.800000+00:00,B15
22896,2026-04-21 21:39:29.160000+00:00,B15
22897,2026-04-21 21:40:36+00:00,B15
22898,2026-04-21 21:42:40.140000+00:00,B15
22899,2026-04-21 21:43:17.520000+00:00,B15
22900,2026-04-21 21:44:05.320000+00:00,B15
22901,2026-04-21 21:45:04.280000+00:00,B15
22902,2026-04-21 21:46:11.620000+00:00,B15
22903,2026-04-21 21:46:45.920000+00:00,B15
22904,2026-04-21 21:49:01.120000+00:00,B15
22906,2026-04-21 21:52:04.720000+00:00,B15
22908,2026-04-21 21:55:43.040000+00:00,B15
22909,2026-04-21 21:58:12.340000+00:00,B15
22911,2026-04-21 22:01:22.800000+00:00,B15
22913,2026-04-21 22:10:29.300000+00:00,B15
22914,2026-04-21 22:11:10.600000+00:00,B15
22915,2026-04-21 22:13:16.080000+00:00,B15
22916,2026-04-21 22:14:16.800000+00:00,B15
22917,2026-04-21 22:17:20.520000+00:00,B15
22918,2026-04-21 22:17:38.340000+00:00,B15
22919,2026-04-21 22:18:38.660000+00:00,B15
22921,2026-04-21 22:26:53.280000+00:00,B15
22922,2026-04-21 22:30:22.280000+00:00,B15
22923,2026-04-21 22:32:03.760000+00:00,B15
22924,2026-04-21 22:48:43.480000+00:00,B15
22925,2026-04-21 22:49:05.160000+00:00,B15
22926,2026-04-21 22:54:07.560000+00:00,B15
22927,2026-04-21 22:57:08.760000+00:00,B15
22928,2026-04-21 22:57:30+00:00,B15
22929,2026-04-21 22:59:19.560000+00:00,B15
22930,2026-04-21 23:00:58.520000+00:00,B15
22931,2026-04-21 23:04:56.560000+00:00,B15
22932,2026-04-21 23:05:41.520000+00:00,B15
22933,2026-04-21 23:09:21.560000+00:00,B15
22934,2026-04-21 23:12:45.100000+00:00,B15
22935,2026-04-21 23:13:15.280000+00:00,B15
22936,2026-04-21 23:14:27.880000+00:00,B15
22937,2026-04-21 23:15:24.420000+00:00,B15
22938,2026-04-21 23:23:42.920000+00:00,B15
22939,2026-04-21 23:25:41.780000+00:00,B15
22940,2026-04-21 23:27:39.440000+00:00,B15
22941,2026-04-21 23:31:05.320000+00:00,B15
22942,2026-04-21 23:34:22.180000+00:00,B15
22943,2026-04-21 23:40:01.060000+00:00,B15
22944,2026-04-21 23:44:42.600000+00:00,B15
22945,2026-04-21 23:46:04.680000+00:00,B15
22946,2026-04-21 23:51:26.640000+00:00,B15
22947,2026-04-21 23:55:54.160000+00:00,B15
22948,2026-04-22 00:01:11.410000+00:00,B15
22949,2026-04-22 00:06:34.790000+00:00,B15
22950,2026-04-22 00:10:21.230000+00:00,B15
22951,2026-04-22 00:12:30.420000+00:00,B15
22952,2026-04-22 00:14:44.070000+00:00,B15
22953,2026-04-22 00:16:53.010000+00:00,B15
22954,2026-04-22 00:16:59.540000+00:00,B15
22955,2026-04-22 00:19:02.270000+00:00,B15
22956,2026-04-22 00:22:38.120000+00:00,B15
22957,2026-04-22 00:26:00.200000+00:00,B15
22958,2026-04-22 00:30:06.930000+00:00,B15
22960,2026-04-22 00:35:31.250000+00:00,B15
22961,2026-04-22 00:37:52.020000+00:00,B15
22962,2026-04-22 00:39:18.760000+00:00,B15
22963,2026-04-22 00:40:26.170000+00:00,B15
22964,2026-04-22 00:44:06.150000+00:00,B15
22965,2026-04-22 00:47:32.940000+00:00,B15
22966,2026-04-22 00:49:29.990000+00:00,B15
22967,2026-04-22 00:51:00.810000+00:00,B15
22968,2026-04-22 00:51:14.900000+00:00,B15
22969,2026-04-22 00:52:02.070000+00:00,B15
22970,2026-04-22 00:53:21.550000+00:00,B15
22971,2026-04-22 00:58:34.050000+00:00,B15
22972,2026-04-22 00:59:34.880000+00:00,B15
22973,2026-04-22 01:07:24.550000+00:00,B15
22975,2026-04-22 01:08:46.200000+00:00,B15
22976,2026-04-22 01:12:07.020000+00:00,B15
22977,2026-04-22 01:13:02.710000+00:00,B15
22978,2026-04-22 01:15:26.400000+00:00,B15
22980,2026-04-22 01:28:05.120000+00:00,B15
22981,2026-04-22 01:29:20.880000+00:00,B15
22982,2026-04-22 01:30:21.330000+00:00,B15
22985,2026-04-22 01:33:15.460000+00:00,B15
22987,2026-04-22 01:38:53.890000+00:00,B15
22988,2026-04-22 01:47:06.630000+00:00,B15
22989,2026-04-22 01:48:11.520000+00:00,B15
22990,2026-04-22 01:49:09.610000+00:00,B15
22991,2026-04-22 01:50:25.760000+00:00,B15
22992,2026-04-22 01:52:35.040000+00:00,B15
22993,2026-04-22 01:55:48.540000+00:00,B15
22994,2026-04-22 02:00:50.860000+00:00,B15
22995,2026-04-22 02:01:24.950000+00:00,B15
22998,2026-04-22 02:06:39.280000+00:00,B15
22999,2026-04-22 02:07:38.210000+00:00,B15
23000,2026-04-22 02:08:18.910000+00:00,B15
23001,2026-04-22 02:10:03.960000+00:00,B15
23002,2026-04-22 02:11:46.210000+00:00,B15
23003,2026-04-22 02:17:02.290000+00:00,B15
23004,2026-04-22 02:21:19.770000+00:00,B15
23005,2026-04-22 02:25:12.330000+00:00,B15
23006,2026-04-22 02:27:55.150000+00:00,B15
23008,2026-04-22 02:38:42.780000+00:00,B15
23009,2026-04-22 02:48:31.180000+00:00,B15
23010,2026-04-22 02:51:05.590000+00:00,B15
23011,2026-04-22 02:54:33.030000+00:00,B15
23012,2026-04-22 02:55:44.970000+00:00,B15
23014,2026-04-22 03:03:34.660000+00:00,B15
23015,2026-04-22 03:05:31.890000+00:00,B15
23016,2026-04-22 03:07:24.400000+00:00,B15
23017,2026-04-22 03:09:27.120000+00:00,B15
23018,2026-04-22 03:10:52.050000+00:00,B15
23019,2026-04-22 03:14:25.710000+00:00,B15
23020,2026-04-22 03:17:34.770000+00:00,B15
23022,2026-04-22 03:21:02.650000+00:00,B15
23023,2026-04-22 03:28:10.030000+00:00,B15
23024,2026-04-22 03:29:37.540000+00:00,B15
23025,2026-04-22 03:31:41.090000+00:00,B15
23026,2026-04-22 03:34:19.450000+00:00,B15
23027,2026-04-22 03:45:26.750000+00:00,B15
23028,2026-04-22 03:45:50.620000+00:00,B15
23030,2026-04-22 03:48:16.060000+00:00,B15
23032,2026-04-22 03:51:43.170000+00:00,B15
23033,2026-04-22 03:55:06.890000+00:00,B15
23034,2026-04-22 03:56:12+00:00,B15
23035,2026-04-22 03:56:43.150000+00:00,B15
23036,2026-04-22 04:05:20.280000+00:00,B15
23037,2026-04-22 04:06:35.130000+00:00,B15
23038,2026-04-22 04:09:39.500000+00:00,B15
23039,2026-04-22 04:11:47.100000+00:00,B15
23040,2026-04-22 04:14:05.320000+00:00,B15
23041,2026-04-22 04:15:04.440000+00:00,B15
23042,2026-04-22 04:17:36.310000+00:00,B15
23043,2026-04-22 04:21:01.100000+00:00,B15
23044,2026-04-22 04:22:18+00:00,B15
23045,2026-04-22 04:27:43.110000+00:00,B15
23046,2026-04-22 04:30:45.980000+00:00,B15
23047,2026-04-22 04:33:14.560000+00:00,B15
23048,2026-04-22 04:37:00.960000+00:00,B15
23049,2026-04-22 04:37:45.850000+00:00,B15
23050,2026-04-22 04:40:22.310000+00:00,B15
23051,2026-04-22 04:43:06.930000+00:00,B15
23052,2026-04-22 04:49:52.560000+00:00,B15
23053,2026-04-22 04:50:29.620000+00:00,B15
23054,2026-04-22 05:01:38+00:00,B15
23055,2026-04-22 05:03:22.720000+00:00,B15
23056,2026-04-22 05:05:23.180000+00:00,B15
23057,2026-04-22 05:05:53.220000+00:00,B15
23058,2026-04-22 05:14:21.980000+00:00,B15
23060,2026-04-22 05:16:52.100000+00:00,B15
23061,2026-04-22 05:18:28.970000+00:00,B15
23062,2026-04-22 05:20:32.610000+00:00,B15
23063,2026-04-22 05:23:46.530000+00:00,B15
23064,2026-04-22 05:24:37.830000+00:00,B15
23065,2026-04-22 05:25:12.510000+00:00,B15
23066,2026-04-22 05:26:14.760000+00:00,B15
23068,2026-04-22 05:29:35.820000+00:00,B15
23069,2026-04-22 05:41:02.490000+00:00,B15
23070,2026-04-22 05:52:16.400000+00:00,B15
23071,2026-04-22 05:54:08.430000+00:00,B15
23072,2026-04-22 05:58:31.730000+00:00,B15
23074,2026-04-22 06:12:40.250000+00:00,B15
23075,2026-04-22 06:15:56.830000+00:00,B15
23076,2026-04-22 06:18:21.030000+00:00,B15
23077,2026-04-22 06:19:29.550000+00:00,B15
23078,2026-04-22 06:20:29.830000+00:00,B15
23079,2026-04-22 06:25:03.930000+00:00,B15
23081,2026-04-22 06:29:48.720000+00:00,B15
23083,2026-04-22 06:37:27.910000+00:00,B15
23084,2026-04-22 06:39:40.210000+00:00,B15
23085,2026-04-22 06:42:19.550000+00:00,B15
23086,2026-04-22 06:42:42.500000+00:00,B15
23087,2026-04-22 06:44:54.150000+00:00,B15
23088,2026-04-22 06:46:47.290000+00:00,B15
23089,2026-04-22 06:46:53.320000+00:00,B15
23090,2026-04-22 06:47:57.030000+00:00,B15
23091,2026-04-22 06:49:04.290000+00:00,B15
23092,2026-04-22 06:51:27.120000+00:00,B15
23094,2026-04-22 06:54:05.620000+00:00,B15
23095,2026-04-22 06:54:59.010000+00:00,B15
23096,2026-04-22 06:55:49.120000+00:00,B15
23098,2026-04-22 07:19:19.520000+00:00,B15
23100,2026-04-22 07:23:05.410000+00:00,B15
23101,2026-04-22 07:24:58.600000+00:00,B15
23102,2026-04-22 07:26:21.010000+00:00,B15
23103,2026-04-22 07:31:12.810000+00:00,B15
23104,2026-04-22 07:32:22.520000+00:00,B15
23105,2026-04-22 07:33:31.830000+00:00,B15
23107,2026-04-22 07:35:49.650000+00:00,B15
23108,2026-04-22 07:36:30.510000+00:00,B15
23109,2026-04-22 07:44:02.530000+00:00,B15
23110,2026-04-22 07:45:32.420000+00:00,B15
23111,2026-04-22 07:51:18.640000+00:00,B15
23112,2026-04-22 07:51:43.700000+00:00,B15
23113,2026-04-22 07:53:43.010000+00:00,B15
23114,2026-04-22 07:55:22.050000+00:00,B15
23115,2026-04-22 07:58:28.650000+00:00,B15
23117,2026-04-22 08:01:21.350000+00:00,B15
23118,2026-04-22 08:04:43.250000+00:00,B15
23119,2026-04-22 08:07:35.440000+00:00,B15
23121,2026-04-22 08:10:01.600000+00:00,B15
23122,2026-04-22 08:15:47.830000+00:00,B15
23123,2026-04-22 08:17:54.110000+00:00,B15
23124,2026-04-22 08:21:57.700000+00:00,B15
23125,2026-04-22 08:24:16.270000+00:00,B15
23126,2026-04-22 08:27:41.670000+00:00,B15
23127,2026-04-22 08:28:38.650000+00:00,B15
23128,2026-04-22 08:29:22.890000+00:00,B15
23130,2026-04-22 08:36:29.030000+00:00,B15
23131,2026-04-22 08:37:32.170000+00:00,B15
23133,2026-04-22 08:42:48.070000+00:00,B15
23134,2026-04-22 08:47:24.980000+00:00,B15
23135,2026-04-22 08:49:55.660000+00:00,B15
23136,2026-04-22 08:50:20.470000+00:00,B15
23137,2026-04-22 08:51:41.640000+00:00,B15
23138,2026-04-22 08:52:35.140000+00:00,B15
23139,2026-04-22 08:57:15.800000+00:00,B15
23140,2026-04-22 08:59:56.590000+00:00,B15
23141,2026-04-22 09:00:37.300000+00:00,B15
23142,2026-04-22 09:07:08.410000+00:00,B15
23143,2026-04-22 09:09:30.910000+00:00,B15
23144,2026-04-22 09:19:31.740000+00:00,B15
23145,2026-04-22 09:20:52.780000+00:00,B15
23146,2026-04-22 09:27:49.210000+00:00,B15
23147,2026-04-22 09:29:03.060000+00:00,B15
23148,2026-04-22 09:29:24.200000+00:00,B15
23149,2026-04-22 09:34:16.230000+00:00,B15
23150,2026-04-22 09:43:00.930000+00:00,B15
23151,2026-04-22 09:43:52.400000+00:00,B15
23152,2026-04-22 09:45:46.720000+00:00,B15
23153,2026-04-22 09:49:03.210000+00:00,B15
23154,2026-04-22 09:53:21.870000+00:00,B15
23155,2026-04-22 09:56:54.390000+00:00,B15
23157,2026-04-22 10:02:11.600000+00:00,B15
23158,2026-04-22 10:09:54.220000+00:00,B15
23159,2026-04-22 10:11:02.560000+00:00,B15
23160,2026-04-22 10:12:34.890000+00:00,B15
23162,2026-04-22 10:16:39.870000+00:00,B15
23163,2026-04-22 10:18:29.670000+00:00,B15
23164,2026-04-22 10:22:29.820000+00:00,B15
23165,2026-04-22 10:23:37.300000+00:00,B15
23166,2026-04-22 10:31:20.620000+00:00,B15
23167,2026-04-22 10:32:26.780000+00:00,B15
23169,2026-04-22 10:37:07.040000+00:00,B15
23170,2026-04-22 10:40:06.230000+00:00,B15
23171,2026-04-22 10:43:33.890000+00:00,B15
23172,2026-04-22 10:46:30.840000+00:00,B15
23173,2026-04-22 10:49:05.550000+00:00,B15
23174,2026-04-22 10:50:46.530000+00:00,B15
23175,2026-04-22 10:59:29.410000+00:00,B15
23176,2026-04-22 11:01:13.240000+00:00,B15
23177,2026-04-22 11:03:46.150000+00:00,B15
23178,2026-04-22 11:04:18.250000+00:00,B15
23179,2026-04-22 11:15:23.360000+00:00,B15
23180,2026-04-22 11:17:23.510000+00:00,B15
23181,2026-04-22 11:24:07.050000+00:00,B15
23182,2026-04-22 11:26:49.060000+00:00,B15
23184,2026-04-22 11:29:43.820000+00:00,B15
23185,2026-04-22 11:31:25.710000+00:00,B15
23186,2026-04-22 11:35:06.090000+00:00,B15
23187,2026-04-22 11:36:30.790000+00:00,B15
23188,2026-04-22 11:37:52.270000+00:00,B15
23189,2026-04-22 11:38:09.870000+00:00,B15
23190,2026-04-22 11:38:52.970000+00:00,B15
23191,2026-04-22 11:41:05.740000+00:00,B15
23192,2026-04-22 11:42:34.290000+00:00,B15
23193,2026-04-22 11:44:48.770000+00:00,B15
23195,2026-04-22 11:47:41.050000+00:00,B15
23196,2026-04-22 11:50:13.410000+00:00,B15
23197,2026-04-22 12:01:15.390000+00:00,B15
23198,2026-04-22 12:01:51.590000+00:00,B15
23199,2026-04-22 12:03:14.170000+00:00,B15
23200,2026-04-22 12:04:22.450000+00:00,B15
23202,2026-04-22 12:14:44.830000+00:00,B15
23203,2026-04-22 12:18:33.760000+00:00,B15
23204,2026-04-22 12:23:54.940000+00:00,B15
23205,2026-04-22 12:25:44.380000+00:00,B15
23206,2026-04-22 12:33:56.740000+00:00,B15
23207,2026-04-22 12:36:01.460000+00:00,B15
23208,2026-04-22 12:38:13.250000+00:00,B15
23209,2026-04-22 12:38:58.740000+00:00,B15
23210,2026-04-22 12:39:19.360000+00:00,B15
23211,2026-04-22 12:41:08.720000+00:00,B15
23213,2026-04-22 12:43:23.610000+00:00,B15
23214,2026-04-22 12:44:52.790000+00:00,B15
23215,2026-04-22 12:56:23.150000+00:00,B15
23216,2026-04-22 12:56:39.110000+00:00,B15
23217,2026-04-22 12:58:43.010000+00:00,B15
23218,2026-04-22 12:59:19.190000+00:00,B15
23219,2026-04-22 13:02:20.860000+00:00,B15
23220,2026-04-22 13:05:19.780000+00:00,B15
23221,2026-04-22 13:07:39.090000+00:00,B15
23222,2026-04-22 13:11:04.880000+00:00,B15
23223,2026-04-22 13:11:22.580000+00:00,B15
23224,2026-04-22 13:13:38.180000+00:00,B15
23225,2026-04-22 13:15:16.150000+00:00,B15
23226,2026-04-22 13:25:16.790000+00:00,B15
23227,2026-04-22 13:29:15.250000+00:00,B15
23228,2026-04-22 13:30:34.200000+00:00,B15
23229,2026-04-22 13:31:57.120000+00:00,B15
23230,2026-04-22 13:32:45.160000+00:00,B15
23231,2026-04-22 13:34:01.440000+00:00,B15
23232,2026-04-22 13:35:24.610000+00:00,B15
23233,2026-04-22 13:40:06.050000+00:00,B15
23234,2026-04-22 13:41:10.720000+00:00,B15
23235,2026-04-22 13:42:13.720000+00:00,B15
23236,2026-04-22 13:43:53.600000+00:00,B15
23237,2026-04-22 13:45:51.770000+00:00,B15
23238,2026-04-22 13:47:20.260000+00:00,B15
23239,2026-04-22 13:48:40.740000+00:00,B15
23240,2026-04-22 13:48:45.280000+00:00,B15
23241,2026-04-22 13:50:34.410000+00:00,B15
23242,2026-04-22 13:53:18.700000+00:00,B15
23243,2026-04-22 13:55:05.780000+00:00,B15
23244,2026-04-22 13:56:23.270000+00:00,B15
23245,2026-04-22 13:57:11.290000+00:00,B15
23246,2026-04-22 13:59:23.180000+00:00,B15
23247,2026-04-22 14:00:48.710000+00:00,B15
23248,2026-04-22 14:01:11.350000+00:00,B15
23249,2026-04-22 14:04:55.840000+00:00,B15
23250,2026-04-22 14:10:11.320000+00:00,B15
23251,2026-04-22 14:13:45.600000+00:00,B15
23252,2026-04-22 14:15:31.310000+00:00,B15
23253,2026-04-22 14:15:56.290000+00:00,B15
23254,2026-04-22 14:16:36.780000+00:00,B15
23255,2026-04-22 14:19:28.470000+00:00,B15
23256,2026-04-22 14:23:02.340000+00:00,B15
23257,2026-04-22 14:24:39.990000+00:00,B15
23258,2026-04-22 14:26:18.870000+00:00,B15
23259,2026-04-22 14:28:34.090000+00:00,B15
23260,2026-04-22 14:30:13.950000+00:00,B15
23261,2026-04-22 14:33:01.090000+00:00,B15
23262,2026-04-22 14:34:23.680000+00:00,B15
23263,2026-04-22 14:37:18.990000+00:00,B15
23264,2026-04-22 14:40:31.360000+00:00,B15
23265,2026-04-22 14:44:03.470000+00:00,B15
23266,2026-04-22 14:45:57.810000+00:00,B15
23267,2026-04-22 14:49:54.460000+00:00,B15
23268,2026-04-22 15:07:03.910000+00:00,B15
23269,2026-04-22 15:08:35.260000+00:00,B15
23270,2026-04-22 15:23:06.240000+00:00,B15
23271,2026-04-22 15:23:55.070000+00:00,B15
23272,2026-04-22 15:28:04.860000+00:00,B15
23273,2026-04-22 15:31:22.640000+00:00,B15
23274,2026-04-22 15:33:55.370000+00:00,B15
23275,2026-04-22 15:38:55.920000+00:00,B15
23276,2026-04-22 15:41:47.790000+00:00,B15
23277,2026-04-22 15:47:47.170000+00:00,B15
23278,2026-04-22 15:48:26.530000+00:00,B15
23279,2026-04-22 15:52:03.500000+00:00,B15
23280,2026-04-22 15:58:53.490000+00:00,B15
23281,2026-04-22 16:00:32.680000+00:00,B15
23282,2026-04-22 16:03:30.220000+00:00,B15
23284,2026-04-22 16:05:22.700000+00:00,B15
23285,2026-04-22 16:10:51.790000+00:00,B15
23286,2026-04-22 16:12:12.220000+00:00,B15
23287,2026-04-22 16:15:40.780000+00:00,B15
23288,2026-04-22 16:18:04.670000+00:00,B15
23289,2026-04-22 16:21:19.450000+00:00,B15
23290,2026-04-22 16:22:50.970000+00:00,B15
23291,2026-04-22 16:29:21.020000+00:00,B15
23292,2026-04-22 16:37:37.080000+00:00,B15
23293,2026-04-22 16:48:33.770000+00:00,B15
23295,2026-04-22 16:54:31.740000+00:00,B15
23296,2026-04-22 16:56:44.790000+00:00,B15
23297,2026-04-22 16:57:52.390000+00:00,B15
23298,2026-04-22 17:12:13.320000+00:00,B15
23300,2026-04-22 17:19:24.760000+00:00,B15
23302,2026-04-22 17:26:12.160000+00:00,B15
23303,2026-04-22 17:27:56.480000+00:00,B15
23304,2026-04-22 17:39:03+00:00,B15
23310,2026-04-22 18:12:41.400000+00:00,B15
23311,2026-04-22 18:13:44.320000+00:00,B15
23312,2026-04-22 18:14:55.240000+00:00,B15
23314,2026-04-22 18:22:51.360000+00:00,B15
23315,2026-04-22 18:26:03.280000+00:00,B15
23316,2026-04-22 18:28:29.400000+00:00,B15
23317,2026-04-22 18:35:33.160000+00:00,B15
23318,2026-04-22 18:40:37.920000+00:00,B15
23319,2026-04-22 18:41:10.080000+00:00,B15
23320,2026-04-22 18:45:42.920000+00:00,B15
23321,2026-04-22 18:51:52.080000+00:00,B15
23322,2026-04-22 18:54:50.560000+00:00,B15
23323,2026-04-22 19:01:06.880000+00:00,B15
23324,2026-04-22 19:01:29.620000+00:00,B15
23326,2026-04-22 19:05:36.960000+00:00,B15
23327,2026-04-22 19:06:59.560000+00:00,B15
23329,2026-04-22 19:12:33.400000+00:00,B15
23330,2026-04-22 19:16:06.800000+00:00,B15
23332,2026-04-22 19:23:13.720000+00:00,B15
23333,2026-04-22 19:24:18.160000+00:00,B15
23334,2026-04-22 19:34:32.580000+00:00,B15
23335,2026-04-22 19:35:23.200000+00:00,B15
23336,2026-04-22 19:48:10.720000+00:00,B15
23337,2026-04-22 19:53:07.240000+00:00,B15
23339,2026-04-22 19:58:25.720000+00:00,B15
23340,2026-04-22 20:15:06.640000+00:00,B15
23341,2026-04-22 20:17:55.800000+00:00,B15
23342,2026-04-22 20:20:25.360000+00:00,B15
23343,2026-04-22 20:22:59.760000+00:00,B15
23344,2026-04-22 20:28:22.800000+00:00,B15
23345,2026-04-22 20:33:34.760000+00:00,B15
23346,2026-04-22 20:35:33.880000+00:00,B15
23347,2026-04-22 20:36:25.720000+00:00,B15
23349,2026-04-22 20:45:18.520000+00:00,B15
23350,2026-04-22 20:48:06.560000+00:00,B15
23351,2026-04-22 20:52:26.280000+00:00,B15
23352,2026-04-22 20:55:14.800000+00:00,B15
23354,2026-04-22 20:56:35.640000+00:00,B15
23355,2026-04-22 21:03:11.320000+00:00,B15
23356,2026-04-22 21:07:22.500000+00:00,B15
23358,2026-04-22 21:15:00.360000+00:00,B15
23360,2026-04-22 21:19:20.380000+00:00,B15
23361,2026-04-22 21:28:23.400000+00:00,B15
23362,2026-04-22 21:38:26.600000+00:00,B15
23364,2026-04-22 21:51:12.340000+00:00,B15
23365,2026-04-22 21:52:37.200000+00:00,B15
23366,2026-04-22 22:11:53.720000+00:00,B15
23367,2026-04-22 22:15:30.560000+00:00,B15
23368,2026-04-22 22:18:36.600000+00:00,B15
23369,2026-04-22 22:19:51.880000+00:00,B15
23371,2026-04-22 22:31:03.240000+00:00,B15
23373,2026-04-22 22:47:04+00:00,B15
23374,2026-04-22 22:48:26.680000+00:00,B15
23375,2026-04-22 22:49:50.400000+00:00,B15
23376,2026-04-22 22:51:23.040000+00:00,B15
23377,2026-04-22 22:54:29.400000+00:00,B15
23378,2026-04-22 22:57:22.320000+00:00,B15
23380,2026-04-22 23:02:52.480000+00:00,B15
23381,2026-04-22 23:06:34.500000+00:00,B15
23382,2026-04-22 23:10:56.200000+00:00,B15
23383,2026-04-22 23:13:27.120000+00:00,B15
23384,2026-04-22 23:29:32.540000+00:00,B15
23385,2026-04-22 23:31:19.840000+00:00,B15
23386,2026-04-22 23:38:39.680000+00:00,B15
23387,2026-04-22 23:38:56+00:00,B15
23390,2026-04-22 23:47:58.360000+00:00,B15
23392,2026-04-22 23:52:25.940000+00:00,B15
23393,2026-04-22 23:54:14.380000+00:00,B15
23394,2026-04-22 23:55:55.720000+00:00,B15
23395,2026-04-22 23:56:47.080000+00:00,B15
23396,2026-04-22 23:58:53.160000+00:00,B15
23398,2026-04-23 00:07:57.950000+00:00,B15
23399,2026-04-23 00:10:22.930000+00:00,B15
23400,2026-04-23 00:13:06.750000+00:00,B15
23401,2026-04-23 00:16:09.730000+00:00,B15
23402,2026-04-23 00:16:28.650000+00:00,B15
23403,2026-04-23 00:17:23.800000+00:00,B15
23405,2026-04-23 00:20:24.890000+00:00,B15
23406,2026-04-23 00:22:24.520000+00:00,B15
23407,2026-04-23 00:26:36.840000+00:00,B15
23408,2026-04-23 00:29:23.900000+00:00,B15
23409,2026-04-23 00:32:16.300000+00:00,B15
23410,2026-04-23 00:34:48.880000+00:00,B15
23412,2026-04-23 00:38:56.300000+00:00,B15
23414,2026-04-23 00:53:21.900000+00:00,B15
23415,2026-04-23 00:54:11.070000+00:00,B15
23416,2026-04-23 01:05:40.220000+00:00,B15
23417,2026-04-23 01:06:35.840000+00:00,B15
23418,2026-04-23 01:07:10.330000+00:00,B15
23420,2026-04-23 01:10:48.560000+00:00,B15
23421,2026-04-23 01:11:53.750000+00:00,B15
23422,2026-04-23 01:14:58.300000+00:00,B15
23423,2026-04-23 01:15:38.090000+00:00,B15
23424,2026-04-23 01:16:33.150000+00:00,B15
23425,2026-04-23 01:16:56.210000+00:00,B15
23426,2026-04-23 01:17:26.190000+00:00,B15
23427,2026-04-23 01:18:02.340000+00:00,B15
23428,2026-04-23 01:20:19.880000+00:00,B15
23429,2026-04-23 01:22:51.370000+00:00,B15
23430,2026-04-23 01:24:04.620000+00:00,B15
23431,2026-04-23 01:26:29.550000+00:00,B15
23432,2026-04-23 01:26:50.580000+00:00,B15
23433,2026-04-23 01:28:49.440000+00:00,B15
23434,2026-04-23 01:30:22.210000+00:00,B15
23435,2026-04-23 01:32:45.250000+00:00,B15
23436,2026-04-23 01:35:41.200000+00:00,B15
23437,2026-04-23 01:38:18.090000+00:00,B15
23438,2026-04-23 01:42:23.960000+00:00,B15
23439,2026-04-23 01:44:43.640000+00:00,B15
23440,2026-04-23 01:45:47.980000+00:00,B15
23443,2026-04-23 01:57:31.280000+00:00,B15
23444,2026-04-23 02:01:38.440000+00:00,B15
23445,2026-04-23 02:06:27.380000+00:00,B15
23446,2026-04-23 02:17:53.850000+00:00,B15
23447,2026-04-23 02:26:44.370000+00:00,B15
23448,2026-04-23 02:30:02.450000+00:00,B15
23449,2026-04-23 02:32:54.670000+00:00,B15
23451,2026-04-23 02:50:51.190000+00:00,B15
23453,2026-04-23 02:57:19.990000+00:00,B15
23454,2026-04-23 03:00:13.440000+00:00,B15
23455,2026-04-23 03:02:05.240000+00:00,B15
23457,2026-04-23 03:11:53.220000+00:00,B15
23458,2026-04-23 03:13:19.710000+00:00,B15
23459,2026-04-23 03:14:55.070000+00:00,B15
23461,2026-04-23 03:22:09.130000+00:00,B15
23462,2026-04-23 03:25:13.750000+00:00,B15
23464,2026-04-23 03:30:54.180000+00:00,B15
23465,2026-04-23 03:32:41.420000+00:00,B15
23466,2026-04-23 03:39:40.390000+00:00,B15
23467,2026-04-23 03:47:32.400000+00:00,B15
23468,2026-04-23 03:51:54.020000+00:00,B15
23469,2026-04-23 03:56:49.760000+00:00,B15
23470,2026-04-23 03:59:38.350000+00:00,B15
23471,2026-04-23 04:02:01.440000+00:00,B15
23472,2026-04-23 04:06:14.470000+00:00,B15
23473,2026-04-23 04:10:15.370000+00:00,B15
23474,2026-04-23 04:16:39.650000+00:00,B15
23475,2026-04-23 04:19:15.080000+00:00,B15
23476,2026-04-23 04:20:52.680000+00:00,B15
23477,2026-04-23 04:22:18.810000+00:00,B15
23480,2026-04-23 04:33:19.160000+00:00,B15
23481,2026-04-23 04:34:09.620000+00:00,B15
23482,2026-04-23 04:34:44.940000+00:00,B15
23484,2026-04-23 04:38:33.280000+00:00,B15
23485,2026-04-23 04:39:52.370000+00:00,B15
23486,2026-04-23 04:46:14.700000+00:00,B15
23487,2026-04-23 04:48:37.090000+00:00,B15
23488,2026-04-23 04:52:13.360000+00:00,B15
23490,2026-04-23 04:57:15.900000+00:00,B15
23491,2026-04-23 04:58:45.120000+00:00,B15
23493,2026-04-23 05:09:06.900000+00:00,B15
23494,2026-04-23 05:15:22.960000+00:00,B15
23495,2026-04-23 05:21:12.020000+00:00,B15
23497,2026-04-23 05:28:54.990000+00:00,B15
23498,2026-04-23 05:29:24.950000+00:00,B15
23499,2026-04-23 05:33:17.110000+00:00,B15
23500,2026-04-23 05:36:27.440000+00:00,B15
23501,2026-04-23 05:40:15.430000+00:00,B15
23502,2026-04-23 05:41:26.380000+00:00,B15
23504,2026-04-23 05:47:35.840000+00:00,B15
23505,2026-04-23 06:05:14.850000+00:00,B15
23506,2026-04-23 06:07:31.020000+00:00,B15
23508,2026-04-23 06:08:10.200000+00:00,B15
23509,2026-04-23 06:17:00.850000+00:00,B15
23511,2026-04-23 06:30:32.020000+00:00,B15
23514,2026-04-23 06:52:28.490000+00:00,B15
23516,2026-04-23 06:58:19.850000+00:00,B15
23517,2026-04-23 06:58:28.560000+00:00,B15
23518,2026-04-23 06:58:48.400000+00:00,B15
23519,2026-04-23 07:01:43.660000+00:00,B15
23520,2026-04-23 07:01:50.390000+00:00,B15
23521,2026-04-23 07:07:58.170000+00:00,B15
23522,2026-04-23 07:18:19.830000+00:00,B15
23523,2026-04-23 07:20:31.440000+00:00,B15
23524,2026-04-23 07:23:30.910000+00:00,B15
23525,2026-04-23 07:28:25.170000+00:00,B15
23526,2026-04-23 07:29:36.340000+00:00,B15
23527,2026-04-23 07:31:18.500000+00:00,B15
23528,2026-04-23 07:31:43.690000+00:00,B15
23530,2026-04-23 07:40:41.360000+00:00,B15
23531,2026-04-23 07:43:06.460000+00:00,B15
23532,2026-04-23 07:46:36.390000+00:00,B15
23533,2026-04-23 07:47:10.750000+00:00,B15
23534,2026-04-23 07:48:52.370000+00:00,B15
23535,2026-04-23 07:49:57.950000+00:00,B15
23536,2026-04-23 07:52:57.260000+00:00,B15
23537,2026-04-23 07:55:45.420000+00:00,B15
23538,2026-04-23 07:57:06.300000+00:00,B15
23539,2026-04-23 07:57:56.190000+00:00,B15
23540,2026-04-23 08:01:48.140000+00:00,B15
23541,2026-04-23 08:06:10.680000+00:00,B15
23542,2026-04-23 08:09:24.810000+00:00,B15
23543,2026-04-23 08:19:13.800000+00:00,B15
23544,2026-04-23 08:25:26.320000+00:00,B15
23545,2026-04-23 08:26:46.680000+00:00,B15
23546,2026-04-23 08:31:37.510000+00:00,B15
23547,2026-04-23 08:33:17.230000+00:00,B15
23548,2026-04-23 08:35:49.940000+00:00,B15
23550,2026-04-23 08:43:06.170000+00:00,B15
23551,2026-04-23 08:43:36.030000+00:00,B15
23552,2026-04-23 08:48:28.950000+00:00,B15
23553,2026-04-23 08:57:50.090000+00:00,B15
23554,2026-04-23 09:12:02.660000+00:00,B15
23555,2026-04-23 09:22:51.460000+00:00,B15
23556,2026-04-23 09:29:57.050000+00:00,B15
23557,2026-04-23 09:31:35.740000+00:00,B15
23558,2026-04-23 09:34:34.860000+00:00,B15
23559,2026-04-23 09:38:38.350000+00:00,B15
23561,2026-04-23 09:55:48.410000+00:00,B15
23564,2026-04-23 10:00:30.990000+00:00,B15
23565,2026-04-23 10:10:21.520000+00:00,B15
23567,2026-04-23 10:20:00.280000+00:00,B15
23568,2026-04-23 10:30:22.590000+00:00,B15
23569,2026-04-23 10:34:06.500000+00:00,B15
23571,2026-04-23 10:37:40.140000+00:00,B15
23572,2026-04-23 10:42:22.060000+00:00,B15
23573,2026-04-23 10:46:31.090000+00:00,B15
23574,2026-04-23 10:49:39.650000+00:00,B15
23576,2026-04-23 10:54:20.780000+00:00,B15
23577,2026-04-23 11:00:31.470000+00:00,B15
23579,2026-04-23 11:03:16.500000+00:00,B15
23581,2026-04-23 11:09:12.160000+00:00,B15
23582,2026-04-23 11:12:46.200000+00:00,B15
23583,2026-04-23 11:14:25.100000+00:00,B15
23584,2026-04-23 11:16:56.810000+00:00,B15
23585,2026-04-23 11:21:07.250000+00:00,B15
23586,2026-04-23 11:22:32.080000+00:00,B15
23587,2026-04-23 11:24:21.980000+00:00,B15
23588,2026-04-23 11:32:30.100000+00:00,B15
23589,2026-04-23 11:37:02.420000+00:00,B15
23590,2026-04-23 11:39:14.350000+00:00,B15
23591,2026-04-23 11:40:15.290000+00:00,B15
23592,2026-04-23 11:43:14.690000+00:00,B15
23593,2026-04-23 11:50:49.820000+00:00,B15
23594,2026-04-23 11:51:41.940000+00:00,B15
23595,2026-04-23 11:54:08.720000+00:00,B15
23596,2026-04-23 11:54:45.230000+00:00,B15
23599,2026-04-23 12:00:09.540000+00:00,B15
23600,2026-04-23 12:01:04.970000+00:00,B15
23601,2026-04-23 12:02:16.500000+00:00,B15
23602,2026-04-23 12:06:48.290000+00:00,B15
23603,2026-04-23 12:09:26.170000+00:00,B15
23605,2026-04-23 12:20:51.360000+00:00,B15
23607,2026-04-23 12:26:59.920000+00:00,B15
23608,2026-04-23 12:36:04.620000+00:00,B15
23609,2026-04-23 12:45:22.560000+00:00,B15
23610,2026-04-23 12:46:19.430000+00:00,B15
23611,2026-04-23 12:47:14.890000+00:00,B15
23612,2026-04-23 12:49:50.820000+00:00,B15
23613,2026-04-23 12:52:20.780000+00:00,B15
23614,2026-04-23 12:53:18.230000+00:00,B15
23615,2026-04-23 12:54:59.240000+00:00,B15
23616,2026-04-23 12:58:06.770000+00:00,B15
23617,2026-04-23 13:03:28.170000+00:00,B15
23618,2026-04-23 13:04:46.350000+00:00,B15
23619,2026-04-23 13:07:52.330000+00:00,B15
23620,2026-04-23 13:13:36.590000+00:00,B15
23621,2026-04-23 13:18:29.610000+00:00,B15
23622,2026-04-23 13:22:56.590000+00:00,B15
23623,2026-04-23 13:25:32.680000+00:00,B15
23624,2026-04-23 13:26:17.840000+00:00,B15
23625,2026-04-23 13:27:12.380000+00:00,B15
23626,2026-04-23 13:43:32.460000+00:00,B15
23627,2026-04-23 13:44:29.760000+00:00,B15
23628,2026-04-23 13:48:03.230000+00:00,B15
23629,2026-04-23 13:50:56.870000+00:00,B15
23630,2026-04-23 13:57:54.100000+00:00,B15
23631,2026-04-23 13:59:08.980000+00:00,B15
23632,2026-04-23 14:00:48.520000+00:00,B15
23633,2026-04-23 14:01:26.680000+00:00,B15
23634,2026-04-23 14:02:19.430000+00:00,B15
23635,2026-04-23 14:03:19.750000+00:00,B15
23636,2026-04-23 14:07:05.590000+00:00,B15
23637,2026-04-23 14:19:39.780000+00:00,B15
23638,2026-04-23 14:25:18.030000+00:00,B15
23639,2026-04-23 14:30:58.230000+00:00,B15
23641,2026-04-23 14:34:37.610000+00:00,B15
23643,2026-04-23 14:46:53.970000+00:00,B15
23644,2026-04-23 14:48:38.300000+00:00,B15
23645,2026-04-23 14:53:01.580000+00:00,B15
23646,2026-04-23 14:54:51.620000+00:00,B15
23647,2026-04-23 14:56:18.490000+00:00,B15
23648,2026-04-23 14:58:09.750000+00:00,B15
23649,2026-04-23 15:08:24.370000+00:00,B15
23650,2026-04-23 15:10:11.170000+00:00,B15
23653,2026-04-23 15:26:28.580000+00:00,B15
23654,2026-04-23 15:28:09.120000+00:00,B15
23657,2026-04-23 15:38:14.570000+00:00,B15
23658,2026-04-23 15:39:55.960000+00:00,B15
23660,2026-04-23 15:56:29.900000+00:00,B15
23662,2026-04-23 16:00:08.710000+00:00,B15
23663,2026-04-23 16:03:42.230000+00:00,B15
23664,2026-04-23 16:07:39.260000+00:00,B15
23665,2026-04-23 16:10:10.240000+00:00,B15
23666,2026-04-23 16:25:55.980000+00:00,B15
23667,2026-04-23 16:41:23.660000+00:00,B15
23668,2026-04-23 16:46:14.690000+00:00,B15
23670,2026-04-23 16:55:37.830000+00:00,B15
23671,2026-04-23 16:56:22.050000+00:00,B15
23672,2026-04-23 16:56:55.840000+00:00,B15
23673,2026-04-23 17:05:47.800000+00:00,B15
23675,2026-04-23 17:12:24.320000+00:00,B15
23676,2026-04-23 17:20:11.780000+00:00,B15
23679,2026-04-23 17:33:30.960000+00:00,B15
23680,2026-04-23 17:43:31.960000+00:00,B15
23681,2026-04-23 17:47:55.680000+00:00,B15
23682,2026-04-23 17:48:28.960000+00:00,B15
23686,2026-04-23 18:01:43.440000+00:00,B15
23687,2026-04-23 18:03:17.120000+00:00,B15
23688,2026-04-23 18:08:08.480000+00:00,B15
23690,2026-04-23 18:12:34.540000+00:00,B15
23692,2026-04-23 18:17:22.060000+00:00,B15
23694,2026-04-23 18:29:29.880000+00:00,B15
23696,2026-04-23 18:34:43.560000+00:00,B15
23697,2026-04-23 18:36:17.680000+00:00,B15
23698,2026-04-23 18:37:15.360000+00:00,B15
23699,2026-04-23 18:40:17.280000+00:00,B15
23700,2026-04-23 18:40:28.580000+00:00,B15
23701,2026-04-23 18:41:48.600000+00:00,B15
23702,2026-04-23 18:43:35.960000+00:00,B15
23703,2026-04-23 18:44:18.240000+00:00,B15
23704,2026-04-23 18:50:33.520000+00:00,B15
23705,2026-04-23 19:03:26.120000+00:00,B15
23706,2026-04-23 19:08:37.440000+00:00,B15
23707,2026-04-23 19:15:28.040000+00:00,B15
23708,2026-04-23 19:24:42.580000+00:00,B15
23710,2026-04-23 19:45:14.040000+00:00,B15
23712,2026-04-23 20:06:43.760000+00:00,B15
23713,2026-04-23 20:11:25.940000+00:00,B15
23714,2026-04-23 20:13:52.680000+00:00,B15
23715,2026-04-23 20:21:07.720000+00:00,B15
23716,2026-04-23 20:24:00.920000+00:00,B15
23718,2026-04-23 20:34:53.520000+00:00,B15
23719,2026-04-23 20:35:30.960000+00:00,B15
23721,2026-04-23 20:50:06.200000+00:00,B15
23722,2026-04-23 20:55:47.720000+00:00,B15
23723,2026-04-23 20:59:50.240000+00:00,B15
23724,2026-04-23 21:05:04.360000+00:00,B15
23725,2026-04-23 21:15:23.080000+00:00,B15
23726,2026-04-23 21:20:01.120000+00:00,B15
23727,2026-04-23 21:23:14.240000+00:00,B15
23728,2026-04-23 21:24:04.920000+00:00,B15
23729,2026-04-23 21:29:00+00:00,B15
23730,2026-04-23 21:31:39.680000+00:00,B15
23731,2026-04-23 21:33:25.680000+00:00,B15
23732,2026-04-23 21:36:55.320000+00:00,B15
23733,2026-04-23 21:40:42.520000+00:00,B15
23734,2026-04-23 21:42:37.200000+00:00,B15
23735,2026-04-23 21:43:21.960000+00:00,B15
23736,2026-04-23 21:47:52.520000+00:00,B15
23737,2026-04-23 21:50:56.240000+00:00,B15
23738,2026-04-23 21:54:41.720000+00:00,B15
23740,2026-04-23 22:01:34.240000+00:00,B15
23741,2026-04-23 22:02:47.820000+00:00,B15
23742,2026-04-23 22:05:16.840000+00:00,B15
23743,2026-04-23 22:11:41.440000+00:00,B15
23744,2026-04-23 22:17:21.840000+00:00,B15
23746,2026-04-23 22:18:19.600000+00:00,B15
23747,2026-04-23 22:24:30.880000+00:00,B15
23748,2026-04-23 22:28:26.220000+00:00,B15
23751,2026-04-23 22:36:13.560000+00:00,B15
23752,2026-04-23 22:39:37.760000+00:00,B15
23753,2026-04-23 22:41:09.560000+00:00,B15
23754,2026-04-23 22:45:15.320000+00:00,B15
23755,2026-04-23 22:50:09.960000+00:00,B15
23756,2026-04-23 22:51:24.980000+00:00,B15
23757,2026-04-23 22:52:16.600000+00:00,B15
23758,2026-04-23 22:53:22.800000+00:00,B15
23759,2026-04-23 22:56:04.780000+00:00,B15
23760,2026-04-23 23:00:45.960000+00:00,B15
23761,2026-04-23 23:07:16.480000+00:00,B15
23762,2026-04-23 23:07:53.600000+00:00,B15
23763,2026-04-23 23:23:47.760000+00:00,B15
23764,2026-04-23 23:24:05.560000+00:00,B15
23765,2026-04-23 23:25:24.800000+00:00,B15
23766,2026-04-23 23:35:56.520000+00:00,B15
23767,2026-04-23 23:37:40.160000+00:00,B15
23768,2026-04-23 23:39:32.720000+00:00,B15
23769,2026-04-23 23:41:06.400000+00:00,B15
23770,2026-04-23 23:43:05.360000+00:00,B15
23775,2026-04-24 00:01:34.090000+00:00,B15
23776,2026-04-24 00:06:55.150000+00:00,B15
23777,2026-04-24 00:22:09.280000+00:00,B15
23778,2026-04-24 00:24:12.840000+00:00,B15
23779,2026-04-24 00:26:47.390000+00:00,B15
23781,2026-04-24 00:32:12.010000+00:00,B15
23782,2026-04-24 00:34:09.840000+00:00,B15
23783,2026-04-24 00:42:25.890000+00:00,B15
23784,2026-04-24 00:52:09.670000+00:00,B15
23785,2026-04-24 00:53:04.710000+00:00,B15
23786,2026-04-24 00:54:51.890000+00:00,B15
23787,2026-04-24 00:57:58.150000+00:00,B15
23788,2026-04-24 01:01:58.020000+00:00,B15
23789,2026-04-24 01:03:47.850000+00:00,B15
23790,2026-04-24 01:04:28.770000+00:00,B15
23791,2026-04-24 01:04:59.320000+00:00,B15
23792,2026-04-24 01:11:17.910000+00:00,B15
23793,2026-04-24 01:12:41.560000+00:00,B15
23794,2026-04-24 01:27:55.430000+00:00,B15
23795,2026-04-24 01:29:03.670000+00:00,B15
23797,2026-04-24 01:37:35.930000+00:00,B15
23798,2026-04-24 01:38:19.270000+00:00,B15
23799,2026-04-24 01:40:28.640000+00:00,B15
23800,2026-04-24 01:41:01.020000+00:00,B15
23801,2026-04-24 01:48:26.490000+00:00,B15
23802,2026-04-24 02:04:01.700000+00:00,B15
23803,2026-04-24 02:13:01.240000+00:00,B15
23804,2026-04-24 02:34:58.010000+00:00,B15
23805,2026-04-24 02:37:24.550000+00:00,B15
23807,2026-04-24 02:44:40.110000+00:00,B15
23808,2026-04-24 02:52:25.950000+00:00,B15
23809,2026-04-24 02:53:35.690000+00:00,B15
23810,2026-04-24 02:56:52.730000+00:00,B15
23812,2026-04-24 03:10:57.670000+00:00,B15
23813,2026-04-24 03:12:23.300000+00:00,B15
23814,2026-04-24 03:13:15.930000+00:00,B15
23815,2026-04-24 03:14:43.390000+00:00,B15
23816,2026-04-24 03:18:48.790000+00:00,B15
23817,2026-04-24 03:22:37.790000+00:00,B15
23818,2026-04-24 03:37:50.950000+00:00,B15
23819,2026-04-24 03:39:22.030000+00:00,B15
23820,2026-04-24 03:41:50.400000+00:00,B15
23821,2026-04-24 03:46:19.100000+00:00,B15
23822,2026-04-24 03:47:16.650000+00:00,B15
23823,2026-04-24 03:51:21.690000+00:00,B15
23824,2026-04-24 03:55:06.920000+00:00,B15
23825,2026-04-24 03:57:59.600000+00:00,B15
23826,2026-04-24 03:59:34.420000+00:00,B15
23827,2026-04-24 04:00:17.440000+00:00,B15
23828,2026-04-24 04:01:28.580000+00:00,B15
23829,2026-04-24 04:02:56.920000+00:00,B15
23830,2026-04-24 04:14:16.540000+00:00,B15
23831,2026-04-24 04:15:54.140000+00:00,B15
23832,2026-04-24 04:22:44.490000+00:00,B15
23833,2026-04-24 04:26:17.030000+00:00,B15
23834,2026-04-24 04:32:04.970000+00:00,B15
23835,2026-04-24 04:33:27.320000+00:00,B15
23836,2026-04-24 04:47:29.740000+00:00,B15
23837,2026-04-24 04:48:16.220000+00:00,B15
23838,2026-04-24 04:52:03.470000+00:00,B15
23839,2026-04-24 04:58:54.790000+00:00,B15
23840,2026-04-24 05:00:40.540000+00:00,B15
23841,2026-04-24 05:04:06.360000+00:00,B15
23842,2026-04-24 05:05:01.680000+00:00,B15
23843,2026-04-24 05:06:34.790000+00:00,B15
23844,2026-04-24 05:08:31.770000+00:00,B15
23845,2026-04-24 05:13:09.930000+00:00,B15
23846,2026-04-24 05:30:32.150000+00:00,B15
23847,2026-04-24 05:35:07.580000+00:00,B15
23848,2026-04-24 05:35:42.200000+00:00,B15
23849,2026-04-24 05:44:06.270000+00:00,B15
23850,2026-04-24 05:49:34.690000+00:00,B15
23851,2026-04-24 05:52:18.940000+00:00,B15
23853,2026-04-24 05:59:42.540000+00:00,B15
23855,2026-04-24 06:04:44.340000+00:00,B15
23856,2026-04-24 06:12:57.120000+00:00,B15
23857,2026-04-24 06:16:02.070000+00:00,B15
23858,2026-04-24 06:17:31.530000+00:00,B15
23859,2026-04-24 06:25:28.580000+00:00,B15
23860,2026-04-24 06:27:34.430000+00:00,B15
23861,2026-04-24 06:37:39+00:00,B15
23863,2026-04-24 06:51:12.420000+00:00,B15
23864,2026-04-24 06:52:30.890000+00:00,B15
23865,2026-04-24 06:57:24.610000+00:00,B15
23866,2026-04-24 07:04:23.430000+00:00,B15
23867,2026-04-24 07:05:30.840000+00:00,B15
23868,2026-04-24 07:11:45.090000+00:00,B15
23869,2026-04-24 07:16:46.370000+00:00,B15
23870,2026-04-24 07:21:53.730000+00:00,B15
23872,2026-04-24 07:25:34.030000+00:00,B15
23873,2026-04-24 07:26:48.290000+00:00,B15
23874,2026-04-24 07:36:26.660000+00:00,B15
23875,2026-04-24 07:43:40.930000+00:00,B15
23876,2026-04-24 07:47:35.300000+00:00,B15
23877,2026-04-24 07:48:19.770000+00:00,B15
23878,2026-04-24 07:49:03.860000+00:00,B15
23879,2026-04-24 07:57:04.650000+00:00,B15
23880,2026-04-24 07:59:06.450000+00:00,B15
23881,2026-04-24 08:00:31.870000+00:00,B15
23882,2026-04-24 08:01:56.150000+00:00,B15
23883,2026-04-24 08:04:12.670000+00:00,B15
23884,2026-04-24 08:07:12.840000+00:00,B15
23885,2026-04-24 08:11:12.220000+00:00,B15
23886,2026-04-24 08:12:27.070000+00:00,B15
23887,2026-04-24 08:15:17.440000+00:00,B15
23888,2026-04-24 08:24:21.710000+00:00,B15
23889,2026-04-24 08:26:13.350000+00:00,B15
23890,2026-04-24 08:27:32.480000+00:00,B15
23891,2026-04-24 08:34:12.630000+00:00,B15
23892,2026-04-24 08:41:02.030000+00:00,B15
23894,2026-04-24 09:09:56.020000+00:00,B15
23895,2026-04-24 09:17:04.150000+00:00,B15
23896,2026-04-24 09:31:33.440000+00:00,B15
23897,2026-04-24 09:33:17.610000+00:00,B15
23898,2026-04-24 09:37:08.810000+00:00,B15
23900,2026-04-24 09:48:46.430000+00:00,B15
23901,2026-04-24 09:57:13.020000+00:00,B15
23902,2026-04-24 09:58:41.550000+00:00,B15
23903,2026-04-24 10:15:47.100000+00:00,B15
23904,2026-04-24 10:20:22.200000+00:00,B15
23905,2026-04-24 10:24:37.090000+00:00,B15
23906,2026-04-24 10:25:21.370000+00:00,B15
23907,2026-04-24 10:30:56.830000+00:00,B15
23908,2026-04-24 10:35:05.010000+00:00,B15
23909,2026-04-24 10:42:00.170000+00:00,B15
23910,2026-04-24 10:42:39.990000+00:00,B15
23914,2026-04-24 11:17:59.630000+00:00,B15
23915,2026-04-24 11:22:43.600000+00:00,B15
23916,2026-04-24 11:27:25.200000+00:00,B15
23918,2026-04-24 11:32:53.060000+00:00,B15
23919,2026-04-24 11:46:35.100000+00:00,B15
23920,2026-04-24 11:47:57.880000+00:00,B15
23921,2026-04-24 11:50:16.510000+00:00,B15
23922,2026-04-24 11:50:50.390000+00:00,B15
23923,2026-04-24 11:52:24.500000+00:00,B15
23924,2026-04-24 11:54:40.910000+00:00,B15
23925,2026-04-24 12:05:21.320000+00:00,B15
23926,2026-04-24 12:11:31.640000+00:00,B15
23927,2026-04-24 12:16:26.180000+00:00,B15
23928,2026-04-24 12:19:51.070000+00:00,B15
23929,2026-04-24 12:25:16.880000+00:00,B15
23930,2026-04-24 12:46:24.070000+00:00,B15
23932,2026-04-24 12:51:52.980000+00:00,B15
23934,2026-04-24 12:58:56.720000+00:00,B15
23935,2026-04-24 13:02:01.290000+00:00,B15
23936,2026-04-24 13:03:50.850000+00:00,B15
23937,2026-04-24 13:04:21.980000+00:00,B15
23938,2026-04-24 13:09:01.190000+00:00,B15
23940,2026-04-24 13:13:55.820000+00:00,B15
23941,2026-04-24 13:14:16.170000+00:00,B15
23942,2026-04-24 13:17:30.590000+00:00,B15
23943,2026-04-24 13:22:43.170000+00:00,B15
23945,2026-04-24 13:38:11.060000+00:00,B15
23947,2026-04-24 13:47:02.810000+00:00,B15
23948,2026-04-24 13:50:32.620000+00:00,B15
23949,2026-04-24 13:55:19.300000+00:00,B15
23950,2026-04-24 14:07:09.930000+00:00,B15
23951,2026-04-24 14:07:19.770000+00:00,B15
23953,2026-04-24 14:11:14.580000+00:00,B15
23954,2026-04-24 14:13:31.950000+00:00,B15
23957,2026-04-24 14:31:58.290000+00:00,B15
23960,2026-04-24 14:46:22.920000+00:00,B15
23961,2026-04-24 14:59:13.620000+00:00,B15
23962,2026-04-24 15:00:36.790000+00:00,B15
23964,2026-04-24 15:13:09.950000+00:00,B15
23965,2026-04-24 15:25:06.250000+00:00,B15
23966,2026-04-24 15:26:11.630000+00:00,B15
23967,2026-04-24 15:31:01.530000+00:00,B15
23969,2026-04-24 15:36:28.390000+00:00,B15
23970,2026-04-24 15:37:10.790000+00:00,B15
23971,2026-04-24 15:52:31.100000+00:00,B15
23972,2026-04-24 15:58:01.900000+00:00,B15
23973,2026-04-24 15:59:22.400000+00:00,B15
23974,2026-04-24 16:07:02.210000+00:00,B15
23976,2026-04-24 16:20:04.460000+00:00,B15
23977,2026-04-24 16:29:18.130000+00:00,B15
23978,2026-04-24 16:30:29.140000+00:00,B15
23979,2026-04-24 16:34:40.440000+00:00,B15
23980,2026-04-24 16:38:57.720000+00:00,B15
23981,2026-04-24 16:41:31.860000+00:00,B15
23983,2026-04-24 16:43:55.910000+00:00,B15
23984,2026-04-24 16:44:20.720000+00:00,B15
23985,2026-04-24 16:49:12.410000+00:00,B15
23986,2026-04-24 16:50:50.200000+00:00,B15
23988,2026-04-24 17:04:17.120000+00:00,B15
23990,2026-04-24 17:11:42.560000+00:00,B15
23991,2026-04-24 17:16:14.720000+00:00,B15
24000,2026-04-24 17:38:11.740000+00:00,B15
24002,2026-04-24 17:40:51.720000+00:00,B15
24003,2026-04-24 17:42:59.520000+00:00,B15
24005,2026-04-24 17:49:05.960000+00:00,B15
24006,2026-04-24 17:52:46.040000+00:00,B15
24007,2026-04-24 18:00:29.920000+00:00,B15
24012,2026-04-24 18:24:04.180000+00:00,B15
24014,2026-04-24 18:28:08.640000+00:00,B15
24019,2026-04-24 18:57:26+00:00,B15
24026,2026-04-24 19:16:01.680000+00:00,B15
24029,2026-04-24 19:22:41.160000+00:00,B15
24030,2026-04-24 19:23:18.280000+00:00,B15
24032,2026-04-24 19:27:14.880000+00:00,B15
24035,2026-04-24 19:39:42.660000+00:00,B15
24036,2026-04-24 19:42:28.220000+00:00,B15
24037,2026-04-24 19:43:59.760000+00:00,B15
24042,2026-04-24 20:04:12.640000+00:00,B15
24045,2026-04-24 20:13:44.840000+00:00,B15
24050,2026-04-24 20:33:07+00:00,B15
24051,2026-04-24 20:34:25.580000+00:00,B15
24053,2026-04-24 20:38:35.880000+00:00,B15
24054,2026-04-24 20:41:18.320000+00:00,B15
24055,2026-04-24 20:56:16.280000+00:00,B15
24056,2026-04-24 20:57:12.340000+00:00,B15
24057,2026-04-24 20:59:55.680000+00:00,B15
24058,2026-04-24 21:02:38.520000+00:00,B15
24060,2026-04-24 21:04:20.320000+00:00,B15
24065,2026-04-24 21:25:28.880000+00:00,B15
24067,2026-04-24 21:27:47.120000+00:00,B15
24068,2026-04-24 21:29:46.200000+00:00,B15
24070,2026-04-24 21:37:17.840000+00:00,B15
24071,2026-04-24 21:42:06.840000+00:00,B15
24073,2026-04-24 21:43:42.880000+00:00,B15
24075,2026-04-24 21:48:12.080000+00:00,B15
24078,2026-04-24 21:56:50.840000+00:00,B15
24079,2026-04-24 21:59:43.920000+00:00,B15
24081,2026-04-24 22:04:59.160000+00:00,B15
24082,2026-04-24 22:10:13.720000+00:00,B15
24083,2026-04-24 22:16:48.020000+00:00,B15
24086,2026-04-24 22:25:03.240000+00:00,B15
24087,2026-04-24 22:36:35.160000+00:00,B15
24088,2026-04-24 22:36:48.400000+00:00,B15
24089,2026-04-24 22:37:35.500000+00:00,B15
24090,2026-04-24 22:55:13.400000+00:00,B15
24091,2026-04-24 22:59:10.080000+00:00,B15
24092,2026-04-24 23:00:43.840000+00:00,B15
24093,2026-04-24 23:01:59.800000+00:00,B15
24095,2026-04-24 23:06:24.600000+00:00,B15
24097,2026-04-24 23:19:43.460000+00:00,B15
24099,2026-04-24 23:23:50.980000+00:00,B15
24100,2026-04-24 23:28:03.880000+00:00,B15
24101,2026-04-24 23:29:34.680000+00:00,B15
24102,2026-04-24 23:36:38.760000+00:00,B15
24103,2026-04-24 23:37:21.880000+00:00,B15
24105,2026-04-24 23:48:00.520000+00:00,B15
24106,2026-04-24 23:51:23.960000+00:00,B15
24107,2026-04-24 23:59:04.080000+00:00,B15
24108,2026-04-25 00:01:27.340000+00:00,B15
24118,2026-04-25 00:39:42.210000+00:00,B15
24119,2026-04-25 00:45:01.050000+00:00,B15
24120,2026-04-25 00:46:03.050000+00:00,B15
24126,2026-04-25 01:20:03.790000+00:00,B15
24128,2026-04-25 01:22:44.970000+00:00,B15
24129,2026-04-25 01:29:12.710000+00:00,B15
24131,2026-04-25 01:35:57.200000+00:00,B15
24132,2026-04-25 01:47:54.310000+00:00,B15
24133,2026-04-25 01:58:23.580000+00:00,B15
24134,2026-04-25 02:12:03.120000+00:00,B15
24135,2026-04-25 02:19:31.290000+00:00,B15
24136,2026-04-25 02:20:56.890000+00:00,B15
24137,2026-04-25 02:24:14.920000+00:00,B15
24138,2026-04-25 02:29:12.810000+00:00,B15
24139,2026-04-25 02:41:04.630000+00:00,B15
24140,2026-04-25 02:48:52.680000+00:00,B15
24151,2026-04-25 03:42:08.340000+00:00,B15
24153,2026-04-25 03:45:40.920000+00:00,B15
24155,2026-04-25 03:54:09.530000+00:00,B15
24157,2026-04-25 03:58:59+00:00,B15
24159,2026-04-25 04:06:05.480000+00:00,B15
24167,2026-04-25 04:32:52.160000+00:00,B15
24168,2026-04-25 04:34:33.400000+00:00,B15
24169,2026-04-25 04:38:48.940000+00:00,B15
24182,2026-04-25 05:02:26.230000+00:00,B15
24186,2026-04-25 05:07:30.060000+00:00,B15
24187,2026-04-25 05:10:39.990000+00:00,B15
24190,2026-04-25 05:12:54.610000+00:00,B15
24199,2026-04-25 05:44:07.510000+00:00,B15
24200,2026-04-25 05:44:53.480000+00:00,B15
24202,2026-04-25 05:56:08.690000+00:00,B15
24203,2026-04-25 06:00:54.330000+00:00,B15
24204,2026-04-25 06:01:27.980000+00:00,B15
24209,2026-04-25 06:14:17.260000+00:00,B15
24212,2026-04-25 06:34:47.010000+00:00,B15
24214,2026-04-25 06:38:55.820000+00:00,B15
24215,2026-04-25 06:45:43.970000+00:00,B15
24216,2026-04-25 06:49:13.460000+00:00,B15
24217,2026-04-25 06:50:34.390000+00:00,B15
24220,2026-04-25 06:57:18.510000+00:00,B15
24221,2026-04-25 07:04:18.240000+00:00,B15
24225,2026-04-25 07:23:26.610000+00:00,B15
24226,2026-04-25 07:23:59.370000+00:00,B15
24227,2026-04-25 07:27:21.850000+00:00,B15
24231,2026-04-25 07:31:28.030000+00:00,B15
24232,2026-04-25 07:33:39.210000+00:00,B15
24233,2026-04-25 07:46:08.690000+00:00,B15
24234,2026-04-25 07:49:24.520000+00:00,B15
24235,2026-04-25 07:52:50.750000+00:00,B15
24237,2026-04-25 07:56:59.470000+00:00,B15
24238,2026-04-25 08:01:22.370000+00:00,B15
24240,2026-04-25 08:03:16.140000+00:00,B15
24241,2026-04-25 08:04:55.740000+00:00,B15
24242,2026-04-25 08:07:27.550000+00:00,B15
24244,2026-04-25 08:23:47.110000+00:00,B15
24249,2026-04-25 08:49:17.810000+00:00,B15
24250,2026-04-25 08:50:39.040000+00:00,B15
24251,2026-04-25 08:51:08.390000+00:00,B15
24252,2026-04-25 08:51:48.910000+00:00,B15
24254,2026-04-25 08:56:42.520000+00:00,B15
24255,2026-04-25 09:09:17.460000+00:00,B15
24256,2026-04-25 09:15:52.560000+00:00,B15
24257,2026-04-25 09:22:18.140000+00:00,B15
24258,2026-04-25 09:28:25.980000+00:00,B15
24259,2026-04-25 09:31:30.860000+00:00,B15
24260,2026-04-25 09:36:49.870000+00:00,B15
24263,2026-04-25 09:51:36.490000+00:00,B15
24264,2026-04-25 09:53:31.080000+00:00,B15
24265,2026-04-25 09:54:28.150000+00:00,B15
24268,2026-04-25 10:16:56.310000+00:00,B15
24269,2026-04-25 10:19:34.130000+00:00,B15
24271,2026-04-25 10:41:28.040000+00:00,B15
24274,2026-04-25 10:53:33.310000+00:00,B15
24275,2026-04-25 10:59:12+00:00,B15
24276,2026-04-25 11:05:32.300000+00:00,B15
24277,2026-04-25 11:06:12.140000+00:00,B15
24278,2026-04-25 11:08:29.290000+00:00,B15
24280,2026-04-25 11:19:13.720000+00:00,B15
24283,2026-04-25 11:31:52.710000+00:00,B15
24284,2026-04-25 11:32:41.470000+00:00,B15
24285,2026-04-25 11:41:25.490000+00:00,B15
24286,2026-04-25 11:45:04.850000+00:00,B15
24288,2026-04-25 11:51:43.990000+00:00,B15
24289,2026-04-25 11:52:07.360000+00:00,B15
24293,2026-04-25 11:57:55.240000+00:00,B15
24294,2026-04-25 11:58:43.120000+00:00,B15
24295,2026-04-25 12:04:20.850000+00:00,B15
24297,2026-04-25 12:13:20+00:00,B15
24298,2026-04-25 12:17:51.240000+00:00,B15
24300,2026-04-25 12:19:58.130000+00:00,B15
24303,2026-04-25 12:37:35.800000+00:00,B15
24304,2026-04-25 12:45:03.920000+00:00,B15
24305,2026-04-25 12:48:58.880000+00:00,B15
24307,2026-04-25 12:59:32.320000+00:00,B15
24309,2026-04-25 13:11:53.230000+00:00,B15
24310,2026-04-25 13:12:48.280000+00:00,B15
24311,2026-04-25 13:23:23.660000+00:00,B15
24312,2026-04-25 13:37:32.160000+00:00,B15
24313,2026-04-25 13:42:44.890000+00:00,B15
24315,2026-04-25 13:51:06.650000+00:00,B15
24316,2026-04-25 13:51:43.630000+00:00,B15
24317,2026-04-25 13:57:59.650000+00:00,B15
24318,2026-04-25 14:00:34.340000+00:00,B15
24319,2026-04-25 14:01:44.520000+00:00,B15
24321,2026-04-25 14:06:39.980000+00:00,B15
24322,2026-04-25 14:06:54.130000+00:00,B15
24323,2026-04-25 14:13:36.800000+00:00,B15
24325,2026-04-25 14:42:33.830000+00:00,B15
24326,2026-04-25 14:55:15.530000+00:00,B15
24328,2026-04-25 15:00:03.220000+00:00,B15
24330,2026-04-25 15:05:04.720000+00:00,B15
24331,2026-04-25 15:06:08.370000+00:00,B15
24332,2026-04-25 15:06:41.520000+00:00,B15
24333,2026-04-25 15:10:26.170000+00:00,B15
24334,2026-04-25 15:14:14.630000+00:00,B15
24335,2026-04-25 15:21:13.760000+00:00,B15
24337,2026-04-25 15:25:06.730000+00:00,B15
24338,2026-04-25 15:26:38.440000+00:00,B15
24341,2026-04-25 15:32:24.700000+00:00,B15
24343,2026-04-25 15:38:24.480000+00:00,B15
24345,2026-04-25 15:41:55.070000+00:00,B15
24346,2026-04-25 15:43:27.820000+00:00,B15
24347,2026-04-25 15:44:24.760000+00:00,B15
24348,2026-04-25 15:45:08.870000+00:00,B15
24349,2026-04-25 15:47:08.660000+00:00,B15
24350,2026-04-25 15:50:08.100000+00:00,B15
24351,2026-04-25 15:50:48.440000+00:00,B15
24352,2026-04-25 15:54:24.950000+00:00,B15
24353,2026-04-25 15:55:39.570000+00:00,B15
24354,2026-04-25 15:57:57.840000+00:00,B15
24355,2026-04-25 15:59:36.160000+00:00,B15
24358,2026-04-25 16:04:15.800000+00:00,B15
24359,2026-04-25 16:13:53.660000+00:00,B15
24360,2026-04-25 16:17:43.550000+00:00,B15
24362,2026-04-25 16:21:29.780000+00:00,B15
24363,2026-04-25 16:21:50.900000+00:00,B15
24364,2026-04-25 16:35:34.370000+00:00,B15
24365,2026-04-25 16:35:51.480000+00:00,B15
24366,2026-04-25 16:37:13.090000+00:00,B15
24367,2026-04-25 16:38:03.420000+00:00,B15
24368,2026-04-25 16:39:34.620000+00:00,B15
24370,2026-04-25 16:55:52.550000+00:00,B15
24372,2026-04-25 17:01:02.800000+00:00,B15
24373,2026-04-25 17:05:18.840000+00:00,B15
24374,2026-04-25 17:16:00.340000+00:00,B15
24375,2026-04-25 17:20:20.840000+00:00,B15
24376,2026-04-25 17:21:57.720000+00:00,B15
24377,2026-04-25 17:23:51.280000+00:00,B15
24378,2026-04-25 17:29:27.760000+00:00,B15
24379,2026-04-25 17:40:06.120000+00:00,B15
24381,2026-04-25 17:45:39.120000+00:00,B15
24382,2026-04-25 17:54:39.600000+00:00,B15
24383,2026-04-25 17:56:38.080000+00:00,B15
24384,2026-04-25 17:58:30.920000+00:00,B15
24385,2026-04-25 18:02:28.060000+00:00,B15
24386,2026-04-25 18:03:40.400000+00:00,B15
24389,2026-04-25 18:17:36.640000+00:00,B15
24390,2026-04-25 18:21:03.300000+00:00,B15
24392,2026-04-25 18:31:20.880000+00:00,B15
24393,2026-04-25 18:36:59.120000+00:00,B15
24395,2026-04-25 18:58:23.880000+00:00,B15
24396,2026-04-25 19:12:43.120000+00:00,B15
24398,2026-04-25 19:23:15.080000+00:00,B15
24400,2026-04-25 19:32:29.120000+00:00,B15
24401,2026-04-25 19:38:22.300000+00:00,B15
24402,2026-04-25 19:41:30.340000+00:00,B15
24403,2026-04-25 19:43:48.080000+00:00,B15
24404,2026-04-25 19:51:25.760000+00:00,B15
24405,2026-04-25 19:51:45.460000+00:00,B15
24406,2026-04-25 19:54:07.560000+00:00,B15
24407,2026-04-25 19:55:43+00:00,B15
24409,2026-04-25 20:09:48.040000+00:00,B15
24410,2026-04-25 20:14:36.660000+00:00,B15
24411,2026-04-25 20:22:14.880000+00:00,B15
24413,2026-04-25 20:41:30.280000+00:00,B15
24414,2026-04-25 20:49:20.720000+00:00,B15
24416,2026-04-25 21:12:41.960000+00:00,B15
24417,2026-04-25 21:15:46.840000+00:00,B15
24418,2026-04-25 21:19:34.860000+00:00,B15
24422,2026-04-25 21:52:06.140000+00:00,B15
24424,2026-04-25 22:09:15.120000+00:00,B15
24425,2026-04-25 22:15:05.160000+00:00,B15
24428,2026-04-25 22:19:57.480000+00:00,B15
24429,2026-04-25 22:25:07.600000+00:00,B15
24430,2026-04-25 22:25:36.380000+00:00,B15
24431,2026-04-25 22:30:51.060000+00:00,B15
24434,2026-04-25 22:47:28.600000+00:00,B15
24435,2026-04-25 23:06:05.240000+00:00,B15
24436,2026-04-25 23:09:58.040000+00:00,B15
24438,2026-04-25 23:19:21.280000+00:00,B15
24442,2026-04-25 23:31:27.260000+00:00,B15
24443,2026-04-25 23:35:59.440000+00:00,B15
24444,2026-04-25 23:44:37.600000+00:00,B15
24445,2026-04-25 23:56:50.120000+00:00,B15
24446,2026-04-26 00:00:52.400000+00:00,B15
24448,2026-04-26 00:10:30.170000+00:00,B15
24450,2026-04-26 00:23:24.720000+00:00,B15
24452,2026-04-26 00:34:24.190000+00:00,B15
24453,2026-04-26 00:39:26.200000+00:00,B15
24454,2026-04-26 00:41:00.190000+00:00,B15
24455,2026-04-26 00:43:06.780000+00:00,B15
24456,2026-04-26 00:49:17.680000+00:00,B15
24458,2026-04-26 01:00:07.670000+00:00,B15
24460,2026-04-26 01:11:41.350000+00:00,B15
24461,2026-04-26 01:16:31.620000+00:00,B15
24462,2026-04-26 01:18:23.030000+00:00,B15
24465,2026-04-26 01:31:39.770000+00:00,B15
24466,2026-04-26 01:33:26.130000+00:00,B15
24467,2026-04-26 01:59:27.730000+00:00,B15
24469,2026-04-26 02:10:32.440000+00:00,B15
24470,2026-04-26 02:24:54.960000+00:00,B15
24471,2026-04-26 02:28:43.640000+00:00,B15
24472,2026-04-26 02:44:45.250000+00:00,B15
24473,2026-04-26 03:11:39.450000+00:00,B15
24476,2026-04-26 03:21:47.940000+00:00,B15
24477,2026-04-26 03:31:45.920000+00:00,B15
24479,2026-04-26 03:51:37.980000+00:00,B15
24480,2026-04-26 03:59:43.200000+00:00,B15
24481,2026-04-26 04:05:48.170000+00:00,B15
24482,2026-04-26 04:06:33.920000+00:00,B15
24483,2026-04-26 04:12:23.860000+00:00,B15
24485,2026-04-26 04:16:47.520000+00:00,B15
24486,2026-04-26 04:22:18.820000+00:00,B15
24487,2026-04-26 04:35:42.650000+00:00,B15
24488,2026-04-26 04:43:59.660000+00:00,B15
24490,2026-04-26 04:59:07.860000+00:00,B15
24491,2026-04-26 05:06:19.500000+00:00,B15
24492,2026-04-26 05:18:10.260000+00:00,B15
24493,2026-04-26 05:31:30.850000+00:00,B15
24494,2026-04-26 05:36:55.110000+00:00,B15
24495,2026-04-26 05:39:11.270000+00:00,B15
24496,2026-04-26 05:49:23.720000+00:00,B15
24497,2026-04-26 05:51:51.060000+00:00,B15
24498,2026-04-26 05:57:34.800000+00:00,B15
24499,2026-04-26 06:06:32.060000+00:00,B15
24500,2026-04-26 06:07:01.770000+00:00,B15
24501,2026-04-26 06:12:57.570000+00:00,B15
24502,2026-04-26 06:14:48.930000+00:00,B15
24503,2026-04-26 06:32:21.300000+00:00,B15
24504,2026-04-26 06:36:31.750000+00:00,B15
24506,2026-04-26 06:41:06.660000+00:00,B15
24507,2026-04-26 06:43:52.390000+00:00,B15
24508,2026-04-26 06:50:55.880000+00:00,B15
24509,2026-04-26 06:52:07.070000+00:00,B15
24513,2026-04-26 07:46:51.080000+00:00,B15
24514,2026-04-26 07:46:57.660000+00:00,B15
24516,2026-04-26 08:08:38.300000+00:00,B15
24518,2026-04-26 08:17:14.360000+00:00,B15
24520,2026-04-26 08:21:32.570000+00:00,B15
24521,2026-04-26 08:25:16.220000+00:00,B15
24522,2026-04-26 08:32:50.400000+00:00,B15
24523,2026-04-26 08:34:04.020000+00:00,B15
24524,2026-04-26 08:37:06.630000+00:00,B15
24528,2026-04-26 08:53:20.760000+00:00,B15
24529,2026-04-26 09:01:41.020000+00:00,B15
24531,2026-04-26 09:09:50.580000+00:00,B15
24534,2026-04-26 09:36:29.390000+00:00,B15
24535,2026-04-26 09:41:39.430000+00:00,B15
24536,2026-04-26 09:49:18.530000+00:00,B15
24537,2026-04-26 09:59:20.280000+00:00,B15
24538,2026-04-26 09:59:55.560000+00:00,B15
24539,2026-04-26 10:24:32.520000+00:00,B15
24540,2026-04-26 10:54:22.950000+00:00,B15
24543,2026-04-26 11:07:00.800000+00:00,B15
24544,2026-04-26 11:10:07.530000+00:00,B15
24545,2026-04-26 11:17:45.960000+00:00,B15
24546,2026-04-26 11:24:18.250000+00:00,B15
24547,2026-04-26 11:27:19.850000+00:00,B15
24548,2026-04-26 11:35:42.670000+00:00,B15
24549,2026-04-26 11:38:55.700000+00:00,B15
24552,2026-04-26 11:45:46.180000+00:00,B15
24553,2026-04-26 11:46:50.970000+00:00,B15
24556,2026-04-26 12:02:32.090000+00:00,B15
24558,2026-04-26 12:15:22.730000+00:00,B15
24560,2026-04-26 12:30:09.310000+00:00,B15
24561,2026-04-26 12:31:16.270000+00:00,B15
24564,2026-04-26 12:44:57.490000+00:00,B15
24566,2026-04-26 12:56:24.100000+00:00,B15
24567,2026-04-26 12:57:08.870000+00:00,B15
24569,2026-04-26 13:02:41.530000+00:00,B15
24570,2026-04-26 13:04:38.750000+00:00,B15
24571,2026-04-26 13:05:50+00:00,B15
24572,2026-04-26 13:07:25.150000+00:00,B15
24573,2026-04-26 13:16:40.020000+00:00,B15
24574,2026-04-26 13:17:13.440000+00:00,B15
24575,2026-04-26 13:20:29.240000+00:00,B15
24577,2026-04-26 13:36:42.130000+00:00,B15
24578,2026-04-26 13:44:16.780000+00:00,B15
24580,2026-04-26 13:49:45+00:00,B15
24581,2026-04-26 13:56:10.530000+00:00,B15
24583,2026-04-26 14:08:37.630000+00:00,B15
24584,2026-04-26 14:09:48.890000+00:00,B15
24585,2026-04-26 14:16:21.180000+00:00,B15
24586,2026-04-26 14:33:15.100000+00:00,B15
24587,2026-04-26 14:41:12.330000+00:00,B15
24588,2026-04-26 14:43:46.020000+00:00,B15
24589,2026-04-26 14:47:31.440000+00:00,B15
24590,2026-04-26 14:59:01.900000+00:00,B15
24591,2026-04-26 15:12:25.620000+00:00,B15
24593,2026-04-26 15:21:27.330000+00:00,B15
24594,2026-04-26 15:32:33.230000+00:00,B15
24595,2026-04-26 15:34:05.410000+00:00,B15
24596,2026-04-26 15:38:54.180000+00:00,B15
24598,2026-04-26 15:48:23.340000+00:00,B15
24600,2026-04-26 15:54:44.430000+00:00,B15
24601,2026-04-26 16:02:32.720000+00:00,B15
24602,2026-04-26 16:03:08.190000+00:00,B15
24603,2026-04-26 16:04:58.260000+00:00,B15
24604,2026-04-26 16:06:45.680000+00:00,B15
24605,2026-04-26 16:25:21.900000+00:00,B15
24606,2026-04-26 16:27:33.020000+00:00,B15
24607,2026-04-26 16:30:15.100000+00:00,B15
24608,2026-04-26 16:32:35.470000+00:00,B15
24609,2026-04-26 16:46:47.390000+00:00,B15
24611,2026-04-26 16:56:01.990000+00:00,B15
24612,2026-04-26 16:57:22.060000+00:00,B15
24613,2026-04-26 17:03:24.360000+00:00,B15
24614,2026-04-26 17:04:25.360000+00:00,B15
24615,2026-04-26 17:06:07.280000+00:00,B15
24616,2026-04-26 17:07:29.120000+00:00,B15
24617,2026-04-26 17:08:14.320000+00:00,B15
24619,2026-04-26 17:16:44.620000+00:00,B15
24620,2026-04-26 17:19:30.680000+00:00,B15
24621,2026-04-26 17:20:40.960000+00:00,B15
24623,2026-04-26 17:43:52+00:00,B15
24624,2026-04-26 17:44:15.800000+00:00,B15
24625,2026-04-26 17:58:29.120000+00:00,B15
24626,2026-04-26 18:00:49.520000+00:00,B15
24627,2026-04-26 18:14:59.560000+00:00,B15
24628,2026-04-26 18:18:25.960000+00:00,B15
24629,2026-04-26 18:30:33.360000+00:00,B15
24630,2026-04-26 18:31:33.840000+00:00,B15
24631,2026-04-26 18:33:16.600000+00:00,B15
24635,2026-04-26 19:29:00.960000+00:00,B15
24638,2026-04-26 20:10:09.640000+00:00,B15
24639,2026-04-26 20:44:24.600000+00:00,B15
24640,2026-04-26 20:47:23.320000+00:00,B15
24641,2026-04-26 20:51:41.040000+00:00,B15
24643,2026-04-26 21:13:22.640000+00:00,B15
24645,2026-04-26 21:33:35.800000+00:00,B15
24646,2026-04-26 21:43:51.760000+00:00,B15
24647,2026-04-26 21:55:08.200000+00:00,B15
24648,2026-04-26 22:07:41.360000+00:00,B15
24649,2026-04-26 22:12:22.320000+00:00,B15
24650,2026-04-26 22:13:24.260000+00:00,B15
24651,2026-04-26 22:13:51.560000+00:00,B15
24653,2026-04-26 22:48:00.480000+00:00,B15
24654,2026-04-26 22:51:10.840000+00:00,B15
24655,2026-04-26 22:59:42.280000+00:00,B15
24657,2026-04-26 23:05:48.600000+00:00,B15
24658,2026-04-26 23:08:34.400000+00:00,B15
24663,2026-04-27 00:08:44.230000+00:00,B15
24664,2026-04-27 00:12:45.080000+00:00,B15
24665,2026-04-27 00:22:54.940000+00:00,B15
24668,2026-04-27 00:37:12.510000+00:00,B15
24669,2026-04-27 00:39:24.960000+00:00,B15
24670,2026-04-27 00:42:15.980000+00:00,B15
24671,2026-04-27 00:55:29.310000+00:00,B15
24672,2026-04-27 00:56:57.830000+00:00,B15
24675,2026-04-27 01:16:05.500000+00:00,B15
24677,2026-04-27 01:29:30.940000+00:00,B15
24679,2026-04-27 01:35:16.020000+00:00,B15
24680,2026-04-27 01:36:25.900000+00:00,B15
24682,2026-04-27 01:40:02.880000+00:00,B15
24685,2026-04-27 01:52:48.270000+00:00,B15
24686,2026-04-27 02:03:07.630000+00:00,B15
24689,2026-04-27 02:31:07.070000+00:00,B15
24690,2026-04-27 02:32:53.600000+00:00,B15
24694,2026-04-27 02:54:50.280000+00:00,B15
24695,2026-04-27 02:59:42.590000+00:00,B15
24697,2026-04-27 03:15:22.950000+00:00,B15
24699,2026-04-27 03:33:24.450000+00:00,B15
24700,2026-04-27 03:34:16.670000+00:00,B15
24702,2026-04-27 03:58:02.180000+00:00,B15
24704,2026-04-27 04:00:58.740000+00:00,B15
24705,2026-04-27 04:03:45.550000+00:00,B15
24706,2026-04-27 04:21:08.830000+00:00,B15
24707,2026-04-27 04:23:13+00:00,B15
24709,2026-04-27 04:40:43.610000+00:00,B15
24710,2026-04-27 04:44:04.990000+00:00,B15
24714,2026-04-27 04:54:15.900000+00:00,B15
24715,2026-04-27 04:54:21.560000+00:00,B15
24717,2026-04-27 05:00:59.390000+00:00,B15
24718,2026-04-27 05:05:33.080000+00:00,B15
24719,2026-04-27 05:11:09.750000+00:00,B15
24720,2026-04-27 05:14:59.900000+00:00,B15
24722,2026-04-27 05:42:56.260000+00:00,B15
24726,2026-04-27 06:35:03.410000+00:00,B15
24728,2026-04-27 06:39:29.570000+00:00,B15
24730,2026-04-27 06:41:51.180000+00:00,B15
24732,2026-04-27 07:05:05.640000+00:00,B15
24733,2026-04-27 07:10:52.450000+00:00,B15
24735,2026-04-27 07:12:59.990000+00:00,B15
24736,2026-04-27 07:13:38.030000+00:00,B15
24737,2026-04-27 07:17:30.840000+00:00,B15
24740,2026-04-27 07:50:03.870000+00:00,B15
24741,2026-04-27 07:58:25.270000+00:00,B15
24742,2026-04-27 08:00:10.940000+00:00,B15
24744,2026-04-27 08:11:00.730000+00:00,B15
24745,2026-04-27 08:11:44.010000+00:00,B15
24748,2026-04-27 08:32:13.470000+00:00,B15
24750,2026-04-27 08:54:11.340000+00:00,B15
24752,2026-04-27 09:18:08.460000+00:00,B15
24753,2026-04-27 09:25:35.190000+00:00,B15
24758,2026-04-27 09:54:39.110000+00:00,B15
24760,2026-04-27 10:05:44.620000+00:00,B15
24761,2026-04-27 10:29:21.640000+00:00,B15
24762,2026-04-27 10:29:52.900000+00:00,B15
24763,2026-04-27 10:32:03.670000+00:00,B15
24765,2026-04-27 10:38:00.060000+00:00,B15
24766,2026-04-27 10:40:38.760000+00:00,B15
24767,2026-04-27 10:50:46.710000+00:00,B15
24768,2026-04-27 10:54:25.210000+00:00,B15
24769,2026-04-27 10:57:03.500000+00:00,B15
24770,2026-04-27 10:58:51.810000+00:00,B15
24771,2026-04-27 11:01:15.880000+00:00,B15
24772,2026-04-27 11:05:13.370000+00:00,B15
24775,2026-04-27 11:13:43.430000+00:00,B15
24778,2026-04-27 11:37:21.140000+00:00,B15
24779,2026-04-27 11:46:20.500000+00:00,B15
24781,2026-04-27 11:51:11.170000+00:00,B15
24783,2026-04-27 11:54:24.400000+00:00,B15
24784,2026-04-27 11:57:30.410000+00:00,B15
24785,2026-04-27 12:00:14.210000+00:00,B15
24786,2026-04-27 12:02:00.520000+00:00,B15
24788,2026-04-27 12:04:49.240000+00:00,B15
24789,2026-04-27 12:13:17.820000+00:00,B15
24790,2026-04-27 12:15:06.810000+00:00,B15
24791,2026-04-27 12:22:39.770000+00:00,B15
24792,2026-04-27 12:32:08.490000+00:00,B15
24793,2026-04-27 12:41:56.530000+00:00,B15
24794,2026-04-27 12:48:06.350000+00:00,B15
24798,2026-04-27 13:42:26.120000+00:00,B15
24799,2026-04-27 13:44:01.120000+00:00,B15
24801,2026-04-27 13:48:32.910000+00:00,B15
24802,2026-04-27 13:48:57.040000+00:00,B15
24803,2026-04-27 13:56:20.080000+00:00,B15
24804,2026-04-27 13:58:36.290000+00:00,B15
24805,2026-04-27 14:19:57.040000+00:00,B15
24806,2026-04-27 14:21:50.750000+00:00,B15
24807,2026-04-27 14:25:32.170000+00:00,B15
24810,2026-04-27 14:51:53.490000+00:00,B15
24812,2026-04-27 15:12:47.830000+00:00,B15
24816,2026-04-27 15:32:09.640000+00:00,B15
24817,2026-04-27 15:33:30.170000+00:00,B15
24820,2026-04-27 16:04:10.060000+00:00,B15
24822,2026-04-27 16:09:00.850000+00:00,B15
24824,2026-04-27 16:22:49.380000+00:00,B15
24826,2026-04-27 16:25:20.300000+00:00,B15
24827,2026-04-27 16:41:44.640000+00:00,B15
24828,2026-04-27 16:49:57.880000+00:00,B15
24829,2026-04-27 16:55:55.700000+00:00,B15
24830,2026-04-27 17:30:41.440000+00:00,B15
24831,2026-04-27 17:31:16.960000+00:00,B15
24832,2026-04-27 17:39:21.240000+00:00,B15
24833,2026-04-27 17:56:11.120000+00:00,B15
24835,2026-04-27 18:09:32.820000+00:00,B15
24836,2026-04-27 18:29:22.600000+00:00,B15
24837,2026-04-27 18:41:05.280000+00:00,B15
24838,2026-04-27 19:00:33.560000+00:00,B15
24839,2026-04-27 19:04:29.880000+00:00,B15
24840,2026-04-27 19:15:29.520000+00:00,B15
24842,2026-04-27 19:26:53.160000+00:00,B15
24843,2026-04-27 19:29:31.640000+00:00,B15
24844,2026-04-27 19:30:36.320000+00:00,B15
24845,2026-04-27 19:39:46.320000+00:00,B15
24846,2026-04-27 19:47:40.040000+00:00,B15
24847,2026-04-27 19:51:46.400000+00:00,B15
24850,2026-04-27 20:20:20.160000+00:00,B15
24851,2026-04-27 20:25:10.760000+00:00,B15
24852,2026-04-27 20:26:01.520000+00:00,B15
24854,2026-04-27 20:41:18.180000+00:00,B15
24857,2026-04-27 20:51:02.560000+00:00,B15
24858,2026-04-27 20:53:00.400000+00:00,B15
24859,2026-04-27 20:55:40.800000+00:00,B15
24860,2026-04-27 21:01:58.140000+00:00,B15
24861,2026-04-27 21:10:00.040000+00:00,B15
24862,2026-04-27 21:16:49.800000+00:00,B15
24863,2026-04-27 21:18:14.320000+00:00,B15
24864,2026-04-27 21:24:54.760000+00:00,B15
24865,2026-04-27 21:40:48.280000+00:00,B15
24866,2026-04-27 21:49:05.100000+00:00,B15
24867,2026-04-27 21:57:32.120000+00:00,B15
24868,2026-04-27 21:58:39.080000+00:00,B15
24869,2026-04-27 21:59:15.940000+00:00,B15
24870,2026-04-27 22:02:26.240000+00:00,B15
24871,2026-04-27 22:05:01.260000+00:00,B15
24872,2026-04-27 22:06:09.920000+00:00,B15
24874,2026-04-27 22:07:46.480000+00:00,B15
24875,2026-04-27 22:09:57.760000+00:00,B15
24876,2026-04-27 22:15:27.980000+00:00,B15
24877,2026-04-27 22:15:43.520000+00:00,B15
24878,2026-04-27 22:22:45.240000+00:00,B15
24879,2026-04-27 22:24:01.280000+00:00,B15
24880,2026-04-27 22:29:54.360000+00:00,B15
24882,2026-04-27 22:33:05.580000+00:00,B15
24883,2026-04-27 22:40:20.480000+00:00,B15
24890,2026-04-27 23:35:53.840000+00:00,B15
24891,2026-04-27 23:43:40.480000+00:00,B15
24892,2026-04-27 23:50:50.800000+00:00,B15
24893,2026-04-27 23:52:25.280000+00:00,B15
24895,2026-04-27 23:58:03+00:00,B15
24896,2026-04-28 00:05:13.610000+00:00,B15
24897,2026-04-28 00:48:10.650000+00:00,B15
24898,2026-04-28 00:55:55.070000+00:00,B15
24899,2026-04-28 01:17:05.680000+00:00,B15
24900,2026-04-28 01:31:35.500000+00:00,B15
24901,2026-04-28 01:39:23.970000+00:00,B15
24902,2026-04-28 01:46:03.660000+00:00,B15
24903,2026-04-28 01:52:06.760000+00:00,B15
24904,2026-04-28 01:53:00.860000+00:00,B15
24905,2026-04-28 01:56:09.470000+00:00,B15
24906,2026-04-28 02:00:45.580000+00:00,B15
24907,2026-04-28 02:02:28.650000+00:00,B15
24908,2026-04-28 02:04:11.450000+00:00,B15
24909,2026-04-28 02:13:11.910000+00:00,B15
24910,2026-04-28 02:26:58.010000+00:00,B15
24911,2026-04-28 02:29:26.250000+00:00,B15
24912,2026-04-28 02:33:52.380000+00:00,B15
24913,2026-04-28 03:02:52.950000+00:00,B15
24918,2026-04-28 03:31:42.720000+00:00,B15
24919,2026-04-28 04:01:33.650000+00:00,B15
24921,2026-04-28 04:13:14.340000+00:00,B15
24922,2026-04-28 04:42:32.840000+00:00,B15
24923,2026-04-28 04:51:24.250000+00:00,B15
24925,2026-04-28 05:04:44.900000+00:00,B15
24926,2026-04-28 05:06:13.640000+00:00,B15
24928,2026-04-28 05:12:54.380000+00:00,B15
24929,2026-04-28 05:19:46.140000+00:00,B15
24930,2026-04-28 05:29:29.310000+00:00,B15
24932,2026-04-28 05:36:53.030000+00:00,B15
24933,2026-04-28 05:51:06.640000+00:00,B15
24934,2026-04-28 06:06:15.580000+00:00,B15
24935,2026-04-28 06:16:01.540000+00:00,B15
24936,2026-04-28 06:26:25.850000+00:00,B15
24939,2026-04-28 06:30:52.560000+00:00,B15
24940,2026-04-28 06:39:16.630000+00:00,B15
24941,2026-04-28 06:55:24.080000+00:00,B15
24943,2026-04-28 07:07:27+00:00,B15
24944,2026-04-28 07:08:18.940000+00:00,B15
24945,2026-04-28 07:10:39.230000+00:00,B15
24946,2026-04-28 07:20:33.660000+00:00,B15
24948,2026-04-28 07:23:16.900000+00:00,B15
24949,2026-04-28 07:24:42.260000+00:00,B15
24950,2026-04-28 07:29:05.740000+00:00,B15
24951,2026-04-28 07:29:49.590000+00:00,B15
24952,2026-04-28 07:30:22.060000+00:00,B15
24953,2026-04-28 07:33:43.510000+00:00,B15
24954,2026-04-28 07:34:06.880000+00:00,B15
24955,2026-04-28 07:39:33.160000+00:00,B15
24956,2026-04-28 07:41:54.820000+00:00,B15
24957,2026-04-28 07:48:26.080000+00:00,B15
24959,2026-04-28 07:55:38.280000+00:00,B15
24960,2026-04-28 07:56:43.580000+00:00,B15
24962,2026-04-28 07:58:10.140000+00:00,B15
24963,2026-04-28 08:02:40.920000+00:00,B15
24965,2026-04-28 08:10:19.140000+00:00,B15
24966,2026-04-28 08:13:00.520000+00:00,B15
24967,2026-04-28 08:19:37.640000+00:00,B15
24968,2026-04-28 08:21:11.700000+00:00,B15
24971,2026-04-28 08:23:35.400000+00:00,B15
24972,2026-04-28 08:24:29.630000+00:00,B15
24973,2026-04-28 08:27:19.810000+00:00,B15
24974,2026-04-28 08:29:34.570000+00:00,B15
24975,2026-04-28 08:30:24.780000+00:00,B15
24976,2026-04-28 08:31:48.860000+00:00,B15
24978,2026-04-28 08:33:12.760000+00:00,B15
24979,2026-04-28 08:41:38.280000+00:00,B15
24980,2026-04-28 08:42:53.230000+00:00,B15
24981,2026-04-28 08:45:58.030000+00:00,B15
24984,2026-04-28 08:53:53.670000+00:00,B15
24985,2026-04-28 08:59:43.590000+00:00,B15
24986,2026-04-28 09:02:02.910000+00:00,B15
24987,2026-04-28 09:04:27.020000+00:00,B15
24988,2026-04-28 09:07:39.640000+00:00,B15
24989,2026-04-28 09:12:09+00:00,B15
24990,2026-04-28 09:13:06.340000+00:00,B15
24991,2026-04-28 09:15:49.010000+00:00,B15
24992,2026-04-28 09:22:23.820000+00:00,B15
24993,2026-04-28 09:31:31.760000+00:00,B15
24994,2026-04-28 09:35:29.280000+00:00,B15
24995,2026-04-28 09:36:06.200000+00:00,B15
24996,2026-04-28 09:49:46.500000+00:00,B15
24998,2026-04-28 09:58:50.730000+00:00,B15
24999,2026-04-28 10:01:48.040000+00:00,B15
25000,2026-04-28 10:03:09.340000+00:00,B15
25002,2026-04-28 10:14:51.740000+00:00,B15
25003,2026-04-28 10:17:30.640000+00:00,B15
25005,2026-04-28 10:20:49.620000+00:00,B15
25006,2026-04-28 10:21:30.450000+00:00,B15
25007,2026-04-28 10:22:35.370000+00:00,B15
25008,2026-04-28 10:23:38.540000+00:00,B15
25009,2026-04-28 10:27:50.540000+00:00,B15
25010,2026-04-28 10:28:51.550000+00:00,B15
25011,2026-04-28 10:32:03.500000+00:00,B15
25012,2026-04-28 10:35:54.750000+00:00,B15
25014,2026-04-28 10:42:58.750000+00:00,B15
25015,2026-04-28 10:44:30.230000+00:00,B15
25016,2026-04-28 10:54:48.840000+00:00,B15
25017,2026-04-28 10:56:02.350000+00:00,B15
25020,2026-04-28 11:10:21.670000+00:00,B15
25023,2026-04-28 11:27:09.220000+00:00,B15
25024,2026-04-28 11:37:43.310000+00:00,B15
25026,2026-04-28 11:47:26.830000+00:00,B15
25027,2026-04-28 11:51:19.260000+00:00,B15
25028,2026-04-28 11:51:48.910000+00:00,B15
25031,2026-04-28 12:16:49.220000+00:00,B15
25033,2026-04-28 12:27:48.240000+00:00,B15
25035,2026-04-28 12:38:39.330000+00:00,B15
25036,2026-04-28 12:51:45.520000+00:00,B15
25039,2026-04-28 13:03:06.300000+00:00,B15
25042,2026-04-28 13:17:53.860000+00:00,B15
25043,2026-04-28 13:21:09.520000+00:00,B15
25047,2026-04-28 13:51:49.630000+00:00,B15
25048,2026-04-28 13:59:34.250000+00:00,B15
25050,2026-04-28 14:09:51.940000+00:00,B15
25051,2026-04-28 14:33:37.890000+00:00,B15
25052,2026-04-28 14:33:52.200000+00:00,B15
25055,2026-04-28 15:02:09.320000+00:00,B15
25056,2026-04-28 15:03:22.470000+00:00,B15
25058,2026-04-28 15:13:34.770000+00:00,B15
25059,2026-04-28 15:23:01.880000+00:00,B15
25062,2026-04-28 15:41:14.360000+00:00,B15
25063,2026-04-28 15:46:35.320000+00:00,B15
25064,2026-04-28 15:49:35.800000+00:00,B15
25066,2026-04-28 16:14:17.750000+00:00,B15
25067,2026-04-28 16:26:09.810000+00:00,B15
25069,2026-04-28 16:31:10.970000+00:00,B15
25070,2026-04-28 16:38:51.310000+00:00,B15
25072,2026-04-28 16:42:30.060000+00:00,B15
25073,2026-04-28 16:42:49.520000+00:00,B15
25074,2026-04-28 16:44:53.690000+00:00,B15
25075,2026-04-28 16:50:46.180000+00:00,B15
25076,2026-04-28 17:01:31.760000+00:00,B15
25077,2026-04-28 17:20:39.960000+00:00,B15
25078,2026-04-28 17:28:27.240000+00:00,B15
25080,2026-04-28 17:54:13.160000+00:00,B15
25081,2026-04-28 18:01:40+00:00,B15
25082,2026-04-28 18:06:07.900000+00:00,B15
25084,2026-04-28 18:24:47.720000+00:00,B15
25085,2026-04-28 18:28:47.440000+00:00,B15
25086,2026-04-28 18:32:35.680000+00:00,B15
25087,2026-04-28 18:49:35.680000+00:00,B15
25088,2026-04-28 18:51:06.580000+00:00,B15
25089,2026-04-28 19:19:59.760000+00:00,B15
25090,2026-04-28 19:24:15.640000+00:00,B15
25091,2026-04-28 19:52:06.260000+00:00,B15
25093,2026-04-28 20:00:45.880000+00:00,B15
25094,2026-04-28 20:06:03.840000+00:00,B15
25096,2026-04-28 20:43:49.480000+00:00,B15
25097,2026-04-28 20:50:17+00:00,B15
25098,2026-04-28 21:01:42.040000+00:00,B15
25099,2026-04-28 21:03:27.120000+00:00,B15
25101,2026-04-28 21:12:30.760000+00:00,B15
25102,2026-04-28 21:22:06.280000+00:00,B15
25103,2026-04-28 21:47:44.520000+00:00,B15
25104,2026-04-28 21:58:01.560000+00:00,B15
25106,2026-04-28 22:01:56.720000+00:00,B15
25108,2026-04-28 22:16:14.520000+00:00,B15
25110,2026-04-28 22:36:07.440000+00:00,B15
25111,2026-04-28 22:42:04.360000+00:00,B15
25112,2026-04-28 22:52:59.120000+00:00,B15
25117,2026-04-28 23:25:54.160000+00:00,B15
25118,2026-04-28 23:47:36.440000+00:00,B15
25119,2026-04-28 23:50:01.440000+00:00,B15
25120,2026-04-28 23:53:50.960000+00:00,B15
25121,2026-04-28 23:57:32.080000+00:00,B15
25126,2026-04-29 00:41:24.340000+00:00,B15
25127,2026-04-29 00:43:32.730000+00:00,B15
25128,2026-04-29 00:47:01.600000+00:00,B15
25129,2026-04-29 00:47:56.400000+00:00,B15
25130,2026-04-29 00:52:09.660000+00:00,B15
25131,2026-04-29 00:53:02.520000+00:00,B15
25132,2026-04-29 00:54:18.280000+00:00,B15
25133,2026-04-29 00:57:19.540000+00:00,B15
25134,2026-04-29 00:58:31.530000+00:00,B15
25135,2026-04-29 01:03:58.340000+00:00,B15
25136,2026-04-29 01:10:25.310000+00:00,B15
25137,2026-04-29 01:13:59.720000+00:00,B15
25138,2026-04-29 01:24:15.840000+00:00,B15
25139,2026-04-29 01:32:40+00:00,B15
25140,2026-04-29 01:34:13.600000+00:00,B15
25141,2026-04-29 01:40:11.140000+00:00,B15
25142,2026-04-29 01:42:00.230000+00:00,B15
25143,2026-04-29 01:49:11.920000+00:00,B15
25144,2026-04-29 01:54:31.020000+00:00,B15
25146,2026-04-29 02:39:44.960000+00:00,B15
25148,2026-04-29 02:46:53.490000+00:00,B15
25150,2026-04-29 02:58:16.240000+00:00,B15
25151,2026-04-29 02:59:13.520000+00:00,B15
25152,2026-04-29 02:59:43.190000+00:00,B15
25154,2026-04-29 03:11:47.780000+00:00,B15
25156,2026-04-29 03:44:00.340000+00:00,B15
25158,2026-04-29 04:06:15.970000+00:00,B15
25159,2026-04-29 04:12:05.810000+00:00,B15
25160,2026-04-29 04:14:49.820000+00:00,B15
25161,2026-04-29 04:27:48.650000+00:00,B15
25163,2026-04-29 04:37:11.130000+00:00,B15
25164,2026-04-29 04:37:42.010000+00:00,B15
25167,2026-04-29 04:41:52.600000+00:00,B15
25168,2026-04-29 04:44:58.770000+00:00,B15
25171,2026-04-29 04:49:11.710000+00:00,B15
25172,2026-04-29 04:50:14.190000+00:00,B15
25173,2026-04-29 04:54:00.580000+00:00,B15
25174,2026-04-29 04:56:03.970000+00:00,B15
25175,2026-04-29 04:59:37.240000+00:00,B15
25176,2026-04-29 05:04:28.970000+00:00,B15
25177,2026-04-29 05:15:56.150000+00:00,B15
25178,2026-04-29 05:18:56.510000+00:00,B15
25180,2026-04-29 05:42:19.610000+00:00,B15
25182,2026-04-29 06:22:25.100000+00:00,B15
25183,2026-04-29 06:23:06.770000+00:00,B15
25184,2026-04-29 06:37:42.040000+00:00,B15
25185,2026-04-29 06:45:50.240000+00:00,B15
25186,2026-04-29 06:47:27.710000+00:00,B15
25189,2026-04-29 07:13:18.770000+00:00,B15
25191,2026-04-29 07:18:00.770000+00:00,B15
25195,2026-04-29 07:30:42.090000+00:00,B15
25196,2026-04-29 07:32:45.210000+00:00,B15
25197,2026-04-29 07:49:50.710000+00:00,B15
25199,2026-04-29 08:01:59.710000+00:00,B15
25200,2026-04-29 08:12:34.350000+00:00,B15
25201,2026-04-29 08:15:11.250000+00:00,B15
25203,2026-04-29 08:20:43.080000+00:00,B15
25204,2026-04-29 08:54:33.490000+00:00,B15
25205,2026-04-29 08:58:08.650000+00:00,B15
25206,2026-04-29 09:05:57.280000+00:00,B15
25208,2026-04-29 09:11:21.400000+00:00,B15
25209,2026-04-29 09:15:35.640000+00:00,B15
25210,2026-04-29 09:18:28.080000+00:00,B15
25211,2026-04-29 09:18:53.420000+00:00,B15
25212,2026-04-29 09:32:23.520000+00:00,B15
25214,2026-04-29 09:34:06.850000+00:00,B15
25215,2026-04-29 09:36:29.040000+00:00,B15
25216,2026-04-29 09:39:53.410000+00:00,B15
25217,2026-04-29 09:40:40.810000+00:00,B15
25218,2026-04-29 09:51:01.520000+00:00,B15
25220,2026-04-29 09:53:40.400000+00:00,B15
25221,2026-04-29 10:00:50.630000+00:00,B15
25222,2026-04-29 10:13:07.720000+00:00,B15
25223,2026-04-29 10:17:28.630000+00:00,B15
25224,2026-04-29 10:23:26.660000+00:00,B15
25225,2026-04-29 10:32:05.690000+00:00,B15
25226,2026-04-29 10:33:58.850000+00:00,B15
25227,2026-04-29 10:38:38.910000+00:00,B15
25229,2026-04-29 10:43:21.390000+00:00,B15
25230,2026-04-29 10:47:30.220000+00:00,B15
25231,2026-04-29 10:51:50.160000+00:00,B15
25232,2026-04-29 10:56:33.860000+00:00,B15
25233,2026-04-29 11:12:37.210000+00:00,B15
25234,2026-04-29 11:21:50.790000+00:00,B15
25236,2026-04-29 11:58:25.420000+00:00,B15
25237,2026-04-29 12:02:15.600000+00:00,B15
25239,2026-04-29 12:07:48.400000+00:00,B15
25240,2026-04-29 12:14:12.610000+00:00,B15
25242,2026-04-29 12:21:39.820000+00:00,B15
25243,2026-04-29 12:25:19.250000+00:00,B15
25244,2026-04-29 12:26:37.250000+00:00,B15
25245,2026-04-29 12:31:35.440000+00:00,B15
25247,2026-04-29 12:37:44.140000+00:00,B15
25248,2026-04-29 12:39:43.070000+00:00,B15
25249,2026-04-29 12:45:48.310000+00:00,B15
25253,2026-04-29 13:24:09.750000+00:00,B15
25254,2026-04-29 13:24:50.040000+00:00,B15
25257,2026-04-29 13:47:21.680000+00:00,B15
25259,2026-04-29 13:57:54.410000+00:00,B15
25260,2026-04-29 14:00:24.130000+00:00,B15
25262,2026-04-29 14:13:40.020000+00:00,B15
25263,2026-04-29 14:21:05.090000+00:00,B15
25264,2026-04-29 14:27:19.900000+00:00,B15
25266,2026-04-29 14:41:34.130000+00:00,B15
25267,2026-04-29 14:50:53.940000+00:00,B15
25268,2026-04-29 14:57:08.910000+00:00,B15
25269,2026-04-29 15:01:10.250000+00:00,B15
25270,2026-04-29 15:09:28.450000+00:00,B15
25271,2026-04-29 15:16:21.390000+00:00,B15
25273,2026-04-29 15:19:22.240000+00:00,B15
25277,2026-04-29 15:41:58.340000+00:00,B15
25278,2026-04-29 15:53:32.640000+00:00,B15
25281,2026-04-29 16:08:36.950000+00:00,B15
25282,2026-04-29 16:15:42.920000+00:00,B15
25283,2026-04-29 16:20:21+00:00,B15
25284,2026-04-29 16:21:47.910000+00:00,B15
25285,2026-04-29 16:22:31.240000+00:00,B15
25286,2026-04-29 16:29:22.640000+00:00,B15
25288,2026-04-29 16:48:24.930000+00:00,B15
25289,2026-04-29 16:51:28.530000+00:00,B15
25290,2026-04-29 16:58:41.030000+00:00,B15
25292,2026-04-29 17:04:16.280000+00:00,B15
25293,2026-04-29 17:06:13.680000+00:00,B15
25294,2026-04-29 17:18:33.160000+00:00,B15
25295,2026-04-29 17:30:58.340000+00:00,B15
25297,2026-04-29 17:40:47.760000+00:00,B15
25298,2026-04-29 17:42:19.480000+00:00,B15
25299,2026-04-29 17:46:27.480000+00:00,B15
25300,2026-04-29 17:48:20.660000+00:00,B15
25303,2026-04-29 18:13:05.600000+00:00,B15
25304,2026-04-29 18:15:20.640000+00:00,B15
25306,2026-04-29 18:41:01.120000+00:00,B15
25309,2026-04-29 18:55:38.460000+00:00,B15
25310,2026-04-29 19:06:15.280000+00:00,B15
25311,2026-04-29 19:11:14.960000+00:00,B15
25314,2026-04-29 19:36:16.880000+00:00,B15
25315,2026-04-29 19:38:25.880000+00:00,B15
25317,2026-04-29 19:43:56.680000+00:00,B15
25318,2026-04-29 19:44:34.120000+00:00,B15
25320,2026-04-29 20:01:33.760000+00:00,B15
25321,2026-04-29 20:02:17.720000+00:00,B15
25322,2026-04-29 20:21:38.920000+00:00,B15
25325,2026-04-29 20:31:25.560000+00:00,B15
25328,2026-04-29 21:03:29.760000+00:00,B15
25330,2026-04-29 21:11:20.760000+00:00,B15
25334,2026-04-29 21:58:31.700000+00:00,B15
25336,2026-04-29 22:38:57.200000+00:00,B15
25337,2026-04-29 22:44:31.840000+00:00,B15
25338,2026-04-29 22:47:31.100000+00:00,B15
25339,2026-04-29 22:55:51.800000+00:00,B15
25340,2026-04-29 23:01:03+00:00,B15
25341,2026-04-29 23:11:17.960000+00:00,B15
25342,2026-04-29 23:12:11+00:00,B15
25344,2026-04-29 23:17:37.200000+00:00,B15
25346,2026-04-29 23:29:05.240000+00:00,B15
25349,2026-04-29 23:57:11.760000+00:00,B15
25350,2026-04-30 00:11:40.120000+00:00,B15
25351,2026-04-30 00:13:13.110000+00:00,B15
25352,2026-04-30 00:16:35.100000+00:00,B15
25356,2026-04-30 00:38:13.170000+00:00,B15
25357,2026-04-30 00:42:39.870000+00:00,B15
25359,2026-04-30 00:54:07.780000+00:00,B15
25360,2026-04-30 00:55:28.650000+00:00,B15
25361,2026-04-30 00:58:17.660000+00:00,B15
25362,2026-04-30 01:19:41+00:00,B15
25363,2026-04-30 01:41:59.700000+00:00,B15
25364,2026-04-30 01:49:20.120000+00:00,B15
25365,2026-04-30 01:50:35.670000+00:00,B15
25366,2026-04-30 01:53:27.800000+00:00,B15
25367,2026-04-30 01:57:49.890000+00:00,B15
25368,2026-04-30 02:00:06.150000+00:00,B15
25369,2026-04-30 02:01:15.500000+00:00,B15
25370,2026-04-30 02:02:42.840000+00:00,B15
25371,2026-04-30 02:08:18.540000+00:00,B15
25376,2026-04-30 02:41:15.720000+00:00,B15
25377,2026-04-30 02:47:11.340000+00:00,B15
25378,2026-04-30 02:48:17.570000+00:00,B15
25379,2026-04-30 02:58:24.850000+00:00,B15
25381,2026-04-30 03:23:42.520000+00:00,B15
25382,2026-04-30 03:25:38.640000+00:00,B15
25383,2026-04-30 03:27:50.430000+00:00,B15
25385,2026-04-30 03:40:57.920000+00:00,B15
25386,2026-04-30 03:46:12.330000+00:00,B15
25387,2026-04-30 03:53:47.040000+00:00,B15
25389,2026-04-30 04:04:30.490000+00:00,B15
25392,2026-04-30 04:11:31.490000+00:00,B15
25393,2026-04-30 04:12:12.400000+00:00,B15
25394,2026-04-30 04:12:55.400000+00:00,B15
25396,2026-04-30 04:18:41.770000+00:00,B15
25397,2026-04-30 04:22:30.380000+00:00,B15
25398,2026-04-30 04:25:13.070000+00:00,B15
25399,2026-04-30 04:39:01.170000+00:00,B15
25400,2026-04-30 04:44:24.330000+00:00,B15
25401,2026-04-30 04:45:55.120000+00:00,B15
25402,2026-04-30 05:06:43.230000+00:00,B15
25403,2026-04-30 05:13:58.900000+00:00,B15
25404,2026-04-30 05:16:02.600000+00:00,B15
25405,2026-04-30 05:17:43.330000+00:00,B15
25406,2026-04-30 05:18:59.210000+00:00,B15
25407,2026-04-30 05:27:53.540000+00:00,B15
25408,2026-04-30 05:37:29.970000+00:00,B15
25409,2026-04-30 05:40:28.150000+00:00,B15
25411,2026-04-30 05:47:10.940000+00:00,B15
25412,2026-04-30 05:54:41.920000+00:00,B15
25413,2026-04-30 06:16:26.920000+00:00,B15
25414,2026-04-30 06:22:19.560000+00:00,B15
25415,2026-04-30 06:37:32.210000+00:00,B15
25416,2026-04-30 06:38:46.630000+00:00,B15
25417,2026-04-30 06:56:04.070000+00:00,B15
25418,2026-04-30 07:08:15.890000+00:00,B15
25419,2026-04-30 08:22:27.890000+00:00,B15
25420,2026-04-30 08:43:13.850000+00:00,B15
25421,2026-04-30 08:48:36.810000+00:00,B15
25422,2026-04-30 08:51:12.070000+00:00,B15
25423,2026-04-30 08:51:32.710000+00:00,B15
25424,2026-04-30 08:57:06.330000+00:00,B15
25425,2026-04-30 08:57:42.610000+00:00,B15
25426,2026-04-30 08:58:26.400000+00:00,B15
25427,2026-04-30 09:01:38.020000+00:00,B15
25428,2026-04-30 09:03:14.050000+00:00,B15
25429,2026-04-30 09:03:58.590000+00:00,B15
25430,2026-04-30 09:16:21.050000+00:00,B15
25432,2026-04-30 09:31:39.850000+00:00,B15
25433,2026-04-30 09:33:07.150000+00:00,B15
25434,2026-04-30 09:39:59.080000+00:00,B15
25437,2026-04-30 09:55:14.050000+00:00,B15
25438,2026-04-30 09:56:56.410000+00:00,B15
25440,2026-04-30 10:01:37.730000+00:00,B15
25441,2026-04-30 10:31:00.100000+00:00,B15
25442,2026-04-30 10:34:05.970000+00:00,B15
25443,2026-04-30 10:38:16.730000+00:00,B15
25444,2026-04-30 10:45:21.230000+00:00,B15
25447,2026-04-30 11:00:02.060000+00:00,B15
25448,2026-04-30 11:05:06.930000+00:00,B15
25449,2026-04-30 11:07:14.330000+00:00,B15
25450,2026-04-30 11:07:32.210000+00:00,B15
25452,2026-04-30 11:21:50.260000+00:00,B15
25453,2026-04-30 11:26:34.490000+00:00,B15
25454,2026-04-30 11:32:02.020000+00:00,B15
25458,2026-04-30 11:49:52.160000+00:00,B15
25459,2026-04-30 11:59:06.520000+00:00,B15
25460,2026-04-30 12:04:32.140000+00:00,B15
25463,2026-04-30 12:23:43.550000+00:00,B15
25465,2026-04-30 12:41:18.870000+00:00,B15
25466,2026-04-30 12:42:49.750000+00:00,B15
25467,2026-04-30 12:43:16.820000+00:00,B15
25468,2026-04-30 12:54:08.880000+00:00,B15
25469,2026-04-30 13:03:21.190000+00:00,B15
25470,2026-04-30 13:15:40.080000+00:00,B15
25471,2026-04-30 13:23:46+00:00,B15
25472,2026-04-30 13:45:42.600000+00:00,B15
25475,2026-04-30 13:56:13.940000+00:00,B15
25478,2026-04-30 14:27:01.770000+00:00,B15
25479,2026-04-30 14:36:44.460000+00:00,B15
25480,2026-04-30 14:38:24.520000+00:00,B15
25481,2026-04-30 14:52:40.750000+00:00,B15
25482,2026-04-30 14:56:44.830000+00:00,B15
25483,2026-04-30 14:59:32.570000+00:00,B15
25485,2026-04-30 15:08:22.040000+00:00,B15
25487,2026-04-30 15:11:41.750000+00:00,B15
25488,2026-04-30 15:12:06.700000+00:00,B15
25489,2026-04-30 15:18:14.560000+00:00,B15
25490,2026-04-30 15:21:57.480000+00:00,B15
25492,2026-04-30 15:34:29.640000+00:00,B15
25493,2026-04-30 15:35:16.020000+00:00,B15
25494,2026-04-30 15:37:20.480000+00:00,B15
25497,2026-04-30 15:47:33.440000+00:00,B15
25498,2026-04-30 15:48:14.960000+00:00,B15
25507,2026-04-30 16:28:26.250000+00:00,B15
25509,2026-04-30 16:33:30.850000+00:00,B15
25510,2026-04-30 16:34:30.210000+00:00,B15
25511,2026-04-30 16:38:43.910000+00:00,B15
25512,2026-04-30 16:41:24.690000+00:00,B15
25513,2026-04-30 16:42:17.150000+00:00,B15
25514,2026-04-30 16:50:47.610000+00:00,B15
25516,2026-04-30 17:05:46.260000+00:00,B15
25519,2026-04-30 17:11:53.680000+00:00,B15
25522,2026-04-30 17:21:08.800000+00:00,B15
25525,2026-04-30 17:43:04.620000+00:00,B15
25526,2026-04-30 17:45:16.860000+00:00,B15
25527,2026-04-30 17:53:50.280000+00:00,B15
25529,2026-04-30 18:02:39.520000+00:00,B15
25530,2026-04-30 18:03:51.920000+00:00,B15
25532,2026-04-30 18:08:10.720000+00:00,B15
25533,2026-04-30 18:10:32.340000+00:00,B15
25534,2026-04-30 18:13:21.200000+00:00,B15
25539,2026-04-30 18:29:13.880000+00:00,B15
25541,2026-04-30 18:34:35.120000+00:00,B15
25544,2026-04-30 19:32:00.840000+00:00,B15
25546,2026-04-30 20:05:27.160000+00:00,B15
25547,2026-04-30 20:06:13.880000+00:00,B15
25548,2026-04-30 20:19:10.440000+00:00,B15
25549,2026-04-30 20:30:13.500000+00:00,B15
25550,2026-04-30 20:38:38.960000+00:00,B15
25552,2026-04-30 21:07:23.560000+00:00,B15
25554,2026-04-30 21:22:04.020000+00:00,B15
25555,2026-04-30 21:31:51.800000+00:00,B15
25556,2026-04-30 21:32:52.560000+00:00,B15
25557,2026-04-30 21:40:08.140000+00:00,B15
25559,2026-04-30 21:42:16.920000+00:00,B15
25560,2026-04-30 21:43:00.680000+00:00,B15
25561,2026-04-30 21:53:38.480000+00:00,B15
25563,2026-04-30 22:02:35.920000+00:00,B15
25564,2026-04-30 22:06:59.520000+00:00,B15
25565,2026-04-30 22:23:13.960000+00:00,B15
25566,2026-04-30 22:47:20.920000+00:00,B15
25569,2026-04-30 23:04:17.060000+00:00,B15
25570,2026-04-30 23:04:47.600000+00:00,B15
25572,2026-04-30 23:25:43.480000+00:00,B15
25573,2026-04-30 23:29:19.840000+00:00,B15
25575,2026-04-30 23:36:11.520000+00:00,B15
25576,2026-04-30 23:44:05.640000+00:00,B15
25578,2026-04-30 23:56:12.680000+00:00,B15
25580,2026-04-30 23:59:40.760000+00:00,B15
25581,2026-05-01 00:51:47.410000+00:00,B15
25583,2026-05-01 00:56:00.800000+00:00,B15
25585,2026-05-01 01:16:32.080000+00:00,B15
25589,2026-05-01 01:37:30.780000+00:00,B15
25590,2026-05-01 01:49:36.580000+00:00,B15
25591,2026-05-01 01:51:26.830000+00:00,B15
25593,2026-05-01 01:55:43.290000+00:00,B15
25594,2026-05-01 02:25:08.520000+00:00,B15
25595,2026-05-01 02:29:35.670000+00:00,B15
25596,2026-05-01 02:35:52.110000+00:00,B15
25597,2026-05-01 02:40:34.550000+00:00,B15
25598,2026-05-01 02:56:58.600000+00:00,B15
25599,2026-05-01 03:01:51.240000+00:00,B15
25600,2026-05-01 03:08:07.310000+00:00,B15
25601,2026-05-01 03:12:09.010000+00:00,B15
25604,2026-05-01 04:21:32.960000+00:00,B15
25609,2026-05-01 05:37:33.110000+00:00,B15
25610,2026-05-01 05:39:14.750000+00:00,B15
25611,2026-05-01 05:41:00.790000+00:00,B15
25617,2026-05-01 07:51:16.670000+00:00,B15
25618,2026-05-01 07:53:20.980000+00:00,B15
25619,2026-05-01 08:33:01.410000+00:00,B15
25620,2026-05-01 08:35:10.050000+00:00,B15
25621,2026-05-01 08:40:05.550000+00:00,B15
25622,2026-05-01 08:40:43.870000+00:00,B15
25623,2026-05-01 09:01:23.240000+00:00,B15
25624,2026-05-01 09:11:40.690000+00:00,B15
25625,2026-05-01 09:19:27.930000+00:00,B15
25626,2026-05-01 09:24:53.320000+00:00,B15
25627,2026-05-01 09:26:23.830000+00:00,B15
25628,2026-05-01 10:12:04.450000+00:00,B15
25629,2026-05-01 10:16:48.560000+00:00,B15
25630,2026-05-01 10:35:29.760000+00:00,B15
25631,2026-05-01 11:38:12.880000+00:00,B15
25633,2026-05-01 11:58:54.170000+00:00,B15
25634,2026-05-01 12:00:34.750000+00:00,B15
25635,2026-05-01 12:09:07.650000+00:00,B15
25636,2026-05-01 12:23:40.610000+00:00,B15
25637,2026-05-01 12:36:02.060000+00:00,B15
25638,2026-05-01 12:41:24.160000+00:00,B15
25639,2026-05-01 13:06:38.770000+00:00,B15
25640,2026-05-01 13:26:20.920000+00:00,B15
25642,2026-05-01 13:36:06.350000+00:00,B15
25643,2026-05-01 13:36:12.660000+00:00,B15
25644,2026-05-01 13:38:42.750000+00:00,B15
25645,2026-05-01 13:46:43.220000+00:00,B15
25646,2026-05-01 14:44:22.450000+00:00,B15
