mainshock,radius_km,time_window_days,depth_strategy,mag_threshold,metric,value
M1,30.0,7.0,all,,n_total,1926.0
M1,30.0,7.0,all,,rate_ratio,2.8043478260869565
M1,30.0,7.0,all,,post_omori_p,
M1,30.0,7.0,all,1.2,n_total,1862.0
M1,30.0,7.0,all,1.2,rate_ratio,2.8851774530271395
M1,30.0,7.0,all,1.2,post_omori_p,
M1,30.0,7.0,all,1.5,n_total,1593.0
M1,30.0,7.0,all,1.5,rate_ratio,3.2911051212938003
M1,30.0,7.0,all,1.5,post_omori_p,
M1,30.0,7.0,all,2.0,n_total,869.0
M1,30.0,7.0,all,2.0,rate_ratio,3.9885057471264367
M1,30.0,7.0,all,2.0,post_omori_p,
M1,30.0,7.0,all,2.5,n_total,449.0
M1,30.0,7.0,all,2.5,rate_ratio,3.525252525252525
M1,30.0,7.0,all,2.5,post_omori_p,
M1,30.0,7.0,mainshock_window,,n_total,1926.0
M1,30.0,7.0,mainshock_window,,rate_ratio,2.8043478260869565
M1,30.0,7.0,mainshock_window,,post_omori_p,
M1,30.0,7.0,mainshock_window,1.2,n_total,1862.0
M1,30.0,7.0,mainshock_window,1.2,rate_ratio,2.8851774530271395
M1,30.0,7.0,mainshock_window,1.2,post_omori_p,
M1,30.0,7.0,mainshock_window,1.5,n_total,1593.0
M1,30.0,7.0,mainshock_window,1.5,rate_ratio,3.2911051212938003
M1,30.0,7.0,mainshock_window,1.5,post_omori_p,
M1,30.0,7.0,mainshock_window,2.0,n_total,869.0
M1,30.0,7.0,mainshock_window,2.0,rate_ratio,3.9885057471264367
M1,30.0,7.0,mainshock_window,2.0,post_omori_p,
M1,30.0,7.0,mainshock_window,2.5,n_total,449.0
M1,30.0,7.0,mainshock_window,2.5,rate_ratio,3.525252525252525
M1,30.0,7.0,mainshock_window,2.5,post_omori_p,
M1,30.0,7.0,stratified,,n_total,1923.0
M1,30.0,7.0,stratified,,rate_ratio,2.798418972332016
M1,30.0,7.0,stratified,,post_omori_p,
M1,30.0,7.0,stratified,1.2,n_total,1859.0
M1,30.0,7.0,stratified,1.2,rate_ratio,2.8789144050104385
M1,30.0,7.0,stratified,1.2,post_omori_p,
M1,30.0,7.0,stratified,1.5,n_total,1590.0
M1,30.0,7.0,stratified,1.5,rate_ratio,3.2830188679245285
M1,30.0,7.0,stratified,1.5,post_omori_p,
M1,30.0,7.0,stratified,2.0,n_total,867.0
M1,30.0,7.0,stratified,2.0,rate_ratio,3.977011494252874
M1,30.0,7.0,stratified,2.0,post_omori_p,
M1,30.0,7.0,stratified,2.5,n_total,449.0
M1,30.0,7.0,stratified,2.5,rate_ratio,3.525252525252525
M1,30.0,7.0,stratified,2.5,post_omori_p,
M1,30.0,30.0,all,,n_total,2591.0
M1,30.0,30.0,all,,rate_ratio,3.990366088631984
M1,30.0,30.0,all,,post_omori_p,0.6035498463481743
M1,30.0,30.0,all,1.2,n_total,2495.0
M1,30.0,30.0,all,1.2,rate_ratio,4.069105691056911
M1,30.0,30.0,all,1.2,post_omori_p,0.614059930112035
M1,30.0,30.0,all,1.5,n_total,2060.0
M1,30.0,30.0,all,1.5,rate_ratio,4.404199475065616
M1,30.0,30.0,all,1.5,post_omori_p,0.6696377594670564
M1,30.0,30.0,all,2.0,n_total,1042.0
M1,30.0,30.0,all,2.0,rate_ratio,4.783333333333333
M1,30.0,30.0,all,2.0,post_omori_p,0.8523939478044064
M1,30.0,30.0,all,2.5,n_total,515.0
M1,30.0,30.0,all,2.5,rate_ratio,4.03921568627451
M1,30.0,30.0,all,2.5,post_omori_p,0.996357449739344
M1,30.0,30.0,mainshock_window,,n_total,2591.0
M1,30.0,30.0,mainshock_window,,rate_ratio,3.990366088631984
M1,30.0,30.0,mainshock_window,,post_omori_p,0.6035498463481743
M1,30.0,30.0,mainshock_window,1.2,n_total,2495.0
M1,30.0,30.0,mainshock_window,1.2,rate_ratio,4.069105691056911
M1,30.0,30.0,mainshock_window,1.2,post_omori_p,0.614059930112035
M1,30.0,30.0,mainshock_window,1.5,n_total,2060.0
M1,30.0,30.0,mainshock_window,1.5,rate_ratio,4.404199475065616
M1,30.0,30.0,mainshock_window,1.5,post_omori_p,0.6696377594670564
M1,30.0,30.0,mainshock_window,2.0,n_total,1042.0
M1,30.0,30.0,mainshock_window,2.0,rate_ratio,4.783333333333333
M1,30.0,30.0,mainshock_window,2.0,post_omori_p,0.8523939478044064
M1,30.0,30.0,mainshock_window,2.5,n_total,515.0
M1,30.0,30.0,mainshock_window,2.5,rate_ratio,4.03921568627451
M1,30.0,30.0,mainshock_window,2.5,post_omori_p,0.996357449739344
M1,30.0,30.0,stratified,,n_total,2586.0
M1,30.0,30.0,stratified,,rate_ratio,3.980732177263969
M1,30.0,30.0,stratified,,post_omori_p,0.6035601864929089
M1,30.0,30.0,stratified,1.2,n_total,2490.0
M1,30.0,30.0,stratified,1.2,rate_ratio,4.058943089430894
M1,30.0,30.0,stratified,1.2,post_omori_p,0.6140914887403828
M1,30.0,30.0,stratified,1.5,n_total,2056.0
M1,30.0,30.0,stratified,1.5,rate_ratio,4.393700787401575
M1,30.0,30.0,stratified,1.5,post_omori_p,0.6695024298308427
M1,30.0,30.0,stratified,2.0,n_total,1040.0
M1,30.0,30.0,stratified,2.0,rate_ratio,4.772222222222222
M1,30.0,30.0,stratified,2.0,post_omori_p,0.8518837975032474
M1,30.0,30.0,stratified,2.5,n_total,515.0
M1,30.0,30.0,stratified,2.5,rate_ratio,4.03921568627451
M1,30.0,30.0,stratified,2.5,post_omori_p,0.996357449739344
M1,30.0,60.0,all,,n_total,2882.0
M1,30.0,60.0,all,,rate_ratio,4.305709023941068
M1,30.0,60.0,all,,post_omori_p,0.6604643338043101
M1,30.0,60.0,all,1.2,n_total,2769.0
M1,30.0,60.0,all,1.2,rate_ratio,4.40625
M1,30.0,60.0,all,1.2,post_omori_p,0.6702358640119311
M1,30.0,60.0,all,1.5,n_total,2261.0
M1,30.0,60.0,all,1.5,rate_ratio,4.76530612244898
M1,30.0,60.0,all,1.5,post_omori_p,0.7225814613581448
M1,30.0,60.0,all,2.0,n_total,1121.0
M1,30.0,60.0,all,2.0,rate_ratio,5.021505376344086
M1,30.0,60.0,all,2.0,post_omori_p,0.886481161475677
M1,30.0,60.0,all,2.5,n_total,553.0
M1,30.0,60.0,all,2.5,rate_ratio,4.111111111111112
M1,30.0,60.0,all,2.5,post_omori_p,1.0035838657424858
M1,30.0,60.0,mainshock_window,,n_total,2882.0
M1,30.0,60.0,mainshock_window,,rate_ratio,4.305709023941068
M1,30.0,60.0,mainshock_window,,post_omori_p,0.6604643338043101
M1,30.0,60.0,mainshock_window,1.2,n_total,2769.0
M1,30.0,60.0,mainshock_window,1.2,rate_ratio,4.40625
M1,30.0,60.0,mainshock_window,1.2,post_omori_p,0.6702358640119311
M1,30.0,60.0,mainshock_window,1.5,n_total,2261.0
M1,30.0,60.0,mainshock_window,1.5,rate_ratio,4.76530612244898
M1,30.0,60.0,mainshock_window,1.5,post_omori_p,0.7225814613581448
M1,30.0,60.0,mainshock_window,2.0,n_total,1121.0
M1,30.0,60.0,mainshock_window,2.0,rate_ratio,5.021505376344086
M1,30.0,60.0,mainshock_window,2.0,post_omori_p,0.886481161475677
M1,30.0,60.0,mainshock_window,2.5,n_total,553.0
M1,30.0,60.0,mainshock_window,2.5,rate_ratio,4.111111111111112
M1,30.0,60.0,mainshock_window,2.5,post_omori_p,1.0035838657424858
M1,30.0,60.0,stratified,,n_total,2877.0
M1,30.0,60.0,stratified,,rate_ratio,4.296500920810312
M1,30.0,60.0,stratified,,post_omori_p,0.6602128046373527
M1,30.0,60.0,stratified,1.2,n_total,2764.0
M1,30.0,60.0,stratified,1.2,rate_ratio,4.396484375
M1,30.0,60.0,stratified,1.2,post_omori_p,0.6699957797454514
M1,30.0,60.0,stratified,1.5,n_total,2257.0
M1,30.0,60.0,stratified,1.5,rate_ratio,4.755102040816326
M1,30.0,60.0,stratified,1.5,post_omori_p,0.7222298010348742
M1,30.0,60.0,stratified,2.0,n_total,1119.0
M1,30.0,60.0,stratified,2.0,rate_ratio,5.010752688172043
M1,30.0,60.0,stratified,2.0,post_omori_p,0.8859031208633504
M1,30.0,60.0,stratified,2.5,n_total,553.0
M1,30.0,60.0,stratified,2.5,rate_ratio,4.111111111111112
M1,30.0,60.0,stratified,2.5,post_omori_p,1.0035838657424858
M1,30.0,90.0,all,,n_total,3060.0
M1,30.0,90.0,all,,rate_ratio,4.443060498220641
M1,30.0,90.0,all,,post_omori_p,0.6909388674323492
M1,30.0,90.0,all,1.2,n_total,2935.0
M1,30.0,90.0,all,1.2,rate_ratio,4.556818181818183
M1,30.0,90.0,all,1.2,post_omori_p,0.700128791568374
M1,30.0,90.0,all,1.5,n_total,2382.0
M1,30.0,90.0,all,1.5,rate_ratio,4.952500000000001
M1,30.0,90.0,all,1.5,post_omori_p,0.7501667797695244
M1,30.0,90.0,all,2.0,n_total,1166.0
M1,30.0,90.0,all,2.0,rate_ratio,5.196808510638298
M1,30.0,90.0,all,2.0,post_omori_p,0.902029067370246
M1,30.0,90.0,all,2.5,n_total,566.0
M1,30.0,90.0,all,2.5,rate_ratio,4.231481481481482
M1,30.0,90.0,all,2.5,post_omori_p,1.0144073929088848
M1,30.0,90.0,mainshock_window,,n_total,3057.0
M1,30.0,90.0,mainshock_window,,rate_ratio,4.457142857142857
M1,30.0,90.0,mainshock_window,,post_omori_p,0.6911460336892028
M1,30.0,90.0,mainshock_window,1.2,n_total,2933.0
M1,30.0,90.0,mainshock_window,1.2,rate_ratio,4.574144486692016
M1,30.0,90.0,mainshock_window,1.2,post_omori_p,0.700128791568374
M1,30.0,90.0,mainshock_window,1.5,n_total,2381.0
M1,30.0,90.0,mainshock_window,1.5,rate_ratio,4.964912280701754
M1,30.0,90.0,mainshock_window,1.5,post_omori_p,0.7501667797695244
M1,30.0,90.0,mainshock_window,2.0,n_total,1166.0
M1,30.0,90.0,mainshock_window,2.0,rate_ratio,5.196808510638298
M1,30.0,90.0,mainshock_window,2.0,post_omori_p,0.902029067370246
M1,30.0,90.0,mainshock_window,2.5,n_total,566.0
M1,30.0,90.0,mainshock_window,2.5,rate_ratio,4.231481481481482
M1,30.0,90.0,mainshock_window,2.5,post_omori_p,1.0144073929088848
M1,30.0,90.0,stratified,,n_total,3052.0
M1,30.0,90.0,stratified,,rate_ratio,4.448214285714285
M1,30.0,90.0,stratified,,post_omori_p,0.6909067911940292
M1,30.0,90.0,stratified,1.2,n_total,2928.0
M1,30.0,90.0,stratified,1.2,rate_ratio,4.564638783269962
M1,30.0,90.0,stratified,1.2,post_omori_p,0.6998971737934533
M1,30.0,90.0,stratified,1.5,n_total,2377.0
M1,30.0,90.0,stratified,1.5,rate_ratio,4.954887218045112
M1,30.0,90.0,stratified,1.5,post_omori_p,0.7498589773345948
M1,30.0,90.0,stratified,2.0,n_total,1164.0
M1,30.0,90.0,stratified,2.0,rate_ratio,5.1861702127659575
M1,30.0,90.0,stratified,2.0,post_omori_p,0.9015133335497424
M1,30.0,90.0,stratified,2.5,n_total,566.0
M1,30.0,90.0,stratified,2.5,rate_ratio,4.231481481481482
M1,30.0,90.0,stratified,2.5,post_omori_p,1.0144073929088848
M1,44.0,7.0,all,,n_total,2233.0
M1,44.0,7.0,all,,rate_ratio,3.3850687622789786
M1,44.0,7.0,all,,post_omori_p,
M1,44.0,7.0,all,1.2,n_total,2161.0
M1,44.0,7.0,all,1.2,rate_ratio,3.490644490644491
M1,44.0,7.0,all,1.2,post_omori_p,
M1,44.0,7.0,all,1.5,n_total,1844.0
M1,44.0,7.0,all,1.5,rate_ratio,3.941018766756032
M1,44.0,7.0,all,1.5,post_omori_p,
M1,44.0,7.0,all,2.0,n_total,991.0
M1,44.0,7.0,all,2.0,rate_ratio,4.6571428571428575
M1,44.0,7.0,all,2.0,post_omori_p,
M1,44.0,7.0,all,2.5,n_total,505.0
M1,44.0,7.0,all,2.5,rate_ratio,4.090909090909091
M1,44.0,7.0,all,2.5,post_omori_p,
M1,44.0,7.0,mainshock_window,,n_total,2233.0
M1,44.0,7.0,mainshock_window,,rate_ratio,3.3850687622789786
M1,44.0,7.0,mainshock_window,,post_omori_p,
M1,44.0,7.0,mainshock_window,1.2,n_total,2161.0
M1,44.0,7.0,mainshock_window,1.2,rate_ratio,3.490644490644491
M1,44.0,7.0,mainshock_window,1.2,post_omori_p,
M1,44.0,7.0,mainshock_window,1.5,n_total,1844.0
M1,44.0,7.0,mainshock_window,1.5,rate_ratio,3.941018766756032
M1,44.0,7.0,mainshock_window,1.5,post_omori_p,
M1,44.0,7.0,mainshock_window,2.0,n_total,991.0
M1,44.0,7.0,mainshock_window,2.0,rate_ratio,4.6571428571428575
M1,44.0,7.0,mainshock_window,2.0,post_omori_p,
M1,44.0,7.0,mainshock_window,2.5,n_total,505.0
M1,44.0,7.0,mainshock_window,2.5,rate_ratio,4.090909090909091
M1,44.0,7.0,mainshock_window,2.5,post_omori_p,
M1,44.0,7.0,stratified,,n_total,2230.0
M1,44.0,7.0,stratified,,rate_ratio,3.37917485265226
M1,44.0,7.0,stratified,,post_omori_p,
M1,44.0,7.0,stratified,1.2,n_total,2158.0
M1,44.0,7.0,stratified,1.2,rate_ratio,3.4844074844074844
M1,44.0,7.0,stratified,1.2,post_omori_p,
M1,44.0,7.0,stratified,1.5,n_total,1841.0
M1,44.0,7.0,stratified,1.5,rate_ratio,3.932975871313673
M1,44.0,7.0,stratified,1.5,post_omori_p,
M1,44.0,7.0,stratified,2.0,n_total,989.0
M1,44.0,7.0,stratified,2.0,rate_ratio,4.645714285714286
M1,44.0,7.0,stratified,2.0,post_omori_p,
M1,44.0,7.0,stratified,2.5,n_total,505.0
M1,44.0,7.0,stratified,2.5,rate_ratio,4.090909090909091
M1,44.0,7.0,stratified,2.5,post_omori_p,
M1,44.0,30.0,all,,n_total,3156.0
M1,44.0,30.0,all,,rate_ratio,4.842592592592593
M1,44.0,30.0,all,,post_omori_p,0.5527774596276611
M1,44.0,30.0,all,1.2,n_total,3034.0
M1,44.0,30.0,all,1.2,rate_ratio,4.947058823529411
M1,44.0,30.0,all,1.2,post_omori_p,0.5637167183010661
M1,44.0,30.0,all,1.5,n_total,2478.0
M1,44.0,30.0,all,1.5,rate_ratio,5.302798982188295
M1,44.0,30.0,all,1.5,post_omori_p,0.6222250489426768
M1,44.0,30.0,all,2.0,n_total,1232.0
M1,44.0,30.0,all,2.0,rate_ratio,5.654054054054054
M1,44.0,30.0,all,2.0,post_omori_p,0.79996670307667
M1,44.0,30.0,all,2.5,n_total,603.0
M1,44.0,30.0,all,2.5,rate_ratio,4.788461538461538
M1,44.0,30.0,all,2.5,post_omori_p,0.9371683554401729
M1,44.0,30.0,mainshock_window,,n_total,3156.0
M1,44.0,30.0,mainshock_window,,rate_ratio,4.842592592592593
M1,44.0,30.0,mainshock_window,,post_omori_p,0.5527774596276611
M1,44.0,30.0,mainshock_window,1.2,n_total,3034.0
M1,44.0,30.0,mainshock_window,1.2,rate_ratio,4.947058823529411
M1,44.0,30.0,mainshock_window,1.2,post_omori_p,0.5637167183010661
M1,44.0,30.0,mainshock_window,1.5,n_total,2478.0
M1,44.0,30.0,mainshock_window,1.5,rate_ratio,5.302798982188295
M1,44.0,30.0,mainshock_window,1.5,post_omori_p,0.6222250489426768
M1,44.0,30.0,mainshock_window,2.0,n_total,1232.0
M1,44.0,30.0,mainshock_window,2.0,rate_ratio,5.654054054054054
M1,44.0,30.0,mainshock_window,2.0,post_omori_p,0.79996670307667
M1,44.0,30.0,mainshock_window,2.5,n_total,603.0
M1,44.0,30.0,mainshock_window,2.5,rate_ratio,4.788461538461538
M1,44.0,30.0,mainshock_window,2.5,post_omori_p,0.9371683554401729
M1,44.0,30.0,stratified,,n_total,3151.0
M1,44.0,30.0,stratified,,rate_ratio,4.833333333333333
M1,44.0,30.0,stratified,,post_omori_p,0.5527624341990771
M1,44.0,30.0,stratified,1.2,n_total,3029.0
M1,44.0,30.0,stratified,1.2,rate_ratio,4.9372549019607845
M1,44.0,30.0,stratified,1.2,post_omori_p,0.5637190339779432
M1,44.0,30.0,stratified,1.5,n_total,2474.0
M1,44.0,30.0,stratified,1.5,rate_ratio,5.2926208651399484
M1,44.0,30.0,stratified,1.5,post_omori_p,0.6220857281894149
M1,44.0,30.0,stratified,2.0,n_total,1230.0
M1,44.0,30.0,stratified,2.0,rate_ratio,5.643243243243242
M1,44.0,30.0,stratified,2.0,post_omori_p,0.7995357319774887
M1,44.0,30.0,stratified,2.5,n_total,603.0
M1,44.0,30.0,stratified,2.5,rate_ratio,4.788461538461538
M1,44.0,30.0,stratified,2.5,post_omori_p,0.9371683554401729
M1,44.0,60.0,all,,n_total,3544.0
M1,44.0,60.0,all,,rate_ratio,5.259717314487633
M1,44.0,60.0,all,,post_omori_p,0.6131688210497458
M1,44.0,60.0,all,1.2,n_total,3388.0
M1,44.0,60.0,all,1.2,rate_ratio,5.366541353383458
M1,44.0,60.0,all,1.2,post_omori_p,0.6254928642231095
M1,44.0,60.0,all,1.5,n_total,2731.0
M1,44.0,60.0,all,1.5,rate_ratio,5.7407407407407405
M1,44.0,60.0,all,1.5,post_omori_p,0.6816750237783888
M1,44.0,60.0,all,2.0,n_total,1323.0
M1,44.0,60.0,all,2.0,rate_ratio,5.921465968586388
M1,44.0,60.0,all,2.0,post_omori_p,0.8461358952853218
M1,44.0,60.0,all,2.5,n_total,644.0
M1,44.0,60.0,all,2.5,rate_ratio,4.845454545454546
M1,44.0,60.0,all,2.5,post_omori_p,0.961146296102104
M1,44.0,60.0,mainshock_window,,n_total,3544.0
M1,44.0,60.0,mainshock_window,,rate_ratio,5.259717314487633
M1,44.0,60.0,mainshock_window,,post_omori_p,0.6131688210497458
M1,44.0,60.0,mainshock_window,1.2,n_total,3388.0
M1,44.0,60.0,mainshock_window,1.2,rate_ratio,5.366541353383458
M1,44.0,60.0,mainshock_window,1.2,post_omori_p,0.6254928642231095
M1,44.0,60.0,mainshock_window,1.5,n_total,2731.0
M1,44.0,60.0,mainshock_window,1.5,rate_ratio,5.7407407407407405
M1,44.0,60.0,mainshock_window,1.5,post_omori_p,0.6816750237783888
M1,44.0,60.0,mainshock_window,2.0,n_total,1323.0
M1,44.0,60.0,mainshock_window,2.0,rate_ratio,5.921465968586388
M1,44.0,60.0,mainshock_window,2.0,post_omori_p,0.8461358952853218
M1,44.0,60.0,mainshock_window,2.5,n_total,644.0
M1,44.0,60.0,mainshock_window,2.5,rate_ratio,4.845454545454546
M1,44.0,60.0,mainshock_window,2.5,post_omori_p,0.961146296102104
M1,44.0,60.0,stratified,,n_total,3539.0
M1,44.0,60.0,stratified,,rate_ratio,5.250883392226148
M1,44.0,60.0,stratified,,post_omori_p,0.6129322680584737
M1,44.0,60.0,stratified,1.2,n_total,3383.0
M1,44.0,60.0,stratified,1.2,rate_ratio,5.357142857142857
M1,44.0,60.0,stratified,1.2,post_omori_p,0.6252670530500625
M1,44.0,60.0,stratified,1.5,n_total,2727.0
M1,44.0,60.0,stratified,1.5,rate_ratio,5.730864197530864
M1,44.0,60.0,stratified,1.5,post_omori_p,0.6813629535471485
M1,44.0,60.0,stratified,2.0,n_total,1321.0
M1,44.0,60.0,stratified,2.0,rate_ratio,5.910994764397906
M1,44.0,60.0,stratified,2.0,post_omori_p,0.8456268853950176
M1,44.0,60.0,stratified,2.5,n_total,644.0
M1,44.0,60.0,stratified,2.5,rate_ratio,4.845454545454546
M1,44.0,60.0,stratified,2.5,post_omori_p,0.961146296102104
M1,44.0,90.0,all,,n_total,3788.0
M1,44.0,90.0,all,,rate_ratio,5.290697674418604
M1,44.0,90.0,all,,post_omori_p,0.6469814243137311
M1,44.0,90.0,all,1.2,n_total,3604.0
M1,44.0,90.0,all,1.2,rate_ratio,5.468581687612208
M1,44.0,90.0,all,1.2,post_omori_p,0.6592297905123108
M1,44.0,90.0,all,1.5,n_total,2885.0
M1,44.0,90.0,all,1.5,rate_ratio,5.883054892601431
M1,44.0,90.0,all,1.5,post_omori_p,0.7130903293938352
M1,44.0,90.0,all,2.0,n_total,1384.0
M1,44.0,90.0,all,2.0,rate_ratio,5.984848484848484
M1,44.0,90.0,all,2.0,post_omori_p,0.864871311026077
M1,44.0,90.0,all,2.5,n_total,663.0
M1,44.0,90.0,all,2.5,rate_ratio,4.963963963963963
M1,44.0,90.0,all,2.5,post_omori_p,0.9763863024978722
M1,44.0,90.0,mainshock_window,,n_total,3785.0
M1,44.0,90.0,mainshock_window,,rate_ratio,5.306666666666667
M1,44.0,90.0,mainshock_window,,post_omori_p,0.6471358570638953
M1,44.0,90.0,mainshock_window,1.2,n_total,3602.0
M1,44.0,90.0,mainshock_window,1.2,rate_ratio,5.488288288288287
M1,44.0,90.0,mainshock_window,1.2,post_omori_p,0.6592297905123108
M1,44.0,90.0,mainshock_window,1.5,n_total,2884.0
M1,44.0,90.0,mainshock_window,1.5,rate_ratio,5.897129186602871
M1,44.0,90.0,mainshock_window,1.5,post_omori_p,0.7130903293938352
M1,44.0,90.0,mainshock_window,2.0,n_total,1384.0
M1,44.0,90.0,mainshock_window,2.0,rate_ratio,5.984848484848484
M1,44.0,90.0,mainshock_window,2.0,post_omori_p,0.864871311026077
M1,44.0,90.0,mainshock_window,2.5,n_total,663.0
M1,44.0,90.0,mainshock_window,2.5,rate_ratio,4.963963963963963
M1,44.0,90.0,mainshock_window,2.5,post_omori_p,0.9763863024978722
M1,44.0,90.0,stratified,,n_total,3780.0
M1,44.0,90.0,stratified,,rate_ratio,5.298333333333333
M1,44.0,90.0,stratified,,post_omori_p,0.6468892443571843
M1,44.0,90.0,stratified,1.2,n_total,3597.0
M1,44.0,90.0,stratified,1.2,rate_ratio,5.47927927927928
M1,44.0,90.0,stratified,1.2,post_omori_p,0.6589887419009068
M1,44.0,90.0,stratified,1.5,n_total,2880.0
M1,44.0,90.0,stratified,1.5,rate_ratio,5.88755980861244
M1,44.0,90.0,stratified,1.5,post_omori_p,0.7127775421972771
M1,44.0,90.0,stratified,2.0,n_total,1382.0
M1,44.0,90.0,stratified,2.0,rate_ratio,5.974747474747474
M1,44.0,90.0,stratified,2.0,post_omori_p,0.864426235215579
M1,44.0,90.0,stratified,2.5,n_total,663.0
M1,44.0,90.0,stratified,2.5,rate_ratio,4.963963963963963
M1,44.0,90.0,stratified,2.5,post_omori_p,0.9763863024978722
M1,50.0,7.0,all,,n_total,2259.0
M1,50.0,7.0,all,,rate_ratio,3.41015625
M1,50.0,7.0,all,,post_omori_p,
M1,50.0,7.0,all,1.2,n_total,2187.0
M1,50.0,7.0,all,1.2,rate_ratio,3.5165289256198347
M1,50.0,7.0,all,1.2,post_omori_p,
M1,50.0,7.0,all,1.5,n_total,1867.0
M1,50.0,7.0,all,1.5,rate_ratio,3.9627659574468086
M1,50.0,7.0,all,1.5,post_omori_p,
M1,50.0,7.0,all,2.0,n_total,1000.0
M1,50.0,7.0,all,2.0,rate_ratio,4.6440677966101696
M1,50.0,7.0,all,2.0,post_omori_p,
M1,50.0,7.0,all,2.5,n_total,509.0
M1,50.0,7.0,all,2.5,rate_ratio,4.08
M1,50.0,7.0,all,2.5,post_omori_p,
M1,50.0,7.0,mainshock_window,,n_total,2259.0
M1,50.0,7.0,mainshock_window,,rate_ratio,3.41015625
M1,50.0,7.0,mainshock_window,,post_omori_p,
M1,50.0,7.0,mainshock_window,1.2,n_total,2187.0
M1,50.0,7.0,mainshock_window,1.2,rate_ratio,3.5165289256198347
M1,50.0,7.0,mainshock_window,1.2,post_omori_p,
M1,50.0,7.0,mainshock_window,1.5,n_total,1867.0
M1,50.0,7.0,mainshock_window,1.5,rate_ratio,3.9627659574468086
M1,50.0,7.0,mainshock_window,1.5,post_omori_p,
M1,50.0,7.0,mainshock_window,2.0,n_total,1000.0
M1,50.0,7.0,mainshock_window,2.0,rate_ratio,4.6440677966101696
M1,50.0,7.0,mainshock_window,2.0,post_omori_p,
M1,50.0,7.0,mainshock_window,2.5,n_total,509.0
M1,50.0,7.0,mainshock_window,2.5,rate_ratio,4.08
M1,50.0,7.0,mainshock_window,2.5,post_omori_p,
M1,50.0,7.0,stratified,,n_total,2256.0
M1,50.0,7.0,stratified,,rate_ratio,3.404296875
M1,50.0,7.0,stratified,,post_omori_p,
M1,50.0,7.0,stratified,1.2,n_total,2184.0
M1,50.0,7.0,stratified,1.2,rate_ratio,3.510330578512397
M1,50.0,7.0,stratified,1.2,post_omori_p,
M1,50.0,7.0,stratified,1.5,n_total,1864.0
M1,50.0,7.0,stratified,1.5,rate_ratio,3.954787234042553
M1,50.0,7.0,stratified,1.5,post_omori_p,
M1,50.0,7.0,stratified,2.0,n_total,998.0
M1,50.0,7.0,stratified,2.0,rate_ratio,4.632768361581921
M1,50.0,7.0,stratified,2.0,post_omori_p,
M1,50.0,7.0,stratified,2.5,n_total,509.0
M1,50.0,7.0,stratified,2.5,rate_ratio,4.08
M1,50.0,7.0,stratified,2.5,post_omori_p,
M1,50.0,30.0,all,,n_total,3261.0
M1,50.0,30.0,all,,rate_ratio,5.003683241252301
M1,50.0,30.0,all,,post_omori_p,0.5423577260596635
M1,50.0,30.0,all,1.2,n_total,3135.0
M1,50.0,30.0,all,1.2,rate_ratio,5.109161793372319
M1,50.0,30.0,all,1.2,post_omori_p,0.5532873506731576
M1,50.0,30.0,all,1.5,n_total,2558.0
M1,50.0,30.0,all,1.5,rate_ratio,5.457070707070708
M1,50.0,30.0,all,1.5,post_omori_p,0.6114404977773245
M1,50.0,30.0,all,2.0,n_total,1272.0
M1,50.0,30.0,all,2.0,rate_ratio,5.796791443850268
M1,50.0,30.0,all,2.0,post_omori_p,0.7863223483930932
M1,50.0,30.0,all,2.5,n_total,620.0
M1,50.0,30.0,all,2.5,rate_ratio,4.895238095238095
M1,50.0,30.0,all,2.5,post_omori_p,0.9225462574496396
M1,50.0,30.0,mainshock_window,,n_total,3261.0
M1,50.0,30.0,mainshock_window,,rate_ratio,5.003683241252301
M1,50.0,30.0,mainshock_window,,post_omori_p,0.5423577260596635
M1,50.0,30.0,mainshock_window,1.2,n_total,3135.0
M1,50.0,30.0,mainshock_window,1.2,rate_ratio,5.109161793372319
M1,50.0,30.0,mainshock_window,1.2,post_omori_p,0.5532873506731576
M1,50.0,30.0,mainshock_window,1.5,n_total,2558.0
M1,50.0,30.0,mainshock_window,1.5,rate_ratio,5.457070707070708
M1,50.0,30.0,mainshock_window,1.5,post_omori_p,0.6114404977773245
M1,50.0,30.0,mainshock_window,2.0,n_total,1272.0
M1,50.0,30.0,mainshock_window,2.0,rate_ratio,5.796791443850268
M1,50.0,30.0,mainshock_window,2.0,post_omori_p,0.7863223483930932
M1,50.0,30.0,mainshock_window,2.5,n_total,620.0
M1,50.0,30.0,mainshock_window,2.5,rate_ratio,4.895238095238095
M1,50.0,30.0,mainshock_window,2.5,post_omori_p,0.9225462574496396
M1,50.0,30.0,stratified,,n_total,3256.0
M1,50.0,30.0,stratified,,rate_ratio,4.994475138121547
M1,50.0,30.0,stratified,,post_omori_p,0.5423351814680845
M1,50.0,30.0,stratified,1.2,n_total,3130.0
M1,50.0,30.0,stratified,1.2,rate_ratio,5.099415204678363
M1,50.0,30.0,stratified,1.2,post_omori_p,0.5532813573376275
M1,50.0,30.0,stratified,1.5,n_total,2554.0
M1,50.0,30.0,stratified,1.5,rate_ratio,5.446969696969698
M1,50.0,30.0,stratified,1.5,post_omori_p,0.6112994416959976
M1,50.0,30.0,stratified,2.0,n_total,1270.0
M1,50.0,30.0,stratified,2.0,rate_ratio,5.786096256684492
M1,50.0,30.0,stratified,2.0,post_omori_p,0.7858913772939119
M1,50.0,30.0,stratified,2.5,n_total,620.0
M1,50.0,30.0,stratified,2.5,rate_ratio,4.895238095238095
M1,50.0,30.0,stratified,2.5,post_omori_p,0.9225462574496396
M1,50.0,60.0,all,,n_total,3666.0
M1,50.0,60.0,all,,rate_ratio,5.429824561403509
M1,50.0,60.0,all,,post_omori_p,0.6034731248427403
M1,50.0,60.0,all,1.2,n_total,3505.0
M1,50.0,60.0,all,1.2,rate_ratio,5.537313432835821
M1,50.0,60.0,all,1.2,post_omori_p,0.615856023169904
M1,50.0,60.0,all,1.5,n_total,2823.0
M1,50.0,60.0,all,1.5,rate_ratio,5.899755501222495
M1,50.0,60.0,all,1.5,post_omori_p,0.6719237039229105
M1,50.0,60.0,all,2.0,n_total,1371.0
M1,50.0,60.0,all,2.0,rate_ratio,6.098445595854923
M1,50.0,60.0,all,2.0,post_omori_p,0.8323313106841254
M1,50.0,60.0,all,2.5,n_total,666.0
M1,50.0,60.0,all,2.5,rate_ratio,4.990990990990991
M1,50.0,60.0,all,2.5,post_omori_p,0.9453910010625804
M1,50.0,60.0,mainshock_window,,n_total,3666.0
M1,50.0,60.0,mainshock_window,,rate_ratio,5.429824561403509
M1,50.0,60.0,mainshock_window,,post_omori_p,0.6034731248427403
M1,50.0,60.0,mainshock_window,1.2,n_total,3505.0
M1,50.0,60.0,mainshock_window,1.2,rate_ratio,5.537313432835821
M1,50.0,60.0,mainshock_window,1.2,post_omori_p,0.615856023169904
M1,50.0,60.0,mainshock_window,1.5,n_total,2823.0
M1,50.0,60.0,mainshock_window,1.5,rate_ratio,5.899755501222495
M1,50.0,60.0,mainshock_window,1.5,post_omori_p,0.6719237039229105
M1,50.0,60.0,mainshock_window,2.0,n_total,1371.0
M1,50.0,60.0,mainshock_window,2.0,rate_ratio,6.098445595854923
M1,50.0,60.0,mainshock_window,2.0,post_omori_p,0.8323313106841254
M1,50.0,60.0,mainshock_window,2.5,n_total,666.0
M1,50.0,60.0,mainshock_window,2.5,rate_ratio,4.990990990990991
M1,50.0,60.0,mainshock_window,2.5,post_omori_p,0.9453910010625804
M1,50.0,60.0,stratified,,n_total,3661.0
M1,50.0,60.0,stratified,,rate_ratio,5.421052631578948
M1,50.0,60.0,stratified,,post_omori_p,0.6032305963870328
M1,50.0,60.0,stratified,1.2,n_total,3500.0
M1,50.0,60.0,stratified,1.2,rate_ratio,5.527985074626866
M1,50.0,60.0,stratified,1.2,post_omori_p,0.6156235392223295
M1,50.0,60.0,stratified,1.5,n_total,2819.0
M1,50.0,60.0,stratified,1.5,rate_ratio,5.88997555012225
M1,50.0,60.0,stratified,1.5,post_omori_p,0.6716083963389726
M1,50.0,60.0,stratified,2.0,n_total,1369.0
M1,50.0,60.0,stratified,2.0,rate_ratio,6.088082901554404
M1,50.0,60.0,stratified,2.0,post_omori_p,0.8318223007938211
M1,50.0,60.0,stratified,2.5,n_total,666.0
M1,50.0,60.0,stratified,2.5,rate_ratio,4.990990990990991
M1,50.0,60.0,stratified,2.5,post_omori_p,0.9453910010625804
M1,50.0,90.0,all,,n_total,3923.0
M1,50.0,90.0,all,,rate_ratio,5.408496732026144
M1,50.0,90.0,all,,post_omori_p,0.6383674259945586
M1,50.0,90.0,all,1.2,n_total,3732.0
M1,50.0,90.0,all,1.2,rate_ratio,5.591872791519434
M1,50.0,90.0,all,1.2,post_omori_p,0.6506887935310146
M1,50.0,90.0,all,1.5,n_total,2985.0
M1,50.0,90.0,all,1.5,rate_ratio,6.004694835680751
M1,50.0,90.0,all,1.5,post_omori_p,0.7043124577187002
M1,50.0,90.0,all,2.0,n_total,1435.0
M1,50.0,90.0,all,2.0,rate_ratio,6.134328358208955
M1,50.0,90.0,all,2.0,post_omori_p,0.8524750363506597
M1,50.0,90.0,all,2.5,n_total,688.0
M1,50.0,90.0,all,2.5,rate_ratio,5.079646017699115
M1,50.0,90.0,all,2.5,post_omori_p,0.9602515326712056
M1,50.0,90.0,mainshock_window,,n_total,3920.0
M1,50.0,90.0,mainshock_window,,rate_ratio,5.424590163934426
M1,50.0,90.0,mainshock_window,,post_omori_p,0.6385164400286308
M1,50.0,90.0,mainshock_window,1.2,n_total,3730.0
M1,50.0,90.0,mainshock_window,1.2,rate_ratio,5.611702127659574
M1,50.0,90.0,mainshock_window,1.2,post_omori_p,0.6506887935310146
M1,50.0,90.0,mainshock_window,1.5,n_total,2984.0
M1,50.0,90.0,mainshock_window,1.5,rate_ratio,6.0188235294117645
M1,50.0,90.0,mainshock_window,1.5,post_omori_p,0.7043124577187002
M1,50.0,90.0,mainshock_window,2.0,n_total,1435.0
M1,50.0,90.0,mainshock_window,2.0,rate_ratio,6.134328358208955
M1,50.0,90.0,mainshock_window,2.0,post_omori_p,0.8524750363506597
M1,50.0,90.0,mainshock_window,2.5,n_total,688.0
M1,50.0,90.0,mainshock_window,2.5,rate_ratio,5.079646017699115
M1,50.0,90.0,mainshock_window,2.5,post_omori_p,0.9602515326712056
M1,50.0,90.0,stratified,,n_total,3915.0
M1,50.0,90.0,stratified,,rate_ratio,5.41639344262295
M1,50.0,90.0,stratified,,post_omori_p,0.6382561139227793
M1,50.0,90.0,stratified,1.2,n_total,3725.0
M1,50.0,90.0,stratified,1.2,rate_ratio,5.602836879432624
M1,50.0,90.0,stratified,1.2,post_omori_p,0.6504332434360084
M1,50.0,90.0,stratified,1.5,n_total,2980.0
M1,50.0,90.0,stratified,1.5,rate_ratio,6.009411764705882
M1,50.0,90.0,stratified,1.5,post_omori_p,0.7039840670320983
M1,50.0,90.0,stratified,2.0,n_total,1433.0
M1,50.0,90.0,stratified,2.0,rate_ratio,6.124378109452736
M1,50.0,90.0,stratified,2.0,post_omori_p,0.8520299605401612
M1,50.0,90.0,stratified,2.5,n_total,688.0
M1,50.0,90.0,stratified,2.5,rate_ratio,5.079646017699115
M1,50.0,90.0,stratified,2.5,post_omori_p,0.9602515326712056
M1,80.0,7.0,all,,n_total,2328.0
M1,80.0,7.0,all,,rate_ratio,3.30925925925926
M1,80.0,7.0,all,,post_omori_p,
M1,80.0,7.0,all,1.2,n_total,2254.0
M1,80.0,7.0,all,1.2,rate_ratio,3.4003906250000004
M1,80.0,7.0,all,1.2,post_omori_p,
M1,80.0,7.0,all,1.5,n_total,1921.0
M1,80.0,7.0,all,1.5,rate_ratio,3.8
M1,80.0,7.0,all,1.5,post_omori_p,
M1,80.0,7.0,all,2.0,n_total,1030.0
M1,80.0,7.0,all,2.0,rate_ratio,4.359375
M1,80.0,7.0,all,2.0,post_omori_p,
M1,80.0,7.0,all,2.5,n_total,522.0
M1,80.0,7.0,all,2.5,rate_ratio,3.869158878504673
M1,80.0,7.0,all,2.5,post_omori_p,
M1,80.0,7.0,mainshock_window,,n_total,2328.0
M1,80.0,7.0,mainshock_window,,rate_ratio,3.30925925925926
M1,80.0,7.0,mainshock_window,,post_omori_p,
M1,80.0,7.0,mainshock_window,1.2,n_total,2254.0
M1,80.0,7.0,mainshock_window,1.2,rate_ratio,3.4003906250000004
M1,80.0,7.0,mainshock_window,1.2,post_omori_p,
M1,80.0,7.0,mainshock_window,1.5,n_total,1921.0
M1,80.0,7.0,mainshock_window,1.5,rate_ratio,3.8
M1,80.0,7.0,mainshock_window,1.5,post_omori_p,
M1,80.0,7.0,mainshock_window,2.0,n_total,1030.0
M1,80.0,7.0,mainshock_window,2.0,rate_ratio,4.359375
M1,80.0,7.0,mainshock_window,2.0,post_omori_p,
M1,80.0,7.0,mainshock_window,2.5,n_total,522.0
M1,80.0,7.0,mainshock_window,2.5,rate_ratio,3.869158878504673
M1,80.0,7.0,mainshock_window,2.5,post_omori_p,
M1,80.0,7.0,stratified,,n_total,2320.0
M1,80.0,7.0,stratified,,rate_ratio,3.302411873840445
M1,80.0,7.0,stratified,,post_omori_p,
M1,80.0,7.0,stratified,1.2,n_total,2246.0
M1,80.0,7.0,stratified,1.2,rate_ratio,3.393346379647749
M1,80.0,7.0,stratified,1.2,post_omori_p,
M1,80.0,7.0,stratified,1.5,n_total,1915.0
M1,80.0,7.0,stratified,1.5,rate_ratio,3.796992481203007
M1,80.0,7.0,stratified,1.5,post_omori_p,
M1,80.0,7.0,stratified,2.0,n_total,1026.0
M1,80.0,7.0,stratified,2.0,rate_ratio,4.338541666666667
M1,80.0,7.0,stratified,2.0,post_omori_p,
M1,80.0,7.0,stratified,2.5,n_total,522.0
M1,80.0,7.0,stratified,2.5,rate_ratio,3.869158878504673
M1,80.0,7.0,stratified,2.5,post_omori_p,
M1,80.0,30.0,all,,n_total,3483.0
M1,80.0,30.0,all,,rate_ratio,4.901694915254237
M1,80.0,30.0,all,,post_omori_p,0.5250732726308175
M1,80.0,30.0,all,1.2,n_total,3329.0
M1,80.0,30.0,all,1.2,rate_ratio,4.964157706093189
M1,80.0,30.0,all,1.2,post_omori_p,0.537731763338486
M1,80.0,30.0,all,1.5,n_total,2689.0
M1,80.0,30.0,all,1.5,rate_ratio,5.236658932714617
M1,80.0,30.0,all,1.5,post_omori_p,0.598435380605974
M1,80.0,30.0,all,2.0,n_total,1333.0
M1,80.0,30.0,all,2.0,rate_ratio,5.434782608695652
M1,80.0,30.0,all,2.0,post_omori_p,0.7726419699250568
M1,80.0,30.0,all,2.5,n_total,649.0
M1,80.0,30.0,all,2.5,rate_ratio,4.634782608695652
M1,80.0,30.0,all,2.5,post_omori_p,0.908107148247843
M1,80.0,30.0,mainshock_window,,n_total,3483.0
M1,80.0,30.0,mainshock_window,,rate_ratio,4.901694915254237
M1,80.0,30.0,mainshock_window,,post_omori_p,0.5250732726308175
M1,80.0,30.0,mainshock_window,1.2,n_total,3329.0
M1,80.0,30.0,mainshock_window,1.2,rate_ratio,4.964157706093189
M1,80.0,30.0,mainshock_window,1.2,post_omori_p,0.537731763338486
M1,80.0,30.0,mainshock_window,1.5,n_total,2689.0
M1,80.0,30.0,mainshock_window,1.5,rate_ratio,5.236658932714617
M1,80.0,30.0,mainshock_window,1.5,post_omori_p,0.598435380605974
M1,80.0,30.0,mainshock_window,2.0,n_total,1333.0
M1,80.0,30.0,mainshock_window,2.0,rate_ratio,5.434782608695652
M1,80.0,30.0,mainshock_window,2.0,post_omori_p,0.7726419699250568
M1,80.0,30.0,mainshock_window,2.5,n_total,649.0
M1,80.0,30.0,mainshock_window,2.5,rate_ratio,4.634782608695652
M1,80.0,30.0,mainshock_window,2.5,post_omori_p,0.908107148247843
M1,80.0,30.0,stratified,,n_total,3358.0
M1,80.0,30.0,stratified,,rate_ratio,4.748287671232878
M1,80.0,30.0,stratified,,post_omori_p,0.5373887652901262
M1,80.0,30.0,stratified,1.2,n_total,3229.0
M1,80.0,30.0,stratified,1.2,rate_ratio,4.837251356238698
M1,80.0,30.0,stratified,1.2,post_omori_p,0.5482376230494389
M1,80.0,30.0,stratified,1.5,n_total,2625.0
M1,80.0,30.0,stratified,1.5,rate_ratio,5.145199063231851
M1,80.0,30.0,stratified,1.5,post_omori_p,0.6072707710609693
M1,80.0,30.0,stratified,2.0,n_total,1305.0
M1,80.0,30.0,stratified,2.0,rate_ratio,5.360975609756098
M1,80.0,30.0,stratified,2.0,post_omori_p,0.7821416896885722
M1,80.0,30.0,stratified,2.5,n_total,636.0
M1,80.0,30.0,stratified,2.5,rate_ratio,4.619469026548672
M1,80.0,30.0,stratified,2.5,post_omori_p,0.9200146458211624
M1,80.0,60.0,all,,n_total,4009.0
M1,80.0,60.0,all,,rate_ratio,5.242990654205608
M1,80.0,60.0,all,,post_omori_p,0.579832890196906
M1,80.0,60.0,all,1.2,n_total,3792.0
M1,80.0,60.0,all,1.2,rate_ratio,5.29734219269103
M1,80.0,60.0,all,1.2,post_omori_p,0.5953505137896973
M1,80.0,60.0,all,1.5,n_total,3012.0
M1,80.0,60.0,all,1.5,rate_ratio,5.632158590308371
M1,80.0,60.0,all,1.5,post_omori_p,0.6537832957848513
M1,80.0,60.0,all,2.0,n_total,1454.0
M1,80.0,60.0,all,2.0,rate_ratio,5.726851851851852
M1,80.0,60.0,all,2.0,post_omori_p,0.8117872941560881
M1,80.0,60.0,all,2.5,n_total,705.0
M1,80.0,60.0,all,2.5,rate_ratio,4.818181818181818
M1,80.0,60.0,all,2.5,post_omori_p,0.9251031542580892
M1,80.0,60.0,mainshock_window,,n_total,4005.0
M1,80.0,60.0,mainshock_window,,rate_ratio,5.2562500000000005
M1,80.0,60.0,mainshock_window,,post_omori_p,0.580099503904977
M1,80.0,60.0,mainshock_window,1.2,n_total,3789.0
M1,80.0,60.0,mainshock_window,1.2,rate_ratio,5.302828618968386
M1,80.0,60.0,mainshock_window,1.2,post_omori_p,0.5956316462971172
M1,80.0,60.0,mainshock_window,1.5,n_total,3010.0
M1,80.0,60.0,mainshock_window,1.5,rate_ratio,5.627753303964759
M1,80.0,60.0,mainshock_window,1.5,post_omori_p,0.6541722628440605
M1,80.0,60.0,mainshock_window,2.0,n_total,1453.0
M1,80.0,60.0,mainshock_window,2.0,rate_ratio,5.722222222222222
M1,80.0,60.0,mainshock_window,2.0,post_omori_p,0.8122645180163188
M1,80.0,60.0,mainshock_window,2.5,n_total,704.0
M1,80.0,60.0,mainshock_window,2.5,rate_ratio,4.8099173553719
M1,80.0,60.0,mainshock_window,2.5,post_omori_p,0.9262634137908828
M1,80.0,60.0,stratified,,n_total,3789.0
M1,80.0,60.0,stratified,,rate_ratio,5.0608
M1,80.0,60.0,stratified,,post_omori_p,0.5987624496695824
M1,80.0,60.0,stratified,1.2,n_total,3625.0
M1,80.0,60.0,stratified,1.2,rate_ratio,5.142372881355932
M1,80.0,60.0,stratified,1.2,post_omori_p,0.6109825677838172
M1,80.0,60.0,stratified,1.5,n_total,2907.0
M1,80.0,60.0,stratified,1.5,rate_ratio,5.486607142857143
M1,80.0,60.0,stratified,1.5,post_omori_p,0.6674571950100431
M1,80.0,60.0,stratified,2.0,n_total,1407.0
M1,80.0,60.0,stratified,2.0,rate_ratio,5.60093896713615
M1,80.0,60.0,stratified,2.0,post_omori_p,0.8292751509513393
M1,80.0,60.0,stratified,2.5,n_total,682.0
M1,80.0,60.0,stratified,2.5,rate_ratio,4.722689075630252
M1,80.0,60.0,stratified,2.5,post_omori_p,0.944305090770488
M1,80.0,90.0,all,,n_total,4344.0
M1,80.0,90.0,all,,rate_ratio,5.125528913963328
M1,80.0,90.0,all,,post_omori_p,0.6114259739962981
M1,80.0,90.0,all,1.2,n_total,4073.0
M1,80.0,90.0,all,1.2,rate_ratio,5.293663060278207
M1,80.0,90.0,all,1.2,post_omori_p,0.6278388262483456
M1,80.0,90.0,all,1.5,n_total,3210.0
M1,80.0,90.0,all,1.5,rate_ratio,5.685416666666667
M1,80.0,90.0,all,1.5,post_omori_p,0.6836679794284075
M1,80.0,90.0,all,2.0,n_total,1535.0
M1,80.0,90.0,all,2.0,rate_ratio,5.757709251101322
M1,80.0,90.0,all,2.0,post_omori_p,0.8283630023037293
M1,80.0,90.0,all,2.5,n_total,738.0
M1,80.0,90.0,all,2.5,rate_ratio,4.896
M1,80.0,90.0,all,2.5,post_omori_p,0.9288991716604827
M1,80.0,90.0,mainshock_window,,n_total,4335.0
M1,80.0,90.0,mainshock_window,,rate_ratio,5.165007112375533
M1,80.0,90.0,mainshock_window,,post_omori_p,0.6117633064200166
M1,80.0,90.0,mainshock_window,1.2,n_total,4068.0
M1,80.0,90.0,mainshock_window,1.2,rate_ratio,5.315217391304348
M1,80.0,90.0,mainshock_window,1.2,post_omori_p,0.6280705282744421
M1,80.0,90.0,mainshock_window,1.5,n_total,3207.0
M1,80.0,90.0,mainshock_window,1.5,rate_ratio,5.693110647181629
M1,80.0,90.0,mainshock_window,1.5,post_omori_p,0.6839860039419285
M1,80.0,90.0,mainshock_window,2.0,n_total,1534.0
M1,80.0,90.0,mainshock_window,2.0,rate_ratio,5.753303964757709
M1,80.0,90.0,mainshock_window,2.0,post_omori_p,0.8287467326950071
M1,80.0,90.0,mainshock_window,2.5,n_total,737.0
M1,80.0,90.0,mainshock_window,2.5,rate_ratio,4.888
M1,80.0,90.0,mainshock_window,2.5,post_omori_p,0.9298193119983876
M1,80.0,90.0,stratified,,n_total,4079.0
M1,80.0,90.0,stratified,,rate_ratio,5.023633677991138
M1,80.0,90.0,stratified,,post_omori_p,0.6315661868954545
M1,80.0,90.0,stratified,1.2,n_total,3876.0
M1,80.0,90.0,stratified,1.2,rate_ratio,5.2
M1,80.0,90.0,stratified,1.2,post_omori_p,0.6441523723549633
M1,80.0,90.0,stratified,1.5,n_total,3086.0
M1,80.0,90.0,stratified,1.5,rate_ratio,5.577825159914712
M1,80.0,90.0,stratified,1.5,post_omori_p,0.698263784899861
M1,80.0,90.0,stratified,2.0,n_total,1480.0
M1,80.0,90.0,stratified,2.0,rate_ratio,5.662162162162162
M1,80.0,90.0,stratified,2.0,post_omori_p,0.8460616263187107
M1,80.0,90.0,stratified,2.5,n_total,710.0
M1,80.0,90.0,stratified,2.5,rate_ratio,4.859504132231405
M1,80.0,90.0,stratified,2.5,post_omori_p,0.9512458219141186
M1,100.0,7.0,all,,n_total,2364.0
M1,100.0,7.0,all,,rate_ratio,3.160211267605634
M1,100.0,7.0,all,,post_omori_p,
M1,100.0,7.0,all,1.2,n_total,2273.0
M1,100.0,7.0,all,1.2,rate_ratio,3.311195445920303
M1,100.0,7.0,all,1.2,post_omori_p,
M1,100.0,7.0,all,1.5,n_total,1935.0
M1,100.0,7.0,all,1.5,rate_ratio,3.705596107055961
M1,100.0,7.0,all,1.5,post_omori_p,
M1,100.0,7.0,all,2.0,n_total,1034.0
M1,100.0,7.0,all,2.0,rate_ratio,4.297435897435897
M1,100.0,7.0,all,2.0,post_omori_p,
M1,100.0,7.0,all,2.5,n_total,523.0
M1,100.0,7.0,all,2.5,rate_ratio,3.878504672897196
M1,100.0,7.0,all,2.5,post_omori_p,
M1,100.0,7.0,mainshock_window,,n_total,2361.0
M1,100.0,7.0,mainshock_window,,rate_ratio,3.162257495590829
M1,100.0,7.0,mainshock_window,,post_omori_p,
M1,100.0,7.0,mainshock_window,1.2,n_total,2273.0
M1,100.0,7.0,mainshock_window,1.2,rate_ratio,3.311195445920303
M1,100.0,7.0,mainshock_window,1.2,post_omori_p,
M1,100.0,7.0,mainshock_window,1.5,n_total,1935.0
M1,100.0,7.0,mainshock_window,1.5,rate_ratio,3.705596107055961
M1,100.0,7.0,mainshock_window,1.5,post_omori_p,
M1,100.0,7.0,mainshock_window,2.0,n_total,1034.0
M1,100.0,7.0,mainshock_window,2.0,rate_ratio,4.297435897435897
M1,100.0,7.0,mainshock_window,2.0,post_omori_p,
M1,100.0,7.0,mainshock_window,2.5,n_total,523.0
M1,100.0,7.0,mainshock_window,2.5,rate_ratio,3.878504672897196
M1,100.0,7.0,mainshock_window,2.5,post_omori_p,
M1,100.0,7.0,stratified,,n_total,2330.0
M1,100.0,7.0,stratified,,rate_ratio,3.2422586520947174
M1,100.0,7.0,stratified,,post_omori_p,
M1,100.0,7.0,stratified,1.2,n_total,2252.0
M1,100.0,7.0,stratified,1.2,rate_ratio,3.353965183752418
M1,100.0,7.0,stratified,1.2,post_omori_p,
M1,100.0,7.0,stratified,1.5,n_total,1920.0
M1,100.0,7.0,stratified,1.5,rate_ratio,3.75
M1,100.0,7.0,stratified,1.5,post_omori_p,
M1,100.0,7.0,stratified,2.0,n_total,1026.0
M1,100.0,7.0,stratified,2.0,rate_ratio,4.338541666666667
M1,100.0,7.0,stratified,2.0,post_omori_p,
M1,100.0,7.0,stratified,2.5,n_total,522.0
M1,100.0,7.0,stratified,2.5,rate_ratio,3.869158878504673
M1,100.0,7.0,stratified,2.5,post_omori_p,
M1,100.0,30.0,all,,n_total,3659.0
M1,100.0,30.0,all,,rate_ratio,4.500751879699248
M1,100.0,30.0,all,,post_omori_p,0.5175046091094406
M1,100.0,30.0,all,1.2,n_total,3456.0
M1,100.0,30.0,all,1.2,rate_ratio,4.701320132013201
M1,100.0,30.0,all,1.2,post_omori_p,0.5320866670645752
M1,100.0,30.0,all,1.5,n_total,2763.0
M1,100.0,30.0,all,1.5,rate_ratio,4.965442764578834
M1,100.0,30.0,all,1.5,post_omori_p,0.5956848000434816
M1,100.0,30.0,all,2.0,n_total,1361.0
M1,100.0,30.0,all,2.0,rate_ratio,5.181818181818182
M1,100.0,30.0,all,2.0,post_omori_p,0.7668482076055078
M1,100.0,30.0,all,2.5,n_total,660.0
M1,100.0,30.0,all,2.5,rate_ratio,4.632478632478633
M1,100.0,30.0,all,2.5,post_omori_p,0.9016672900581923
M1,100.0,30.0,mainshock_window,,n_total,3654.0
M1,100.0,30.0,mainshock_window,,rate_ratio,4.501506024096386
M1,100.0,30.0,mainshock_window,,post_omori_p,0.5179993993619543
M1,100.0,30.0,mainshock_window,1.2,n_total,3455.0
M1,100.0,30.0,mainshock_window,1.2,rate_ratio,4.6996699669967
M1,100.0,30.0,mainshock_window,1.2,post_omori_p,0.5322489792692106
M1,100.0,30.0,mainshock_window,1.5,n_total,2763.0
M1,100.0,30.0,mainshock_window,1.5,rate_ratio,4.965442764578834
M1,100.0,30.0,mainshock_window,1.5,post_omori_p,0.5956848000434816
M1,100.0,30.0,mainshock_window,2.0,n_total,1361.0
M1,100.0,30.0,mainshock_window,2.0,rate_ratio,5.181818181818182
M1,100.0,30.0,mainshock_window,2.0,post_omori_p,0.7668482076055078
M1,100.0,30.0,mainshock_window,2.5,n_total,660.0
M1,100.0,30.0,mainshock_window,2.5,rate_ratio,4.632478632478633
M1,100.0,30.0,mainshock_window,2.5,post_omori_p,0.9016672900581923
M1,100.0,30.0,stratified,,n_total,3403.0
M1,100.0,30.0,stratified,,rate_ratio,4.595394736842106
M1,100.0,30.0,stratified,,post_omori_p,0.5341602134104656
M1,100.0,30.0,stratified,1.2,n_total,3262.0
M1,100.0,30.0,stratified,1.2,rate_ratio,4.741197183098591
M1,100.0,30.0,stratified,1.2,post_omori_p,0.5452554553192028
M1,100.0,30.0,stratified,1.5,n_total,2647.0
M1,100.0,30.0,stratified,1.5,rate_ratio,5.041095890410959
M1,100.0,30.0,stratified,1.5,post_omori_p,0.604530371884301
M1,100.0,30.0,stratified,2.0,n_total,1312.0
M1,100.0,30.0,stratified,2.0,rate_ratio,5.242857142857143
M1,100.0,30.0,stratified,2.0,post_omori_p,0.7802130148190353
M1,100.0,30.0,stratified,2.5,n_total,637.0
M1,100.0,30.0,stratified,2.5,rate_ratio,4.578947368421052
M1,100.0,30.0,stratified,2.5,post_omori_p,0.9200146458211624
M1,100.0,60.0,all,,n_total,4402.0
M1,100.0,60.0,all,,rate_ratio,4.433333333333334
M1,100.0,60.0,all,,post_omori_p,0.5619624499522317
M1,100.0,60.0,all,1.2,n_total,4066.0
M1,100.0,60.0,all,1.2,rate_ratio,4.661559888579387
M1,100.0,60.0,all,1.2,post_omori_p,0.5814646804680059
M1,100.0,60.0,all,1.5,n_total,3172.0
M1,100.0,60.0,all,1.5,rate_ratio,5.063097514340344
M1,100.0,60.0,all,1.5,post_omori_p,0.6429940038190203
M1,100.0,60.0,all,2.0,n_total,1514.0
M1,100.0,60.0,all,2.0,rate_ratio,5.330543933054393
M1,100.0,60.0,all,2.0,post_omori_p,0.7970989159488485
M1,100.0,60.0,all,2.5,n_total,731.0
M1,100.0,60.0,all,2.5,rate_ratio,4.7936507936507935
M1,100.0,60.0,all,2.5,post_omori_p,0.9083792604257332
M1,100.0,60.0,mainshock_window,,n_total,4385.0
M1,100.0,60.0,mainshock_window,,rate_ratio,4.466334164588528
M1,100.0,60.0,mainshock_window,,post_omori_p,0.5628137145371401
M1,100.0,60.0,mainshock_window,1.2,n_total,4060.0
M1,100.0,60.0,mainshock_window,1.2,rate_ratio,4.668994413407821
M1,100.0,60.0,mainshock_window,1.2,post_omori_p,0.5819423736593611
M1,100.0,60.0,mainshock_window,1.5,n_total,3170.0
M1,100.0,60.0,mainshock_window,1.5,rate_ratio,5.059273422562142
M1,100.0,60.0,mainshock_window,1.5,post_omori_p,0.6433534282548953
M1,100.0,60.0,mainshock_window,2.0,n_total,1513.0
M1,100.0,60.0,mainshock_window,2.0,rate_ratio,5.3263598326359824
M1,100.0,60.0,mainshock_window,2.0,post_omori_p,0.7975324228623519
M1,100.0,60.0,mainshock_window,2.5,n_total,730.0
M1,100.0,60.0,mainshock_window,2.5,rate_ratio,4.785714285714286
M1,100.0,60.0,mainshock_window,2.5,post_omori_p,0.9094940076803408
M1,100.0,60.0,stratified,,n_total,3916.0
M1,100.0,60.0,stratified,,rate_ratio,4.75735294117647
M1,100.0,60.0,stratified,,post_omori_p,0.590266663110438
M1,100.0,60.0,stratified,1.2,n_total,3715.0
M1,100.0,60.0,stratified,1.2,rate_ratio,4.867298578199052
M1,100.0,60.0,stratified,1.2,post_omori_p,0.6041944461457172
M1,100.0,60.0,stratified,1.5,n_total,2968.0
M1,100.0,60.0,stratified,1.5,rate_ratio,5.2071129707112975
M1,100.0,60.0,stratified,1.5,post_omori_p,0.6609516604620399
M1,100.0,60.0,stratified,2.0,n_total,1422.0
M1,100.0,60.0,stratified,2.0,rate_ratio,5.429864253393665
M1,100.0,60.0,stratified,2.0,post_omori_p,0.824950053820193
M1,100.0,60.0,stratified,2.5,n_total,685.0
M1,100.0,60.0,stratified,2.5,rate_ratio,4.7
M1,100.0,60.0,stratified,2.5,post_omori_p,0.9411642512406576
M1,100.0,90.0,all,,n_total,4926.0
M1,100.0,90.0,all,,rate_ratio,4.025510204081633
M1,100.0,90.0,all,,post_omori_p,0.5878013440067181
M1,100.0,90.0,all,1.2,n_total,4442.0
M1,100.0,90.0,all,1.2,rate_ratio,4.516770186335403
M1,100.0,90.0,all,1.2,post_omori_p,0.6101041412445599
M1,100.0,90.0,all,1.5,n_total,3408.0
M1,100.0,90.0,all,1.5,rate_ratio,5.062277580071174
M1,100.0,90.0,all,1.5,post_omori_p,0.6704048724648805
M1,100.0,90.0,all,2.0,n_total,1607.0
M1,100.0,90.0,all,2.0,rate_ratio,5.2734375
M1,100.0,90.0,all,2.0,post_omori_p,0.8134737870144846
M1,100.0,90.0,all,2.5,n_total,771.0
M1,100.0,90.0,all,2.5,rate_ratio,4.789473684210526
M1,100.0,90.0,all,2.5,post_omori_p,0.910526467502146
M1,100.0,90.0,mainshock_window,,n_total,4894.0
M1,100.0,90.0,mainshock_window,,rate_ratio,4.059979317476732
M1,100.0,90.0,mainshock_window,,post_omori_p,0.5893390025141136
M1,100.0,90.0,mainshock_window,1.2,n_total,4432.0
M1,100.0,90.0,mainshock_window,1.2,rate_ratio,4.531835205992509
M1,100.0,90.0,mainshock_window,1.2,post_omori_p,0.6106844584149672
M1,100.0,90.0,mainshock_window,1.5,n_total,3404.0
M1,100.0,90.0,mainshock_window,1.5,rate_ratio,5.065953654188949
M1,100.0,90.0,mainshock_window,1.5,post_omori_p,0.6708397927853197
M1,100.0,90.0,mainshock_window,2.0,n_total,1605.0
M1,100.0,90.0,mainshock_window,2.0,rate_ratio,5.265625
M1,100.0,90.0,mainshock_window,2.0,post_omori_p,0.8142301958396058
M1,100.0,90.0,mainshock_window,2.5,n_total,769.0
M1,100.0,90.0,mainshock_window,2.5,rate_ratio,4.774436090225564
M1,100.0,90.0,mainshock_window,2.5,post_omori_p,0.9123592133528028
M1,100.0,90.0,stratified,,n_total,4234.0
M1,100.0,90.0,stratified,,rate_ratio,4.689516129032257
M1,100.0,90.0,stratified,,post_omori_p,0.621460290349182
M1,100.0,90.0,stratified,1.2,n_total,3987.0
M1,100.0,90.0,stratified,1.2,rate_ratio,4.896449704142012
M1,100.0,90.0,stratified,1.2,post_omori_p,0.6366016798413922
M1,100.0,90.0,stratified,1.5,n_total,3155.0
M1,100.0,90.0,stratified,1.5,rate_ratio,5.308
M1,100.0,90.0,stratified,1.5,post_omori_p,0.6914157843454193
M1,100.0,90.0,stratified,2.0,n_total,1497.0
M1,100.0,90.0,stratified,2.0,rate_ratio,5.476190476190475
M1,100.0,90.0,stratified,2.0,post_omori_p,0.8420054616018223
M1,100.0,90.0,stratified,2.5,n_total,715.0
M1,100.0,90.0,stratified,2.5,rate_ratio,4.804878048780488
M1,100.0,90.0,stratified,2.5,post_omori_p,0.9472228963626016
M2,30.0,7.0,all,,n_total,629.0
M2,30.0,7.0,all,,rate_ratio,124.6
M2,30.0,7.0,all,,post_omori_p,
M2,30.0,7.0,all,1.2,n_total,460.0
M2,30.0,7.0,all,1.2,rate_ratio,458.00000000000006
M2,30.0,7.0,all,1.2,post_omori_p,
M2,30.0,7.0,all,1.5,n_total,297.0
M2,30.0,7.0,all,1.5,rate_ratio,295.00000000000006
M2,30.0,7.0,all,1.5,post_omori_p,
M2,30.0,7.0,all,2.0,n_total,143.0
M2,30.0,7.0,all,2.0,rate_ratio,inf
M2,30.0,7.0,all,2.0,post_omori_p,
M2,30.0,7.0,all,2.5,n_total,62.0
M2,30.0,7.0,all,2.5,rate_ratio,inf
M2,30.0,7.0,all,2.5,post_omori_p,
M2,30.0,7.0,mainshock_window,,n_total,629.0
M2,30.0,7.0,mainshock_window,,rate_ratio,124.6
M2,30.0,7.0,mainshock_window,,post_omori_p,
M2,30.0,7.0,mainshock_window,1.2,n_total,460.0
M2,30.0,7.0,mainshock_window,1.2,rate_ratio,458.00000000000006
M2,30.0,7.0,mainshock_window,1.2,post_omori_p,
M2,30.0,7.0,mainshock_window,1.5,n_total,297.0
M2,30.0,7.0,mainshock_window,1.5,rate_ratio,295.00000000000006
M2,30.0,7.0,mainshock_window,1.5,post_omori_p,
M2,30.0,7.0,mainshock_window,2.0,n_total,143.0
M2,30.0,7.0,mainshock_window,2.0,rate_ratio,inf
M2,30.0,7.0,mainshock_window,2.0,post_omori_p,
M2,30.0,7.0,mainshock_window,2.5,n_total,62.0
M2,30.0,7.0,mainshock_window,2.5,rate_ratio,inf
M2,30.0,7.0,mainshock_window,2.5,post_omori_p,
M2,30.0,7.0,stratified,,n_total,273.0
M2,30.0,7.0,stratified,,rate_ratio,89.66666666666667
M2,30.0,7.0,stratified,,post_omori_p,
M2,30.0,7.0,stratified,1.2,n_total,200.0
M2,30.0,7.0,stratified,1.2,rate_ratio,inf
M2,30.0,7.0,stratified,1.2,post_omori_p,
M2,30.0,7.0,stratified,1.5,n_total,132.0
M2,30.0,7.0,stratified,1.5,rate_ratio,inf
M2,30.0,7.0,stratified,1.5,post_omori_p,
M2,30.0,7.0,stratified,2.0,n_total,65.0
M2,30.0,7.0,stratified,2.0,rate_ratio,inf
M2,30.0,7.0,stratified,2.0,post_omori_p,
M2,30.0,7.0,stratified,2.5,n_total,29.0
M2,30.0,7.0,stratified,2.5,rate_ratio,inf
M2,30.0,7.0,stratified,2.5,post_omori_p,
M2,30.0,30.0,all,,n_total,974.0
M2,30.0,30.0,all,,rate_ratio,18.07843137254902
M2,30.0,30.0,all,,post_omori_p,0.6731431988281806
M2,30.0,30.0,all,1.2,n_total,643.0
M2,30.0,30.0,all,1.2,rate_ratio,23.692307692307693
M2,30.0,30.0,all,1.2,post_omori_p,0.772438800417526
M2,30.0,30.0,all,1.5,n_total,402.0
M2,30.0,30.0,all,1.5,rate_ratio,25.73333333333333
M2,30.0,30.0,all,1.5,post_omori_p,0.8573264582722101
M2,30.0,30.0,all,2.0,n_total,194.0
M2,30.0,30.0,all,2.0,rate_ratio,31.166666666666664
M2,30.0,30.0,all,2.0,post_omori_p,0.9078665690709474
M2,30.0,30.0,all,2.5,n_total,85.0
M2,30.0,30.0,all,2.5,rate_ratio,41.0
M2,30.0,30.0,all,2.5,post_omori_p,0.9532760071536612
M2,30.0,30.0,mainshock_window,,n_total,974.0
M2,30.0,30.0,mainshock_window,,rate_ratio,18.07843137254902
M2,30.0,30.0,mainshock_window,,post_omori_p,0.6731431988281806
M2,30.0,30.0,mainshock_window,1.2,n_total,643.0
M2,30.0,30.0,mainshock_window,1.2,rate_ratio,23.692307692307693
M2,30.0,30.0,mainshock_window,1.2,post_omori_p,0.772438800417526
M2,30.0,30.0,mainshock_window,1.5,n_total,402.0
M2,30.0,30.0,mainshock_window,1.5,rate_ratio,25.73333333333333
M2,30.0,30.0,mainshock_window,1.5,post_omori_p,0.8573264582722101
M2,30.0,30.0,mainshock_window,2.0,n_total,194.0
M2,30.0,30.0,mainshock_window,2.0,rate_ratio,31.166666666666664
M2,30.0,30.0,mainshock_window,2.0,post_omori_p,0.9078665690709474
M2,30.0,30.0,mainshock_window,2.5,n_total,85.0
M2,30.0,30.0,mainshock_window,2.5,rate_ratio,41.0
M2,30.0,30.0,mainshock_window,2.5,post_omori_p,0.9532760071536612
M2,30.0,30.0,stratified,,n_total,439.0
M2,30.0,30.0,stratified,,rate_ratio,108.5
M2,30.0,30.0,stratified,,post_omori_p,0.6142961440365565
M2,30.0,30.0,stratified,1.2,n_total,290.0
M2,30.0,30.0,stratified,1.2,rate_ratio,288.0
M2,30.0,30.0,stratified,1.2,post_omori_p,0.7156198238950114
M2,30.0,30.0,stratified,1.5,n_total,186.0
M2,30.0,30.0,stratified,1.5,rate_ratio,inf
M2,30.0,30.0,stratified,1.5,post_omori_p,0.7753725128630308
M2,30.0,30.0,stratified,2.0,n_total,93.0
M2,30.0,30.0,stratified,2.0,rate_ratio,inf
M2,30.0,30.0,stratified,2.0,post_omori_p,0.7706986616905755
M2,30.0,30.0,stratified,2.5,n_total,40.0
M2,30.0,30.0,stratified,2.5,rate_ratio,inf
M2,30.0,30.0,stratified,2.5,post_omori_p,0.8477367157240906
M2,30.0,60.0,all,,n_total,1270.0
M2,30.0,60.0,all,,rate_ratio,22.5
M2,30.0,60.0,all,,post_omori_p,0.6783176035472063
M2,30.0,60.0,all,1.2,n_total,810.0
M2,30.0,60.0,all,1.2,rate_ratio,28.96296296296296
M2,30.0,60.0,all,1.2,post_omori_p,0.7745709130739937
M2,30.0,60.0,all,1.5,n_total,486.0
M2,30.0,60.0,all,1.5,rate_ratio,29.3125
M2,30.0,60.0,all,1.5,post_omori_p,0.8524654530040732
M2,30.0,60.0,all,2.0,n_total,231.0
M2,30.0,60.0,all,2.0,rate_ratio,37.33333333333333
M2,30.0,60.0,all,2.0,post_omori_p,0.8980164773264239
M2,30.0,60.0,all,2.5,n_total,99.0
M2,30.0,60.0,all,2.5,rate_ratio,48.0
M2,30.0,60.0,all,2.5,post_omori_p,0.855049178636916
M2,30.0,60.0,mainshock_window,,n_total,1270.0
M2,30.0,60.0,mainshock_window,,rate_ratio,22.5
M2,30.0,60.0,mainshock_window,,post_omori_p,0.6783176035472063
M2,30.0,60.0,mainshock_window,1.2,n_total,810.0
M2,30.0,60.0,mainshock_window,1.2,rate_ratio,28.96296296296296
M2,30.0,60.0,mainshock_window,1.2,post_omori_p,0.7745709130739937
M2,30.0,60.0,mainshock_window,1.5,n_total,486.0
M2,30.0,60.0,mainshock_window,1.5,rate_ratio,29.3125
M2,30.0,60.0,mainshock_window,1.5,post_omori_p,0.8524654530040732
M2,30.0,60.0,mainshock_window,2.0,n_total,231.0
M2,30.0,60.0,mainshock_window,2.0,rate_ratio,37.33333333333333
M2,30.0,60.0,mainshock_window,2.0,post_omori_p,0.8980164773264239
M2,30.0,60.0,mainshock_window,2.5,n_total,99.0
M2,30.0,60.0,mainshock_window,2.5,rate_ratio,48.0
M2,30.0,60.0,mainshock_window,2.5,post_omori_p,0.855049178636916
M2,30.0,60.0,stratified,,n_total,537.0
M2,30.0,60.0,stratified,,rate_ratio,88.33333333333333
M2,30.0,60.0,stratified,,post_omori_p,0.6473271472232389
M2,30.0,60.0,stratified,1.2,n_total,341.0
M2,30.0,60.0,stratified,1.2,rate_ratio,339.0
M2,30.0,60.0,stratified,1.2,post_omori_p,0.7479825075702312
M2,30.0,60.0,stratified,1.5,n_total,218.0
M2,30.0,60.0,stratified,1.5,rate_ratio,inf
M2,30.0,60.0,stratified,1.5,post_omori_p,0.7843846995192816
M2,30.0,60.0,stratified,2.0,n_total,114.0
M2,30.0,60.0,stratified,2.0,rate_ratio,inf
M2,30.0,60.0,stratified,2.0,post_omori_p,0.7372646873709694
M2,30.0,60.0,stratified,2.5,n_total,51.0
M2,30.0,60.0,stratified,2.5,rate_ratio,inf
M2,30.0,60.0,stratified,2.5,post_omori_p,0.813672344815004
M2,30.0,90.0,all,,n_total,1357.0
M2,30.0,90.0,all,,rate_ratio,22.789473684210527
M2,30.0,90.0,all,,post_omori_p,0.7022652452458049
M2,30.0,90.0,all,1.2,n_total,859.0
M2,30.0,90.0,all,1.2,rate_ratio,30.77777777777777
M2,30.0,90.0,all,1.2,post_omori_p,0.7922051889900128
M2,30.0,90.0,all,1.5,n_total,516.0
M2,30.0,90.0,all,1.5,rate_ratio,31.1875
M2,30.0,90.0,all,1.5,post_omori_p,0.8594351337275347
M2,30.0,90.0,all,2.0,n_total,242.0
M2,30.0,90.0,all,2.0,rate_ratio,39.16666666666667
M2,30.0,90.0,all,2.0,post_omori_p,0.9055252973128796
M2,30.0,90.0,all,2.5,n_total,105.0
M2,30.0,90.0,all,2.5,rate_ratio,51.0
M2,30.0,90.0,all,2.5,post_omori_p,0.8510438213499185
M2,30.0,90.0,mainshock_window,,n_total,1357.0
M2,30.0,90.0,mainshock_window,,rate_ratio,22.789473684210527
M2,30.0,90.0,mainshock_window,,post_omori_p,0.7022652452458049
M2,30.0,90.0,mainshock_window,1.2,n_total,859.0
M2,30.0,90.0,mainshock_window,1.2,rate_ratio,30.77777777777777
M2,30.0,90.0,mainshock_window,1.2,post_omori_p,0.7922051889900128
M2,30.0,90.0,mainshock_window,1.5,n_total,516.0
M2,30.0,90.0,mainshock_window,1.5,rate_ratio,31.1875
M2,30.0,90.0,mainshock_window,1.5,post_omori_p,0.8594351337275347
M2,30.0,90.0,mainshock_window,2.0,n_total,242.0
M2,30.0,90.0,mainshock_window,2.0,rate_ratio,39.16666666666667
M2,30.0,90.0,mainshock_window,2.0,post_omori_p,0.9055252973128796
M2,30.0,90.0,mainshock_window,2.5,n_total,105.0
M2,30.0,90.0,mainshock_window,2.5,rate_ratio,51.0
M2,30.0,90.0,mainshock_window,2.5,post_omori_p,0.8510438213499185
M2,30.0,90.0,stratified,,n_total,583.0
M2,30.0,90.0,stratified,,rate_ratio,63.66666666666666
M2,30.0,90.0,stratified,,post_omori_p,0.6700420479511184
M2,30.0,90.0,stratified,1.2,n_total,363.0
M2,30.0,90.0,stratified,1.2,rate_ratio,361.0
M2,30.0,90.0,stratified,1.2,post_omori_p,0.7635037799758101
M2,30.0,90.0,stratified,1.5,n_total,231.0
M2,30.0,90.0,stratified,1.5,rate_ratio,inf
M2,30.0,90.0,stratified,1.5,post_omori_p,0.8046740243284307
M2,30.0,90.0,stratified,2.0,n_total,123.0
M2,30.0,90.0,stratified,2.0,rate_ratio,inf
M2,30.0,90.0,stratified,2.0,post_omori_p,0.7430240409892488
M2,30.0,90.0,stratified,2.5,n_total,57.0
M2,30.0,90.0,stratified,2.5,rate_ratio,inf
M2,30.0,90.0,stratified,2.5,post_omori_p,0.8047782700458199
M2,44.0,7.0,all,,n_total,960.0
M2,44.0,7.0,all,,rate_ratio,158.83333333333334
M2,44.0,7.0,all,,post_omori_p,
M2,44.0,7.0,all,1.2,n_total,719.0
M2,44.0,7.0,all,1.2,rate_ratio,717.0
M2,44.0,7.0,all,1.2,post_omori_p,
M2,44.0,7.0,all,1.5,n_total,471.0
M2,44.0,7.0,all,1.5,rate_ratio,469.0
M2,44.0,7.0,all,1.5,post_omori_p,
M2,44.0,7.0,all,2.0,n_total,234.0
M2,44.0,7.0,all,2.0,rate_ratio,inf
M2,44.0,7.0,all,2.0,post_omori_p,
M2,44.0,7.0,all,2.5,n_total,113.0
M2,44.0,7.0,all,2.5,rate_ratio,inf
M2,44.0,7.0,all,2.5,post_omori_p,
M2,44.0,7.0,mainshock_window,,n_total,960.0
M2,44.0,7.0,mainshock_window,,rate_ratio,158.83333333333334
M2,44.0,7.0,mainshock_window,,post_omori_p,
M2,44.0,7.0,mainshock_window,1.2,n_total,719.0
M2,44.0,7.0,mainshock_window,1.2,rate_ratio,717.0
M2,44.0,7.0,mainshock_window,1.2,post_omori_p,
M2,44.0,7.0,mainshock_window,1.5,n_total,471.0
M2,44.0,7.0,mainshock_window,1.5,rate_ratio,469.0
M2,44.0,7.0,mainshock_window,1.5,post_omori_p,
M2,44.0,7.0,mainshock_window,2.0,n_total,234.0
M2,44.0,7.0,mainshock_window,2.0,rate_ratio,inf
M2,44.0,7.0,mainshock_window,2.0,post_omori_p,
M2,44.0,7.0,mainshock_window,2.5,n_total,113.0
M2,44.0,7.0,mainshock_window,2.5,rate_ratio,inf
M2,44.0,7.0,mainshock_window,2.5,post_omori_p,
M2,44.0,7.0,stratified,,n_total,338.0
M2,44.0,7.0,stratified,,rate_ratio,111.33333333333334
M2,44.0,7.0,stratified,,post_omori_p,
M2,44.0,7.0,stratified,1.2,n_total,253.0
M2,44.0,7.0,stratified,1.2,rate_ratio,inf
M2,44.0,7.0,stratified,1.2,post_omori_p,
M2,44.0,7.0,stratified,1.5,n_total,172.0
M2,44.0,7.0,stratified,1.5,rate_ratio,inf
M2,44.0,7.0,stratified,1.5,post_omori_p,
M2,44.0,7.0,stratified,2.0,n_total,92.0
M2,44.0,7.0,stratified,2.0,rate_ratio,inf
M2,44.0,7.0,stratified,2.0,post_omori_p,
M2,44.0,7.0,stratified,2.5,n_total,45.0
M2,44.0,7.0,stratified,2.5,rate_ratio,inf
M2,44.0,7.0,stratified,2.5,post_omori_p,
M2,44.0,30.0,all,,n_total,1557.0
M2,44.0,30.0,all,,rate_ratio,26.785714285714285
M2,44.0,30.0,all,,post_omori_p,0.6011592578709789
M2,44.0,30.0,all,1.2,n_total,1065.0
M2,44.0,30.0,all,1.2,rate_ratio,38.40740740740741
M2,44.0,30.0,all,1.2,post_omori_p,0.684162602678226
M2,44.0,30.0,all,1.5,n_total,670.0
M2,44.0,30.0,all,1.5,rate_ratio,43.6
M2,44.0,30.0,all,1.5,post_omori_p,0.7605373077217693
M2,44.0,30.0,all,2.0,n_total,326.0
M2,44.0,30.0,all,2.0,rate_ratio,53.16666666666666
M2,44.0,30.0,all,2.0,post_omori_p,0.822729231235699
M2,44.0,30.0,all,2.5,n_total,159.0
M2,44.0,30.0,all,2.5,rate_ratio,78.0
M2,44.0,30.0,all,2.5,post_omori_p,0.8312825909582751
M2,44.0,30.0,mainshock_window,,n_total,1554.0
M2,44.0,30.0,mainshock_window,,rate_ratio,26.732142857142858
M2,44.0,30.0,mainshock_window,,post_omori_p,0.6019137824862388
M2,44.0,30.0,mainshock_window,1.2,n_total,1062.0
M2,44.0,30.0,mainshock_window,1.2,rate_ratio,38.2962962962963
M2,44.0,30.0,mainshock_window,1.2,post_omori_p,0.685557200625562
M2,44.0,30.0,mainshock_window,1.5,n_total,668.0
M2,44.0,30.0,mainshock_window,1.5,rate_ratio,43.46666666666667
M2,44.0,30.0,mainshock_window,1.5,post_omori_p,0.7618880058889812
M2,44.0,30.0,mainshock_window,2.0,n_total,325.0
M2,44.0,30.0,mainshock_window,2.0,rate_ratio,52.99999999999999
M2,44.0,30.0,mainshock_window,2.0,post_omori_p,0.8248062934024147
M2,44.0,30.0,mainshock_window,2.5,n_total,158.0
M2,44.0,30.0,mainshock_window,2.5,rate_ratio,77.5
M2,44.0,30.0,mainshock_window,2.5,post_omori_p,0.8337213034741718
M2,44.0,30.0,stratified,,n_total,521.0
M2,44.0,30.0,stratified,,rate_ratio,129.0
M2,44.0,30.0,stratified,,post_omori_p,0.611976796190852
M2,44.0,30.0,stratified,1.2,n_total,355.0
M2,44.0,30.0,stratified,1.2,rate_ratio,353.00000000000006
M2,44.0,30.0,stratified,1.2,post_omori_p,0.7094153855403926
M2,44.0,30.0,stratified,1.5,n_total,235.0
M2,44.0,30.0,stratified,1.5,rate_ratio,inf
M2,44.0,30.0,stratified,1.5,post_omori_p,0.7573463235293687
M2,44.0,30.0,stratified,2.0,n_total,123.0
M2,44.0,30.0,stratified,2.0,rate_ratio,inf
M2,44.0,30.0,stratified,2.0,post_omori_p,0.7894532646580876
M2,44.0,30.0,stratified,2.5,n_total,56.0
M2,44.0,30.0,stratified,2.5,rate_ratio,inf
M2,44.0,30.0,stratified,2.5,post_omori_p,0.8457993282561392
M2,44.0,60.0,all,,n_total,1951.0
M2,44.0,60.0,all,,rate_ratio,29.46875
M2,44.0,60.0,all,,post_omori_p,0.6280729098024361
M2,44.0,60.0,all,1.2,n_total,1295.0
M2,44.0,60.0,all,1.2,rate_ratio,40.74193548387097
M2,44.0,60.0,all,1.2,post_omori_p,0.7101843132315081
M2,44.0,60.0,all,1.5,n_total,786.0
M2,44.0,60.0,all,1.5,rate_ratio,48.0625
M2,44.0,60.0,all,1.5,post_omori_p,0.7831282009338473
M2,44.0,60.0,all,2.0,n_total,375.0
M2,44.0,60.0,all,2.0,rate_ratio,61.333333333333336
M2,44.0,60.0,all,2.0,post_omori_p,0.8464331043922939
M2,44.0,60.0,all,2.5,n_total,176.0
M2,44.0,60.0,all,2.5,rate_ratio,86.5
M2,44.0,60.0,all,2.5,post_omori_p,0.8497345107432961
M2,44.0,60.0,mainshock_window,,n_total,1947.0
M2,44.0,60.0,mainshock_window,,rate_ratio,29.40625
M2,44.0,60.0,mainshock_window,,post_omori_p,0.6287277737250072
M2,44.0,60.0,mainshock_window,1.2,n_total,1291.0
M2,44.0,60.0,mainshock_window,1.2,rate_ratio,40.61290322580645
M2,44.0,60.0,mainshock_window,1.2,post_omori_p,0.711320568260216
M2,44.0,60.0,mainshock_window,1.5,n_total,783.0
M2,44.0,60.0,mainshock_window,1.5,rate_ratio,47.87500000000001
M2,44.0,60.0,mainshock_window,1.5,post_omori_p,0.7844197037692863
M2,44.0,60.0,mainshock_window,2.0,n_total,374.0
M2,44.0,60.0,mainshock_window,2.0,rate_ratio,61.16666666666666
M2,44.0,60.0,mainshock_window,2.0,post_omori_p,0.8480244478792426
M2,44.0,60.0,mainshock_window,2.5,n_total,175.0
M2,44.0,60.0,mainshock_window,2.5,rate_ratio,86.0
M2,44.0,60.0,mainshock_window,2.5,post_omori_p,0.8514677527752335
M2,44.0,60.0,stratified,,n_total,636.0
M2,44.0,60.0,stratified,,rate_ratio,78.375
M2,44.0,60.0,stratified,,post_omori_p,0.640500178620408
M2,44.0,60.0,stratified,1.2,n_total,417.0
M2,44.0,60.0,stratified,1.2,rate_ratio,207.0
M2,44.0,60.0,stratified,1.2,post_omori_p,0.7351317610862074
M2,44.0,60.0,stratified,1.5,n_total,273.0
M2,44.0,60.0,stratified,1.5,rate_ratio,inf
M2,44.0,60.0,stratified,1.5,post_omori_p,0.765982461503774
M2,44.0,60.0,stratified,2.0,n_total,147.0
M2,44.0,60.0,stratified,2.0,rate_ratio,inf
M2,44.0,60.0,stratified,2.0,post_omori_p,0.7469914183121611
M2,44.0,60.0,stratified,2.5,n_total,68.0
M2,44.0,60.0,stratified,2.5,rate_ratio,inf
M2,44.0,60.0,stratified,2.5,post_omori_p,0.80523155833962
M2,44.0,90.0,all,,n_total,2086.0
M2,44.0,90.0,all,,rate_ratio,29.661764705882355
M2,44.0,90.0,all,,post_omori_p,0.6555065410011823
M2,44.0,90.0,all,1.2,n_total,1377.0
M2,44.0,90.0,all,1.2,rate_ratio,42.0
M2,44.0,90.0,all,1.2,post_omori_p,0.7331203820223292
M2,44.0,90.0,all,1.5,n_total,838.0
M2,44.0,90.0,all,1.5,rate_ratio,48.23529411764706
M2,44.0,90.0,all,1.5,post_omori_p,0.7969519751892441
M2,44.0,90.0,all,2.0,n_total,397.0
M2,44.0,90.0,all,2.0,rate_ratio,55.57142857142857
M2,44.0,90.0,all,2.0,post_omori_p,0.8554894700389948
M2,44.0,90.0,all,2.5,n_total,183.0
M2,44.0,90.0,all,2.5,rate_ratio,90.0
M2,44.0,90.0,all,2.5,post_omori_p,0.8639895678649979
M2,44.0,90.0,mainshock_window,,n_total,2081.0
M2,44.0,90.0,mainshock_window,,rate_ratio,29.588235294117645
M2,44.0,90.0,mainshock_window,,post_omori_p,0.656282574523092
M2,44.0,90.0,mainshock_window,1.2,n_total,1372.0
M2,44.0,90.0,mainshock_window,1.2,rate_ratio,41.84375
M2,44.0,90.0,mainshock_window,1.2,post_omori_p,0.7344717823418286
M2,44.0,90.0,mainshock_window,1.5,n_total,835.0
M2,44.0,90.0,mainshock_window,1.5,rate_ratio,48.05882352941177
M2,44.0,90.0,mainshock_window,1.5,post_omori_p,0.7980421962925165
M2,44.0,90.0,mainshock_window,2.0,n_total,396.0
M2,44.0,90.0,mainshock_window,2.0,rate_ratio,55.42857142857142
M2,44.0,90.0,mainshock_window,2.0,post_omori_p,0.8566920883578416
M2,44.0,90.0,mainshock_window,2.5,n_total,182.0
M2,44.0,90.0,mainshock_window,2.5,rate_ratio,89.5
M2,44.0,90.0,mainshock_window,2.5,post_omori_p,0.8655509846982028
M2,44.0,90.0,stratified,,n_total,684.0
M2,44.0,90.0,stratified,,rate_ratio,61.09090909090909
M2,44.0,90.0,stratified,,post_omori_p,0.6688415950805436
M2,44.0,90.0,stratified,1.2,n_total,441.0
M2,44.0,90.0,stratified,1.2,rate_ratio,219.0
M2,44.0,90.0,stratified,1.2,post_omori_p,0.7564118108990175
M2,44.0,90.0,stratified,1.5,n_total,288.0
M2,44.0,90.0,stratified,1.5,rate_ratio,inf
M2,44.0,90.0,stratified,1.5,post_omori_p,0.7913255133455293
M2,44.0,90.0,stratified,2.0,n_total,158.0
M2,44.0,90.0,stratified,2.0,rate_ratio,inf
M2,44.0,90.0,stratified,2.0,post_omori_p,0.7579244294182029
M2,44.0,90.0,stratified,2.5,n_total,74.0
M2,44.0,90.0,stratified,2.5,rate_ratio,inf
M2,44.0,90.0,stratified,2.5,post_omori_p,0.7881188291843898
M2,50.0,7.0,all,,n_total,1046.0
M2,50.0,7.0,all,,rate_ratio,103.5
M2,50.0,7.0,all,,post_omori_p,
M2,50.0,7.0,all,1.2,n_total,789.0
M2,50.0,7.0,all,1.2,rate_ratio,156.6
M2,50.0,7.0,all,1.2,post_omori_p,
M2,50.0,7.0,all,1.5,n_total,520.0
M2,50.0,7.0,all,1.5,rate_ratio,128.75
M2,50.0,7.0,all,1.5,post_omori_p,
M2,50.0,7.0,all,2.0,n_total,258.0
M2,50.0,7.0,all,2.0,rate_ratio,256.0
M2,50.0,7.0,all,2.0,post_omori_p,
M2,50.0,7.0,all,2.5,n_total,123.0
M2,50.0,7.0,all,2.5,rate_ratio,121.0
M2,50.0,7.0,all,2.5,post_omori_p,
M2,50.0,7.0,mainshock_window,,n_total,1043.0
M2,50.0,7.0,mainshock_window,,rate_ratio,103.2
M2,50.0,7.0,mainshock_window,,post_omori_p,
M2,50.0,7.0,mainshock_window,1.2,n_total,786.0
M2,50.0,7.0,mainshock_window,1.2,rate_ratio,156.0
M2,50.0,7.0,mainshock_window,1.2,post_omori_p,
M2,50.0,7.0,mainshock_window,1.5,n_total,518.0
M2,50.0,7.0,mainshock_window,1.5,rate_ratio,128.25000000000003
M2,50.0,7.0,mainshock_window,1.5,post_omori_p,
M2,50.0,7.0,mainshock_window,2.0,n_total,256.0
M2,50.0,7.0,mainshock_window,2.0,rate_ratio,254.0
M2,50.0,7.0,mainshock_window,2.0,post_omori_p,
M2,50.0,7.0,mainshock_window,2.5,n_total,121.0
M2,50.0,7.0,mainshock_window,2.5,rate_ratio,119.0
M2,50.0,7.0,mainshock_window,2.5,post_omori_p,
M2,50.0,7.0,stratified,,n_total,360.0
M2,50.0,7.0,stratified,,rate_ratio,118.66666666666669
M2,50.0,7.0,stratified,,post_omori_p,
M2,50.0,7.0,stratified,1.2,n_total,272.0
M2,50.0,7.0,stratified,1.2,rate_ratio,inf
M2,50.0,7.0,stratified,1.2,post_omori_p,
M2,50.0,7.0,stratified,1.5,n_total,184.0
M2,50.0,7.0,stratified,1.5,rate_ratio,inf
M2,50.0,7.0,stratified,1.5,post_omori_p,
M2,50.0,7.0,stratified,2.0,n_total,97.0
M2,50.0,7.0,stratified,2.0,rate_ratio,inf
M2,50.0,7.0,stratified,2.0,post_omori_p,
M2,50.0,7.0,stratified,2.5,n_total,45.0
M2,50.0,7.0,stratified,2.5,rate_ratio,inf
M2,50.0,7.0,stratified,2.5,post_omori_p,
M2,50.0,30.0,all,,n_total,1732.0
M2,50.0,30.0,all,,rate_ratio,26.046875000000004
M2,50.0,30.0,all,,post_omori_p,0.5955617667682352
M2,50.0,30.0,all,1.2,n_total,1200.0
M2,50.0,30.0,all,1.2,rate_ratio,34.26470588235294
M2,50.0,30.0,all,1.2,post_omori_p,0.6765889552735765
M2,50.0,30.0,all,1.5,n_total,760.0
M2,50.0,30.0,all,1.5,rate_ratio,35.142857142857146
M2,50.0,30.0,all,1.5,post_omori_p,0.7535639270723097
M2,50.0,30.0,all,2.0,n_total,366.0
M2,50.0,30.0,all,2.0,rate_ratio,51.142857142857146
M2,50.0,30.0,all,2.0,post_omori_p,0.8204670773491199
M2,50.0,30.0,all,2.5,n_total,175.0
M2,50.0,30.0,all,2.5,rate_ratio,57.0
M2,50.0,30.0,all,2.5,post_omori_p,0.8175854553588584
M2,50.0,30.0,mainshock_window,,n_total,1717.0
M2,50.0,30.0,mainshock_window,,rate_ratio,26.677419354838708
M2,50.0,30.0,mainshock_window,,post_omori_p,0.5981794990206567
M2,50.0,30.0,mainshock_window,1.2,n_total,1186.0
M2,50.0,30.0,mainshock_window,1.2,rate_ratio,34.90909090909091
M2,50.0,30.0,mainshock_window,1.2,post_omori_p,0.680696249554479
M2,50.0,30.0,mainshock_window,1.5,n_total,752.0
M2,50.0,30.0,mainshock_window,1.5,rate_ratio,36.55
M2,50.0,30.0,mainshock_window,1.5,post_omori_p,0.756736877070277
M2,50.0,30.0,mainshock_window,2.0,n_total,362.0
M2,50.0,30.0,mainshock_window,2.0,rate_ratio,50.57142857142858
M2,50.0,30.0,mainshock_window,2.0,post_omori_p,0.824519031357245
M2,50.0,30.0,mainshock_window,2.5,n_total,172.0
M2,50.0,30.0,mainshock_window,2.5,rate_ratio,55.99999999999999
M2,50.0,30.0,mainshock_window,2.5,post_omori_p,0.8221739357487148
M2,50.0,30.0,stratified,,n_total,547.0
M2,50.0,30.0,stratified,,rate_ratio,135.5
M2,50.0,30.0,stratified,,post_omori_p,0.6341380945621558
M2,50.0,30.0,stratified,1.2,n_total,377.0
M2,50.0,30.0,stratified,1.2,rate_ratio,375.0
M2,50.0,30.0,stratified,1.2,post_omori_p,0.7302442319876074
M2,50.0,30.0,stratified,1.5,n_total,248.0
M2,50.0,30.0,stratified,1.5,rate_ratio,inf
M2,50.0,30.0,stratified,1.5,post_omori_p,0.7851865254899095
M2,50.0,30.0,stratified,2.0,n_total,129.0
M2,50.0,30.0,stratified,2.0,rate_ratio,inf
M2,50.0,30.0,stratified,2.0,post_omori_p,0.7848895228845779
M2,50.0,30.0,stratified,2.5,n_total,56.0
M2,50.0,30.0,stratified,2.5,rate_ratio,inf
M2,50.0,30.0,stratified,2.5,post_omori_p,0.8457993282561392
M2,50.0,60.0,all,,n_total,2188.0
M2,50.0,60.0,all,,rate_ratio,26.68354430379747
M2,50.0,60.0,all,,post_omori_p,0.6183739905205919
M2,50.0,60.0,all,1.2,n_total,1478.0
M2,50.0,60.0,all,1.2,rate_ratio,32.56818181818182
M2,50.0,60.0,all,1.2,post_omori_p,0.6940994991067372
M2,50.0,60.0,all,1.5,n_total,909.0
M2,50.0,60.0,all,1.5,rate_ratio,36.83333333333333
M2,50.0,60.0,all,1.5,post_omori_p,0.7634732051048607
M2,50.0,60.0,all,2.0,n_total,427.0
M2,50.0,60.0,all,2.0,rate_ratio,59.85714285714285
M2,50.0,60.0,all,2.0,post_omori_p,0.8293127055903728
M2,50.0,60.0,all,2.5,n_total,198.0
M2,50.0,60.0,all,2.5,rate_ratio,64.66666666666666
M2,50.0,60.0,all,2.5,post_omori_p,0.8242325852347376
M2,50.0,60.0,mainshock_window,,n_total,2164.0
M2,50.0,60.0,mainshock_window,,rate_ratio,27.460526315789476
M2,50.0,60.0,mainshock_window,,post_omori_p,0.6214676058312578
M2,50.0,60.0,mainshock_window,1.2,n_total,1455.0
M2,50.0,60.0,mainshock_window,1.2,rate_ratio,33.61904761904762
M2,50.0,60.0,mainshock_window,1.2,post_omori_p,0.6991373741035783
M2,50.0,60.0,mainshock_window,1.5,n_total,895.0
M2,50.0,60.0,mainshock_window,1.5,rate_ratio,37.869565217391305
M2,50.0,60.0,mainshock_window,1.5,post_omori_p,0.7684907601712697
M2,50.0,60.0,mainshock_window,2.0,n_total,419.0
M2,50.0,60.0,mainshock_window,2.0,rate_ratio,58.71428571428571
M2,50.0,60.0,mainshock_window,2.0,post_omori_p,0.8379787813661135
M2,50.0,60.0,mainshock_window,2.5,n_total,193.0
M2,50.0,60.0,mainshock_window,2.5,rate_ratio,62.99999999999999
M2,50.0,60.0,mainshock_window,2.5,post_omori_p,0.8371194222527661
M2,50.0,60.0,stratified,,n_total,664.0
M2,50.0,60.0,stratified,,rate_ratio,81.875
M2,50.0,60.0,stratified,,post_omori_p,0.6629658756218777
M2,50.0,60.0,stratified,1.2,n_total,441.0
M2,50.0,60.0,stratified,1.2,rate_ratio,219.0
M2,50.0,60.0,stratified,1.2,post_omori_p,0.7563797536151328
M2,50.0,60.0,stratified,1.5,n_total,288.0
M2,50.0,60.0,stratified,1.5,rate_ratio,inf
M2,50.0,60.0,stratified,1.5,post_omori_p,0.7971755934826966
M2,50.0,60.0,stratified,2.0,n_total,153.0
M2,50.0,60.0,stratified,2.0,rate_ratio,inf
M2,50.0,60.0,stratified,2.0,post_omori_p,0.7899886974170792
M2,50.0,60.0,stratified,2.5,n_total,68.0
M2,50.0,60.0,stratified,2.5,rate_ratio,inf
M2,50.0,60.0,stratified,2.5,post_omori_p,0.80523155833962
M2,50.0,90.0,all,,n_total,2370.0
M2,50.0,90.0,all,,rate_ratio,25.032967032967036
M2,50.0,90.0,all,,post_omori_p,0.6437024855030238
M2,50.0,90.0,all,1.2,n_total,1589.0
M2,50.0,90.0,all,1.2,rate_ratio,31.40816326530613
M2,50.0,90.0,all,1.2,post_omori_p,0.7160252154198378
M2,50.0,90.0,all,1.5,n_total,980.0
M2,50.0,90.0,all,1.5,rate_ratio,33.964285714285715
M2,50.0,90.0,all,1.5,post_omori_p,0.7767089227841445
M2,50.0,90.0,all,2.0,n_total,452.0
M2,50.0,90.0,all,2.0,rate_ratio,55.375
M2,50.0,90.0,all,2.0,post_omori_p,0.8424104926074468
M2,50.0,90.0,all,2.5,n_total,207.0
M2,50.0,90.0,all,2.5,rate_ratio,67.66666666666667
M2,50.0,90.0,all,2.5,post_omori_p,0.8364077867932974
M2,50.0,90.0,mainshock_window,,n_total,2337.0
M2,50.0,90.0,mainshock_window,,rate_ratio,25.85057471264368
M2,50.0,90.0,mainshock_window,,post_omori_p,0.6478494737085025
M2,50.0,90.0,mainshock_window,1.2,n_total,1558.0
M2,50.0,90.0,mainshock_window,1.2,rate_ratio,32.84782608695652
M2,50.0,90.0,mainshock_window,1.2,post_omori_p,0.7224222303645846
M2,50.0,90.0,mainshock_window,1.5,n_total,959.0
M2,50.0,90.0,mainshock_window,1.5,rate_ratio,35.846153846153854
M2,50.0,90.0,mainshock_window,1.5,post_omori_p,0.7839288201965263
M2,50.0,90.0,mainshock_window,2.0,n_total,443.0
M2,50.0,90.0,mainshock_window,2.0,rate_ratio,54.24999999999999
M2,50.0,90.0,mainshock_window,2.0,post_omori_p,0.8510259709792798
M2,50.0,90.0,mainshock_window,2.5,n_total,201.0
M2,50.0,90.0,mainshock_window,2.5,rate_ratio,65.66666666666667
M2,50.0,90.0,mainshock_window,2.5,post_omori_p,0.8473656075536086
M2,50.0,90.0,stratified,,n_total,713.0
M2,50.0,90.0,stratified,,rate_ratio,63.72727272727273
M2,50.0,90.0,stratified,,post_omori_p,0.6897330698312777
M2,50.0,90.0,stratified,1.2,n_total,465.0
M2,50.0,90.0,stratified,1.2,rate_ratio,231.0
M2,50.0,90.0,stratified,1.2,post_omori_p,0.7775424524951943
M2,50.0,90.0,stratified,1.5,n_total,303.0
M2,50.0,90.0,stratified,1.5,rate_ratio,inf
M2,50.0,90.0,stratified,1.5,post_omori_p,0.8150431045955358
M2,50.0,90.0,stratified,2.0,n_total,164.0
M2,50.0,90.0,stratified,2.0,rate_ratio,inf
M2,50.0,90.0,stratified,2.0,post_omori_p,0.7927472281279405
M2,50.0,90.0,stratified,2.5,n_total,74.0
M2,50.0,90.0,stratified,2.5,rate_ratio,inf
M2,50.0,90.0,stratified,2.5,post_omori_p,0.7881188291843898
M2,80.0,7.0,all,,n_total,3320.0
M2,80.0,7.0,all,,rate_ratio,183.38888888888889
M2,80.0,7.0,all,,post_omori_p,
M2,80.0,7.0,all,1.2,n_total,2902.0
M2,80.0,7.0,all,1.2,rate_ratio,240.75000000000003
M2,80.0,7.0,all,1.2,post_omori_p,
M2,80.0,7.0,all,1.5,n_total,2176.0
M2,80.0,7.0,all,1.5,rate_ratio,240.66666666666663
M2,80.0,7.0,all,1.5,post_omori_p,
M2,80.0,7.0,all,2.0,n_total,1092.0
M2,80.0,7.0,all,2.0,rate_ratio,271.75
M2,80.0,7.0,all,2.0,post_omori_p,
M2,80.0,7.0,all,2.5,n_total,508.0
M2,80.0,7.0,all,2.5,rate_ratio,252.5
M2,80.0,7.0,all,2.5,post_omori_p,
M2,80.0,7.0,mainshock_window,,n_total,2909.0
M2,80.0,7.0,mainshock_window,,rate_ratio,180.75000000000003
M2,80.0,7.0,mainshock_window,,post_omori_p,
M2,80.0,7.0,mainshock_window,1.2,n_total,2500.0
M2,80.0,7.0,mainshock_window,1.2,rate_ratio,248.9
M2,80.0,7.0,mainshock_window,1.2,post_omori_p,
M2,80.0,7.0,mainshock_window,1.5,n_total,1834.0
M2,80.0,7.0,mainshock_window,1.5,rate_ratio,202.66666666666663
M2,80.0,7.0,mainshock_window,1.5,post_omori_p,
M2,80.0,7.0,mainshock_window,2.0,n_total,942.0
M2,80.0,7.0,mainshock_window,2.0,rate_ratio,234.25000000000003
M2,80.0,7.0,mainshock_window,2.0,post_omori_p,
M2,80.0,7.0,mainshock_window,2.5,n_total,468.0
M2,80.0,7.0,mainshock_window,2.5,rate_ratio,232.50000000000003
M2,80.0,7.0,mainshock_window,2.5,post_omori_p,
M2,80.0,7.0,stratified,,n_total,374.0
M2,80.0,7.0,stratified,,rate_ratio,73.6
M2,80.0,7.0,stratified,,post_omori_p,
M2,80.0,7.0,stratified,1.2,n_total,285.0
M2,80.0,7.0,stratified,1.2,rate_ratio,141.0
M2,80.0,7.0,stratified,1.2,post_omori_p,
M2,80.0,7.0,stratified,1.5,n_total,196.0
M2,80.0,7.0,stratified,1.5,rate_ratio,96.5
M2,80.0,7.0,stratified,1.5,post_omori_p,
M2,80.0,7.0,stratified,2.0,n_total,105.0
M2,80.0,7.0,stratified,2.0,rate_ratio,51.0
M2,80.0,7.0,stratified,2.0,post_omori_p,
M2,80.0,7.0,stratified,2.5,n_total,51.0
M2,80.0,7.0,stratified,2.5,rate_ratio,49.0
M2,80.0,7.0,stratified,2.5,post_omori_p,
M2,80.0,30.0,all,,n_total,5864.0
M2,80.0,30.0,all,,rate_ratio,49.98260869565217
M2,80.0,30.0,all,,post_omori_p,0.4329675433009547
M2,80.0,30.0,all,1.2,n_total,4854.0
M2,80.0,30.0,all,1.2,rate_ratio,72.53030303030302
M2,80.0,30.0,all,1.2,post_omori_p,0.4750846933243879
M2,80.0,30.0,all,1.5,n_total,3394.0
M2,80.0,30.0,all,1.5,rate_ratio,88.28947368421052
M2,80.0,30.0,all,1.5,post_omori_p,0.5463848209446218
M2,80.0,30.0,all,2.0,n_total,1489.0
M2,80.0,30.0,all,2.0,rate_ratio,81.66666666666667
M2,80.0,30.0,all,2.0,post_omori_p,0.7028949148453606
M2,80.0,30.0,all,2.5,n_total,637.0
M2,80.0,30.0,all,2.5,rate_ratio,89.85714285714285
M2,80.0,30.0,all,2.5,post_omori_p,0.7949723914799709
M2,80.0,30.0,mainshock_window,,n_total,4967.0
M2,80.0,30.0,mainshock_window,,rate_ratio,43.73873873873874
M2,80.0,30.0,mainshock_window,,post_omori_p,0.465334995565564
M2,80.0,30.0,mainshock_window,1.2,n_total,3989.0
M2,80.0,30.0,mainshock_window,1.2,rate_ratio,62.3015873015873
M2,80.0,30.0,mainshock_window,1.2,post_omori_p,0.5163590695216307
M2,80.0,30.0,mainshock_window,1.5,n_total,2717.0
M2,80.0,30.0,mainshock_window,1.5,rate_ratio,72.4054054054054
M2,80.0,30.0,mainshock_window,1.5,post_omori_p,0.5951692962433607
M2,80.0,30.0,mainshock_window,2.0,n_total,1255.0
M2,80.0,30.0,mainshock_window,2.0,rate_ratio,68.66666666666667
M2,80.0,30.0,mainshock_window,2.0,post_omori_p,0.7385603174833707
M2,80.0,30.0,mainshock_window,2.5,n_total,585.0
M2,80.0,30.0,mainshock_window,2.5,rate_ratio,82.42857142857143
M2,80.0,30.0,mainshock_window,2.5,post_omori_p,0.8136531135856929
M2,80.0,30.0,stratified,,n_total,586.0
M2,80.0,30.0,stratified,,rate_ratio,40.78571428571429
M2,80.0,30.0,stratified,,post_omori_p,0.6274462249246648
M2,80.0,30.0,stratified,1.2,n_total,409.0
M2,80.0,30.0,stratified,1.2,rate_ratio,50.0
M2,80.0,30.0,stratified,1.2,post_omori_p,0.7155431486130055
M2,80.0,30.0,stratified,1.5,n_total,274.0
M2,80.0,30.0,stratified,1.5,rate_ratio,53.6
M2,80.0,30.0,stratified,1.5,post_omori_p,0.7623627626668045
M2,80.0,30.0,stratified,2.0,n_total,150.0
M2,80.0,30.0,stratified,2.0,rate_ratio,28.8
M2,80.0,30.0,stratified,2.0,post_omori_p,0.7544574245023628
M2,80.0,30.0,stratified,2.5,n_total,68.0
M2,80.0,30.0,stratified,2.5,rate_ratio,32.5
M2,80.0,30.0,stratified,2.5,post_omori_p,0.8141350121099221
M2,80.0,60.0,all,,n_total,7110.0
M2,80.0,60.0,all,,rate_ratio,34.90404040404041
M2,80.0,60.0,all,,post_omori_p,0.4810011920805133
M2,80.0,60.0,all,1.2,n_total,5756.0
M2,80.0,60.0,all,1.2,rate_ratio,46.56198347107439
M2,80.0,60.0,all,1.2,post_omori_p,0.5220642944841624
M2,80.0,60.0,all,1.5,n_total,3953.0
M2,80.0,60.0,all,1.5,rate_ratio,58.87878787878788
M2,80.0,60.0,all,1.5,post_omori_p,0.5846643495793733
M2,80.0,60.0,all,2.0,n_total,1663.0
M2,80.0,60.0,all,2.0,rate_ratio,56.310344827586206
M2,80.0,60.0,all,2.0,post_omori_p,0.728756398997093
M2,80.0,60.0,all,2.5,n_total,698.0
M2,80.0,60.0,all,2.5,rate_ratio,76.44444444444444
M2,80.0,60.0,all,2.5,post_omori_p,0.819961543801418
M2,80.0,60.0,mainshock_window,,n_total,6030.0
M2,80.0,60.0,mainshock_window,,rate_ratio,30.401041666666664
M2,80.0,60.0,mainshock_window,,post_omori_p,0.511265765557848
M2,80.0,60.0,mainshock_window,1.2,n_total,4723.0
M2,80.0,60.0,mainshock_window,1.2,rate_ratio,39.35897435897436
M2,80.0,60.0,mainshock_window,1.2,post_omori_p,0.5611199694735965
M2,80.0,60.0,mainshock_window,1.5,n_total,3151.0
M2,80.0,60.0,mainshock_window,1.5,rate_ratio,47.46153846153846
M2,80.0,60.0,mainshock_window,1.5,post_omori_p,0.630591582386037
M2,80.0,60.0,mainshock_window,2.0,n_total,1403.0
M2,80.0,60.0,mainshock_window,2.0,rate_ratio,47.3448275862069
M2,80.0,60.0,mainshock_window,2.0,post_omori_p,0.7607152833501463
M2,80.0,60.0,mainshock_window,2.5,n_total,640.0
M2,80.0,60.0,mainshock_window,2.5,rate_ratio,70.0
M2,80.0,60.0,mainshock_window,2.5,post_omori_p,0.8349575938520586
M2,80.0,60.0,stratified,,n_total,731.0
M2,80.0,60.0,stratified,,rate_ratio,32.18181818181819
M2,80.0,60.0,stratified,,post_omori_p,0.649652084495626
M2,80.0,60.0,stratified,1.2,n_total,492.0
M2,80.0,60.0,stratified,1.2,rate_ratio,48.10000000000001
M2,80.0,60.0,stratified,1.2,post_omori_p,0.7328670552057139
M2,80.0,60.0,stratified,1.5,n_total,332.0
M2,80.0,60.0,stratified,1.5,rate_ratio,54.16666666666666
M2,80.0,60.0,stratified,1.5,post_omori_p,0.7611867061160302
M2,80.0,60.0,stratified,2.0,n_total,181.0
M2,80.0,60.0,stratified,2.0,rate_ratio,35.0
M2,80.0,60.0,stratified,2.0,post_omori_p,0.7523866639044706
M2,80.0,60.0,stratified,2.5,n_total,84.0
M2,80.0,60.0,stratified,2.5,rate_ratio,40.5
M2,80.0,60.0,stratified,2.5,post_omori_p,0.7564151618574805
M2,80.0,90.0,all,,n_total,7813.0
M2,80.0,90.0,all,,rate_ratio,28.479245283018862
M2,80.0,90.0,all,,post_omori_p,0.5157706547686036
M2,80.0,90.0,all,1.2,n_total,6277.0
M2,80.0,90.0,all,1.2,rate_ratio,37.26829268292683
M2,80.0,90.0,all,1.2,post_omori_p,0.556679946143081
M2,80.0,90.0,all,1.5,n_total,4307.0
M2,80.0,90.0,all,1.5,rate_ratio,43.85416666666667
M2,80.0,90.0,all,1.5,post_omori_p,0.6149820697985061
M2,80.0,90.0,all,2.0,n_total,1794.0
M2,80.0,90.0,all,2.0,rate_ratio,40.69767441860465
M2,80.0,90.0,all,2.0,post_omori_p,0.7512211799437714
M2,80.0,90.0,all,2.5,n_total,745.0
M2,80.0,90.0,all,2.5,rate_ratio,45.5
M2,80.0,90.0,all,2.5,post_omori_p,0.8303752288920835
M2,80.0,90.0,mainshock_window,,n_total,6594.0
M2,80.0,90.0,mainshock_window,,rate_ratio,24.55426356589147
M2,80.0,90.0,mainshock_window,,post_omori_p,0.5455076979777342
M2,80.0,90.0,mainshock_window,1.2,n_total,5114.0
M2,80.0,90.0,mainshock_window,1.2,rate_ratio,31.15723270440252
M2,80.0,90.0,mainshock_window,1.2,post_omori_p,0.5957210604315814
M2,80.0,90.0,mainshock_window,1.5,n_total,3405.0
M2,80.0,90.0,mainshock_window,1.5,rate_ratio,35.212765957446805
M2,80.0,90.0,mainshock_window,1.5,post_omori_p,0.6604300640244318
M2,80.0,90.0,mainshock_window,2.0,n_total,1498.0
M2,80.0,90.0,mainshock_window,2.0,rate_ratio,33.81395348837209
M2,80.0,90.0,mainshock_window,2.0,post_omori_p,0.7859474998491115
M2,80.0,90.0,mainshock_window,2.5,n_total,674.0
M2,80.0,90.0,mainshock_window,2.5,rate_ratio,41.0625
M2,80.0,90.0,mainshock_window,2.5,post_omori_p,0.8503857657782053
M2,80.0,90.0,stratified,,n_total,807.0
M2,80.0,90.0,stratified,,rate_ratio,24.1875
M2,80.0,90.0,stratified,,post_omori_p,0.66810849869562
M2,80.0,90.0,stratified,1.2,n_total,537.0
M2,80.0,90.0,stratified,1.2,rate_ratio,30.529411764705884
M2,80.0,90.0,stratified,1.2,post_omori_p,0.7478957527792978
M2,80.0,90.0,stratified,1.5,n_total,363.0
M2,80.0,90.0,stratified,1.5,rate_ratio,29.166666666666668
M2,80.0,90.0,stratified,1.5,post_omori_p,0.7720829611837892
M2,80.0,90.0,stratified,2.0,n_total,205.0
M2,80.0,90.0,stratified,2.0,rate_ratio,17.545454545454547
M2,80.0,90.0,stratified,2.0,post_omori_p,0.7512662695183959
M2,80.0,90.0,stratified,2.5,n_total,96.0
M2,80.0,90.0,stratified,2.5,rate_ratio,22.75
M2,80.0,90.0,stratified,2.5,post_omori_p,0.7409650991827663
M2,100.0,7.0,all,,n_total,3511.0
M2,100.0,7.0,all,,rate_ratio,80.62790697674419
M2,100.0,7.0,all,,post_omori_p,
M2,100.0,7.0,all,1.2,n_total,3070.0
M2,100.0,7.0,all,1.2,rate_ratio,117.03846153846152
M2,100.0,7.0,all,1.2,post_omori_p,
M2,100.0,7.0,all,1.5,n_total,2299.0
M2,100.0,7.0,all,1.5,rate_ratio,119.94736842105262
M2,100.0,7.0,all,1.5,post_omori_p,
M2,100.0,7.0,all,2.0,n_total,1155.0
M2,100.0,7.0,all,2.0,rate_ratio,163.85714285714286
M2,100.0,7.0,all,2.0,post_omori_p,
M2,100.0,7.0,all,2.5,n_total,538.0
M2,100.0,7.0,all,2.5,rate_ratio,133.25
M2,100.0,7.0,all,2.5,post_omori_p,
M2,100.0,7.0,mainshock_window,,n_total,3029.0
M2,100.0,7.0,mainshock_window,,rate_ratio,96.6774193548387
M2,100.0,7.0,mainshock_window,,post_omori_p,
M2,100.0,7.0,mainshock_window,1.2,n_total,2609.0
M2,100.0,7.0,mainshock_window,1.2,rate_ratio,117.54545454545456
M2,100.0,7.0,mainshock_window,1.2,post_omori_p,
M2,100.0,7.0,mainshock_window,1.5,n_total,1915.0
M2,100.0,7.0,mainshock_window,1.5,rate_ratio,105.33333333333331
M2,100.0,7.0,mainshock_window,1.5,post_omori_p,
M2,100.0,7.0,mainshock_window,2.0,n_total,983.0
M2,100.0,7.0,mainshock_window,2.0,rate_ratio,162.66666666666666
M2,100.0,7.0,mainshock_window,2.0,post_omori_p,
M2,100.0,7.0,mainshock_window,2.5,n_total,490.0
M2,100.0,7.0,mainshock_window,2.5,rate_ratio,162.0
M2,100.0,7.0,mainshock_window,2.5,post_omori_p,
M2,100.0,7.0,stratified,,n_total,378.0
M2,100.0,7.0,stratified,,rate_ratio,46.125
M2,100.0,7.0,stratified,,post_omori_p,
M2,100.0,7.0,stratified,1.2,n_total,289.0
M2,100.0,7.0,stratified,1.2,rate_ratio,56.6
M2,100.0,7.0,stratified,1.2,post_omori_p,
M2,100.0,7.0,stratified,1.5,n_total,200.0
M2,100.0,7.0,stratified,1.5,rate_ratio,38.8
M2,100.0,7.0,stratified,1.5,post_omori_p,
M2,100.0,7.0,stratified,2.0,n_total,107.0
M2,100.0,7.0,stratified,2.0,rate_ratio,34.333333333333336
M2,100.0,7.0,stratified,2.0,post_omori_p,
M2,100.0,7.0,stratified,2.5,n_total,52.0
M2,100.0,7.0,stratified,2.5,rate_ratio,24.5
M2,100.0,7.0,stratified,2.5,post_omori_p,
M2,100.0,30.0,all,,n_total,6184.0
M2,100.0,30.0,all,,rate_ratio,38.13291139240506
M2,100.0,30.0,all,,post_omori_p,0.4328692127922035
M2,100.0,30.0,all,1.2,n_total,5121.0
M2,100.0,30.0,all,1.2,rate_ratio,54.05376344086021
M2,100.0,30.0,all,1.2,post_omori_p,0.4748211451033211
M2,100.0,30.0,all,1.5,n_total,3582.0
M2,100.0,30.0,all,1.5,rate_ratio,62.94642857142857
M2,100.0,30.0,all,1.5,post_omori_p,0.5464917149566695
M2,100.0,30.0,all,2.0,n_total,1586.0
M2,100.0,30.0,all,2.0,rate_ratio,62.4
M2,100.0,30.0,all,2.0,post_omori_p,0.6999918146426893
M2,100.0,30.0,all,2.5,n_total,687.0
M2,100.0,30.0,all,2.5,rate_ratio,61.36363636363637
M2,100.0,30.0,all,2.5,post_omori_p,0.7888737810488883
M2,100.0,30.0,mainshock_window,,n_total,5199.0
M2,100.0,30.0,mainshock_window,,rate_ratio,35.349650349650354
M2,100.0,30.0,mainshock_window,,post_omori_p,0.464589596191335
M2,100.0,30.0,mainshock_window,1.2,n_total,4184.0
M2,100.0,30.0,mainshock_window,1.2,rate_ratio,46.534090909090914
M2,100.0,30.0,mainshock_window,1.2,post_omori_p,0.5151728597520151
M2,100.0,30.0,mainshock_window,1.5,n_total,2855.0
M2,100.0,30.0,mainshock_window,1.5,rate_ratio,51.85185185185185
M2,100.0,30.0,mainshock_window,1.5,post_omori_p,0.5935175942177283
M2,100.0,30.0,mainshock_window,2.0,n_total,1329.0
M2,100.0,30.0,mainshock_window,2.0,rate_ratio,54.333333333333336
M2,100.0,30.0,mainshock_window,2.0,post_omori_p,0.7322184218758081
M2,100.0,30.0,mainshock_window,2.5,n_total,627.0
M2,100.0,30.0,mainshock_window,2.5,rate_ratio,61.60000000000001
M2,100.0,30.0,mainshock_window,2.5,post_omori_p,0.8022251761119126
M2,100.0,30.0,stratified,,n_total,595.0
M2,100.0,30.0,stratified,,rate_ratio,33.94117647058824
M2,100.0,30.0,stratified,,post_omori_p,0.623871979599961
M2,100.0,30.0,stratified,1.2,n_total,416.0
M2,100.0,30.0,stratified,1.2,rate_ratio,36.727272727272734
M2,100.0,30.0,stratified,1.2,post_omori_p,0.7116235849750038
M2,100.0,30.0,stratified,1.5,n_total,280.0
M2,100.0,30.0,stratified,1.5,rate_ratio,33.875
M2,100.0,30.0,stratified,1.5,post_omori_p,0.7581848734015527
M2,100.0,30.0,stratified,2.0,n_total,154.0
M2,100.0,30.0,stratified,2.0,rate_ratio,24.5
M2,100.0,30.0,stratified,2.0,post_omori_p,0.7480494421955254
M2,100.0,30.0,stratified,2.5,n_total,70.0
M2,100.0,30.0,stratified,2.5,rate_ratio,22.0
M2,100.0,30.0,stratified,2.5,post_omori_p,0.8054173099300913
M2,100.0,60.0,all,,n_total,7519.0
M2,100.0,60.0,all,,rate_ratio,26.53846153846154
M2,100.0,60.0,all,,post_omori_p,0.4816390567629427
M2,100.0,60.0,all,1.2,n_total,6088.0
M2,100.0,60.0,all,1.2,rate_ratio,34.38953488372093
M2,100.0,60.0,all,1.2,post_omori_p,0.5230740691681138
M2,100.0,60.0,all,1.5,n_total,4182.0
M2,100.0,60.0,all,1.5,rate_ratio,39.990196078431374
M2,100.0,60.0,all,1.5,post_omori_p,0.586626780621364
M2,100.0,60.0,all,2.0,n_total,1776.0
M2,100.0,60.0,all,2.0,rate_ratio,42.29268292682927
M2,100.0,60.0,all,2.0,post_omori_p,0.7281774924801293
M2,100.0,60.0,all,2.5,n_total,753.0
M2,100.0,60.0,all,2.5,rate_ratio,52.71428571428572
M2,100.0,60.0,all,2.5,post_omori_p,0.8177011350270359
M2,100.0,60.0,mainshock_window,,n_total,6337.0
M2,100.0,60.0,mainshock_window,,rate_ratio,24.043478260869566
M2,100.0,60.0,mainshock_window,,post_omori_p,0.5106979842544564
M2,100.0,60.0,mainshock_window,1.2,n_total,4973.0
M2,100.0,60.0,mainshock_window,1.2,rate_ratio,29.13333333333333
M2,100.0,60.0,mainshock_window,1.2,post_omori_p,0.5605668981306166
M2,100.0,60.0,mainshock_window,1.5,n_total,3326.0
M2,100.0,60.0,mainshock_window,1.5,rate_ratio,32.25
M2,100.0,60.0,mainshock_window,1.5,post_omori_p,0.630205254434327
M2,100.0,60.0,mainshock_window,2.0,n_total,1492.0
M2,100.0,60.0,mainshock_window,2.0,rate_ratio,36.275000000000006
M2,100.0,60.0,mainshock_window,2.0,post_omori_p,0.7563899578955533
M2,100.0,60.0,mainshock_window,2.5,n_total,687.0
M2,100.0,60.0,mainshock_window,2.5,rate_ratio,51.76923076923077
M2,100.0,60.0,mainshock_window,2.5,post_omori_p,0.8281846964772154
M2,100.0,60.0,stratified,,n_total,745.0
M2,100.0,60.0,stratified,,rate_ratio,27.615384615384613
M2,100.0,60.0,stratified,,post_omori_p,0.6472339469526944
M2,100.0,60.0,stratified,1.2,n_total,503.0
M2,100.0,60.0,stratified,1.2,rate_ratio,34.857142857142854
M2,100.0,60.0,stratified,1.2,post_omori_p,0.7307934273736517
M2,100.0,60.0,stratified,1.5,n_total,340.0
M2,100.0,60.0,stratified,1.5,rate_ratio,32.900000000000006
M2,100.0,60.0,stratified,1.5,post_omori_p,0.7606177617854285
M2,100.0,60.0,stratified,2.0,n_total,186.0
M2,100.0,60.0,stratified,2.0,rate_ratio,29.83333333333333
M2,100.0,60.0,stratified,2.0,post_omori_p,0.7569777285582179
M2,100.0,60.0,stratified,2.5,n_total,86.0
M2,100.0,60.0,stratified,2.5,rate_ratio,27.33333333333333
M2,100.0,60.0,stratified,2.5,post_omori_p,0.7486095728310527
M2,100.0,90.0,all,,n_total,8348.0
M2,100.0,90.0,all,,rate_ratio,20.568475452196385
M2,100.0,90.0,all,,post_omori_p,0.5143500676195878
M2,100.0,90.0,all,1.2,n_total,6706.0
M2,100.0,90.0,all,1.2,rate_ratio,26.256097560975608
M2,100.0,90.0,all,1.2,post_omori_p,0.5552531256293748
M2,100.0,90.0,all,1.5,n_total,4604.0
M2,100.0,90.0,all,1.5,rate_ratio,29.483443708609272
M2,100.0,90.0,all,1.5,post_omori_p,0.6142064638363094
M2,100.0,90.0,all,2.0,n_total,1936.0
M2,100.0,90.0,all,2.0,rate_ratio,29.234375
M2,100.0,90.0,all,2.0,post_omori_p,0.7477259284364925
M2,100.0,90.0,all,2.5,n_total,815.0
M2,100.0,90.0,all,2.5,rate_ratio,30.307692307692317
M2,100.0,90.0,all,2.5,post_omori_p,0.8254601065432782
M2,100.0,90.0,mainshock_window,,n_total,7008.0
M2,100.0,90.0,mainshock_window,,rate_ratio,18.849858356940512
M2,100.0,90.0,mainshock_window,,post_omori_p,0.5418670393614716
M2,100.0,90.0,mainshock_window,1.2,n_total,5447.0
M2,100.0,90.0,mainshock_window,1.2,rate_ratio,22.78165938864629
M2,100.0,90.0,mainshock_window,1.2,post_omori_p,0.5913597677623673
M2,100.0,90.0,mainshock_window,1.5,n_total,3642.0
M2,100.0,90.0,mainshock_window,1.5,rate_ratio,24.28472222222222
M2,100.0,90.0,mainshock_window,1.5,post_omori_p,0.6556206792952328
M2,100.0,90.0,mainshock_window,2.0,n_total,1615.0
M2,100.0,90.0,mainshock_window,2.0,rate_ratio,25.032258064516128
M2,100.0,90.0,mainshock_window,2.0,post_omori_p,0.7769292810132524
M2,100.0,90.0,mainshock_window,2.5,n_total,736.0
M2,100.0,90.0,mainshock_window,2.5,rate_ratio,28.4
M2,100.0,90.0,mainshock_window,2.5,post_omori_p,0.8395653651020694
M2,100.0,90.0,stratified,,n_total,824.0
M2,100.0,90.0,stratified,,rate_ratio,21.24324324324324
M2,100.0,90.0,stratified,,post_omori_p,0.6639720633492463
M2,100.0,90.0,stratified,1.2,n_total,548.0
M2,100.0,90.0,stratified,1.2,rate_ratio,25.047619047619047
M2,100.0,90.0,stratified,1.2,post_omori_p,0.7442539356638923
M2,100.0,90.0,stratified,1.5,n_total,371.0
M2,100.0,90.0,stratified,1.5,rate_ratio,22.125
M2,100.0,90.0,stratified,1.5,post_omori_p,0.7697210449193793
M2,100.0,90.0,stratified,2.0,n_total,210.0
M2,100.0,90.0,stratified,2.0,rate_ratio,16.416666666666668
M2,100.0,90.0,stratified,2.0,post_omori_p,0.7473963543095441
M2,100.0,90.0,stratified,2.5,n_total,98.0
M2,100.0,90.0,stratified,2.5,rate_ratio,18.4
M2,100.0,90.0,stratified,2.5,post_omori_p,0.7347634837483731
M3,30.0,7.0,all,,n_total,1626.0
M3,30.0,7.0,all,,rate_ratio,39.625
M3,30.0,7.0,all,,post_omori_p,
M3,30.0,7.0,all,1.2,n_total,1446.0
M3,30.0,7.0,all,1.2,rate_ratio,52.51851851851852
M3,30.0,7.0,all,1.2,post_omori_p,
M3,30.0,7.0,all,1.5,n_total,1094.0
M3,30.0,7.0,all,1.5,rate_ratio,67.3125
M3,30.0,7.0,all,1.5,post_omori_p,
M3,30.0,7.0,all,2.0,n_total,559.0
M3,30.0,7.0,all,2.0,rate_ratio,78.71428571428571
M3,30.0,7.0,all,2.0,post_omori_p,
M3,30.0,7.0,all,2.5,n_total,273.0
M3,30.0,7.0,all,2.5,rate_ratio,89.66666666666667
M3,30.0,7.0,all,2.5,post_omori_p,
M3,30.0,7.0,mainshock_window,,n_total,1626.0
M3,30.0,7.0,mainshock_window,,rate_ratio,39.625
M3,30.0,7.0,mainshock_window,,post_omori_p,
M3,30.0,7.0,mainshock_window,1.2,n_total,1446.0
M3,30.0,7.0,mainshock_window,1.2,rate_ratio,52.51851851851852
M3,30.0,7.0,mainshock_window,1.2,post_omori_p,
M3,30.0,7.0,mainshock_window,1.5,n_total,1094.0
M3,30.0,7.0,mainshock_window,1.5,rate_ratio,67.3125
M3,30.0,7.0,mainshock_window,1.5,post_omori_p,
M3,30.0,7.0,mainshock_window,2.0,n_total,559.0
M3,30.0,7.0,mainshock_window,2.0,rate_ratio,78.71428571428571
M3,30.0,7.0,mainshock_window,2.0,post_omori_p,
M3,30.0,7.0,mainshock_window,2.5,n_total,273.0
M3,30.0,7.0,mainshock_window,2.5,rate_ratio,89.66666666666667
M3,30.0,7.0,mainshock_window,2.5,post_omori_p,
M3,30.0,7.0,stratified,,n_total,1616.0
M3,30.0,7.0,stratified,,rate_ratio,45.142857142857146
M3,30.0,7.0,stratified,,post_omori_p,
M3,30.0,7.0,stratified,1.2,n_total,1437.0
M3,30.0,7.0,stratified,1.2,rate_ratio,61.434782608695656
M3,30.0,7.0,stratified,1.2,post_omori_p,
M3,30.0,7.0,stratified,1.5,n_total,1086.0
M3,30.0,7.0,stratified,1.5,rate_ratio,89.41666666666667
M3,30.0,7.0,stratified,1.5,post_omori_p,
M3,30.0,7.0,stratified,2.0,n_total,554.0
M3,30.0,7.0,stratified,2.0,rate_ratio,183.33333333333331
M3,30.0,7.0,stratified,2.0,post_omori_p,
M3,30.0,7.0,stratified,2.5,n_total,269.0
M3,30.0,7.0,stratified,2.5,rate_ratio,inf
M3,30.0,7.0,stratified,2.5,post_omori_p,
M3,30.0,30.0,all,,n_total,2004.0
M3,30.0,30.0,all,,rate_ratio,11.92258064516129
M3,30.0,30.0,all,,post_omori_p,
M3,30.0,30.0,all,1.2,n_total,1746.0
M3,30.0,30.0,all,1.2,rate_ratio,13.30327868852459
M3,30.0,30.0,all,1.2,post_omori_p,
M3,30.0,30.0,all,1.5,n_total,1279.0
M3,30.0,30.0,all,1.5,rate_ratio,17.257142857142856
M3,30.0,30.0,all,1.5,post_omori_p,
M3,30.0,30.0,all,2.0,n_total,622.0
M3,30.0,30.0,all,2.0,rate_ratio,22.0
M3,30.0,30.0,all,2.0,post_omori_p,
M3,30.0,30.0,all,2.5,n_total,299.0
M3,30.0,30.0,all,2.5,rate_ratio,28.8
M3,30.0,30.0,all,2.5,post_omori_p,
M3,30.0,30.0,mainshock_window,,n_total,2004.0
M3,30.0,30.0,mainshock_window,,rate_ratio,11.92258064516129
M3,30.0,30.0,mainshock_window,,post_omori_p,
M3,30.0,30.0,mainshock_window,1.2,n_total,1746.0
M3,30.0,30.0,mainshock_window,1.2,rate_ratio,13.30327868852459
M3,30.0,30.0,mainshock_window,1.2,post_omori_p,
M3,30.0,30.0,mainshock_window,1.5,n_total,1279.0
M3,30.0,30.0,mainshock_window,1.5,rate_ratio,17.257142857142856
M3,30.0,30.0,mainshock_window,1.5,post_omori_p,
M3,30.0,30.0,mainshock_window,2.0,n_total,622.0
M3,30.0,30.0,mainshock_window,2.0,rate_ratio,22.0
M3,30.0,30.0,mainshock_window,2.0,post_omori_p,
M3,30.0,30.0,mainshock_window,2.5,n_total,299.0
M3,30.0,30.0,mainshock_window,2.5,rate_ratio,28.8
M3,30.0,30.0,mainshock_window,2.5,post_omori_p,
M3,30.0,30.0,stratified,,n_total,1992.0
M3,30.0,30.0,stratified,,rate_ratio,12.36241610738255
M3,30.0,30.0,stratified,,post_omori_p,
M3,30.0,30.0,stratified,1.2,n_total,1735.0
M3,30.0,30.0,stratified,1.2,rate_ratio,13.82051282051282
M3,30.0,30.0,stratified,1.2,post_omori_p,
M3,30.0,30.0,stratified,1.5,n_total,1269.0
M3,30.0,30.0,stratified,1.5,rate_ratio,18.50769230769231
M3,30.0,30.0,stratified,1.5,post_omori_p,
M3,30.0,30.0,stratified,2.0,n_total,615.0
M3,30.0,30.0,stratified,2.0,rate_ratio,26.909090909090917
M3,30.0,30.0,stratified,2.0,post_omori_p,
M3,30.0,30.0,stratified,2.5,n_total,294.0
M3,30.0,30.0,stratified,2.5,rate_ratio,47.83333333333333
M3,30.0,30.0,stratified,2.5,post_omori_p,
M3,30.0,60.0,all,,n_total,2033.0
M3,30.0,60.0,all,,rate_ratio,10.043478260869565
M3,30.0,60.0,all,,post_omori_p,
M3,30.0,60.0,all,1.2,n_total,1771.0
M3,30.0,60.0,all,1.2,rate_ratio,11.040816326530612
M3,30.0,60.0,all,1.2,post_omori_p,
M3,30.0,60.0,all,1.5,n_total,1294.0
M3,30.0,60.0,all,1.5,rate_ratio,14.211764705882352
M3,30.0,60.0,all,1.5,post_omori_p,
M3,30.0,60.0,all,2.0,n_total,630.0
M3,30.0,60.0,all,2.0,rate_ratio,16.97142857142857
M3,30.0,60.0,all,2.0,post_omori_p,
M3,30.0,60.0,all,2.5,n_total,302.0
M3,30.0,60.0,all,2.5,rate_ratio,22.153846153846157
M3,30.0,60.0,all,2.5,post_omori_p,
M3,30.0,60.0,mainshock_window,,n_total,2033.0
M3,30.0,60.0,mainshock_window,,rate_ratio,10.043478260869565
M3,30.0,60.0,mainshock_window,,post_omori_p,
M3,30.0,60.0,mainshock_window,1.2,n_total,1771.0
M3,30.0,60.0,mainshock_window,1.2,rate_ratio,11.040816326530612
M3,30.0,60.0,mainshock_window,1.2,post_omori_p,
M3,30.0,60.0,mainshock_window,1.5,n_total,1294.0
M3,30.0,60.0,mainshock_window,1.5,rate_ratio,14.211764705882352
M3,30.0,60.0,mainshock_window,1.5,post_omori_p,
M3,30.0,60.0,mainshock_window,2.0,n_total,630.0
M3,30.0,60.0,mainshock_window,2.0,rate_ratio,16.97142857142857
M3,30.0,60.0,mainshock_window,2.0,post_omori_p,
M3,30.0,60.0,mainshock_window,2.5,n_total,302.0
M3,30.0,60.0,mainshock_window,2.5,rate_ratio,22.153846153846157
M3,30.0,60.0,mainshock_window,2.5,post_omori_p,
M3,30.0,60.0,stratified,,n_total,2017.0
M3,30.0,60.0,stratified,,rate_ratio,10.586206896551724
M3,30.0,60.0,stratified,,post_omori_p,
M3,30.0,60.0,stratified,1.2,n_total,1756.0
M3,30.0,60.0,stratified,1.2,rate_ratio,11.717391304347826
M3,30.0,60.0,stratified,1.2,post_omori_p,
M3,30.0,60.0,stratified,1.5,n_total,1283.0
M3,30.0,60.0,stratified,1.5,rate_ratio,15.227848101265824
M3,30.0,60.0,stratified,1.5,post_omori_p,
M3,30.0,60.0,stratified,2.0,n_total,623.0
M3,30.0,60.0,stratified,2.0,rate_ratio,19.73333333333333
M3,30.0,60.0,stratified,2.0,post_omori_p,
M3,30.0,60.0,stratified,2.5,n_total,297.0
M3,30.0,60.0,stratified,2.5,rate_ratio,31.88888888888889
M3,30.0,60.0,stratified,2.5,post_omori_p,
M3,30.0,90.0,all,,n_total,2093.0
M3,30.0,90.0,all,,rate_ratio,7.573770491803279
M3,30.0,90.0,all,,post_omori_p,
M3,30.0,90.0,all,1.2,n_total,1818.0
M3,30.0,90.0,all,1.2,rate_ratio,8.3659793814433
M3,30.0,90.0,all,1.2,post_omori_p,
M3,30.0,90.0,all,1.5,n_total,1324.0
M3,30.0,90.0,all,1.5,rate_ratio,10.504347826086958
M3,30.0,90.0,all,1.5,post_omori_p,
M3,30.0,90.0,all,2.0,n_total,644.0
M3,30.0,90.0,all,2.0,rate_ratio,12.122448979591836
M3,30.0,90.0,all,2.0,post_omori_p,
M3,30.0,90.0,all,2.5,n_total,308.0
M3,30.0,90.0,all,2.5,rate_ratio,15.157894736842106
M3,30.0,90.0,all,2.5,post_omori_p,
M3,30.0,90.0,mainshock_window,,n_total,2093.0
M3,30.0,90.0,mainshock_window,,rate_ratio,7.573770491803279
M3,30.0,90.0,mainshock_window,,post_omori_p,
M3,30.0,90.0,mainshock_window,1.2,n_total,1818.0
M3,30.0,90.0,mainshock_window,1.2,rate_ratio,8.3659793814433
M3,30.0,90.0,mainshock_window,1.2,post_omori_p,
M3,30.0,90.0,mainshock_window,1.5,n_total,1324.0
M3,30.0,90.0,mainshock_window,1.5,rate_ratio,10.504347826086958
M3,30.0,90.0,mainshock_window,1.5,post_omori_p,
M3,30.0,90.0,mainshock_window,2.0,n_total,644.0
M3,30.0,90.0,mainshock_window,2.0,rate_ratio,12.122448979591836
M3,30.0,90.0,mainshock_window,2.0,post_omori_p,
M3,30.0,90.0,mainshock_window,2.5,n_total,308.0
M3,30.0,90.0,mainshock_window,2.5,rate_ratio,15.157894736842106
M3,30.0,90.0,mainshock_window,2.5,post_omori_p,
M3,30.0,90.0,stratified,,n_total,2073.0
M3,30.0,90.0,stratified,,rate_ratio,8.008695652173913
M3,30.0,90.0,stratified,,post_omori_p,
M3,30.0,90.0,stratified,1.2,n_total,1800.0
M3,30.0,90.0,stratified,1.2,rate_ratio,8.884615384615385
M3,30.0,90.0,stratified,1.2,post_omori_p,
M3,30.0,90.0,stratified,1.5,n_total,1311.0
M3,30.0,90.0,stratified,1.5,rate_ratio,11.242990654205608
M3,30.0,90.0,stratified,1.5,post_omori_p,
M3,30.0,90.0,stratified,2.0,n_total,636.0
M3,30.0,90.0,stratified,2.0,rate_ratio,13.767441860465116
M3,30.0,90.0,stratified,2.0,post_omori_p,
M3,30.0,90.0,stratified,2.5,n_total,303.0
M3,30.0,90.0,stratified,2.5,rate_ratio,19.133333333333336
M3,30.0,90.0,stratified,2.5,post_omori_p,
M3,44.0,7.0,all,,n_total,2157.0
M3,44.0,7.0,all,,rate_ratio,34.93333333333334
M3,44.0,7.0,all,,post_omori_p,
M3,44.0,7.0,all,1.2,n_total,1940.0
M3,44.0,7.0,all,1.2,rate_ratio,44.09302325581395
M3,44.0,7.0,all,1.2,post_omori_p,
M3,44.0,7.0,all,1.5,n_total,1490.0
M3,44.0,7.0,all,1.5,rate_ratio,61.04166666666666
M3,44.0,7.0,all,1.5,post_omori_p,
M3,44.0,7.0,all,2.0,n_total,786.0
M3,44.0,7.0,all,2.0,rate_ratio,97.125
M3,44.0,7.0,all,2.0,post_omori_p,
M3,44.0,7.0,all,2.5,n_total,388.0
M3,44.0,7.0,all,2.5,rate_ratio,95.75
M3,44.0,7.0,all,2.5,post_omori_p,
M3,44.0,7.0,mainshock_window,,n_total,2157.0
M3,44.0,7.0,mainshock_window,,rate_ratio,34.93333333333334
M3,44.0,7.0,mainshock_window,,post_omori_p,
M3,44.0,7.0,mainshock_window,1.2,n_total,1940.0
M3,44.0,7.0,mainshock_window,1.2,rate_ratio,44.09302325581395
M3,44.0,7.0,mainshock_window,1.2,post_omori_p,
M3,44.0,7.0,mainshock_window,1.5,n_total,1490.0
M3,44.0,7.0,mainshock_window,1.5,rate_ratio,61.04166666666666
M3,44.0,7.0,mainshock_window,1.5,post_omori_p,
M3,44.0,7.0,mainshock_window,2.0,n_total,786.0
M3,44.0,7.0,mainshock_window,2.0,rate_ratio,97.125
M3,44.0,7.0,mainshock_window,2.0,post_omori_p,
M3,44.0,7.0,mainshock_window,2.5,n_total,388.0
M3,44.0,7.0,mainshock_window,2.5,rate_ratio,95.75
M3,44.0,7.0,mainshock_window,2.5,post_omori_p,
M3,44.0,7.0,stratified,,n_total,2091.0
M3,44.0,7.0,stratified,,rate_ratio,37.0
M3,44.0,7.0,stratified,,post_omori_p,
M3,44.0,7.0,stratified,1.2,n_total,1889.0
M3,44.0,7.0,stratified,1.2,rate_ratio,47.410256410256416
M3,44.0,7.0,stratified,1.2,post_omori_p,
M3,44.0,7.0,stratified,1.5,n_total,1444.0
M3,44.0,7.0,stratified,1.5,rate_ratio,71.14999999999999
M3,44.0,7.0,stratified,1.5,post_omori_p,
M3,44.0,7.0,stratified,2.0,n_total,761.0
M3,44.0,7.0,stratified,2.0,rate_ratio,189.0
M3,44.0,7.0,stratified,2.0,post_omori_p,
M3,44.0,7.0,stratified,2.5,n_total,375.0
M3,44.0,7.0,stratified,2.5,rate_ratio,373.0
M3,44.0,7.0,stratified,2.5,post_omori_p,
M3,44.0,30.0,all,,n_total,2873.0
M3,44.0,30.0,all,,rate_ratio,6.597883597883599
M3,44.0,30.0,all,,post_omori_p,
M3,44.0,30.0,all,1.2,n_total,2533.0
M3,44.0,30.0,all,1.2,rate_ratio,7.038095238095239
M3,44.0,30.0,all,1.2,post_omori_p,
M3,44.0,30.0,all,1.5,n_total,1883.0
M3,44.0,30.0,all,1.5,rate_ratio,8.270935960591133
M3,44.0,30.0,all,1.5,post_omori_p,
M3,44.0,30.0,all,2.0,n_total,944.0
M3,44.0,30.0,all,2.0,rate_ratio,9.715909090909092
M3,44.0,30.0,all,2.0,post_omori_p,
M3,44.0,30.0,all,2.5,n_total,473.0
M3,44.0,30.0,all,2.5,rate_ratio,9.04255319148936
M3,44.0,30.0,all,2.5,post_omori_p,
M3,44.0,30.0,mainshock_window,,n_total,2873.0
M3,44.0,30.0,mainshock_window,,rate_ratio,6.597883597883599
M3,44.0,30.0,mainshock_window,,post_omori_p,
M3,44.0,30.0,mainshock_window,1.2,n_total,2533.0
M3,44.0,30.0,mainshock_window,1.2,rate_ratio,7.038095238095239
M3,44.0,30.0,mainshock_window,1.2,post_omori_p,
M3,44.0,30.0,mainshock_window,1.5,n_total,1883.0
M3,44.0,30.0,mainshock_window,1.5,rate_ratio,8.270935960591133
M3,44.0,30.0,mainshock_window,1.5,post_omori_p,
M3,44.0,30.0,mainshock_window,2.0,n_total,944.0
M3,44.0,30.0,mainshock_window,2.0,rate_ratio,9.715909090909092
M3,44.0,30.0,mainshock_window,2.0,post_omori_p,
M3,44.0,30.0,mainshock_window,2.5,n_total,473.0
M3,44.0,30.0,mainshock_window,2.5,rate_ratio,9.04255319148936
M3,44.0,30.0,mainshock_window,2.5,post_omori_p,
M3,44.0,30.0,stratified,,n_total,2787.0
M3,44.0,30.0,stratified,,rate_ratio,6.550135501355013
M3,44.0,30.0,stratified,,post_omori_p,
M3,44.0,30.0,stratified,1.2,n_total,2470.0
M3,44.0,30.0,stratified,1.2,rate_ratio,6.9645161290322575
M3,44.0,30.0,stratified,1.2,post_omori_p,
M3,44.0,30.0,stratified,1.5,n_total,1830.0
M3,44.0,30.0,stratified,1.5,rate_ratio,8.237373737373737
M3,44.0,30.0,stratified,1.5,post_omori_p,
M3,44.0,30.0,stratified,2.0,n_total,917.0
M3,44.0,30.0,stratified,2.0,rate_ratio,10.036144578313252
M3,44.0,30.0,stratified,2.0,post_omori_p,
M3,44.0,30.0,stratified,2.5,n_total,459.0
M3,44.0,30.0,stratified,2.5,rate_ratio,9.651162790697676
M3,44.0,30.0,stratified,2.5,post_omori_p,
M3,44.0,60.0,all,,n_total,2964.0
M3,44.0,60.0,all,,rate_ratio,5.31769722814499
M3,44.0,60.0,all,,post_omori_p,
M3,44.0,60.0,all,1.2,n_total,2615.0
M3,44.0,60.0,all,1.2,rate_ratio,5.5843828715365245
M3,44.0,60.0,all,1.2,post_omori_p,
M3,44.0,60.0,all,1.5,n_total,1941.0
M3,44.0,60.0,all,1.5,rate_ratio,6.432950191570882
M3,44.0,60.0,all,1.5,post_omori_p,
M3,44.0,60.0,all,2.0,n_total,974.0
M3,44.0,60.0,all,2.0,rate_ratio,7.245762711864407
M3,44.0,60.0,all,2.0,post_omori_p,
M3,44.0,60.0,all,2.5,n_total,488.0
M3,44.0,60.0,all,2.5,rate_ratio,6.854838709677418
M3,44.0,60.0,all,2.5,post_omori_p,
M3,44.0,60.0,mainshock_window,,n_total,2964.0
M3,44.0,60.0,mainshock_window,,rate_ratio,5.31769722814499
M3,44.0,60.0,mainshock_window,,post_omori_p,
M3,44.0,60.0,mainshock_window,1.2,n_total,2615.0
M3,44.0,60.0,mainshock_window,1.2,rate_ratio,5.5843828715365245
M3,44.0,60.0,mainshock_window,1.2,post_omori_p,
M3,44.0,60.0,mainshock_window,1.5,n_total,1941.0
M3,44.0,60.0,mainshock_window,1.5,rate_ratio,6.432950191570882
M3,44.0,60.0,mainshock_window,1.5,post_omori_p,
M3,44.0,60.0,mainshock_window,2.0,n_total,974.0
M3,44.0,60.0,mainshock_window,2.0,rate_ratio,7.245762711864407
M3,44.0,60.0,mainshock_window,2.0,post_omori_p,
M3,44.0,60.0,mainshock_window,2.5,n_total,488.0
M3,44.0,60.0,mainshock_window,2.5,rate_ratio,6.854838709677418
M3,44.0,60.0,mainshock_window,2.5,post_omori_p,
M3,44.0,60.0,stratified,,n_total,2872.0
M3,44.0,60.0,stratified,,rate_ratio,5.323788546255506
M3,44.0,60.0,stratified,,post_omori_p,
M3,44.0,60.0,stratified,1.2,n_total,2548.0
M3,44.0,60.0,stratified,1.2,rate_ratio,5.564432989690721
M3,44.0,60.0,stratified,1.2,post_omori_p,
M3,44.0,60.0,stratified,1.5,n_total,1887.0
M3,44.0,60.0,stratified,1.5,rate_ratio,6.396078431372549
M3,44.0,60.0,stratified,1.5,post_omori_p,
M3,44.0,60.0,stratified,2.0,n_total,947.0
M3,44.0,60.0,stratified,2.0,rate_ratio,7.371681415929204
M3,44.0,60.0,stratified,2.0,post_omori_p,
M3,44.0,60.0,stratified,2.5,n_total,474.0
M3,44.0,60.0,stratified,2.5,rate_ratio,7.155172413793104
M3,44.0,60.0,stratified,2.5,post_omori_p,
M3,44.0,90.0,all,,n_total,3103.0
M3,44.0,90.0,all,,rate_ratio,4.101973684210527
M3,44.0,90.0,all,,post_omori_p,
M3,44.0,90.0,all,1.2,n_total,2737.0
M3,44.0,90.0,all,1.2,rate_ratio,4.271676300578035
M3,44.0,90.0,all,1.2,post_omori_p,
M3,44.0,90.0,all,1.5,n_total,2028.0
M3,44.0,90.0,all,1.5,rate_ratio,4.82471264367816
M3,44.0,90.0,all,1.5,post_omori_p,
M3,44.0,90.0,all,2.0,n_total,1008.0
M3,44.0,90.0,all,2.0,rate_ratio,5.625
M3,44.0,90.0,all,2.0,post_omori_p,
M3,44.0,90.0,all,2.5,n_total,502.0
M3,44.0,90.0,all,2.5,rate_ratio,5.592105263157895
M3,44.0,90.0,all,2.5,post_omori_p,
M3,44.0,90.0,mainshock_window,,n_total,3103.0
M3,44.0,90.0,mainshock_window,,rate_ratio,4.101973684210527
M3,44.0,90.0,mainshock_window,,post_omori_p,
M3,44.0,90.0,mainshock_window,1.2,n_total,2737.0
M3,44.0,90.0,mainshock_window,1.2,rate_ratio,4.271676300578035
M3,44.0,90.0,mainshock_window,1.2,post_omori_p,
M3,44.0,90.0,mainshock_window,1.5,n_total,2028.0
M3,44.0,90.0,mainshock_window,1.5,rate_ratio,4.82471264367816
M3,44.0,90.0,mainshock_window,1.5,post_omori_p,
M3,44.0,90.0,mainshock_window,2.0,n_total,1008.0
M3,44.0,90.0,mainshock_window,2.0,rate_ratio,5.625
M3,44.0,90.0,mainshock_window,2.0,post_omori_p,
M3,44.0,90.0,mainshock_window,2.5,n_total,502.0
M3,44.0,90.0,mainshock_window,2.5,rate_ratio,5.592105263157895
M3,44.0,90.0,mainshock_window,2.5,post_omori_p,
M3,44.0,90.0,stratified,,n_total,3005.0
M3,44.0,90.0,stratified,,rate_ratio,4.117546848381601
M3,44.0,90.0,stratified,,post_omori_p,
M3,44.0,90.0,stratified,1.2,n_total,2665.0
M3,44.0,90.0,stratified,1.2,rate_ratio,4.275247524752476
M3,44.0,90.0,stratified,1.2,post_omori_p,
M3,44.0,90.0,stratified,1.5,n_total,1970.0
M3,44.0,90.0,stratified,1.5,rate_ratio,4.825443786982249
M3,44.0,90.0,stratified,1.5,post_omori_p,
M3,44.0,90.0,stratified,2.0,n_total,979.0
M3,44.0,90.0,stratified,2.0,rate_ratio,5.744827586206897
M3,44.0,90.0,stratified,2.0,post_omori_p,
M3,44.0,90.0,stratified,2.5,n_total,488.0
M3,44.0,90.0,stratified,2.5,rate_ratio,5.763888888888888
M3,44.0,90.0,stratified,2.5,post_omori_p,
M3,50.0,7.0,all,,n_total,2335.0
M3,50.0,7.0,all,,rate_ratio,31.416666666666668
M3,50.0,7.0,all,,post_omori_p,
M3,50.0,7.0,all,1.2,n_total,2108.0
M3,50.0,7.0,all,1.2,rate_ratio,38.01851851851852
M3,50.0,7.0,all,1.2,post_omori_p,
M3,50.0,7.0,all,1.5,n_total,1638.0
M3,50.0,7.0,all,1.5,rate_ratio,51.80645161290322
M3,50.0,7.0,all,1.5,post_omori_p,
M3,50.0,7.0,all,2.0,n_total,860.0
M3,50.0,7.0,all,2.0,rate_ratio,94.44444444444444
M3,50.0,7.0,all,2.0,post_omori_p,
M3,50.0,7.0,all,2.5,n_total,415.0
M3,50.0,7.0,all,2.5,rate_ratio,102.5
M3,50.0,7.0,all,2.5,post_omori_p,
M3,50.0,7.0,mainshock_window,,n_total,2335.0
M3,50.0,7.0,mainshock_window,,rate_ratio,31.416666666666668
M3,50.0,7.0,mainshock_window,,post_omori_p,
M3,50.0,7.0,mainshock_window,1.2,n_total,2108.0
M3,50.0,7.0,mainshock_window,1.2,rate_ratio,38.01851851851852
M3,50.0,7.0,mainshock_window,1.2,post_omori_p,
M3,50.0,7.0,mainshock_window,1.5,n_total,1638.0
M3,50.0,7.0,mainshock_window,1.5,rate_ratio,51.80645161290322
M3,50.0,7.0,mainshock_window,1.5,post_omori_p,
M3,50.0,7.0,mainshock_window,2.0,n_total,860.0
M3,50.0,7.0,mainshock_window,2.0,rate_ratio,94.44444444444444
M3,50.0,7.0,mainshock_window,2.0,post_omori_p,
M3,50.0,7.0,mainshock_window,2.5,n_total,415.0
M3,50.0,7.0,mainshock_window,2.5,rate_ratio,102.5
M3,50.0,7.0,mainshock_window,2.5,post_omori_p,
M3,50.0,7.0,stratified,,n_total,2229.0
M3,50.0,7.0,stratified,,rate_ratio,32.25373134328358
M3,50.0,7.0,stratified,,post_omori_p,
M3,50.0,7.0,stratified,1.2,n_total,2024.0
M3,50.0,7.0,stratified,1.2,rate_ratio,39.46
M3,50.0,7.0,stratified,1.2,post_omori_p,
M3,50.0,7.0,stratified,1.5,n_total,1566.0
M3,50.0,7.0,stratified,1.5,rate_ratio,56.96296296296296
M3,50.0,7.0,stratified,1.5,post_omori_p,
M3,50.0,7.0,stratified,2.0,n_total,826.0
M3,50.0,7.0,stratified,2.0,rate_ratio,164.0
M3,50.0,7.0,stratified,2.0,post_omori_p,
M3,50.0,7.0,stratified,2.5,n_total,398.0
M3,50.0,7.0,stratified,2.5,rate_ratio,396.0
M3,50.0,7.0,stratified,2.5,post_omori_p,
M3,50.0,30.0,all,,n_total,3328.0
M3,50.0,30.0,all,,rate_ratio,5.049090909090909
M3,50.0,30.0,all,,post_omori_p,
M3,50.0,30.0,all,1.2,n_total,2954.0
M3,50.0,30.0,all,1.2,rate_ratio,5.323340471092076
M3,50.0,30.0,all,1.2,post_omori_p,
M3,50.0,30.0,all,1.5,n_total,2232.0
M3,50.0,30.0,all,1.5,rate_ratio,6.037854889589905
M3,50.0,30.0,all,1.5,post_omori_p,
M3,50.0,30.0,all,2.0,n_total,1118.0
M3,50.0,30.0,all,2.0,rate_ratio,6.703448275862069
M3,50.0,30.0,all,2.0,post_omori_p,
M3,50.0,30.0,all,2.5,n_total,555.0
M3,50.0,30.0,all,2.5,rate_ratio,5.839506172839506
M3,50.0,30.0,all,2.5,post_omori_p,
M3,50.0,30.0,mainshock_window,,n_total,3328.0
M3,50.0,30.0,mainshock_window,,rate_ratio,5.049090909090909
M3,50.0,30.0,mainshock_window,,post_omori_p,
M3,50.0,30.0,mainshock_window,1.2,n_total,2954.0
M3,50.0,30.0,mainshock_window,1.2,rate_ratio,5.323340471092076
M3,50.0,30.0,mainshock_window,1.2,post_omori_p,
M3,50.0,30.0,mainshock_window,1.5,n_total,2232.0
M3,50.0,30.0,mainshock_window,1.5,rate_ratio,6.037854889589905
M3,50.0,30.0,mainshock_window,1.5,post_omori_p,
M3,50.0,30.0,mainshock_window,2.0,n_total,1118.0
M3,50.0,30.0,mainshock_window,2.0,rate_ratio,6.703448275862069
M3,50.0,30.0,mainshock_window,2.0,post_omori_p,
M3,50.0,30.0,mainshock_window,2.5,n_total,555.0
M3,50.0,30.0,mainshock_window,2.5,rate_ratio,5.839506172839506
M3,50.0,30.0,mainshock_window,2.5,post_omori_p,
M3,50.0,30.0,stratified,,n_total,3195.0
M3,50.0,30.0,stratified,,rate_ratio,4.903881700554528
M3,50.0,30.0,stratified,,post_omori_p,
M3,50.0,30.0,stratified,1.2,n_total,2853.0
M3,50.0,30.0,stratified,1.2,rate_ratio,5.1731601731601735
M3,50.0,30.0,stratified,1.2,post_omori_p,
M3,50.0,30.0,stratified,1.5,n_total,2150.0
M3,50.0,30.0,stratified,1.5,rate_ratio,5.887820512820513
M3,50.0,30.0,stratified,1.5,post_omori_p,
M3,50.0,30.0,stratified,2.0,n_total,1081.0
M3,50.0,30.0,stratified,2.0,rate_ratio,6.7142857142857135
M3,50.0,30.0,stratified,2.0,post_omori_p,
M3,50.0,30.0,stratified,2.5,n_total,536.0
M3,50.0,30.0,stratified,2.5,rate_ratio,5.948051948051948
M3,50.0,30.0,stratified,2.5,post_omori_p,
M3,50.0,60.0,all,,n_total,3486.0
M3,50.0,60.0,all,,rate_ratio,3.922316384180791
M3,50.0,60.0,all,,post_omori_p,
M3,50.0,60.0,all,1.2,n_total,3101.0
M3,50.0,60.0,all,1.2,rate_ratio,4.04885993485342
M3,50.0,60.0,all,1.2,post_omori_p,
M3,50.0,60.0,all,1.5,n_total,2336.0
M3,50.0,60.0,all,1.5,rate_ratio,4.546318289786223
M3,50.0,60.0,all,1.5,post_omori_p,
M3,50.0,60.0,all,2.0,n_total,1171.0
M3,50.0,60.0,all,2.0,rate_ratio,4.909090909090909
M3,50.0,60.0,all,2.0,post_omori_p,
M3,50.0,60.0,all,2.5,n_total,582.0
M3,50.0,60.0,all,2.5,rate_ratio,4.37962962962963
M3,50.0,60.0,all,2.5,post_omori_p,
M3,50.0,60.0,mainshock_window,,n_total,3486.0
M3,50.0,60.0,mainshock_window,,rate_ratio,3.922316384180791
M3,50.0,60.0,mainshock_window,,post_omori_p,
M3,50.0,60.0,mainshock_window,1.2,n_total,3101.0
M3,50.0,60.0,mainshock_window,1.2,rate_ratio,4.04885993485342
M3,50.0,60.0,mainshock_window,1.2,post_omori_p,
M3,50.0,60.0,mainshock_window,1.5,n_total,2336.0
M3,50.0,60.0,mainshock_window,1.5,rate_ratio,4.546318289786223
M3,50.0,60.0,mainshock_window,1.5,post_omori_p,
M3,50.0,60.0,mainshock_window,2.0,n_total,1171.0
M3,50.0,60.0,mainshock_window,2.0,rate_ratio,4.909090909090909
M3,50.0,60.0,mainshock_window,2.0,post_omori_p,
M3,50.0,60.0,mainshock_window,2.5,n_total,582.0
M3,50.0,60.0,mainshock_window,2.5,rate_ratio,4.37962962962963
M3,50.0,60.0,mainshock_window,2.5,post_omori_p,
M3,50.0,60.0,stratified,,n_total,3344.0
M3,50.0,60.0,stratified,,rate_ratio,3.844927536231885
M3,50.0,60.0,stratified,,post_omori_p,
M3,50.0,60.0,stratified,1.2,n_total,2993.0
M3,50.0,60.0,stratified,1.2,rate_ratio,3.9700996677740874
M3,50.0,60.0,stratified,1.2,post_omori_p,
M3,50.0,60.0,stratified,1.5,n_total,2251.0
M3,50.0,60.0,stratified,1.5,rate_ratio,4.447941888619854
M3,50.0,60.0,stratified,1.5,post_omori_p,
M3,50.0,60.0,stratified,2.0,n_total,1132.0
M3,50.0,60.0,stratified,2.0,rate_ratio,4.921465968586388
M3,50.0,60.0,stratified,2.0,post_omori_p,
M3,50.0,60.0,stratified,2.5,n_total,562.0
M3,50.0,60.0,stratified,2.5,rate_ratio,4.4466019417475735
M3,50.0,60.0,stratified,2.5,post_omori_p,
M3,50.0,90.0,all,,n_total,3654.0
M3,50.0,90.0,all,,rate_ratio,3.170091324200913
M3,50.0,90.0,all,,post_omori_p,
M3,50.0,90.0,all,1.2,n_total,3251.0
M3,50.0,90.0,all,1.2,rate_ratio,3.253926701570681
M3,50.0,90.0,all,1.2,post_omori_p,
M3,50.0,90.0,all,1.5,n_total,2444.0
M3,50.0,90.0,all,1.5,rate_ratio,3.6181474480151214
M3,50.0,90.0,all,1.5,post_omori_p,
M3,50.0,90.0,all,2.0,n_total,1213.0
M3,50.0,90.0,all,2.0,rate_ratio,4.050000000000001
M3,50.0,90.0,all,2.0,post_omori_p,
M3,50.0,90.0,all,2.5,n_total,599.0
M3,50.0,90.0,all,2.5,rate_ratio,3.784
M3,50.0,90.0,all,2.5,post_omori_p,
M3,50.0,90.0,mainshock_window,,n_total,3654.0
M3,50.0,90.0,mainshock_window,,rate_ratio,3.170091324200913
M3,50.0,90.0,mainshock_window,,post_omori_p,
M3,50.0,90.0,mainshock_window,1.2,n_total,3251.0
M3,50.0,90.0,mainshock_window,1.2,rate_ratio,3.253926701570681
M3,50.0,90.0,mainshock_window,1.2,post_omori_p,
M3,50.0,90.0,mainshock_window,1.5,n_total,2444.0
M3,50.0,90.0,mainshock_window,1.5,rate_ratio,3.6181474480151214
M3,50.0,90.0,mainshock_window,1.5,post_omori_p,
M3,50.0,90.0,mainshock_window,2.0,n_total,1213.0
M3,50.0,90.0,mainshock_window,2.0,rate_ratio,4.050000000000001
M3,50.0,90.0,mainshock_window,2.0,post_omori_p,
M3,50.0,90.0,mainshock_window,2.5,n_total,599.0
M3,50.0,90.0,mainshock_window,2.5,rate_ratio,3.784
M3,50.0,90.0,mainshock_window,2.5,post_omori_p,
M3,50.0,90.0,stratified,,n_total,3504.0
M3,50.0,90.0,stratified,,rate_ratio,3.121176470588235
M3,50.0,90.0,stratified,,post_omori_p,
M3,50.0,90.0,stratified,1.2,n_total,3136.0
M3,50.0,90.0,stratified,1.2,rate_ratio,3.208053691275168
M3,50.0,90.0,stratified,1.2,post_omori_p,
M3,50.0,90.0,stratified,1.5,n_total,2353.0
M3,50.0,90.0,stratified,1.5,rate_ratio,3.566990291262136
M3,50.0,90.0,stratified,1.5,post_omori_p,
M3,50.0,90.0,stratified,2.0,n_total,1171.0
M3,50.0,90.0,stratified,2.0,rate_ratio,4.086956521739131
M3,50.0,90.0,stratified,2.0,post_omori_p,
M3,50.0,90.0,stratified,2.5,n_total,579.0
M3,50.0,90.0,stratified,2.5,rate_ratio,3.8166666666666655
M3,50.0,90.0,stratified,2.5,post_omori_p,
M3,80.0,7.0,all,,n_total,3045.0
M3,80.0,7.0,all,,rate_ratio,16.69767441860465
M3,80.0,7.0,all,,post_omori_p,
M3,80.0,7.0,all,1.2,n_total,2635.0
M3,80.0,7.0,all,1.2,rate_ratio,25.07920792079208
M3,80.0,7.0,all,1.2,post_omori_p,
M3,80.0,7.0,all,1.5,n_total,1999.0
M3,80.0,7.0,all,1.5,rate_ratio,30.714285714285715
M3,80.0,7.0,all,1.5,post_omori_p,
M3,80.0,7.0,all,2.0,n_total,1028.0
M3,80.0,7.0,all,2.0,rate_ratio,45.68181818181819
M3,80.0,7.0,all,2.0,post_omori_p,
M3,80.0,7.0,all,2.5,n_total,502.0
M3,80.0,7.0,all,2.5,rate_ratio,37.53846153846153
M3,80.0,7.0,all,2.5,post_omori_p,
M3,80.0,7.0,mainshock_window,,n_total,3020.0
M3,80.0,7.0,mainshock_window,,rate_ratio,16.758823529411764
M3,80.0,7.0,mainshock_window,,post_omori_p,
M3,80.0,7.0,mainshock_window,1.2,n_total,2626.0
M3,80.0,7.0,mainshock_window,1.2,rate_ratio,24.990099009900987
M3,80.0,7.0,mainshock_window,1.2,post_omori_p,
M3,80.0,7.0,mainshock_window,1.5,n_total,1992.0
M3,80.0,7.0,mainshock_window,1.5,rate_ratio,30.603174603174605
M3,80.0,7.0,mainshock_window,1.5,post_omori_p,
M3,80.0,7.0,mainshock_window,2.0,n_total,1027.0
M3,80.0,7.0,mainshock_window,2.0,rate_ratio,45.63636363636363
M3,80.0,7.0,mainshock_window,2.0,post_omori_p,
M3,80.0,7.0,mainshock_window,2.5,n_total,502.0
M3,80.0,7.0,mainshock_window,2.5,rate_ratio,37.53846153846153
M3,80.0,7.0,mainshock_window,2.5,post_omori_p,
M3,80.0,7.0,stratified,,n_total,2740.0
M3,80.0,7.0,stratified,,rate_ratio,17.13907284768212
M3,80.0,7.0,stratified,,post_omori_p,
M3,80.0,7.0,stratified,1.2,n_total,2406.0
M3,80.0,7.0,stratified,1.2,rate_ratio,25.428571428571427
M3,80.0,7.0,stratified,1.2,post_omori_p,
M3,80.0,7.0,stratified,1.5,n_total,1825.0
M3,80.0,7.0,stratified,1.5,rate_ratio,32.163636363636364
M3,80.0,7.0,stratified,1.5,post_omori_p,
M3,80.0,7.0,stratified,2.0,n_total,943.0
M3,80.0,7.0,stratified,2.0,rate_ratio,61.8
M3,80.0,7.0,stratified,2.0,post_omori_p,
M3,80.0,7.0,stratified,2.5,n_total,452.0
M3,80.0,7.0,stratified,2.5,rate_ratio,55.375
M3,80.0,7.0,stratified,2.5,post_omori_p,
M3,80.0,30.0,all,,n_total,4642.0
M3,80.0,30.0,all,,rate_ratio,3.6784274193548394
M3,80.0,30.0,all,,post_omori_p,
M3,80.0,30.0,all,1.2,n_total,3906.0
M3,80.0,30.0,all,1.2,rate_ratio,4.091264667535854
M3,80.0,30.0,all,1.2,post_omori_p,
M3,80.0,30.0,all,1.5,n_total,2868.0
M3,80.0,30.0,all,1.5,rate_ratio,4.699801192842942
M3,80.0,30.0,all,1.5,post_omori_p,
M3,80.0,30.0,all,2.0,n_total,1419.0
M3,80.0,30.0,all,2.0,rate_ratio,5.138528138528139
M3,80.0,30.0,all,2.0,post_omori_p,
M3,80.0,30.0,all,2.5,n_total,693.0
M3,80.0,30.0,all,2.5,rate_ratio,4.672131147540984
M3,80.0,30.0,all,2.5,post_omori_p,
M3,80.0,30.0,mainshock_window,,n_total,4608.0
M3,80.0,30.0,mainshock_window,,rate_ratio,3.667679837892604
M3,80.0,30.0,mainshock_window,,post_omori_p,
M3,80.0,30.0,mainshock_window,1.2,n_total,3894.0
M3,80.0,30.0,mainshock_window,1.2,rate_ratio,4.075619295958279
M3,80.0,30.0,mainshock_window,1.2,post_omori_p,
M3,80.0,30.0,mainshock_window,1.5,n_total,2858.0
M3,80.0,30.0,mainshock_window,1.5,rate_ratio,4.679920477137177
M3,80.0,30.0,mainshock_window,1.5,post_omori_p,
M3,80.0,30.0,mainshock_window,2.0,n_total,1416.0
M3,80.0,30.0,mainshock_window,2.0,rate_ratio,5.125541125541126
M3,80.0,30.0,mainshock_window,2.0,post_omori_p,
M3,80.0,30.0,mainshock_window,2.5,n_total,691.0
M3,80.0,30.0,mainshock_window,2.5,rate_ratio,4.6557377049180335
M3,80.0,30.0,mainshock_window,2.5,post_omori_p,
M3,80.0,30.0,stratified,,n_total,4185.0
M3,80.0,30.0,stratified,,rate_ratio,3.685330347144457
M3,80.0,30.0,stratified,,post_omori_p,
M3,80.0,30.0,stratified,1.2,n_total,3581.0
M3,80.0,30.0,stratified,1.2,rate_ratio,4.078014184397163
M3,80.0,30.0,stratified,1.2,post_omori_p,
M3,80.0,30.0,stratified,1.5,n_total,2636.0
M3,80.0,30.0,stratified,1.5,rate_ratio,4.703463203463204
M3,80.0,30.0,stratified,1.5,post_omori_p,
M3,80.0,30.0,stratified,2.0,n_total,1310.0
M3,80.0,30.0,stratified,2.0,rate_ratio,5.2037914691943135
M3,80.0,30.0,stratified,2.0,post_omori_p,
M3,80.0,30.0,stratified,2.5,n_total,633.0
M3,80.0,30.0,stratified,2.5,rate_ratio,4.693693693693693
M3,80.0,30.0,stratified,2.5,post_omori_p,
M3,80.0,60.0,all,,n_total,5003.0
M3,80.0,60.0,all,,rate_ratio,2.696969696969697
M3,80.0,60.0,all,,post_omori_p,
M3,80.0,60.0,all,1.2,n_total,4216.0
M3,80.0,60.0,all,1.2,rate_ratio,2.913649025069638
M3,80.0,60.0,all,1.2,post_omori_p,
M3,80.0,60.0,all,1.5,n_total,3070.0
M3,80.0,60.0,all,1.5,rate_ratio,3.353191489361702
M3,80.0,60.0,all,1.5,post_omori_p,
M3,80.0,60.0,all,2.0,n_total,1520.0
M3,80.0,60.0,all,2.0,rate_ratio,3.5753012048192776
M3,80.0,60.0,all,2.0,post_omori_p,
M3,80.0,60.0,all,2.5,n_total,740.0
M3,80.0,60.0,all,2.5,rate_ratio,3.3727810650887573
M3,80.0,60.0,all,2.5,post_omori_p,
M3,80.0,60.0,mainshock_window,,n_total,4966.0
M3,80.0,60.0,mainshock_window,,rate_ratio,2.691449814126394
M3,80.0,60.0,mainshock_window,,post_omori_p,
M3,80.0,60.0,mainshock_window,1.2,n_total,4202.0
M3,80.0,60.0,mainshock_window,1.2,rate_ratio,2.907906976744186
M3,80.0,60.0,mainshock_window,1.2,post_omori_p,
M3,80.0,60.0,mainshock_window,1.5,n_total,3060.0
M3,80.0,60.0,mainshock_window,1.5,rate_ratio,3.3390070921985817
M3,80.0,60.0,mainshock_window,1.5,post_omori_p,
M3,80.0,60.0,mainshock_window,2.0,n_total,1517.0
M3,80.0,60.0,mainshock_window,2.0,rate_ratio,3.566265060240964
M3,80.0,60.0,mainshock_window,2.0,post_omori_p,
M3,80.0,60.0,mainshock_window,2.5,n_total,738.0
M3,80.0,60.0,mainshock_window,2.5,rate_ratio,3.36094674556213
M3,80.0,60.0,mainshock_window,2.5,post_omori_p,
M3,80.0,60.0,stratified,,n_total,4485.0
M3,80.0,60.0,stratified,,rate_ratio,2.7585917854149207
M3,80.0,60.0,stratified,,post_omori_p,
M3,80.0,60.0,stratified,1.2,n_total,3856.0
M3,80.0,60.0,stratified,1.2,rate_ratio,2.933673469387755
M3,80.0,60.0,stratified,1.2,post_omori_p,
M3,80.0,60.0,stratified,1.5,n_total,2822.0
M3,80.0,60.0,stratified,1.5,rate_ratio,3.353395061728395
M3,80.0,60.0,stratified,1.5,post_omori_p,
M3,80.0,60.0,stratified,2.0,n_total,1402.0
M3,80.0,60.0,stratified,2.0,rate_ratio,3.623762376237624
M3,80.0,60.0,stratified,2.0,post_omori_p,
M3,80.0,60.0,stratified,2.5,n_total,676.0
M3,80.0,60.0,stratified,2.5,rate_ratio,3.383116883116883
M3,80.0,60.0,stratified,2.5,post_omori_p,
M3,80.0,90.0,all,,n_total,5311.0
M3,80.0,90.0,all,,rate_ratio,2.196869355809753
M3,80.0,90.0,all,,post_omori_p,
M3,80.0,90.0,all,1.2,n_total,4477.0
M3,80.0,90.0,all,1.2,rate_ratio,2.345291479820628
M3,80.0,90.0,all,1.2,post_omori_p,
M3,80.0,90.0,all,1.5,n_total,3255.0
M3,80.0,90.0,all,1.5,rate_ratio,2.656179775280899
M3,80.0,90.0,all,1.5,post_omori_p,
M3,80.0,90.0,all,2.0,n_total,1596.0
M3,80.0,90.0,all,2.0,rate_ratio,2.909313725490196
M3,80.0,90.0,all,2.0,post_omori_p,
M3,80.0,90.0,all,2.5,n_total,775.0
M3,80.0,90.0,all,2.5,rate_ratio,2.794117647058824
M3,80.0,90.0,all,2.5,post_omori_p,
M3,80.0,90.0,mainshock_window,,n_total,5271.0
M3,80.0,90.0,mainshock_window,,rate_ratio,2.193939393939394
M3,80.0,90.0,mainshock_window,,post_omori_p,
M3,80.0,90.0,mainshock_window,1.2,n_total,4462.0
M3,80.0,90.0,mainshock_window,1.2,rate_ratio,2.3415730337078653
M3,80.0,90.0,mainshock_window,1.2,post_omori_p,
M3,80.0,90.0,mainshock_window,1.5,n_total,3244.0
M3,80.0,90.0,mainshock_window,1.5,rate_ratio,2.647919010123734
M3,80.0,90.0,mainshock_window,1.5,post_omori_p,
M3,80.0,90.0,mainshock_window,2.0,n_total,1593.0
M3,80.0,90.0,mainshock_window,2.0,rate_ratio,2.9019607843137254
M3,80.0,90.0,mainshock_window,2.0,post_omori_p,
M3,80.0,90.0,mainshock_window,2.5,n_total,773.0
M3,80.0,90.0,mainshock_window,2.5,rate_ratio,2.784313725490196
M3,80.0,90.0,mainshock_window,2.5,post_omori_p,
M3,80.0,90.0,stratified,,n_total,4722.0
M3,80.0,90.0,stratified,,rate_ratio,2.3013986013986014
M3,80.0,90.0,stratified,,post_omori_p,
M3,80.0,90.0,stratified,1.2,n_total,4070.0
M3,80.0,90.0,stratified,1.2,rate_ratio,2.40787269681742
M3,80.0,90.0,stratified,1.2,post_omori_p,
M3,80.0,90.0,stratified,1.5,n_total,2978.0
M3,80.0,90.0,stratified,1.5,rate_ratio,2.70273631840796
M3,80.0,90.0,stratified,1.5,post_omori_p,
M3,80.0,90.0,stratified,2.0,n_total,1466.0
M3,80.0,90.0,stratified,2.0,rate_ratio,2.991825613079019
M3,80.0,90.0,stratified,2.0,post_omori_p,
M3,80.0,90.0,stratified,2.5,n_total,704.0
M3,80.0,90.0,stratified,2.5,rate_ratio,2.8626373626373627
M3,80.0,90.0,stratified,2.5,post_omori_p,
M3,100.0,7.0,all,,n_total,3158.0
M3,100.0,7.0,all,,rate_ratio,14.70646766169154
M3,100.0,7.0,all,,post_omori_p,
M3,100.0,7.0,all,1.2,n_total,2698.0
M3,100.0,7.0,all,1.2,rate_ratio,22.051282051282048
M3,100.0,7.0,all,1.2,post_omori_p,
M3,100.0,7.0,all,1.5,n_total,2038.0
M3,100.0,7.0,all,1.5,rate_ratio,28.1
M3,100.0,7.0,all,1.5,post_omori_p,
M3,100.0,7.0,all,2.0,n_total,1042.0
M3,100.0,7.0,all,2.0,rate_ratio,42.375
M3,100.0,7.0,all,2.0,post_omori_p,
M3,100.0,7.0,all,2.5,n_total,509.0
M3,100.0,7.0,all,2.5,rate_ratio,35.285714285714285
M3,100.0,7.0,all,2.5,post_omori_p,
M3,100.0,7.0,mainshock_window,,n_total,3068.0
M3,100.0,7.0,mainshock_window,,rate_ratio,15.313829787234042
M3,100.0,7.0,mainshock_window,,post_omori_p,
M3,100.0,7.0,mainshock_window,1.2,n_total,2657.0
M3,100.0,7.0,mainshock_window,1.2,rate_ratio,23.145454545454548
M3,100.0,7.0,mainshock_window,1.2,post_omori_p,
M3,100.0,7.0,mainshock_window,1.5,n_total,2012.0
M3,100.0,7.0,mainshock_window,1.5,rate_ratio,29.469696969696965
M3,100.0,7.0,mainshock_window,1.5,post_omori_p,
M3,100.0,7.0,mainshock_window,2.0,n_total,1034.0
M3,100.0,7.0,mainshock_window,2.0,rate_ratio,45.95454545454545
M3,100.0,7.0,mainshock_window,2.0,post_omori_p,
M3,100.0,7.0,mainshock_window,2.5,n_total,504.0
M3,100.0,7.0,mainshock_window,2.5,rate_ratio,37.69230769230769
M3,100.0,7.0,mainshock_window,2.5,post_omori_p,
M3,100.0,7.0,stratified,,n_total,2770.0
M3,100.0,7.0,stratified,,rate_ratio,16.30625
M3,100.0,7.0,stratified,,post_omori_p,
M3,100.0,7.0,stratified,1.2,n_total,2432.0
M3,100.0,7.0,stratified,1.2,rate_ratio,23.80612244897959
M3,100.0,7.0,stratified,1.2,post_omori_p,
M3,100.0,7.0,stratified,1.5,n_total,1842.0
M3,100.0,7.0,stratified,1.5,rate_ratio,30.741379310344826
M3,100.0,7.0,stratified,1.5,post_omori_p,
M3,100.0,7.0,stratified,2.0,n_total,949.0
M3,100.0,7.0,stratified,2.0,rate_ratio,62.2
M3,100.0,7.0,stratified,2.0,post_omori_p,
M3,100.0,7.0,stratified,2.5,n_total,453.0
M3,100.0,7.0,stratified,2.5,rate_ratio,55.50000000000001
M3,100.0,7.0,stratified,2.5,post_omori_p,
M3,100.0,30.0,all,,n_total,4901.0
M3,100.0,30.0,all,,rate_ratio,3.317180616740088
M3,100.0,30.0,all,,post_omori_p,
M3,100.0,30.0,all,1.2,n_total,4044.0
M3,100.0,30.0,all,1.2,rate_ratio,3.784615384615384
M3,100.0,30.0,all,1.2,post_omori_p,
M3,100.0,30.0,all,1.5,n_total,2956.0
M3,100.0,30.0,all,1.5,rate_ratio,4.353260869565218
M3,100.0,30.0,all,1.5,post_omori_p,
M3,100.0,30.0,all,2.0,n_total,1454.0
M3,100.0,30.0,all,2.0,rate_ratio,4.835341365461847
M3,100.0,30.0,all,2.0,post_omori_p,
M3,100.0,30.0,all,2.5,n_total,713.0
M3,100.0,30.0,all,2.5,rate_ratio,4.353383458646617
M3,100.0,30.0,all,2.5,post_omori_p,
M3,100.0,30.0,mainshock_window,,n_total,4741.0
M3,100.0,30.0,mainshock_window,,rate_ratio,3.4093023255813955
M3,100.0,30.0,mainshock_window,,post_omori_p,
M3,100.0,30.0,mainshock_window,1.2,n_total,3976.0
M3,100.0,30.0,mainshock_window,1.2,rate_ratio,3.8594132029339856
M3,100.0,30.0,mainshock_window,1.2,post_omori_p,
M3,100.0,30.0,mainshock_window,1.5,n_total,2909.0
M3,100.0,30.0,mainshock_window,1.5,rate_ratio,4.455909943714822
M3,100.0,30.0,mainshock_window,1.5,post_omori_p,
M3,100.0,30.0,mainshock_window,2.0,n_total,1432.0
M3,100.0,30.0,mainshock_window,2.0,rate_ratio,5.012605042016807
M3,100.0,30.0,mainshock_window,2.0,post_omori_p,
M3,100.0,30.0,mainshock_window,2.5,n_total,697.0
M3,100.0,30.0,mainshock_window,2.5,rate_ratio,4.5680000000000005
M3,100.0,30.0,mainshock_window,2.5,post_omori_p,
M3,100.0,30.0,stratified,,n_total,4270.0
M3,100.0,30.0,stratified,,rate_ratio,3.493684210526316
M3,100.0,30.0,stratified,,post_omori_p,
M3,100.0,30.0,stratified,1.2,n_total,3648.0
M3,100.0,30.0,stratified,1.2,rate_ratio,3.882195448460509
M3,100.0,30.0,stratified,1.2,post_omori_p,
M3,100.0,30.0,stratified,1.5,n_total,2677.0
M3,100.0,30.0,stratified,1.5,rate_ratio,4.506172839506173
M3,100.0,30.0,stratified,1.5,post_omori_p,
M3,100.0,30.0,stratified,2.0,n_total,1322.0
M3,100.0,30.0,stratified,2.0,rate_ratio,5.115740740740741
M3,100.0,30.0,stratified,2.0,post_omori_p,
M3,100.0,30.0,stratified,2.5,n_total,636.0
M3,100.0,30.0,stratified,2.5,rate_ratio,4.619469026548672
M3,100.0,30.0,stratified,2.5,post_omori_p,
M3,100.0,60.0,all,,n_total,5387.0
M3,100.0,60.0,all,,rate_ratio,2.322640345465762
M3,100.0,60.0,all,,post_omori_p,
M3,100.0,60.0,all,1.2,n_total,4426.0
M3,100.0,60.0,all,1.2,rate_ratio,2.606356968215159
M3,100.0,60.0,all,1.2,post_omori_p,
M3,100.0,60.0,all,1.5,n_total,3204.0
M3,100.0,60.0,all,1.5,rate_ratio,3.00375
M3,100.0,60.0,all,1.5,post_omori_p,
M3,100.0,60.0,all,2.0,n_total,1573.0
M3,100.0,60.0,all,2.0,rate_ratio,3.2717391304347823
M3,100.0,60.0,all,2.0,post_omori_p,
M3,100.0,60.0,all,2.5,n_total,771.0
M3,100.0,60.0,all,2.5,rate_ratio,3.031413612565445
M3,100.0,60.0,all,2.5,post_omori_p,
M3,100.0,60.0,mainshock_window,,n_total,5173.0
M3,100.0,60.0,mainshock_window,,rate_ratio,2.431984074319841
M3,100.0,60.0,mainshock_window,,post_omori_p,
M3,100.0,60.0,mainshock_window,1.2,n_total,4334.0
M3,100.0,60.0,mainshock_window,1.2,rate_ratio,2.6845238095238093
M3,100.0,60.0,mainshock_window,1.2,post_omori_p,
M3,100.0,60.0,mainshock_window,1.5,n_total,3143.0
M3,100.0,60.0,mainshock_window,1.5,rate_ratio,3.096479791395046
M3,100.0,60.0,mainshock_window,1.5,post_omori_p,
M3,100.0,60.0,mainshock_window,2.0,n_total,1541.0
M3,100.0,60.0,mainshock_window,2.0,rate_ratio,3.438040345821326
M3,100.0,60.0,mainshock_window,2.0,post_omori_p,
M3,100.0,60.0,mainshock_window,2.5,n_total,751.0
M3,100.0,60.0,mainshock_window,2.5,rate_ratio,3.1899441340782126
M3,100.0,60.0,mainshock_window,2.5,post_omori_p,
M3,100.0,60.0,stratified,,n_total,4608.0
M3,100.0,60.0,stratified,,rate_ratio,2.5768633540372674
M3,100.0,60.0,stratified,,post_omori_p,
M3,100.0,60.0,stratified,1.2,n_total,3955.0
M3,100.0,60.0,stratified,1.2,rate_ratio,2.751423149905124
M3,100.0,60.0,stratified,1.2,post_omori_p,
M3,100.0,60.0,stratified,1.5,n_total,2884.0
M3,100.0,60.0,stratified,1.5,rate_ratio,3.16017316017316
M3,100.0,60.0,stratified,1.5,post_omori_p,
M3,100.0,60.0,stratified,2.0,n_total,1417.0
M3,100.0,60.0,stratified,2.0,rate_ratio,3.553054662379421
M3,100.0,60.0,stratified,2.0,post_omori_p,
M3,100.0,60.0,stratified,2.5,n_total,682.0
M3,100.0,60.0,stratified,2.5,rate_ratio,3.283018867924528
M3,100.0,60.0,stratified,2.5,post_omori_p,
M3,100.0,90.0,all,,n_total,5850.0
M3,100.0,90.0,all,,rate_ratio,1.8066218809980807
M3,100.0,90.0,all,,post_omori_p,
M3,100.0,90.0,all,1.2,n_total,4758.0
M3,100.0,90.0,all,1.2,rate_ratio,2.0513149454778703
M3,100.0,90.0,all,1.2,post_omori_p,
M3,100.0,90.0,all,1.5,n_total,3428.0
M3,100.0,90.0,all,1.5,rate_ratio,2.3466796875
M3,100.0,90.0,all,1.5,post_omori_p,
M3,100.0,90.0,all,2.0,n_total,1671.0
M3,100.0,90.0,all,2.0,rate_ratio,2.5836909871244638
M3,100.0,90.0,all,2.0,post_omori_p,
M3,100.0,90.0,all,2.5,n_total,813.0
M3,100.0,90.0,all,2.5,rate_ratio,2.484978540772532
M3,100.0,90.0,all,2.5,post_omori_p,
M3,100.0,90.0,mainshock_window,,n_total,5553.0
M3,100.0,90.0,mainshock_window,,rate_ratio,1.94223635400106
M3,100.0,90.0,mainshock_window,,post_omori_p,
M3,100.0,90.0,mainshock_window,1.2,n_total,4631.0
M3,100.0,90.0,mainshock_window,1.2,rate_ratio,2.1432450780719616
M3,100.0,90.0,mainshock_window,1.2,post_omori_p,
M3,100.0,90.0,mainshock_window,1.5,n_total,3345.0
M3,100.0,90.0,mainshock_window,1.5,rate_ratio,2.4509803921568625
M3,100.0,90.0,mainshock_window,1.5,post_omori_p,
M3,100.0,90.0,mainshock_window,2.0,n_total,1626.0
M3,100.0,90.0,mainshock_window,2.0,rate_ratio,2.7615740740740744
M3,100.0,90.0,mainshock_window,2.0,post_omori_p,
M3,100.0,90.0,mainshock_window,2.5,n_total,788.0
M3,100.0,90.0,mainshock_window,2.5,rate_ratio,2.6435185185185186
M3,100.0,90.0,mainshock_window,2.5,post_omori_p,
M3,100.0,90.0,stratified,,n_total,4873.0
M3,100.0,90.0,stratified,,rate_ratio,2.1371538956857696
M3,100.0,90.0,stratified,,post_omori_p,
M3,100.0,90.0,stratified,1.2,n_total,4193.0
M3,100.0,90.0,stratified,1.2,rate_ratio,2.244582043343653
M3,100.0,90.0,stratified,1.2,post_omori_p,
M3,100.0,90.0,stratified,1.5,n_total,3054.0
M3,100.0,90.0,stratified,1.5,rate_ratio,2.53765932792584
M3,100.0,90.0,stratified,1.5,post_omori_p,
M3,100.0,90.0,stratified,2.0,n_total,1489.0
M3,100.0,90.0,stratified,2.0,rate_ratio,2.885117493472585
M3,100.0,90.0,stratified,2.0,post_omori_p,
M3,100.0,90.0,stratified,2.5,n_total,712.0
M3,100.0,90.0,stratified,2.5,rate_ratio,2.761904761904762
M3,100.0,90.0,stratified,2.5,post_omori_p,
