mainshock,radius_km,time_window_days,depth_strategy,mag_threshold,n_total,n_pre,n_post,duration_pre_days,duration_post_days,pre_rate,post_rate,rate_ratio,moving_rate_max,moving_rate_median,post_omori_c,post_omori_k,post_omori_p,post_omori_r2,post_omori_fit_ok,radial_q25_km,radial_q50_km,radial_q75_km,depth_q25_km,depth_q50_km,depth_q75_km,mag_q25,mag_q50,mag_q75,mecha_events,mecha_available
M1,30.0,7.0,all,,1926,506,1419,7.0,7.0,72.28571428571429,202.71428571428572,2.8043478260869565,218.57142857142858,202.85714285714286,,,,,False,8.582350836530164,13.725306162741493,20.942664386972382,9.5825,11.34,12.7975,1.6,1.9,2.4,6,True
M1,30.0,7.0,all,1.2,1862,479,1382,7.0,7.0,68.42857142857143,197.42857142857142,2.8851774530271395,213.28571428571428,197.57142857142858,,,,,False,8.698888077205824,13.876420540761085,21.05632575111975,9.58,11.34,12.807500000000001,1.6,1.9,2.4,6,True
M1,30.0,7.0,all,1.5,1593,371,1221,7.0,7.0,53.0,174.42857142857142,3.2911051212938003,189.14285714285714,174.57142857142858,,,,,False,8.896218112474036,14.479671964558348,21.32353950027553,9.63,11.45,13.02,1.7,2.0,2.6,6,True
M1,30.0,7.0,all,2.0,869,174,694,7.0,7.0,24.857142857142858,99.14285714285714,3.9885057471264367,110.42857142857143,99.28571428571429,,,,,False,9.642163184253159,15.647481243394227,21.885526653892025,10.02,12.16,13.76,2.2,2.5,3.1,6,True
M1,30.0,7.0,all,2.5,449,99,349,7.0,7.0,14.142857142857142,49.857142857142854,3.525252525252525,58.285714285714285,50.0,,,,,False,8.739497821204722,15.243216151510628,21.420196909730386,10.7,12.58,14.09,2.7,3.1,3.5,6,True
M1,30.0,7.0,mainshock_window,,1926,506,1419,7.0,7.0,72.28571428571429,202.71428571428572,2.8043478260869565,218.57142857142858,202.85714285714286,,,,,False,8.582350836530164,13.725306162741493,20.942664386972382,9.5825,11.34,12.7975,1.6,1.9,2.4,6,True
M1,30.0,7.0,mainshock_window,1.2,1862,479,1382,7.0,7.0,68.42857142857143,197.42857142857142,2.8851774530271395,213.28571428571428,197.57142857142858,,,,,False,8.698888077205824,13.876420540761085,21.05632575111975,9.58,11.34,12.807500000000001,1.6,1.9,2.4,6,True
M1,30.0,7.0,mainshock_window,1.5,1593,371,1221,7.0,7.0,53.0,174.42857142857142,3.2911051212938003,189.14285714285714,174.57142857142858,,,,,False,8.896218112474036,14.479671964558348,21.32353950027553,9.63,11.45,13.02,1.7,2.0,2.6,6,True
M1,30.0,7.0,mainshock_window,2.0,869,174,694,7.0,7.0,24.857142857142858,99.14285714285714,3.9885057471264367,110.42857142857143,99.28571428571429,,,,,False,9.642163184253159,15.647481243394227,21.885526653892025,10.02,12.16,13.76,2.2,2.5,3.1,6,True
M1,30.0,7.0,mainshock_window,2.5,449,99,349,7.0,7.0,14.142857142857142,49.857142857142854,3.525252525252525,58.285714285714285,50.0,,,,,False,8.739497821204722,15.243216151510628,21.420196909730386,10.7,12.58,14.09,2.7,3.1,3.5,6,True
M1,30.0,7.0,stratified,,1923,506,1416,7.0,7.0,72.28571428571429,202.28571428571428,2.7984189723320156,218.14285714285714,202.42857142857142,,,,,False,8.578478525994797,13.719494959455117,20.889858016570088,9.58,11.34,12.79,1.6,1.9,2.4,6,True
M1,30.0,7.0,stratified,1.2,1859,479,1379,7.0,7.0,68.42857142857143,197.0,2.8789144050104385,212.85714285714286,197.14285714285714,,,,,False,8.688425069204559,13.856492265355302,21.040505342539248,9.57,11.34,12.8,1.6,1.9,2.4,6,True
M1,30.0,7.0,stratified,1.5,1590,371,1218,7.0,7.0,53.0,174.0,3.2830188679245285,188.71428571428572,174.14285714285714,,,,,False,8.88802750379356,14.45569357272632,21.26920470527603,9.622499999999999,11.45,12.9975,1.7,2.0,2.6,6,True
M1,30.0,7.0,stratified,2.0,867,174,692,7.0,7.0,24.857142857142858,98.85714285714286,3.977011494252874,110.14285714285714,99.0,,,,,False,9.638514139907429,15.563092207934144,21.876101593443906,10.004999999999999,12.16,13.754999999999999,2.2,2.5,3.1,6,True
M1,30.0,7.0,stratified,2.5,449,99,349,7.0,7.0,14.142857142857142,49.857142857142854,3.525252525252525,58.285714285714285,50.0,,,,,False,8.739497821204722,15.243216151510628,21.420196909730386,10.7,12.58,14.09,2.7,3.1,3.5,6,True
M1,30.0,30.0,all,,2591,519,2071,30.0,30.0,17.3,69.03333333333333,3.9903660886319843,237.0,17.857142857142858,0.01,227.29978007421198,0.6035498463481743,0.915266388113204,True,9.656572229509818,14.811243369708498,21.74858651582821,9.46,11.29,12.79,1.5,1.8,2.3,6,True
M1,30.0,30.0,all,1.2,2495,492,2002,30.0,30.0,16.4,66.73333333333333,4.069105691056911,230.0,16.57142857142857,0.01,221.6607120659214,0.614059930112035,0.9155994503281584,True,9.723219983134257,15.00474093066905,21.86905113322618,9.465,11.3,12.81,1.5,1.8,2.3,6,True
M1,30.0,30.0,all,1.5,2060,381,1678,30.0,30.0,12.7,55.93333333333333,4.404199475065616,201.14285714285714,12.5,0.01,192.77853015767624,0.6696377594670564,0.9170180178871111,True,9.871019480080173,15.26377937524595,21.892690822769865,9.5375,11.42,13.0,1.7,2.0,2.425,6,True
M1,30.0,30.0,all,2.0,1042,180,861,30.0,30.0,6.0,28.7,4.783333333333333,115.28571428571429,5.071428571428571,0.01,105.01682845903764,0.8523939478044064,0.9437953291137678,True,10.236636289835749,15.900741240580318,22.108424676783777,10.29,12.27,13.8475,2.2,2.4,3.0,6,True
M1,30.0,30.0,all,2.5,515,102,412,30.0,30.0,3.4,13.733333333333333,4.03921568627451,60.0,1.8571428571428572,0.01,48.94853461912918,0.9963574497393441,0.9657456526182046,True,9.272396991953023,15.421285932633065,21.42838671956374,10.76,12.69,14.18,2.7,3.0,3.5,6,True
M1,30.0,30.0,mainshock_window,,2591,519,2071,30.0,30.0,17.3,69.03333333333333,3.9903660886319843,237.0,17.857142857142858,0.01,227.29978007421198,0.6035498463481743,0.915266388113204,True,9.656572229509818,14.811243369708498,21.74858651582821,9.46,11.29,12.79,1.5,1.8,2.3,6,True
M1,30.0,30.0,mainshock_window,1.2,2495,492,2002,30.0,30.0,16.4,66.73333333333333,4.069105691056911,230.0,16.57142857142857,0.01,221.6607120659214,0.614059930112035,0.9155994503281584,True,9.723219983134257,15.00474093066905,21.86905113322618,9.465,11.3,12.81,1.5,1.8,2.3,6,True
M1,30.0,30.0,mainshock_window,1.5,2060,381,1678,30.0,30.0,12.7,55.93333333333333,4.404199475065616,201.14285714285714,12.5,0.01,192.77853015767624,0.6696377594670564,0.9170180178871111,True,9.871019480080173,15.26377937524595,21.892690822769865,9.5375,11.42,13.0,1.7,2.0,2.425,6,True
M1,30.0,30.0,mainshock_window,2.0,1042,180,861,30.0,30.0,6.0,28.7,4.783333333333333,115.28571428571429,5.071428571428571,0.01,105.01682845903764,0.8523939478044064,0.9437953291137678,True,10.236636289835749,15.900741240580318,22.108424676783777,10.29,12.27,13.8475,2.2,2.4,3.0,6,True
M1,30.0,30.0,mainshock_window,2.5,515,102,412,30.0,30.0,3.4,13.733333333333333,4.03921568627451,60.0,1.8571428571428572,0.01,48.94853461912918,0.9963574497393441,0.9657456526182046,True,9.272396991953023,15.421285932633065,21.42838671956374,10.76,12.69,14.18,2.7,3.0,3.5,6,True
M1,30.0,30.0,stratified,,2586,519,2066,30.0,30.0,17.3,68.86666666666666,3.9807321772639686,236.57142857142858,17.857142857142858,0.01,226.73314616299174,0.6035601864929089,0.9154422728186404,True,9.650353906317493,14.807655960113397,21.71311039702458,9.46,11.28,12.7875,1.5,1.8,2.3,6,True
M1,30.0,30.0,stratified,1.2,2490,492,1997,30.0,30.0,16.4,66.56666666666666,4.058943089430894,229.57142857142858,16.57142857142857,0.01,221.09896668637572,0.6140914887403828,0.9157829709175542,True,9.715977900945276,14.888841947345359,21.8275053265937,9.46,11.3,12.8,1.5,1.8,2.3,6,True
M1,30.0,30.0,stratified,1.5,2056,381,1674,30.0,30.0,12.7,55.8,4.393700787401575,200.71428571428572,12.5,0.01,192.3289889787255,0.6695024298308427,0.9173268733006315,True,9.867329242776105,15.23960097336456,21.872824008450944,9.53,11.415,12.9825,1.7,2.0,2.5,6,True
M1,30.0,30.0,stratified,2.0,1040,180,859,30.0,30.0,6.0,28.633333333333333,4.772222222222222,115.0,5.071428571428571,0.01,104.81844572498997,0.8518837975032474,0.9440878281851911,True,10.218971537921554,15.900019080309155,22.078391096726488,10.2775,12.27,13.825,2.2,2.4,3.0,6,True
M1,30.0,30.0,stratified,2.5,515,102,412,30.0,30.0,3.4,13.733333333333333,4.03921568627451,60.0,1.8571428571428572,0.01,48.94853461912918,0.9963574497393441,0.9657456526182046,True,9.272396991953023,15.421285932633065,21.42838671956374,10.76,12.69,14.18,2.7,3.0,3.5,6,True
M1,30.0,60.0,all,,2882,543,2338,60.0,60.0,9.05,38.96666666666667,4.305709023941068,235.85714285714286,8.142857142857142,0.01,209.9885635442861,0.6604643338043101,0.9248734145933316,True,9.869132952870462,15.270219437798495,21.857699788005103,9.4825,11.295,12.78,1.5,1.8,2.3,6,True
M1,30.0,60.0,all,1.2,2769,512,2256,60.0,60.0,8.533333333333333,37.6,4.40625,228.71428571428572,7.857142857142857,0.01,204.98471093600975,0.6702358640119311,0.9257682218245425,True,9.918714520374756,15.421285932633065,21.929292605888914,9.51,11.31,12.8,1.5,1.8,2.3,6,True
M1,30.0,60.0,all,1.5,2261,392,1868,60.0,60.0,6.533333333333333,31.133333333333333,4.76530612244898,199.71428571428572,5.571428571428571,0.01,179.09402973807212,0.7225814613581448,0.9302006813517439,True,10.221922779265697,15.599349515663063,21.93823003168108,9.59,11.44,12.99,1.7,1.9,2.4,6,True
M1,30.0,60.0,all,2.0,1121,186,934,60.0,60.0,3.1,15.566666666666666,5.021505376344086,114.71428571428571,2.0,0.01,100.06771061063897,0.886481161475677,0.9556460093723007,True,10.477643761672994,16.101972936277146,22.204200482208606,10.38,12.32,13.82,2.2,2.4,3.0,6,True
M1,30.0,60.0,all,2.5,553,108,444,60.0,60.0,1.8,7.4,4.111111111111112,58.142857142857146,1.0,0.01,48.797786760492684,1.0035838657424858,0.9739264173018191,True,9.553878041823832,15.727689803774265,21.604846089259375,10.93,12.77,14.19,2.7,3.0,3.5,6,True
M1,30.0,60.0,mainshock_window,,2882,543,2338,60.0,60.0,9.05,38.96666666666667,4.305709023941068,235.85714285714286,8.142857142857142,0.01,209.9885635442861,0.6604643338043101,0.9248734145933316,True,9.869132952870462,15.270219437798495,21.857699788005103,9.4825,11.295,12.78,1.5,1.8,2.3,6,True
M1,30.0,60.0,mainshock_window,1.2,2769,512,2256,60.0,60.0,8.533333333333333,37.6,4.40625,228.71428571428572,7.857142857142857,0.01,204.98471093600975,0.6702358640119311,0.9257682218245425,True,9.918714520374756,15.421285932633065,21.929292605888914,9.51,11.31,12.8,1.5,1.8,2.3,6,True
M1,30.0,60.0,mainshock_window,1.5,2261,392,1868,60.0,60.0,6.533333333333333,31.133333333333333,4.76530612244898,199.71428571428572,5.571428571428571,0.01,179.09402973807212,0.7225814613581448,0.9302006813517439,True,10.221922779265697,15.599349515663063,21.93823003168108,9.59,11.44,12.99,1.7,1.9,2.4,6,True
M1,30.0,60.0,mainshock_window,2.0,1121,186,934,60.0,60.0,3.1,15.566666666666666,5.021505376344086,114.71428571428571,2.0,0.01,100.06771061063897,0.886481161475677,0.9556460093723007,True,10.477643761672994,16.101972936277146,22.204200482208606,10.38,12.32,13.82,2.2,2.4,3.0,6,True
M1,30.0,60.0,mainshock_window,2.5,553,108,444,60.0,60.0,1.8,7.4,4.111111111111112,58.142857142857146,1.0,0.01,48.797786760492684,1.0035838657424858,0.9739264173018191,True,9.553878041823832,15.727689803774265,21.604846089259375,10.93,12.77,14.19,2.7,3.0,3.5,6,True
M1,30.0,60.0,stratified,,2877,543,2333,60.0,60.0,9.05,38.88333333333333,4.296500920810312,235.42857142857142,8.142857142857142,0.01,209.49929824047248,0.6602128046373527,0.9250754010357656,True,9.864665518068831,15.239895160855019,21.826973164340423,9.48,11.28,12.77,1.5,1.8,2.3,6,True
M1,30.0,60.0,stratified,1.2,2764,512,2251,60.0,60.0,8.533333333333333,37.516666666666666,4.396484375,228.28571428571428,7.857142857142857,0.01,204.50135873628315,0.6699957797454514,0.9259791783477971,True,9.9072952686088,15.368827428107306,21.910990288383648,9.4975,11.3,12.7925,1.5,1.8,2.3,6,True
M1,30.0,60.0,stratified,1.5,2257,392,1864,60.0,60.0,6.533333333333333,31.066666666666666,4.755102040816326,199.28571428571428,5.571428571428571,0.01,178.6959859296859,0.7222298010348742,0.9304518051029362,True,10.216580977531917,15.562293844722973,21.924430408235562,9.59,11.44,12.98,1.7,1.9,2.4,6,True
M1,30.0,60.0,stratified,2.0,1119,186,932,60.0,60.0,3.1,15.533333333333333,5.010752688172043,114.42857142857143,2.0,0.01,99.87076362190474,0.8859031208633504,0.9558265642906495,True,10.459382482642393,16.09920513135241,22.187997789799308,10.375,12.32,13.815000000000001,2.2,2.4,3.0,6,True
M1,30.0,60.0,stratified,2.5,553,108,444,60.0,60.0,1.8,7.4,4.111111111111112,58.142857142857146,1.0,0.01,48.797786760492684,1.0035838657424858,0.9739264173018191,True,9.553878041823832,15.727689803774265,21.604846089259375,10.93,12.77,14.19,2.7,3.0,3.5,6,True
M1,30.0,90.0,all,,3060,562,2497,90.0,90.0,6.2444444444444445,27.744444444444444,4.443060498220641,232.14285714285714,4.714285714285714,0.01,204.1763114915779,0.6909388674323492,0.9323318917793656,True,9.945144332363892,15.494427629586651,21.895553316118516,9.477500000000001,11.28,12.7625,1.5,1.8,2.2,6,True
M1,30.0,90.0,all,1.2,2935,528,2406,90.0,90.0,5.866666666666666,26.733333333333334,4.5568181818181825,225.57142857142858,4.571428571428571,0.01,199.49150852519097,0.700128791568374,0.9335063306258458,True,10.011263916593688,15.517140201501055,21.943489407783737,9.495000000000001,11.3,12.795,1.5,1.8,2.3,6,True
M1,30.0,90.0,all,1.5,2382,400,1981,90.0,90.0,4.444444444444445,22.011111111111113,4.952500000000001,198.14285714285714,3.2142857142857144,0.01,174.7431291806138,0.7501667797695244,0.9383453835644061,True,10.276326940340454,15.69751846295204,21.952318784781497,9.62,11.45,12.9875,1.7,1.9,2.4,6,True
M1,30.0,90.0,all,2.0,1166,188,977,90.0,90.0,2.088888888888889,10.855555555555556,5.196808510638298,113.71428571428571,1.1428571428571428,0.01,99.27775987629587,0.902029067370246,0.9632817328691006,True,10.573616341758752,16.33779086748865,22.27251850186925,10.4225,12.34,13.835,2.2,2.4,3.0,6,True
M1,30.0,90.0,all,2.5,566,108,457,90.0,90.0,1.2,5.0777777777777775,4.231481481481482,59.714285714285715,0.42857142857142855,0.01,48.103953061704665,1.0144073929088848,0.9786982318547579,True,9.62747737325544,15.840690058185148,21.64086700513444,10.9525,12.76,14.18,2.7,3.0,3.5,6,True
M1,30.0,90.0,mainshock_window,,3057,560,2496,90.0,90.0,6.222222222222222,27.733333333333334,4.457142857142857,232.14285714285714,4.714285714285714,0.01,204.12683717163793,0.6911460336892028,0.9322413006070183,True,9.956157476423646,15.496205862384762,21.89503330938424,9.47,11.27,12.76,1.5,1.8,2.2,6,True
M1,30.0,90.0,mainshock_window,1.2,2933,526,2406,90.0,90.0,5.844444444444444,26.733333333333334,4.574144486692016,225.57142857142858,4.571428571428571,0.01,199.49150852519097,0.700128791568374,0.9335063306258458,True,10.017302348366174,15.519985600292303,21.94874878388639,9.49,11.3,12.79,1.5,1.8,2.3,6,True
M1,30.0,90.0,mainshock_window,1.5,2381,399,1981,90.0,90.0,4.433333333333334,22.011111111111113,4.964912280701754,198.14285714285714,3.2142857142857144,0.01,174.7431291806138,0.7501667797695244,0.9383453835644061,True,10.277758700289063,15.727689803774265,21.953508785079865,9.62,11.45,12.98,1.7,1.9,2.4,6,True
M1,30.0,90.0,mainshock_window,2.0,1166,188,977,90.0,90.0,2.088888888888889,10.855555555555556,5.196808510638298,113.71428571428571,1.1428571428571428,0.01,99.27775987629587,0.902029067370246,0.9632817328691006,True,10.573616341758752,16.33779086748865,22.27251850186925,10.4225,12.34,13.835,2.2,2.4,3.0,6,True
M1,30.0,90.0,mainshock_window,2.5,566,108,457,90.0,90.0,1.2,5.0777777777777775,4.231481481481482,59.714285714285715,0.42857142857142855,0.01,48.103953061704665,1.0144073929088848,0.9786982318547579,True,9.62747737325544,15.840690058185148,21.64086700513444,10.9525,12.76,14.18,2.7,3.0,3.5,6,True
M1,30.0,90.0,stratified,,3052,560,2491,90.0,90.0,6.222222222222222,27.677777777777777,4.448214285714285,231.71428571428572,4.714285714285714,0.01,203.61916067394284,0.6909067911940292,0.9322787020725667,True,9.945144332363892,15.484155415057991,21.872824008450944,9.47,11.27,12.7425,1.5,1.8,2.2,6,True
M1,30.0,90.0,stratified,1.2,2928,526,2401,90.0,90.0,5.844444444444444,26.677777777777777,4.564638783269962,225.14285714285714,4.571428571428571,0.01,198.99081991902884,0.6998971737934533,0.933558985653068,True,10.011657809988732,15.506001197058326,21.9256459576489,9.4875,11.3,12.79,1.5,1.8,2.3,6,True
M1,30.0,90.0,stratified,1.5,2377,399,1977,90.0,90.0,4.433333333333334,21.966666666666665,4.954887218045112,197.71428571428572,3.2142857142857144,0.01,174.31665227933954,0.7498589773345948,0.9384222758745018,True,10.275849687024252,15.6559220129882,21.93579318280708,9.61,11.45,12.97,1.7,1.9,2.4,6,True
M1,30.0,90.0,stratified,2.0,1164,188,975,90.0,90.0,2.088888888888889,10.833333333333334,5.1861702127659575,113.42857142857143,1.1428571428571428,0.01,99.05729403069984,0.9015133335497425,0.9634030676434375,True,10.568506732707059,16.291607744092325,22.243487224870155,10.42,12.34,13.82,2.2,2.4,3.0,6,True
M1,30.0,90.0,stratified,2.5,566,108,457,90.0,90.0,1.2,5.0777777777777775,4.231481481481482,59.714285714285715,0.42857142857142855,0.01,48.103953061704665,1.0144073929088848,0.9786982318547579,True,9.62747737325544,15.840690058185148,21.64086700513444,10.9525,12.76,14.18,2.7,3.0,3.5,6,True
M1,44.0,7.0,all,,2233,509,1723,7.0,7.0,72.71428571428571,246.14285714285714,3.3850687622789786,250.28571428571428,246.28571428571428,,,,,False,9.486605095990258,16.006348984834503,23.864959557942047,9.72,11.63,12.99,1.6,1.8,2.4,6,True
M1,44.0,7.0,all,1.2,2161,481,1679,7.0,7.0,68.71428571428571,239.85714285714286,3.490644490644491,244.42857142857142,240.0,,,,,False,9.607711576338518,16.247134647264946,23.985107969399277,9.71,11.63,13.0,1.6,1.9,2.4,6,True
M1,44.0,7.0,all,1.5,1844,373,1470,7.0,7.0,53.285714285714285,210.0,3.941018766756032,216.42857142857142,210.14285714285714,,,,,False,9.871019480080173,16.635806328920978,24.052238336133854,9.7975,11.715,13.13,1.7,2.0,2.5,6,True
M1,44.0,7.0,all,2.0,991,175,815,7.0,7.0,25.0,116.42857142857143,4.6571428571428575,124.28571428571429,116.57142857142857,,,,,False,10.568488347020324,17.181520493603,23.951462061316832,10.25,12.34,13.765,2.2,2.5,3.1,6,True
M1,44.0,7.0,all,2.5,505,99,405,7.0,7.0,14.142857142857142,57.857142857142854,4.090909090909091,65.0,58.0,,,,,False,9.6348650955617,16.65332976048389,23.28599435369895,10.92,12.69,14.07,2.7,3.1,3.5,6,True
M1,44.0,7.0,mainshock_window,,2233,509,1723,7.0,7.0,72.71428571428571,246.14285714285714,3.3850687622789786,250.28571428571428,246.28571428571428,,,,,False,9.486605095990258,16.006348984834503,23.864959557942047,9.72,11.63,12.99,1.6,1.8,2.4,6,True
M1,44.0,7.0,mainshock_window,1.2,2161,481,1679,7.0,7.0,68.71428571428571,239.85714285714286,3.490644490644491,244.42857142857142,240.0,,,,,False,9.607711576338518,16.247134647264946,23.985107969399277,9.71,11.63,13.0,1.6,1.9,2.4,6,True
M1,44.0,7.0,mainshock_window,1.5,1844,373,1470,7.0,7.0,53.285714285714285,210.0,3.941018766756032,216.42857142857142,210.14285714285714,,,,,False,9.871019480080173,16.635806328920978,24.052238336133854,9.7975,11.715,13.13,1.7,2.0,2.5,6,True
M1,44.0,7.0,mainshock_window,2.0,991,175,815,7.0,7.0,25.0,116.42857142857143,4.6571428571428575,124.28571428571429,116.57142857142857,,,,,False,10.568488347020324,17.181520493603,23.951462061316832,10.25,12.34,13.765,2.2,2.5,3.1,6,True
M1,44.0,7.0,mainshock_window,2.5,505,99,405,7.0,7.0,14.142857142857142,57.857142857142854,4.090909090909091,65.0,58.0,,,,,False,9.6348650955617,16.65332976048389,23.28599435369895,10.92,12.69,14.07,2.7,3.1,3.5,6,True
M1,44.0,7.0,stratified,,2230,509,1720,7.0,7.0,72.71428571428571,245.71428571428572,3.37917485265226,249.85714285714286,245.85714285714286,,,,,False,9.48060031673754,15.970025210521015,23.84310260190783,9.72,11.62,12.98,1.6,1.8,2.4,6,True
M1,44.0,7.0,stratified,1.2,2158,481,1676,7.0,7.0,68.71428571428571,239.42857142857142,3.4844074844074844,244.0,239.57142857142858,,,,,False,9.600174879463928,16.227822441259235,23.965393900914545,9.71,11.62,12.9975,1.6,1.9,2.4,6,True
M1,44.0,7.0,stratified,1.5,1841,373,1467,7.0,7.0,53.285714285714285,209.57142857142858,3.932975871313673,216.0,209.71428571428572,,,,,False,9.868217151011864,16.60987934785496,24.03177945611733,9.79,11.71,13.12,1.7,2.0,2.5,6,True
M1,44.0,7.0,stratified,2.0,989,175,813,7.0,7.0,25.0,116.14285714285714,4.645714285714286,124.0,116.28571428571429,,,,,False,10.568451575646858,17.072784485615603,23.923992324406832,10.24,12.34,13.76,2.2,2.5,3.1,6,True
M1,44.0,7.0,stratified,2.5,505,99,405,7.0,7.0,14.142857142857142,57.857142857142854,4.090909090909091,65.0,58.0,,,,,False,9.6348650955617,16.65332976048389,23.28599435369895,10.92,12.69,14.07,2.7,3.1,3.5,6,True
M1,44.0,30.0,all,,3156,540,2615,30.0,30.0,18.0,87.16666666666667,4.842592592592593,275.7142857142857,21.357142857142858,0.01,272.43616668435135,0.5527774596276611,0.8929018411456737,True,10.777189912505229,18.133754513193132,25.445651293742344,9.54,11.56,12.942499999999999,1.5,1.8,2.3,6,True
M1,44.0,30.0,all,1.2,3034,510,2523,30.0,30.0,17.0,84.1,4.947058823529411,268.0,19.785714285714285,0.01,265.57967291105945,0.5637167183010661,0.8931997902485826,True,10.821635901751396,18.25109480424433,25.453768645573973,9.5425,11.56,12.97,1.5,1.8,2.3,6,True
M1,44.0,30.0,all,1.5,2478,393,2084,30.0,30.0,13.1,69.46666666666667,5.302798982188295,233.85714285714286,14.0,0.01,229.7138100525682,0.6222250489426768,0.8956754936840075,True,11.040022684959329,17.984991373438138,25.159631019587515,9.622499999999999,11.665,13.127500000000001,1.7,1.9,2.4,6,True
M1,44.0,30.0,all,2.0,1232,185,1046,30.0,30.0,6.166666666666667,34.86666666666667,5.654054054054054,131.85714285714286,5.5,0.01,126.52004363257771,0.79996670307667,0.9353499216334062,True,11.334877911864098,18.093420655765172,24.580490626335532,10.4125,12.45,13.872499999999999,2.2,2.4,3.0,6,True
M1,44.0,30.0,all,2.5,603,104,498,30.0,30.0,3.466666666666667,16.6,4.788461538461538,67.85714285714286,2.0,0.01,60.92553317498822,0.9371683554401729,0.9636879205842918,True,10.407246229821943,17.2198583021362,24.052768994727614,11.01,12.91,14.18,2.7,3.0,3.5,6,True
M1,44.0,30.0,mainshock_window,,3156,540,2615,30.0,30.0,18.0,87.16666666666667,4.842592592592593,275.7142857142857,21.357142857142858,0.01,272.43616668435135,0.5527774596276611,0.8929018411456737,True,10.777189912505229,18.133754513193132,25.445651293742344,9.54,11.56,12.942499999999999,1.5,1.8,2.3,6,True
M1,44.0,30.0,mainshock_window,1.2,3034,510,2523,30.0,30.0,17.0,84.1,4.947058823529411,268.0,19.785714285714285,0.01,265.57967291105945,0.5637167183010661,0.8931997902485826,True,10.821635901751396,18.25109480424433,25.453768645573973,9.5425,11.56,12.97,1.5,1.8,2.3,6,True
M1,44.0,30.0,mainshock_window,1.5,2478,393,2084,30.0,30.0,13.1,69.46666666666667,5.302798982188295,233.85714285714286,14.0,0.01,229.7138100525682,0.6222250489426768,0.8956754936840075,True,11.040022684959329,17.984991373438138,25.159631019587515,9.622499999999999,11.665,13.127500000000001,1.7,1.9,2.4,6,True
M1,44.0,30.0,mainshock_window,2.0,1232,185,1046,30.0,30.0,6.166666666666667,34.86666666666667,5.654054054054054,131.85714285714286,5.5,0.01,126.52004363257771,0.79996670307667,0.9353499216334062,True,11.334877911864098,18.093420655765172,24.580490626335532,10.4125,12.45,13.872499999999999,2.2,2.4,3.0,6,True
M1,44.0,30.0,mainshock_window,2.5,603,104,498,30.0,30.0,3.466666666666667,16.6,4.788461538461538,67.85714285714286,2.0,0.01,60.92553317498822,0.9371683554401729,0.9636879205842918,True,10.407246229821943,17.2198583021362,24.052768994727614,11.01,12.91,14.18,2.7,3.0,3.5,6,True
M1,44.0,30.0,stratified,,3151,540,2610,30.0,30.0,18.0,87.0,4.833333333333333,275.2857142857143,21.357142857142858,0.01,271.86390795137305,0.5527624341990771,0.8930976082218104,True,10.755065024282425,18.10181716894344,25.40820098256582,9.54,11.56,12.94,1.5,1.8,2.3,6,True
M1,44.0,30.0,stratified,1.2,3029,510,2518,30.0,30.0,17.0,83.93333333333334,4.9372549019607845,267.57142857142856,19.785714285714285,0.01,265.0130099163675,0.5637190339779432,0.8934009650527175,True,10.812282480036625,18.156036210346922,25.425146671040114,9.54,11.56,12.97,1.5,1.8,2.3,6,True
M1,44.0,30.0,stratified,1.5,2474,393,2080,30.0,30.0,13.1,69.33333333333333,5.2926208651399484,233.42857142857142,14.0,0.01,229.26337321081493,0.6220857281894149,0.8960237111298038,True,11.03147990943766,17.937972396148453,25.105305322765773,9.62,11.66,13.12,1.7,1.9,2.4,6,True
M1,44.0,30.0,stratified,2.0,1230,185,1044,30.0,30.0,6.166666666666667,34.8,5.6432432432432424,131.57142857142858,5.5,0.01,126.31124897880218,0.7995357319774887,0.9356696043765691,True,11.32765497932971,18.08182060031946,24.557776613959582,10.3975,12.44,13.86,2.2,2.4,3.0,6,True
M1,44.0,30.0,stratified,2.5,603,104,498,30.0,30.0,3.466666666666667,16.6,4.788461538461538,67.85714285714286,2.0,0.01,60.92553317498822,0.9371683554401729,0.9636879205842918,True,10.407246229821943,17.2198583021362,24.052768994727614,11.01,12.91,14.18,2.7,3.0,3.5,6,True
M1,44.0,60.0,all,,3544,566,2977,60.0,60.0,9.433333333333334,49.61666666666667,5.259717314487633,278.0,10.142857142857142,0.01,250.63399572982755,0.6131688210497458,0.9074880932212573,True,11.055973447277804,18.630198094986454,25.817236411348176,9.55,11.55,12.93,1.5,1.8,2.2,6,True
M1,44.0,60.0,all,1.2,3388,532,2855,60.0,60.0,8.866666666666667,47.583333333333336,5.366541353383458,269.85714285714283,9.714285714285714,0.01,243.907504561548,0.6254928642231095,0.9072389460656889,True,11.100898531802697,18.588203963049605,25.7724659441651,9.55,11.56,12.96,1.5,1.8,2.2,6,True
M1,44.0,60.0,all,1.5,2731,405,2325,60.0,60.0,6.75,38.75,5.7407407407407405,234.71428571428572,6.571428571428571,0.01,211.75676978353982,0.6816750237783888,0.9131251805279829,True,11.38728556595935,18.267741086873386,25.309572799701066,9.66,11.67,13.12,1.7,1.9,2.4,6,True
M1,44.0,60.0,all,2.0,1323,191,1131,60.0,60.0,3.183333333333333,18.85,5.921465968586388,132.0,2.142857142857143,0.01,118.93089854461836,0.8461358952853218,0.948778158033801,True,11.569305593727707,18.29671078692927,24.615470481688824,10.475000000000001,12.48,13.86,2.1,2.4,3.0,6,True
M1,44.0,60.0,all,2.5,644,110,533,60.0,60.0,1.8333333333333333,8.883333333333333,4.845454545454546,66.14285714285714,1.1428571428571428,0.01,59.5246017935768,0.961146296102104,0.9761306747801699,True,10.568506732707059,17.618840797398327,24.17455836765554,11.075,12.915,14.19,2.7,3.0,3.5,6,True
M1,44.0,60.0,mainshock_window,,3544,566,2977,60.0,60.0,9.433333333333334,49.61666666666667,5.259717314487633,278.0,10.142857142857142,0.01,250.63399572982755,0.6131688210497458,0.9074880932212573,True,11.055973447277804,18.630198094986454,25.817236411348176,9.55,11.55,12.93,1.5,1.8,2.2,6,True
M1,44.0,60.0,mainshock_window,1.2,3388,532,2855,60.0,60.0,8.866666666666667,47.583333333333336,5.366541353383458,269.85714285714283,9.714285714285714,0.01,243.907504561548,0.6254928642231095,0.9072389460656889,True,11.100898531802697,18.588203963049605,25.7724659441651,9.55,11.56,12.96,1.5,1.8,2.2,6,True
M1,44.0,60.0,mainshock_window,1.5,2731,405,2325,60.0,60.0,6.75,38.75,5.7407407407407405,234.71428571428572,6.571428571428571,0.01,211.75676978353982,0.6816750237783888,0.9131251805279829,True,11.38728556595935,18.267741086873386,25.309572799701066,9.66,11.67,13.12,1.7,1.9,2.4,6,True
M1,44.0,60.0,mainshock_window,2.0,1323,191,1131,60.0,60.0,3.183333333333333,18.85,5.921465968586388,132.0,2.142857142857143,0.01,118.93089854461836,0.8461358952853218,0.948778158033801,True,11.569305593727707,18.29671078692927,24.615470481688824,10.475000000000001,12.48,13.86,2.1,2.4,3.0,6,True
M1,44.0,60.0,mainshock_window,2.5,644,110,533,60.0,60.0,1.8333333333333333,8.883333333333333,4.845454545454546,66.14285714285714,1.1428571428571428,0.01,59.5246017935768,0.961146296102104,0.9761306747801699,True,10.568506732707059,17.618840797398327,24.17455836765554,11.075,12.915,14.19,2.7,3.0,3.5,6,True
M1,44.0,60.0,stratified,,3539,566,2972,60.0,60.0,9.433333333333334,49.53333333333333,5.250883392226148,277.57142857142856,10.142857142857142,0.01,250.13039947472646,0.6129322680584737,0.90767042001401,True,11.054293014950407,18.609621260023196,25.798108877370556,9.55,11.55,12.92,1.5,1.8,2.2,6,True
M1,44.0,60.0,stratified,1.2,3383,532,2850,60.0,60.0,8.866666666666667,47.5,5.357142857142857,269.42857142857144,9.714285714285714,0.01,243.41134660550415,0.6252670530500625,0.9074262914532553,True,11.088744314644499,18.56773171932361,25.758972938802525,9.55,11.55,12.95,1.5,1.8,2.25,6,True
M1,44.0,60.0,stratified,1.5,2727,405,2321,60.0,60.0,6.75,38.68333333333333,5.730864197530864,234.28571428571428,6.571428571428571,0.01,211.34642372088356,0.6813629535471485,0.9133529291366008,True,11.379169607133676,18.254777034474564,25.2786954069322,9.655000000000001,11.66,13.114999999999998,1.7,1.9,2.4,6,True
M1,44.0,60.0,stratified,2.0,1321,191,1129,60.0,60.0,3.183333333333333,18.816666666666666,5.910994764397906,131.71428571428572,2.142857142857143,0.01,118.72197926896777,0.8456268853950176,0.9489560237285161,True,11.56790671944652,18.290349482246015,24.594741907693265,10.47,12.46,13.85,2.1,2.4,3.0,6,True
M1,44.0,60.0,stratified,2.5,644,110,533,60.0,60.0,1.8333333333333333,8.883333333333333,4.845454545454546,66.14285714285714,1.1428571428571428,0.01,59.5246017935768,0.961146296102104,0.9761306747801699,True,10.568506732707059,17.618840797398327,24.17455836765554,11.075,12.915,14.19,2.7,3.0,3.5,6,True
M1,44.0,90.0,all,,3788,602,3185,90.0,90.0,6.688888888888889,35.388888888888886,5.290697674418604,268.85714285714283,5.785714285714286,0.01,242.8043794818807,0.6469814243137311,0.9159177565536472,True,11.152001805687327,18.781812799051018,26.00693805011198,9.56,11.56,12.93,1.5,1.7,2.2,6,True
M1,44.0,90.0,all,1.2,3604,557,3046,90.0,90.0,6.188888888888889,33.84444444444444,5.4685816876122075,261.57142857142856,5.428571428571429,0.01,236.41390250930598,0.6592297905123108,0.9160994720671166,True,11.174072652089876,18.673262375439965,25.86645654890294,9.56,11.56,12.95,1.5,1.8,2.2,6,True
M1,44.0,90.0,all,1.5,2885,419,2465,90.0,90.0,4.655555555555556,27.38888888888889,5.883054892601431,229.0,3.7857142857142856,0.01,205.66074654132882,0.7130903293938352,0.922680930808923,True,11.510825602103848,18.469642996631197,25.438490062617113,9.68,11.68,13.13,1.7,1.9,2.4,6,True
M1,44.0,90.0,all,2.0,1384,198,1185,90.0,90.0,2.2,13.166666666666666,5.984848484848484,129.14285714285714,1.2857142857142858,0.01,117.4724265525101,0.864871311026077,0.9574999767099379,True,11.691816484099805,18.548547614466905,25.00682235531609,10.5075,12.52,13.89,2.1,2.4,3.0,6,True
M1,44.0,90.0,all,2.5,663,111,551,90.0,90.0,1.2333333333333334,6.122222222222222,4.963963963963963,67.42857142857143,0.42857142857142855,0.01,58.158747594090116,0.9763863024978722,0.9779192731652723,True,10.709107907059966,17.780209093912607,24.377115679756127,11.09,12.91,14.184999999999999,2.7,3.0,3.5,6,True
M1,44.0,90.0,mainshock_window,,3785,600,3184,90.0,90.0,6.666666666666667,35.37777777777778,5.306666666666667,268.85714285714283,5.785714285714286,0.01,242.76051987080044,0.6471358570638953,0.9158384725310499,True,11.164142643685546,18.785888038427874,26.007258198120113,9.56,11.56,12.93,1.5,1.7,2.2,6,True
M1,44.0,90.0,mainshock_window,1.2,3602,555,3046,90.0,90.0,6.166666666666667,33.84444444444444,5.488288288288287,261.57142857142856,5.428571428571429,0.01,236.41390250930598,0.6592297905123108,0.9160994720671166,True,11.201388112695074,18.674931344745936,25.873196115970398,9.56,11.56,12.9475,1.5,1.8,2.2,6,True
M1,44.0,90.0,mainshock_window,1.5,2884,418,2465,90.0,90.0,4.644444444444445,27.38888888888889,5.8971291866028706,229.0,3.7857142857142856,0.01,205.66074654132882,0.7130903293938352,0.922680930808923,True,11.514098298647781,18.49063653585246,25.43972348382456,9.68,11.68,13.122499999999999,1.7,1.9,2.4,6,True
M1,44.0,90.0,mainshock_window,2.0,1384,198,1185,90.0,90.0,2.2,13.166666666666666,5.984848484848484,129.14285714285714,1.2857142857142858,0.01,117.4724265525101,0.864871311026077,0.9574999767099379,True,11.691816484099805,18.548547614466905,25.00682235531609,10.5075,12.52,13.89,2.1,2.4,3.0,6,True
M1,44.0,90.0,mainshock_window,2.5,663,111,551,90.0,90.0,1.2333333333333334,6.122222222222222,4.963963963963963,67.42857142857143,0.42857142857142855,0.01,58.158747594090116,0.9763863024978722,0.9779192731652723,True,10.709107907059966,17.780209093912607,24.377115679756127,11.09,12.91,14.184999999999999,2.7,3.0,3.5,6,True
M1,44.0,90.0,stratified,,3780,600,3179,90.0,90.0,6.666666666666667,35.32222222222222,5.298333333333333,268.42857142857144,5.785714285714286,0.01,242.27407140828143,0.6468892443571843,0.9159444792399599,True,11.152001805687327,18.756201488672197,25.987130124977497,9.55,11.55,12.92,1.5,1.7,2.2,6,True
M1,44.0,90.0,stratified,1.2,3597,555,3041,90.0,90.0,6.166666666666667,33.78888888888889,5.47927927927928,261.14285714285717,5.428571428571429,0.01,235.93589577662505,0.6589887419009068,0.9162187971496333,True,11.17738265489132,18.666001835927293,25.84303802836218,9.56,11.56,12.94,1.5,1.8,2.2,6,True
M1,44.0,90.0,stratified,1.5,2880,418,2461,90.0,90.0,4.644444444444445,27.344444444444445,5.88755980861244,228.57142857142858,3.7857142857142856,0.01,205.26163220228327,0.7127775421972771,0.9228425242384735,True,11.509563319010716,18.4473260343468,25.406176349065994,9.6775,11.67,13.12,1.7,1.9,2.4,6,True
M1,44.0,90.0,stratified,2.0,1382,198,1183,90.0,90.0,2.2,13.144444444444444,5.974747474747474,128.85714285714286,1.2857142857142858,0.01,117.25271267636343,0.864426235215579,0.9576342325520553,True,11.680240719991097,18.54657101082184,24.995355808761143,10.5025,12.515,13.887500000000001,2.1,2.4,3.0,6,True
M1,44.0,90.0,stratified,2.5,663,111,551,90.0,90.0,1.2333333333333334,6.122222222222222,4.963963963963963,67.42857142857143,0.42857142857142855,0.01,58.158747594090116,0.9763863024978722,0.9779192731652723,True,10.709107907059966,17.780209093912607,24.377115679756127,11.09,12.91,14.184999999999999,2.7,3.0,3.5,6,True
M1,50.0,7.0,all,,2259,512,1746,7.0,7.0,73.14285714285714,249.42857142857142,3.41015625,252.42857142857142,249.57142857142858,,,,,False,9.567519264240456,16.247134647264946,24.071219037914467,9.77,11.64,13.004999999999999,1.6,1.8,2.4,6,True
M1,50.0,7.0,all,1.2,2187,484,1702,7.0,7.0,69.14285714285714,243.14285714285714,3.5165289256198347,246.57142857142858,243.28571428571428,,,,,False,9.650810403438271,16.451420023775086,24.23001899454824,9.74,11.64,13.015,1.6,1.9,2.4,6,True
M1,50.0,7.0,all,1.5,1867,376,1490,7.0,7.0,53.714285714285715,212.85714285714286,3.9627659574468086,218.28571428571428,213.0,,,,,False,10.011263916593688,16.783030122659728,24.31115671676002,9.81,11.73,13.135000000000002,1.7,2.0,2.5,6,True
M1,50.0,7.0,all,2.0,1000,177,822,7.0,7.0,25.285714285714285,117.42857142857143,4.6440677966101696,125.28571428571429,117.57142857142857,,,,,False,10.690030793157968,17.25939143481963,24.04478634850869,10.29,12.34,13.79,2.2,2.5,3.1,6,True
M1,50.0,7.0,all,2.5,509,100,408,7.0,7.0,14.285714285714286,58.285714285714285,4.08,65.57142857142857,58.42857142857143,,,,,False,9.642163184253159,16.772013939961536,23.561377005529675,10.93,12.71,14.09,2.7,3.1,3.5,6,True
M1,50.0,7.0,mainshock_window,,2259,512,1746,7.0,7.0,73.14285714285714,249.42857142857142,3.41015625,252.42857142857142,249.57142857142858,,,,,False,9.567519264240456,16.247134647264946,24.071219037914467,9.77,11.64,13.004999999999999,1.6,1.8,2.4,6,True
M1,50.0,7.0,mainshock_window,1.2,2187,484,1702,7.0,7.0,69.14285714285714,243.14285714285714,3.5165289256198347,246.57142857142858,243.28571428571428,,,,,False,9.650810403438271,16.451420023775086,24.23001899454824,9.74,11.64,13.015,1.6,1.9,2.4,6,True
M1,50.0,7.0,mainshock_window,1.5,1867,376,1490,7.0,7.0,53.714285714285715,212.85714285714286,3.9627659574468086,218.28571428571428,213.0,,,,,False,10.011263916593688,16.783030122659728,24.31115671676002,9.81,11.73,13.135000000000002,1.7,2.0,2.5,6,True
M1,50.0,7.0,mainshock_window,2.0,1000,177,822,7.0,7.0,25.285714285714285,117.42857142857143,4.6440677966101696,125.28571428571429,117.57142857142857,,,,,False,10.690030793157968,17.25939143481963,24.04478634850869,10.29,12.34,13.79,2.2,2.5,3.1,6,True
M1,50.0,7.0,mainshock_window,2.5,509,100,408,7.0,7.0,14.285714285714286,58.285714285714285,4.08,65.57142857142857,58.42857142857143,,,,,False,9.642163184253159,16.772013939961536,23.561377005529675,10.93,12.71,14.09,2.7,3.1,3.5,6,True
M1,50.0,7.0,stratified,,2256,512,1743,7.0,7.0,73.14285714285714,249.0,3.404296875,252.0,249.14285714285714,,,,,False,9.558923043935525,16.227822441259235,24.055638047757036,9.77,11.635000000000002,13.0,1.6,1.8,2.4,6,True
M1,50.0,7.0,stratified,1.2,2184,484,1699,7.0,7.0,69.14285714285714,242.71428571428572,3.510330578512397,246.14285714285714,242.85714285714286,,,,,False,9.648780924513563,16.43830990992944,24.20578353332108,9.735,11.635000000000002,13.01,1.6,1.9,2.4,6,True
M1,50.0,7.0,stratified,1.5,1864,376,1487,7.0,7.0,53.714285714285715,212.42857142857142,3.954787234042553,217.85714285714286,212.57142857142858,,,,,False,10.004720630582932,16.76681181110136,24.256531480998916,9.81,11.725000000000001,13.13,1.7,2.0,2.5,6,True
M1,50.0,7.0,stratified,2.0,998,177,820,7.0,7.0,25.285714285714285,117.14285714285714,4.632768361581921,125.0,117.28571428571429,,,,,False,10.689711490401487,17.233243451978666,24.02610287116808,10.29,12.34,13.7675,2.2,2.5,3.1,6,True
M1,50.0,7.0,stratified,2.5,509,100,408,7.0,7.0,14.285714285714286,58.285714285714285,4.08,65.57142857142857,58.42857142857143,,,,,False,9.642163184253159,16.772013939961536,23.561377005529675,10.93,12.71,14.09,2.7,3.1,3.5,6,True
M1,50.0,30.0,all,,3261,543,2717,30.0,30.0,18.1,90.56666666666666,5.003683241252301,278.0,22.07142857142857,0.01,278.88176177779224,0.5423577260596635,0.890530983223661,True,10.958478784033714,18.703272756023598,26.462503584896815,9.53,11.54,12.93,1.5,1.8,2.3,6,True
M1,50.0,30.0,all,1.2,3135,513,2621,30.0,30.0,17.1,87.36666666666666,5.109161793372319,270.2857142857143,20.428571428571427,0.01,271.89681585267,0.5532873506731576,0.8906920533631705,True,11.020088471393771,18.75154412036289,26.50621540355425,9.53,11.55,12.955,1.5,1.8,2.3,6,True
M1,50.0,30.0,all,1.5,2558,396,2161,30.0,30.0,13.2,72.03333333333333,5.457070707070708,235.85714285714286,14.357142857142858,0.01,235.3963763836181,0.6114404977773245,0.89346249687435,True,11.268608180865897,18.622224024635408,26.007529879412417,9.61,11.64,13.1175,1.7,1.9,2.4,6,True
M1,50.0,30.0,all,2.0,1272,187,1084,30.0,30.0,6.233333333333333,36.13333333333333,5.7967914438502675,132.85714285714286,5.7857142857142865,0.01,130.06686368850512,0.7863223483930932,0.9328663967180367,True,11.52500806917991,18.621013313676215,25.22300737346829,10.29,12.395,13.8525,2.2,2.4,3.0,6,True
M1,50.0,30.0,all,2.5,620,105,514,30.0,30.0,3.5,17.133333333333333,4.895238095238095,68.28571428571429,2.142857142857143,0.01,62.82461371435725,0.9225462574496397,0.9615489435207514,True,10.556330952052445,17.691921397940853,24.52700299988022,10.9275,12.885000000000002,14.18,2.7,3.0,3.5,6,True
M1,50.0,30.0,mainshock_window,,3261,543,2717,30.0,30.0,18.1,90.56666666666666,5.003683241252301,278.0,22.07142857142857,0.01,278.88176177779224,0.5423577260596635,0.890530983223661,True,10.958478784033714,18.703272756023598,26.462503584896815,9.53,11.54,12.93,1.5,1.8,2.3,6,True
M1,50.0,30.0,mainshock_window,1.2,3135,513,2621,30.0,30.0,17.1,87.36666666666666,5.109161793372319,270.2857142857143,20.428571428571427,0.01,271.89681585267,0.5532873506731576,0.8906920533631705,True,11.020088471393771,18.75154412036289,26.50621540355425,9.53,11.55,12.955,1.5,1.8,2.3,6,True
M1,50.0,30.0,mainshock_window,1.5,2558,396,2161,30.0,30.0,13.2,72.03333333333333,5.457070707070708,235.85714285714286,14.357142857142858,0.01,235.3963763836181,0.6114404977773245,0.89346249687435,True,11.268608180865897,18.622224024635408,26.007529879412417,9.61,11.64,13.1175,1.7,1.9,2.4,6,True
M1,50.0,30.0,mainshock_window,2.0,1272,187,1084,30.0,30.0,6.233333333333333,36.13333333333333,5.7967914438502675,132.85714285714286,5.7857142857142865,0.01,130.06686368850512,0.7863223483930932,0.9328663967180367,True,11.52500806917991,18.621013313676215,25.22300737346829,10.29,12.395,13.8525,2.2,2.4,3.0,6,True
M1,50.0,30.0,mainshock_window,2.5,620,105,514,30.0,30.0,3.5,17.133333333333333,4.895238095238095,68.28571428571429,2.142857142857143,0.01,62.82461371435725,0.9225462574496397,0.9615489435207514,True,10.556330952052445,17.691921397940853,24.52700299988022,10.9275,12.885000000000002,14.18,2.7,3.0,3.5,6,True
M1,50.0,30.0,stratified,,3256,543,2712,30.0,30.0,18.1,90.4,4.994475138121547,277.57142857142856,22.07142857142857,0.01,278.29955859827373,0.5423351814680845,0.8907004136348464,True,10.931125810826693,18.674931344745936,26.40474919928313,9.53,11.54,12.9225,1.5,1.8,2.3,6,True
M1,50.0,30.0,stratified,1.2,3130,513,2616,30.0,30.0,17.1,87.2,5.099415204678363,269.85714285714283,20.428571428571427,0.01,271.3205483966555,0.5532813573376275,0.8908680489015406,True,11.014383602855592,18.713515833115984,26.447718125769104,9.53,11.545,12.9475,1.5,1.8,2.3,6,True
M1,50.0,30.0,stratified,1.5,2554,396,2157,30.0,30.0,13.2,71.9,5.446969696969698,235.42857142857142,14.357142857142858,0.01,234.93571618544723,0.6112994416959976,0.8937898507630488,True,11.264854498823782,18.604727766578478,25.93737962737536,9.61,11.64,13.11,1.7,1.9,2.4,6,True
M1,50.0,30.0,stratified,2.0,1270,187,1082,30.0,30.0,6.233333333333333,36.06666666666667,5.786096256684492,132.57142857142858,5.7857142857142865,0.01,129.8522157561159,0.7858913772939119,0.9331835319504374,True,11.518462154723808,18.604727766578478,25.207725416096125,10.29,12.379999999999999,13.85,2.2,2.4,3.0,6,True
M1,50.0,30.0,stratified,2.5,620,105,514,30.0,30.0,3.5,17.133333333333333,4.895238095238095,68.28571428571429,2.142857142857143,0.01,62.82461371435725,0.9225462574496397,0.9615489435207514,True,10.556330952052445,17.691921397940853,24.52700299988022,10.9275,12.885000000000002,14.18,2.7,3.0,3.5,6,True
M1,50.0,60.0,all,,3666,570,3095,60.0,60.0,9.5,51.583333333333336,5.429824561403509,281.2857142857143,10.285714285714286,0.01,256.5577688737484,0.6034731248427403,0.9051899318415311,True,11.290094363193855,19.1266514784533,27.249919178013577,9.55,11.53,12.92,1.5,1.8,2.2,6,True
M1,50.0,60.0,all,1.2,3505,536,2968,60.0,60.0,8.933333333333334,49.46666666666667,5.537313432835821,273.14285714285717,9.714285714285714,0.01,249.6825194464212,0.615856023169904,0.9046788660362034,True,11.344267912596756,19.10562099542345,27.05987302226211,9.55,11.54,12.94,1.5,1.8,2.3,6,True
M1,50.0,60.0,all,1.5,2823,409,2413,60.0,60.0,6.816666666666666,40.21666666666667,5.8997555012224945,237.57142857142858,6.714285714285714,0.01,216.89048308940394,0.6719237039229105,0.9108446110730727,True,11.620570001014848,18.785888038427874,26.38048403466899,9.64,11.65,13.11,1.7,1.9,2.4,6,True
M1,50.0,60.0,all,2.0,1371,193,1177,60.0,60.0,3.216666666666667,19.616666666666667,6.098445595854923,133.0,2.142857142857143,0.01,122.56295335254742,0.8323313106841254,0.9469933599082191,True,11.754577268503226,18.964832927520035,25.644821733561322,10.375,12.43,13.855,2.1500000000000004,2.4,3.0,6,True
M1,50.0,60.0,all,2.5,666,111,554,60.0,60.0,1.85,9.233333333333333,4.990990990990991,66.57142857142857,1.1428571428571428,0.01,61.67498784211788,0.9453910010625804,0.9748273124374653,True,10.913342387313792,18.056439955628367,24.79447196876317,10.995000000000001,12.89,14.1875,2.7,3.0,3.5,6,True
M1,50.0,60.0,mainshock_window,,3666,570,3095,60.0,60.0,9.5,51.583333333333336,5.429824561403509,281.2857142857143,10.285714285714286,0.01,256.5577688737484,0.6034731248427403,0.9051899318415311,True,11.290094363193855,19.1266514784533,27.249919178013577,9.55,11.53,12.92,1.5,1.8,2.2,6,True
M1,50.0,60.0,mainshock_window,1.2,3505,536,2968,60.0,60.0,8.933333333333334,49.46666666666667,5.537313432835821,273.14285714285717,9.714285714285714,0.01,249.6825194464212,0.615856023169904,0.9046788660362034,True,11.344267912596756,19.10562099542345,27.05987302226211,9.55,11.54,12.94,1.5,1.8,2.3,6,True
M1,50.0,60.0,mainshock_window,1.5,2823,409,2413,60.0,60.0,6.816666666666666,40.21666666666667,5.8997555012224945,237.57142857142858,6.714285714285714,0.01,216.89048308940394,0.6719237039229105,0.9108446110730727,True,11.620570001014848,18.785888038427874,26.38048403466899,9.64,11.65,13.11,1.7,1.9,2.4,6,True
M1,50.0,60.0,mainshock_window,2.0,1371,193,1177,60.0,60.0,3.216666666666667,19.616666666666667,6.098445595854923,133.0,2.142857142857143,0.01,122.56295335254742,0.8323313106841254,0.9469933599082191,True,11.754577268503226,18.964832927520035,25.644821733561322,10.375,12.43,13.855,2.1500000000000004,2.4,3.0,6,True
M1,50.0,60.0,mainshock_window,2.5,666,111,554,60.0,60.0,1.85,9.233333333333333,4.990990990990991,66.57142857142857,1.1428571428571428,0.01,61.67498784211788,0.9453910010625804,0.9748273124374653,True,10.913342387313792,18.056439955628367,24.79447196876317,10.995000000000001,12.89,14.1875,2.7,3.0,3.5,6,True
M1,50.0,60.0,stratified,,3661,570,3090,60.0,60.0,9.5,51.5,5.421052631578948,280.85714285714283,10.285714285714286,0.01,256.0456348437094,0.6032305963870328,0.9053575035520319,True,11.284505306234383,19.10770568715908,27.200059901700705,9.54,11.53,12.91,1.5,1.8,2.2,6,True
M1,50.0,60.0,stratified,1.2,3500,536,2963,60.0,60.0,8.933333333333334,49.38333333333333,5.527985074626866,272.7142857142857,9.714285714285714,0.01,249.17827577231793,0.6156235392223295,0.9048520873649398,True,11.336061693700172,19.077175577424327,26.936764691639986,9.55,11.53,12.94,1.5,1.8,2.3,6,True
M1,50.0,60.0,stratified,1.5,2819,409,2409,60.0,60.0,6.816666666666666,40.15,5.88997555012225,237.14285714285714,6.714285714285714,0.01,216.47227225394516,0.6716083963389726,0.9110615401631523,True,11.610151927346497,18.75883034206061,26.244021112756894,9.64,11.64,13.11,1.7,1.9,2.4,6,True
M1,50.0,60.0,stratified,2.0,1369,193,1175,60.0,60.0,3.216666666666667,19.583333333333332,6.088082901554404,132.71428571428572,2.142857142857143,0.01,122.34765384880741,0.8318223007938211,0.9471673782437472,True,11.75421478614508,18.954339080410442,25.625759506952203,10.37,12.42,13.85,2.2,2.4,3.0,6,True
M1,50.0,60.0,stratified,2.5,666,111,554,60.0,60.0,1.85,9.233333333333333,4.990990990990991,66.57142857142857,1.1428571428571428,0.01,61.67498784211788,0.9453910010625804,0.9748273124374653,True,10.913342387313792,18.056439955628367,24.79447196876317,10.995000000000001,12.89,14.1875,2.7,3.0,3.5,6,True
M1,50.0,90.0,all,,3923,612,3310,90.0,90.0,6.8,36.77777777777778,5.408496732026144,271.0,5.857142857142858,0.01,248.24763417037306,0.6383674259945586,0.913343338766479,True,11.379780074108565,19.40104045326473,27.733192466504665,9.55,11.54,12.92,1.5,1.7,2.2,6,True
M1,50.0,90.0,all,1.2,3732,566,3165,90.0,90.0,6.288888888888889,35.166666666666664,5.591872791519434,263.7142857142857,5.5,0.01,241.72727065912196,0.6506887935310146,0.9133769287779625,True,11.396276875259293,19.27646770973209,27.389956773939666,9.56,11.54,12.9325,1.5,1.8,2.2,6,True
M1,50.0,90.0,all,1.5,2985,426,2558,90.0,90.0,4.733333333333333,28.42222222222222,6.004694835680751,230.85714285714286,3.857142857142857,0.01,210.4381279413139,0.7043124577187002,0.9204080945944063,True,11.72359752926847,18.964832927520035,26.69825857768134,9.65,11.66,13.12,1.7,1.9,2.4,6,True
M1,50.0,90.0,all,2.0,1435,201,1233,90.0,90.0,2.2333333333333334,13.7,6.134328358208955,130.0,1.2857142857142858,0.01,120.91061864422143,0.8524750363506597,0.9560526005937797,True,11.878189112715004,19.194586433863925,25.857887225310215,10.425,12.45,13.89,2.1,2.4,3.0,6,True
M1,50.0,90.0,all,2.5,688,113,574,90.0,90.0,1.2555555555555555,6.377777777777778,5.079646017699115,67.85714285714286,0.42857142857142855,0.01,60.21019110494164,0.9602515326712057,0.9764610947768675,True,11.031598319469081,18.29353013458764,25.04063656074543,10.9775,12.875,14.1825,2.7,3.0,3.5,6,True
M1,50.0,90.0,mainshock_window,,3920,610,3309,90.0,90.0,6.777777777777778,36.766666666666666,5.424590163934426,271.0,5.857142857142858,0.01,248.20436460612234,0.6385164400286308,0.9132623312994939,True,11.38497938817218,19.408188580747943,27.76838511445548,9.55,11.54,12.92,1.5,1.7,2.2,6,True
M1,50.0,90.0,mainshock_window,1.2,3730,564,3165,90.0,90.0,6.266666666666667,35.166666666666664,5.611702127659574,263.7142857142857,5.5,0.01,241.72727065912196,0.6506887935310146,0.9133769287779625,True,11.412700673787317,19.28209953209729,27.405049554791848,9.56,11.54,12.93,1.5,1.8,2.2,6,True
M1,50.0,90.0,mainshock_window,1.5,2984,425,2558,90.0,90.0,4.722222222222222,28.42222222222222,6.0188235294117645,230.85714285714286,3.857142857142857,0.01,210.4381279413139,0.7043124577187002,0.9204080945944063,True,11.729812767105352,18.971474639827488,26.70743270370302,9.65,11.66,13.112499999999999,1.7,1.9,2.4,6,True
M1,50.0,90.0,mainshock_window,2.0,1435,201,1233,90.0,90.0,2.2333333333333334,13.7,6.134328358208955,130.0,1.2857142857142858,0.01,120.91061864422143,0.8524750363506597,0.9560526005937797,True,11.878189112715004,19.194586433863925,25.857887225310215,10.425,12.45,13.89,2.1,2.4,3.0,6,True
M1,50.0,90.0,mainshock_window,2.5,688,113,574,90.0,90.0,1.2555555555555555,6.377777777777778,5.079646017699115,67.85714285714286,0.42857142857142855,0.01,60.21019110494164,0.9602515326712057,0.9764610947768675,True,11.031598319469081,18.29353013458764,25.04063656074543,10.9775,12.875,14.1825,2.7,3.0,3.5,6,True
M1,50.0,90.0,stratified,,3915,610,3304,90.0,90.0,6.777777777777778,36.71111111111111,5.41639344262295,270.57142857142856,5.857142857142858,0.01,247.71622104829666,0.6382561139227793,0.91336651430032,True,11.379780074108565,19.37936726759398,27.733192466504665,9.55,11.53,12.91,1.5,1.7,2.2,6,True
M1,50.0,90.0,stratified,1.2,3725,564,3160,90.0,90.0,6.266666666666667,35.111111111111114,5.602836879432624,263.2857142857143,5.5,0.01,241.2479960910264,0.6504332434360084,0.9134945947345818,True,11.398717627878941,19.24826327215196,27.381492219359803,9.55,11.54,12.93,1.5,1.8,2.2,6,True
M1,50.0,90.0,stratified,1.5,2980,425,2554,90.0,90.0,4.722222222222222,28.377777777777776,6.009411764705882,230.42857142857142,3.857142857142857,0.01,210.03932868812265,0.7039840670320983,0.9205742254769347,True,11.7207187969836,18.943741542882975,26.606069337346447,9.65,11.66,13.11,1.7,1.9,2.4,6,True
M1,50.0,90.0,stratified,2.0,1433,201,1231,90.0,90.0,2.2333333333333334,13.677777777777777,6.124378109452736,129.71428571428572,1.2857142857142858,0.01,120.68447416530604,0.8520299605401612,0.9561790911925308,True,11.868108515459266,19.189842706902162,25.809698438656838,10.42,12.45,13.88,2.1,2.4,3.0,6,True
M1,50.0,90.0,stratified,2.5,688,113,574,90.0,90.0,1.2555555555555555,6.377777777777778,5.079646017699115,67.85714285714286,0.42857142857142855,0.01,60.21019110494164,0.9602515326712057,0.9764610947768675,True,11.031598319469081,18.29353013458764,25.04063656074543,10.9775,12.875,14.1825,2.7,3.0,3.5,6,True
M1,80.0,7.0,all,,2328,540,1787,7.0,7.0,77.14285714285714,255.28571428571428,3.3092592592592593,256.85714285714283,255.42857142857142,,,,,False,9.698514102113178,16.670667959989082,24.981388103344973,9.8,11.68,13.08,1.6,1.8,2.4,6,True
M1,80.0,7.0,all,1.2,2254,512,1741,7.0,7.0,73.14285714285714,248.71428571428572,3.4003906250000004,250.85714285714286,248.85714285714286,,,,,False,9.806274431442334,16.847470369670905,25.03124744957543,9.79,11.68,13.1,1.6,1.9,2.4,6,True
M1,80.0,7.0,all,1.5,1921,400,1520,7.0,7.0,57.142857142857146,217.14285714285714,3.8,221.71428571428572,217.28571428571428,,,,,False,10.216580977531917,17.284390026796608,25.03292908973063,9.86,11.78,13.26,1.7,2.0,2.5,6,True
M1,80.0,7.0,all,2.0,1030,192,837,7.0,7.0,27.428571428571427,119.57142857142857,4.359375,127.14285714285714,119.71428571428571,,,,,False,10.920131547340517,17.691921397940853,24.55354461043023,10.3225,12.4,13.82,2.2,2.5,3.1,6,True
M1,80.0,7.0,all,2.5,522,107,414,7.0,7.0,15.285714285714286,59.142857142857146,3.869158878504673,66.42857142857143,59.285714285714285,,,,,False,9.815199918005064,16.985396899802836,23.971783599608393,10.995000000000001,12.81,14.18,2.7,3.1,3.5,6,True
M1,80.0,7.0,mainshock_window,,2328,540,1787,7.0,7.0,77.14285714285714,255.28571428571428,3.3092592592592593,256.85714285714283,255.42857142857142,,,,,False,9.698514102113178,16.670667959989082,24.981388103344973,9.8,11.68,13.08,1.6,1.8,2.4,6,True
M1,80.0,7.0,mainshock_window,1.2,2254,512,1741,7.0,7.0,73.14285714285714,248.71428571428572,3.4003906250000004,250.85714285714286,248.85714285714286,,,,,False,9.806274431442334,16.847470369670905,25.03124744957543,9.79,11.68,13.1,1.6,1.9,2.4,6,True
M1,80.0,7.0,mainshock_window,1.5,1921,400,1520,7.0,7.0,57.142857142857146,217.14285714285714,3.8,221.71428571428572,217.28571428571428,,,,,False,10.216580977531917,17.284390026796608,25.03292908973063,9.86,11.78,13.26,1.7,2.0,2.5,6,True
M1,80.0,7.0,mainshock_window,2.0,1030,192,837,7.0,7.0,27.428571428571427,119.57142857142857,4.359375,127.14285714285714,119.71428571428571,,,,,False,10.920131547340517,17.691921397940853,24.55354461043023,10.3225,12.4,13.82,2.2,2.5,3.1,6,True
M1,80.0,7.0,mainshock_window,2.5,522,107,414,7.0,7.0,15.285714285714286,59.142857142857146,3.869158878504673,66.42857142857143,59.285714285714285,,,,,False,9.815199918005064,16.985396899802836,23.971783599608393,10.995000000000001,12.81,14.18,2.7,3.1,3.5,6,True
M1,80.0,7.0,stratified,,2320,539,1780,7.0,7.0,77.0,254.28571428571428,3.302411873840445,256.2857142857143,254.42857142857142,,,,,False,9.684522325273065,16.65060260607989,24.869402843755417,9.79,11.67,13.0625,1.6,1.8,2.4,6,True
M1,80.0,7.0,stratified,1.2,2246,511,1734,7.0,7.0,73.0,247.71428571428572,3.3933463796477494,250.28571428571428,247.85714285714286,,,,,False,9.79292121014926,16.784105502918628,24.995426323885397,9.79,11.67,13.08,1.6,1.9,2.4,6,True
M1,80.0,7.0,stratified,1.5,1915,399,1515,7.0,7.0,57.0,216.42857142857142,3.796992481203007,221.14285714285714,216.57142857142858,,,,,False,10.199601220759106,17.2198583021362,25.010243582998385,9.84,11.77,13.22,1.7,2.0,2.5,6,True
M1,80.0,7.0,stratified,2.0,1026,192,833,7.0,7.0,27.428571428571427,119.0,4.338541666666667,126.71428571428571,119.14285714285714,,,,,False,10.913342387313792,17.617545494385517,24.483245946842704,10.3125,12.379999999999999,13.81,2.2,2.5,3.1,6,True
M1,80.0,7.0,stratified,2.5,522,107,414,7.0,7.0,15.285714285714286,59.142857142857146,3.869158878504673,66.42857142857143,59.285714285714285,,,,,False,9.815199918005064,16.985396899802836,23.971783599608393,10.995000000000001,12.81,14.18,2.7,3.1,3.5,6,True
M1,80.0,30.0,all,,3483,590,2892,30.0,30.0,19.666666666666668,96.4,4.901694915254237,283.0,23.285714285714285,0.01,289.91713313807736,0.5250732726308175,0.8878123568320551,True,11.363142881244162,19.941622273072888,30.75255178996165,9.635000000000002,11.67,13.21,1.5,1.8,2.2,6,True
M1,80.0,30.0,all,1.2,3329,558,2770,30.0,30.0,18.6,92.33333333333333,4.964157706093189,275.14285714285717,21.5,0.01,281.8018100897664,0.537731763338486,0.8883554384016148,True,11.398717627878941,19.93718561137751,30.100602047207442,9.62,11.66,13.2,1.5,1.8,2.3,6,True
M1,80.0,30.0,all,1.5,2689,431,2257,30.0,30.0,14.366666666666667,75.23333333333333,5.236658932714617,239.71428571428572,15.214285714285715,0.01,242.6850206218008,0.598435380605974,0.8913817607036488,True,11.60643671072162,19.45325809601314,28.719268989845638,9.68,11.74,13.33,1.7,1.9,2.4,6,True
M1,80.0,30.0,all,2.0,1333,207,1125,30.0,30.0,6.9,37.5,5.434782608695652,135.0,6.428571428571429,0.01,134.36260502789852,0.7726419699250568,0.931759787583833,True,11.75421478614508,19.45657952969732,27.412595945217937,10.39,12.52,13.99,2.2,2.4,3.0,6,True
M1,80.0,30.0,all,2.5,649,115,533,30.0,30.0,3.8333333333333335,17.766666666666666,4.634782608695652,69.14285714285714,2.571428571428571,0.01,65.07901401937549,0.908107148247843,0.9594825019700014,True,10.919117744905746,18.54781933849635,26.1152778885537,11.05,13.01,14.33,2.7,3.0,3.5,6,True
M1,80.0,30.0,mainshock_window,,3483,590,2892,30.0,30.0,19.666666666666668,96.4,4.901694915254237,283.0,23.285714285714285,0.01,289.91713313807736,0.5250732726308175,0.8878123568320551,True,11.363142881244162,19.941622273072888,30.75255178996165,9.635000000000002,11.67,13.21,1.5,1.8,2.2,6,True
M1,80.0,30.0,mainshock_window,1.2,3329,558,2770,30.0,30.0,18.6,92.33333333333333,4.964157706093189,275.14285714285717,21.5,0.01,281.8018100897664,0.537731763338486,0.8883554384016148,True,11.398717627878941,19.93718561137751,30.100602047207442,9.62,11.66,13.2,1.5,1.8,2.3,6,True
M1,80.0,30.0,mainshock_window,1.5,2689,431,2257,30.0,30.0,14.366666666666667,75.23333333333333,5.236658932714617,239.71428571428572,15.214285714285715,0.01,242.6850206218008,0.598435380605974,0.8913817607036488,True,11.60643671072162,19.45325809601314,28.719268989845638,9.68,11.74,13.33,1.7,1.9,2.4,6,True
M1,80.0,30.0,mainshock_window,2.0,1333,207,1125,30.0,30.0,6.9,37.5,5.434782608695652,135.0,6.428571428571429,0.01,134.36260502789852,0.7726419699250568,0.931759787583833,True,11.75421478614508,19.45657952969732,27.412595945217937,10.39,12.52,13.99,2.2,2.4,3.0,6,True
M1,80.0,30.0,mainshock_window,2.5,649,115,533,30.0,30.0,3.8333333333333335,17.766666666666666,4.634782608695652,69.14285714285714,2.571428571428571,0.01,65.07901401937549,0.908107148247843,0.9594825019700014,True,10.919117744905746,18.54781933849635,26.1152778885537,11.05,13.01,14.33,2.7,3.0,3.5,6,True
M1,80.0,30.0,stratified,,3358,584,2773,30.0,30.0,19.466666666666665,92.43333333333334,4.748287671232878,282.2857142857143,22.57142857142857,0.01,282.9770673631612,0.5373887652901262,0.887677385659074,True,11.109785116619992,19.213275873823562,28.27546664523208,9.56,11.57,13.0,1.5,1.8,2.2,6,True
M1,80.0,30.0,stratified,1.2,3229,553,2675,30.0,30.0,18.433333333333334,89.16666666666667,4.837251356238698,274.42857142857144,21.0,0.01,275.92468918692794,0.5482376230494389,0.8880200725516202,True,11.20456984338798,19.318540214459514,28.245790224817487,9.56,11.58,13.02,1.5,1.8,2.3,6,True
M1,80.0,30.0,stratified,1.5,2625,427,2197,30.0,30.0,14.233333333333333,73.23333333333333,5.145199063231851,239.0,14.928571428571429,0.01,238.33762898420028,0.6072707710609693,0.8912968606818668,True,11.432310493423723,19.048329709444605,27.382410383513577,9.63,11.67,13.16,1.7,1.9,2.4,6,True
M1,80.0,30.0,stratified,2.0,1305,205,1099,30.0,30.0,6.833333333333333,36.63333333333333,5.360975609756098,134.42857142857142,6.2857142857142865,0.01,131.70975887586405,0.7821416896885722,0.9321705380669302,True,11.674452837936744,19.158304182973506,26.1152778885537,10.33,12.43,13.89,2.2,2.4,3.0,6,True
M1,80.0,30.0,stratified,2.5,636,113,522,30.0,30.0,3.7666666666666666,17.4,4.619469026548672,69.14285714285714,2.357142857142857,0.01,63.76639949447454,0.9200146458211623,0.9603921742899653,True,10.7061037142612,18.076211018093133,25.170240353117173,11.004999999999999,12.934999999999999,14.26,2.7,3.0,3.5,6,True
M1,80.0,60.0,all,,4009,642,3366,60.0,60.0,10.7,56.1,5.242990654205608,286.85714285714283,13.857142857142858,0.01,268.99423618333793,0.579832890196906,0.9064574674355376,True,11.905161332579572,20.564830168867296,33.12481418592998,9.69,11.72,13.36,1.5,1.7,2.2,6,True
M1,80.0,60.0,all,1.2,3792,602,3189,60.0,60.0,10.033333333333333,53.15,5.29734219269103,278.42857142857144,13.428571428571429,0.01,260.52053216435445,0.5953505137896973,0.9057064794063014,True,11.883229411342874,20.435905343868058,32.69215059951311,9.66,11.68,13.3,1.5,1.8,2.2,6,True
M1,80.0,60.0,all,1.5,3012,454,2557,60.0,60.0,7.566666666666666,42.61666666666667,5.632158590308371,241.57142857142858,10.0,0.01,225.13797976219874,0.6537832957848513,0.9118658602613828,True,12.052695581508512,20.041505035287535,29.871370339759604,9.72,11.78,13.39,1.7,1.9,2.4,6,True
M1,80.0,60.0,all,2.0,1454,216,1237,60.0,60.0,3.6,20.616666666666667,5.726851851851852,135.14285714285714,3.142857142857143,0.01,127.68549853815338,0.8117872941560881,0.9488764126457612,True,12.211377038809452,19.91312902034342,28.334141144964512,10.5025,12.56,14.0475,2.1,2.4,3.0,6,True
M1,80.0,60.0,all,2.5,705,121,583,60.0,60.0,2.0166666666666666,9.716666666666667,4.818181818181818,67.42857142857143,1.7142857142857142,0.01,64.24816790388473,0.9251031542580891,0.974125622583762,True,11.372722699748993,18.847440185552202,27.011559287843124,11.11,13.04,14.43,2.7,3.0,3.5,6,True
M1,80.0,60.0,mainshock_window,,4005,640,3364,60.0,60.0,10.666666666666666,56.06666666666667,5.2562500000000005,286.85714285714283,13.857142857142858,0.01,268.89089968680963,0.580099503904977,0.9062801536322342,True,11.903495408752589,20.561512366480535,33.10132742207007,9.69,11.71,13.35,1.5,1.7,2.2,6,True
M1,80.0,60.0,mainshock_window,1.2,3789,601,3187,60.0,60.0,10.016666666666667,53.11666666666667,5.302828618968386,278.42857142857144,13.428571428571429,0.01,260.4150019638363,0.5956316462971172,0.905545070625442,True,11.868108515459266,20.43205871771899,32.67487056532511,9.66,11.68,13.29,1.5,1.8,2.2,6,True
M1,80.0,60.0,mainshock_window,1.5,3010,454,2555,60.0,60.0,7.566666666666666,42.583333333333336,5.6277533039647585,241.57142857142858,10.0,0.01,225.01181107467283,0.6541722628440605,0.9116931334070475,True,12.041602214981218,20.036953906710234,29.84315119555949,9.72,11.774999999999999,13.39,1.7,1.9,2.4,6,True
M1,80.0,60.0,mainshock_window,2.0,1453,216,1236,60.0,60.0,3.6,20.6,5.722222222222222,135.14285714285714,3.142857142857143,0.01,127.59771236717357,0.8122645180163188,0.9487897227706694,True,12.197542966599707,19.898086734270112,28.332055484027048,10.5,12.56,14.04,2.1,2.4,3.0,6,True
M1,80.0,60.0,mainshock_window,2.5,704,121,582,60.0,60.0,2.0166666666666666,9.7,4.8099173553719,67.42857142857143,1.5714285714285714,0.01,64.14064433588818,0.9262634137908828,0.9740582651492169,True,11.329623908761103,18.819304576186816,27.00213848507205,11.1075,13.04,14.4225,2.7,3.0,3.5,6,True
M1,80.0,60.0,stratified,,3789,625,3163,60.0,60.0,10.416666666666666,52.71666666666667,5.0608,285.85714285714283,11.571428571428571,0.01,260.20739979092997,0.5987624496695824,0.9027316634030829,True,11.539175410912545,19.74710458112143,29.16028549866679,9.57,11.57,13.0,1.5,1.8,2.2,6,True
M1,80.0,60.0,stratified,1.2,3625,590,3034,60.0,60.0,9.833333333333334,50.56666666666667,5.142372881355932,277.42857142857144,10.0,0.01,253.29880698958138,0.6109825677838172,0.9023273642276775,True,11.583790314536483,19.7761757130327,28.973174185803412,9.57,11.57,13.03,1.5,1.8,2.2,6,True
M1,80.0,60.0,stratified,1.5,2907,448,2458,60.0,60.0,7.466666666666667,40.96666666666667,5.486607142857143,240.85714285714286,7.142857142857143,0.01,219.64062829915937,0.6674571950100431,0.9092021391453351,True,11.790954862495193,19.28436265515701,28.048859374704,9.66,11.67,13.175,1.7,1.9,2.4,6,True
M1,80.0,60.0,stratified,2.0,1407,213,1193,60.0,60.0,3.55,19.883333333333333,5.60093896713615,134.57142857142858,2.142857142857143,0.01,123.87505561827255,0.8292751509513393,0.9459543435330864,True,11.928399660294943,19.40104045326473,26.370283637723404,10.425,12.46,13.895,2.1,2.4,3.0,6,True
M1,80.0,60.0,stratified,2.5,682,119,562,60.0,60.0,1.9833333333333334,9.366666666666667,4.722689075630252,67.42857142857143,1.1428571428571428,0.01,62.47723470195631,0.9443050907704881,0.9738824939132434,True,11.003243586764452,18.508731167563774,25.66480647001442,11.0525,12.94,14.26,2.7,3.0,3.5,6,True
M1,80.0,90.0,all,,4344,709,3634,90.0,90.0,7.877777777777778,40.37777777777778,5.125528913963328,276.14285714285717,8.071428571428571,0.01,261.35301595989165,0.6114259739962981,0.915695655753997,True,12.177658195305662,21.01195691503234,33.63769742760421,9.71,11.76,13.42,1.4,1.7,2.2,6,True
M1,80.0,90.0,all,1.2,4073,647,3425,90.0,90.0,7.188888888888889,38.05555555555556,5.293663060278207,268.7142857142857,7.071428571428571,0.01,252.95675165773858,0.6278388262483456,0.9148885248156178,True,12.073924621250164,20.69929648353083,32.98037182151385,9.69,11.71,13.34,1.5,1.8,2.2,6,True
M1,80.0,90.0,all,1.5,3210,480,2729,90.0,90.0,5.333333333333333,30.322222222222223,5.685416666666667,234.85714285714286,5.071428571428571,0.01,219.0534995199712,0.6836679794284075,0.9217533163294587,True,12.294709704218167,20.293563474302914,31.18007807754406,9.77,11.8,13.43,1.7,1.9,2.4,6,True
M1,80.0,90.0,all,2.0,1535,227,1307,90.0,90.0,2.522222222222222,14.522222222222222,5.757709251101322,132.14285714285714,1.8571428571428572,0.01,126.5633004492023,0.8283630023037293,0.9583393559850645,True,12.566910784993649,20.281546430611943,29.165879596326477,10.58,12.59,14.11,2.1,2.4,3.0,6,True
M1,80.0,90.0,all,2.5,738,125,612,90.0,90.0,1.3888888888888888,6.8,4.896,68.71428571428571,0.7142857142857143,0.01,63.73548499567898,0.9288991716604829,0.9773584067543759,True,11.577876866082091,19.408188580747943,28.71159615634977,11.1425,13.05,14.48,2.7,3.0,3.5,6,True
M1,80.0,90.0,mainshock_window,,4335,703,3631,90.0,90.0,7.811111111111111,40.34444444444444,5.165007112375533,276.14285714285717,8.0,0.01,261.2312992286201,0.6117633064200166,0.9155214684170925,True,12.174155597876442,20.98426380506102,33.59763115414386,9.71,11.74,13.4,1.4,1.7,2.2,6,True
M1,80.0,90.0,mainshock_window,1.2,4068,644,3423,90.0,90.0,7.155555555555556,38.03333333333333,5.315217391304348,268.7142857142857,7.071428571428571,0.01,252.86912437704115,0.6280705282744421,0.9147912408522842,True,12.083183073144706,20.698783791590756,32.96261129058903,9.6875,11.71,13.33,1.5,1.8,2.2,6,True
M1,80.0,90.0,mainshock_window,1.5,3207,479,2727,90.0,90.0,5.322222222222222,30.3,5.693110647181629,234.85714285714286,5.071428571428571,0.01,218.94935270507943,0.6839860039419285,0.9216482285091565,True,12.301647562150897,20.290565494438678,31.131791257196703,9.77,11.8,13.425,1.7,1.9,2.4,6,True
M1,80.0,90.0,mainshock_window,2.0,1534,227,1306,90.0,90.0,2.522222222222222,14.511111111111111,5.753303964757709,132.14285714285714,1.8571428571428572,0.01,126.4905163704448,0.8287467326950071,0.9582828604224093,True,12.565520399636387,20.27783627059783,29.157253542778157,10.58,12.59,14.11,2.1,2.4,3.0,6,True
M1,80.0,90.0,mainshock_window,2.5,737,125,611,90.0,90.0,1.3888888888888888,6.788888888888889,4.888,68.71428571428571,0.7142857142857143,0.01,63.647546916905604,0.9298193119983877,0.9773241433029792,True,11.570704468008893,19.40104045326473,28.522049777891752,11.14,13.05,14.48,2.7,3.0,3.5,6,True
M1,80.0,90.0,stratified,,4079,677,3401,90.0,90.0,7.522222222222222,37.78888888888889,5.023633677991138,275.42857142857144,7.0,0.01,252.4045822538385,0.6315661868954545,0.9123532547066047,True,11.70213752319474,20.06811880853482,30.275776834159803,9.59,11.58,13.004999999999999,1.5,1.7,2.2,6,True
M1,80.0,90.0,stratified,1.2,3876,625,3250,90.0,90.0,6.944444444444445,36.111111111111114,5.2,268.0,6.357142857142858,0.01,245.71278422247798,0.6441523723549633,0.9122018292984555,True,11.71032966085984,20.031982314756387,29.437681530210313,9.59,11.58,13.03,1.5,1.8,2.2,6,True
M1,80.0,90.0,stratified,1.5,3086,469,2616,90.0,90.0,5.211111111111111,29.066666666666666,5.577825159914712,234.14285714285714,4.428571428571429,0.01,213.45064290043607,0.698263784899861,0.9194610769353471,True,11.925980042022445,19.616227074110625,28.495047488925433,9.68,11.69,13.18,1.7,1.9,2.4,6,True
M1,80.0,90.0,stratified,2.0,1480,222,1257,90.0,90.0,2.466666666666667,13.966666666666667,5.662162162162162,131.57142857142858,1.5,0.01,122.65621184009267,0.8460616263187107,0.9556273216517811,True,12.052695581508512,19.668098440098127,27.193584028812747,10.477500000000001,12.52,13.94,2.1,2.4,3.0,6,True
M1,80.0,90.0,stratified,2.5,710,121,588,90.0,90.0,1.3444444444444446,6.533333333333333,4.859504132231405,68.71428571428571,0.5714285714285714,0.01,61.543043558632945,0.9512458219141186,0.976323386162667,True,11.243426326785327,18.725826304202464,26.416722978447282,11.06,12.94,14.28,2.7,3.0,3.5,6,True
M1,100.0,7.0,all,,2364,568,1795,7.0,7.0,81.14285714285714,256.42857142857144,3.160211267605634,259.85714285714283,256.57142857142856,,,,,False,9.795123886550593,16.91176019235862,25.326361510191347,9.81,11.73,13.1325,1.5,1.8,2.4,6,True
M1,100.0,7.0,all,1.2,2273,527,1745,7.0,7.0,75.28571428571429,249.28571428571428,3.311195445920303,252.57142857142858,249.42857142857142,,,,,False,9.859006121966694,16.944213052489047,25.209437076952504,9.79,11.71,13.12,1.6,1.9,2.4,6,True
M1,100.0,7.0,all,1.5,1935,411,1523,7.0,7.0,58.714285714285715,217.57142857142858,3.7055961070559613,223.14285714285714,217.71428571428572,,,,,False,10.252396417782386,17.36811382232595,25.170921547769574,9.84,11.78,13.28,1.7,2.0,2.5,6,True
M1,100.0,7.0,all,2.0,1034,195,838,7.0,7.0,27.857142857142858,119.71428571428571,4.297435897435897,127.28571428571429,119.85714285714286,,,,,False,10.939646271086655,17.705844783741387,24.60412137122881,10.3325,12.405000000000001,13.85,2.2,2.5,3.1,6,True
M1,100.0,7.0,all,2.5,523,107,415,7.0,7.0,15.285714285714286,59.285714285714285,3.878504672897196,66.42857142857143,59.42857142857143,,,,,False,9.834174611258868,17.038593117021662,23.98428287895226,11.0,12.82,14.184999999999999,2.7,3.1,3.5,6,True
M1,100.0,7.0,mainshock_window,,2361,567,1793,7.0,7.0,81.0,256.14285714285717,3.162257495590829,259.85714285714283,256.2857142857143,,,,,False,9.791819871948594,16.867985575673416,25.256262167161402,9.81,11.73,13.13,1.5,1.8,2.4,6,True
M1,100.0,7.0,mainshock_window,1.2,2273,527,1745,7.0,7.0,75.28571428571429,249.28571428571428,3.311195445920303,252.57142857142858,249.42857142857142,,,,,False,9.859006121966694,16.944213052489047,25.209437076952504,9.79,11.71,13.12,1.6,1.9,2.4,6,True
M1,100.0,7.0,mainshock_window,1.5,1935,411,1523,7.0,7.0,58.714285714285715,217.57142857142858,3.7055961070559613,223.14285714285714,217.71428571428572,,,,,False,10.252396417782386,17.36811382232595,25.170921547769574,9.84,11.78,13.28,1.7,2.0,2.5,6,True
M1,100.0,7.0,mainshock_window,2.0,1034,195,838,7.0,7.0,27.857142857142858,119.71428571428571,4.297435897435897,127.28571428571429,119.85714285714286,,,,,False,10.939646271086655,17.705844783741387,24.60412137122881,10.3325,12.405000000000001,13.85,2.2,2.5,3.1,6,True
M1,100.0,7.0,mainshock_window,2.5,523,107,415,7.0,7.0,15.285714285714286,59.285714285714285,3.878504672897196,66.42857142857143,59.42857142857143,,,,,False,9.834174611258868,17.038593117021662,23.98428287895226,11.0,12.82,14.184999999999999,2.7,3.1,3.5,6,True
M1,100.0,7.0,stratified,,2330,549,1780,7.0,7.0,78.42857142857143,254.28571428571428,3.2422586520947174,257.42857142857144,254.42857142857142,,,,,False,9.704661258396998,16.68442231202879,24.995426323885397,9.79,11.67,13.07,1.6,1.8,2.4,6,True
M1,100.0,7.0,stratified,1.2,2252,517,1734,7.0,7.0,73.85714285714286,247.71428571428572,3.353965183752418,251.0,247.85714285714286,,,,,False,9.800954777745064,16.82816312484531,25.021838275624233,9.77,11.67,13.08,1.6,1.9,2.4,6,True
M1,100.0,7.0,stratified,1.5,1920,404,1515,7.0,7.0,57.714285714285715,216.42857142857142,3.7499999999999996,221.85714285714286,216.57142857142858,,,,,False,10.214712525233125,17.25939143481963,25.027884169265032,9.82,11.754999999999999,13.2125,1.7,2.0,2.5,6,True
M1,100.0,7.0,stratified,2.0,1026,192,833,7.0,7.0,27.428571428571427,119.0,4.338541666666667,126.71428571428571,119.14285714285714,,,,,False,10.913342387313792,17.617545494385517,24.483245946842704,10.3125,12.379999999999999,13.81,2.2,2.5,3.1,6,True
M1,100.0,7.0,stratified,2.5,522,107,414,7.0,7.0,15.285714285714286,59.142857142857146,3.869158878504673,66.42857142857143,59.285714285714285,,,,,False,9.815199918005064,16.985396899802836,23.971783599608393,10.995000000000001,12.81,14.18,2.7,3.1,3.5,6,True
M1,100.0,30.0,all,,3659,665,2993,30.0,30.0,22.166666666666668,99.76666666666667,4.500751879699248,285.42857142857144,26.42857142857143,0.01,297.6170669351695,0.5175046091094406,0.9003593462870007,True,11.731968001905148,20.735344946065222,33.79322413523785,9.71,11.79,13.53,1.5,1.8,2.2,6,True
M1,100.0,30.0,all,1.2,3456,606,2849,30.0,30.0,20.2,94.96666666666667,4.701320132013201,276.7142857142857,23.714285714285715,0.01,288.26900913463777,0.5320866670645752,0.8997957196688159,True,11.697152113095667,20.564378989036143,33.12704791610913,9.67,11.75,13.4225,1.5,1.8,2.3,6,True
M1,100.0,30.0,all,1.5,2763,463,2299,30.0,30.0,15.433333333333334,76.63333333333334,4.965442764578834,241.14285714285714,16.142857142857142,0.01,246.92523669048376,0.5956848000434816,0.9002513555396308,True,11.764662498545547,20.03417007656721,30.643091985845512,9.7,11.79,13.46,1.7,1.9,2.4,6,True
M1,100.0,30.0,all,2.0,1361,220,1140,30.0,30.0,7.333333333333333,38.0,5.181818181818182,135.14285714285714,6.7142857142857135,0.01,135.82170766450204,0.7668482076055078,0.9320556855407032,True,11.888269709970743,19.83252565072661,28.774778282502442,10.43,12.56,14.06,2.1,2.4,3.0,6,True
M1,100.0,30.0,all,2.5,660,117,542,30.0,30.0,3.9,18.066666666666666,4.632478632478633,69.28571428571429,2.571428571428571,0.01,65.92162082329945,0.9016672900581925,0.9574610912855764,True,10.981419361317531,18.655961565184747,27.280710727151757,11.075,13.045,14.4225,2.7,3.0,3.5,6,True
M1,100.0,30.0,mainshock_window,,3654,664,2989,30.0,30.0,22.133333333333333,99.63333333333334,4.501506024096386,285.2857142857143,26.357142857142858,0.01,297.327046748071,0.5179993993619543,0.9001170442828819,True,11.725669275214099,20.702384873914422,33.7301247665719,9.71,11.79,13.5175,1.5,1.8,2.2,6,True
M1,100.0,30.0,mainshock_window,1.2,3455,606,2848,30.0,30.0,20.2,94.93333333333334,4.6996699669967,276.7142857142857,23.714285714285715,0.01,288.1915883464186,0.5322489792692106,0.8996655361760714,True,11.696699860037175,20.56392780920499,33.1232720293134,9.67,11.75,13.42,1.5,1.8,2.3,6,True
M1,100.0,30.0,mainshock_window,1.5,2763,463,2299,30.0,30.0,15.433333333333334,76.63333333333334,4.965442764578834,241.14285714285714,16.142857142857142,0.01,246.92523669048376,0.5956848000434816,0.9002513555396308,True,11.764662498545547,20.03417007656721,30.643091985845512,9.7,11.79,13.46,1.7,1.9,2.4,6,True
M1,100.0,30.0,mainshock_window,2.0,1361,220,1140,30.0,30.0,7.333333333333333,38.0,5.181818181818182,135.14285714285714,6.7142857142857135,0.01,135.82170766450204,0.7668482076055078,0.9320556855407032,True,11.888269709970743,19.83252565072661,28.774778282502442,10.43,12.56,14.06,2.1,2.4,3.0,6,True
M1,100.0,30.0,mainshock_window,2.5,660,117,542,30.0,30.0,3.9,18.066666666666666,4.632478632478633,69.28571428571429,2.571428571428571,0.01,65.92162082329945,0.9016672900581925,0.9574610912855764,True,10.981419361317531,18.655961565184747,27.280710727151757,11.075,13.045,14.4225,2.7,3.0,3.5,6,True
M1,100.0,30.0,stratified,,3403,608,2794,30.0,30.0,20.266666666666666,93.13333333333334,4.595394736842106,283.14285714285717,23.214285714285715,0.01,284.4956858559966,0.5341602134104656,0.8896609403587731,True,11.247751571519986,19.491868183178823,29.053701439436956,9.555,11.59,13.05,1.5,1.8,2.2,6,True
M1,100.0,30.0,stratified,1.2,3262,568,2693,30.0,30.0,18.933333333333334,89.76666666666667,4.741197183098591,275.14285714285717,21.42857142857143,0.01,277.2883424720908,0.5452554553192028,0.8898444536789447,True,11.285141154759852,19.552575516174983,28.87645653246667,9.55,11.59,13.06,1.5,1.8,2.3,6,True
M1,100.0,30.0,stratified,1.5,2647,438,2208,30.0,30.0,14.6,73.6,5.041095890410959,239.71428571428572,15.142857142857142,0.01,239.3546183673271,0.604530371884301,0.8931739292089392,True,11.531767919307237,19.150038092710115,28.02105320114746,9.62,11.67,13.184999999999999,1.7,1.9,2.4,6,True
M1,100.0,30.0,stratified,2.0,1312,210,1101,30.0,30.0,7.0,36.7,5.242857142857143,134.42857142857142,6.357142857142858,0.01,132.13328439998037,0.7802130148190353,0.9335635585336622,True,11.698804244041357,19.212959479982423,26.315498336119834,10.3175,12.434999999999999,13.8925,2.1,2.4,3.0,6,True
M1,100.0,30.0,stratified,2.5,637,114,522,30.0,30.0,3.8,17.4,4.578947368421052,69.14285714285714,2.357142857142857,0.01,63.76639949447454,0.9200146458211623,0.9603921742899653,True,10.706565963857658,18.0850241425869,25.209437076952504,11.01,12.94,14.26,2.7,3.0,3.5,6,True
M1,100.0,60.0,all,,4402,810,3591,60.0,60.0,13.5,59.85,4.433333333333334,288.42857142857144,16.285714285714285,0.01,279.3892893742577,0.5619624499522317,0.9166388709539821,True,12.735582286531542,22.104278672676244,37.85108698658124,9.82,11.95,14.03,1.4,1.7,2.2,6,True
M1,100.0,60.0,all,1.2,4066,718,3347,60.0,60.0,11.966666666666667,55.78333333333333,4.661559888579387,279.2857142857143,14.857142857142858,0.01,268.812130606352,0.5814646804680059,0.9145436342317659,True,12.562037331813821,21.565352913675067,35.18245753310898,9.74,11.84,13.727500000000001,1.5,1.8,2.2,6,True
M1,100.0,60.0,all,1.5,3172,523,2648,60.0,60.0,8.716666666666667,44.13333333333333,5.063097514340344,242.28571428571428,10.571428571428571,0.01,231.04027023289206,0.6429940038190203,0.9185716157809676,True,12.565977392027285,20.799340449789224,33.68850415275251,9.78,11.88,13.6325,1.7,1.9,2.4,6,True
M1,100.0,60.0,all,2.0,1514,239,1274,60.0,60.0,3.9833333333333334,21.233333333333334,5.330543933054393,135.28571428571428,3.7142857142857144,0.01,130.59415309558045,0.7970989159488485,0.9505741623795777,True,12.627246193038896,20.523097943130136,31.64434102598502,10.59,12.645,14.2575,2.1,2.4,3.0,6,True
M1,100.0,60.0,all,2.5,731,126,604,60.0,60.0,2.1,10.066666666666666,4.7936507936507935,67.57142857142857,1.8571428571428572,0.01,65.98727387351795,0.9083792604257331,0.9724296836617451,True,11.585049264155288,19.45657952969732,29.330235117982262,11.23,13.15,14.629999999999999,2.7,3.0,3.4,6,True
M1,100.0,60.0,mainshock_window,,4385,802,3582,60.0,60.0,13.366666666666667,59.7,4.466334164588528,288.14285714285717,16.142857142857142,0.01,278.97486237810705,0.5628137145371401,0.9162698470472354,True,12.712607141474203,22.07252590748159,37.67603907829189,9.81,11.94,13.99,1.4,1.7,2.2,6,True
M1,100.0,60.0,mainshock_window,1.2,4060,716,3343,60.0,60.0,11.933333333333334,55.71666666666667,4.668994413407821,279.2857142857143,14.857142857142858,0.01,268.6173825157096,0.5819423736593611,0.9142838206195819,True,12.54217952048042,21.54154510878903,35.13283668223994,9.74,11.83,13.71,1.5,1.8,2.2,6,True
M1,100.0,60.0,mainshock_window,1.5,3170,523,2646,60.0,60.0,8.716666666666667,44.1,5.059273422562142,242.28571428571428,10.571428571428571,0.01,230.9206252408396,0.6433534282548953,0.9184011966380237,True,12.564745806861843,20.789177272661043,33.684547276406335,9.78,11.88,13.627500000000001,1.7,1.9,2.4,6,True
M1,100.0,60.0,mainshock_window,2.0,1513,239,1273,60.0,60.0,3.9833333333333334,21.216666666666665,5.3263598326359824,135.28571428571428,3.7142857142857144,0.01,130.51258960164355,0.7975324228623519,0.9504967939133933,True,12.623075693904708,20.512807730401114,31.631082731211457,10.59,12.64,14.25,2.1,2.4,3.0,6,True
M1,100.0,60.0,mainshock_window,2.5,730,126,603,60.0,60.0,2.1,10.05,4.785714285714286,67.57142857142857,1.7142857142857142,0.01,65.88116819290255,0.9094940076803407,0.9723318082759955,True,11.577876866082091,19.435958118964237,29.271790472856836,11.23,13.145,14.6075,2.7,3.0,3.4,6,True
M1,100.0,60.0,stratified,,3916,680,3235,60.0,60.0,11.333333333333334,53.916666666666664,4.75735294117647,286.0,14.285714285714286,0.01,263.4862411665684,0.590266663110438,0.9076605155770343,True,11.733616449049231,20.183113129746474,32.15136440308715,9.57,11.6,13.11,1.5,1.7,2.2,6,True
M1,100.0,60.0,stratified,1.2,3715,633,3081,60.0,60.0,10.55,51.35,4.867298578199052,277.42857142857144,11.857142857142858,0.01,255.81307017578106,0.6041944461457172,0.9056908310588665,True,11.733094796285926,20.120342615726077,30.700334879146908,9.55,11.58,13.09,1.5,1.8,2.2,6,True
M1,100.0,60.0,stratified,1.5,2968,478,2489,60.0,60.0,7.966666666666667,41.483333333333334,5.2071129707112975,240.85714285714286,8.857142857142858,0.01,221.69060281175337,0.6609516604620399,0.912072192678214,True,11.935455032669402,19.779463878956015,29.151189631000886,9.63,11.67,13.21,1.7,1.9,2.4,6,True
M1,100.0,60.0,stratified,2.0,1422,221,1200,60.0,60.0,3.683333333333333,20.0,5.429864253393665,134.57142857142858,2.4285714285714284,0.01,124.62046984151188,0.824950053820193,0.9471899534801831,True,11.965522244851169,19.482431632904444,26.90058826814736,10.42,12.48,13.9175,2.1,2.4,3.0,6,True
M1,100.0,60.0,stratified,2.5,685,120,564,60.0,60.0,2.0,9.4,4.7,67.42857142857143,1.4285714285714286,0.01,62.73567746755646,0.9411642512406577,0.9742587215077219,True,11.045775685821395,18.54927589043746,25.77066131561815,11.06,12.96,14.28,2.7,3.0,3.5,6,True
M1,100.0,90.0,all,,4926,980,3945,90.0,90.0,10.88888888888889,43.833333333333336,4.025510204081633,278.57142857142856,11.142857142857142,0.01,273.2156572132043,0.5878013440067181,0.9260882653199956,True,13.265580514942638,23.076717012918415,42.68288309786399,9.91,12.11,14.6075,1.4,1.7,2.1,6,True
M1,100.0,90.0,all,1.2,4442,805,3636,90.0,90.0,8.944444444444445,40.4,4.516770186335403,270.2857142857143,9.0,0.01,262.13688067193124,0.6101041412445599,0.9236700192288703,True,12.88467220730587,22.075203563949493,37.1675297566909,9.8025,11.93,13.9175,1.5,1.7,2.2,6,True
M1,100.0,90.0,all,1.5,3408,562,2845,90.0,90.0,6.2444444444444445,31.61111111111111,5.062277580071174,236.28571428571428,6.0,0.01,225.388665051169,0.6704048724648805,0.9281639918093337,True,12.770530107147712,21.195500848949244,34.31666675697309,9.82,11.94,13.7525,1.7,1.9,2.4,6,True
M1,100.0,90.0,all,2.0,1607,256,1350,90.0,90.0,2.8444444444444446,15.0,5.2734375,132.28571428571428,2.071428571428571,0.01,129.51737885202462,0.8134737870144846,0.9602208474340116,True,12.912952318953968,21.032816854279538,32.87347704565509,10.675,12.69,14.344999999999999,2.1,2.4,2.9,6,True
M1,100.0,90.0,all,2.5,771,133,637,90.0,90.0,1.4777777777777779,7.0777777777777775,4.789473684210526,68.85714285714286,0.8571428571428571,0.01,65.61457690296594,0.9105264675021459,0.9764473389733663,True,11.878189112715004,20.26715382332717,32.94481050215401,11.254999999999999,13.21,14.705,2.7,3.0,3.4,6,True
M1,100.0,90.0,mainshock_window,,4894,967,3926,90.0,90.0,10.744444444444444,43.62222222222222,4.059979317476732,278.42857142857144,10.714285714285715,0.01,272.5843875577508,0.5893390025141136,0.9255387401030271,True,13.222461157461499,22.97267692508263,42.114198890605266,9.9025,12.08,14.49,1.4,1.7,2.1,6,True
M1,100.0,90.0,mainshock_window,1.2,4432,801,3630,90.0,90.0,8.9,40.333333333333336,4.531835205992509,270.2857142857143,8.857142857142858,0.01,261.908578787672,0.6106844584149672,0.9234485031923905,True,12.88228032933298,22.064316768710267,37.05657195590613,9.7975,11.92,13.8925,1.5,1.7,2.2,6,True
M1,100.0,90.0,mainshock_window,1.5,3404,561,2842,90.0,90.0,6.233333333333333,31.57777777777778,5.065953654188949,236.28571428571428,5.928571428571429,0.01,225.247719974283,0.6708397927853197,0.928014941096234,True,12.770530107147712,21.18830499676622,34.30149366824554,9.82,11.94,13.7425,1.7,1.9,2.4,6,True
M1,100.0,90.0,mainshock_window,2.0,1605,256,1348,90.0,90.0,2.8444444444444446,14.977777777777778,5.265625,132.28571428571428,2.071428571428571,0.01,129.38784145455355,0.8142301958396058,0.9601052676085302,True,12.909881541360669,21.019664318068227,32.84867071836312,10.67,12.69,14.33,2.1,2.4,2.9,6,True
M1,100.0,90.0,mainshock_window,2.5,769,133,635,90.0,90.0,1.4777777777777779,7.055555555555555,4.774436090225564,68.85714285714286,0.8571428571428571,0.01,65.4544552839272,0.9123592133528027,0.9763679546719585,True,11.868108515459266,20.265057603948677,32.81929420287998,11.25,13.2,14.69,2.7,3.0,3.4,6,True
M1,100.0,90.0,stratified,,4234,744,3489,90.0,90.0,8.266666666666667,38.766666666666666,4.689516129032257,276.2857142857143,7.642857142857142,0.01,256.04433516899053,0.621460290349182,0.9165215934354397,True,11.95937259417842,20.598206869645526,32.90728546099914,9.58,11.62,13.13,1.4,1.7,2.2,6,True
M1,100.0,90.0,stratified,1.2,3987,676,3310,90.0,90.0,7.511111111111111,36.77777777777778,4.896449704142012,268.7142857142857,7.0,0.01,248.39098524919993,0.6366016798413922,0.9152610489427532,True,11.90432837066608,20.43205871771899,32.117803626702674,9.57,11.6,13.105,1.5,1.8,2.2,6,True
M1,100.0,90.0,stratified,1.5,3155,500,2654,90.0,90.0,5.555555555555555,29.488888888888887,5.308,234.85714285714286,4.928571428571429,0.01,215.54850263366583,0.6914157843454193,0.9219646664190074,True,12.099377282553487,20.056645389464748,29.71923440508113,9.65,11.7,13.225000000000001,1.7,1.9,2.4,6,True
M1,100.0,90.0,stratified,2.0,1497,231,1265,90.0,90.0,2.566666666666667,14.055555555555555,5.476190476190475,131.57142857142858,1.5,0.01,123.35111333529774,0.8420054616018223,0.9566720303049391,True,12.252879255438684,19.87862666139312,28.020247211055374,10.47,12.53,13.95,2.1,2.4,3.0,6,True
M1,100.0,90.0,stratified,2.5,715,123,591,90.0,90.0,1.3666666666666667,6.566666666666666,4.804878048780488,68.71428571428571,0.5714285714285714,0.01,61.86071761571534,0.9472228963626015,0.9768129221765575,True,11.379169607133676,18.847440185552202,26.8783026939503,11.06,12.96,14.295,2.7,3.0,3.5,6,True
M2,30.0,7.0,all,,629,5,623,7.0,7.0,0.7142857142857143,89.0,124.6,89.14285714285714,73.42857142857143,,,,,False,14.908717523739334,18.851864092752898,22.894703355520175,40.55,43.67,49.77,1.1,1.4,1.9,191,True
M2,30.0,7.0,all,1.2,460,1,458,7.0,7.0,0.14285714285714285,65.42857142857143,458.00000000000006,65.57142857142857,55.0,,,,,False,15.031613503529153,19.055774146835397,23.09740049847687,40.652499999999996,43.6,49.7725,1.3,1.6,2.1,191,True
M2,30.0,7.0,all,1.5,297,1,295,7.0,7.0,0.14285714285714285,42.142857142857146,295.00000000000006,42.285714285714285,36.57142857142857,,,,,False,14.687979089354117,18.851864092752898,22.29163209822811,41.11,43.71,49.77,1.7,1.9,2.4,191,True
M2,30.0,7.0,all,2.0,143,0,142,7.0,7.0,0.0,20.285714285714285,inf,20.428571428571427,17.714285714285715,,,,,False,14.793550336960408,18.480593025491434,22.111645321327234,41.57,43.85,50.65,2.1500000000000004,2.4,2.8,191,True
M2,30.0,7.0,all,2.5,62,0,61,7.0,7.0,0.0,8.714285714285714,inf,8.857142857142858,7.285714285714286,,,,,False,15.669177518990658,19.416243664030084,22.061625671436403,41.43,43.915,51.175,2.7,2.9,3.4,191,True
M2,30.0,7.0,mainshock_window,,629,5,623,7.0,7.0,0.7142857142857143,89.0,124.6,89.14285714285714,73.42857142857143,,,,,False,14.908717523739334,18.851864092752898,22.894703355520175,40.55,43.67,49.77,1.1,1.4,1.9,191,True
M2,30.0,7.0,mainshock_window,1.2,460,1,458,7.0,7.0,0.14285714285714285,65.42857142857143,458.00000000000006,65.57142857142857,55.0,,,,,False,15.031613503529153,19.055774146835397,23.09740049847687,40.652499999999996,43.6,49.7725,1.3,1.6,2.1,191,True
M2,30.0,7.0,mainshock_window,1.5,297,1,295,7.0,7.0,0.14285714285714285,42.142857142857146,295.00000000000006,42.285714285714285,36.57142857142857,,,,,False,14.687979089354117,18.851864092752898,22.29163209822811,41.11,43.71,49.77,1.7,1.9,2.4,191,True
M2,30.0,7.0,mainshock_window,2.0,143,0,142,7.0,7.0,0.0,20.285714285714285,inf,20.428571428571427,17.714285714285715,,,,,False,14.793550336960408,18.480593025491434,22.111645321327234,41.57,43.85,50.65,2.1500000000000004,2.4,2.8,191,True
M2,30.0,7.0,mainshock_window,2.5,62,0,61,7.0,7.0,0.0,8.714285714285714,inf,8.857142857142858,7.285714285714286,,,,,False,15.669177518990658,19.416243664030084,22.061625671436403,41.43,43.915,51.175,2.7,2.9,3.4,191,True
M2,30.0,7.0,stratified,,273,3,269,7.0,7.0,0.42857142857142855,38.42857142857143,89.66666666666667,38.57142857142857,30.285714285714285,,,,,False,9.66525207152103,15.434536076211085,19.48053751767377,47.85,50.52,53.16,1.1,1.4,1.9,191,True
M2,30.0,7.0,stratified,1.2,200,0,199,7.0,7.0,0.0,28.428571428571427,inf,28.571428571428573,23.142857142857142,,,,,False,9.343529738985918,15.428396300891954,19.497127283801866,47.9175,50.765,53.46,1.4,1.6,2.2,191,True
M2,30.0,7.0,stratified,1.5,132,0,131,7.0,7.0,0.0,18.714285714285715,inf,18.857142857142858,15.285714285714286,,,,,False,8.788831982465359,15.275561117776153,19.68532695563792,47.69,50.44,53.730000000000004,1.675,1.9,2.4,191,True
M2,30.0,7.0,stratified,2.0,65,0,64,7.0,7.0,0.0,9.142857142857142,inf,9.285714285714286,7.285714285714286,,,,,False,8.35312777349572,15.121040834126553,19.56870559177894,48.39,50.98,53.88,2.2,2.4,2.9,191,True
M2,30.0,7.0,stratified,2.5,29,0,28,7.0,7.0,0.0,4.0,inf,4.142857142857143,2.7142857142857144,,,,,False,9.729267575070548,16.523178531937294,21.46815261036934,49.07,52.17,54.91,2.7,2.9,3.5,191,True
M2,30.0,30.0,all,,974,51,922,30.0,30.0,1.7,30.733333333333334,18.07843137254902,81.71428571428571,9.428571428571429,0.01,106.9509672194533,0.6731431988281806,0.950088055374715,True,15.196023908759543,19.131907350400102,23.621397662208878,40.5125,43.925,50.2625,1.0,1.3,1.8,191,True
M2,30.0,30.0,all,1.2,643,26,616,30.0,30.0,0.8666666666666667,20.533333333333335,23.692307692307693,61.142857142857146,4.142857142857142,0.01,76.28215429816196,0.772438800417526,0.9660239544189873,True,15.351645801703278,19.148741689354992,23.526734599998633,40.785,43.83,50.4,1.3,1.6,2.05,191,True
M2,30.0,30.0,all,1.5,402,15,386,30.0,30.0,0.5,12.866666666666667,25.733333333333334,39.57142857142857,2.2857142857142856,0.01,49.08362009305618,0.8573264582722101,0.9818866439714555,True,15.125677026795767,18.98189182777407,22.72456098528424,41.247499999999995,44.065,50.465,1.7,1.9,2.4,191,True
M2,30.0,30.0,all,2.0,194,6,187,30.0,30.0,0.2,6.233333333333333,31.166666666666664,19.142857142857142,1.0714285714285714,0.01,22.820247474156268,0.9078665690709474,0.9808674735466272,True,15.150564236042829,18.662840997150443,22.208352737003803,41.745,44.515,51.52,2.1,2.4,2.8,191,True
M2,30.0,30.0,all,2.5,85,2,82,30.0,30.0,0.06666666666666667,2.7333333333333334,41.0,8.0,0.42857142857142855,0.01,8.561220256707378,0.9532760071536613,0.9225418892504265,True,15.74507569702108,19.414008429067533,22.125081136454995,41.59,44.3,52.5,2.7,2.9,3.4,191,True
M2,30.0,30.0,mainshock_window,,974,51,922,30.0,30.0,1.7,30.733333333333334,18.07843137254902,81.71428571428571,9.428571428571429,0.01,106.9509672194533,0.6731431988281806,0.950088055374715,True,15.196023908759543,19.131907350400102,23.621397662208878,40.5125,43.925,50.2625,1.0,1.3,1.8,191,True
M2,30.0,30.0,mainshock_window,1.2,643,26,616,30.0,30.0,0.8666666666666667,20.533333333333335,23.692307692307693,61.142857142857146,4.142857142857142,0.01,76.28215429816196,0.772438800417526,0.9660239544189873,True,15.351645801703278,19.148741689354992,23.526734599998633,40.785,43.83,50.4,1.3,1.6,2.05,191,True
M2,30.0,30.0,mainshock_window,1.5,402,15,386,30.0,30.0,0.5,12.866666666666667,25.733333333333334,39.57142857142857,2.2857142857142856,0.01,49.08362009305618,0.8573264582722101,0.9818866439714555,True,15.125677026795767,18.98189182777407,22.72456098528424,41.247499999999995,44.065,50.465,1.7,1.9,2.4,191,True
M2,30.0,30.0,mainshock_window,2.0,194,6,187,30.0,30.0,0.2,6.233333333333333,31.166666666666664,19.142857142857142,1.0714285714285714,0.01,22.820247474156268,0.9078665690709474,0.9808674735466272,True,15.150564236042829,18.662840997150443,22.208352737003803,41.745,44.515,51.52,2.1,2.4,2.8,191,True
M2,30.0,30.0,mainshock_window,2.5,85,2,82,30.0,30.0,0.06666666666666667,2.7333333333333334,41.0,8.0,0.42857142857142855,0.01,8.561220256707378,0.9532760071536613,0.9225418892504265,True,15.74507569702108,19.414008429067533,22.125081136454995,41.59,44.3,52.5,2.7,2.9,3.4,191,True
M2,30.0,30.0,stratified,,439,4,434,30.0,30.0,0.13333333333333333,14.466666666666667,108.5,35.42857142857143,4.928571428571429,0.01,47.48395570486551,0.6142961440365565,0.9310359745156508,True,10.415438820960784,15.625260567134358,19.829430152202505,48.095,50.94,53.425,1.0,1.3,1.8,191,True
M2,30.0,30.0,stratified,1.2,290,1,288,30.0,30.0,0.03333333333333333,9.6,288.0,26.714285714285715,2.0,0.01,33.88697021221996,0.7156198238950114,0.940929223730687,True,9.740939652680794,15.711732779930077,19.720115826506124,48.05,50.995,53.835,1.3,1.6,2.1,191,True
M2,30.0,30.0,stratified,1.5,186,0,185,30.0,30.0,0.0,6.166666666666667,inf,17.285714285714285,1.2142857142857144,0.01,22.558335856530313,0.7753725128630308,0.9703506154923098,True,9.380090019809128,15.644563785426113,19.950825429781553,48.155,50.855000000000004,54.195,1.6,1.95,2.4,191,True
M2,30.0,30.0,stratified,2.0,93,0,92,30.0,30.0,0.0,3.066666666666667,inf,8.285714285714286,0.7142857142857142,0.01,9.859960846489674,0.7706986616905755,0.8771797904792668,True,9.15454401943192,15.542834005377516,19.96065055888714,49.07,51.81,54.91,2.2,2.4,2.8,191,True
M2,30.0,30.0,stratified,2.5,40,0,39,30.0,30.0,0.0,1.3,inf,3.2857142857142856,0.07142857142857142,0.01,5.995799367993975,0.8477367157240906,0.942169030420317,True,11.841281619272403,16.550555022681074,21.977988932107785,50.0775,53.19,55.012499999999996,2.6,2.9,3.5,191,True
M2,30.0,60.0,all,,1270,54,1215,60.0,60.0,0.9,20.25,22.5,87.57142857142857,4.857142857142857,0.01,107.22198953123612,0.6783176035472063,0.9531767247979347,True,15.54548754345893,19.848484581707368,22.872497195887508,41.0125,43.6,49.78,1.0,1.3,1.8,191,True
M2,30.0,60.0,all,1.2,810,27,782,60.0,60.0,0.45,13.033333333333333,28.962962962962962,64.57142857142857,2.7142857142857144,0.01,76.32605667129484,0.7745709130739937,0.958773994500743,True,15.719747184522818,19.695860830393443,22.796371030728395,41.11,43.595,50.0475,1.3,1.6,2.0,191,True
M2,30.0,60.0,all,1.5,486,16,469,60.0,60.0,0.26666666666666666,7.816666666666666,29.3125,41.857142857142854,1.5714285714285714,0.01,49.44257236577402,0.8524654530040732,0.9738086705303496,True,15.46791053086023,19.350357164789223,22.3950007644327,41.4625,44.04,50.2475,1.7,1.9,2.3,191,True
M2,30.0,60.0,all,2.0,231,6,224,60.0,60.0,0.1,3.7333333333333334,37.33333333333333,20.285714285714285,0.8571428571428571,0.01,22.89687546191777,0.8980164773264239,0.96617705520918,True,15.383340666992773,19.11973510844624,21.95833302066719,42.045,44.82,51.275000000000006,2.1,2.4,2.8,191,True
M2,30.0,60.0,all,2.5,99,2,96,60.0,60.0,0.03333333333333333,1.6,48.0,8.857142857142858,0.2857142857142857,0.01,8.616205319346985,0.855049178636916,0.8988622477682204,True,16.003635316570104,19.418478898992635,22.004103697068373,42.14,45.14,52.335,2.7,2.9,3.4,191,True
M2,30.0,60.0,mainshock_window,,1270,54,1215,60.0,60.0,0.9,20.25,22.5,87.57142857142857,4.857142857142857,0.01,107.22198953123612,0.6783176035472063,0.9531767247979347,True,15.54548754345893,19.848484581707368,22.872497195887508,41.0125,43.6,49.78,1.0,1.3,1.8,191,True
M2,30.0,60.0,mainshock_window,1.2,810,27,782,60.0,60.0,0.45,13.033333333333333,28.962962962962962,64.57142857142857,2.7142857142857144,0.01,76.32605667129484,0.7745709130739937,0.958773994500743,True,15.719747184522818,19.695860830393443,22.796371030728395,41.11,43.595,50.0475,1.3,1.6,2.0,191,True
M2,30.0,60.0,mainshock_window,1.5,486,16,469,60.0,60.0,0.26666666666666666,7.816666666666666,29.3125,41.857142857142854,1.5714285714285714,0.01,49.44257236577402,0.8524654530040732,0.9738086705303496,True,15.46791053086023,19.350357164789223,22.3950007644327,41.4625,44.04,50.2475,1.7,1.9,2.3,191,True
M2,30.0,60.0,mainshock_window,2.0,231,6,224,60.0,60.0,0.1,3.7333333333333334,37.33333333333333,20.285714285714285,0.8571428571428571,0.01,22.89687546191777,0.8980164773264239,0.96617705520918,True,15.383340666992773,19.11973510844624,21.95833302066719,42.045,44.82,51.275000000000006,2.1,2.4,2.8,191,True
M2,30.0,60.0,mainshock_window,2.5,99,2,96,60.0,60.0,0.03333333333333333,1.6,48.0,8.857142857142858,0.2857142857142857,0.01,8.616205319346985,0.855049178636916,0.8988622477682204,True,16.003635316570104,19.418478898992635,22.004103697068373,42.14,45.14,52.335,2.7,2.9,3.4,191,True
M2,30.0,60.0,stratified,,537,6,530,60.0,60.0,0.1,8.833333333333334,88.33333333333333,38.0,2.142857142857143,0.01,46.68305583906905,0.6473271472232389,0.959142975413593,True,10.788011165246578,15.71922982769983,20.420102781339338,47.93,50.94,53.46,1.0,1.3,1.8,191,True
M2,30.0,60.0,stratified,1.2,341,1,339,60.0,60.0,0.016666666666666666,5.65,339.0,28.285714285714285,1.0,0.01,33.471988915910195,0.7479825075702312,0.9620438940679121,True,10.032595980937852,15.811725280368055,20.420102781339338,47.85,51.01,54.08,1.3,1.6,2.2,191,True
M2,30.0,60.0,stratified,1.5,218,0,217,60.0,60.0,0.0,3.6166666666666667,inf,18.571428571428573,0.7142857142857143,0.01,21.73680840253067,0.7843846995192816,0.9597845237744176,True,9.730957747426423,15.733318776416395,20.3285632815064,47.71,50.894999999999996,54.305,1.7,2.0,2.4,191,True
M2,30.0,60.0,stratified,2.0,114,0,113,60.0,60.0,0.0,1.8833333333333333,inf,9.142857142857142,0.42857142857142855,0.01,9.397339576204253,0.7372646873709694,0.888424728203579,True,9.375484042917163,15.792735630880255,20.3285632815064,47.71,51.31,54.7175,2.2,2.4,2.875,191,True
M2,30.0,60.0,stratified,2.5,51,0,50,60.0,60.0,0.0,0.8333333333333334,inf,4.142857142857143,0.0,0.01,5.73087667128207,0.813672344815004,0.9251308662022546,True,13.589800839704417,16.66498565312839,21.56252689365416,48.495000000000005,52.17,54.955,2.7,3.0,3.45,191,True
M2,30.0,90.0,all,,1357,57,1299,90.0,90.0,0.6333333333333333,14.433333333333334,22.789473684210527,78.14285714285714,2.5,0.01,103.83176747451662,0.7022652452458049,0.9536883543088331,True,15.604970660706597,19.876464571930846,22.79746486342325,41.08,43.67,50.0,1.0,1.3,1.7,191,True
M2,30.0,90.0,all,1.2,859,27,831,90.0,90.0,0.3,9.233333333333333,30.777777777777775,59.285714285714285,1.5,0.01,74.72232349317595,0.7922051889900128,0.9625883010914775,True,15.744969739194346,19.732406141704132,22.77907317708759,41.11,43.59,50.13,1.3,1.6,2.0,191,True
M2,30.0,90.0,all,1.5,516,16,499,90.0,90.0,0.17777777777777778,5.544444444444444,31.187499999999996,38.857142857142854,0.9285714285714286,0.01,48.875397315249835,0.8594351337275347,0.9771124903766696,True,15.623722764781425,19.44316856040308,22.461416765418136,41.46,44.004999999999995,50.415,1.7,1.9,2.3,191,True
M2,30.0,90.0,all,2.0,242,6,235,90.0,90.0,0.06666666666666667,2.611111111111111,39.16666666666667,18.857142857142858,0.42857142857142855,0.01,23.070478597838278,0.9055252973128795,0.9795757213528752,True,15.484009727111799,18.984442754440114,21.961562447427188,42.055,45.03,51.785000000000004,2.1,2.4,2.8,191,True
M2,30.0,90.0,all,2.5,105,2,102,90.0,90.0,0.022222222222222223,1.1333333333333333,51.0,7.857142857142857,0.14285714285714285,0.01,8.960947220724956,0.8510438213499185,0.9265955965830329,True,16.026736883725107,19.418478898992635,22.056333226989555,42.18,45.62,53.46,2.7,2.9,3.4,191,True
M2,30.0,90.0,mainshock_window,,1357,57,1299,90.0,90.0,0.6333333333333333,14.433333333333334,22.789473684210527,78.14285714285714,2.5,0.01,103.83176747451662,0.7022652452458049,0.9536883543088331,True,15.604970660706597,19.876464571930846,22.79746486342325,41.08,43.67,50.0,1.0,1.3,1.7,191,True
M2,30.0,90.0,mainshock_window,1.2,859,27,831,90.0,90.0,0.3,9.233333333333333,30.777777777777775,59.285714285714285,1.5,0.01,74.72232349317595,0.7922051889900128,0.9625883010914775,True,15.744969739194346,19.732406141704132,22.77907317708759,41.11,43.59,50.13,1.3,1.6,2.0,191,True
M2,30.0,90.0,mainshock_window,1.5,516,16,499,90.0,90.0,0.17777777777777778,5.544444444444444,31.187499999999996,38.857142857142854,0.9285714285714286,0.01,48.875397315249835,0.8594351337275347,0.9771124903766696,True,15.623722764781425,19.44316856040308,22.461416765418136,41.46,44.004999999999995,50.415,1.7,1.9,2.3,191,True
M2,30.0,90.0,mainshock_window,2.0,242,6,235,90.0,90.0,0.06666666666666667,2.611111111111111,39.16666666666667,18.857142857142858,0.42857142857142855,0.01,23.070478597838278,0.9055252973128795,0.9795757213528752,True,15.484009727111799,18.984442754440114,21.961562447427188,42.055,45.03,51.785000000000004,2.1,2.4,2.8,191,True
M2,30.0,90.0,mainshock_window,2.5,105,2,102,90.0,90.0,0.022222222222222223,1.1333333333333333,51.0,7.857142857142857,0.14285714285714285,0.01,8.960947220724956,0.8510438213499185,0.9265955965830329,True,16.026736883725107,19.418478898992635,22.056333226989555,42.18,45.62,53.46,2.7,2.9,3.4,191,True
M2,30.0,90.0,stratified,,583,9,573,90.0,90.0,0.1,6.366666666666666,63.66666666666666,33.285714285714285,1.0714285714285714,0.01,45.18404732040733,0.6700420479511184,0.954888348629394,True,10.836070290738679,15.737768528304995,20.67059604363073,47.935,51.06,53.6,1.0,1.3,1.8,191,True
M2,30.0,90.0,stratified,1.2,363,1,361,90.0,90.0,0.011111111111111112,4.011111111111111,361.0,25.857142857142858,0.42857142857142855,0.01,32.70197793696807,0.7635037799758101,0.9617728320204953,True,10.257118049303097,15.868580713781625,20.53135735797929,47.974999999999994,51.24,54.32,1.3,1.6,2.2,191,True
M2,30.0,90.0,stratified,1.5,231,0,230,90.0,90.0,0.0,2.5555555555555554,inf,16.714285714285715,0.2857142857142857,0.01,21.6494305278996,0.8046740243284307,0.9710606761767696,True,9.841405776205132,15.809209171675327,20.53135735797929,47.879999999999995,51.12,54.585,1.7,2.0,2.4,191,True
M2,30.0,90.0,stratified,2.0,123,0,122,90.0,90.0,0.0,1.3555555555555556,inf,8.0,0.14285714285714285,0.01,9.799792444988755,0.7430240409892488,0.9230619869461207,True,9.574946193238247,16.002275725026664,20.442656887630825,48.065,51.71,54.92,2.2,2.4,2.9,191,True
M2,30.0,90.0,stratified,2.5,57,0,56,90.0,90.0,0.0,0.6222222222222222,inf,3.142857142857143,0.07142857142857142,0.01,5.963361308933624,0.8047782700458199,0.9395645643510232,True,15.121040834126553,16.66498565312839,21.656901176938977,48.6,52.92,55.15,2.6,2.9,3.5,191,True
M2,44.0,7.0,all,,960,6,953,7.0,7.0,0.8571428571428571,136.14285714285714,158.83333333333334,136.28571428571428,108.57142857142857,,,,,False,16.53054340036706,23.194743318508465,33.68042460805189,38.555,41.985,47.81,1.1,1.4,1.9,191,True
M2,44.0,7.0,all,1.2,719,1,717,7.0,7.0,0.14285714285714285,102.42857142857143,717.0,102.57142857142857,81.85714285714286,,,,,False,16.69863823936918,23.619498525625705,33.77704387117403,38.635,41.88,47.724999999999994,1.4,1.7,2.2,191,True
M2,44.0,7.0,all,1.5,471,1,469,7.0,7.0,0.14285714285714285,67.0,469.0,67.14285714285714,53.714285714285715,,,,,False,16.595049159629752,22.73950218698618,33.701913423577935,39.125,42.35,47.855000000000004,1.7,1.9,2.4,191,True
M2,44.0,7.0,all,2.0,234,0,233,7.0,7.0,0.0,33.285714285714285,inf,33.42857142857143,26.571428571428573,,,,,False,16.625371517658085,22.646038684134933,33.85934248799968,40.6875,43.17,48.485,2.2,2.4,2.9,191,True
M2,44.0,7.0,all,2.5,113,0,112,7.0,7.0,0.0,16.0,inf,16.142857142857142,12.857142857142858,,,,,False,19.326407874470853,24.787324682511983,34.52825663776923,40.68,43.11,48.6,2.7,3.0,3.5,191,True
M2,44.0,7.0,mainshock_window,,960,6,953,7.0,7.0,0.8571428571428571,136.14285714285714,158.83333333333334,136.28571428571428,108.57142857142857,,,,,False,16.53054340036706,23.194743318508465,33.68042460805189,38.555,41.985,47.81,1.1,1.4,1.9,191,True
M2,44.0,7.0,mainshock_window,1.2,719,1,717,7.0,7.0,0.14285714285714285,102.42857142857143,717.0,102.57142857142857,81.85714285714286,,,,,False,16.69863823936918,23.619498525625705,33.77704387117403,38.635,41.88,47.724999999999994,1.4,1.7,2.2,191,True
M2,44.0,7.0,mainshock_window,1.5,471,1,469,7.0,7.0,0.14285714285714285,67.0,469.0,67.14285714285714,53.714285714285715,,,,,False,16.595049159629752,22.73950218698618,33.701913423577935,39.125,42.35,47.855000000000004,1.7,1.9,2.4,191,True
M2,44.0,7.0,mainshock_window,2.0,234,0,233,7.0,7.0,0.0,33.285714285714285,inf,33.42857142857143,26.571428571428573,,,,,False,16.625371517658085,22.646038684134933,33.85934248799968,40.6875,43.17,48.485,2.2,2.4,2.9,191,True
M2,44.0,7.0,mainshock_window,2.5,113,0,112,7.0,7.0,0.0,16.0,inf,16.142857142857142,12.857142857142858,,,,,False,19.326407874470853,24.787324682511983,34.52825663776923,40.68,43.11,48.6,2.7,3.0,3.5,191,True
M2,44.0,7.0,stratified,,338,3,334,7.0,7.0,0.42857142857142855,47.714285714285715,111.33333333333334,47.857142857142854,37.857142857142854,,,,,False,11.134835837435297,16.41564249413579,24.511457217787814,47.39,49.760000000000005,52.935,1.125,1.5,2.0,191,True
M2,44.0,7.0,stratified,1.2,253,0,252,7.0,7.0,0.0,36.0,inf,36.142857142857146,29.142857142857142,,,,,False,10.155323672162615,16.45673575759499,28.04163800797737,47.42,49.75,53.06,1.4,1.7,2.3,191,True
M2,44.0,7.0,stratified,1.5,172,0,171,7.0,7.0,0.0,24.428571428571427,inf,24.571428571428573,19.571428571428573,,,,,False,9.73433809213817,16.550555022681074,28.3900620711658,47.3,49.265,53.0925,1.7,2.0,2.5,191,True
M2,44.0,7.0,stratified,2.0,92,0,91,7.0,7.0,0.0,13.0,inf,13.142857142857142,10.142857142857142,,,,,False,9.734473948786755,16.71167572396908,33.37269035692063,47.5075,50.045,53.46,2.275,2.4,2.9,191,True
M2,44.0,7.0,stratified,2.5,45,0,44,7.0,7.0,0.0,6.285714285714286,inf,6.428571428571429,4.857142857142857,,,,,False,15.121040834126553,21.951874167147192,34.293547487440506,47.86,49.98,53.46,2.7,2.9,3.4,191,True
M2,44.0,30.0,all,,1557,56,1500,30.0,30.0,1.8666666666666667,50.0,26.785714285714285,122.0,15.642857142857142,0.01,162.85978025505068,0.6011592578709789,0.9326518109191753,True,16.89230042040272,24.317505201330192,34.169241143707346,38.01,41.65,47.59,1.1,1.4,1.8,191,True
M2,44.0,30.0,all,1.2,1065,27,1037,30.0,30.0,0.9,34.56666666666667,38.40740740740741,92.0,7.642857142857143,0.01,122.05050706746044,0.684162602678226,0.9554201218520474,True,17.663742648930267,24.560328044483025,34.18661579765289,38.2,41.6,47.47,1.3,1.6,2.1,191,True
M2,44.0,30.0,all,1.5,670,15,654,30.0,30.0,0.5,21.8,43.6,59.857142857142854,4.0,0.01,80.19226373972928,0.7605373077217693,0.9719238120938993,True,17.5938638154552,24.316459223966646,34.13280592620147,39.0325,42.165,47.897499999999994,1.7,1.9,2.4,191,True
M2,44.0,30.0,all,2.0,326,6,319,30.0,30.0,0.2,10.633333333333333,53.166666666666664,30.0,1.7142857142857144,0.01,39.16076836616015,0.822729231235699,0.9774462485273315,True,16.788681777062475,23.465006936771797,34.18029313541347,40.665,42.995000000000005,48.644999999999996,2.2,2.4,2.9,191,True
M2,44.0,30.0,all,2.5,159,2,156,30.0,30.0,0.06666666666666667,5.2,78.0,14.428571428571429,1.0,0.01,17.760707941301074,0.8312825909582751,0.9484392838578253,True,19.15914201921558,27.889525833135526,34.494346433034394,40.47,42.65,48.405,2.7,2.9,3.5,191,True
M2,44.0,30.0,mainshock_window,,1554,56,1497,30.0,30.0,1.8666666666666667,49.9,26.732142857142858,122.0,15.5,0.01,162.63132860599953,0.6019137824862388,0.9324530517629104,True,16.88279739796612,24.317261357964185,34.14841849901671,38.0425,41.65,47.620000000000005,1.1,1.4,1.8,191,True
M2,44.0,30.0,mainshock_window,1.2,1062,27,1034,30.0,30.0,0.9,34.46666666666667,38.2962962962963,92.0,7.5,0.01,121.74810277711032,0.685557200625562,0.9548777585316088,True,17.656385060320574,24.529725898190385,34.17307753661652,38.245000000000005,41.629999999999995,47.4925,1.3,1.6,2.1,191,True
M2,44.0,30.0,mainshock_window,1.5,668,15,652,30.0,30.0,0.5,21.733333333333334,43.46666666666667,59.857142857142854,4.0,0.01,79.98068525289024,0.7618880058889812,0.9716946656384621,True,17.531089161703324,24.30358504247089,34.103634855914976,39.055,42.17,47.92,1.7,1.9,2.4,191,True
M2,44.0,30.0,mainshock_window,2.0,325,6,318,30.0,30.0,0.2,10.6,52.99999999999999,30.0,1.7142857142857144,0.01,39.01347356242121,0.8248062934024147,0.9767873936152616,True,16.758365794809773,23.411116526701274,34.174356334252906,40.68,43.04,48.66,2.2,2.4,2.9,191,True
M2,44.0,30.0,mainshock_window,2.5,158,2,155,30.0,30.0,0.06666666666666667,5.166666666666667,77.5,14.428571428571429,1.0,0.01,17.682299065782104,0.8337213034741718,0.9493359374699729,True,19.075509091587943,27.821338843088075,34.44889350614434,40.582499999999996,42.705,48.4075,2.7,2.95,3.5,191,True
M2,44.0,30.0,stratified,,521,4,516,30.0,30.0,0.13333333333333333,17.2,129.0,43.42857142857143,5.285714285714286,0.01,56.96641869497853,0.611976796190852,0.9204298151173926,True,12.697489508653266,16.154234391750673,24.207885404133297,47.59,50.15,53.16,1.1,1.4,1.9,191,True
M2,44.0,30.0,stratified,1.2,355,1,353,30.0,30.0,0.03333333333333333,11.766666666666667,353.00000000000006,33.0,2.2142857142857144,0.01,41.650128691133304,0.7094153855403926,0.9333296759281371,True,10.855346381503502,16.323144340971048,26.731210681666624,47.485,50.15,53.46,1.4,1.7,2.2,191,True
M2,44.0,30.0,stratified,1.5,235,0,234,30.0,30.0,0.0,7.8,inf,21.857142857142858,1.3571428571428572,0.01,28.477634776162255,0.7573463235293687,0.963305861316686,True,10.73030329430151,16.577931513424858,27.83209727996735,47.55,49.98,53.730000000000004,1.7,2.0,2.4,191,True
M2,44.0,30.0,stratified,2.0,123,0,122,30.0,30.0,0.0,4.066666666666666,inf,11.428571428571429,0.7142857142857142,0.01,14.332751813722854,0.7894532646580876,0.9297756622003284,True,13.27568097476456,16.577931513424858,28.79635120174165,47.730000000000004,50.76,54.59,2.2,2.4,2.9,191,True
M2,44.0,30.0,stratified,2.5,56,0,55,30.0,30.0,0.0,1.8333333333333333,inf,5.571428571428571,0.07142857142857142,0.01,7.310096721080245,0.8457993282561392,0.9401988110677028,True,15.507769513113868,21.448393697343203,33.37269035692063,48.375,51.11,54.8125,2.6750000000000003,2.9,3.425,191,True
M2,44.0,60.0,all,,1951,64,1886,60.0,60.0,1.0666666666666667,31.433333333333334,29.46875,133.14285714285714,6.714285714285714,0.01,158.90245285020143,0.6280729098024361,0.9449514824072085,True,17.645677147681827,23.227255947783128,33.965675634378556,38.35,41.94,47.25,1.1,1.3,1.8,191,True
M2,44.0,60.0,all,1.2,1295,31,1263,60.0,60.0,0.5166666666666667,21.05,40.74193548387097,100.14285714285714,4.0,0.01,118.4616789846748,0.7101843132315081,0.9571649787190296,True,18.4433611332097,23.78578906548565,34.0572390382135,38.465,41.88,46.995000000000005,1.3,1.6,2.0,191,True
M2,44.0,60.0,all,1.5,786,16,769,60.0,60.0,0.26666666666666666,12.816666666666666,48.0625,65.57142857142857,2.2857142857142856,0.01,78.21862662960136,0.7831282009338473,0.9716451932691388,True,18.295353937205398,23.460674258796764,33.947249386294544,39.2125,42.41,47.6875,1.7,1.9,2.4,191,True
M2,44.0,60.0,all,2.0,375,6,368,60.0,60.0,0.1,6.133333333333334,61.333333333333336,32.714285714285715,0.8571428571428571,0.01,38.05858888081807,0.8464331043922939,0.970383631235457,True,17.896605495108687,22.6735004489213,33.9009236191492,40.785,43.21,48.629999999999995,2.2,2.4,2.9,191,True
M2,44.0,60.0,all,2.5,176,2,173,60.0,60.0,0.03333333333333333,2.8833333333333333,86.5,15.714285714285714,0.2857142857142857,0.01,16.76089216733782,0.8497345107432961,0.9344097904397324,True,19.087770372324755,26.419957036517427,34.35657084517306,40.65,43.08,48.615,2.7,3.0,3.5,191,True
M2,44.0,60.0,mainshock_window,,1947,64,1882,60.0,60.0,1.0666666666666667,31.366666666666667,29.40625,133.14285714285714,6.714285714285714,0.01,158.69660085394156,0.6287277737250072,0.9448137563041453,True,17.627764622329895,23.173193215117443,33.94759016446234,38.39,41.96,47.260000000000005,1.05,1.3,1.8,191,True
M2,44.0,60.0,mainshock_window,1.2,1291,31,1259,60.0,60.0,0.5166666666666667,20.983333333333334,40.61290322580645,100.14285714285714,4.0,0.01,118.2035876079309,0.711320568260216,0.956906791167831,True,18.420645820463683,23.77781486304796,34.02526458083625,38.545,41.91,47.015,1.3,1.6,2.0,191,True
M2,44.0,60.0,mainshock_window,1.5,783,16,766,60.0,60.0,0.26666666666666666,12.766666666666667,47.87500000000001,65.57142857142857,2.2857142857142856,0.01,78.01208347203266,0.7844197037692863,0.9715887773734644,True,18.26947602621577,23.231641891005985,33.895765565532855,39.26,42.43,47.695,1.7,1.9,2.4,191,True
M2,44.0,60.0,mainshock_window,2.0,374,6,367,60.0,60.0,0.1,6.116666666666666,61.16666666666666,32.714285714285715,0.8571428571428571,0.01,37.93174379042515,0.8480244478792426,0.9697261986153854,True,17.780174072019477,22.646038684134933,33.89581330710638,40.7925,43.22,48.644999999999996,2.2,2.4,2.9,191,True
M2,44.0,60.0,mainshock_window,2.5,175,2,172,60.0,60.0,0.03333333333333333,2.8666666666666667,86.0,15.714285714285714,0.2857142857142857,0.01,16.699956240723992,0.8514677527752335,0.9351776706805185,True,19.055805636203274,26.402830336026252,34.31544341722251,40.67,43.11,48.629999999999995,2.7,3.0,3.5,191,True
M2,44.0,60.0,stratified,,636,8,627,60.0,60.0,0.13333333333333333,10.45,78.375,47.142857142857146,2.2857142857142856,0.01,54.97279448699592,0.640500178620408,0.9390442889667826,True,13.437817886321545,16.34026070795962,24.258522069994676,47.46,50.19,53.1825,1.0,1.3,1.9,191,True
M2,44.0,60.0,stratified,1.2,417,2,414,60.0,60.0,0.03333333333333333,6.9,207.0,35.714285714285715,1.4285714285714286,0.01,40.31451883341024,0.7351317610862074,0.9457013425171633,True,12.840967295984502,16.66498565312839,27.251687226062845,47.35,50.34,53.61,1.4,1.7,2.2,191,True
M2,44.0,60.0,stratified,1.5,273,0,272,60.0,60.0,0.0,4.533333333333333,inf,24.142857142857142,1.0,0.01,26.91289812857917,0.765982461503774,0.9464496480336051,True,12.840967295984502,16.754293175112988,27.889525833135526,47.32,50.08,53.82,1.7,2.0,2.4,191,True
M2,44.0,60.0,stratified,2.0,147,0,146,60.0,60.0,0.0,2.433333333333333,inf,12.857142857142858,0.42857142857142855,0.01,13.216945727095808,0.7469914183121611,0.9172397048130296,True,14.476280290724873,16.879629723820585,28.57757117013444,47.41,50.65,54.535,2.2,2.4,2.9,191,True
M2,44.0,60.0,stratified,2.5,68,0,67,60.0,60.0,0.0,1.1166666666666667,inf,6.428571428571429,0.0,0.01,6.829517797677262,0.80523155833962,0.923888278173294,True,15.682360269740226,20.53135735797929,29.273006894318232,47.715,50.894999999999996,54.75,2.7,2.95,3.425,191,True
M2,44.0,90.0,all,,2086,68,2017,90.0,90.0,0.7555555555555555,22.41111111111111,29.661764705882355,116.14285714285714,3.928571428571429,0.01,153.36939402209325,0.6555065410011823,0.945021368333272,True,17.656385060320574,23.162134340754726,33.96620575184041,38.302499999999995,41.965,47.3175,1.0,1.3,1.8,191,True
M2,44.0,90.0,all,1.2,1377,32,1344,90.0,90.0,0.35555555555555557,14.933333333333334,42.0,88.71428571428571,2.2857142857142856,0.01,115.4766045393805,0.7331203820223292,0.9596763905250723,True,18.480593025491434,23.786585256986708,34.07031952833231,38.4,41.88,47.03,1.3,1.6,2.0,191,True
M2,44.0,90.0,all,1.5,838,17,820,90.0,90.0,0.18888888888888888,9.11111111111111,48.23529411764706,58.285714285714285,1.6428571428571428,0.01,76.79664204945323,0.7969519751892441,0.9739572676430853,True,18.372522945170775,23.537149758207057,33.947249386294544,39.082499999999996,42.335,47.6875,1.7,1.9,2.4,191,True
M2,44.0,90.0,all,2.0,397,7,389,90.0,90.0,0.07777777777777778,4.322222222222222,55.57142857142857,29.428571428571427,0.5714285714285714,0.01,37.791350770437816,0.8554894700389948,0.9776053976302175,True,17.663742648930267,22.71995550305946,33.96100378518656,40.78,43.21,48.75,2.1,2.4,2.9,191,True
M2,44.0,90.0,all,2.5,183,2,180,90.0,90.0,0.022222222222222223,2.0,90.0,14.142857142857142,0.21428571428571427,0.01,16.799764340538392,0.8639895678649979,0.9551956351706853,True,18.984442754440114,24.787324682511983,34.2933774116169,40.725,43.32,48.91,2.7,3.0,3.5,191,True
M2,44.0,90.0,mainshock_window,,2081,68,2012,90.0,90.0,0.7555555555555555,22.355555555555554,29.588235294117645,116.14285714285714,3.928571428571429,0.01,153.1581695693971,0.656282574523092,0.9448627635456716,True,17.637421764579642,23.115840318303466,33.937319722953966,38.34,41.97,47.32,1.0,1.3,1.8,191,True
M2,44.0,90.0,mainshock_window,1.2,1372,32,1339,90.0,90.0,0.35555555555555557,14.877777777777778,41.84375,88.71428571428571,2.2857142857142856,0.01,115.2001297799499,0.7344717823418286,0.959365816669131,True,18.45352016449373,23.780386844038127,34.030196290091766,38.4325,41.91,47.065,1.3,1.6,2.0,191,True
M2,44.0,90.0,mainshock_window,1.5,835,17,817,90.0,90.0,0.18888888888888888,9.077777777777778,48.05882352941177,58.285714285714285,1.6428571428571428,0.01,76.61174337438001,0.7980421962925165,0.973908867846156,True,18.357762854323447,23.51889734684232,33.895765565532855,39.150000000000006,42.35,47.695,1.7,1.9,2.4,191,True
M2,44.0,90.0,mainshock_window,2.0,396,7,388,90.0,90.0,0.07777777777777778,4.311111111111111,55.42857142857142,29.428571428571427,0.5714285714285714,0.01,37.68289661708118,0.8566920883578416,0.9771178049745676,True,17.652317349264397,22.69849154640471,33.9197405885105,40.7875,43.22,48.8125,2.1,2.4,2.9,191,True
M2,44.0,90.0,mainshock_window,2.5,182,2,179,90.0,90.0,0.022222222222222223,1.988888888888889,89.5,14.142857142857142,0.21428571428571427,0.01,16.73681963270453,0.8655509846982028,0.955725461810553,True,18.980726049680015,23.84101401901608,34.27550730897686,40.7725,43.435,48.99,2.7,3.0,3.5,191,True
M2,44.0,90.0,stratified,,684,11,672,90.0,90.0,0.12222222222222222,7.466666666666667,61.09090909090909,41.285714285714285,1.1428571428571428,0.01,53.21016338586258,0.6688415950805436,0.9397270470201365,True,13.226063354170947,16.321727931036484,23.989664662434063,47.4925,50.295,53.39,1.0,1.3,1.9,191,True
M2,44.0,90.0,stratified,1.2,441,2,438,90.0,90.0,0.022222222222222223,4.866666666666666,218.99999999999997,32.142857142857146,0.5714285714285714,0.01,39.41014683030546,0.7564118108990175,0.9504253680948676,True,13.712842729774552,16.57765387474489,27.033298673138983,47.47,50.49,53.88,1.4,1.7,2.2,191,True
M2,44.0,90.0,stratified,1.5,288,0,287,90.0,90.0,0.0,3.188888888888889,inf,21.285714285714285,0.3571428571428571,0.01,26.668395971797302,0.7913255133455293,0.9615703909528188,True,13.997363901066512,16.73879905101584,27.803383003383264,47.4025,50.165,54.185,1.7,2.0,2.5,191,True
M2,44.0,90.0,stratified,2.0,158,0,157,90.0,90.0,0.0,1.7444444444444445,inf,11.142857142857142,0.21428571428571427,0.01,13.334829116711132,0.7579244294182029,0.9373548379367197,True,14.665834868555041,16.81899775931518,28.63437668825018,47.5025,50.8,54.65,2.2,2.4,2.9,191,True
M2,44.0,90.0,stratified,2.5,74,0,73,90.0,90.0,0.0,0.8111111111111111,inf,5.428571428571429,0.07142857142857142,0.01,6.627009229063131,0.7881188291843898,0.9394600547622844,True,15.809375704022477,20.53135735797929,28.70743216198694,47.754999999999995,51.11,54.9675,2.7,2.9,3.475,191,True
M2,50.0,7.0,all,,1046,10,1035,7.0,7.0,1.4285714285714286,147.85714285714286,103.5,148.0,117.71428571428571,,,,,False,16.9818805229632,24.1459659567753,34.840907136528486,37.95,41.7,47.83,1.2,1.4,1.9,191,True
M2,50.0,7.0,all,1.2,789,5,783,7.0,7.0,0.7142857142857143,111.85714285714286,156.6,112.0,89.42857142857143,,,,,False,17.978797136438015,24.355804748154995,34.92827210668163,38.01,41.62,47.85,1.4,1.7,2.1,191,True
M2,50.0,7.0,all,1.5,520,4,515,7.0,7.0,0.5714285714285714,73.57142857142857,128.75,73.71428571428571,58.714285714285715,,,,,False,17.97824958057318,24.249972073586918,34.95936475536965,38.355000000000004,42.035,47.8525,1.7,1.9,2.4,191,True
M2,50.0,7.0,all,2.0,258,1,256,7.0,7.0,0.14285714285714285,36.57142857142857,256.0,36.714285714285715,29.285714285714285,,,,,False,18.159605161548694,24.04185225674881,34.94491575008641,39.7825,42.88,48.4075,2.2,2.4,2.9,191,True
M2,50.0,7.0,all,2.5,123,1,121,7.0,7.0,0.14285714285714285,17.285714285714285,121.0,17.428571428571427,14.142857142857142,,,,,False,19.416243664030084,28.712848813860614,34.987378250501536,40.075,42.62,48.394999999999996,2.7,2.9,3.5,191,True
M2,50.0,7.0,mainshock_window,,1043,10,1032,7.0,7.0,1.4285714285714286,147.42857142857142,103.19999999999999,147.57142857142858,117.42857142857143,,,,,False,16.970658054313958,24.11471471149102,34.79038426086757,37.955,41.7,47.82,1.2,1.4,1.9,191,True
M2,50.0,7.0,mainshock_window,1.2,786,5,780,7.0,7.0,0.7142857142857143,111.42857142857143,156.0,111.57142857142857,89.14285714285714,,,,,False,17.964636027883703,24.31796181072123,34.91043208276581,38.025000000000006,41.64,47.8375,1.4,1.7,2.1,191,True
M2,50.0,7.0,mainshock_window,1.5,518,4,513,7.0,7.0,0.5714285714285714,73.28571428571429,128.25000000000003,73.42857142857143,58.42857142857143,,,,,False,17.966026965768126,24.18234303956981,34.91696219300245,38.4175,42.045,47.8575,1.7,1.9,2.4,191,True
M2,50.0,7.0,mainshock_window,2.0,256,1,254,7.0,7.0,0.14285714285714285,36.285714285714285,254.0,36.42857142857143,29.0,,,,,False,18.00161161853203,24.01807664471888,34.86005642117952,39.9475,42.915000000000006,48.434999999999995,2.2,2.4,2.9,191,True
M2,50.0,7.0,mainshock_window,2.5,121,1,119,7.0,7.0,0.14285714285714285,17.0,119.0,17.142857142857142,13.857142857142858,,,,,False,19.414008429067533,28.691182206365916,34.917101904917565,40.24,42.65,48.4,2.7,2.9,3.5,191,True
M2,50.0,7.0,stratified,,360,3,356,7.0,7.0,0.42857142857142855,50.857142857142854,118.66666666666667,51.0,40.42857142857143,,,,,False,12.68839557477189,16.82474468496754,28.76761694928669,47.5075,50.114999999999995,52.894999999999996,1.2,1.5,2.0,191,True
M2,50.0,7.0,stratified,1.2,272,0,271,7.0,7.0,0.0,38.714285714285715,inf,38.857142857142854,31.428571428571427,,,,,False,10.656358735744583,17.1759669213879,31.920239864908556,47.57,50.144999999999996,52.9825,1.4,1.7,2.3,191,True
M2,50.0,7.0,stratified,1.5,184,0,183,7.0,7.0,0.0,26.142857142857142,inf,26.285714285714285,21.0,,,,,False,9.884543468984347,17.932551609676224,33.55737036793884,47.480000000000004,49.735,53.052499999999995,1.7,2.0,2.4,191,True
M2,50.0,7.0,stratified,2.0,97,0,96,7.0,7.0,0.0,13.714285714285714,inf,13.857142857142858,10.857142857142858,,,,,False,10.280680780808781,19.56870559177894,33.76170369772559,47.59,50.39,53.46,2.2,2.4,2.9,191,True
M2,50.0,7.0,stratified,2.5,45,0,44,7.0,7.0,0.0,6.285714285714286,inf,6.428571428571429,4.857142857142857,,,,,False,15.121040834126553,21.951874167147192,34.293547487440506,47.86,49.98,53.46,2.7,2.9,3.4,191,True
M2,50.0,30.0,all,,1732,64,1667,30.0,30.0,2.1333333333333333,55.56666666666667,26.046875000000004,132.28571428571428,18.07142857142857,0.01,180.4386758474992,0.5955617667682352,0.943414096086234,True,18.12283327573781,27.36045934202884,35.55327116730308,37.0725,41.31,47.2975,1.1,1.4,1.8,191,True
M2,50.0,30.0,all,1.2,1200,34,1165,30.0,30.0,1.1333333333333333,38.833333333333336,34.26470588235294,100.57142857142857,9.285714285714286,0.01,136.1550587748142,0.6765889552735765,0.9618984131076667,True,18.708082661992574,28.011493480479075,35.627974409566676,37.2675,41.305,47.21,1.3,1.6,2.1,191,True
M2,50.0,30.0,all,1.5,760,21,738,30.0,30.0,0.7,24.6,35.142857142857146,65.57142857142857,5.071428571428571,0.01,89.99712080191793,0.7535639270723097,0.9750557395903523,True,18.664108837379096,28.181500912402896,35.625933989863626,37.885,41.68,47.6075,1.6,1.9,2.4,191,True
M2,50.0,30.0,all,2.0,366,7,358,30.0,30.0,0.23333333333333334,11.933333333333334,51.142857142857146,33.142857142857146,2.071428571428571,0.01,44.104383647412284,0.8204670773491199,0.9817575104569043,True,18.405684747240112,27.830925162687198,35.49196656058706,39.5425,42.455,48.4075,2.2,2.4,2.9,191,True
M2,50.0,30.0,all,2.5,175,3,171,30.0,30.0,0.1,5.7,57.0,15.714285714285714,1.1428571428571428,0.01,19.398502778505343,0.8175854553588584,0.950829158561877,True,19.522044317445733,32.000599260122364,35.29978652326922,39.53,42.17,47.79,2.7,2.9,3.5,191,True
M2,50.0,30.0,mainshock_window,,1717,62,1654,30.0,30.0,2.066666666666667,55.13333333333333,26.677419354838708,131.85714285714286,17.785714285714285,0.01,179.46229953519384,0.5981794990206567,0.9428348256585063,True,17.984360887975708,27.257438067097382,35.43798382229349,37.18,41.34,47.27,1.1,1.4,1.8,191,True
M2,50.0,30.0,mainshock_window,1.2,1186,33,1152,30.0,30.0,1.1,38.4,34.90909090909091,100.14285714285714,9.0,0.01,135.04226108960958,0.680696249554479,0.9613278036352267,True,18.589110422936418,27.777813140715473,35.45875318838521,37.34,41.34,47.1875,1.3,1.6,2.1,191,True
M2,50.0,30.0,mainshock_window,1.5,752,20,731,30.0,30.0,0.6666666666666666,24.366666666666667,36.550000000000004,65.28571428571429,5.071428571428571,0.01,89.35382443604462,0.756736877070277,0.9752445918373971,True,18.51895542275589,28.063021172215304,35.457317466141866,37.9725,41.695,47.6075,1.6,1.9,2.4,191,True
M2,50.0,30.0,mainshock_window,2.0,362,7,354,30.0,30.0,0.23333333333333334,11.8,50.57142857142858,32.857142857142854,2.071428571428571,0.01,43.64727282986783,0.824519031357245,0.9816574971029352,True,18.37365574709104,27.684920797024112,35.37261011343049,39.765,42.504999999999995,48.485,2.2,2.4,2.9,191,True
M2,50.0,30.0,mainshock_window,2.5,172,3,168,30.0,30.0,0.1,5.6,55.99999999999999,15.428571428571429,1.1428571428571428,0.01,19.134273461220758,0.8221739357487148,0.9532760872555086,True,19.41736128151136,31.25608874346453,35.08143335488393,39.775,42.370000000000005,47.9775,2.7,2.9,3.5,191,True
M2,50.0,30.0,stratified,,547,4,542,30.0,30.0,0.13333333333333333,18.066666666666666,135.5,46.142857142857146,5.357142857142858,0.01,60.99236862793271,0.6341380945621558,0.9314072880831464,True,13.375759442498632,16.45673575759499,27.06711647254123,47.695,50.41,53.085,1.1,1.4,1.9,191,True
M2,50.0,30.0,stratified,1.2,377,1,375,30.0,30.0,0.03333333333333333,12.5,375.0,35.42857142857143,2.2857142857142856,0.01,44.77708284416484,0.7302442319876074,0.9405985076034264,True,12.542972356799151,16.758365794809773,28.712848813860614,47.7,50.65,53.41,1.4,1.6,2.2,191,True
M2,50.0,30.0,stratified,1.5,248,0,247,30.0,30.0,0.0,8.233333333333333,inf,23.428571428571427,1.3571428571428572,0.01,30.41754194787788,0.7851865254899095,0.9672615998260917,True,12.631578419045612,16.912101475850363,29.338841919872422,47.697500000000005,50.36,53.6075,1.7,2.0,2.4,191,True
M2,50.0,30.0,stratified,2.0,129,0,128,30.0,30.0,0.0,4.266666666666667,inf,12.142857142857142,0.7142857142857142,0.01,14.425539611900577,0.7848895228845779,0.9166018098512438,True,14.388536912034821,16.758365794809773,33.32107763518567,47.86,50.98,54.49,2.2,2.4,2.8,191,True
M2,50.0,30.0,stratified,2.5,56,0,55,30.0,30.0,0.0,1.8333333333333333,inf,5.571428571428571,0.07142857142857142,0.01,7.310096721080245,0.8457993282561392,0.9401988110677028,True,15.507769513113868,21.448393697343203,33.37269035692063,48.375,51.11,54.8125,2.6750000000000003,2.9,3.425,191,True
M2,50.0,60.0,all,,2188,79,2108,60.0,60.0,1.3166666666666667,35.13333333333333,26.68354430379747,144.42857142857142,8.571428571428571,0.01,176.5736839532831,0.6183739905205919,0.955184056436256,True,18.89165167073903,24.824079028564597,35.54740825065841,37.1875,41.55,46.8525,1.1,1.3,1.8,191,True
M2,50.0,60.0,all,1.2,1478,44,1433,60.0,60.0,0.7333333333333333,23.883333333333333,32.56818181818182,109.14285714285714,5.428571428571429,0.01,133.65092223591182,0.6940994991067372,0.9678155767589738,True,19.237967008116758,27.456752276259635,35.82820022434554,37.2,41.41,46.4575,1.3,1.6,2.0,191,True
M2,50.0,60.0,all,1.5,909,24,884,60.0,60.0,0.4,14.733333333333333,36.83333333333333,71.71428571428571,2.5714285714285716,0.01,89.49523975898944,0.7634732051048607,0.9817597504562909,True,19.11973510844624,27.921652046587642,35.90139782678221,37.62,41.78,47.05,1.6,1.9,2.4,191,True
M2,50.0,60.0,all,2.0,427,7,419,60.0,60.0,0.11666666666666667,6.983333333333333,59.857142857142854,35.857142857142854,1.1428571428571428,0.01,43.563845937969205,0.8293127055903728,0.9788851198956849,True,18.68850379362761,27.31512248641208,35.57191551091233,39.465,42.57,48.14,2.1,2.4,2.9,191,True
M2,50.0,60.0,all,2.5,198,3,194,60.0,60.0,0.05,3.2333333333333334,64.66666666666666,16.857142857142858,0.42857142857142855,0.01,19.03956446671228,0.8242325852347376,0.9551268277546358,True,19.470261608219186,29.87784593295949,35.466588478277906,39.4325,42.370000000000005,47.825,2.7,3.0,3.4,191,True
M2,50.0,60.0,mainshock_window,,2164,76,2087,60.0,60.0,1.2666666666666666,34.78333333333333,27.460526315789473,144.0,8.428571428571429,0.01,175.4949676373108,0.6214676058312578,0.9542259527000022,True,18.762637722585996,24.650678162434524,35.39324158747739,37.31,41.58,46.8425,1.1,1.3,1.8,191,True
M2,50.0,60.0,mainshock_window,1.2,1455,42,1412,60.0,60.0,0.7,23.533333333333335,33.61904761904762,108.71428571428571,5.142857142857143,0.01,132.36486746674603,0.6991373741035783,0.9666059293198802,True,19.183197293451745,26.8654674223885,35.532031253292274,37.335,41.46,46.455,1.3,1.6,2.0,191,True
M2,50.0,60.0,mainshock_window,1.5,895,23,871,60.0,60.0,0.38333333333333336,14.516666666666667,37.869565217391305,71.42857142857143,2.4285714285714284,0.01,88.58820379605326,0.7684907601712697,0.9810592406343803,True,19.031071313136835,27.634977020364673,35.62601621777392,37.879999999999995,41.83,47.08,1.6,1.9,2.4,191,True
M2,50.0,60.0,mainshock_window,2.0,419,7,411,60.0,60.0,0.11666666666666667,6.85,58.71428571428571,35.57142857142857,1.0,0.01,42.7859305594587,0.8379787813661135,0.9766270055601814,True,18.662840997150443,25.937682697784595,35.35925896590909,39.78,42.67,48.394999999999996,2.1,2.4,2.9,191,True
M2,50.0,60.0,mainshock_window,2.5,193,3,189,60.0,60.0,0.05,3.15,62.99999999999999,16.571428571428573,0.2857142857142857,0.01,18.38307445618233,0.8371194222527661,0.9471077129928739,True,19.414008429067533,28.691182206365916,35.189351026001894,39.85,42.48,48.33,2.7,3.0,3.5,191,True
M2,50.0,60.0,stratified,,664,8,655,60.0,60.0,0.13333333333333333,10.916666666666666,81.875,50.285714285714285,2.2857142857142856,0.01,59.44414170784174,0.6629658756218777,0.9537682499042807,True,13.897356160577255,16.661251535611914,27.060870691402727,47.585,50.4,53.152499999999996,1.0,1.4,1.9,191,True
M2,50.0,60.0,stratified,1.2,441,2,438,60.0,60.0,0.03333333333333333,7.3,219.0,38.42857142857143,1.4285714285714286,0.01,43.9044921739723,0.7563797536151328,0.9578006646162688,True,14.00838959272997,17.534701469432225,28.721162656242655,47.51,50.65,53.53,1.4,1.7,2.2,191,True
M2,50.0,60.0,stratified,1.5,288,0,287,60.0,60.0,0.0,4.783333333333333,inf,25.857142857142858,1.0,0.01,29.676916838907037,0.7971755934826966,0.9694038847635684,True,14.242610711850503,17.833788656371517,28.931795179111244,47.480000000000004,50.36,53.67,1.7,2.0,2.4,191,True
M2,50.0,60.0,stratified,2.0,153,0,152,60.0,60.0,0.0,2.533333333333333,inf,13.571428571428571,0.42857142857142855,0.01,14.602763345548453,0.7899886974170792,0.9448807757854065,True,14.63662932260968,19.187679256798692,30.540363540615026,47.51,50.84,54.31,2.2,2.4,2.9,191,True
M2,50.0,60.0,stratified,2.5,68,0,67,60.0,60.0,0.0,1.1166666666666667,inf,6.428571428571429,0.0,0.01,6.829517797677262,0.80523155833962,0.923888278173294,True,15.682360269740226,20.53135735797929,29.273006894318232,47.715,50.894999999999996,54.75,2.7,2.95,3.425,191,True
M2,50.0,90.0,all,,2370,91,2278,90.0,90.0,1.011111111111111,25.31111111111111,25.032967032967033,125.85714285714286,4.642857142857142,0.01,171.32147774946986,0.6437024855030238,0.9564372600263161,True,18.979450586346996,25.222822478385623,35.780918561667875,37.2,41.555,46.847500000000004,1.1,1.3,1.8,191,True
M2,50.0,90.0,all,1.2,1589,49,1539,90.0,90.0,0.5444444444444444,17.1,31.40816326530613,96.85714285714286,2.7142857142857144,0.01,130.79527349470158,0.7160252154198378,0.9701284693160647,True,19.34268601235177,27.74280269903463,36.13293624297596,37.15,41.39,46.44,1.3,1.6,2.0,191,True
M2,50.0,90.0,all,1.5,980,28,951,90.0,90.0,0.3111111111111111,10.566666666666666,33.964285714285715,63.714285714285715,1.7857142857142856,0.01,88.17065882199654,0.7767089227841445,0.9833903806822912,True,19.2300038935307,28.237138111186145,36.16776097572253,37.495,41.72,47.065,1.6,1.9,2.4,191,True
M2,50.0,90.0,all,2.0,452,8,443,90.0,90.0,0.08888888888888889,4.9222222222222225,55.375,32.42857142857143,0.6428571428571428,0.01,43.241126437990225,0.8424104926074468,0.9855770594479032,True,18.673168008299594,27.684920797024112,35.763931019301516,39.4975,42.62,48.434999999999995,2.1,2.4,2.9,191,True
M2,50.0,90.0,all,2.5,207,3,203,90.0,90.0,0.03333333333333333,2.2555555555555555,67.66666666666667,15.428571428571429,0.2857142857142857,0.01,18.787445901247867,0.8364077867932974,0.9613819137901813,True,19.416243664030084,28.8022107302279,35.456836874138105,39.53,42.48,48.405,2.7,2.9,3.45,191,True
M2,50.0,90.0,mainshock_window,,2337,87,2249,90.0,90.0,0.9666666666666667,24.988888888888887,25.850574712643677,125.42857142857143,4.571428571428571,0.01,170.07910763801448,0.6478494737085025,0.9551218937338884,True,18.896699163234715,24.766561167846746,35.552395733651636,37.32,41.58,46.83,1.1,1.3,1.8,191,True
M2,50.0,90.0,mainshock_window,1.2,1558,46,1511,90.0,90.0,0.5111111111111111,16.788888888888888,32.84782608695652,96.42857142857143,2.7142857142857144,0.01,129.35093922649958,0.7224222303645846,0.9686472039035837,True,19.247891219795733,27.292586991341338,35.72085972755272,37.32,41.435,46.4125,1.3,1.6,2.0,191,True
M2,50.0,90.0,mainshock_window,1.5,959,26,932,90.0,90.0,0.28888888888888886,10.355555555555556,35.846153846153854,63.42857142857143,1.7142857142857142,0.01,87.0698642302229,0.7839288201965263,0.9823682639747501,True,19.16415265603503,27.774668726799177,35.804153940365936,37.739999999999995,41.76,46.985,1.6,1.9,2.4,191,True
M2,50.0,90.0,mainshock_window,2.0,443,8,434,90.0,90.0,0.08888888888888889,4.822222222222222,54.24999999999999,32.142857142857146,0.5714285714285714,0.01,42.481077017750394,0.8510259709792798,0.9836296595656119,True,18.570449171092285,26.437083737008603,35.456836874138105,39.7,42.67,48.535,2.1,2.4,2.9,191,True
M2,50.0,90.0,mainshock_window,2.5,201,3,197,90.0,90.0,0.03333333333333333,2.188888888888889,65.66666666666667,15.142857142857142,0.2857142857142857,0.01,18.351237716841837,0.8473656075536086,0.9618270040205035,True,19.350013355881668,28.463960133902965,35.045460797844605,39.93,42.57,48.41,2.7,3.0,3.5,191,True
M2,50.0,90.0,stratified,,713,11,701,90.0,90.0,0.12222222222222222,7.788888888888889,63.72727272727273,44.0,1.2142857142857144,0.01,57.46721238258541,0.6897330698312777,0.9505398263625213,True,13.788438265812866,16.57765387474489,25.170548410070854,47.59,50.51,53.25,1.0,1.3,1.9,191,True
M2,50.0,90.0,stratified,1.2,465,2,462,90.0,90.0,0.022222222222222223,5.133333333333334,231.0,34.57142857142857,0.5714285714285714,0.01,42.748287966857745,0.7775424524951943,0.9582794405694193,True,14.388536912034821,17.23590898490444,28.691182206365916,47.66,50.78,53.76,1.4,1.7,2.2,191,True
M2,50.0,90.0,stratified,1.5,303,0,302,90.0,90.0,0.0,3.3555555555555556,inf,22.857142857142858,0.3571428571428571,0.01,28.844793987542506,0.8150431045955358,0.9670529564242729,True,14.496926623820526,17.735634878065333,28.864167168640314,47.55,50.49,53.980000000000004,1.7,2.0,2.4,191,True
M2,50.0,90.0,stratified,2.0,164,0,163,90.0,90.0,0.0,1.8111111111111111,inf,11.857142857142858,0.21428571428571427,0.01,14.560497945782565,0.7927472281279405,0.9513492776236079,True,14.778928834870811,19.153707182622465,29.62035895984973,47.57,50.955,54.6125,2.2,2.4,2.9,191,True
M2,50.0,90.0,stratified,2.5,74,0,73,90.0,90.0,0.0,0.8111111111111111,inf,5.428571428571429,0.07142857142857142,0.01,6.627009229063131,0.7881188291843898,0.9394600547622844,True,15.809375704022477,20.53135735797929,28.70743216198694,47.754999999999995,51.11,54.9675,2.7,2.9,3.475,191,True
M2,80.0,7.0,all,,3320,18,3301,7.0,7.0,2.5714285714285716,471.57142857142856,183.38888888888886,471.7142857142857,212.71428571428572,,,,,False,35.56369857837074,57.89898295055864,63.913016119597565,15.62,19.15,37.239999999999995,1.3,1.7,2.1,191,True
M2,80.0,7.0,all,1.2,2902,12,2889,7.0,7.0,1.7142857142857142,412.7142857142857,240.75000000000003,412.85714285714283,178.71428571428572,,,,,False,44.59737956386864,58.869732362908834,64.1951162098942,15.22,18.49,33.47,1.4249999999999998,1.8,2.2,191,True
M2,80.0,7.0,all,1.5,2176,9,2166,7.0,7.0,1.2857142857142858,309.42857142857144,240.66666666666666,309.57142857142856,130.0,,,,,False,51.89673369308929,59.557332214869334,64.41695248906149,14.86,17.915,26.7275,1.7,2.0,2.4,191,True
M2,80.0,7.0,all,2.0,1092,4,1087,7.0,7.0,0.5714285714285714,155.28571428571428,271.75,155.42857142857142,71.28571428571429,,,,,False,52.411028751501874,60.18403424566753,65.03713702027302,15.065000000000001,18.045,26.5275,2.1,2.4,2.9,191,True
M2,80.0,7.0,all,2.5,508,2,505,7.0,7.0,0.2857142857142857,72.14285714285714,252.5,72.28571428571429,36.42857142857143,,,,,False,52.063479820542724,60.43921691966372,67.55046021867928,16.065,18.759999999999998,28.5825,2.7,3.0,3.4,191,True
M2,80.0,7.0,mainshock_window,,2909,16,2892,7.0,7.0,2.2857142857142856,413.14285714285717,180.75000000000003,413.2857142857143,201.0,,,,,False,33.774896366929454,56.64556790027161,63.38016643287798,16.97,20.31,39.13,1.3,1.6,2.1,191,True
M2,80.0,7.0,mainshock_window,1.2,2500,10,2489,7.0,7.0,1.4285714285714286,355.57142857142856,248.89999999999998,355.7142857142857,167.0,,,,,False,35.70659382778942,57.40751510308961,63.8477821334608,16.63,19.55,37.489999999999995,1.4,1.7,2.2,191,True
M2,80.0,7.0,mainshock_window,1.5,1834,9,1824,7.0,7.0,1.2857142857142858,260.57142857142856,202.66666666666663,260.7142857142857,119.71428571428571,,,,,False,42.167725806334616,57.91391524489692,64.11606136231462,16.36,19.05,36.085,1.7,2.0,2.5,191,True
M2,80.0,7.0,mainshock_window,2.0,942,4,937,7.0,7.0,0.5714285714285714,133.85714285714286,234.25000000000003,134.0,65.71428571428571,,,,,False,44.22885933914479,58.94303613795286,64.62264395929358,16.372500000000002,18.99,35.935,2.2,2.4,3.0,191,True
M2,80.0,7.0,mainshock_window,2.5,468,2,465,7.0,7.0,0.2857142857142857,66.42857142857143,232.50000000000003,66.57142857142857,34.42857142857143,,,,,False,44.922455781883905,59.62181885212051,66.37389443302189,16.6025,19.36,34.8875,2.7,3.0,3.4,191,True
M2,80.0,7.0,stratified,,374,5,368,7.0,7.0,0.7142857142857143,52.57142857142857,73.6,52.714285714285715,41.42857142857143,,,,,False,13.38154253748211,17.091154783185083,33.00559539189509,47.602500000000006,50.135000000000005,52.905,1.2,1.5,2.0,191,True
M2,80.0,7.0,stratified,1.2,285,2,282,7.0,7.0,0.2857142857142857,40.285714285714285,141.0,40.42857142857143,32.42857142857143,,,,,False,11.300865457725367,18.2850668074586,33.677973035993915,47.66,50.39,52.99,1.4,1.7,2.3,191,True
M2,80.0,7.0,stratified,1.5,196,2,193,7.0,7.0,0.2857142857142857,27.571428571428573,96.50000000000001,27.714285714285715,21.857142857142858,,,,,False,10.499248440388612,19.61831905599138,34.65035429557598,47.5075,50.08,53.0925,1.7,2.0,2.5,191,True
M2,80.0,7.0,stratified,2.0,105,2,102,7.0,7.0,0.2857142857142857,14.571428571428571,51.0,14.714285714285714,11.428571428571429,,,,,False,14.00838959272997,21.46815261036934,34.917101904917565,47.59,50.65,53.46,2.2,2.4,2.9,191,True
M2,80.0,7.0,stratified,2.5,51,1,49,7.0,7.0,0.14285714285714285,7.0,49.0,7.142857142857143,5.285714285714286,,,,,False,15.736972360774438,22.677027589749958,35.03301513351916,47.79,50.11,53.83,2.7,2.9,3.3499999999999996,191,True
M2,80.0,30.0,all,,5864,115,5748,30.0,30.0,3.8333333333333335,191.6,49.98260869565217,380.0,65.42857142857143,0.01,465.494792901575,0.43296754330095477,0.8620840345120918,True,39.418959032059526,57.71971300455445,63.592348627819455,15.127500000000001,18.625,35.69,1.2,1.5,2.0,191,True
M2,80.0,30.0,all,1.2,4854,66,4787,30.0,30.0,2.2,159.56666666666666,72.53030303030302,335.57142857142856,47.214285714285715,0.01,398.8826225412221,0.4750846933243879,0.8613446477323239,True,50.43651091720179,58.4941055252243,63.732978625925405,14.67,17.86,27.82,1.4,1.7,2.1,191,True
M2,80.0,30.0,all,1.5,3394,38,3355,30.0,30.0,1.2666666666666666,111.83333333333333,88.28947368421052,257.42857142857144,29.92857142857143,0.01,291.0127803344771,0.5463848209446218,0.8630126381711678,True,52.83735052805835,58.98854618886131,63.86990440605602,14.28,17.53,25.07,1.6,1.9,2.3,191,True
M2,80.0,30.0,all,2.0,1489,18,1470,30.0,30.0,0.6,49.0,81.66666666666667,137.42857142857142,8.5,0.01,138.34571934851735,0.7028949148453606,0.8851325835049108,True,50.78447673138006,59.65164583133061,64.49784653770149,15.0,18.14,29.19,2.1,2.4,2.8,191,True
M2,80.0,30.0,all,2.5,637,7,629,30.0,30.0,0.23333333333333334,20.966666666666665,89.85714285714285,66.85714285714286,3.2142857142857144,0.01,59.436084400978565,0.7949723914799709,0.8921294342949724,True,44.008768811627085,59.56802974786555,65.754927403764,16.07,19.15,36.78,2.7,3.0,3.4,191,True
M2,80.0,30.0,mainshock_window,,4967,111,4855,30.0,30.0,3.7,161.83333333333334,43.73873873873874,336.2857142857143,52.21428571428571,0.01,419.0177129941709,0.465334995565564,0.8870045079684155,True,35.015781805624414,56.447852035267935,63.042364753405295,16.82,19.82,38.515,1.2,1.5,2.0,191,True
M2,80.0,30.0,mainshock_window,1.2,3989,63,3925,30.0,30.0,2.1,130.83333333333334,62.301587301587304,292.42857142857144,34.642857142857146,0.01,351.37770189422577,0.5163590695216307,0.8856538795053265,True,39.50662613736317,57.152618203803584,63.33001238825952,16.4,19.05,36.16,1.4,1.7,2.1,191,True
M2,80.0,30.0,mainshock_window,1.5,2717,37,2679,30.0,30.0,1.2333333333333334,89.3,72.4054054054054,219.28571428571428,21.357142857142858,0.01,249.7555055257513,0.5951692962433607,0.887604369818109,True,44.36428035675902,57.37377973238321,63.60461946584562,16.16,18.82,34.99,1.6,1.9,2.3,191,True
M2,80.0,30.0,mainshock_window,2.0,1255,18,1236,30.0,30.0,0.6,41.2,68.66666666666667,118.71428571428571,6.928571428571429,0.01,121.84732159397329,0.7385603174833707,0.9021948879692225,True,41.87532606124906,57.98427427797171,64.42926299119071,16.494999999999997,19.15,38.595,2.1,2.4,2.9,191,True
M2,80.0,30.0,mainshock_window,2.5,585,7,577,30.0,30.0,0.23333333333333334,19.233333333333334,82.42857142857143,61.285714285714285,3.2142857142857144,0.01,55.45583157154987,0.8136531135856929,0.8968583122420969,True,38.837879289251966,58.70718754064598,65.52989806106892,16.69,19.82,39.17,2.7,3.0,3.4,191,True
M2,80.0,30.0,stratified,,586,14,571,30.0,30.0,0.4666666666666667,19.033333333333335,40.78571428571429,47.42857142857143,6.142857142857142,0.01,63.899745921157965,0.6274462249246648,0.9385786904491997,True,14.027241349574235,16.956691532461424,30.056318505971472,47.59,50.4,53.0675,1.1,1.4,2.0,191,True
M2,80.0,30.0,stratified,1.2,409,8,400,30.0,30.0,0.26666666666666666,13.333333333333334,50.0,36.714285714285715,2.928571428571429,0.01,47.66580669780884,0.7155431486130055,0.9480158385784302,True,14.00838959272997,18.2850668074586,33.76170369772559,47.66,50.75,53.37,1.4,1.7,2.3,191,True
M2,80.0,30.0,stratified,1.5,274,5,268,30.0,30.0,0.16666666666666666,8.933333333333334,53.6,24.571428571428573,1.8571428571428572,0.01,32.86568847144829,0.7623627626668045,0.9730223505026924,True,14.463378101023327,19.70272139107202,34.70970110145924,47.692499999999995,50.585,53.5125,1.7,2.0,2.4,191,True
M2,80.0,30.0,stratified,2.0,150,5,144,30.0,30.0,0.16666666666666666,4.8,28.8,13.0,1.0714285714285714,0.01,15.784338587015837,0.7544574245023628,0.900647507031964,True,15.014838505161524,22.004103697068373,35.316171597067765,47.725,51.215,54.260000000000005,2.2,2.4,2.9,191,True
M2,80.0,30.0,stratified,2.5,68,2,65,30.0,30.0,0.06666666666666667,2.1666666666666665,32.5,6.285714285714286,0.21428571428571427,0.01,8.15604834890342,0.8141350121099221,0.9081825377782685,True,15.9563215870491,22.67526401933563,35.208767363419454,47.715,51.11,54.75,2.7,2.95,3.5,191,True
M2,80.0,60.0,all,,7110,198,6911,60.0,60.0,3.3,115.18333333333334,34.90404040404041,455.14285714285717,27.285714285714285,0.01,436.1367331222929,0.4810011920805133,0.8876779455466622,True,37.37637919739498,57.432549313720884,63.45145483703655,15.22,18.8,37.23,1.2,1.5,1.9,191,True
M2,80.0,60.0,all,1.2,5756,121,5634,60.0,60.0,2.0166666666666666,93.9,46.561983471074385,398.0,20.857142857142858,0.01,374.6633493202759,0.5220642944841624,0.8906833336389951,True,48.55019804878934,58.22471273743038,63.61793452026128,14.627500000000001,17.9,31.17,1.4,1.7,2.0,191,True
M2,80.0,60.0,all,1.5,3953,66,3886,60.0,60.0,1.1,64.76666666666667,58.878787878787875,297.85714285714283,12.428571428571429,0.01,279.1189447077629,0.5846643495793733,0.9002848328149604,True,52.57124914154844,58.70365290147931,63.754594611258746,14.23,17.59,26.14,1.6,1.9,2.2,191,True
M2,80.0,60.0,all,2.0,1663,29,1633,60.0,60.0,0.48333333333333334,27.216666666666665,56.310344827586206,151.71428571428572,4.0,0.01,137.62355543432776,0.728756398997093,0.9142763346941647,True,47.90199677708418,59.41244381204199,64.43872396887376,15.03,18.24,34.31,2.1,2.3,2.8,191,True
M2,80.0,60.0,all,2.5,698,9,688,60.0,60.0,0.15,11.466666666666667,76.44444444444444,71.0,1.4285714285714286,0.01,61.18965092923276,0.819961543801418,0.9253725088133412,True,43.4484624135454,59.363956780049264,65.68941395113133,16.1525,19.335,38.1975,2.7,3.0,3.4,191,True
M2,80.0,60.0,mainshock_window,,6030,192,5837,60.0,60.0,3.2,97.28333333333333,30.401041666666664,399.7142857142857,23.714285714285715,0.01,394.2317277730952,0.511265765557848,0.9067297448704172,True,34.31074770270558,56.06568081547475,62.908609574679396,16.89,20.16,39.5775,1.2,1.5,1.9,191,True
M2,80.0,60.0,mainshock_window,1.2,4723,117,4605,60.0,60.0,1.95,76.75,39.35897435897436,343.85714285714283,17.285714285714285,0.01,331.43414908362894,0.5611199694735965,0.9086393525531722,True,37.432993178189164,56.92570448105935,63.18645922467847,16.455,19.16,37.32,1.4,1.6,2.1,191,True
M2,80.0,60.0,mainshock_window,1.5,3151,65,3085,60.0,60.0,1.0833333333333333,51.416666666666664,47.46153846153846,251.71428571428572,9.857142857142858,0.01,241.06540064961374,0.630591582386037,0.9183457111982496,True,44.10234741211994,57.16074133033866,63.48569627131917,16.24,18.94,36.495000000000005,1.6,1.9,2.3,191,True
M2,80.0,60.0,mainshock_window,2.0,1403,29,1373,60.0,60.0,0.48333333333333334,22.883333333333333,47.3448275862069,131.28571428571428,3.142857142857143,0.01,121.74215469602342,0.7607152833501463,0.9276768753367575,True,39.05390250306565,57.834378216389815,64.43166956530847,16.56,19.33,39.465,2.1,2.4,2.9,191,True
M2,80.0,60.0,mainshock_window,2.5,640,9,630,60.0,60.0,0.15,10.5,70.0,65.28571428571429,1.2857142857142858,0.01,57.41748451086143,0.8349575938520586,0.9306423751449271,True,36.79440233398375,58.55805112392413,65.54135031247677,16.7675,20.009999999999998,39.94,2.7,3.0,3.4,191,True
M2,80.0,60.0,stratified,,731,22,708,60.0,60.0,0.36666666666666664,11.8,32.18181818181819,52.0,2.7142857142857144,0.01,63.01734562729782,0.649652084495626,0.9627555674280143,True,14.518182466392638,18.12946834128711,32.995829524312825,47.415,50.44,53.15,1.0,1.4,1.9,191,True
M2,80.0,60.0,stratified,1.2,492,10,481,60.0,60.0,0.16666666666666666,8.016666666666667,48.10000000000001,40.0,1.7142857142857142,0.01,47.4545611580906,0.7328670552057139,0.9682599009430826,True,14.817781789902634,19.513717049929966,34.440720258062925,47.4925,50.845,53.4775,1.4,1.7,2.3,191,True
M2,80.0,60.0,stratified,1.5,332,6,325,60.0,60.0,0.1,5.416666666666667,54.166666666666664,27.285714285714285,1.1428571428571428,0.01,32.77598341899476,0.7611867061160302,0.9783376951162435,True,14.817781789902634,20.67059604363073,35.21793039691966,47.480000000000004,50.78,53.67,1.7,2.0,2.5,191,True
M2,80.0,60.0,stratified,2.0,181,5,175,60.0,60.0,0.08333333333333333,2.9166666666666665,35.0,14.428571428571429,0.42857142857142855,0.01,16.269521184941166,0.7523866639044706,0.9396971524369808,True,15.239134441791652,21.46815261036934,35.437333665858496,47.25,50.98,54.2,2.2,2.4,3.0,191,True
M2,80.0,60.0,stratified,2.5,84,2,81,60.0,60.0,0.03333333333333333,1.35,40.5,7.142857142857143,0.14285714285714285,0.01,8.01137560054572,0.7564151618574805,0.9205684746475651,True,16.021301389822217,22.33308172956376,35.28340144947068,47.442499999999995,50.894999999999996,54.75,2.7,3.0,3.5,191,True
M2,80.0,90.0,all,,7813,265,7547,90.0,90.0,2.9444444444444446,83.85555555555555,28.479245283018866,394.2857142857143,15.214285714285715,0.01,417.43742571694935,0.5157706547686036,0.8921239535131354,True,39.09207930896208,57.503915858158464,63.53865060231479,15.17,18.82,37.48,1.2,1.5,1.9,191,True
M2,80.0,90.0,all,1.2,6277,164,6112,90.0,90.0,1.8222222222222222,67.91111111111111,37.26829268292683,341.57142857142856,11.142857142857142,0.01,358.1426420512649,0.556679946143081,0.8964563493052562,True,49.3761143023322,58.257438590197594,63.64801516316542,14.56,17.91,31.34,1.4,1.6,2.0,191,True
M2,80.0,90.0,all,1.5,4307,96,4210,90.0,90.0,1.0666666666666667,46.77777777777778,43.85416666666667,248.42857142857142,7.642857142857142,0.01,265.9593548910585,0.6149820697985061,0.907166879042948,True,52.57641936524785,58.69837299022616,63.755575393438065,14.15,17.58,26.455,1.6,1.9,2.2,191,True
M2,80.0,90.0,all,2.0,1794,43,1750,90.0,90.0,0.4777777777777778,19.444444444444443,40.69767441860465,131.57142857142858,2.642857142857143,0.01,130.8378189213335,0.7512211799437714,0.9274884747649229,True,49.5523805275079,59.421996909816556,64.47686716217132,15.0025,18.265,35.39,2.1,2.3,2.8,191,True
M2,80.0,90.0,all,2.5,745,16,728,90.0,90.0,0.17777777777777778,8.088888888888889,45.5,64.57142857142857,1.0,0.01,57.87153287202084,0.8303752288920835,0.9346847847494545,True,44.26721091056576,59.40257760855666,65.88313703673481,16.14,19.37,38.73,2.7,3.0,3.4,191,True
M2,80.0,90.0,mainshock_window,,6594,258,6335,90.0,90.0,2.8666666666666667,70.38888888888889,24.55426356589147,334.0,12.714285714285715,0.01,377.0239713137352,0.5455076979777342,0.9073243319187515,True,34.7214833103926,56.10529498440799,62.94376218585049,16.89,20.24,39.7475,1.2,1.5,1.9,191,True
M2,80.0,90.0,mainshock_window,1.2,5114,159,4954,90.0,90.0,1.7666666666666666,55.044444444444444,31.157232704402517,282.85714285714283,8.857142857142858,0.01,316.51877857338326,0.5957210604315814,0.9112941610860563,True,39.144457003000646,56.946707210834134,63.178615840353956,16.47,19.235,37.3875,1.4,1.6,2.0,191,True
M2,80.0,90.0,mainshock_window,1.5,3405,94,3310,90.0,90.0,1.0444444444444445,36.77777777777778,35.212765957446805,202.14285714285714,6.071428571428571,0.01,229.64352063655886,0.6604300640244318,0.9227970118286922,True,44.57518366832884,57.154988377176984,63.36905086129215,16.27,19.0,36.77,1.6,1.9,2.3,191,True
M2,80.0,90.0,mainshock_window,2.0,1498,43,1454,90.0,90.0,0.4777777777777778,16.155555555555555,33.81395348837209,114.14285714285714,2.071428571428571,0.01,115.56525258644362,0.7859474998491115,0.9377731762389451,True,40.94088999051896,57.7066141489843,64.33849732730957,16.61,19.415,39.8725,2.1,2.4,2.9,191,True
M2,80.0,90.0,mainshock_window,2.5,674,16,657,90.0,90.0,0.17777777777777778,7.3,41.0625,59.285714285714285,0.6428571428571428,0.01,54.30780319456923,0.8503857657782053,0.9404326178383671,True,37.67451704542213,58.47165225954271,65.45185781171014,16.822499999999998,20.165,40.285,2.7,3.0,3.4,191,True
M2,80.0,90.0,stratified,,807,32,774,90.0,90.0,0.35555555555555557,8.6,24.187499999999996,45.285714285714285,1.6428571428571428,0.01,61.53554451187357,0.66810849869562,0.9619757111252336,True,14.65148625879186,18.56537879168418,33.785749473703554,47.515,50.75,53.32,1.0,1.4,2.0,191,True
M2,80.0,90.0,stratified,1.2,537,17,519,90.0,90.0,0.18888888888888888,5.766666666666667,30.529411764705884,35.857142857142854,1.0714285714285714,0.01,46.50502138250943,0.7478957527792978,0.9689712043004542,True,15.040483691430113,20.053944782007587,35.189351026001894,47.72,51.09,53.88,1.4,1.7,2.3,191,True
M2,80.0,90.0,stratified,1.5,363,12,350,90.0,90.0,0.13333333333333333,3.888888888888889,29.166666666666668,24.0,0.6428571428571428,0.01,32.08619627553284,0.7720829611837892,0.9759277143296055,True,15.220867370986,21.88829762856776,36.28790011721169,47.695,51.01,54.19,1.7,2.0,2.5,191,True
M2,80.0,90.0,stratified,2.0,205,11,193,90.0,90.0,0.12222222222222222,2.1444444444444444,17.545454545454547,12.714285714285714,0.42857142857142855,0.01,16.074681948306377,0.7512662695183959,0.9407984762156615,True,15.542834005377516,22.44385442363858,40.97170376287056,47.59,51.31,54.59,2.2,2.4,3.0,191,True
M2,80.0,90.0,stratified,2.5,96,4,91,90.0,90.0,0.044444444444444446,1.011111111111111,22.75,6.142857142857143,0.14285714285714285,0.01,7.581911515957394,0.7409650991827663,0.9168746245979598,True,16.252311839102262,22.579022781194602,36.34926173553482,47.665,51.655,54.997499999999995,2.7,3.0,3.7,191,True
M2,100.0,7.0,all,,3511,43,3467,7.0,7.0,6.142857142857143,495.2857142857143,80.62790697674419,495.42857142857144,234.14285714285714,,,,,False,37.05424842984445,58.780840904088905,64.78968902984407,15.33,18.97,36.394999999999996,1.3,1.7,2.1,191,True
M2,100.0,7.0,all,1.2,3070,26,3043,7.0,7.0,3.7142857142857144,434.7142857142857,117.03846153846153,434.85714285714283,197.57142857142858,,,,,False,47.63296639124725,59.624025863378904,65.09561135653396,15.022499999999999,18.325,30.185,1.4,1.8,2.2,191,True
M2,100.0,7.0,all,1.5,2299,19,2279,7.0,7.0,2.7142857142857144,325.57142857142856,119.94736842105262,325.7142857142857,144.14285714285714,,,,,False,53.17307952223723,60.084119254556335,65.3197140280688,14.745000000000001,17.84,25.54,1.7,2.0,2.4,191,True
M2,100.0,7.0,all,2.0,1155,7,1147,7.0,7.0,1.0,163.85714285714286,163.85714285714286,164.0,78.57142857142857,,,,,False,53.26971689017515,60.76344277633103,67.94321176738327,14.945,17.9,25.555,2.1,2.4,2.9,191,True
M2,100.0,7.0,all,2.5,538,4,533,7.0,7.0,0.5714285714285714,76.14285714285714,133.25,76.28571428571429,40.285714285714285,,,,,False,53.19055239261071,61.34668097070792,70.03008478565359,15.8825,18.505000000000003,26.7825,2.7,3.0,3.4,191,True
M2,100.0,7.0,mainshock_window,,3029,31,2997,7.0,7.0,4.428571428571429,428.14285714285717,96.6774193548387,428.2857142857143,214.0,,,,,False,34.1984661378163,57.1099375149064,64.19394050655829,16.89,20.11,38.76,1.3,1.6,2.1,191,True
M2,100.0,7.0,mainshock_window,1.2,2609,22,2586,7.0,7.0,3.142857142857143,369.42857142857144,117.54545454545455,369.57142857142856,178.85714285714286,,,,,False,36.93665664201038,57.86591199166373,64.61773785126765,16.55,19.41,36.94,1.4,1.7,2.2,191,True
M2,100.0,7.0,mainshock_window,1.5,1915,18,1896,7.0,7.0,2.5714285714285716,270.85714285714283,105.33333333333331,271.0,128.85714285714286,,,,,False,44.76678024988981,58.54137927348367,64.90792932934906,16.295,18.99,34.575,1.7,2.0,2.5,191,True
M2,100.0,7.0,mainshock_window,2.0,983,6,976,7.0,7.0,0.8571428571428571,139.42857142857142,162.66666666666666,139.57142857142858,70.57142857142857,,,,,False,46.37704867704698,59.514608859786826,66.23220040565151,16.33,18.9,34.31,2.2,2.4,3.0,191,True
M2,100.0,7.0,mainshock_window,2.5,490,3,486,7.0,7.0,0.42857142857142855,69.42857142857143,162.0,69.57142857142857,37.142857142857146,,,,,False,50.72026377569119,60.18217676656491,68.81892598353873,16.517500000000002,19.16,30.16,2.7,3.0,3.4,191,True
M2,100.0,7.0,stratified,,378,8,369,7.0,7.0,1.1428571428571428,52.714285714285715,46.125,52.857142857142854,41.42857142857143,,,,,False,13.713295275098856,17.188183905581823,33.31024430155182,47.644999999999996,50.175,52.935,1.2,1.5,2.0,191,True
M2,100.0,7.0,stratified,1.2,289,5,283,7.0,7.0,0.7142857142857143,40.42857142857143,56.6,40.57142857142857,32.42857142857143,,,,,False,12.542972356799151,18.3301421654732,34.15062145399236,47.69,50.52,53.12,1.4,1.7,2.3,191,True
M2,100.0,7.0,stratified,1.5,200,5,194,7.0,7.0,0.7142857142857143,27.714285714285715,38.8,27.857142857142858,21.857142857142858,,,,,False,12.050255349328168,20.078806521639784,34.916682769172226,47.57,50.120000000000005,53.394999999999996,1.7,2.0,2.5,191,True
M2,100.0,7.0,stratified,2.0,107,3,103,7.0,7.0,0.42857142857142855,14.714285714285714,34.333333333333336,14.857142857142858,11.428571428571429,,,,,False,14.286206631072446,21.951874167147192,35.03301513351916,47.64,50.65,53.495000000000005,2.2,2.4,2.9,191,True
M2,100.0,7.0,stratified,2.5,52,2,49,7.0,7.0,0.2857142857142857,7.0,24.5,7.142857142857143,5.285714285714286,,,,,False,15.741024028897758,25.283276711442742,35.08143335488393,47.825,50.25,54.22,2.7,2.9,3.3249999999999997,191,True
M2,100.0,30.0,all,,6184,158,6025,30.0,30.0,5.266666666666667,200.83333333333334,38.13291139240506,403.42857142857144,67.78571428571428,0.01,493.8564617859729,0.43286921279220353,0.8620157039796831,True,43.60578221818947,58.420973423620005,64.2475961149602,15.03,18.54,34.7025,1.2,1.6,2.0,191,True
M2,100.0,30.0,all,1.2,5121,93,5027,30.0,30.0,3.1,167.56666666666666,54.05376344086021,356.57142857142856,49.35714285714286,0.01,425.45728582503233,0.47482114510332113,0.8638503269309219,True,52.263828241643424,59.137628204674236,64.4311271263358,14.57,17.82,26.51,1.4,1.7,2.1,191,True
M2,100.0,30.0,all,1.5,3582,56,3525,30.0,30.0,1.8666666666666667,117.5,62.94642857142857,272.85714285714283,31.57142857142857,0.01,311.5473721295576,0.5464917149566695,0.8685718121291741,True,53.371829427729615,59.50642991736781,64.56521658864403,14.2125,17.48,24.62,1.6,1.9,2.3,191,True
M2,100.0,30.0,all,2.0,1586,25,1560,30.0,30.0,0.8333333333333334,52.0,62.4,145.57142857142858,9.142857142857142,0.01,149.47427529524086,0.6999918146426893,0.8905443905260667,True,52.794387202641325,60.29210665891729,65.9304538843488,14.8925,18.085,27.095,2.1,2.4,2.9,191,True
M2,100.0,30.0,all,2.5,687,11,675,30.0,30.0,0.36666666666666664,22.5,61.36363636363637,70.85714285714286,3.357142857142857,0.01,65.16924565474538,0.7888737810488883,0.8972762319259031,True,47.42715813054656,60.723117976994175,69.40816075467224,16.009999999999998,18.99,36.125,2.7,3.0,3.4,191,True
M2,100.0,30.0,mainshock_window,,5199,143,5055,30.0,30.0,4.766666666666667,168.5,35.349650349650354,351.0,54.07142857142857,0.01,438.7825668936383,0.464589596191335,0.8877897600234602,True,35.561098208332965,56.982169556431224,64.002043873675,16.765,19.76,38.045,1.2,1.5,2.0,191,True
M2,100.0,30.0,mainshock_window,1.2,4184,88,4095,30.0,30.0,2.933333333333333,136.5,46.534090909090914,305.7142857142857,36.285714285714285,0.01,369.5391550044968,0.5151728597520151,0.8873755898269027,True,43.06330183304445,57.60731842911925,64.1960827110259,16.35,19.02,35.6275,1.4,1.7,2.1,191,True
M2,100.0,30.0,mainshock_window,1.5,2855,54,2800,30.0,30.0,1.8,93.33333333333333,51.85185185185185,229.0,22.714285714285715,0.01,263.96924889390095,0.5935175942177283,0.8909780735384398,True,46.55065086347581,57.790389602266636,64.48040033419569,16.145,18.81,34.0,1.6,1.9,2.4,191,True
M2,100.0,30.0,mainshock_window,2.0,1329,24,1304,30.0,30.0,0.8,43.46666666666667,54.333333333333336,123.85714285714286,7.571428571428571,0.01,130.45375728010694,0.7322184218758081,0.906921175696132,True,44.81226999790204,59.000084784145876,66.10873529808308,16.47,19.16,37.81,2.1,2.4,2.9,191,True
M2,100.0,30.0,mainshock_window,2.5,627,10,616,30.0,30.0,0.3333333333333333,20.533333333333335,61.60000000000001,64.14285714285714,3.357142857142857,0.01,60.472469179673176,0.8022251761119126,0.9021842695007838,True,43.46557308217933,59.723348784174746,68.79411975242954,16.66,19.78,38.265,2.7,3.0,3.4,191,True
M2,100.0,30.0,stratified,,595,17,577,30.0,30.0,0.5666666666666667,19.233333333333334,33.94117647058824,47.42857142857143,6.142857142857142,0.01,64.3487654908364,0.623871979599961,0.9387767920799985,True,14.140246539932306,17.14045882625921,32.42597884997781,47.635000000000005,50.52,53.15,1.1,1.4,2.0,191,True
M2,100.0,30.0,stratified,1.2,416,11,404,30.0,30.0,0.36666666666666664,13.466666666666667,36.727272727272734,36.714285714285715,2.928571428571429,0.01,48.03874574059784,0.7116235849750038,0.9483059103451716,True,14.419506411678302,18.483092508914314,34.270500106337344,47.697500000000005,50.78,53.442499999999995,1.4,1.7,2.3,191,True
M2,100.0,30.0,stratified,1.5,280,8,271,30.0,30.0,0.26666666666666666,9.033333333333333,33.875,24.571428571428573,1.8571428571428572,0.01,33.154218427091465,0.7581848734015527,0.9729388407790682,True,14.586781195156316,20.19037667011324,34.99391782137023,47.715,50.735,53.775,1.7,2.0,2.425,191,True
M2,100.0,30.0,stratified,2.0,154,6,147,30.0,30.0,0.2,4.9,24.5,13.0,1.0714285714285714,0.01,15.999009203654387,0.7480494421955254,0.897381963756238,True,15.118850921019906,22.33308172956376,36.010813980069614,47.77,51.285,54.445,2.2,2.4,2.9,191,True
M2,100.0,30.0,stratified,2.5,70,3,66,30.0,30.0,0.1,2.2,22.0,6.285714285714286,0.2857142857142857,0.01,8.288620105547588,0.8054173099300913,0.9077428480741352,True,16.058431919258826,24.85516313144447,35.316171597067765,47.754999999999995,51.275000000000006,54.8775,2.7,2.9,3.475,191,True
M2,100.0,60.0,all,,7519,273,7245,60.0,60.0,4.55,120.75,26.53846153846154,478.7142857142857,29.571428571428573,0.01,461.52912937548496,0.4816390567629427,0.885903916640911,True,41.21352026999651,58.12702988136616,64.19951849321679,15.09,18.75,36.67,1.2,1.5,1.9,191,True
M2,100.0,60.0,all,1.2,6088,172,5915,60.0,60.0,2.8666666666666667,98.58333333333333,34.38953488372093,419.7142857142857,22.571428571428573,0.01,398.308203515567,0.5230740691681138,0.8905785442899816,True,51.29856442969012,58.97667535122679,64.31007649529076,14.5675,17.884999999999998,29.495,1.4,1.7,2.0,191,True
M2,100.0,60.0,all,1.5,4182,102,4079,60.0,60.0,1.7,67.98333333333333,39.990196078431374,313.85714285714283,13.571428571428571,0.01,297.4945987866148,0.586626780621364,0.9027322875772912,True,53.28008834184995,59.38596915857723,64.46992801054373,14.18,17.58,25.59,1.6,1.9,2.3,191,True
M2,100.0,60.0,all,2.0,1776,41,1734,60.0,60.0,0.6833333333333333,28.9,42.292682926829265,160.28571428571428,4.571428571428571,0.01,148.22663984195503,0.7281774924801293,0.9195203160887138,True,52.03924964281657,60.09345396989458,66.07248185038625,15.0075,18.235,30.8475,2.1,2.3,2.8,191,True
M2,100.0,60.0,all,2.5,753,14,738,60.0,60.0,0.23333333333333334,12.3,52.714285714285715,75.0,1.5714285714285714,0.01,66.847077949406,0.8177011350270359,0.9308128396476335,True,45.49215456784099,60.45634700820201,69.25777575946663,16.07,19.2,36.85,2.7,3.0,3.4,191,True
M2,100.0,60.0,mainshock_window,,6337,253,6083,60.0,60.0,4.216666666666667,101.38333333333334,24.043478260869566,414.57142857142856,25.428571428571427,0.01,412.19410832241397,0.5106979842544564,0.906252091124812,True,35.05891545970958,56.773972099176035,64.00353747795471,16.87,20.09,39.21,1.2,1.5,1.9,191,True
M2,100.0,60.0,mainshock_window,1.2,4973,165,4807,60.0,60.0,2.75,80.11666666666666,29.13333333333333,357.57142857142856,18.714285714285715,0.01,347.83010881752193,0.5605668981306166,0.9088534845148536,True,41.55318408349626,57.409698137806096,64.181672783827,16.42,19.17,36.92,1.4,1.6,2.1,191,True
M2,100.0,60.0,mainshock_window,1.5,3326,100,3225,60.0,60.0,1.6666666666666667,53.75,32.25,261.85714285714283,10.857142857142858,0.01,254.04289662981088,0.630205254434327,0.9202607163691672,True,46.062248560769945,57.64478241930598,64.49527388676857,16.2325,18.965,36.010000000000005,1.6,1.9,2.3,191,True
M2,100.0,60.0,mainshock_window,2.0,1492,40,1451,60.0,60.0,0.6666666666666666,24.183333333333334,36.275000000000006,136.85714285714286,3.4285714285714284,0.01,129.9322813466759,0.7563899578955533,0.9319934477918236,True,43.62029781970561,58.757693404723085,66.63106428569077,16.55,19.35,38.65,2.1,2.4,2.9,191,True
M2,100.0,60.0,mainshock_window,2.5,687,13,673,60.0,60.0,0.21666666666666667,11.216666666666667,51.76923076923077,68.28571428571429,1.4285714285714286,0.01,62.140016119746136,0.8281846964772154,0.9347260521495913,True,42.82986536891803,59.585334721212384,68.92674240663581,16.695,20.0,38.97,2.7,3.0,3.4,191,True
M2,100.0,60.0,stratified,,745,26,718,60.0,60.0,0.43333333333333335,11.966666666666667,27.615384615384613,52.142857142857146,2.7142857142857144,0.01,63.518672509550846,0.6472339469526944,0.963454140745838,True,14.63662932260968,18.5414870616341,33.76170369772559,47.43,50.49,53.17,1.0,1.4,1.9,191,True
M2,100.0,60.0,stratified,1.2,503,14,488,60.0,60.0,0.23333333333333334,8.133333333333333,34.857142857142854,40.142857142857146,1.7142857142857142,0.01,47.72863436935272,0.7307934273736517,0.9673956077532554,True,14.920021147872644,19.921350042464788,35.03301513351916,47.504999999999995,50.92,53.595,1.4,1.7,2.3,191,True
M2,100.0,60.0,stratified,1.5,340,10,329,60.0,60.0,0.16666666666666666,5.483333333333333,32.900000000000006,27.428571428571427,1.1428571428571428,0.01,33.06368530805779,0.7606177617854285,0.9792837337258832,True,14.968560196667973,21.448393697343203,35.580120385407426,47.57,50.855000000000004,53.847500000000004,1.7,2.0,2.5,191,True
M2,100.0,60.0,stratified,2.0,186,6,179,60.0,60.0,0.1,2.9833333333333334,29.833333333333332,14.571428571428571,0.5714285714285714,0.01,16.473003823722138,0.7569777285582179,0.937114754162874,True,15.317341447336327,22.004103697068373,36.77714346191769,47.365,51.175,54.3025,2.2,2.4,2.9,191,True
M2,100.0,60.0,stratified,2.5,86,3,82,60.0,60.0,0.05,1.3666666666666667,27.333333333333332,7.142857142857143,0.2857142857142857,0.01,8.164488244422031,0.7486095728310527,0.9266316951963633,True,16.058431919258826,22.55867743627994,35.41113941711045,47.53,50.955,54.8775,2.7,3.0,3.5,191,True
M2,100.0,90.0,all,,8348,387,7960,90.0,90.0,4.3,88.44444444444444,20.568475452196385,408.57142857142856,18.785714285714285,0.01,443.61407672109533,0.5143500676195878,0.8933206596362839,True,44.02293784367087,58.344642330459564,64.45263803823161,15.08,18.8,36.94,1.2,1.5,1.9,191,True
M2,100.0,90.0,all,1.2,6706,246,6459,90.0,90.0,2.7333333333333334,71.76666666666667,26.256097560975608,354.0,14.357142857142858,0.01,382.63860090388977,0.5552531256293748,0.898653694931619,True,51.78718246030368,59.11934394545866,64.5404637874472,14.522499999999999,17.91,29.855,1.4,1.6,2.0,191,True
M2,100.0,90.0,all,1.5,4604,151,4452,90.0,90.0,1.6777777777777778,49.46666666666667,29.483443708609272,256.42857142857144,10.142857142857142,0.01,285.26688421324343,0.6142064638363094,0.9107471399739677,True,53.31733632404005,59.497172261920085,64.67414380445729,14.1575,17.63,25.8475,1.6,1.9,2.2,191,True
M2,100.0,90.0,all,2.0,1936,64,1871,90.0,90.0,0.7111111111111111,20.788888888888888,29.234374999999996,139.28571428571428,3.857142857142857,0.01,141.53898513317554,0.7477259284364925,0.9305128698362265,True,52.75718151182386,60.27213650253974,67.11037550469106,15.0,18.33,33.525000000000006,2.1,2.3,2.8,191,True
M2,100.0,90.0,all,2.5,815,26,788,90.0,90.0,0.28888888888888886,8.755555555555556,30.307692307692314,68.42857142857143,1.2857142857142858,0.01,63.515211628397125,0.8254601065432782,0.9375183028534334,True,47.78334667242776,60.731807877313315,70.01423314870308,16.1,19.37,38.13,2.7,3.0,3.4,191,True
M2,100.0,90.0,mainshock_window,,7008,353,6654,90.0,90.0,3.922222222222222,73.93333333333334,18.849858356940512,343.57142857142856,16.142857142857142,0.01,395.9043355046298,0.5418670393614716,0.9093651394079905,True,35.55073323932056,56.91303795167819,64.19953628864641,16.88,20.21,39.34,1.2,1.5,1.9,191,True
M2,100.0,90.0,mainshock_window,1.2,5447,229,5217,90.0,90.0,2.5444444444444443,57.96666666666667,22.78165938864629,291.0,11.928571428571429,0.01,333.9595528974987,0.5913597677623673,0.9136787244254356,True,43.56974601032193,57.543924158445726,64.40973888263304,16.47,19.27,37.010000000000005,1.4,1.6,2.1,191,True
M2,100.0,90.0,mainshock_window,1.5,3642,144,3497,90.0,90.0,1.6,38.855555555555554,24.28472222222222,211.28571428571428,8.5,0.01,243.5652538115778,0.6556206792952328,0.9253882916766811,True,47.12468857370772,57.74436463799682,64.66571683345094,16.2725,19.064999999999998,36.1475,1.6,1.9,2.3,191,True
M2,100.0,90.0,mainshock_window,2.0,1615,62,1552,90.0,90.0,0.6888888888888889,17.244444444444444,25.032258064516128,119.0,3.071428571428571,0.01,124.08147215317695,0.7769292810132524,0.940531219894077,True,44.594077951584005,58.874412280631724,67.08899811908199,16.61,19.54,39.035,2.1,2.4,2.9,191,True
M2,100.0,90.0,mainshock_window,2.5,736,25,710,90.0,90.0,0.2777777777777778,7.888888888888889,28.4,62.0,1.0,0.01,59.14190679237549,0.8395653651020694,0.9421584714747943,True,44.13286063498741,59.779504831560544,69.5817849837365,16.77,20.3,39.535,2.7,3.0,3.4,191,True
M2,100.0,90.0,stratified,,824,37,786,90.0,90.0,0.4111111111111111,8.733333333333333,21.243243243243242,45.285714285714285,1.7142857142857144,0.01,62.00973459507676,0.6639720633492463,0.9620053396545797,True,14.686515014478687,19.252358406782058,34.32790162135157,47.557500000000005,50.79,53.41,1.0,1.4,2.0,191,True
M2,100.0,90.0,stratified,1.2,548,21,526,90.0,90.0,0.23333333333333334,5.844444444444444,25.047619047619047,35.857142857142854,1.0714285714285714,0.01,46.85893273089662,0.7442539356638923,0.9686437970956586,True,15.119579569499123,20.799460792244318,35.4941855539755,47.7275,51.114999999999995,53.980000000000004,1.4,1.7,2.3,191,True
M2,100.0,90.0,stratified,1.5,371,16,354,90.0,90.0,0.17777777777777778,3.933333333333333,22.124999999999996,24.0,0.7857142857142857,0.01,32.28175225684454,0.7697210449193793,0.9749368985481973,True,15.30413113065425,22.222309035488937,40.79371799251939,47.730000000000004,51.11,54.28,1.7,2.0,2.5,191,True
M2,100.0,90.0,stratified,2.0,210,12,197,90.0,90.0,0.13333333333333333,2.188888888888889,16.416666666666668,12.714285714285714,0.5,0.01,16.235385803850885,0.7473963543095441,0.9379810859973465,True,15.681695683470402,22.578595973891623,41.783788080649984,47.692499999999995,51.59,54.6375,2.2,2.4,2.975,191,True
M2,100.0,90.0,stratified,2.5,98,5,92,90.0,90.0,0.05555555555555555,1.0222222222222221,18.4,6.142857142857143,0.14285714285714285,0.01,7.716494760859067,0.7347634837483731,0.9223137410904223,True,16.323086417726792,22.67526401933563,40.58463680154272,47.692499999999995,51.875,55.095,2.7,3.0,3.6750000000000003,191,True
M3,30.0,7.0,all,,1626,40,1585,7.0,7.0,5.714285714285714,226.42857142857142,39.625,226.57142857142858,169.71428571428572,,,,,False,11.540023793719953,18.100592329653995,24.791737873153476,11.9225,13.29,15.16,1.325,1.7,2.1,26,True
M3,30.0,7.0,all,1.2,1446,27,1418,7.0,7.0,3.857142857142857,202.57142857142858,52.51851851851852,202.71428571428572,158.42857142857142,,,,,False,11.522533542582556,17.978915884896637,24.80746496095342,11.885000000000002,13.33,15.21,1.5,1.8,2.3,26,True
M3,30.0,7.0,all,1.5,1094,16,1077,7.0,7.0,2.2857142857142856,153.85714285714286,67.3125,154.0,125.28571428571429,,,,,False,11.644554985868025,18.170845235029127,25.05067268979999,11.96,13.385000000000002,15.4475,1.7,2.0,2.4,26,True
M3,30.0,7.0,all,2.0,559,7,551,7.0,7.0,1.0,78.71428571428571,78.71428571428571,78.85714285714286,68.85714285714286,,,,,False,12.060266365345537,19.09472235699785,25.446071417414952,12.1,13.46,15.725000000000001,2.1,2.4,3.0,26,True
M3,30.0,7.0,all,2.5,273,3,269,7.0,7.0,0.42857142857142855,38.42857142857143,89.66666666666667,38.57142857142857,34.714285714285715,,,,,False,12.800389271195138,19.170960496074755,25.874018002033477,12.46,13.73,15.9,2.7,3.0,3.4,26,True
M3,30.0,7.0,mainshock_window,,1626,40,1585,7.0,7.0,5.714285714285714,226.42857142857142,39.625,226.57142857142858,169.71428571428572,,,,,False,11.540023793719953,18.100592329653995,24.791737873153476,11.9225,13.29,15.16,1.325,1.7,2.1,26,True
M3,30.0,7.0,mainshock_window,1.2,1446,27,1418,7.0,7.0,3.857142857142857,202.57142857142858,52.51851851851852,202.71428571428572,158.42857142857142,,,,,False,11.522533542582556,17.978915884896637,24.80746496095342,11.885000000000002,13.33,15.21,1.5,1.8,2.3,26,True
M3,30.0,7.0,mainshock_window,1.5,1094,16,1077,7.0,7.0,2.2857142857142856,153.85714285714286,67.3125,154.0,125.28571428571429,,,,,False,11.644554985868025,18.170845235029127,25.05067268979999,11.96,13.385000000000002,15.4475,1.7,2.0,2.4,26,True
M3,30.0,7.0,mainshock_window,2.0,559,7,551,7.0,7.0,1.0,78.71428571428571,78.71428571428571,78.85714285714286,68.85714285714286,,,,,False,12.060266365345537,19.09472235699785,25.446071417414952,12.1,13.46,15.725000000000001,2.1,2.4,3.0,26,True
M3,30.0,7.0,mainshock_window,2.5,273,3,269,7.0,7.0,0.42857142857142855,38.42857142857143,89.66666666666667,38.57142857142857,34.714285714285715,,,,,False,12.800389271195138,19.170960496074755,25.874018002033477,12.46,13.73,15.9,2.7,3.0,3.4,26,True
M3,30.0,7.0,stratified,,1616,35,1580,7.0,7.0,5.0,225.71428571428572,45.142857142857146,225.85714285714286,168.85714285714286,,,,,False,11.5305323345149,18.03231440521872,24.796950619617355,11.895,13.28,15.1,1.3,1.7,2.1,26,True
M3,30.0,7.0,stratified,1.2,1437,23,1413,7.0,7.0,3.2857142857142856,201.85714285714286,61.434782608695656,202.0,157.57142857142858,,,,,False,11.500407255935194,17.928233057179792,24.80966604587381,11.87,13.32,15.19,1.5,1.8,2.3,26,True
M3,30.0,7.0,stratified,1.5,1086,12,1073,7.0,7.0,1.7142857142857142,153.28571428571428,89.41666666666667,153.42857142857142,124.57142857142857,,,,,False,11.630932554849009,18.077619473684496,25.082216080735922,11.9275,13.364999999999998,15.315,1.7,2.0,2.4,26,True
M3,30.0,7.0,stratified,2.0,554,3,550,7.0,7.0,0.42857142857142855,78.57142857142857,183.33333333333334,78.71428571428571,68.42857142857143,,,,,False,11.993021410016862,19.050410653139682,25.491163941443716,12.0675,13.455,15.645,2.1,2.4,2.9,26,True
M3,30.0,7.0,stratified,2.5,269,0,268,7.0,7.0,0.0,38.285714285714285,inf,38.42857142857143,34.285714285714285,,,,,False,12.539302112571217,19.170960496074755,25.99974146147086,12.38,13.7,15.77,2.7,3.0,3.4,26,True
M3,30.0,30.0,all,,2004,155,1848,30.0,30.0,5.166666666666667,61.6,11.92258064516129,198.0,5.0,,,,,False,11.633843286978978,18.485332792794345,24.801705599473312,11.7375,13.195,14.9125,1.3,1.6,2.1,26,True
M3,30.0,30.0,all,1.2,1746,122,1623,30.0,30.0,4.066666666666666,54.1,13.30327868852459,181.0,3.7142857142857144,,,,,False,11.589968260051748,18.365705430719895,24.809345274817428,11.69,13.23,15.0675,1.4,1.7,2.2,26,True
M3,30.0,30.0,all,1.5,1279,70,1208,30.0,30.0,2.3333333333333335,40.266666666666666,17.257142857142856,139.42857142857142,2.2142857142857144,,,,,False,11.64702269181451,18.462190108070097,25.017572179879522,11.774999999999999,13.3,15.195,1.6,1.9,2.4,26,True
M3,30.0,30.0,all,2.0,622,27,594,30.0,30.0,0.9,19.8,22.0,73.14285714285714,1.0,,,,,False,11.96611365401216,19.11431706773677,25.40624474211927,12.094999999999999,13.49,15.727500000000001,2.1,2.4,2.9,26,True
M3,30.0,30.0,all,2.5,299,10,288,30.0,30.0,0.3333333333333333,9.6,28.8,36.142857142857146,0.3571428571428571,,,,,False,12.398299703447533,19.136939213864487,25.8251508091936,12.475000000000001,13.81,15.885,2.6,2.9,3.3,26,True
M3,30.0,30.0,mainshock_window,,2004,155,1848,30.0,30.0,5.166666666666667,61.6,11.92258064516129,198.0,5.0,,,,,False,11.633843286978978,18.485332792794345,24.801705599473312,11.7375,13.195,14.9125,1.3,1.6,2.1,26,True
M3,30.0,30.0,mainshock_window,1.2,1746,122,1623,30.0,30.0,4.066666666666666,54.1,13.30327868852459,181.0,3.7142857142857144,,,,,False,11.589968260051748,18.365705430719895,24.809345274817428,11.69,13.23,15.0675,1.4,1.7,2.2,26,True
M3,30.0,30.0,mainshock_window,1.5,1279,70,1208,30.0,30.0,2.3333333333333335,40.266666666666666,17.257142857142856,139.42857142857142,2.2142857142857144,,,,,False,11.64702269181451,18.462190108070097,25.017572179879522,11.774999999999999,13.3,15.195,1.6,1.9,2.4,26,True
M3,30.0,30.0,mainshock_window,2.0,622,27,594,30.0,30.0,0.9,19.8,22.0,73.14285714285714,1.0,,,,,False,11.96611365401216,19.11431706773677,25.40624474211927,12.094999999999999,13.49,15.727500000000001,2.1,2.4,2.9,26,True
M3,30.0,30.0,mainshock_window,2.5,299,10,288,30.0,30.0,0.3333333333333333,9.6,28.8,36.142857142857146,0.3571428571428571,,,,,False,12.398299703447533,19.136939213864487,25.8251508091936,12.475000000000001,13.81,15.885,2.6,2.9,3.3,26,True
M3,30.0,30.0,stratified,,1992,149,1842,30.0,30.0,4.966666666666667,61.4,12.36241610738255,197.28571428571428,4.642857142857142,,,,,False,11.612157927458538,18.465328743738567,24.80870373270466,11.717500000000001,13.18,14.86,1.3,1.6,2.1,26,True
M3,30.0,30.0,stratified,1.2,1735,117,1617,30.0,30.0,3.9,53.9,13.820512820512821,180.28571428571428,3.5,,,,,False,11.556035565013401,18.32987097672512,24.825236983472422,11.675,13.22,15.004999999999999,1.4,1.7,2.2,26,True
M3,30.0,30.0,stratified,1.5,1269,65,1203,30.0,30.0,2.1666666666666665,40.1,18.50769230769231,138.85714285714286,2.0,,,,,False,11.635298653043963,18.372488159206362,25.046260305245177,11.76,13.28,15.11,1.6,1.9,2.4,26,True
M3,30.0,30.0,stratified,2.0,615,22,592,30.0,30.0,0.7333333333333333,19.733333333333334,26.909090909090914,73.0,0.8571428571428571,,,,,False,11.934758518956519,19.09472235699785,25.488252007593942,12.06,13.46,15.63,2.1,2.4,2.9,26,True
M3,30.0,30.0,stratified,2.5,294,6,287,30.0,30.0,0.2,9.566666666666666,47.83333333333333,36.0,0.2857142857142857,,,,,False,12.283997499013276,19.138189959290955,25.968310596611516,12.4,13.754999999999999,15.7375,2.6,2.9,3.3,26,True
M3,30.0,60.0,all,,2033,184,1848,60.0,60.0,3.066666666666667,30.8,10.043478260869565,221.71428571428572,0.8571428571428571,,,,,False,11.72537492040739,18.586879503140135,24.848229930464317,11.74,13.19,14.9,1.3,1.6,2.1,26,True
M3,30.0,60.0,all,1.2,1771,147,1623,60.0,60.0,2.45,27.05,11.040816326530612,198.85714285714286,0.7142857142857143,,,,,False,11.639119493727874,18.47396772391815,24.854235033047893,11.69,13.22,15.06,1.4,1.7,2.2,26,True
M3,30.0,60.0,all,1.5,1294,85,1208,60.0,60.0,1.4166666666666667,20.133333333333333,14.211764705882352,151.57142857142858,0.42857142857142855,,,,,False,11.734099866792238,18.54554152533175,25.05780655234292,11.772499999999999,13.29,15.155000000000001,1.6,1.9,2.4,26,True
M3,30.0,60.0,all,2.0,630,35,594,60.0,60.0,0.5833333333333334,9.9,16.97142857142857,77.85714285714286,0.14285714285714285,,,,,False,11.993021410016862,19.13542549617009,25.491163941443716,12.094999999999999,13.475000000000001,15.692499999999999,2.1,2.4,2.9,26,True
M3,30.0,60.0,all,2.5,302,13,288,60.0,60.0,0.21666666666666667,4.8,22.153846153846153,38.142857142857146,0.14285714285714285,,,,,False,12.36932452185152,19.13542549617009,25.77619257151495,12.467500000000001,13.815000000000001,15.8525,2.625,2.9,3.3,26,True
M3,30.0,60.0,mainshock_window,,2033,184,1848,60.0,60.0,3.066666666666667,30.8,10.043478260869565,221.71428571428572,0.8571428571428571,,,,,False,11.72537492040739,18.586879503140135,24.848229930464317,11.74,13.19,14.9,1.3,1.6,2.1,26,True
M3,30.0,60.0,mainshock_window,1.2,1771,147,1623,60.0,60.0,2.45,27.05,11.040816326530612,198.85714285714286,0.7142857142857143,,,,,False,11.639119493727874,18.47396772391815,24.854235033047893,11.69,13.22,15.06,1.4,1.7,2.2,26,True
M3,30.0,60.0,mainshock_window,1.5,1294,85,1208,60.0,60.0,1.4166666666666667,20.133333333333333,14.211764705882352,151.57142857142858,0.42857142857142855,,,,,False,11.734099866792238,18.54554152533175,25.05780655234292,11.772499999999999,13.29,15.155000000000001,1.6,1.9,2.4,26,True
M3,30.0,60.0,mainshock_window,2.0,630,35,594,60.0,60.0,0.5833333333333334,9.9,16.97142857142857,77.85714285714286,0.14285714285714285,,,,,False,11.993021410016862,19.13542549617009,25.491163941443716,12.094999999999999,13.475000000000001,15.692499999999999,2.1,2.4,2.9,26,True
M3,30.0,60.0,mainshock_window,2.5,302,13,288,60.0,60.0,0.21666666666666667,4.8,22.153846153846153,38.142857142857146,0.14285714285714285,,,,,False,12.36932452185152,19.13542549617009,25.77619257151495,12.467500000000001,13.815000000000001,15.8525,2.625,2.9,3.3,26,True
M3,30.0,60.0,stratified,,2017,174,1842,60.0,60.0,2.9,30.7,10.586206896551724,221.0,0.7142857142857143,,,,,False,11.649398940236743,18.541046433391443,24.858271839298453,11.72,13.18,14.85,1.3,1.6,2.1,26,True
M3,30.0,60.0,stratified,1.2,1756,138,1617,60.0,60.0,2.3,26.95,11.717391304347826,198.14285714285714,0.5714285714285714,,,,,False,11.600953260616322,18.39999992152233,24.861907970329263,11.6675,13.21,14.9625,1.4,1.7,2.2,26,True
M3,30.0,60.0,stratified,1.5,1283,79,1203,60.0,60.0,1.3166666666666667,20.05,15.227848101265824,151.0,0.42857142857142855,,,,,False,11.68299306720288,18.496811396119494,25.093121981799143,11.76,13.27,15.085,1.6,1.9,2.4,26,True
M3,30.0,60.0,stratified,2.0,623,30,592,60.0,60.0,0.5,9.866666666666667,19.733333333333334,77.71428571428571,0.14285714285714285,,,,,False,11.952733120697214,19.133911778475692,25.6069766963093,12.06,13.46,15.565,2.1,2.4,2.9,26,True
M3,30.0,60.0,stratified,2.5,297,9,287,60.0,60.0,0.15,4.783333333333333,31.88888888888889,38.0,0.0,,,,,False,12.265213551932531,19.133911778475692,25.874018002033477,12.38,13.77,15.73,2.6,2.9,3.3,26,True
M3,30.0,90.0,all,,2093,244,1848,90.0,90.0,2.7111111111111112,20.533333333333335,7.573770491803279,191.57142857142858,0.8571428571428571,,,,,False,11.87257542199804,18.75123330754621,24.872147841606555,11.72,13.18,14.9,1.3,1.6,2.1,26,True
M3,30.0,90.0,all,1.2,1818,194,1623,90.0,90.0,2.1555555555555554,18.033333333333335,8.3659793814433,175.85714285714286,0.7857142857142857,,,,,False,11.791585907867582,18.55914372824646,24.868006596781502,11.69,13.22,15.06,1.4,1.7,2.2,26,True
M3,30.0,90.0,all,1.5,1324,115,1208,90.0,90.0,1.2777777777777777,13.422222222222222,10.504347826086958,135.85714285714286,0.42857142857142855,,,,,False,11.813676220802014,18.642522238721707,25.09268113061492,11.7775,13.285,15.145,1.6,1.9,2.4,26,True
M3,30.0,90.0,all,2.0,644,49,594,90.0,90.0,0.5444444444444444,6.6,12.122448979591837,72.28571428571429,0.14285714285714285,,,,,False,12.137118412904123,19.139703676985356,25.521181339857144,12.0675,13.49,15.655000000000001,2.1,2.4,2.9,26,True
M3,30.0,90.0,all,2.5,308,19,288,90.0,90.0,0.2111111111111111,3.2,15.157894736842106,35.857142857142854,0.0,,,,,False,12.501303283012533,19.050410653139682,25.75730138260191,12.440000000000001,13.815000000000001,15.7775,2.7,3.0,3.4,26,True
M3,30.0,90.0,mainshock_window,,2093,244,1848,90.0,90.0,2.7111111111111112,20.533333333333335,7.573770491803279,191.57142857142858,0.8571428571428571,,,,,False,11.87257542199804,18.75123330754621,24.872147841606555,11.72,13.18,14.9,1.3,1.6,2.1,26,True
M3,30.0,90.0,mainshock_window,1.2,1818,194,1623,90.0,90.0,2.1555555555555554,18.033333333333335,8.3659793814433,175.85714285714286,0.7857142857142857,,,,,False,11.791585907867582,18.55914372824646,24.868006596781502,11.69,13.22,15.06,1.4,1.7,2.2,26,True
M3,30.0,90.0,mainshock_window,1.5,1324,115,1208,90.0,90.0,1.2777777777777777,13.422222222222222,10.504347826086958,135.85714285714286,0.42857142857142855,,,,,False,11.813676220802014,18.642522238721707,25.09268113061492,11.7775,13.285,15.145,1.6,1.9,2.4,26,True
M3,30.0,90.0,mainshock_window,2.0,644,49,594,90.0,90.0,0.5444444444444444,6.6,12.122448979591837,72.28571428571429,0.14285714285714285,,,,,False,12.137118412904123,19.139703676985356,25.521181339857144,12.0675,13.49,15.655000000000001,2.1,2.4,2.9,26,True
M3,30.0,90.0,mainshock_window,2.5,308,19,288,90.0,90.0,0.2111111111111111,3.2,15.157894736842106,35.857142857142854,0.0,,,,,False,12.501303283012533,19.050410653139682,25.75730138260191,12.440000000000001,13.815000000000001,15.7775,2.7,3.0,3.4,26,True
M3,30.0,90.0,stratified,,2073,230,1842,90.0,90.0,2.5555555555555554,20.466666666666665,8.008695652173913,191.0,0.8571428571428571,,,,,False,11.813190855353156,18.642602627076343,24.872147841606555,11.7,13.16,14.84,1.3,1.6,2.1,26,True
M3,30.0,90.0,stratified,1.2,1800,182,1617,90.0,90.0,2.022222222222222,17.966666666666665,8.884615384615385,175.28571428571428,0.6428571428571428,,,,,False,11.7108685975424,18.485389560018824,24.869321414142306,11.66,13.21,14.95,1.4,1.7,2.2,26,True
M3,30.0,90.0,stratified,1.5,1311,107,1203,90.0,90.0,1.1888888888888889,13.366666666666667,11.242990654205608,135.42857142857142,0.3571428571428571,,,,,False,11.794883577454817,18.586879503140135,25.093121981799143,11.76,13.27,15.075,1.6,1.9,2.4,26,True
M3,30.0,90.0,stratified,2.0,636,43,592,90.0,90.0,0.4777777777777778,6.5777777777777775,13.767441860465116,72.14285714285714,0.14285714285714285,,,,,False,12.009358418882826,19.138189959290955,25.60473721492871,12.06,13.46,15.49,2.1,2.4,2.9,26,True
M3,30.0,90.0,stratified,2.5,303,15,287,90.0,90.0,0.16666666666666666,3.188888888888889,19.133333333333336,35.714285714285715,0.0,,,,,False,12.398299703447533,19.006098949281515,25.77610152667618,12.365,13.77,15.71,2.6500000000000004,3.0,3.4,26,True
M3,44.0,7.0,all,,2157,60,2096,7.0,7.0,8.571428571428571,299.42857142857144,34.93333333333334,299.57142857142856,223.28571428571428,,,,,False,13.460119016452042,23.339660729707347,29.54111479247617,11.61,13.21,15.21,1.4,1.7,2.2,26,True
M3,44.0,7.0,all,1.2,1940,43,1896,7.0,7.0,6.142857142857143,270.85714285714283,44.09302325581395,271.0,208.71428571428572,,,,,False,13.469865998705187,23.423297557360687,30.438326235252546,11.5175,13.22,15.21,1.5,1.8,2.3,26,True
M3,44.0,7.0,all,1.5,1490,24,1465,7.0,7.0,3.4285714285714284,209.28571428571428,61.041666666666664,209.42857142857142,168.0,,,,,False,13.851000014232767,24.183290336787124,31.00755865433194,11.622499999999999,13.27,15.35,1.7,2.0,2.5,26,True
M3,44.0,7.0,all,2.0,786,8,777,7.0,7.0,1.1428571428571428,111.0,97.125,111.14285714285714,95.14285714285714,,,,,False,14.403527934149809,24.879295997777422,33.122812668609285,11.87,13.395,15.645,2.1,2.4,2.9,26,True
M3,44.0,7.0,all,2.5,388,4,383,7.0,7.0,0.5714285714285714,54.714285714285715,95.75,54.857142857142854,48.57142857142857,,,,,False,15.005578892803033,25.298527621752786,33.55314933733348,12.1325,13.64,15.8325,2.7,2.95,3.4,26,True
M3,44.0,7.0,mainshock_window,,2157,60,2096,7.0,7.0,8.571428571428571,299.42857142857144,34.93333333333334,299.57142857142856,223.28571428571428,,,,,False,13.460119016452042,23.339660729707347,29.54111479247617,11.61,13.21,15.21,1.4,1.7,2.2,26,True
M3,44.0,7.0,mainshock_window,1.2,1940,43,1896,7.0,7.0,6.142857142857143,270.85714285714283,44.09302325581395,271.0,208.71428571428572,,,,,False,13.469865998705187,23.423297557360687,30.438326235252546,11.5175,13.22,15.21,1.5,1.8,2.3,26,True
M3,44.0,7.0,mainshock_window,1.5,1490,24,1465,7.0,7.0,3.4285714285714284,209.28571428571428,61.041666666666664,209.42857142857142,168.0,,,,,False,13.851000014232767,24.183290336787124,31.00755865433194,11.622499999999999,13.27,15.35,1.7,2.0,2.5,26,True
M3,44.0,7.0,mainshock_window,2.0,786,8,777,7.0,7.0,1.1428571428571428,111.0,97.125,111.14285714285714,95.14285714285714,,,,,False,14.403527934149809,24.879295997777422,33.122812668609285,11.87,13.395,15.645,2.1,2.4,2.9,26,True
M3,44.0,7.0,mainshock_window,2.5,388,4,383,7.0,7.0,0.5714285714285714,54.714285714285715,95.75,54.857142857142854,48.57142857142857,,,,,False,15.005578892803033,25.298527621752786,33.55314933733348,12.1325,13.64,15.8325,2.7,2.95,3.4,26,True
M3,44.0,7.0,stratified,,2091,55,2035,7.0,7.0,7.857142857142857,290.7142857142857,37.0,290.85714285714283,218.0,,,,,False,13.215966531711084,22.93216523281849,28.693796546200645,11.504999999999999,13.14,14.925,1.4,1.7,2.2,26,True
M3,44.0,7.0,stratified,1.2,1889,39,1849,7.0,7.0,5.571428571428571,264.14285714285717,47.410256410256416,264.2857142857143,204.71428571428572,,,,,False,13.256358377938229,23.227281497726278,29.018065868126335,11.46,13.18,15.04,1.5,1.8,2.3,26,True
M3,44.0,7.0,stratified,1.5,1444,20,1423,7.0,7.0,2.857142857142857,203.28571428571428,71.14999999999999,203.42857142857142,164.42857142857142,,,,,False,13.481324692195765,23.87491994833166,29.546321373221538,11.53,13.195,15.0925,1.7,2.0,2.5,26,True
M3,44.0,7.0,stratified,2.0,761,4,756,7.0,7.0,0.5714285714285714,108.0,189.0,108.14285714285714,93.28571428571429,,,,,False,14.297351562391992,24.717305973026278,31.11143734717365,11.82,13.3,15.26,2.1,2.4,2.9,26,True
M3,44.0,7.0,stratified,2.5,375,1,373,7.0,7.0,0.14285714285714285,53.285714285714285,373.0,53.42857142857143,47.57142857142857,,,,,False,14.72979381735767,25.25105036645591,32.971354248270465,12.059999999999999,13.49,15.66,2.7,2.9,3.4,26,True
M3,44.0,30.0,all,,2873,378,2494,30.0,30.0,12.6,83.13333333333334,6.597883597883599,260.0,13.428571428571429,,,,,False,14.23950316217374,24.436871236174458,34.37019765076206,11.12,12.99,14.86,1.3,1.6,2.1,26,True
M3,44.0,30.0,all,1.2,2533,315,2217,30.0,30.0,10.5,73.9,7.038095238095239,238.71428571428572,11.214285714285715,,,,,False,14.297351562391992,24.554302057338955,34.695354460745165,11.02,13.0,14.9,1.4,1.7,2.2,26,True
M3,44.0,30.0,all,1.5,1883,203,1679,30.0,30.0,6.766666666666667,55.96666666666667,8.270935960591133,187.42857142857142,6.714285714285714,,,,,False,14.364398185842091,24.873588380400996,35.18915704436937,11.21,13.13,15.065000000000001,1.6,2.0,2.5,26,True
M3,44.0,30.0,all,2.0,944,88,855,30.0,30.0,2.933333333333333,28.5,9.715909090909092,102.0,2.357142857142857,,,,,False,15.362531961754346,25.672468738627117,36.09204434524277,11.84,13.36,15.41,2.2,2.5,2.9,26,True
M3,44.0,30.0,all,2.5,473,47,425,30.0,30.0,1.5666666666666667,14.166666666666666,9.042553191489361,51.0,1.0714285714285714,,,,,False,16.50156013422092,26.306523201376063,36.461800677739696,12.13,13.52,15.65,2.6,2.9,3.4,26,True
M3,44.0,30.0,mainshock_window,,2873,378,2494,30.0,30.0,12.6,83.13333333333334,6.597883597883599,260.0,13.428571428571429,,,,,False,14.23950316217374,24.436871236174458,34.37019765076206,11.12,12.99,14.86,1.3,1.6,2.1,26,True
M3,44.0,30.0,mainshock_window,1.2,2533,315,2217,30.0,30.0,10.5,73.9,7.038095238095239,238.71428571428572,11.214285714285715,,,,,False,14.297351562391992,24.554302057338955,34.695354460745165,11.02,13.0,14.9,1.4,1.7,2.2,26,True
M3,44.0,30.0,mainshock_window,1.5,1883,203,1679,30.0,30.0,6.766666666666667,55.96666666666667,8.270935960591133,187.42857142857142,6.714285714285714,,,,,False,14.364398185842091,24.873588380400996,35.18915704436937,11.21,13.13,15.065000000000001,1.6,2.0,2.5,26,True
M3,44.0,30.0,mainshock_window,2.0,944,88,855,30.0,30.0,2.933333333333333,28.5,9.715909090909092,102.0,2.357142857142857,,,,,False,15.362531961754346,25.672468738627117,36.09204434524277,11.84,13.36,15.41,2.2,2.5,2.9,26,True
M3,44.0,30.0,mainshock_window,2.5,473,47,425,30.0,30.0,1.5666666666666667,14.166666666666666,9.042553191489361,51.0,1.0714285714285714,,,,,False,16.50156013422092,26.306523201376063,36.461800677739696,12.13,13.52,15.65,2.6,2.9,3.4,26,True
M3,44.0,30.0,stratified,,2787,369,2417,30.0,30.0,12.3,80.56666666666666,6.550135501355013,253.42857142857142,13.142857142857142,,,,,False,14.009456745751923,24.102925393815575,33.353168375274436,11.015,12.92,14.645,1.3,1.6,2.1,26,True
M3,44.0,30.0,stratified,1.2,2470,310,2159,30.0,30.0,10.333333333333334,71.96666666666667,6.9645161290322575,234.14285714285714,11.142857142857142,,,,,False,14.08971705439989,24.351794753288758,34.20822031303763,10.9225,12.93,14.71,1.4,1.7,2.2,26,True
M3,44.0,30.0,stratified,1.5,1830,198,1631,30.0,30.0,6.6,54.36666666666667,8.237373737373737,183.28571428571428,6.642857142857143,,,,,False,14.22353681978487,24.710689020527273,34.79120533934347,11.11,13.045,14.805,1.6,2.0,2.5,26,True
M3,44.0,30.0,stratified,2.0,917,83,833,30.0,30.0,2.7666666666666666,27.766666666666666,10.036144578313253,100.0,2.2857142857142856,,,,,False,14.769280740238367,25.395834883670556,35.6725440644957,11.78,13.28,15.2,2.2,2.5,2.9,26,True
M3,44.0,30.0,stratified,2.5,459,43,415,30.0,30.0,1.4333333333333333,13.833333333333334,9.651162790697676,50.142857142857146,1.0,,,,,False,15.882391907246467,26.28174351718012,36.417584279483094,12.059999999999999,13.48,15.379999999999999,2.6,2.9,3.4,26,True
M3,44.0,60.0,all,,2964,469,2494,60.0,60.0,7.816666666666666,41.56666666666667,5.31769722814499,293.14285714285717,2.2857142857142856,,,,,False,14.425075755181798,24.599971949866372,34.80237365541659,11.13,12.97,14.84,1.3,1.6,2.1,26,True
M3,44.0,60.0,all,1.2,2615,397,2217,60.0,60.0,6.616666666666666,36.95,5.5843828715365245,265.57142857142856,2.0,,,,,False,14.47958777175894,24.736786305345607,34.99846950045798,11.03,12.97,14.84,1.4,1.7,2.2,26,True
M3,44.0,60.0,all,1.5,1941,261,1679,60.0,60.0,4.35,27.983333333333334,6.432950191570882,205.71428571428572,1.2857142857142858,,,,,False,14.599173396515777,25.059694241573364,35.44603591722986,11.21,13.1,15.0,1.6,2.0,2.5,26,True
M3,44.0,60.0,all,2.0,974,118,855,60.0,60.0,1.9666666666666666,14.25,7.2457627118644075,109.71428571428571,0.7142857142857143,,,,,False,15.756494175456016,26.000138045201624,36.22747685441318,11.84,13.295,15.32,2.2,2.5,2.9,26,True
M3,44.0,60.0,all,2.5,488,62,425,60.0,60.0,1.0333333333333334,7.083333333333333,6.854838709677418,54.285714285714285,0.2857142857142857,,,,,False,16.656819892716836,26.590144591265744,36.55511260370649,12.17,13.49,15.565000000000001,2.6750000000000003,2.9,3.4,26,True
M3,44.0,60.0,mainshock_window,,2964,469,2494,60.0,60.0,7.816666666666666,41.56666666666667,5.31769722814499,293.14285714285717,2.2857142857142856,,,,,False,14.425075755181798,24.599971949866372,34.80237365541659,11.13,12.97,14.84,1.3,1.6,2.1,26,True
M3,44.0,60.0,mainshock_window,1.2,2615,397,2217,60.0,60.0,6.616666666666666,36.95,5.5843828715365245,265.57142857142856,2.0,,,,,False,14.47958777175894,24.736786305345607,34.99846950045798,11.03,12.97,14.84,1.4,1.7,2.2,26,True
M3,44.0,60.0,mainshock_window,1.5,1941,261,1679,60.0,60.0,4.35,27.983333333333334,6.432950191570882,205.71428571428572,1.2857142857142858,,,,,False,14.599173396515777,25.059694241573364,35.44603591722986,11.21,13.1,15.0,1.6,2.0,2.5,26,True
M3,44.0,60.0,mainshock_window,2.0,974,118,855,60.0,60.0,1.9666666666666666,14.25,7.2457627118644075,109.71428571428571,0.7142857142857143,,,,,False,15.756494175456016,26.000138045201624,36.22747685441318,11.84,13.295,15.32,2.2,2.5,2.9,26,True
M3,44.0,60.0,mainshock_window,2.5,488,62,425,60.0,60.0,1.0333333333333334,7.083333333333333,6.854838709677418,54.285714285714285,0.2857142857142857,,,,,False,16.656819892716836,26.590144591265744,36.55511260370649,12.17,13.49,15.565000000000001,2.6750000000000003,2.9,3.4,26,True
M3,44.0,60.0,stratified,,2872,454,2417,60.0,60.0,7.566666666666666,40.28333333333333,5.323788546255506,284.57142857142856,2.142857142857143,,,,,False,14.231065045828409,24.42116520257085,34.24674645307708,11.0275,12.89,14.5525,1.3,1.6,2.1,26,True
M3,44.0,60.0,stratified,1.2,2548,388,2159,60.0,60.0,6.466666666666667,35.983333333333334,5.564432989690721,259.0,2.0,,,,,False,14.335206670214593,24.591324683762288,34.61694369730195,10.94,12.9,14.66,1.4,1.7,2.2,26,True
M3,44.0,60.0,stratified,1.5,1887,255,1631,60.0,60.0,4.25,27.183333333333334,6.396078431372549,199.85714285714286,1.2857142857142858,,,,,False,14.364398185842091,24.907937951581633,35.01361184975911,11.11,13.0,14.765,1.6,2.0,2.5,26,True
M3,44.0,60.0,stratified,2.0,947,113,833,60.0,60.0,1.8833333333333333,13.883333333333333,7.371681415929204,106.71428571428571,0.5714285714285714,,,,,False,15.350658636104551,25.775919436998635,35.985041590621044,11.774999999999999,13.26,15.12,2.2,2.5,2.9,26,True
M3,44.0,60.0,stratified,2.5,474,58,415,60.0,60.0,0.9666666666666667,6.916666666666667,7.155172413793104,52.857142857142854,0.14285714285714285,,,,,False,16.321080929942386,26.53705681218112,36.47269026534434,12.094999999999999,13.47,15.32,2.6,2.9,3.4,26,True
M3,44.0,90.0,all,,3103,608,2494,90.0,90.0,6.7555555555555555,27.711111111111112,4.1019736842105265,252.14285714285714,2.2857142857142856,,,,,False,14.665830298477104,24.781295434790714,35.02261565222897,11.11,12.94,14.82,1.3,1.6,2.1,26,True
M3,44.0,90.0,all,1.2,2737,519,2217,90.0,90.0,5.766666666666667,24.633333333333333,4.271676300578035,232.14285714285714,2.0,,,,,False,14.709707787735823,24.88500361515385,35.40674111922965,11.01,12.94,14.82,1.4,1.7,2.2,26,True
M3,44.0,90.0,all,1.5,2028,348,1679,90.0,90.0,3.8666666666666667,18.655555555555555,4.82471264367816,182.71428571428572,1.3571428571428572,,,,,False,15.000843642140893,25.289653192197317,35.90107919889756,11.1975,13.06,14.92,1.6,1.9,2.4,26,True
M3,44.0,90.0,all,2.0,1008,152,855,90.0,90.0,1.6888888888888889,9.5,5.625,100.85714285714286,0.5714285714285714,,,,,False,15.847234892275356,26.160217532182756,36.304972632266015,11.8275,13.29,15.2325,2.2,2.4,2.9,26,True
M3,44.0,90.0,all,2.5,502,76,425,90.0,90.0,0.8444444444444444,4.722222222222222,5.592105263157895,50.714285714285715,0.14285714285714285,,,,,False,16.52844444584499,26.627314627610396,36.64408342028924,12.15,13.49,15.467500000000001,2.7,2.9,3.4,26,True
M3,44.0,90.0,mainshock_window,,3103,608,2494,90.0,90.0,6.7555555555555555,27.711111111111112,4.1019736842105265,252.14285714285714,2.2857142857142856,,,,,False,14.665830298477104,24.781295434790714,35.02261565222897,11.11,12.94,14.82,1.3,1.6,2.1,26,True
M3,44.0,90.0,mainshock_window,1.2,2737,519,2217,90.0,90.0,5.766666666666667,24.633333333333333,4.271676300578035,232.14285714285714,2.0,,,,,False,14.709707787735823,24.88500361515385,35.40674111922965,11.01,12.94,14.82,1.4,1.7,2.2,26,True
M3,44.0,90.0,mainshock_window,1.5,2028,348,1679,90.0,90.0,3.8666666666666667,18.655555555555555,4.82471264367816,182.71428571428572,1.3571428571428572,,,,,False,15.000843642140893,25.289653192197317,35.90107919889756,11.1975,13.06,14.92,1.6,1.9,2.4,26,True
M3,44.0,90.0,mainshock_window,2.0,1008,152,855,90.0,90.0,1.6888888888888889,9.5,5.625,100.85714285714286,0.5714285714285714,,,,,False,15.847234892275356,26.160217532182756,36.304972632266015,11.8275,13.29,15.2325,2.2,2.4,2.9,26,True
M3,44.0,90.0,mainshock_window,2.5,502,76,425,90.0,90.0,0.8444444444444444,4.722222222222222,5.592105263157895,50.714285714285715,0.14285714285714285,,,,,False,16.52844444584499,26.627314627610396,36.64408342028924,12.15,13.49,15.467500000000001,2.7,2.9,3.4,26,True
M3,44.0,90.0,stratified,,3005,587,2417,90.0,90.0,6.522222222222222,26.855555555555554,4.117546848381601,245.85714285714286,2.142857142857143,,,,,False,14.388071240277968,24.59915405445358,34.602126986410184,11.0,12.86,14.53,1.3,1.6,2.1,26,True
M3,44.0,90.0,stratified,1.2,2665,505,2159,90.0,90.0,5.611111111111111,23.988888888888887,4.2752475247524755,227.71428571428572,1.8571428571428572,,,,,False,14.495974494443233,24.781295434790714,34.98220025140039,10.93,12.86,14.57,1.4,1.7,2.2,26,True
M3,44.0,90.0,stratified,1.5,1970,338,1631,90.0,90.0,3.7555555555555555,18.122222222222224,4.825443786982249,178.71428571428572,1.2857142857142858,,,,,False,14.565020772724278,25.113785700303758,35.41490697697564,11.1,12.955,14.717500000000001,1.6,1.9,2.4,26,True
M3,44.0,90.0,stratified,2.0,979,145,833,90.0,90.0,1.6111111111111112,9.255555555555556,5.744827586206897,98.85714285714286,0.5714285714285714,,,,,False,15.5800282345511,25.99974146147086,36.11009836242671,11.74,13.25,15.085,2.2,2.4,2.9,26,True
M3,44.0,90.0,stratified,2.5,488,72,415,90.0,90.0,0.8,4.611111111111111,5.763888888888888,49.857142857142854,0.14285714285714285,,,,,False,15.921858307808144,26.585381235668926,36.55511260370649,12.0875,13.47,15.215,2.7,2.9,3.4,26,True
M3,50.0,7.0,all,,2335,72,2262,7.0,7.0,10.285714285714286,323.14285714285717,31.416666666666668,323.2857142857143,241.28571428571428,,,,,False,14.095715120269507,24.36673678216384,34.539890140691945,11.475000000000001,13.2,15.28,1.4,1.7,2.2,26,True
M3,50.0,7.0,all,1.2,2108,54,2053,7.0,7.0,7.714285714285714,293.2857142857143,38.01851851851852,293.42857142857144,225.85714285714286,,,,,False,14.219264056988766,24.58941886284436,34.991764834053434,11.37,13.2,15.2625,1.5,1.8,2.3,26,True
M3,50.0,7.0,all,1.5,1638,31,1606,7.0,7.0,4.428571428571429,229.42857142857142,51.80645161290322,229.57142857142858,183.42857142857142,,,,,False,14.390240180367487,25.040585291767396,36.237794849723755,11.46,13.22,15.45,1.7,2.0,2.5,26,True
M3,50.0,7.0,all,2.0,860,9,850,7.0,7.0,1.2857142857142858,121.42857142857143,94.44444444444444,121.57142857142857,103.57142857142857,,,,,False,15.597815218887563,25.898240452652637,36.666782273746556,11.717500000000001,13.335,15.655000000000001,2.1,2.4,2.9,26,True
M3,50.0,7.0,all,2.5,415,4,410,7.0,7.0,0.5714285714285714,58.57142857142857,102.5,58.714285714285715,52.42857142857143,,,,,False,15.919202820400134,26.10220889002643,36.31325043154613,12.1,13.65,15.895,2.7,3.0,3.4,26,True
M3,50.0,7.0,mainshock_window,,2335,72,2262,7.0,7.0,10.285714285714286,323.14285714285717,31.416666666666668,323.2857142857143,241.28571428571428,,,,,False,14.095715120269507,24.36673678216384,34.539890140691945,11.475000000000001,13.2,15.28,1.4,1.7,2.2,26,True
M3,50.0,7.0,mainshock_window,1.2,2108,54,2053,7.0,7.0,7.714285714285714,293.2857142857143,38.01851851851852,293.42857142857144,225.85714285714286,,,,,False,14.219264056988766,24.58941886284436,34.991764834053434,11.37,13.2,15.2625,1.5,1.8,2.3,26,True
M3,50.0,7.0,mainshock_window,1.5,1638,31,1606,7.0,7.0,4.428571428571429,229.42857142857142,51.80645161290322,229.57142857142858,183.42857142857142,,,,,False,14.390240180367487,25.040585291767396,36.237794849723755,11.46,13.22,15.45,1.7,2.0,2.5,26,True
M3,50.0,7.0,mainshock_window,2.0,860,9,850,7.0,7.0,1.2857142857142858,121.42857142857143,94.44444444444444,121.57142857142857,103.57142857142857,,,,,False,15.597815218887563,25.898240452652637,36.666782273746556,11.717500000000001,13.335,15.655000000000001,2.1,2.4,2.9,26,True
M3,50.0,7.0,mainshock_window,2.5,415,4,410,7.0,7.0,0.5714285714285714,58.57142857142857,102.5,58.714285714285715,52.42857142857143,,,,,False,15.919202820400134,26.10220889002643,36.31325043154613,12.1,13.65,15.895,2.7,3.0,3.4,26,True
M3,50.0,7.0,stratified,,2229,67,2161,7.0,7.0,9.571428571428571,308.7142857142857,32.25373134328358,308.85714285714283,231.42857142857142,,,,,False,13.781343674239123,23.910581875348836,32.5574287363624,11.33,13.08,14.89,1.4,1.7,2.2,26,True
M3,50.0,7.0,stratified,1.2,2024,50,1973,7.0,7.0,7.142857142857143,281.85714285714283,39.459999999999994,282.0,217.85714285714286,,,,,False,13.892223695140553,24.19323524467106,33.726813272799795,11.2575,13.11,14.9525,1.5,1.8,2.3,26,True
M3,50.0,7.0,stratified,1.5,1566,27,1538,7.0,7.0,3.857142857142857,219.71428571428572,56.96296296296296,219.85714285714286,176.42857142857142,,,,,False,14.215284455287762,24.737589304218027,34.80290958746171,11.3,13.12,15.0375,1.7,2.0,2.5,26,True
M3,50.0,7.0,stratified,2.0,826,5,820,7.0,7.0,0.7142857142857143,117.14285714285714,164.0,117.28571428571429,100.57142857142857,,,,,False,14.83910437424367,25.40277478930303,36.19047255393313,11.622499999999999,13.245000000000001,15.21,2.1,2.4,2.9,26,True
M3,50.0,7.0,stratified,2.5,398,1,396,7.0,7.0,0.14285714285714285,56.57142857142857,396.0,56.714285714285715,50.857142857142854,,,,,False,15.444586886610082,25.763507400734152,35.79041717840293,12.04,13.49,15.665,2.7,2.9,3.4,26,True
M3,50.0,30.0,all,,3328,550,2777,30.0,30.0,18.333333333333332,92.56666666666666,5.049090909090909,279.7142857142857,16.642857142857142,,,,,False,15.74277415666388,25.910670570775228,38.072665106380434,10.5775,12.89,14.8425,1.3,1.7,2.2,26,True
M3,50.0,30.0,all,1.2,2954,467,2486,30.0,30.0,15.566666666666666,82.86666666666666,5.323340471092076,257.57142857142856,14.142857142857142,,,,,False,15.85372767667923,26.180193071893044,38.44159470203847,10.43,12.88,14.84,1.5,1.7,2.2,26,True
M3,50.0,30.0,all,1.5,2232,317,1914,30.0,30.0,10.566666666666666,63.8,6.037854889589905,204.57142857142858,8.785714285714285,,,,,False,16.68036000197931,26.853025251641505,39.272064108832275,10.524999999999999,12.99,14.9825,1.7,2.0,2.4,26,True
M3,50.0,30.0,all,2.0,1118,145,972,30.0,30.0,4.833333333333333,32.4,6.703448275862069,111.57142857142857,3.071428571428571,,,,,False,17.447392782491875,27.557123552210943,39.42399312724015,11.3925,13.27,15.254999999999999,2.2,2.4,2.9,26,True
M3,50.0,30.0,all,2.5,555,81,473,30.0,30.0,2.7,15.766666666666667,5.839506172839506,54.857142857142854,1.2857142857142856,,,,,False,18.35458609808562,28.129050239811946,39.327403882662814,11.934999999999999,13.49,15.575,2.6,2.9,3.4,26,True
M3,50.0,30.0,mainshock_window,,3328,550,2777,30.0,30.0,18.333333333333332,92.56666666666666,5.049090909090909,279.7142857142857,16.642857142857142,,,,,False,15.74277415666388,25.910670570775228,38.072665106380434,10.5775,12.89,14.8425,1.3,1.7,2.2,26,True
M3,50.0,30.0,mainshock_window,1.2,2954,467,2486,30.0,30.0,15.566666666666666,82.86666666666666,5.323340471092076,257.57142857142856,14.142857142857142,,,,,False,15.85372767667923,26.180193071893044,38.44159470203847,10.43,12.88,14.84,1.5,1.7,2.2,26,True
M3,50.0,30.0,mainshock_window,1.5,2232,317,1914,30.0,30.0,10.566666666666666,63.8,6.037854889589905,204.57142857142858,8.785714285714285,,,,,False,16.68036000197931,26.853025251641505,39.272064108832275,10.524999999999999,12.99,14.9825,1.7,2.0,2.4,26,True
M3,50.0,30.0,mainshock_window,2.0,1118,145,972,30.0,30.0,4.833333333333333,32.4,6.703448275862069,111.57142857142857,3.071428571428571,,,,,False,17.447392782491875,27.557123552210943,39.42399312724015,11.3925,13.27,15.254999999999999,2.2,2.4,2.9,26,True
M3,50.0,30.0,mainshock_window,2.5,555,81,473,30.0,30.0,2.7,15.766666666666667,5.839506172839506,54.857142857142854,1.2857142857142856,,,,,False,18.35458609808562,28.129050239811946,39.327403882662814,11.934999999999999,13.49,15.575,2.6,2.9,3.4,26,True
M3,50.0,30.0,stratified,,3195,541,2653,30.0,30.0,18.033333333333335,88.43333333333334,4.903881700554528,268.14285714285717,16.357142857142858,,,,,False,15.29165623246153,25.487382683613745,37.5694488411537,10.405000000000001,12.76,14.47,1.4,1.7,2.2,26,True
M3,50.0,30.0,stratified,1.2,2853,462,2390,30.0,30.0,15.4,79.66666666666667,5.1731601731601735,248.71428571428572,14.071428571428573,,,,,False,15.548865731497537,25.852281220571086,37.964339229566136,10.12,12.76,14.54,1.5,1.7,2.2,26,True
M3,50.0,30.0,stratified,1.5,2150,312,1837,30.0,30.0,10.4,61.233333333333334,5.887820512820513,196.85714285714286,8.714285714285715,,,,,False,15.948628119967989,26.46284312350164,38.83406341518868,10.25,12.864999999999998,14.6575,1.7,2.0,2.4,26,True
M3,50.0,30.0,stratified,2.0,1081,140,940,30.0,30.0,4.666666666666667,31.333333333333332,6.7142857142857135,108.28571428571429,3.0,,,,,False,17.048077162268772,27.244456765788165,39.07679306910051,11.33,13.21,15.07,2.2,2.4,2.9,26,True
M3,50.0,30.0,stratified,2.5,536,77,458,30.0,30.0,2.566666666666667,15.266666666666667,5.948051948051948,53.42857142857143,1.2142857142857144,,,,,False,17.750649350655703,27.725682136588418,39.07918384311722,11.8475,13.46,15.299999999999999,2.6,2.9,3.4,26,True
M3,50.0,60.0,all,,3486,708,2777,60.0,60.0,11.8,46.28333333333333,3.9223163841807906,315.7142857142857,4.428571428571429,,,,,False,16.454482015238696,26.281457629203523,38.564868447627475,10.6525,12.864999999999998,14.84,1.3,1.7,2.2,26,True
M3,50.0,60.0,all,1.2,3101,614,2486,60.0,60.0,10.233333333333333,41.43333333333333,4.04885993485342,287.2857142857143,3.857142857142857,,,,,False,16.69524555790816,26.683194183575715,39.03941853273637,10.5,12.85,14.84,1.5,1.7,2.2,26,True
M3,50.0,60.0,all,1.5,2336,421,1914,60.0,60.0,7.016666666666667,31.9,4.546318289786223,225.28571428571428,2.0,,,,,False,17.270524255732685,27.240749377026972,39.57614677828437,10.6575,12.94,14.92,1.7,2.0,2.4,26,True
M3,50.0,60.0,all,2.0,1171,198,972,60.0,60.0,3.3,16.2,4.909090909090909,119.71428571428571,1.1428571428571428,,,,,False,18.077619473684496,28.206481260810218,39.810201651450654,11.465,13.25,15.22,2.2,2.4,2.9,26,True
M3,50.0,60.0,all,2.5,582,108,473,60.0,60.0,1.8,7.883333333333334,4.37962962962963,58.142857142857146,0.5714285714285714,,,,,False,18.642482044544387,28.81955856133122,39.56572536507424,11.9575,13.49,15.5675,2.6,2.9,3.4,26,True
M3,50.0,60.0,mainshock_window,,3486,708,2777,60.0,60.0,11.8,46.28333333333333,3.9223163841807906,315.7142857142857,4.428571428571429,,,,,False,16.454482015238696,26.281457629203523,38.564868447627475,10.6525,12.864999999999998,14.84,1.3,1.7,2.2,26,True
M3,50.0,60.0,mainshock_window,1.2,3101,614,2486,60.0,60.0,10.233333333333333,41.43333333333333,4.04885993485342,287.2857142857143,3.857142857142857,,,,,False,16.69524555790816,26.683194183575715,39.03941853273637,10.5,12.85,14.84,1.5,1.7,2.2,26,True
M3,50.0,60.0,mainshock_window,1.5,2336,421,1914,60.0,60.0,7.016666666666667,31.9,4.546318289786223,225.28571428571428,2.0,,,,,False,17.270524255732685,27.240749377026972,39.57614677828437,10.6575,12.94,14.92,1.7,2.0,2.4,26,True
M3,50.0,60.0,mainshock_window,2.0,1171,198,972,60.0,60.0,3.3,16.2,4.909090909090909,119.71428571428571,1.1428571428571428,,,,,False,18.077619473684496,28.206481260810218,39.810201651450654,11.465,13.25,15.22,2.2,2.4,2.9,26,True
M3,50.0,60.0,mainshock_window,2.5,582,108,473,60.0,60.0,1.8,7.883333333333334,4.37962962962963,58.142857142857146,0.5714285714285714,,,,,False,18.642482044544387,28.81955856133122,39.56572536507424,11.9575,13.49,15.5675,2.6,2.9,3.4,26,True
M3,50.0,60.0,stratified,,3344,690,2653,60.0,60.0,11.5,44.21666666666667,3.8449275362318844,301.7142857142857,4.0,,,,,False,15.782290426877847,25.921082224761392,38.007898268980995,10.44,12.74,14.4325,1.4,1.7,2.2,26,True
M3,50.0,60.0,stratified,1.2,2993,602,2390,60.0,60.0,10.033333333333333,39.833333333333336,3.9700996677740865,276.0,3.4285714285714284,,,,,False,16.077197917827885,26.279428689367045,38.448648470901304,10.31,12.74,14.51,1.5,1.7,2.2,26,True
M3,50.0,60.0,stratified,1.5,2251,413,1837,60.0,60.0,6.883333333333334,30.616666666666667,4.447941888619854,215.71428571428572,2.0,,,,,False,16.744272356735337,26.921049263665385,39.25014110535281,10.405000000000001,12.84,14.575,1.7,2.0,2.4,26,True
M3,50.0,60.0,stratified,2.0,1132,191,940,60.0,60.0,3.183333333333333,15.666666666666666,4.9214659685863875,115.42857142857143,0.7142857142857143,,,,,False,17.58600258318235,27.782100638836035,39.41982163773441,11.3575,13.19,15.05,2.2,2.4,2.9,26,True
M3,50.0,60.0,stratified,2.5,562,103,458,60.0,60.0,1.7166666666666666,7.633333333333334,4.4466019417475735,56.142857142857146,0.42857142857142855,,,,,False,18.397858050384308,28.616487956518167,39.368576087603685,11.8825,13.455,15.274999999999999,2.6,2.9,3.4,26,True
M3,50.0,90.0,all,,3654,876,2777,90.0,90.0,9.733333333333333,30.855555555555554,3.1700913242009134,271.0,3.7142857142857144,,,,,False,16.827283959447172,26.585381235668926,38.869805006617085,10.6425,12.83,14.81,1.3,1.65,2.1750000000000003,26,True
M3,50.0,90.0,all,1.2,3251,764,2486,90.0,90.0,8.488888888888889,27.622222222222224,3.253926701570681,250.28571428571428,3.3571428571428568,,,,,False,17.123107479764986,26.970747627819602,39.23730180862755,10.47,12.8,14.81,1.5,1.7,2.2,26,True
M3,50.0,90.0,all,1.5,2444,529,1914,90.0,90.0,5.877777777777778,21.266666666666666,3.6181474480151223,199.28571428571428,2.428571428571429,,,,,False,17.52005981467221,27.644620709428942,39.7162378552368,10.6325,12.9,14.865,1.6,1.9,2.4,26,True
M3,50.0,90.0,all,2.0,1213,240,972,90.0,90.0,2.6666666666666665,10.8,4.050000000000001,109.85714285714286,0.7857142857142857,,,,,False,18.30457842851583,28.491598333052778,39.870510406581865,11.48,13.24,15.21,2.2,2.4,2.9,26,True
M3,50.0,90.0,all,2.5,599,125,473,90.0,90.0,1.3888888888888888,5.2555555555555555,3.7840000000000003,54.57142857142857,0.2857142857142857,,,,,False,18.60482669140914,29.043419020315245,39.63694840824829,11.945,13.48,15.48,2.6,2.9,3.4,26,True
M3,50.0,90.0,mainshock_window,,3654,876,2777,90.0,90.0,9.733333333333333,30.855555555555554,3.1700913242009134,271.0,3.7142857142857144,,,,,False,16.827283959447172,26.585381235668926,38.869805006617085,10.6425,12.83,14.81,1.3,1.65,2.1750000000000003,26,True
M3,50.0,90.0,mainshock_window,1.2,3251,764,2486,90.0,90.0,8.488888888888889,27.622222222222224,3.253926701570681,250.28571428571428,3.3571428571428568,,,,,False,17.123107479764986,26.970747627819602,39.23730180862755,10.47,12.8,14.81,1.5,1.7,2.2,26,True
M3,50.0,90.0,mainshock_window,1.5,2444,529,1914,90.0,90.0,5.877777777777778,21.266666666666666,3.6181474480151223,199.28571428571428,2.428571428571429,,,,,False,17.52005981467221,27.644620709428942,39.7162378552368,10.6325,12.9,14.865,1.6,1.9,2.4,26,True
M3,50.0,90.0,mainshock_window,2.0,1213,240,972,90.0,90.0,2.6666666666666665,10.8,4.050000000000001,109.85714285714286,0.7857142857142857,,,,,False,18.30457842851583,28.491598333052778,39.870510406581865,11.48,13.24,15.21,2.2,2.4,2.9,26,True
M3,50.0,90.0,mainshock_window,2.5,599,125,473,90.0,90.0,1.3888888888888888,5.2555555555555555,3.7840000000000003,54.57142857142857,0.2857142857142857,,,,,False,18.60482669140914,29.043419020315245,39.63694840824829,11.945,13.48,15.48,2.6,2.9,3.4,26,True
M3,50.0,90.0,stratified,,3504,850,2653,90.0,90.0,9.444444444444445,29.477777777777778,3.121176470588235,260.14285714285717,3.4285714285714284,,,,,False,16.218052693067307,26.160217532182756,38.26596131337607,10.4275,12.71,14.39,1.4,1.7,2.2,26,True
M3,50.0,90.0,stratified,1.2,3136,745,2390,90.0,90.0,8.277777777777779,26.555555555555557,3.208053691275168,241.85714285714286,3.071428571428571,,,,,False,16.54382079716813,26.62543247498721,38.78512181953165,10.2775,12.71,14.4525,1.5,1.7,2.2,26,True
M3,50.0,90.0,stratified,1.5,2353,515,1837,90.0,90.0,5.722222222222222,20.41111111111111,3.566990291262136,191.85714285714286,2.071428571428571,,,,,False,17.105313920319368,27.125102944602755,39.40730800353025,10.39,12.78,14.53,1.6,1.9,2.4,26,True
M3,50.0,90.0,stratified,2.0,1171,230,940,90.0,90.0,2.5555555555555554,10.444444444444445,4.086956521739131,106.71428571428571,0.6428571428571428,,,,,False,17.7202308204521,27.970275036363173,39.508228407947115,11.36,13.17,15.004999999999999,2.2,2.4,2.9,26,True
M3,50.0,90.0,stratified,2.5,579,120,458,90.0,90.0,1.3333333333333333,5.088888888888889,3.8166666666666664,53.142857142857146,0.2857142857142857,,,,,False,18.35458609808562,28.765015363017092,39.46026380963036,11.855,13.44,15.21,2.6,2.9,3.4,26,True
M3,80.0,7.0,all,,3045,172,2872,7.0,7.0,24.571428571428573,410.2857142857143,16.69767441860465,410.42857142857144,289.85714285714283,,,,,False,17.319323454900893,27.600666606755432,48.60545443544056,10.31,13.1,15.89,1.3,1.7,2.2,26,True
M3,80.0,7.0,all,1.2,2635,101,2533,7.0,7.0,14.428571428571429,361.85714285714283,25.079207920792076,362.0,265.57142857142856,,,,,False,16.80683720810756,27.135679884158108,46.09960318095182,10.565000000000001,13.16,15.77,1.5,1.8,2.3,26,True
M3,80.0,7.0,all,1.5,1999,63,1935,7.0,7.0,9.0,276.42857142857144,30.714285714285715,276.57142857142856,212.71428571428572,,,,,False,17.126822235511924,27.41541701704287,44.31933252656161,10.85,13.2,15.885000000000002,1.7,2.0,2.5,26,True
M3,80.0,7.0,all,2.0,1028,22,1005,7.0,7.0,3.142857142857143,143.57142857142858,45.68181818181819,143.71428571428572,119.42857142857143,,,,,False,17.73029272337276,27.896673207757892,42.75069989850881,11.5175,13.39,16.01,2.2,2.4,2.9,26,True
M3,80.0,7.0,all,2.5,502,13,488,7.0,7.0,1.8571428571428572,69.71428571428571,37.53846153846153,69.85714285714286,60.57142857142857,,,,,False,18.397858050384308,27.725682136588418,41.69977928105091,11.942499999999999,13.72,16.4575,2.7,3.0,3.3,26,True
M3,80.0,7.0,mainshock_window,,3020,170,2849,7.0,7.0,24.285714285714285,407.0,16.758823529411764,407.14285714285717,288.0,,,,,False,17.248930408576218,27.41954127182554,48.24909973533603,10.2075,13.08,15.7425,1.3,1.7,2.2,26,True
M3,80.0,7.0,mainshock_window,1.2,2626,101,2524,7.0,7.0,14.428571428571429,360.57142857142856,24.990099009900987,360.7142857142857,264.85714285714283,,,,,False,16.7466439805314,27.10047011246376,45.85110168981775,10.5425,13.14,15.715,1.5,1.8,2.3,26,True
M3,80.0,7.0,mainshock_window,1.5,1992,63,1928,7.0,7.0,9.0,275.42857142857144,30.603174603174605,275.57142857142856,212.0,,,,,False,17.09100473080672,27.339429488542812,44.1610813486985,10.8375,13.2,15.8025,1.7,2.0,2.5,26,True
M3,80.0,7.0,mainshock_window,2.0,1027,22,1004,7.0,7.0,3.142857142857143,143.42857142857142,45.63636363636363,143.57142857142858,119.28571428571429,,,,,False,17.7202308204521,27.892791339708797,42.72567427181424,11.515,13.39,16.01,2.2,2.4,2.9,26,True
M3,80.0,7.0,mainshock_window,2.5,502,13,488,7.0,7.0,1.8571428571428572,69.71428571428571,37.53846153846153,69.85714285714286,60.57142857142857,,,,,False,18.397858050384308,27.725682136588418,41.69977928105091,11.942499999999999,13.72,16.4575,2.7,3.0,3.3,26,True
M3,80.0,7.0,stratified,,2740,151,2588,7.0,7.0,21.571428571428573,369.7142857142857,17.13907284768212,369.85714285714283,259.7142857142857,,,,,False,15.680160652011251,26.101124726638048,42.30203369683759,9.45,12.73,14.6425,1.3,1.7,2.2,26,True
M3,80.0,7.0,stratified,1.2,2406,91,2314,7.0,7.0,13.0,330.57142857142856,25.428571428571427,330.7142857142857,242.0,,,,,False,15.539435812103775,25.98792280712291,40.13873773526336,9.855,12.825,14.7675,1.5,1.8,2.3,26,True
M3,80.0,7.0,stratified,1.5,1825,55,1769,7.0,7.0,7.857142857142857,252.71428571428572,32.163636363636364,252.85714285714286,194.28571428571428,,,,,False,15.797611592025453,26.311121603014495,40.01589304299363,10.39,12.93,14.85,1.7,2.0,2.4,26,True
M3,80.0,7.0,stratified,2.0,943,15,927,7.0,7.0,2.142857142857143,132.42857142857142,61.8,132.57142857142858,111.0,,,,,False,16.80683720810756,27.023372641616497,39.42190738248728,11.120000000000001,13.18,15.14,2.1,2.4,2.9,26,True
M3,80.0,7.0,stratified,2.5,452,8,443,7.0,7.0,1.1428571428571428,63.285714285714285,55.375,63.42857142857143,55.42857142857143,,,,,False,16.84308417399755,27.00626489306751,38.966091862024136,11.6,13.43,15.442499999999999,2.7,2.95,3.4,26,True
M3,80.0,30.0,all,,4642,992,3649,30.0,30.0,33.06666666666667,121.63333333333334,3.6784274193548385,350.14285714285717,31.785714285714285,,,,,False,20.798864574709803,36.59298932797137,51.87213584935738,9.0925,12.74,15.434999999999999,1.3,1.6,2.1,26,True
M3,80.0,30.0,all,1.2,3906,767,3138,30.0,30.0,25.566666666666666,104.6,4.091264667535854,314.85714285714283,25.642857142857146,,,,,False,20.13358168113744,35.644747355527485,49.5673831928035,9.2925,12.77,15.26,1.4,1.7,2.2,26,True
M3,80.0,30.0,all,1.5,2868,503,2364,30.0,30.0,16.766666666666666,78.8,4.699801192842942,245.0,15.785714285714285,,,,,False,20.444453796725234,35.84532326342191,48.708909374949094,9.364999999999998,12.934999999999999,15.4025,1.7,1.9,2.4,26,True
M3,80.0,30.0,all,2.0,1419,231,1187,30.0,30.0,7.7,39.56666666666667,5.138528138528139,131.85714285714286,6.357142857142858,,,,,False,22.32122043117556,36.15448237322514,48.111707650002444,10.82,13.28,15.735,2.2,2.4,2.9,26,True
M3,80.0,30.0,all,2.5,693,122,570,30.0,30.0,4.066666666666666,19.0,4.672131147540984,64.85714285714286,3.142857142857143,,,,,False,23.175417888921814,36.24730074203909,47.40319807836266,11.45,13.54,15.9,2.7,2.9,3.3,26,True
M3,80.0,30.0,mainshock_window,,4608,987,3620,30.0,30.0,32.9,120.66666666666667,3.6676798378926043,347.7142857142857,31.57142857142857,,,,,False,20.716149493013948,36.472896316905775,51.41092575750351,9.0275,12.715,15.272499999999999,1.3,1.6,2.1,26,True
M3,80.0,30.0,mainshock_window,1.2,3894,767,3126,30.0,30.0,25.566666666666666,104.2,4.075619295958279,313.85714285714283,25.642857142857146,,,,,False,20.03912893292853,35.50262542905538,49.469937909682876,9.27,12.76,15.225000000000001,1.4,1.7,2.2,26,True
M3,80.0,30.0,mainshock_window,1.5,2858,503,2354,30.0,30.0,16.766666666666666,78.46666666666667,4.679920477137177,244.14285714285714,15.785714285714285,,,,,False,20.398762520299183,35.74225995473388,48.61409637646976,9.3325,12.93,15.35,1.7,1.9,2.4,26,True
M3,80.0,30.0,mainshock_window,2.0,1416,231,1184,30.0,30.0,7.7,39.46666666666667,5.125541125541126,131.71428571428572,6.357142857142858,,,,,False,22.12063018609195,36.097129097949164,48.09313145872187,10.7975,13.27,15.7225,2.2,2.4,2.9,26,True
M3,80.0,30.0,mainshock_window,2.5,691,122,568,30.0,30.0,4.066666666666666,18.933333333333334,4.6557377049180335,64.85714285714286,3.142857142857143,,,,,False,23.08171139273388,36.202469280835786,47.378344011007215,11.415,13.52,15.885000000000002,2.7,2.9,3.3,26,True
M3,80.0,30.0,stratified,,4185,893,3291,30.0,30.0,29.766666666666666,109.7,3.685330347144457,316.0,26.92857142857143,,,,,False,19.351802192364502,33.489045438866775,49.17285409077696,8.53,12.37,14.25,1.3,1.6,2.1,26,True
M3,80.0,30.0,stratified,1.2,3581,705,2875,30.0,30.0,23.5,95.83333333333333,4.078014184397163,288.7142857142857,22.142857142857142,,,,,False,18.780045439521835,32.01884413139698,47.9129329936801,8.8,12.49,14.37,1.4,1.7,2.2,26,True
M3,80.0,30.0,stratified,1.5,2636,462,2173,30.0,30.0,15.4,72.43333333333334,4.703463203463204,224.85714285714286,13.571428571428573,,,,,False,19.12411442310623,32.90116722922694,47.31864056587373,8.8275,12.65,14.49,1.7,1.9,2.4,26,True
M3,80.0,30.0,stratified,2.0,1310,211,1098,30.0,30.0,7.033333333333333,36.6,5.2037914691943135,122.57142857142857,5.571428571428571,,,,,False,20.566276283787246,33.99695772572238,46.99411110582735,10.192499999999999,13.11,15.04,2.2,2.4,2.9,26,True
M3,80.0,30.0,stratified,2.5,633,111,521,30.0,30.0,3.7,17.366666666666667,4.693693693693693,59.714285714285715,2.857142857142857,,,,,False,21.819600957307177,34.61475290170163,46.037789207133024,10.99,13.39,15.21,2.7,2.9,3.3,26,True
M3,80.0,60.0,all,,5003,1353,3649,60.0,60.0,22.55,60.81666666666667,2.6969696969696972,398.42857142857144,10.714285714285714,,,,,False,22.214457333348953,37.522254043551214,53.697319394097114,9.39,12.79,15.56,1.3,1.6,2.1,26,True
M3,80.0,60.0,all,1.2,4216,1077,3138,60.0,60.0,17.95,52.3,2.913649025069638,353.0,9.571428571428571,,,,,False,21.05451658187187,36.745993550183314,50.706140918611624,9.57,12.82,15.42,1.4,1.7,2.2,26,True
M3,80.0,60.0,all,1.5,3070,705,2364,60.0,60.0,11.75,39.4,3.353191489361702,270.7142857142857,5.857142857142857,,,,,False,21.823086936338036,36.6278210203791,49.378880880855576,9.7425,12.97,15.48,1.7,1.9,2.4,26,True
M3,80.0,60.0,all,2.0,1520,332,1187,60.0,60.0,5.533333333333333,19.783333333333335,3.5753012048192776,141.57142857142858,2.4285714285714284,,,,,False,23.338683441642548,36.77496035275115,48.97141450021052,11.0775,13.3,15.79,2.2,2.4,2.9,26,True
M3,80.0,60.0,all,2.5,740,169,570,60.0,60.0,2.816666666666667,9.5,3.3727810650887573,69.14285714285714,1.2857142857142858,,,,,False,24.021056314293407,36.68866629564256,48.035356170790166,11.625,13.625,15.995000000000001,2.7,2.9,3.4,26,True
M3,80.0,60.0,mainshock_window,,4966,1345,3620,60.0,60.0,22.416666666666668,60.333333333333336,2.691449814126394,395.7142857142857,10.714285714285714,,,,,False,21.971084261545016,37.41862415237621,53.00016314086115,9.36,12.76,15.467500000000001,1.3,1.6,2.1,26,True
M3,80.0,60.0,mainshock_window,1.2,4202,1075,3126,60.0,60.0,17.916666666666668,52.1,2.907906976744186,352.0,9.571428571428571,,,,,False,21.009753504052004,36.6931404836245,50.6442285928808,9.5425,12.8,15.3575,1.4,1.7,2.2,26,True
M3,80.0,60.0,mainshock_window,1.5,3060,705,2354,60.0,60.0,11.75,39.233333333333334,3.3390070921985817,269.85714285714283,5.857142857142857,,,,,False,21.725121307084713,36.55806785443344,49.2634502503675,9.71,12.955,15.4525,1.7,1.9,2.4,26,True
M3,80.0,60.0,mainshock_window,2.0,1517,332,1184,60.0,60.0,5.533333333333333,19.733333333333334,3.5662650602409642,141.42857142857142,2.4285714285714284,,,,,False,23.335751577448153,36.71637552559592,48.922524381404,11.07,13.29,15.77,2.2,2.4,2.9,26,True
M3,80.0,60.0,mainshock_window,2.5,738,169,568,60.0,60.0,2.816666666666667,9.466666666666667,3.36094674556213,69.14285714285714,1.2857142857142858,,,,,False,23.961207233709516,36.659199382951805,47.99151501494715,11.615,13.6,15.9175,2.7,2.9,3.4,26,True
M3,80.0,60.0,stratified,,4485,1193,3291,60.0,60.0,19.883333333333333,54.85,2.7585917854149207,358.85714285714283,8.428571428571429,,,,,False,20.301164896822282,35.394879965520346,50.24839597910385,8.79,12.42,14.29,1.3,1.6,2.1,26,True
M3,80.0,60.0,stratified,1.2,3856,980,2875,60.0,60.0,16.333333333333332,47.916666666666664,2.933673469387755,322.14285714285717,8.428571428571429,,,,,False,19.96598032316146,34.88635464206219,48.8267543648649,9.045,12.515,14.4225,1.4,1.7,2.2,26,True
M3,80.0,60.0,stratified,1.5,2822,648,2173,60.0,60.0,10.8,36.21666666666667,3.353395061728395,247.28571428571428,5.0,,,,,False,20.303674096703485,34.97414627348535,48.1116008010998,9.15,12.68,14.5675,1.7,1.9,2.4,26,True
M3,80.0,60.0,stratified,2.0,1402,303,1098,60.0,60.0,5.05,18.3,3.623762376237624,130.42857142857142,2.142857142857143,,,,,False,22.05118640520516,35.43781067031993,47.71419596207502,10.535,13.13,15.0775,2.2,2.4,2.9,26,True
M3,80.0,60.0,stratified,2.5,676,154,521,60.0,60.0,2.566666666666667,8.683333333333334,3.383116883116883,62.714285714285715,1.1428571428571428,,,,,False,22.983814202714743,35.77960925821493,46.854860618869054,11.1825,13.415,15.21,2.7,2.9,3.4,26,True
M3,80.0,90.0,all,,5311,1661,3649,90.0,90.0,18.455555555555556,40.544444444444444,2.196869355809753,328.14285714285717,7.928571428571429,,,,,False,22.82552755458677,37.94157914053015,54.581522193621026,9.565000000000001,12.8,15.684999999999999,1.3,1.6,2.1,26,True
M3,80.0,90.0,all,1.2,4477,1338,3138,90.0,90.0,14.866666666666667,34.86666666666667,2.3452914798206277,296.2857142857143,6.5,,,,,False,22.185164685328413,37.22102624909809,50.975035637599404,9.71,12.8,15.46,1.4,1.7,2.2,26,True
M3,80.0,90.0,all,1.5,3255,890,2364,90.0,90.0,9.88888888888889,26.266666666666666,2.656179775280899,232.57142857142858,4.785714285714286,,,,,False,22.780083514789396,37.10328806915673,49.93388487710308,9.84,12.94,15.49,1.6,1.9,2.4,26,True
M3,80.0,90.0,all,2.0,1596,408,1187,90.0,90.0,4.533333333333333,13.188888888888888,2.909313725490196,127.42857142857143,1.9285714285714286,,,,,False,23.647566210498837,37.07435586942401,49.28071037142151,11.184999999999999,13.315000000000001,15.8,2.2,2.4,2.9,26,True
M3,80.0,90.0,all,2.5,775,204,570,90.0,90.0,2.2666666666666666,6.333333333333333,2.7941176470588234,63.57142857142857,0.8571428571428571,,,,,False,24.232681226643432,37.10158827942948,48.904277267597784,11.705,13.66,16.020000000000003,2.7,2.9,3.4,26,True
M3,80.0,90.0,mainshock_window,,5271,1650,3620,90.0,90.0,18.333333333333332,40.22222222222222,2.193939393939394,326.0,7.7142857142857135,,,,,False,22.699378975303226,37.77141838255745,53.96331339475154,9.524999999999999,12.78,15.54,1.3,1.6,2.1,26,True
M3,80.0,90.0,mainshock_window,1.2,4462,1335,3126,90.0,90.0,14.833333333333334,34.733333333333334,2.3415730337078653,295.42857142857144,6.357142857142858,,,,,False,22.096910448520813,37.17775861128759,50.90636895264828,9.695,12.79,15.42,1.4,1.7,2.2,26,True
M3,80.0,90.0,mainshock_window,1.5,3244,889,2354,90.0,90.0,9.877777777777778,26.155555555555555,2.647919010123734,231.71428571428572,4.785714285714286,,,,,False,22.738364967430623,37.020870586990334,49.75823913404428,9.8275,12.93,15.4625,1.6,1.9,2.4,26,True
M3,80.0,90.0,mainshock_window,2.0,1593,408,1184,90.0,90.0,4.533333333333333,13.155555555555555,2.9019607843137254,127.28571428571429,1.9285714285714286,,,,,False,23.621268928470112,37.031935208636305,49.19990708189167,11.17,13.31,15.79,2.2,2.4,2.9,26,True
M3,80.0,90.0,mainshock_window,2.5,773,204,568,90.0,90.0,2.2666666666666666,6.311111111111111,2.784313725490196,63.57142857142857,0.8571428571428571,,,,,False,24.193894740583573,37.01330040023445,48.750457203961034,11.69,13.65,15.99,2.7,2.9,3.4,26,True
M3,80.0,90.0,stratified,,4722,1430,3291,90.0,90.0,15.88888888888889,36.56666666666667,2.3013986013986014,296.0,6.2857142857142865,,,,,False,20.790701268799527,35.92963956166599,50.407496102857564,8.9025,12.405000000000001,14.26,1.3,1.6,2.1,26,True
M3,80.0,90.0,stratified,1.2,4070,1194,2875,90.0,90.0,13.266666666666667,31.944444444444443,2.40787269681742,271.42857142857144,5.642857142857142,,,,,False,20.46633403814296,35.46842217008043,49.06954063915655,9.2025,12.49,14.387500000000001,1.4,1.7,2.2,26,True
M3,80.0,90.0,stratified,1.5,2978,804,2173,90.0,90.0,8.933333333333334,24.144444444444446,2.7027363184079602,213.28571428571428,3.857142857142857,,,,,False,20.902263517330557,35.703834512022034,48.505269236344176,9.27,12.66,14.53,1.6,1.9,2.4,26,True
M3,80.0,90.0,stratified,2.0,1466,367,1098,90.0,90.0,4.0777777777777775,12.2,2.991825613079019,118.71428571428571,1.5714285714285714,,,,,False,22.76578220902853,36.097129097949164,48.009768112262094,10.7725,13.13,15.0675,2.2,2.4,2.9,26,True
M3,80.0,90.0,stratified,2.5,704,182,521,90.0,90.0,2.022222222222222,5.788888888888889,2.8626373626373627,58.57142857142857,0.6428571428571428,,,,,False,23.128564640827847,36.146549284236954,47.02779626066337,11.2325,13.415,15.21,2.7,2.9,3.4,26,True
M3,100.0,7.0,all,,3158,201,2956,7.0,7.0,28.714285714285715,422.2857142857143,14.70646766169154,422.42857142857144,300.7142857142857,,,,,False,17.801418759023452,28.701267695463898,51.01216054452424,10.43,13.18,16.3575,1.3,1.6,2.1,26,True
M3,100.0,7.0,all,1.2,2698,117,2580,7.0,7.0,16.714285714285715,368.57142857142856,22.051282051282048,368.7142857142857,271.7142857142857,,,,,False,17.148243869591,27.55924640049793,47.653411502745655,10.5925,13.184999999999999,15.99,1.5,1.8,2.3,26,True
M3,100.0,7.0,all,1.5,2038,70,1967,7.0,7.0,10.0,281.0,28.1,281.14285714285717,216.57142857142858,,,,,False,17.35514801442781,27.761396487372433,46.212915691508805,10.85,13.22,15.9975,1.7,2.0,2.4,26,True
M3,100.0,7.0,all,2.0,1042,24,1017,7.0,7.0,3.4285714285714284,145.28571428571428,42.375,145.42857142857142,121.0,,,,,False,17.968198586330455,28.037664629735524,43.701660810696644,11.532499999999999,13.4,16.075,2.125,2.4,2.9,26,True
M3,100.0,7.0,all,2.5,509,14,494,7.0,7.0,2.0,70.57142857142857,35.285714285714285,70.71428571428571,61.57142857142857,,,,,False,18.56721153245121,27.970275036363173,42.79561077972645,11.95,13.79,16.62,2.7,3.0,3.3,26,True
M3,100.0,7.0,mainshock_window,,3068,188,2879,7.0,7.0,26.857142857142858,411.2857142857143,15.313829787234042,411.42857142857144,292.0,,,,,False,17.38546265178742,27.745396851412195,49.01434680889337,10.2075,13.08,15.872499999999999,1.3,1.6,2.2,26,True
M3,100.0,7.0,mainshock_window,1.2,2657,110,2546,7.0,7.0,15.714285714285714,363.7142857142857,23.145454545454548,363.85714285714283,267.57142857142856,,,,,False,16.959083533313027,27.292887922713636,46.56833318706457,10.51,13.13,15.76,1.5,1.8,2.3,26,True
M3,100.0,7.0,mainshock_window,1.5,2012,66,1945,7.0,7.0,9.428571428571429,277.85714285714283,29.469696969696965,278.0,214.0,,,,,False,17.21067644723076,27.51064071608225,45.3958162968893,10.7875,13.19,15.8025,1.7,2.0,2.5,26,True
M3,100.0,7.0,mainshock_window,2.0,1034,22,1011,7.0,7.0,3.142857142857143,144.42857142857142,45.95454545454545,144.57142857142858,120.0,,,,,False,17.888754968365564,27.954656144014194,43.07764012950998,11.5125,13.39,16.01,2.2,2.4,2.9,26,True
M3,100.0,7.0,mainshock_window,2.5,504,13,490,7.0,7.0,1.8571428571428572,70.0,37.69230769230769,70.14285714285714,60.857142857142854,,,,,False,18.448597832740205,27.818519781982125,41.96378369542221,11.9475,13.735,16.46,2.7,3.0,3.3,26,True
M3,100.0,7.0,stratified,,2770,160,2609,7.0,7.0,22.857142857142858,372.7142857142857,16.30625,372.85714285714283,262.14285714285717,,,,,False,15.836641482522836,26.25775246057485,43.419318153617844,9.4025,12.73,14.66,1.3,1.7,2.2,26,True
M3,100.0,7.0,stratified,1.2,2432,98,2333,7.0,7.0,14.0,333.2857142857143,23.80612244897959,333.42857142857144,244.28571428571428,,,,,False,15.623662443047008,26.13699035885752,40.951555613908546,9.81,12.82,14.77,1.5,1.8,2.3,26,True
M3,100.0,7.0,stratified,1.5,1842,58,1783,7.0,7.0,8.285714285714286,254.71428571428572,30.741379310344826,254.85714285714286,196.0,,,,,False,15.875149061388868,26.57866296005816,40.55935010630068,10.2725,12.925,14.84,1.7,2.0,2.4,26,True
M3,100.0,7.0,stratified,2.0,949,15,933,7.0,7.0,2.142857142857143,133.28571428571428,62.199999999999996,133.42857142857142,111.57142857142857,,,,,False,16.81846011357258,27.071012544371857,39.73214739553311,11.11,13.18,15.14,2.1,2.4,2.9,26,True
M3,100.0,7.0,stratified,2.5,453,8,444,7.0,7.0,1.1428571428571428,63.42857142857143,55.50000000000001,63.57142857142857,55.57142857142857,,,,,False,16.85375549707095,27.023372641616497,39.02632459001096,11.61,13.43,15.44,2.7,2.9,3.4,26,True
M3,100.0,30.0,all,,4901,1135,3765,30.0,30.0,37.833333333333336,125.5,3.317180616740088,362.14285714285717,36.64285714285714,,,,,False,21.823022726156903,37.6449270049471,58.17849464145836,9.26,12.88,16.14,1.3,1.6,2.1,26,True
M3,100.0,30.0,all,1.2,4044,845,3198,30.0,30.0,28.166666666666668,106.6,3.784615384615384,321.57142857142856,29.0,,,,,False,20.655319485613067,36.521174508717245,50.993591030693054,9.33,12.84,15.545,1.4,1.7,2.2,26,True
M3,100.0,30.0,all,1.5,2956,552,2403,30.0,30.0,18.4,80.1,4.353260869565218,249.57142857142858,18.0,,,,,False,20.915262930013228,36.464535852838836,49.63604070039101,9.4175,12.99,15.6075,1.6,1.9,2.4,26,True
M3,100.0,30.0,all,2.0,1454,249,1204,30.0,30.0,8.3,40.13333333333333,4.835341365461847,133.42857142857142,7.071428571428571,,,,,False,22.800360385594367,36.53472934261098,49.01205026464855,10.9175,13.315000000000001,15.9175,2.2,2.4,2.9,26,True
M3,100.0,30.0,all,2.5,713,133,579,30.0,30.0,4.433333333333334,19.3,4.353383458646617,65.71428571428571,3.642857142857143,,,,,False,23.44972581549307,36.530940131827855,48.37076470471387,11.57,13.66,16.24,2.7,2.9,3.3,26,True
M3,100.0,30.0,mainshock_window,,4741,1075,3665,30.0,30.0,35.833333333333336,122.16666666666667,3.4093023255813955,352.2857142857143,34.357142857142854,,,,,False,21.056408560780866,37.053090835222186,53.97485931869375,9.05,12.74,15.48,1.3,1.6,2.1,26,True
M3,100.0,30.0,mainshock_window,1.2,3976,818,3157,30.0,30.0,27.266666666666666,105.23333333333333,3.8594132029339856,317.0,27.642857142857146,,,,,False,20.369957728492274,36.19574228400015,50.41308862803355,9.25,12.76,15.282499999999999,1.4,1.7,2.2,26,True
M3,100.0,30.0,mainshock_window,1.5,2909,533,2375,30.0,30.0,17.766666666666666,79.16666666666667,4.455909943714822,246.71428571428572,16.785714285714285,,,,,False,20.67966433292832,36.16080353463549,49.136033714825686,9.32,12.93,15.41,1.6,1.9,2.4,26,True
M3,100.0,30.0,mainshock_window,2.0,1432,238,1193,30.0,30.0,7.933333333333334,39.766666666666666,5.012605042016807,132.57142857142858,6.5,,,,,False,22.61773753575074,36.31325043154613,48.573463901514685,10.825,13.28,15.7475,2.2,2.4,2.9,26,True
M3,100.0,30.0,mainshock_window,2.5,697,125,571,30.0,30.0,4.166666666666667,19.033333333333335,4.5680000000000005,65.14285714285714,3.142857142857143,,,,,False,23.251912107068943,36.2966948329859,47.5165073140629,11.51,13.55,15.91,2.7,2.9,3.3,26,True
M3,100.0,30.0,stratified,,4270,950,3319,30.0,30.0,31.666666666666668,110.63333333333334,3.493684210526316,318.85714285714283,29.285714285714285,,,,,False,19.6326559953589,34.435456017663945,50.12969767891714,8.4825,12.36,14.2775,1.3,1.6,2.1,26,True
M3,100.0,30.0,stratified,1.2,3648,747,2900,30.0,30.0,24.9,96.66666666666667,3.882195448460509,291.42857142857144,23.92857142857143,,,,,False,19.12411442310623,33.27548783145062,48.4690592424165,8.7475,12.47,14.39,1.4,1.7,2.2,26,True
M3,100.0,30.0,stratified,1.5,2677,486,2190,30.0,30.0,16.2,73.0,4.506172839506173,227.0,14.428571428571427,,,,,False,19.430138522676863,33.89905701866419,47.76040114715758,8.8,12.65,14.51,1.7,1.9,2.4,26,True
M3,100.0,30.0,stratified,2.0,1322,216,1105,30.0,30.0,7.2,36.833333333333336,5.115740740740741,123.28571428571429,5.714285714285714,,,,,False,20.713407264121308,34.47962072285294,47.195253534203545,10.2075,13.11,15.04,2.2,2.4,2.9,26,True
M3,100.0,30.0,stratified,2.5,636,113,522,30.0,30.0,3.7666666666666666,17.4,4.619469026548672,59.857142857142854,2.857142857142857,,,,,False,21.848542104932598,34.70367546814598,46.199643084132845,10.9975,13.39,15.21,2.6750000000000003,2.9,3.3,26,True
M3,100.0,60.0,all,,5387,1621,3765,60.0,60.0,27.016666666666666,62.75,2.322640345465762,410.2857142857143,14.285714285714286,,,,,False,23.413809186393568,39.42607887199303,61.43336341425767,9.61,12.97,16.545,1.3,1.6,2.1,26,True
M3,100.0,60.0,all,1.2,4426,1227,3198,60.0,60.0,20.45,53.3,2.606356968215159,359.7142857142857,11.714285714285714,,,,,False,22.413828253485452,37.610670013967145,52.89964165828647,9.62,12.9,15.78,1.4,1.7,2.2,26,True
M3,100.0,60.0,all,1.5,3204,800,2403,60.0,60.0,13.333333333333334,40.05,3.0037499999999997,275.2857142857143,7.142857142857143,,,,,False,22.79012173016477,37.43189768916006,50.914038015146645,9.805,13.03,15.79,1.6,1.9,2.4,26,True
M3,100.0,60.0,all,2.0,1573,368,1204,60.0,60.0,6.133333333333334,20.066666666666666,3.2717391304347823,143.28571428571428,2.857142857142857,,,,,False,23.76074416709881,37.284298713898494,50.32729488470275,11.19,13.38,16.08,2.2,2.4,2.9,26,True
M3,100.0,60.0,all,2.5,771,191,579,60.0,60.0,3.183333333333333,9.65,3.031413612565445,70.0,1.5714285714285714,,,,,False,24.3728384611562,37.27811398384058,49.26056294553746,11.79,13.73,16.435000000000002,2.7,2.9,3.4,26,True
M3,100.0,60.0,mainshock_window,,5173,1507,3665,60.0,60.0,25.116666666666667,61.083333333333336,2.431984074319841,399.85714285714283,12.571428571428571,,,,,False,22.784890445843008,38.27908260372363,57.773801297188236,9.36,12.8,15.76,1.3,1.6,2.1,26,True
M3,100.0,60.0,mainshock_window,1.2,4334,1176,3157,60.0,60.0,19.6,52.61666666666667,2.6845238095238093,355.0,10.714285714285714,,,,,False,21.762860584970255,37.31319886569038,51.43179349544206,9.48,12.8,15.47,1.4,1.7,2.2,26,True
M3,100.0,60.0,mainshock_window,1.5,3143,767,2375,60.0,60.0,12.783333333333333,39.583333333333336,3.096479791395046,272.2857142857143,6.857142857142857,,,,,False,22.466597253457767,37.10158827942948,50.321731710846365,9.645,12.97,15.524999999999999,1.6,1.9,2.4,26,True
M3,100.0,60.0,mainshock_window,2.0,1541,347,1193,60.0,60.0,5.783333333333333,19.883333333333333,3.438040345821326,142.42857142857142,2.5714285714285716,,,,,False,23.468649148399518,37.01330040023445,49.19990708189167,11.08,13.31,15.82,2.2,2.4,2.9,26,True
M3,100.0,60.0,mainshock_window,2.5,751,179,571,60.0,60.0,2.9833333333333334,9.516666666666667,3.1899441340782126,69.42857142857143,1.2857142857142858,,,,,False,24.232681226643432,36.85860095604555,48.697201881211384,11.655000000000001,13.66,16.105,2.7,2.9,3.4,26,True
M3,100.0,60.0,stratified,,4608,1288,3319,60.0,60.0,21.466666666666665,55.31666666666667,2.5768633540372674,361.7142857142857,9.285714285714286,,,,,False,20.722407550297785,36.20587322680677,51.09465204721637,8.73,12.395,14.31,1.3,1.6,2.1,26,True
M3,100.0,60.0,stratified,1.2,3955,1054,2900,60.0,60.0,17.566666666666666,48.333333333333336,2.7514231499051234,324.7142857142857,9.285714285714286,,,,,False,20.311471640118842,35.55125197926521,49.627171214487575,8.965,12.49,14.44,1.4,1.7,2.2,26,True
M3,100.0,60.0,stratified,1.5,2884,693,2190,60.0,60.0,11.55,36.5,3.16017316017316,249.28571428571428,5.857142857142857,,,,,False,20.54983301633076,35.5265938844926,48.75859161199291,9.024999999999999,12.66,14.5725,1.6,1.9,2.4,26,True
M3,100.0,60.0,stratified,2.0,1417,311,1105,60.0,60.0,5.183333333333334,18.416666666666668,3.5530546623794215,131.28571428571428,2.142857142857143,,,,,False,22.589997207415752,35.90789627436427,47.97634341643894,10.55,13.13,15.08,2.2,2.4,2.9,26,True
M3,100.0,60.0,stratified,2.5,682,159,522,60.0,60.0,2.65,8.7,3.283018867924528,62.857142857142854,1.1428571428571428,,,,,False,23.194541443458597,35.93145021721665,47.02441921795813,11.1675,13.415,15.21,2.7,2.9,3.4,26,True
M3,100.0,90.0,all,,5850,2084,3765,90.0,90.0,23.155555555555555,41.833333333333336,1.8066218809980807,340.0,12.857142857142858,,,,,False,24.253436304438242,41.08052608849715,64.4597487824322,9.8325,13.065000000000001,17.4375,1.2,1.6,2.0,26,True
M3,100.0,90.0,all,1.2,4758,1559,3198,90.0,90.0,17.322222222222223,35.53333333333333,2.0513149454778703,302.85714285714283,9.071428571428573,,,,,False,23.27228250035357,38.519992928314984,55.181776828741356,9.77,12.925,15.99,1.4,1.7,2.2,26,True
M3,100.0,90.0,all,1.5,3428,1024,2403,90.0,90.0,11.377777777777778,26.7,2.3466796875,236.85714285714286,6.071428571428571,,,,,False,23.50503537670072,38.03092644121049,51.423419859924415,9.915,13.03,15.9025,1.6,1.9,2.4,26,True
M3,100.0,90.0,all,2.0,1671,466,1204,90.0,90.0,5.177777777777778,13.377777777777778,2.5836909871244633,128.85714285714286,2.7142857142857144,,,,,False,24.149068317121312,37.757941127497574,50.92314566832874,11.32,13.41,16.21,2.2,2.4,2.9,26,True
M3,100.0,90.0,all,2.5,813,233,579,90.0,90.0,2.588888888888889,6.433333333333334,2.484978540772532,64.42857142857143,1.0714285714285714,,,,,False,24.560982495482328,37.60325522415238,50.83766941851031,11.8,13.77,16.54,2.7,2.9,3.4,26,True
M3,100.0,90.0,mainshock_window,,5553,1887,3665,90.0,90.0,20.966666666666665,40.72222222222222,1.94223635400106,330.2857142857143,10.428571428571429,,,,,False,23.506084102753498,39.23115176692489,59.56317417039754,9.54,12.84,16.01,1.3,1.6,2.1,26,True
M3,100.0,90.0,mainshock_window,1.2,4631,1473,3157,90.0,90.0,16.366666666666667,35.077777777777776,2.1432450780719616,298.2857142857143,8.0,,,,,False,22.783788992867912,37.819350213283265,52.44187031699039,9.61,12.79,15.535,1.4,1.7,2.2,26,True
M3,100.0,90.0,mainshock_window,1.5,3345,969,2375,90.0,90.0,10.766666666666667,26.38888888888889,2.4509803921568625,233.85714285714286,5.428571428571429,,,,,False,23.251912107068943,37.509391783459456,50.83405796883931,9.76,12.93,15.54,1.6,1.9,2.4,26,True
M3,100.0,90.0,mainshock_window,2.0,1626,432,1193,90.0,90.0,4.8,13.255555555555556,2.7615740740740744,128.0,2.142857142857143,,,,,False,23.873669672192726,37.371331578358266,50.12972406821751,11.137500000000001,13.33,15.84,2.2,2.4,2.9,26,True
M3,100.0,90.0,mainshock_window,2.5,788,216,571,90.0,90.0,2.4,6.344444444444444,2.6435185185185186,63.857142857142854,0.8571428571428571,,,,,False,24.348381852824875,37.267455519475334,49.15163280284482,11.6875,13.66,16.122500000000002,2.7,2.9,3.4,26,True
M3,100.0,90.0,stratified,,4873,1553,3319,90.0,90.0,17.255555555555556,36.87777777777778,2.1371538956857696,298.57142857142856,7.214285714285714,,,,,False,21.23233215757505,36.604894754643645,51.30479870086314,8.82,12.37,14.29,1.3,1.6,2.1,26,True
M3,100.0,90.0,stratified,1.2,4193,1292,2900,90.0,90.0,14.355555555555556,32.22222222222222,2.244582043343653,273.85714285714283,6.642857142857142,,,,,False,20.898884123449076,36.2966948329859,50.12005828270668,9.08,12.47,14.39,1.4,1.7,2.2,26,True
M3,100.0,90.0,stratified,1.5,3054,863,2190,90.0,90.0,9.588888888888889,24.333333333333332,2.53765932792584,215.14285714285714,4.428571428571429,,,,,False,21.386390096697177,36.258532075888155,49.136462794577156,9.18,12.64,14.5375,1.6,1.9,2.4,26,True
M3,100.0,90.0,stratified,2.0,1489,383,1105,90.0,90.0,4.2555555555555555,12.277777777777779,2.885117493472585,119.28571428571429,1.7857142857142856,,,,,False,22.971242121221145,36.33432427827159,48.48424342195536,10.74,13.12,15.07,2.2,2.4,2.9,26,True
M3,100.0,90.0,stratified,2.5,712,189,522,90.0,90.0,2.1,5.8,2.761904761904762,58.714285714285715,0.7142857142857143,,,,,False,23.314791709853353,36.290859484617876,47.232341442217326,11.205,13.41,15.21,2.7,2.9,3.4,26,True
