cell_id,ix,iy,xmin_km,xmax_km,ymin_km,ymax_km,x_center_km,y_center_km,centroid_longitude,centroid_latitude,onset_bin,onset_minutes,onset_hours,support_candidate_next1,support_candidate_next2,total_cell_events,peak_count,peak_rate_per_hour,confidence_class,occupied,distance_to_mw64_km,distance_to_mw71_km
0,0,0,-27.0,-26.0,-29.0,-28.0,-26.5,-28.5,-117.8354052747617,35.48299696562464,,,,,,0,0,0.0,no events,False,39.498133529683955,39.25836660997548
1,0,1,-27.0,-26.0,-28.0,-27.0,-26.5,-27.5,-117.83543794913236,35.49201000722998,,,,,,0,0,0.0,no events,False,38.88561677629205,38.43469978389552
2,0,2,-27.0,-26.0,-27.0,-26.0,-26.5,-26.5,-117.8354706355986,35.50102303532428,,,,,,0,0,0.0,no events,False,38.28942193108363,37.61958194973887
3,0,3,-27.0,-26.0,-26.0,-25.0,-26.5,-25.5,-117.83550333416603,35.510036049906105,,,,,,0,0,0.0,no events,False,37.71032314314544,36.81358098131801
4,0,4,-27.0,-26.0,-25.0,-24.0,-26.5,-24.5,-117.8355360448404,35.519049050974,,,,,,0,0,0.0,no events,False,37.14911992637716,36.01730893977228
5,0,5,-27.0,-26.0,-24.0,-23.0,-26.5,-23.5,-117.83556876762732,35.52806203852651,,,,,,0,0,0.0,no events,False,36.606635341810026,35.23142548716899
6,0,6,-27.0,-26.0,-23.0,-22.0,-26.5,-22.5,-117.83560150253244,35.53707501256221,,,,,,0,0,0.0,no events,False,36.08371365023502,34.456641456370654
7,0,7,-27.0,-26.0,-22.0,-21.0,-26.5,-21.5,-117.83563424956142,35.546087973079665,,,,,,0,0,0.0,no events,False,35.581217384120784,33.69372254660831
8,0,8,-27.0,-26.0,-21.0,-20.0,-26.5,-20.5,-117.83566700872,35.55510092007742,,,,,,0,0,0.0,no events,False,35.100023793153774,32.94349310019753
9,0,9,-27.0,-26.0,-20.0,-19.0,-26.5,-19.5,-117.83569978001384,35.56411385355405,,,,,,0,0,0.0,no events,False,34.64102062618628,32.20683989834617
10,0,10,-27.0,-26.0,-19.0,-18.0,-26.5,-18.5,-117.83573256344864,35.573126773508115,,,,,,0,0,0.0,no events,False,34.20510122434614,31.484715892519073
11,0,11,-27.0,-26.0,-18.0,-17.0,-26.5,-17.5,-117.83576535903003,35.582139679938166,,,,,,0,0,0.0,no events,False,33.793158915846675,30.77814376189025
12,0,12,-27.0,-26.0,-17.0,-16.0,-26.5,-16.5,-117.83579816676377,35.59115257284281,,,,,,0,0,0.0,no events,False,33.40608072276019,30.08821915671521
13,0,13,-27.0,-26.0,-16.0,-15.0,-26.5,-15.5,-117.8358309866555,35.60016545222056,,,,,,0,0,0.0,no events,False,33.044740413558586,29.416113451941005
14,0,14,-27.0,-26.0,-15.0,-14.0,-26.5,-14.5,-117.83586381871092,35.60917831807004,,,,,,0,0,0.0,no events,False,32.70999096214143,28.76307579540834
15,0,15,-27.0,-26.0,-14.0,-13.0,-26.5,-13.5,-117.8358966629358,35.618191170389785,,,,,,0,0,0.0,no events,False,32.40265650355347,28.130434191589465
16,0,16,-27.0,-26.0,-13.0,-12.0,-26.5,-12.5,-117.83592951933578,35.627204009178364,,,,,,0,0,0.0,no events,False,32.123523907429245,27.519595316833534
17,0,17,-27.0,-26.0,-12.0,-11.0,-26.5,-11.5,-117.83596238791662,35.63621683443438,,,,,,0,0,0.0,no events,False,31.87333412078317,26.932042718613577
18,0,18,-27.0,-26.0,-11.0,-10.0,-26.5,-10.5,-117.835995268684,35.64522964615638,,,,,,0,0,0.0,no events,False,31.652773460140626,26.36933301379023
19,0,19,-27.0,-26.0,-10.0,-9.0,-26.5,-9.5,-117.83602816164364,35.65424244434295,,,,,,0,0,0.0,no events,False,31.46246505699903,25.83308967559064
20,0,20,-27.0,-26.0,-9.0,-8.0,-26.5,-8.5,-117.83606106680128,35.66325522899267,,,,,,0,0,0.0,no events,False,31.302960677974006,25.324993993721858
21,0,21,-27.0,-26.0,-8.0,-7.0,-26.5,-7.5,-117.83609398416267,35.67226800010413,,,,,,0,0,0.0,no events,False,31.174733149630796,24.846772816142316
22,0,22,-27.0,-26.0,-7.0,-6.0,-26.5,-6.5,-117.83612691373348,35.68128075767588,,,,,,0,0,0.0,no events,False,31.078169616220826,24.400182744642084
23,0,23,-27.0,-26.0,-6.0,-5.0,-26.5,-5.5,-117.8361598555195,35.69029350170653,,,,,,0,0,0.0,no events,False,31.01356584526348,23.986990569199584
24,0,24,-27.0,-26.0,-5.0,-4.0,-26.5,-4.5,-117.8361928095264,35.69930623219464,,,,,,0,0,0.0,no events,False,30.981121770884855,23.608949895364052
25,0,25,-27.0,-26.0,-4.0,-3.0,-26.5,-3.5,-117.83622577576,35.70831894913881,,,,,,0,0,0.0,no events,False,30.98093842875483,23.2677741470204
26,0,26,-27.0,-26.0,-3.0,-2.0,-26.5,-2.5,-117.83625875422604,35.71733165253762,,,,,,0,0,0.0,no events,False,31.013016391028458,22.965106408455664
27,0,27,-27.0,-26.0,-2.0,-1.0,-26.5,-1.5,-117.83629174493022,35.72634434238965,,,,,,0,0,0.0,no events,False,31.0772557574523,22.702486889031164
28,0,28,-27.0,-26.0,-1.0,0.0,-26.5,-0.5,-117.83632474787832,35.73535701869351,,,,,,0,0,0.0,no events,False,31.17345770295628,22.481319123698512
29,0,29,-27.0,-26.0,0.0,1.0,-26.5,0.5,-117.83635776307608,35.744369681447765,,,,,,0,0,0.0,no events,False,31.301327526191383,22.302836324927664
30,0,30,-27.0,-26.0,1.0,2.0,-26.5,1.5,-117.83639079052928,35.75338233065101,,,,,,0,0,0.0,no events,False,31.460479091167834,22.168069531004576
31,0,31,-27.0,-26.0,2.0,3.0,-26.5,2.5,-117.8364238302437,35.762394966301855,,,,,,0,0,0.0,no events,False,31.650440508620264,22.07781930640782
32,0,32,-27.0,-26.0,3.0,4.0,-26.5,3.5,-117.8364568822251,35.77140758839888,,,,,,0,0,0.0,no events,False,31.870660867537918,22.032632705179253
33,0,33,-27.0,-26.0,4.0,5.0,-26.5,4.5,-117.83648994647923,35.78042019694068,,,,,,0,0,0.0,no events,False,32.12051780213879,22.03278698930925
34,0,34,-27.0,-26.0,5.0,6.0,-26.5,5.5,-117.83652302301188,35.78943279192585,,,,,,0,0,0.0,no events,False,32.399325666152635,22.07828120826473
35,0,35,-27.0,-26.0,6.0,7.0,-26.5,6.5,-117.83655611182886,35.798445373353005,,,,,,0,0,0.0,no events,False,32.70634408437175,22.168836228051216
36,0,36,-27.0,-26.0,7.0,8.0,-26.5,7.5,-117.83658921293592,35.80745794122071,,,,,,0,0,0.0,no events,False,33.040786659963494,22.303903207759323
37,0,37,-27.0,-26.0,8.0,9.0,-26.5,8.5,-117.83662232633884,35.816470495527575,,,,,,0,0,0.0,no events,False,33.401829633316844,22.48267993136132
38,0,38,-27.0,-26.0,9.0,10.0,-26.5,9.5,-117.83665545204346,35.82548303627223,,,,,,0,0,0.0,no events,False,33.78862031212618,22.704133885505907
39,0,39,-27.0,-26.0,10.0,11.0,-26.5,10.5,-117.83668859005554,35.83449556345325,,,,,,0,0,0.0,no events,False,34.200285120754884,22.967030589214577
40,0,40,-27.0,-26.0,11.0,12.0,-26.5,11.5,-117.8367217403809,35.843508077069245,,,,,,0,0,0.0,no events,False,34.63593714748931,23.26996546367997
41,0,41,-27.0,-26.0,12.0,13.0,-26.5,12.5,-117.83675490302534,35.85252057711883,,,,,,0,0,0.0,no events,False,35.09468309913529,23.611397486718126
42,0,42,-27.0,-26.0,13.0,14.0,-26.5,13.5,-117.83678807799464,35.8615330636006,,,,,,0,0,0.0,no events,False,35.57562960191477,23.989682988125118
43,0,43,-27.0,-26.0,14.0,15.0,-26.5,14.5,-117.83682126529467,35.87054553651318,,,,,,0,0,0.0,no events,False,36.07788881457085,24.403108172232493
44,0,44,-27.0,-26.0,15.0,16.0,-26.5,15.5,-117.8368544649312,35.87955799585515,,,,,,0,0,0.0,no events,False,36.60058334317144,24.849919256621757
45,0,45,-27.0,-26.0,16.0,17.0,-26.5,16.5,-117.83688767691004,35.88857044162515,,,,,,0,0,0.0,no events,False,37.14285046687102,25.328349445938265
46,0,46,-27.0,-26.0,17.0,18.0,-26.5,17.5,-117.8369209012371,35.89758287382178,,,,,,0,0,0.0,no events,False,37.70384569971932,25.83664227895145
47,0,47,-27.0,-26.0,18.0,19.0,-26.5,18.5,-117.8369541379181,35.906595292443654,,,,,,0,0,0.0,no events,False,38.28274572561567,26.3730711682474
48,0,48,-27.0,-26.0,19.0,20.0,-26.5,19.5,-117.83698738695892,35.91560769748938,,,,,,0,0,0.0,no events,False,38.8787507519988,26.935955179654993
49,0,49,-27.0,-26.0,20.0,21.0,-26.5,20.5,-117.83702064836542,35.9246200889576,,,,,,0,0,0.0,no events,False,39.49108633324676,27.523671267389517
50,0,50,-27.0,-26.0,21.0,22.0,-26.5,21.5,-117.8370539221434,35.933632466846895,,,,,,0,0,0.0,no events,False,40.11900471751326,28.134663293351565
51,0,51,-27.0,-26.0,22.0,23.0,-26.5,22.5,-117.83708720829875,35.94264483115591,,,,,,0,0,0.0,no events,False,40.76178577132942,28.76744822234333
52,0,52,-27.0,-26.0,23.0,24.0,-26.5,23.5,-117.83712050683728,35.951657181883256,,,,,,0,0,0.0,no events,False,41.418737535222576,29.42061990883511
53,0,53,-27.0,-26.0,24.0,25.0,-26.5,24.5,-117.83715381776484,35.96066951902756,,,,,,0,0,0.0,no events,False,42.089196461272074,30.092850885469215
54,0,54,-27.0,-26.0,25.0,26.0,-26.5,25.5,-117.83718714108728,35.96968184258744,,,,,,0,0,0.0,no events,False,42.77252738031107,30.78289253806448
55,0,55,-27.0,-26.0,26.0,27.0,-26.5,26.5,-117.83722047681051,35.97869415256153,,,,,,0,0,0.0,no events,False,43.468123242709275,31.489574014345866
56,1,0,-26.0,-25.0,-29.0,-28.0,-25.5,-28.5,-117.82438589151585,35.483023236599806,,,,,,0,0,0.0,no events,False,38.71883989933045,38.706140054779404
57,1,1,-26.0,-25.0,-28.0,-27.0,-25.5,-27.5,-117.82441733292532,35.49203628302374,,,,,,0,0,0.0,no events,False,38.09379480826091,37.87046443516556
58,1,2,-26.0,-25.0,-27.0,-26.0,-25.5,-26.5,-117.82444878597391,35.50104931593812,,,,,,0,0,0.0,no events,False,37.485008238464985,37.042932863504205
59,1,3,-26.0,-25.0,-26.0,-25.0,-25.5,-25.5,-117.82448025066712,35.5100623353415,,,,,,0,0,0.0,no events,False,36.893285058146965,36.224103490977114
60,1,4,-26.0,-25.0,-25.0,-24.0,-25.5,-24.5,-117.8245117270104,35.519075341232465,,,,,,0,0,0.0,no events,False,36.31945927633824,35.41457993990555
61,1,5,-26.0,-25.0,-24.0,-23.0,-25.5,-23.5,-117.82454321500911,35.52808833360956,,,,,,0,0,0.0,no events,False,35.76439237383315,34.615015107824256
62,1,6,-26.0,-25.0,-23.0,-22.0,-25.5,-22.5,-117.82457471466886,35.537101312471336,,,,,,0,0,0.0,no events,False,35.2289710552749,33.82611519979559
63,1,7,-26.0,-25.0,-22.0,-21.0,-25.5,-21.5,-117.82460622599496,35.54611427781636,,,,,,0,0,0.0,no events,False,34.71410435770018,33.04864396771496
64,1,8,-26.0,-25.0,-21.0,-20.0,-25.5,-20.5,-117.82463774899296,35.55512722964319,,,,,,0,0,0.0,no events,False,34.22072005527062,32.28342712135319
65,1,9,-26.0,-25.0,-20.0,-19.0,-25.5,-19.5,-117.82466928366829,35.564140167950406,,,,,,0,0,0.0,no events,False,33.7497603079652,31.531356857811613
66,1,10,-26.0,-25.0,-19.0,-18.0,-25.5,-18.5,-117.82470083002644,35.57315309273655,,,,,,0,0,0.0,no events,False,33.30217651429115,30.79339643315761
67,1,11,-26.0,-25.0,-18.0,-17.0,-25.5,-17.5,-117.82473238807287,35.582166004000186,,,,,,0,0,0.0,no events,False,32.87892334509917,30.07058467147828
68,1,12,-26.0,-25.0,-17.0,-16.0,-25.5,-16.5,-117.82476395781303,35.5911789017399,,,,,,0,0,0.0,no events,False,32.48095195767527,29.364040271724953
69,1,13,-26.0,-25.0,-16.0,-15.0,-25.5,-15.5,-117.82479553925248,35.60019178595426,,,,,,0,0,0.0,no events,False,32.10920241645238,28.674965731006992
70,1,14,-26.0,-25.0,-15.0,-14.0,-25.5,-14.5,-117.82482713239668,35.60920465664182,,,,,,0,0,0.0,no events,False,31.7645953785754,28.004650654299653
71,1,15,-26.0,-25.0,-14.0,-13.0,-25.5,-13.5,-117.82485873725103,35.61821751380117,,,,,,0,0,0.0,no events,False,31.448023138323272,27.354474165377525
72,1,16,-26.0,-25.0,-13.0,-12.0,-25.5,-12.5,-117.82489035382112,35.627230357430875,,,,,,0,0,0.0,no events,False,31.160340162655768,26.725906073681525
73,1,17,-26.0,-25.0,-12.0,-11.0,-25.5,-11.5,-117.82492198211244,35.6362431875295,,,,,,0,0,0.0,no events,False,30.902353288970083,26.12050638969673
74,1,18,-26.0,-25.0,-11.0,-10.0,-25.5,-10.5,-117.82495362213044,35.64525600409563,,,,,,0,0,0.0,no events,False,30.67481179306928,25.53992272206649
75,1,19,-26.0,-25.0,-10.0,-9.0,-25.5,-9.5,-117.82498527388066,35.654268807127835,,,,,,0,0,0.0,no events,False,30.47839756752517,24.98588504023959
76,1,20,-26.0,-25.0,-9.0,-8.0,-25.5,-8.5,-117.82501693736856,35.66328159662472,,,,,,0,0,0.0,no events,False,30.313715675054198,24.460197256747726
77,1,21,-26.0,-25.0,-8.0,-7.0,-25.5,-7.5,-117.82504861259972,35.672294372584815,,,,,,0,0,0.0,no events,False,30.181285555322667,23.96472508571608
78,1,22,-26.0,-25.0,-7.0,-6.0,-25.5,-6.5,-117.82508029957964,35.68130713500673,,,,,,0,0,0.0,no events,False,30.081533164315793,23.501379683518373
79,1,23,-26.0,-25.0,-6.0,-5.0,-25.5,-5.5,-117.8251119983138,35.69031988388907,,,,,,0,0,0.0,no events,False,30.014784311397825,23.072096688940746
80,1,24,-26.0,-25.0,-5.0,-4.0,-25.5,-4.5,-117.82514370880772,35.69933261923037,,,,,,0,0,0.0,no events,False,29.98125942991113,22.678810467455545
81,1,25,-26.0,-25.0,-4.0,-3.0,-25.5,-3.5,-117.82517543106694,35.70834534102924,,,,,,0,0,0.0,no events,False,29.981069973360476,22.323423635583133
82,1,26,-26.0,-25.0,-3.0,-2.0,-25.5,-2.5,-117.82520716509704,35.717358049284286,,,,,,0,0,0.0,no events,False,30.014216573008188,22.007772295456263
83,1,27,-26.0,-25.0,-2.0,-1.0,-25.5,-1.5,-117.82523891090348,35.72637074399405,,,,,,0,0,0.0,no events,False,30.080589027400073,21.73358783090341
84,1,28,-26.0,-25.0,-1.0,0.0,-25.5,-0.5,-117.82527066849184,35.735383425157174,,,,,,0,0,0.0,no events,False,30.17996812422511,21.502456571250953
85,1,29,-26.0,-25.0,0.0,1.0,-25.5,0.5,-117.82530243786762,35.744396092772206,,,,,,0,0,0.0,no events,False,30.312029224767283,21.315779066069197
86,1,30,-26.0,-25.0,1.0,2.0,-25.5,1.5,-117.82533421903642,35.75340874683774,,,,,,0,0,0.0,no events,False,30.4763474758221,21.174731067676262
87,1,31,-26.0,-25.0,2.0,3.0,-25.5,2.5,-117.82536601200376,35.7624213873524,,,,,,0,0,0.0,no events,False,30.672404457605705,21.08022851829066
88,1,32,-26.0,-25.0,3.0,4.0,-25.5,3.5,-117.82539781677518,35.77143401431474,,,,,,0,0,0.0,no events,False,30.899596032227546,21.032898824895614
89,1,33,-26.0,-25.0,4.0,5.0,-25.5,4.5,-117.82542963335626,35.780446627723386,,,,,,0,0,0.0,no events,False,31.15724112784626,21.033060442390113
90,1,34,-26.0,-25.0,5.0,6.0,-25.5,5.5,-117.82546146175254,35.78945922757693,,,,,,0,0,0.0,no events,False,31.444591179448597,21.08071227848282
91,1,35,-26.0,-25.0,6.0,7.0,-25.5,6.5,-117.8254933019696,35.79847181387396,,,,,,0,0,0.0,no events,False,31.760839947749474,21.175533730301037
92,1,36,-26.0,-25.0,7.0,8.0,-25.5,7.5,-117.82552515401298,35.80748438661309,,,,,,0,0,0.0,no events,False,32.105133451372865,21.31689534988755
93,1,37,-26.0,-25.0,8.0,9.0,-25.5,8.5,-117.82555701788829,35.816496945792906,,,,,,0,0,0.0,no events,False,32.47657977180422,21.50387932334531
94,1,38,-26.0,-25.0,9.0,10.0,-25.5,9.5,-117.82558889360104,35.82550949141201,,,,,,0,0,0.0,no events,False,32.87425852271447,21.735308245983962
95,1,39,-26.0,-25.0,10.0,11.0,-25.5,10.5,-117.82562078115689,35.83452202346902,,,,,,0,0,0.0,no events,False,33.297229812135534,22.009780170253382
96,1,40,-26.0,-25.0,11.0,12.0,-25.5,11.5,-117.82565268056136,35.84353454196254,,,,,,0,0,0.0,no events,False,33.74454256477734,22.32570764248738
97,1,41,-26.0,-25.0,12.0,13.0,-25.5,12.5,-117.82568459182006,35.852547046891154,,,,,,0,0,0.0,no events,False,34.21524211005925,22.681358432262385
98,1,42,-26.0,-25.0,13.0,14.0,-25.5,13.5,-117.8257165149386,35.86155953825348,,,,,,0,0,0.0,no events,False,34.70837697723525,23.074895859520158
99,1,43,-26.0,-25.0,14.0,15.0,-25.5,14.5,-117.82574844992251,35.87057201604815,,,,,,0,0,0.0,no events,False,35.22300487093308,23.504416978998673
100,1,44,-26.0,-25.0,15.0,16.0,-25.5,15.5,-117.82578039677747,35.87958448027376,,,,,,0,0,0.0,no events,False,35.75819782765454,23.967987318871426
101,1,45,-26.0,-25.0,16.0,17.0,-25.5,16.5,-117.82581235550904,35.888596930928905,,,,,,0,0,0.0,no events,False,36.31304657592888,24.46367132530443
102,1,46,-26.0,-25.0,17.0,18.0,-25.5,17.5,-117.82584432612283,35.89760936801222,,,,,,0,0,0.0,no events,False,36.886664139895906,24.98955808547767
103,1,47,-26.0,-25.0,18.0,19.0,-25.5,18.5,-117.82587630862442,35.9066217915223,,,,,,0,0,0.0,no events,False,37.47818873843004,25.543782255226088
104,1,48,-26.0,-25.0,19.0,20.0,-25.5,19.5,-117.82590830301945,35.91563420145778,,,,,,0,0,0.0,no events,False,38.08678604000719,26.124540388250733
105,1,49,-26.0,-25.0,20.0,21.0,-25.5,20.5,-117.82594030931352,35.924646597817265,,,,,,0,0,0.0,no events,False,38.711650837973686,26.73010305053619
106,1,50,-26.0,-25.0,21.0,22.0,-25.5,21.5,-117.8259723275123,35.933658980599375,,,,,,0,0,0.0,no events,False,39.352008212352914,27.358823214590657
107,1,51,-26.0,-25.0,22.0,23.0,-25.5,22.5,-117.82600435762134,35.94267134980274,,,,,,0,0,0.0,no events,False,40.00711424345666,28.00914147706361
108,1,52,-26.0,-25.0,23.0,24.0,-25.5,23.5,-117.82603639964633,35.951683705425964,,,,,,0,0,0.0,no events,False,40.67625633994475,28.679588645535098
109,1,53,-26.0,-25.0,24.0,25.0,-25.5,24.5,-117.82606845359288,35.960696047467685,,,,,,0,0,0.0,no events,False,41.358753240115895,29.3687862103977
110,1,54,-26.0,-25.0,25.0,26.0,-25.5,25.5,-117.82610051946658,35.96970837592652,,,,,,0,0,0.0,no events,False,42.05395474055561,30.0754451682263
111,1,55,-26.0,-25.0,26.0,27.0,-25.5,26.5,-117.82613259727312,35.9787206908011,,,,,,0,0,0.0,no events,False,42.76124120116957,30.798363603638542
112,2,0,-25.0,-24.0,-29.0,-28.0,-24.5,-28.5,-117.8133665012218,35.48304849716609,,,,,,0,0,0.0,no events,False,37.94989557259971,38.17212604764319
113,2,1,-25.0,-24.0,-28.0,-27.0,-24.5,-27.5,-117.81339670966614,35.49206154822328,,,,,,0,0,0.0,no events,False,37.31197145307556,37.32449605275468
114,2,2,-25.0,-24.0,-27.0,-26.0,-24.5,-26.5,-117.81342692929324,35.501074585772365,,,,,,0,0,0.0,no events,False,36.69021468265112,36.48458310282633
115,2,3,-25.0,-24.0,-26.0,-25.0,-24.5,-25.5,-117.81345716010829,35.51008760981189,,,,,,0,0,0.0,no events,False,36.08546096702839,35.65293259722097
116,2,4,-25.0,-24.0,-25.0,-24.0,-24.5,-24.5,-117.81348740211654,35.51910062034044,,,,,,0,0,0.0,no events,False,35.49857930885167,34.83013639618601
117,2,5,-25.0,-24.0,-24.0,-23.0,-24.5,-23.5,-117.81351765532322,35.528113617356546,,,,,,0,0,0.0,no events,False,34.93047054780015,34.01683700716253
118,2,6,-25.0,-24.0,-23.0,-22.0,-24.5,-22.5,-117.81354791973357,35.53712660085879,,,,,,0,0,0.0,no events,False,34.382065272968056,33.2137320782655
119,2,7,-25.0,-24.0,-22.0,-21.0,-24.5,-21.5,-117.81357819535287,35.54613957084572,,,,,,0,0,0.0,no events,False,33.854321026695224,32.421579189819596
120,2,8,-25.0,-24.0,-21.0,-20.0,-24.5,-20.5,-117.81360848218635,35.55515252731589,,,,,,0,0,0.0,no events,False,33.34821872188139,31.641200921530835
121,2,9,-25.0,-24.0,-20.0,-19.0,-24.5,-19.5,-117.81363878023926,35.56416547026789,,,,,,0,0,0.0,no events,False,32.864758201854194,30.87349015501202
122,2,10,-25.0,-24.0,-19.0,-18.0,-24.5,-18.5,-117.81366908951682,35.57317839970028,,,,,,0,0,0.0,no events,False,32.404952883938044,30.119415547891442
123,2,11,-25.0,-24.0,-18.0,-17.0,-24.5,-17.5,-117.81369941002436,35.58219131561161,,,,,,0,0,0.0,no events,False,31.969823445776907,29.3800270854454
124,2,12,-25.0,-24.0,-17.0,-16.0,-24.5,-16.5,-117.81372974176706,35.59120421800044,,,,,,0,0,0.0,no events,False,31.560390537793552,28.656461577390285
125,2,13,-25.0,-24.0,-16.0,-15.0,-24.5,-15.5,-117.81376008475026,35.60021710686537,,,,,,0,0,0.0,no events,False,31.17766653619143,27.949947920012058
126,2,14,-25.0,-24.0,-15.0,-14.0,-24.5,-14.5,-117.8137904389792,35.609229982204965,,,,,,0,0,0.0,no events,False,30.822646388424424,27.26181188634253
127,2,15,-25.0,-24.0,-14.0,-13.0,-24.5,-13.5,-117.81382080445916,35.61824284401778,,,,,,0,0,0.0,no events,False,30.49629764626774,26.593480139336172
128,2,16,-25.0,-24.0,-13.0,-12.0,-24.5,-12.5,-117.8138511811954,35.6272556923024,,,,,,0,0,0.0,no events,False,30.199549828990126,25.94648308569406
129,2,17,-25.0,-24.0,-12.0,-11.0,-24.5,-11.5,-117.8138815691932,35.63626852705739,,,,,,0,0,0.0,no events,False,29.93328330834357,25.322456103449927
130,2,18,-25.0,-24.0,-11.0,-10.0,-24.5,-10.5,-117.81391196845787,35.64528134828135,,,,,,0,0,0.0,no events,False,29.69831795508732,24.723138589307162
131,2,19,-25.0,-24.0,-10.0,-9.0,-24.5,-9.5,-117.81394237899468,35.65429415597283,,,,,,0,0,0.0,no events,False,29.49540182986772,24.15037018973062
132,2,20,-25.0,-24.0,-9.0,-8.0,-24.5,-8.5,-117.81397280080894,35.66330695013042,,,,,,0,0,0.0,no events,False,29.325200235450502,23.606083514551283
133,2,21,-25.0,-24.0,-8.0,-7.0,-24.5,-7.5,-117.81400323390592,35.672319730752704,,,,,,0,0,0.0,no events,False,29.188285468543167,23.092292599283216
134,2,22,-25.0,-24.0,-7.0,-6.0,-24.5,-6.5,-117.81403367829093,35.68133249783826,,,,,,0,0,0.0,no events,False,29.085127614247636,22.611076402636186
135,2,23,-25.0,-24.0,-6.0,-5.0,-24.5,-5.5,-117.81406413396924,35.69034525138567,,,,,,0,0,0.0,no events,False,29.016086712046,22.164556721955698
136,2,24,-25.0,-24.0,-5.0,-4.0,-24.5,-4.5,-117.8140946009462,35.69935799139352,,,,,,0,0,0.0,no events,False,28.981406588101873,21.754870104777275
137,2,25,-25.0,-24.0,-4.0,-3.0,-24.5,-3.5,-117.81412507922713,35.70837071786039,,,,,,0,0,0.0,no events,False,28.981210595293923,21.38413364788652
138,2,26,-25.0,-24.0,-3.0,-2.0,-24.5,-2.5,-117.81415556881726,35.717383430784885,,,,,,0,0,0.0,no events,False,29.015499432418512,21.05440501333659
139,2,27,-25.0,-24.0,-2.0,-1.0,-24.5,-1.5,-117.814186069722,35.72639613016557,,,,,,0,0,0.0,no events,False,29.08415113178621,20.767637541630815
140,2,28,-25.0,-24.0,-1.0,0.0,-24.5,-0.5,-117.81421658194662,35.73540881600105,,,,,,0,0,0.0,no events,False,29.186923215722537,20.525631967262157
141,2,29,-25.0,-24.0,0.0,1.0,-24.5,0.5,-117.81424710549648,35.7444214882899,,,,,,0,0,0.0,no events,False,29.323456933731148,20.32998687285446
142,2,30,-25.0,-24.0,1.0,2.0,-24.5,1.5,-117.81427764037689,35.753434147030724,,,,,,0,0,0.0,no events,False,29.49328340975768,20.18205056096568
143,2,31,-25.0,-24.0,2.0,3.0,-24.5,2.5,-117.81430818659312,35.76244679222212,,,,,,0,0,0.0,no events,False,29.695831458846033,20.08287736954831
144,2,32,-25.0,-24.0,3.0,4.0,-24.5,3.5,-117.8143387441506,35.77145942386268,,,,,,0,0,0.0,no events,False,29.93043677890605,20.033191508974706
145,2,33,-25.0,-24.0,4.0,5.0,-24.5,4.5,-117.81436931305458,35.78047204195101,,,,,,0,0,0.0,no events,False,30.196352188964713,20.033361191527415
146,2,34,-25.0,-24.0,5.0,6.0,-24.5,5.5,-117.8143998933105,35.78948464648568,,,,,,0,0,0.0,no events,False,30.49275857091149,20.08338515353269
147,2,35,-25.0,-24.0,6.0,7.0,-24.5,6.5,-117.81443048492363,35.79849723746529,,,,,,0,0,0.0,no events,False,30.818776176347406,20.182892701990905
148,2,36,-25.0,-24.0,7.0,8.0,-24.5,7.5,-117.81446108789936,35.80750981488848,,,,,,0,0,0.0,no events,False,31.173475981220005,20.33115728174415
149,2,37,-25.0,-24.0,8.0,9.0,-24.5,8.5,-117.814491702243,35.816522378753824,,,,,,0,0,0.0,no events,False,31.555890804976535,20.52712242400183
150,2,38,-25.0,-24.0,9.0,10.0,-24.5,9.5,-117.8145223279599,35.82553492905992,,,,,,0,0,0.0,no events,False,31.965025953993916,20.769437970366443
151,2,39,-25.0,-24.0,10.0,11.0,-24.5,10.5,-117.81455296505548,35.83454746580538,,,,,,0,0,0.0,no events,False,32.399869197010766,21.056503798110448
152,2,40,-25.0,-24.0,11.0,12.0,-24.5,11.5,-117.81458361353508,35.84355998898881,,,,,,0,0,0.0,no events,False,32.85939992950737,21.386517967981142
153,2,41,-25.0,-24.0,12.0,13.0,-24.5,12.5,-117.81461427340408,35.85257249860882,,,,,,0,0,0.0,no events,False,33.342597431382146,21.75752626999956
154,2,42,-25.0,-24.0,13.0,14.0,-24.5,13.5,-117.8146449446678,35.86158499466402,,,,,,0,0,0.0,no events,False,33.84844816553801,22.167470491345227
155,2,43,-25.0,-24.0,14.0,15.0,-24.5,14.5,-117.81467562733162,35.87059747715301,,,,,,0,0,0.0,no events,False,34.375952102582055,22.614233274192646
156,2,44,-25.0,-24.0,15.0,16.0,-24.5,15.5,-117.81470632140096,35.8796099460744,,,,,,0,0,0.0,no events,False,34.92412808794112,23.095678062671
157,2,45,-25.0,-24.0,16.0,17.0,-24.5,16.5,-117.8147370268812,35.88862240142682,,,,,,0,0,0.0,no events,False,35.49201829210083,23.609683262794587
158,2,46,-25.0,-24.0,17.0,18.0,-24.5,17.5,-117.81476774377768,35.89763484320886,,,,,,0,0,0.0,no events,False,36.07869180265163,24.154170289298357
159,2,47,-25.0,-24.0,18.0,19.0,-24.5,18.5,-117.81479847209584,35.906647271419175,,,,,,0,0,0.0,no events,False,36.68324742896441,24.727125610538803
160,2,48,-25.0,-24.0,19.0,20.0,-24.5,19.5,-117.814829211841,35.91565968605633,,,,,,0,0,0.0,no events,False,37.3048157974078,25.326617214983617
161,2,49,-25.0,-24.0,20.0,21.0,-24.5,20.5,-117.81485996301863,35.92467208711898,,,,,,0,0,0.0,no events,False,37.94256081793147,25.950806117522536
162,2,50,-25.0,-24.0,21.0,22.0,-24.5,21.5,-117.81489072563411,35.93368447460573,,,,,,0,0,0.0,no events,False,38.59568060244994,26.597953619483313
163,2,51,-25.0,-24.0,22.0,23.0,-24.5,22.5,-117.81492149969289,35.9426968485152,,,,,,0,0,0.0,no events,False,39.263407912587425,27.26642505608548
164,2,52,-25.0,-24.0,23.0,24.0,-24.5,23.5,-117.81495228520028,35.95170920884601,,,,,,0,0,0.0,no events,False,39.945010209713736,27.954690732219998
165,2,53,-25.0,-24.0,24.0,25.0,-24.5,24.5,-117.8149830821617,35.960721555596784,,,,,,0,0,0.0,no events,False,40.639789374430045,28.66132468203462
166,2,54,-25.0,-24.0,25.0,26.0,-24.5,25.5,-117.81501389058263,35.96973388876617,,,,,,0,0,0.0,no events,False,41.34708115625502,29.38500180575029
167,2,55,-25.0,-24.0,26.0,27.0,-24.5,26.5,-117.81504471046846,35.97874620835276,,,,,,0,0,0.0,no events,False,42.06625440761087,30.124493850003326
168,3,0,-24.0,-23.0,-29.0,-28.0,-23.5,-28.5,-117.80234710415598,35.48307274732195,,,,,,0,0,0.0,no events,False,37.19194247135342,37.65709941105555
169,3,1,-24.0,-23.0,-28.0,-27.0,-23.5,-27.5,-117.80237607963146,35.49208580282707,,,,,,0,0,0.0,no events,False,36.54078850457889,36.79760772997425
170,3,2,-24.0,-23.0,-27.0,-26.0,-23.5,-26.5,-117.80240506583326,35.50109884482547,,,,,,0,0,0.0,no events,False,35.90568011165179,35.94538542350049
171,3,3,-24.0,-23.0,-26.0,-25.0,-23.5,-25.5,-117.80243406276637,35.510111873315694,,,,,,0,0,0.0,no events,False,35.28748367373578,35.10096197882534
172,3,4,-24.0,-23.0,-25.0,-24.0,-23.5,-24.5,-117.80246307043582,35.519124888296325,,,,,,0,0,0.0,no events,False,34.687103421416886,34.26491398550247
173,3,5,-24.0,-23.0,-24.0,-23.0,-23.5,-23.5,-117.80249208884668,35.5281378897659,,,,,,0,0,0.0,no events,False,34.10548025628687,33.43786968436869
174,3,6,-24.0,-23.0,-23.0,-22.0,-23.5,-22.5,-117.80252111800394,35.53715087772299,,,,,,0,0,0.0,no events,False,33.54358989815902,32.6205139080267
175,3,7,-24.0,-23.0,-22.0,-21.0,-23.5,-21.5,-117.80255015791263,35.54616385216615,,,,,,0,0,0.0,no events,False,33.00244025825632,31.813593418831267
176,3,8,-24.0,-23.0,-21.0,-20.0,-23.5,-20.5,-117.8025792085778,35.55517681309396,,,,,,0,0,0.0,no events,False,32.483067939215346,31.01792263859146
177,3,9,-24.0,-23.0,-20.0,-19.0,-23.5,-19.5,-117.8026082700045,35.56418976050495,,,,,,0,0,0.0,no events,False,31.98653376794025,30.234389747580238
178,3,10,-24.0,-23.0,-19.0,-18.0,-23.5,-18.5,-117.80263734219773,35.57320269439773,,,,,,0,0,0.0,no events,False,31.513917278426117,29.463963107557774
179,3,11,-24.0,-23.0,-18.0,-17.0,-23.5,-17.5,-117.80266642516254,35.58221561477084,,,,,,0,0,0.0,no events,False,31.066310079817754,28.707697932757792
180,3,12,-24.0,-23.0,-17.0,-16.0,-23.5,-16.5,-117.802695518904,35.59122852162285,,,,,,0,0,0.0,no events,False,30.64480807117722,27.966743092348214
181,3,13,-24.0,-23.0,-16.0,-15.0,-23.5,-15.5,-117.80272462342715,35.60024141495234,,,,,,0,0,0.0,no events,False,30.250502499350166,27.24234787584116
182,3,14,-24.0,-23.0,-15.0,-14.0,-23.5,-14.5,-117.8027537387371,35.609254294757875,,,,,,0,0,0.0,no events,False,29.884469900051645,26.535868487450863
183,3,15,-24.0,-23.0,-14.0,-13.0,-23.5,-13.5,-117.80278286483885,35.618267161038034,,,,,,0,0,0.0,no events,False,29.5477610141783,25.848773955029824
184,3,16,-24.0,-23.0,-13.0,-12.0,-23.5,-12.5,-117.80281200173742,35.62728001379138,,,,,,0,0,0.0,no events,False,29.241388829788796,25.182651043390344
185,3,17,-24.0,-23.0,-12.0,-11.0,-23.5,-11.5,-117.80284114943797,35.63629285301649,,,,,,0,0,0.0,no events,False,28.966315962489933,24.539207651595216
186,3,18,-24.0,-23.0,-11.0,-10.0,-23.5,-10.5,-117.80287030794548,35.64530567871196,,,,,,0,0,0.0,no events,False,28.72344164933411,23.920274052841656
187,3,19,-24.0,-23.0,-10.0,-9.0,-23.5,-9.5,-117.80289947726509,35.65431849087636,,,,,,0,0,0.0,no events,False,28.513588689019898,23.32780121138703
188,3,20,-24.0,-23.0,-9.0,-8.0,-23.5,-8.5,-117.80292865740184,35.66333128950824,,,,,,0,0,0.0,no events,False,28.33749070878552,22.76385529634492
189,3,21,-24.0,-23.0,-8.0,-7.0,-23.5,-7.5,-117.80295784836082,35.67234407460624,,,,,,0,0,0.0,no events,False,28.195780170344776,22.2306074264261
190,3,22,-24.0,-23.0,-7.0,-6.0,-23.5,-6.5,-117.80298705014712,35.68135684616887,,,,,,0,0,0.0,no events,False,28.08897753849915,21.730317649376683
191,3,23,-24.0,-23.0,-6.0,-5.0,-23.5,-5.5,-117.80301626276582,35.69036960419476,,,,,,0,0,0.0,no events,False,28.017482022876575,21.265312218205317
192,3,24,-24.0,-23.0,-5.0,-4.0,-23.5,-4.5,-117.803045486222,35.699382348682505,,,,,,0,0,0.0,no events,False,27.981564263745412,20.837953410368613
193,3,25,-24.0,-23.0,-4.0,-3.0,-23.5,-3.5,-117.80307472052074,35.708395079630655,,,,,,0,0,0.0,no events,False,27.981361267637006,20.450601480827732
194,3,26,-24.0,-23.0,-3.0,-2.0,-23.5,-2.5,-117.80310396566716,35.71740779703783,,,,,,0,0,0.0,no events,False,28.01687381086474,20.10556886841489
195,3,27,-24.0,-23.0,-2.0,-1.0,-23.5,-1.5,-117.80313322166636,35.72642050090259,,,,,,0,0,0.0,no events,False,28.087966424748885,19.805067485810657
196,3,28,-24.0,-23.0,-1.0,0.0,-23.5,-0.5,-117.80316248852344,35.73543319122355,,,,,,0,0,0.0,no events,False,28.19436996319873,19.551150777190966
197,3,29,-24.0,-23.0,0.0,1.0,-23.5,0.5,-117.80319176624349,35.74444586799928,,,,,,0,0,0.0,no events,False,28.335686640094412,19.34565313726563
198,3,30,-24.0,-23.0,1.0,2.0,-23.5,1.5,-117.80322105483164,35.75345853122839,,,,,,0,0,0.0,no events,False,28.511397319484836,19.190130116868307
199,3,31,-24.0,-23.0,2.0,3.0,-23.5,2.5,-117.80325035429298,35.76247118090947,,,,,,0,0,0.0,no events,False,28.720870753746816,19.08580342813151
200,3,32,-24.0,-23.0,3.0,4.0,-23.5,3.5,-117.80327966463268,35.77148381704112,,,,,,0,0,0.0,no events,False,28.96337439935705,19.033514943178968
201,3,33,-24.0,-23.0,4.0,5.0,-23.5,4.5,-117.80330898585578,35.78049643962193,,,,,,0,0,0.0,no events,False,29.238086400126008,19.033693537701964
202,3,34,-24.0,-23.0,5.0,6.0,-23.5,5.5,-117.80333831796744,35.78950904865048,,,,,,0,0,0.0,no events,False,29.544108314266918,19.086337738866984
203,3,35,-24.0,-23.0,6.0,7.0,-23.5,6.5,-117.8033676609728,35.7985216441254,,,,,,0,0,0.0,no events,False,29.880478172697266,19.19101578544082
204,3,36,-24.0,-23.0,7.0,8.0,-23.5,7.5,-117.80339701487698,35.80753422604529,,,,,,0,0,0.0,no events,False,30.246183487721886,19.346883094493002
205,3,37,-24.0,-23.0,8.0,9.0,-23.5,8.5,-117.80342637968512,35.81654679440874,,,,,,0,0,0.0,no events,False,30.640173878697915,19.552715516442202
206,3,38,-24.0,-23.0,9.0,10.0,-23.5,9.5,-117.80345575540235,35.82555934921435,,,,,,0,0,0.0,no events,False,31.061373038884554,19.806955411215025
207,3,39,-24.0,-23.0,10.0,11.0,-23.5,10.5,-117.80348514203382,35.83457189046073,,,,,,0,0,0.0,no events,False,31.50868983002382,20.107766689933534
208,3,40,-24.0,-23.0,11.0,12.0,-23.5,11.5,-117.80351453958468,35.8435844181465,,,,,,0,0,0.0,no events,False,31.98102835351841,20.453094627751106
209,3,41,-24.0,-23.0,12.0,13.0,-23.5,12.5,-117.80354394806004,35.85259693227025,,,,,,0,0,0.0,no events,False,32.47729690556852,20.84072643759525
210,3,42,-24.0,-23.0,13.0,14.0,-23.5,13.5,-117.80357336746508,35.86160943283059,,,,,,0,0,0.0,no events,False,32.996415775601335,21.26834918468338
211,3,43,-24.0,-23.0,14.0,15.0,-23.5,14.5,-117.80360279780496,35.87062191982616,,,,,,0,0,0.0,no events,False,33.53732389115529,21.73360245418515
212,3,44,-24.0,-23.0,15.0,16.0,-23.5,15.5,-117.80363223908483,35.87963439325552,,,,,,0,0,0.0,no events,False,34.098984347398925,22.23412409409247
213,3,45,-24.0,-23.0,16.0,17.0,-23.5,16.5,-117.80366169130988,35.888646853117315,,,,,,0,0,0.0,no events,False,34.68038888576741,22.767588208381753
214,3,46,-24.0,-23.0,17.0,18.0,-23.5,17.5,-117.8036911544852,35.89765929941016,,,,,,0,0,0.0,no events,False,35.280561404432916,23.331735285258667
215,3,47,-24.0,-23.0,18.0,19.0,-23.5,18.5,-117.80372062861602,35.90667173213266,,,,,,0,0,0.0,no events,False,35.89856059448434,23.92439487252133
216,3,48,-24.0,-23.0,19.0,20.0,-23.5,19.5,-117.8037501137075,35.91568415128346,,,,,,0,0,0.0,no events,False,36.53348180094208,24.54350155563108
217,3,49,-24.0,-23.0,20.0,21.0,-23.5,20.5,-117.8037796097648,35.924696556861136,,,,,,0,0,0.0,no events,False,37.18445820828465,25.187105177177585
218,3,50,-24.0,-23.0,21.0,22.0,-23.5,21.5,-117.80380911679316,35.933708948864336,,,,,,0,0,0.0,no events,False,37.850661447160604,25.853376294038394
219,3,51,-24.0,-23.0,22.0,23.0,-23.5,22.5,-117.80383863479766,35.942721327291686,,,,,,0,0,0.0,no events,False,38.531301713431276,26.540607837728338
220,3,52,-24.0,-23.0,23.0,24.0,-23.5,23.5,-117.80386816378356,35.95173369214178,,,,,,0,0,0.0,no events,False,39.22562748351356,27.24721385740251
221,3,53,-24.0,-23.0,24.0,25.0,-23.5,24.5,-117.80389770375606,35.96074604341326,,,,,,0,0,0.0,no events,False,39.93292490188111,27.971726110234385
222,3,54,-24.0,-23.0,25.0,26.0,-23.5,25.5,-117.80392725472028,35.96975838110476,,,,,,0,0,0.0,no events,False,40.652516908097816,28.712789139700597
223,3,55,-24.0,-23.0,26.0,27.0,-23.5,26.5,-117.80395681668148,35.978770705214906,,,,,,0,0,0.0,no events,False,41.383762162315314,29.469154361397088
224,4,0,-23.0,-22.0,-29.0,-28.0,-22.5,-28.5,-117.79132770059478,35.48309598706588,,,,,,0,0,0.0,no events,False,36.44566634887751,37.16184959217021
225,4,1,-23.0,-22.0,-28.0,-27.0,-22.5,-27.5,-117.79135544309776,35.492109046833605,,,,,,0,0,0.0,no events,False,35.7809339643001,36.290630522299026
226,4,2,-23.0,-22.0,-27.0,-26.0,-22.5,-26.5,-117.79138319587064,35.50112209309594,,,,,,0,0,0.0,no events,False,35.13209181220934,35.42621433770425
227,4,3,-23.0,-22.0,-26.0,-25.0,-22.5,-25.5,-117.7914109589182,35.510135125851434,,,,,,1,1,2.0,no onset,True,34.50003644701565,34.56911136977494
228,4,4,-23.0,-22.0,-25.0,-24.0,-22.5,-24.5,-117.7914387322453,35.51914814509863,,,,,,0,0,0.0,no events,False,33.88570723165315,33.7198792923528
229,4,5,-23.0,-22.0,-24.0,-23.0,-22.5,-23.5,-117.79146651585668,35.52816115083613,,,,,,0,0,0.0,no events,False,33.29008552607237,32.87912800069041
230,4,6,-23.0,-22.0,-23.0,-22.0,-22.5,-22.5,-117.79149430975724,35.53717414306245,,,,,,0,0,0.0,no events,False,32.71419315950059,32.04752496965599
231,4,7,-23.0,-22.0,-22.0,-21.0,-22.5,-21.5,-117.7915221139517,35.54618712177618,,,,,,0,0,0.0,no events,False,32.159090065190234,31.225801115034102
232,4,8,-23.0,-22.0,-21.0,-20.0,-22.5,-20.5,-117.79154992844497,35.55520008697587,,,,,,0,0,0.0,no events,False,31.62587095346023,30.414757172639163
233,4,9,-23.0,-22.0,-20.0,-19.0,-22.5,-19.5,-117.79157775324178,35.56421303866009,,,,,,0,0,0.0,no events,False,31.115660901045015,29.615270595852166
234,4,10,-23.0,-22.0,-19.0,-18.0,-22.5,-18.5,-117.79160558834702,35.57322597682741,,,,,,0,0,0.0,no events,False,30.629609743722227,28.828302951448364
235,4,11,-23.0,-22.0,-18.0,-17.0,-22.5,-17.5,-117.79163343376554,35.5822389014764,,,,,,0,0,0.0,no events,False,30.168885176562718,28.05490776415825
236,4,12,-23.0,-22.0,-17.0,-16.0,-22.5,-16.5,-117.79166128950212,35.59125181260562,,,,,,0,0,0.0,no events,False,29.734664493491902,27.296238719837714
237,4,13,-23.0,-22.0,-16.0,-15.0,-22.5,-15.5,-117.79168915556164,35.60026471021365,,,,,,0,0,0.0,no events,False,29.328124936388793,26.553558082586747
238,4,14,-23.0,-22.0,-15.0,-14.0,-22.5,-14.5,-117.79171703194888,35.60927759429906,,,,,,0,0,0.0,no events,False,28.95043267428541,25.828245109574297
239,4,15,-23.0,-22.0,-14.0,-13.0,-22.5,-13.5,-117.79174491866874,35.61829046486042,,,,,,0,0,0.0,no events,False,28.602730495046,25.121804155657074
240,4,16,-23.0,-22.0,-13.0,-12.0,-22.5,-12.5,-117.79177281572603,35.627303321896306,,,,,,0,0,0.0,no events,False,28.28612436365464,24.435872045624432
241,4,17,-23.0,-22.0,-12.0,-11.0,-22.5,-11.5,-117.79180072312566,35.63631616540529,,,,,,0,0,0.0,no events,False,28.001669079896626,23.772224153937934
242,4,18,-23.0,-22.0,-11.0,-10.0,-22.5,-10.5,-117.7918286408724,35.645328995385974,,,,,,0,0,0.0,no events,False,27.75035334917271,23.132778471684084
243,4,19,-23.0,-22.0,-10.0,-9.0,-22.5,-9.5,-117.79185656897114,35.6543418118369,,,,,,0,0,0.0,no events,False,27.533084657332587,22.519596764039786
244,4,20,-23.0,-22.0,-9.0,-8.0,-22.5,-8.5,-117.79188450742676,35.66335461475667,,,,,,0,0,0.0,no events,False,27.350674406525062,21.934881741415694
245,4,21,-23.0,-22.0,-8.0,-7.0,-22.5,-7.5,-117.7919124562441,35.67236740414386,,,,,,0,0,0.0,no events,False,27.203823816435204,21.38096900528206
246,4,22,-23.0,-22.0,-7.0,-6.0,-22.5,-6.5,-117.79194041542804,35.68138017999706,,,,,,0,0,0.0,no events,False,27.093111116657486,20.860312418556266
247,4,23,-23.0,-22.0,-6.0,-5.0,-22.5,-5.5,-117.79196838498342,35.69039294231485,,,,,,0,0,0.0,no events,False,27.018980545598897,20.37546153574719
248,4,24,-23.0,-22.0,-5.0,-4.0,-22.5,-4.5,-117.79199636491516,35.699405691095805,,,,,,0,0,0.0,no events,False,26.981733626054382,19.92902986574243
249,4,25,-23.0,-22.0,-4.0,-3.0,-22.5,-3.5,-117.79202435522812,35.70841842633853,,,,,,0,0,0.0,no events,False,26.981523107698273,19.523653090151807
250,4,26,-23.0,-22.0,-3.0,-2.0,-22.5,-2.5,-117.79205235592713,35.7174311480416,,,,,,0,0,0.0,no events,False,27.018349856258023,19.161936973582154
251,4,27,-23.0,-22.0,-2.0,-1.0,-22.5,-1.5,-117.7920803670171,35.72644385620361,,,,,,0,0,0.0,no events,False,27.0920628358023,18.846395601665463
252,4,28,-23.0,-22.0,-1.0,0.0,-22.5,-0.5,-117.79210838850295,35.735456550823166,,,,,,0,0,0.0,no events,False,27.202362184982437,18.5793817380831
253,4,29,-23.0,-22.0,0.0,1.0,-22.5,0.5,-117.79213642038954,35.74446923189883,,,,,,0,0,0.0,no events,False,27.348805242402538,18.363012398959935
254,4,30,-23.0,-22.0,1.0,2.0,-22.5,1.5,-117.79216446268178,35.75348189942922,,,,,,0,0,0.0,no events,False,27.53081524275601,18.199094014793616
255,4,31,-23.0,-22.0,2.0,3.0,-22.5,2.5,-117.79219251538451,35.76249455341291,,,,,,0,0,0.0,no events,False,27.74769229457954,18.08905253334838
256,4,32,-23.0,-22.0,3.0,4.0,-22.5,3.5,-117.79222057850272,35.771507193848514,,,,,,0,0,0.0,no events,False,27.99862617019933,18.033874241248824
257,4,33,-23.0,-22.0,4.0,5.0,-22.5,4.5,-117.79224865204124,35.780519820734625,,,,,,0,0,0.0,no events,False,28.282710392790737,18.034062735393775
258,4,34,-23.0,-22.0,5.0,6.0,-22.5,5.5,-117.79227673600502,35.78953243406984,,,,,,0,0,0.0,no events,False,28.598957094732935,18.089616285014422
259,4,35,-23.0,-22.0,6.0,7.0,-22.5,6.5,-117.79230483039892,35.79854503385277,,,,,,0,0,0.0,no events,False,28.946312142486775,18.200027910253308
260,4,36,-23.0,-22.0,7.0,8.0,-22.5,7.5,-117.79233293522792,35.807557620082,,,,,,0,0,0.0,no events,False,29.323670070340437,18.36430816908004
261,4,37,-23.0,-22.0,8.0,9.0,-22.5,8.5,-117.79236105049684,35.81657019275613,,,,,,0,0,0.0,no events,False,29.729888431309014,18.58102831179912
262,4,38,-23.0,-22.0,9.0,10.0,-22.5,9.5,-117.7923891762107,35.82558275187378,,,,,,0,0,0.0,no events,False,30.16380125053843,18.848379551537608
263,4,39,-23.0,-22.0,10.0,11.0,-22.5,10.5,-117.79241731237435,35.83459529743356,,,,,,0,0,0.0,no events,False,30.624231347511174,19.164243014368232
264,4,40,-23.0,-22.0,11.0,12.0,-22.5,11.5,-117.79244545899274,35.84360782943407,,,,,,0,0,0.0,no events,False,31.110001372063426,19.52626459179282
265,4,41,-23.0,-22.0,12.0,13.0,-22.5,12.5,-117.7924736160708,35.8526203478739,,,,,,0,0,0.0,no events,False,31.619943471070442,19.931929347246907
266,4,42,-23.0,-22.0,13.0,14.0,-22.5,13.5,-117.7925017836135,35.86163285275169,,,,,,0,0,0.0,no events,False,32.152907564598145,20.37863111444395
267,4,43,-23.0,-22.0,14.0,15.0,-22.5,14.5,-117.7925299616257,35.87064534406604,,,,,,0,0,0.0,no events,False,32.70776826078928,20.863734198209187
268,4,44,-23.0,-22.0,15.0,16.0,-22.5,15.5,-117.79255815011236,35.87965782181556,,,,,,0,0,0.0,no events,False,33.28343047742219,21.384625395093178
269,4,45,-23.0,-22.0,16.0,17.0,-22.5,16.5,-117.79258634907846,35.88867028599884,,,,,,0,0,0.0,no events,False,33.878833865546476,21.93875570499395
270,4,46,-23.0,-22.0,17.0,18.0,-22.5,17.5,-117.79261455852894,35.89768273661454,,,,,,0,0,0.0,no events,False,34.49295614807755,22.523672002547567
271,4,47,-23.0,-22.0,18.0,19.0,-22.5,18.5,-117.79264277846872,35.906695173661255,,,,,,0,0,0.0,no events,False,35.124815495274895,23.13703954859579
272,4,48,-23.0,-22.0,19.0,20.0,-22.5,19.5,-117.7926710089028,35.91570759713762,,,,,,0,0,0.0,no events,False,35.773472061305505,23.776656570431136
273,4,49,-23.0,-22.0,20.0,21.0,-22.5,20.5,-117.79269924983603,35.92472000704221,,,,,,0,0,0.0,no events,False,36.43802880322847,24.440462275971104
274,4,50,-23.0,-22.0,21.0,22.0,-22.5,21.5,-117.79272750127348,35.93373240337368,,,,,,0,0,0.0,no events,False,37.11763169719762,25.126539651494138
275,4,51,-23.0,-22.0,22.0,23.0,-22.5,22.5,-117.79275576322006,35.94274478613065,,,,,,0,0,0.0,no events,False,37.81146945772819,25.833114280958224
276,4,52,-23.0,-22.0,23.0,24.0,-22.5,23.5,-117.79278403568075,35.95175715531174,,,,,,0,0,0.0,no events,False,38.518772855539076,26.55855026254235
277,4,53,-23.0,-22.0,24.0,25.0,-22.5,24.5,-117.79281231866052,35.96076951091557,,,,,,0,0,0.0,no events,False,39.23881371856846,27.30134411788051
278,4,54,-23.0,-22.0,25.0,26.0,-22.5,25.5,-117.79284061216434,35.96978185294078,,,,,,0,0,0.0,no events,False,39.970903689864436,28.06011741311624
279,4,55,-23.0,-22.0,26.0,27.0,-22.5,26.5,-117.7928689161972,35.97879418138597,,,,,,0,0,0.0,no events,False,40.71439280559542,28.833608650892277
280,5,0,-22.0,-21.0,-29.0,-28.0,-21.5,-28.5,-117.78030829081456,35.483118216396434,,,,,,1,1,2.0,no onset,True,35.71179926067772,36.68717751705686
281,5,1,-22.0,-21.0,-28.0,-27.0,-21.5,-27.5,-117.7803348003416,35.49213128024145,,,,,,0,0,0.0,no events,False,35.03314496557287,35.80441024179818
282,5,2,-22.0,-21.0,-27.0,-26.0,-21.5,-26.5,-117.78036131968211,35.501144330582335,,,,,,0,0,0.0,no events,False,34.3701889131082,34.92796288588734
283,5,3,-22.0,-21.0,-26.0,-25.0,-21.5,-25.5,-117.78038784884068,35.510157367417655,,,,,,0,0,0.0,no events,False,33.72385692157183,34.0583233579233
284,5,4,-22.0,-21.0,-25.0,-24.0,-21.5,-24.5,-117.7804143878219,35.519170390745934,,,,,,0,0,0.0,no events,False,33.0951229852761,33.19602669820297
285,5,5,-22.0,-21.0,-24.0,-23.0,-21.5,-23.5,-117.7804409366304,35.52818340056577,,,,,,0,0,0.0,no events,False,32.485008929573226,32.34166024097626
286,5,6,-22.0,-21.0,-23.0,-22.0,-21.5,-22.5,-117.78046749527071,35.537196396875736,,,,,,0,0,0.0,no events,False,31.894583315954367,31.49586934405344
287,5,7,-22.0,-21.0,-22.0,-21.0,-21.5,-21.5,-117.78049406374755,35.546209379674345,,,,,,0,0,0.0,no events,False,31.324959451566045,30.65936373006827
288,5,8,-22.0,-21.0,-21.0,-20.0,-21.5,-20.5,-117.78052064206538,35.55522234896021,,,,,,0,0,0.0,no events,False,30.77729234981789,29.832924478293545
289,5,9,-22.0,-21.0,-20.0,-19.0,-21.5,-19.5,-117.7805472302289,35.56423530473185,,,,,,0,0,0.0,no events,False,30.252774486484064,29.017411695782013
290,5,10,-22.0,-21.0,-19.0,-18.0,-21.5,-18.5,-117.78057382824272,35.57324824698789,,,,,,0,0,0.0,no events,False,29.75263020094128,28.213772879879915
291,5,11,-22.0,-21.0,-18.0,-17.0,-21.5,-17.5,-117.78060043611144,35.58226117572684,,,,,,0,0,0.0,no events,False,29.278108607248956,27.423051958386903
292,5,12,-22.0,-21.0,-17.0,-16.0,-21.5,-16.5,-117.78062705383962,35.59127409094732,,,,,,0,0,0.0,no events,False,28.83047490697591,26.646398955718734
293,5,13,-22.0,-21.0,-16.0,-15.0,-21.5,-15.5,-117.780653681432,35.60028699264787,,,,,,0,0,0.0,no events,False,28.411000037057295,25.885080179560365
294,5,14,-22.0,-21.0,-15.0,-14.0,-21.5,-14.5,-117.78068031889312,35.609299880827066,,,,,,0,0,0.0,no events,False,28.020948642927344,25.140488748176903
295,5,15,-22.0,-21.0,-14.0,-13.0,-21.5,-13.5,-117.78070696622764,35.61831275548351,,,,,,0,0,0.0,no events,False,27.661565440037442,24.41415517875132
296,5,16,-22.0,-21.0,-13.0,-12.0,-21.5,-12.5,-117.78073362344014,35.62732561661573,,,,,,0,0,0.0,no events,False,27.3340601143953,23.707757626715573
297,5,17,-22.0,-21.0,-12.0,-11.0,-21.5,-11.5,-117.78076029053533,35.63633846422235,,,,,,0,0,0.0,no events,False,27.0395910117235,23.02313120064321
298,5,18,-22.0,-21.0,-11.0,-10.0,-21.5,-10.5,-117.7807869675178,35.64535129830191,,,,,,0,0,0.0,no events,False,26.779247969746656,22.362275574658575
299,5,19,-22.0,-21.0,-10.0,-9.0,-21.5,-9.5,-117.78081365439222,35.654364118853024,,,,,,0,0,0.0,no events,False,26.554034751221565,21.727359882689658
300,5,20,-22.0,-21.0,-9.0,-8.0,-21.5,-8.5,-117.78084035116318,35.663376925874246,,,,,,0,0,0.0,no events,False,26.364851626985967,21.12072361608031
301,5,21,-22.0,-21.0,-8.0,-7.0,-21.5,-7.5,-117.78086705783538,35.67238971936417,,,,,,0,0,0.0,no events,False,26.21247872782898,20.544871979688583
302,5,22,-22.0,-21.0,-7.0,-6.0,-21.5,-6.5,-117.78089377441346,35.68140249932138,,,,,,0,0,0.0,no events,False,26.097560820904107,20.002463929644605
303,5,23,-22.0,-21.0,-6.0,-5.0,-21.5,-5.5,-117.78092050090204,35.69041526574445,,,,,,0,0,0.0,no events,False,26.020594162022725,19.496290976790277
304,5,24,-22.0,-21.0,-5.0,-4.0,-21.5,-4.5,-117.78094723730582,35.699428018631984,,,,,,0,0,0.0,no events,False,25.981916024200242,19.02924487326322
305,5,25,-22.0,-21.0,-4.0,-3.0,-21.5,-3.5,-117.78097398362942,35.708440757982565,,,,,,0,0,0.0,no events,False,25.98169740475967,18.604272601785727
306,5,26,-22.0,-21.0,-3.0,-2.0,-21.5,-2.5,-117.78100073987754,35.71745348379477,,,,,,0,0,0.0,no events,False,26.019939273111255,18.22431775503532
307,5,27,-22.0,-21.0,-2.0,-1.0,-21.5,-1.5,-117.7810275060548,35.7264661960672,,,,,,0,0,0.0,no events,False,26.096472549375324,17.892248495687628
308,5,28,-22.0,-21.0,-1.0,0.0,-21.5,-0.5,-117.78105428216593,35.73547889479843,,,,,,0,0,0.0,no events,False,26.21096181493922,17.610773828153512
309,5,29,-22.0,-21.0,0.0,1.0,-21.5,0.5,-117.78108106821551,35.744491579987084,,,,,,0,0,0.0,no events,False,26.362912566863777,17.38235178050764
310,5,30,-22.0,-21.0,1.0,2.0,-21.5,1.5,-117.78110786420832,35.75350425163174,,,,,,0,0,0.0,no events,False,26.55168165581996,17.20909503769032
311,5,31,-22.0,-21.0,2.0,3.0,-21.5,2.5,-117.781134670149,35.762516909731,,,,,,0,0,0.0,no events,False,26.776490406621782,17.092681200186185
312,5,32,-22.0,-21.0,3.0,4.0,-21.5,3.5,-117.78116148604218,35.77152955428343,,,,,,0,0,0.0,no events,False,27.036439821836943,17.03427571709871
313,5,33,-22.0,-21.0,4.0,5.0,-21.5,4.5,-117.7811883118926,35.78054218528767,,,,,,0,0,0.0,no events,False,27.330527217448854,17.03447527225536
314,5,34,-22.0,-21.0,5.0,6.0,-21.5,5.5,-117.7812151477049,35.789554802742295,,,,,,0,0,0.0,no events,False,27.65766363465314,17.09327781310594
315,5,35,-22.0,-21.0,6.0,7.0,-21.5,6.5,-117.78124199348385,35.79856740664594,,,,,,0,0,0.0,no events,False,28.016691408364352,17.210082654971774
316,5,36,-22.0,-21.0,7.0,8.0,-21.5,7.5,-117.78126884923404,35.807579996997134,,,,,,0,0,0.0,no events,False,28.40640134222248,17.383720648523457
317,5,37,-22.0,-21.0,8.0,9.0,-21.5,8.5,-117.78129571496028,35.816592573794544,,,,,,0,0,0.0,no events,False,28.82554903135968,17.612510956159582
318,5,38,-22.0,-21.0,9.0,10.0,-21.5,9.5,-117.7813225906672,35.82560513703677,,,,,,0,0,0.0,no events,False,29.27286997721992,17.894338232406973
319,5,39,-22.0,-21.0,10.0,11.0,-21.5,10.5,-117.78134947635948,35.8346176867224,,,,,,0,0,0.0,no events,False,29.747093243662068,18.22674242344809
320,5,40,-22.0,-21.0,11.0,12.0,-21.5,11.5,-117.78137637204188,35.84363022285005,,,,,,0,0,0.0,no events,False,30.24695350264267,18.607013139288714
321,5,41,-22.0,-21.0,12.0,13.0,-21.5,12.5,-117.78140327771912,35.852642745418336,,,,,,0,0,0.0,no events,False,30.77120140545263,19.032281433412113
322,5,42,-22.0,-21.0,13.0,14.0,-21.5,13.5,-117.78143019339583,35.86165525442585,,,,,,0,0,0.0,no events,False,31.318612288523127,19.4996034614949
323,5,43,-22.0,-21.0,14.0,15.0,-21.5,14.5,-117.78145711907683,35.870667749871224,,,,,,0,0,0.0,no events,False,31.887993279959375,20.00603243400561
324,5,44,-22.0,-21.0,15.0,16.0,-21.5,15.5,-117.7814840547668,35.87968023175305,,,,,,0,0,0.0,no events,False,32.478188914510554,20.548677143442227
325,5,45,-22.0,-21.0,16.0,17.0,-21.5,16.5,-117.78151100047045,35.88869270006997,,,,,,0,0,0.0,no events,False,33.08808539203407,21.12474688464611
326,5,46,-22.0,-21.0,17.0,18.0,-21.5,17.5,-117.78153795619248,35.897705154820564,,,,,,0,0,0.0,no events,False,33.71661362969954,21.731583686775018
327,5,47,-22.0,-21.0,18.0,19.0,-21.5,18.5,-117.78156492193764,35.90671759600348,,,,,,0,0,0.0,no events,False,34.36275126351705,22.36668344056057
328,5,48,-22.0,-21.0,19.0,20.0,-21.5,19.5,-117.7815918977107,35.91573002361733,,,,,,0,0,0.0,no events,False,35.02552375257571,23.027707804407868
329,5,49,-22.0,-21.0,20.0,21.0,-21.5,20.5,-117.78161888351634,35.924742437660726,,,,,,0,0,0.0,no events,False,35.70400473176849,23.71248880484981
330,5,50,-22.0,-21.0,21.0,22.0,-21.5,21.5,-117.78164587935932,35.93375483813228,,,,,,0,0,0.0,no events,False,36.39731574759393,24.419027906840768
331,5,51,-22.0,-21.0,22.0,23.0,-21.5,22.5,-117.78167288524442,35.94276722503065,,,,,,0,0,0.0,no events,False,37.10462549836545,25.145491097013966
332,5,52,-22.0,-21.0,23.0,24.0,-21.5,23.5,-117.78169990117632,35.95177959835443,,,,,,0,0,0.0,no events,False,37.82514868599796,25.89020125655552
333,5,53,-22.0,-21.0,24.0,25.0,-21.5,24.5,-117.7817269271598,35.96079195810225,,,,,,0,0,0.0,no events,False,38.55814457234367,26.651628837650613
334,5,54,-22.0,-21.0,25.0,26.0,-21.5,25.5,-117.78175396319962,35.96980430427274,,,,,,0,0,0.0,no events,False,39.30291531942201,27.42838162004514
335,5,55,-22.0,-21.0,26.0,27.0,-21.5,26.5,-117.78178100930054,35.97881663686453,,,,,,0,0,0.0,no events,False,40.05880418022435,28.21919412190523
336,6,0,-21.0,-20.0,-29.0,-28.0,-20.5,-28.5,-117.76928887509168,35.48313943531225,,,,,,0,0,0.0,no events,False,34.99112197767001,36.23389191385605
337,6,1,-21.0,-20.0,-28.0,-27.0,-20.5,-27.5,-117.76931415163948,35.49215250304923,,,,,,0,0,0.0,no events,False,34.29821069677081,35.3398036471617
338,6,2,-21.0,-20.0,-27.0,-26.0,-20.5,-26.5,-117.76933943754436,35.50116555728329,,,,,,0,0,0.0,no events,False,33.62076585600015,34.4515387234719
339,6,3,-21.0,-20.0,-26.0,-25.0,-20.5,-25.5,-117.76936473281064,35.51017859801297,,,,,,0,0,0.0,no events,False,32.95974114716145,33.56955941042159
340,6,4,-21.0,-20.0,-25.0,-24.0,-20.5,-24.5,-117.76939003744272,35.51919162523686,,,,,,0,0,0.0,no events,False,32.31614420427954,32.694374403018706
341,6,5,-21.0,-20.0,-24.0,-23.0,-20.5,-23.5,-117.769415351445,35.5282046389535,,,,,,0,0,0.0,no events,False,31.691036839707408,31.82654420762181
342,6,6,-21.0,-20.0,-23.0,-22.0,-20.5,-22.5,-117.7694406748218,35.537217639161454,,,,,,0,0,0.0,no events,False,31.085534509150623,30.96668717823471
343,6,7,-21.0,-20.0,-22.0,-21.0,-20.5,-21.5,-117.7694660075776,35.54623062585929,,,,,,0,0,0.0,no events,False,30.50080483304492,30.11548627184337
344,6,8,-21.0,-20.0,-21.0,-20.0,-20.5,-20.5,-117.76949134971676,35.555243599045575,,,,,,0,0,0.0,no events,False,29.93806498769415,29.27369658899482
345,6,9,-21.0,-20.0,-20.0,-19.0,-20.5,-19.5,-117.76951670124366,35.56425655871888,,,,,,0,0,0.0,no events,False,29.39857777089396,28.442153761265473
346,6,10,-21.0,-20.0,-19.0,-18.0,-20.5,-18.5,-117.7695420621627,35.57326950487776,,,,,,0,0,0.0,no events,False,28.8836461461361,27.621783236684923
347,6,11,-21.0,-20.0,-18.0,-17.0,-20.5,-17.5,-117.76956743247828,35.5822824375208,,,,,,1,1,2.0,no onset,True,28.39460608001289,26.813610494846618
348,6,12,-21.0,-20.0,-17.0,-16.0,-20.5,-16.5,-117.7695928121948,35.59129535664654,,,,,,0,0,0.0,no events,False,27.932817512435207,26.018772191713605
349,6,13,-21.0,-20.0,-16.0,-15.0,-20.5,-15.5,-117.76961820131667,35.60030826225359,,,,,,0,0,0.0,no events,False,27.49965334194068,25.238528185281123
350,6,14,-21.0,-20.0,-15.0,-14.0,-20.5,-14.5,-117.76964359984837,35.60932115434052,,,,,,0,0,0.0,no events,False,27.09648637131411,24.47427432129848
351,6,15,-21.0,-20.0,-14.0,-13.0,-20.5,-13.5,-117.76966900779416,35.61833403290589,,,,,,0,0,0.0,no events,False,26.724674243378786,23.7275557558951
352,6,16,-21.0,-20.0,-13.0,-12.0,-20.5,-12.5,-117.76969442515858,35.62734689794827,,,,,,0,0,0.0,no events,False,26.385542502639883,23.000080450816935
353,6,17,-21.0,-20.0,-12.0,-11.0,-20.5,-11.5,-117.769719851946,35.63635974946626,,,,,,0,0,0.0,no events,False,26.080366042341463,22.293732288223786
354,6,18,-21.0,-20.0,-11.0,-10.0,-20.5,-10.5,-117.76974528816088,35.64537258745841,,,,,,0,0,0.0,no events,False,25.81034933212683,21.6105830077287
355,6,19,-21.0,-20.0,-10.0,-9.0,-20.5,-9.5,-117.7697707338076,35.65438541192333,,,,,,0,0,0.0,no events,False,25.576605959163583,20.95290186415411
356,6,20,-21.0,-20.0,-9.0,-8.0,-20.5,-8.5,-117.76979618889058,35.66339822285958,,,,,,1,1,2.0,no onset,True,25.380138142536264,20.323161543515155
357,6,21,-21.0,-20.0,-8.0,-7.0,-20.5,-7.5,-117.76982165341428,35.67241102026576,,,,,,0,0,0.0,no events,False,25.221816982091642,19.724038473871264
358,6,22,-21.0,-20.0,-7.0,-6.0,-20.5,-6.5,-117.76984712738316,35.68142380414044,,,,,,0,0,0.0,no events,False,25.102364263591358,19.158405265410124
359,6,23,-21.0,-20.0,-6.0,-5.0,-20.5,-5.5,-117.76987261080158,35.69043657448221,,,,,,0,0,0.0,no events,False,25.02233664880102,18.62931267944781
360,6,24,-21.0,-20.0,-5.0,-4.0,-20.5,-4.5,-117.76989810367404,35.69944933128966,,,,,,0,0,0.0,no events,False,24.98211302331796,18.1399583655414
361,6,25,-21.0,-20.0,-4.0,-3.0,-20.5,-3.5,-117.769923606005,35.70846207456136,,,,,,0,0,0.0,no events,False,24.98188565448443,17.69363976400887
362,6,26,-21.0,-20.0,-3.0,-2.0,-20.5,-2.5,-117.76994911779884,35.717474804295925,,,,,,0,0,0.0,no events,False,25.021655632624256,17.293689215822532
363,6,27,-21.0,-20.0,-2.0,-1.0,-20.5,-1.5,-117.76997463906002,35.726487520491936,,,,,,0,0,0.0,no events,False,25.101232845052436,16.943390607797397
364,6,28,-21.0,-20.0,-1.0,0.0,-20.5,-0.5,-117.77000016979304,35.735500223147994,,,,,,0,0,0.0,no events,False,25.220240484290418,16.645878885878556
365,6,29,-21.0,-20.0,0.0,1.0,-20.5,0.5,-117.77002571000232,35.74451291226267,,,,,,0,0,0.0,no events,False,25.378123843762438,16.404026410557805
366,6,30,-21.0,-20.0,1.0,2.0,-20.5,1.5,-117.77005125969232,35.75352558783459,,,,,,0,0,0.0,no events,False,25.574162930059817,16.22032308781852
367,6,31,-21.0,-20.0,2.0,3.0,-20.5,2.5,-117.7700768188675,35.76253824986232,,,,,,0,0,0.0,no events,False,25.807488241151017,16.096759912111477
368,6,32,-21.0,-20.0,3.0,4.0,-20.5,3.5,-117.77010238753232,35.77155089834448,,,,,,0,0,0.0,no events,False,26.077098938744125,16.034727258768687
369,6,33,-21.0,-20.0,4.0,5.0,-20.5,4.5,-117.77012796569126,35.780563533279654,,,,,,0,0,0.0,no events,False,26.381882586444664,16.03493925333177
370,6,34,-21.0,-20.0,5.0,6.0,-20.5,5.5,-117.77015355334878,35.789576154666456,,,,,,0,0,0.0,no events,False,26.720635631452602,16.09739343660894
371,6,35,-21.0,-20.0,6.0,7.0,-20.5,6.5,-117.77017915050934,35.79858876250348,,,,,,0,0,0.0,no events,False,27.092083867667995,16.221370905318736
372,6,36,-21.0,-20.0,7.0,8.0,-20.5,7.5,-117.77020475717744,35.80760135678932,,,,,,0,0,0.0,no events,False,27.49490221907797,16.405476909948753
373,6,37,-21.0,-20.0,8.0,9.0,-20.5,8.5,-117.77023037335756,35.8166139375226,,,,,,0,0,0.0,no events,False,27.9277333090346,16.647716697427374
374,6,38,-21.0,-20.0,9.0,10.0,-20.5,9.5,-117.77025599905411,35.8256265047019,,,,,,0,0,0.0,no events,False,28.389204418659972,16.94559735839202
375,6,39,-21.0,-20.0,10.0,11.0,-20.5,10.5,-117.77028163427173,35.83463905832586,,,,,,0,0,0.0,no events,False,28.87794257332688,17.296244344587738
376,6,40,-21.0,-20.0,11.0,12.0,-20.5,11.5,-117.77030727901474,35.84365159839306,,,,,,0,0,0.0,no events,False,29.39258762021927,17.696521325464612
377,6,41,-21.0,-20.0,12.0,13.0,-20.5,12.5,-117.7703329332877,35.85266412490213,,,,,,0,0,0.0,no events,False,29.931803266027412,18.1431437633494
378,6,42,-21.0,-20.0,13.0,14.0,-20.5,13.5,-117.77035859709514,35.861676637851666,,,,,,0,0,0.0,no events,False,30.494286128717157,18.632779293827983
379,6,43,-21.0,-20.0,14.0,15.0,-20.5,14.5,-117.77038427044153,35.87068913724029,,,,,,0,0,0.0,no events,False,31.07877292049951,19.16213095684938
380,6,44,-21.0,-20.0,15.0,16.0,-20.5,15.5,-117.77040995333134,35.87970162306661,,,,,,0,0,0.0,no events,False,31.68404592200743,19.728001961739203
381,6,45,-21.0,-20.0,16.0,17.0,-20.5,16.5,-117.7704356457691,35.88871409532925,,,,,,0,0,0.0,no events,False,32.308936932863915,20.32734266935367
382,6,46,-21.0,-20.0,17.0,18.0,-20.5,17.5,-117.77046134775932,35.897726554026825,,,,,,0,0,0.0,no events,False,32.952329894495776,20.957281755806665
383,6,47,-21.0,-20.0,18.0,19.0,-20.5,18.5,-117.77048705930648,35.90673899915793,,,,,,0,0,0.0,no events,False,33.613162380525615,21.615144162998483
384,6,48,-21.0,-20.0,19.0,20.0,-20.5,19.5,-117.77051278041512,35.91575143072121,,,,,,0,0,0.0,no events,False,34.29042614146818,22.29845859655209
385,6,49,-21.0,-20.0,20.0,21.0,-20.5,20.5,-117.77053851108975,35.92476384871528,,,,,,0,0,0.0,no events,False,34.98316687647627,23.004957169642555
386,6,50,-21.0,-20.0,21.0,22.0,-20.5,21.5,-117.7705642513349,35.93377625313876,,,,,,1,1,2.0,no onset,True,35.69048338775042,23.732569455750657
387,6,51,-21.0,-20.0,22.0,23.0,-20.5,22.5,-117.77059000115509,35.94278864399028,,,,,,0,0,0.0,no events,False,36.411526254679174,24.479412810910507
388,6,52,-21.0,-20.0,23.0,24.0,-20.5,23.5,-117.7706157605548,35.95180102126844,,,,,,0,0,0.0,no events,False,37.14549614608873,25.24378042532279
389,6,53,-21.0,-20.0,24.0,25.0,-20.5,24.5,-117.77064152953857,35.960813384971885,,,,,,0,0,0.0,no events,False,37.89164187103793,26.02412820358927
390,6,54,-21.0,-20.0,25.0,26.0,-20.5,25.5,-117.77066730811096,35.96982573509926,,,,,,0,0,0.0,no events,False,38.64925825196258,26.81906126902638
391,6,55,-21.0,-20.0,26.0,27.0,-20.5,26.5,-117.77069309627652,35.97883807164916,,,,,,0,0,0.0,no events,False,39.41768388897044,27.627320643644246
392,7,0,-20.0,-19.0,-29.0,-28.0,-19.5,-28.5,-117.75826945370262,35.483159643812044,,,,,,0,0,0.0,no events,False,34.28446627960571,35.802805089573134
393,7,1,-20.0,-19.0,-28.0,-27.0,-19.5,-27.5,-117.75829349726804,35.492172715255656,,,,,,0,0,0.0,no events,False,33.576975263137136,34.89767400382014
394,7,2,-20.0,-19.0,-27.0,-26.0,-19.5,-26.5,-117.75831754973407,35.50118577319749,,,,,,0,0,0.0,no events,False,32.884675877454306,33.99785948367698
395,7,3,-20.0,-19.0,-26.0,-25.0,-19.5,-25.5,-117.75834161110492,35.51019881763611,,,,,,0,0,0.0,no events,False,32.20854773672863,33.103795070456584
396,7,4,-20.0,-19.0,-25.0,-24.0,-19.5,-24.5,-117.75836568138467,35.51921184857008,,,,,,0,0,0.0,no events,False,31.549630537504388,32.21595950242249
397,7,5,-20.0,-19.0,-24.0,-23.0,-19.5,-23.5,-117.75838976057756,35.52822486599796,,,,,,0,0,0.0,no events,False,30.90902500560203,31.334882244180626
398,7,6,-20.0,-19.0,-23.0,-22.0,-19.5,-22.5,-117.75841384868777,35.5372378699183,,,,,,0,0,0.0,no events,False,30.287893068697166,30.461149746055334
399,7,7,-20.0,-19.0,-22.0,-21.0,-19.5,-21.5,-117.7584379457194,35.54625086032968,,,,,,0,0,0.0,no events,False,29.68745705318554,29.59541252367582
400,7,8,-20.0,-19.0,-21.0,-20.0,-19.5,-20.5,-117.75846205167666,35.55526383723068,,,,,,0,0,0.0,no events,False,29.108997681621364,28.738393153436537
401,7,9,-20.0,-19.0,-20.0,-19.0,-19.5,-19.5,-117.75848616656376,35.56427680061983,,,,,,1,1,2.0,no onset,True,28.553850629513004,27.890895282088536
402,7,10,-20.0,-19.0,-19.0,-18.0,-19.5,-18.5,-117.75851029038488,35.573289750495725,,,,,,0,0,0.0,no events,False,28.023401390916884,27.05381374651953
403,7,11,-20.0,-19.0,-18.0,-17.0,-19.5,-17.5,-117.75853442314416,35.58230268685693,,,,,,0,0,0.0,no events,False,27.519078205135152,26.228145889984475
404,7,12,-20.0,-19.0,-17.0,-16.0,-19.5,-16.5,-117.75855856484586,35.59131560970201,,,,,,0,0,0.0,no events,False,27.04234281648405,25.415004139705545
405,7,13,-20.0,-19.0,-16.0,-15.0,-19.5,-15.5,-117.75858271549409,35.600328519029546,,,,,,0,0,0.0,no events,False,26.59467888033523,24.61562987242436
406,7,14,-20.0,-19.0,-15.0,-14.0,-19.5,-14.5,-117.7586068750931,35.60934141483811,,,,,,0,0,0.0,no events,False,26.177577895826246,23.831408531833176
407,7,15,-20.0,-19.0,-14.0,-13.0,-19.5,-13.5,-117.75863104364709,35.618354297126274,,,,,,0,0,0.0,no events,False,25.792522641958715,23.06388586526719
408,7,16,-20.0,-19.0,-13.0,-12.0,-19.5,-12.5,-117.75865522116018,35.627367165892615,,,,,,0,0,0.0,no events,False,25.44096822017305,22.314785004588597
409,7,17,-20.0,-19.0,-12.0,-11.0,-19.5,-11.5,-117.7586794076367,35.636380021135714,,,,,,0,0,0.0,no events,False,25.124320960450998,21.58602391354074
410,7,18,-20.0,-19.0,-11.0,-10.0,-19.5,-10.5,-117.75870360308076,35.64539286285415,,,,,,0,0,0.0,no events,False,24.843915622696425,20.87973244538572
411,7,19,-20.0,-19.0,-10.0,-9.0,-19.5,-9.5,-117.7587278074966,35.65440569104652,,,,,,0,0,0.0,no events,False,24.60099150870878,20.198267885782524
412,7,20,-20.0,-19.0,-9.0,-8.0,-19.5,-8.5,-117.75875202088844,35.66341850571137,,,,,,0,0,0.0,no events,False,24.396668275718795,19.5442273876655
413,7,21,-20.0,-19.0,-8.0,-7.0,-19.5,-7.5,-117.75877624326048,35.67243130684731,,,,,,0,0,0.0,no events,False,24.231922389677752,18.92045514187528
414,7,22,-20.0,-19.0,-7.0,-6.0,-19.5,-6.5,-117.75880047461692,35.68144409445291,,,,,,1,1,2.0,no onset,True,24.107565253323862,18.33004149942534
415,7,23,-20.0,-19.0,-6.0,-5.0,-19.5,-5.5,-117.75882471496205,35.690456868526766,,,,,,0,0,0.0,no events,False,24.024224070449606,17.776310639882386
416,7,24,-20.0,-19.0,-5.0,-4.0,-19.5,-4.5,-117.7588489643,35.69946962906748,,,,,,0,0,0.0,no events,False,23.982326449514282,17.262792895720445
417,7,25,-20.0,-19.0,-4.0,-3.0,-19.5,-3.5,-117.75887322263506,35.708482376073604,,,,,,0,0,0.0,no events,False,23.98208960192949,16.793177696775462
418,7,26,-20.0,-19.0,-3.0,-2.0,-19.5,-2.5,-117.75889748997145,35.71749510954376,,,,,,0,0,0.0,no events,False,24.023514759894663,16.371243561514113
419,7,27,-20.0,-19.0,-2.0,-1.0,-19.5,-1.5,-117.75892176631336,35.72650782947652,,,,,,0,0,0.0,no events,False,24.106387144546957,16.000762930102983
420,7,28,-20.0,-19.0,-1.0,0.0,-19.5,-0.5,-117.75894605166506,35.735520535870485,,,,,,0,0,0.0,no events,False,24.230281486327826,15.685382141991262
421,7,29,-20.0,-19.0,0.0,1.0,-19.5,0.5,-117.7589703460308,35.744533228724244,,,,,,0,0,0.0,no events,False,24.39457277040496,15.428480532289592
422,7,30,-20.0,-19.0,1.0,2.0,-19.5,1.5,-117.7589946494148,35.753545908036415,,,,,,0,0,0.0,no events,False,24.59845158530279,15.233017105293994
423,7,31,-20.0,-19.0,2.0,3.0,-19.5,2.5,-117.75901896182128,35.762558573805585,,,,,,0,0,0.0,no events,False,24.840943221592603,15.101377709504519
424,7,32,-20.0,-19.0,3.0,4.0,-19.5,3.5,-117.75904328325454,35.771571226030325,,,,,,0,0,0.0,no events,False,25.120929518676046,15.035238851446973
425,7,33,-20.0,-19.0,4.0,5.0,-19.5,4.5,-117.75906761371876,35.78058386470926,,,,,,0,0,0.0,no events,False,25.437172398405284,15.035464938438086
426,7,34,-20.0,-19.0,5.0,6.0,-19.5,5.5,-117.75909195321826,35.78959648984099,,,,,,0,0,0.0,no events,False,25.788338049787036,15.102052989906422
427,7,35,-20.0,-19.0,6.0,7.0,-19.5,6.5,-117.75911630175726,35.798609101424105,,,,,,0,0,0.0,no events,False,26.173020825154975,15.23413283074826
428,7,36,-20.0,-19.0,7.0,8.0,-19.5,7.5,-117.75914065934002,35.80762169945722,,,,,,0,0,0.0,no events,False,26.58976605496743,15.430022738149887
429,7,37,-20.0,-19.0,8.0,9.0,-19.5,8.5,-117.7591650259708,35.81663428393893,,,,,,0,0,0.0,no events,False,27.0370911638401,15.68733247861991
430,7,38,-20.0,-19.0,9.0,10.0,-19.5,9.5,-117.75918940165386,35.825646854867855,,,,,,0,0,0.0,no events,False,27.513504654000414,16.00309966505563
431,7,39,-20.0,-19.0,10.0,11.0,-19.5,10.5,-117.75921378639345,35.834659412242594,,,,,,0,0,0.0,no events,False,28.017522697226543,16.373942637148943
432,7,40,-20.0,-19.0,11.0,12.0,-19.5,11.5,-117.75923818019388,35.84367195606176,,,,,,0,0,0.0,no events,False,28.54768323057944,16.796213742376125
433,7,41,-20.0,-19.0,12.0,13.0,-19.5,12.5,-117.7592625830594,35.85268448632397,,,,,,0,0,0.0,no events,False,29.10255757794165,17.266140120899202
434,7,42,-20.0,-19.0,13.0,14.0,-19.5,13.5,-117.75928699499428,35.861697003027814,,,,,,0,0,0.0,no events,False,29.68075971604014,17.779943567668195
435,7,43,-20.0,-19.0,14.0,15.0,-19.5,14.5,-117.75931141600282,35.87070950617192,,,,,,0,0,0.0,no events,False,30.280953371140964,18.33393552580586
436,7,44,-20.0,-19.0,15.0,16.0,-19.5,15.5,-117.75933584608924,35.8797219957549,,,,,,0,0,0.0,no events,False,30.90185717411035,18.92458692968876
437,7,45,-20.0,-19.0,16.0,17.0,-19.5,16.5,-117.75936028525788,35.888734471775365,,,,,,0,0,0.0,no events,False,31.542248121416733,19.54857511570312
438,7,46,-20.0,-19.0,17.0,18.0,-19.5,17.5,-117.75938473351304,35.897746934231954,,,,,,0,0,0.0,no events,False,32.200963592677155,20.20281137983592
439,7,47,-20.0,-19.0,18.0,19.0,-19.5,18.5,-117.759409190859,35.906759383123266,,,,,,0,0,0.0,no events,False,32.876902166122974,20.88445321870238
440,7,48,-20.0,-19.0,19.0,20.0,-19.5,19.5,-117.75943365729997,35.915771818447915,,,,,,0,0,0.0,no events,False,33.569023455929184,21.590905141728282
441,7,49,-20.0,-19.0,20.0,21.0,-19.5,20.5,-117.75945813284034,35.92478424020453,,,,,,0,0,0.0,no events,False,34.276347173067116,22.3198114560596
442,7,50,-20.0,-19.0,21.0,22.0,-19.5,21.5,-117.75948261748438,35.93379664839174,,,,,,0,0,0.0,no events,False,34.997951586807595,23.069043803959232
443,7,51,-20.0,-19.0,22.0,23.0,-19.5,22.5,-117.75950711123636,35.94280904300817,,,,,,0,0,0.0,no events,False,35.73297153913218,23.836685604838824
444,7,52,-20.0,-19.0,23.0,24.0,-19.5,23.5,-117.7595316141006,35.95182142405242,,,,,,0,0,0.0,no events,False,36.48059614041871,24.62101499164628
445,7,53,-20.0,-19.0,24.0,25.0,-19.5,24.5,-117.75955612608146,35.960833791523136,,,,,,0,0,0.0,no events,False,37.24006625268321,25.420487363813688
446,7,54,-20.0,-19.0,25.0,26.0,-19.5,25.5,-117.7595806471832,35.96984614541897,,,,,,0,0,0.0,no events,False,38.01067184683976,26.233718310768527
447,7,55,-20.0,-19.0,26.0,27.0,-19.5,26.5,-117.75960517741012,35.97885848573851,,,,,,0,0,0.0,no events,False,38.79174930306751,27.05946738211402
448,8,0,-19.0,-18.0,-29.0,-28.0,-18.5,-28.5,-117.7472500269237,35.48317884189454,,,,,,0,0,0.0,no events,False,33.592717051448226,35.39472815743786
449,8,1,-19.0,-18.0,-28.0,-27.0,-18.5,-27.5,-117.74727283750374,35.492191916859454,,,,,,0,0,0.0,no events,False,32.87034040959361,34.47888600192682
450,8,2,-19.0,-18.0,-27.0,-26.0,-18.5,-26.5,-117.74729565652798,35.501204978323685,,,,,,0,0,0.0,no events,False,32.16283442712201,33.56784739194347
451,8,3,-19.0,-18.0,-26.0,-25.0,-18.5,-25.5,-117.74731848400036,35.510218026285784,,,,,,0,0,0.0,no events,False,31.471202044573495,32.662014284543844
452,8,4,-19.0,-18.0,-25.0,-24.0,-18.5,-24.5,-117.7473413199248,35.519231060744346,,,,,,0,0,0.0,no events,False,30.79651275508753,31.761832058599623
453,8,5,-19.0,-18.0,-24.0,-23.0,-18.5,-23.5,-117.74736416430532,35.52824408169791,,,,,,0,0,0.0,no events,False,30.139904406254693,30.86779509964434
454,8,6,-19.0,-18.0,-23.0,-22.0,-18.5,-22.5,-117.74738701714588,35.53725708914502,,,,,,0,0,0.0,no events,False,29.502584248876797,29.980453180506927
455,8,7,-19.0,-18.0,-22.0,-21.0,-18.5,-21.5,-117.74740987845034,35.54627008308429,,,,,,1,1,2.0,no onset,True,28.88582900153595,29.100418751342882
456,8,8,-19.0,-18.0,-21.0,-20.0,-18.5,-20.5,-117.74743274822276,35.55528306351424,,,,,,1,1,2.0,no onset,True,28.290983667060388,28.228375264943054
457,8,9,-19.0,-18.0,-20.0,-19.0,-18.5,-19.5,-117.74745562646706,35.56429603043348,,,,,,0,0,0.0,no events,False,27.719458807736125,27.365086674326275
458,8,10,-19.0,-18.0,-19.0,-18.0,-18.5,-18.5,-117.7474785131872,35.57330898384053,,,,,,0,0,0.0,no events,False,27.172725964423993,26.511408247928472
459,8,11,-19.0,-18.0,-18.0,-17.0,-18.5,-17.5,-117.74750140838718,35.58232192373401,,,,,,0,0,0.0,no events,False,26.652310895710038,25.668298850591373
460,8,12,-19.0,-18.0,-17.0,-16.0,-18.5,-16.5,-117.747524312071,35.591334850112446,,,,,,0,0,0.0,no events,False,26.159784322992536,24.836834832124058
461,8,13,-19.0,-18.0,-16.0,-15.0,-18.5,-15.5,-117.7475472242426,35.600347762974444,,,,,,0,0,0.0,no events,False,25.696749902845465,24.01822564373046
462,8,14,-19.0,-18.0,-15.0,-14.0,-18.5,-14.5,-117.74757014490594,35.60936066231856,,,,,,0,0,0.0,no events,False,25.26482921599294,23.21383125785341
463,8,15,-19.0,-18.0,-14.0,-13.0,-18.5,-13.5,-117.74759307406502,35.6183735481434,,,,,,0,0,0.0,no events,False,24.865643668668476,22.425181387516858
464,8,16,-19.0,-18.0,-13.0,-12.0,-18.5,-12.5,-117.74761601172384,35.6273864204475,,,,,,0,0,0.0,no events,False,24.50079335044265,21.653996371523963
465,8,17,-19.0,-18.0,-12.0,-11.0,-18.5,-11.5,-117.74763895788638,35.636399279229465,,,,,,0,0,0.0,no events,False,24.17183308201918,20.902209391662726
466,8,18,-19.0,-18.0,-11.0,-10.0,-18.5,-10.5,-117.74766191255662,35.64541212448788,,,,,,0,0,0.0,no events,False,23.88024611030839,20.171989392418737
467,8,19,-19.0,-18.0,-10.0,-9.0,-18.5,-9.5,-117.7476848757386,35.654424956221305,,,,,,0,0,0.0,no events,False,23.62741615227533,19.465763654241634
468,8,20,-19.0,-18.0,-9.0,-8.0,-18.5,-8.5,-117.74770784743622,35.66343777442833,,,,,,0,0,0.0,no events,False,23.4145987319173,18.78623840042852
469,8,21,-19.0,-18.0,-8.0,-7.0,-18.5,-7.5,-117.74773082765356,35.67245057910756,,,,,,0,0,0.0,no events,False,23.242892967972068,18.136415076653808
470,8,22,-19.0,-18.0,-7.0,-6.0,-18.5,-6.5,-117.7477538163946,35.68146337025754,,,,,,1,1,2.0,no onset,True,23.113215121754646,17.519599037295805
471,8,23,-19.0,-18.0,-6.0,-5.0,-18.5,-5.5,-117.74777681366332,35.69047614787689,,,,,,0,0,0.0,no events,False,23.026275274312383,16.93939635945026
472,8,24,-19.0,-18.0,-5.0,-4.0,-18.5,-4.5,-117.74779981946374,35.699488911964195,,,,,,0,0,0.0,no events,False,22.982558446620168,16.399693522060012
473,8,25,-19.0,-18.0,-4.0,-3.0,-18.5,-3.5,-117.74782283379987,35.70850166251803,,,,,,0,0,0.0,no events,False,22.982311295781678,15.904613991305721
474,8,26,-19.0,-18.0,-3.0,-2.0,-18.5,-2.5,-117.74784585667574,35.717514399536995,,,,,,0,0,0.0,no events,False,23.025535221577723,15.45844574358555
475,8,27,-19.0,-18.0,-2.0,-1.0,-18.5,-1.5,-117.74786888809534,35.72652712301967,,,,,,0,0,0.0,no events,False,23.111986327099157,15.06553495241104
476,8,28,-19.0,-18.0,-1.0,0.0,-18.5,-0.5,-117.74789192806271,35.735539832964655,,,,,,0,0,0.0,no events,False,23.24118223602062,14.730143991056545
477,8,29,-19.0,-18.0,0.0,1.0,-18.5,0.5,-117.74791497658184,35.74455252937055,,,,,,0,0,0.0,no events,False,23.412415327595372,14.456276857898086
478,8,30,-19.0,-18.0,1.0,2.0,-18.5,1.5,-117.74793803365678,35.75356521223598,,,,,,0,0,0.0,no events,False,23.62477155901671,14.2474818542485
479,8,31,-19.0,-18.0,2.0,3.0,-18.5,2.5,-117.74796109929152,35.762577881559466,,,,,,0,0,0.0,no events,False,23.87715374494261,14.106648708395655
480,8,32,-19.0,-18.0,3.0,4.0,-18.5,3.5,-117.74798417349014,35.771590537339684,,,,,,0,0,0.0,no events,False,24.1683079818081,14.035823323803323
481,8,33,-19.0,-18.0,4.0,5.0,-18.5,4.5,-117.74800725625664,35.780603179575195,,,,,,0,0,0.0,no events,False,24.496851847685065,14.036065508965176
482,8,34,-19.0,-18.0,5.0,6.0,-18.5,5.5,-117.74803034759503,35.7896158082646,,,,,,0,0,0.0,no events,False,24.86130306704243,14.107371603771638
483,8,35,-19.0,-18.0,6.0,7.0,-18.5,6.5,-117.7480534475094,35.79862842340651,,,,,,0,0,0.0,no events,False,25.26010748067465,14.248674751072215
484,8,36,-19.0,-18.0,7.0,8.0,-18.5,7.5,-117.74807655600374,35.80764102499954,,,,,,0,0,0.0,no events,False,25.69166537379657,14.457922767700186
485,8,37,-19.0,-18.0,8.0,9.0,-18.5,8.5,-117.74809967308212,35.816653613042284,,,,,,0,0,0.0,no events,False,26.15435545799284,14.73222078818139
486,8,38,-19.0,-18.0,9.0,10.0,-18.5,9.5,-117.74812279874858,35.82566618753335,,,,,,0,0,0.0,no events,False,26.64655604701932,15.068016722404591
487,8,39,-19.0,-18.0,10.0,11.0,-18.5,10.5,-117.74814593300717,35.83467874847134,,,,,,0,0,0.0,no events,False,27.16666319058791,15.46130416690665
488,8,40,-19.0,-18.0,11.0,12.0,-18.5,11.5,-117.74816907586192,35.84369129585487,,,,,,0,0,0.0,no events,False,27.71310572012358,15.907819622328683
489,8,41,-19.0,-18.0,12.0,13.0,-18.5,12.5,-117.74819222731688,35.852703829682554,,,,,,0,0,0.0,no events,False,28.284357309273414,16.40321687143976
490,8,42,-19.0,-18.0,13.0,14.0,-18.5,13.5,-117.74821538737616,35.86171634995301,,,,,,0,0,0.0,no events,False,28.878945758849138,16.94320873761598
491,8,43,-19.0,-18.0,14.0,15.0,-18.5,14.5,-117.74823855604376,35.870728856664826,,,,,,0,0,0.0,no events,False,29.49545978428634,17.523673157228398
492,8,44,-19.0,-18.0,15.0,16.0,-18.5,15.5,-117.74826173332376,35.87974134981664,,,,,,0,0,0.0,no events,False,30.132553619471995,18.140725440739892
493,8,45,-19.0,-18.0,16.0,17.0,-18.5,16.5,-117.74828491922024,35.88875382940706,,,,,,0,0,0.0,no events,False,30.788949760819335,18.790761509615518
494,8,46,-19.0,-18.0,17.0,18.0,-18.5,17.5,-117.74830811373722,35.8977662954347,,,,,,0,0,0.0,no events,False,31.463440166614955,19.47047808108955
495,8,47,-19.0,-18.0,18.0,19.0,-18.5,18.5,-117.7483313168788,35.9067787478982,,,,,,0,0,0.0,no events,False,32.15488620508649,20.176875756695562
496,8,48,-19.0,-18.0,19.0,20.0,-18.5,19.5,-117.74835452864907,35.91579118679616,,,,,,0,0,0.0,no events,False,32.86221761546174,20.907250271044006
497,8,49,-19.0,-18.0,20.0,21.0,-18.5,20.5,-117.74837774905208,35.92480361212721,,,,,,0,0,0.0,no events,False,33.584430713499756,21.65917617295289
498,8,50,-19.0,-18.0,21.0,22.0,-18.5,21.5,-117.74840097809192,35.93381602388996,,,,,,0,0,0.0,no events,False,34.320586039486095,22.430486198162328
499,8,51,-19.0,-18.0,22.0,23.0,-18.5,22.5,-117.74842421577266,35.942828422083046,,,,,,0,0,0.0,no events,False,35.06980561448366,23.219248688984127
500,8,52,-19.0,-18.0,23.0,24.0,-18.5,23.5,-117.74844746209838,35.95184080670511,,,,,,0,0,0.0,no events,False,35.83126994095481,24.02374467637865
501,8,53,-19.0,-18.0,24.0,25.0,-18.5,24.5,-117.74847071707316,35.96085317775474,,,,,,0,0,0.0,no events,False,36.60421485738322,24.8424456700779
502,8,54,-19.0,-18.0,25.0,26.0,-18.5,25.5,-117.74849398070111,35.9698655352306,,,,,,0,0,0.0,no events,False,37.387928333479195,25.67399278386034
503,8,55,-19.0,-18.0,26.0,27.0,-18.5,26.5,-117.74851725298632,35.97887787913129,,,,,,0,0,0.0,no events,False,38.181747272921896,26.517177528173193
504,9,0,-18.0,-17.0,-29.0,-28.0,-17.5,-28.5,-117.73623059503132,35.48319702955856,,,,,,0,0,0.0,no events,False,32.9168140882422,35.01046572663502
505,9,1,-18.0,-17.0,-28.0,-27.0,-17.5,-27.5,-117.73625217262315,35.49221010785945,,,,,,0,0,0.0,no events,False,32.17926800696066,34.084300036685896
506,9,2,-18.0,-17.0,-27.0,-26.0,-17.5,-26.5,-117.73627375820276,35.50122317266069,,,,,,0,0,0.0,no events,False,31.45622242431065,33.162423125968445
507,9,3,-18.0,-17.0,-26.0,-25.0,-17.5,-25.5,-117.73629535177383,35.510236223960845,,,,,,0,0,0.0,no events,False,30.748700280688393,32.24520283981335
508,9,4,-18.0,-17.0,-25.0,-24.0,-17.5,-24.5,-117.73631695334016,35.51924926175848,,,,,,1,1,2.0,no onset,True,30.057797801826876,31.33304812455449
509,9,5,-18.0,-17.0,-24.0,-23.0,-17.5,-23.5,-117.73633856290546,35.52826228605217,,,,,,0,0,0.0,no events,False,29.38468731226199,30.4264145664682
510,9,6,-18.0,-17.0,-23.0,-22.0,-17.5,-22.5,-117.73636018047348,35.53727529684047,,,,,,0,0,0.0,no events,False,28.730619349107542,29.525810775752266
511,9,7,-18.0,-17.0,-22.0,-21.0,-17.5,-21.5,-117.73638180604792,35.54628829412191,,,,,,0,0,0.0,no events,False,28.096923816090882,28.631805750955863
512,9,8,-18.0,-17.0,-21.0,-20.0,-17.5,-20.5,-117.7364034396326,35.555301277895104,,,,,,0,0,0.0,no events,False,27.48500987213061,27.745037378879303
513,9,9,-18.0,-17.0,-20.0,-19.0,-17.5,-19.5,-117.73642508123126,35.564314248158595,,,,,,0,0,0.0,no events,False,26.896364204386792,26.866222245607034
514,9,10,-18.0,-17.0,-19.0,-18.0,-17.5,-18.5,-117.73644673084762,35.57332720491098,,,,,,0,0,0.0,no events,False,26.332547297193283,25.996166954866457
515,9,11,-18.0,-17.0,-18.0,-17.0,-17.5,-17.5,-117.73646838848543,35.5823401481508,,,,,,0,0,0.0,no events,False,25.795187281793932,25.135781168291373
516,9,12,-18.0,-17.0,-17.0,-16.0,-17.5,-16.5,-117.73649005414852,35.591353077876654,,,,,,0,0,0.0,no events,False,25.285970945303358,24.286092595046487
517,9,13,-18.0,-17.0,-16.0,-15.0,-17.5,-15.5,-117.7365117278406,35.60036599408709,,,,,,0,0,0.0,no events,False,24.80663150027887,23.448264160276604
518,9,14,-18.0,-17.0,-15.0,-14.0,-17.5,-14.5,-117.7365334095654,35.6093788967807,,,,,,0,0,0.0,no events,False,24.358932779055202,22.623613564703867
519,9,15,-18.0,-17.0,-14.0,-13.0,-17.5,-13.5,-117.73655509932676,35.61839178595606,,,,,,0,0,0.0,no events,False,23.9446496294774,21.81363539898825
520,9,16,-18.0,-17.0,-13.0,-12.0,-17.5,-12.5,-117.73657679712842,35.62740466161173,,,,,,0,0,0.0,no events,False,23.56554445843198,21.02002587807479
521,9,17,-18.0,-17.0,-12.0,-11.0,-17.5,-11.5,-117.73659850297412,35.63641752374632,,,,,,0,0,0.0,no events,False,23.223340099267297,20.244710087078904
522,9,18,-18.0,-17.0,-11.0,-10.0,-17.5,-10.5,-117.73662021686768,35.64543037235838,,,,,,0,0,0.0,no events,False,22.919689463649778,19.48987134654344
523,9,19,-18.0,-17.0,-10.0,-9.0,-17.5,-9.5,-117.73664193881284,35.65444320744651,,,,,,0,0,0.0,no events,False,22.65614276204228,18.757981866388384
524,9,20,-18.0,-17.0,-9.0,-8.0,-17.5,-8.5,-117.73666366881343,35.6634560290093,,,,,,0,0,0.0,no events,False,22.434113412344665,18.05183321146902
525,9,21,-18.0,-17.0,-8.0,-7.0,-17.5,-7.5,-117.73668540687316,35.6724688370453,,,,,,0,0,0.0,no events,False,22.25484406464905,17.37456419279737
526,9,22,-18.0,-17.0,-7.0,-6.0,-17.5,-6.5,-117.73670715299588,35.68148163155314,,,,,,1,1,2.0,no onset,True,22.119374405388303,16.7296825876816
527,9,23,-18.0,-17.0,-6.0,-5.0,-17.5,-5.5,-117.73672890718538,35.69049441253138,,,,,,0,0,0.0,no events,False,22.028512519678884,16.121075586930218
528,9,24,-18.0,-17.0,-5.0,-4.0,-17.5,-4.5,-117.73675066944536,35.69950717997861,,,,,,0,0,0.0,no events,False,21.982811548424635,15.553002175607705
529,9,25,-18.0,-17.0,-4.0,-3.0,-17.5,-3.5,-117.73677243977971,35.70851993389343,,,,,,0,0,0.0,no events,False,21.982553157389468,15.030059057415528
530,9,26,-18.0,-17.0,-3.0,-2.0,-17.5,-2.5,-117.7367942181922,35.71753267427442,,,,,,1,1,2.0,no onset,True,22.02773894573285,14.557110766369098
531,9,27,-18.0,-17.0,-2.0,-1.0,-17.5,-1.5,-117.7368160046866,35.7265454011202,,,,,,0,0,0.0,no events,False,22.118090396895884,14.139175098260845
532,9,28,-18.0,-17.0,-1.0,0.0,-17.5,-0.5,-117.73683779926672,35.73555811442931,,,,,,0,0,0.0,no events,False,22.25305737531722,13.781257963416117
533,9,29,-18.0,-17.0,0.0,1.0,-17.5,0.5,-117.73685960193636,35.7445708142004,,,,,,0,0,0.0,no events,False,22.431834572612694,13.488138109063112
534,9,30,-18.0,-17.0,1.0,2.0,-17.5,1.5,-117.73688141269936,35.75358350043204,,,,,,1,1,2.0,no onset,True,22.65338478102035,13.264112041297794
535,9,31,-18.0,-17.0,2.0,3.0,-17.5,2.5,-117.73690323155948,35.76259617312282,,,,,,0,0,0.0,no events,False,22.91646748041387,13.112721564917088
536,9,32,-18.0,-17.0,3.0,4.0,-17.5,3.5,-117.73692505852054,35.77160883227137,,,,,,0,0,0.0,no events,False,23.219671003801253,13.036497437348046
537,9,33,-18.0,-17.0,4.0,5.0,-17.5,4.5,-117.7369468935864,35.780621477876274,,,,,,0,0,0.0,no events,False,23.561446502043772,13.036758187100146
538,9,34,-18.0,-17.0,5.0,6.0,-17.5,5.5,-117.73696873676082,35.78963410993613,,,,,,0,0,0.0,no events,False,23.94014204244772,13.113499251681956
539,9,35,-18.0,-17.0,6.0,7.0,-17.5,6.5,-117.73699058804765,35.79864672844954,,,,,,0,0,0.0,no events,False,24.354035410101446,13.265393368415568
540,9,36,-18.0,-17.0,7.0,8.0,-17.5,7.5,-117.73701244745064,35.80765933341512,,,,,,0,0,0.0,no events,False,24.801364488680402,13.48990214248214
541,9,37,-18.0,-17.0,8.0,9.0,-17.5,8.5,-117.73703431497374,35.81667192483147,,,,,,0,0,0.0,no events,False,25.280354432726597,13.783477732730763
542,9,38,-18.0,-17.0,9.0,10.0,-17.5,9.5,-117.73705619062068,35.82568450269717,,,,,,0,0,0.0,no events,False,25.78924116735856,14.141819437527312
543,9,39,-18.0,-17.0,10.0,11.0,-17.5,10.5,-117.73707807439534,35.83469706701089,,,,,,0,0,0.0,no events,False,26.326291036378134,14.560146139327236
544,9,40,-18.0,-17.0,11.0,12.0,-17.5,11.5,-117.73709996630149,35.8437096177712,,,,,,0,0,0.0,no events,False,26.889816650099828,15.03345117374937
545,9,41,-18.0,-17.0,12.0,13.0,-17.5,12.5,-117.73712186634302,35.8527221549767,,,,,,0,0,0.0,no events,False,27.478189154671163,15.556717288311402
546,9,42,-18.0,-17.0,13.0,14.0,-17.5,13.5,-117.73714377452374,35.86173467862603,,,,,,0,0,0.0,no events,False,28.089847257751156,16.125081438038922
547,9,43,-18.0,-17.0,14.0,15.0,-17.5,14.5,-117.73716569084748,35.87074718871781,,,,,,0,0,0.0,no events,False,28.723303408690516,16.733949025210034
548,9,44,-18.0,-17.0,15.0,16.0,-17.5,15.5,-117.73718761531812,35.87975968525061,,,,,,0,0,0.0,no events,False,29.37714755471665,17.379063512550623
549,9,45,-18.0,-17.0,16.0,17.0,-17.5,16.5,-117.73720954793949,35.8887721682231,,,,,,0,0,0.0,no events,False,30.050048888404433,18.056540287890392
550,9,46,-18.0,-17.0,17.0,18.0,-17.5,17.5,-117.7372314887154,35.89778463763387,,,,,,0,0,0.0,no events,False,30.74075597540501,18.76287413386205
551,9,47,-18.0,-17.0,18.0,19.0,-17.5,18.5,-117.73725343764973,35.90679709348154,,,,,,0,0,0.0,no events,False,31.448095612982687,19.494928683072683
552,9,48,-18.0,-17.0,19.0,20.0,-17.5,19.5,-117.73727539474636,35.915809535764744,,,,,,0,0,0.0,no events,False,32.170970725596746,20.249914640635662
553,9,49,-18.0,-17.0,20.0,21.0,-17.5,20.5,-117.73729736000904,35.92482196448209,,,,,,0,0,0.0,no events,False,32.90835755809009,21.02536186485196
554,9,50,-18.0,-17.0,21.0,22.0,-17.5,21.5,-117.73731933344176,35.93383437963221,,,,,,0,0,0.0,no events,False,33.65930238307097,21.81908889351046
555,9,51,-18.0,-17.0,22.0,23.0,-17.5,22.5,-117.7373413150483,35.94284678121374,,,,,,0,0,0.0,no events,False,34.422917898674854,22.629172294581434
556,9,52,-18.0,-17.0,23.0,24.0,-17.5,23.5,-117.73736330483254,35.951859169225266,,,,,,0,0,0.0,no events,False,35.19837945705472,23.45391731316525
557,9,53,-18.0,-17.0,24.0,25.0,-17.5,24.5,-117.73738530279834,35.960871543665455,,,,,,0,0,0.0,no events,False,35.984921233020835,24.291830641755535
558,9,54,-18.0,-17.0,25.0,26.0,-17.5,25.5,-117.7374073089496,35.96988390453293,,,,,,0,0,0.0,no events,False,36.78183241616187,25.14159570358798
559,9,55,-18.0,-17.0,26.0,27.0,-17.5,26.5,-117.73742932329012,35.978896251826306,,,,,,0,0,0.0,no events,False,37.58845348819924,26.00205055601604
560,10,0,-17.0,-16.0,-29.0,-28.0,-16.5,-28.5,-117.7252111583019,35.483214206802984,,,,,,0,0,0.0,no events,False,32.257753494952794,34.65081008364518
561,10,1,-17.0,-16.0,-28.0,-27.0,-16.5,-27.5,-117.72523150290284,35.49222728825452,,,,,,0,0,0.0,no events,False,31.50478218120293,33.71476587561875
562,10,2,-17.0,-16.0,-27.0,-26.0,-16.5,-26.5,-117.72525185503513,35.50124035620739,,,,,,0,0,0.0,no events,False,30.765889228639953,32.78249893834708
563,10,3,-17.0,-16.0,-26.0,-25.0,-16.5,-25.5,-117.72527221470224,35.51025341066014,,,,,,0,0,0.0,no events,False,30.04211343718757,31.854340916705027
564,10,4,-17.0,-16.0,-25.0,-24.0,-16.5,-24.5,-117.72529258190772,35.519266451611365,,,,,,0,0,0.0,no events,False,29.334573791291874,30.930661710228712
565,10,5,-17.0,-16.0,-24.0,-23.0,-16.5,-23.5,-117.72531295665506,35.528279479059606,,,,,,0,0,0.0,no events,False,28.6444734505742,30.011874856922034
566,10,6,-17.0,-16.0,-23.0,-22.0,-16.5,-22.5,-117.72533333894786,35.53729249300344,,,,,,0,0,0.0,no events,False,27.973103135057297,29.098443790390053
567,10,7,-17.0,-16.0,-22.0,-21.0,-16.5,-21.5,-117.72535372878964,35.54630549344141,,,,,,1,1,2.0,no onset,True,27.321843619134754,28.190889124279675
568,10,8,-17.0,-16.0,-21.0,-20.0,-16.5,-20.5,-117.72537412618392,35.55531848037211,,,,,,1,1,2.0,no onset,True,26.692166987570655,27.28979714494724
569,10,9,-17.0,-16.0,-20.0,-19.0,-16.5,-19.5,-117.72539453113416,35.56433145379412,,,,,,0,0,0.0,no events,False,26.085636243654452,26.395829723789912
570,10,10,-17.0,-16.0,-19.0,-18.0,-16.5,-18.5,-117.72541494364404,35.57334441370595,,,,,,0,0,0.0,no events,False,25.503902798986687,25.50973589440415
571,10,11,-17.0,-16.0,-18.0,-17.0,-16.5,-17.5,-117.725435363717,35.58235736010624,,,,,,0,0,0.0,no events,False,24.948701323396836,24.632365375602728
572,10,12,-17.0,-16.0,-17.0,-16.0,-16.5,-16.5,-117.72545579135664,35.59137029299352,,,,,,0,0,0.0,no events,False,24.421841402072147,23.764684357090307
573,10,13,-17.0,-16.0,-16.0,-15.0,-16.5,-15.5,-117.72547622656649,35.600383212366374,,,,,,0,0,0.0,no events,False,23.92519544772555,22.907793896119138
574,10,14,-17.0,-16.0,-15.0,-14.0,-16.5,-14.5,-117.72549666935008,35.60939611822339,,,,,,0,0,0.0,no events,False,23.460682363387676,22.06295129356029
575,10,15,-17.0,-16.0,-14.0,-13.0,-16.5,-13.5,-117.72551711971096,35.618409010563134,,,,,,0,0,0.0,no events,False,23.030246561851474,21.231594814731988
576,10,16,-17.0,-16.0,-13.0,-12.0,-16.5,-12.5,-117.72553757765274,35.62742188938419,,,,,,0,0,0.0,no events,False,22.635832134992825,20.415372075274423
577,10,17,-17.0,-16.0,-12.0,-11.0,-16.5,-11.5,-117.72555804317894,35.636434754685126,,,,,,0,0,0.0,no events,False,22.27935223895605,19.61617229652195
578,10,18,-17.0,-16.0,-11.0,-10.0,-16.5,-10.5,-117.72557851629306,35.645447606464536,,,,,,0,0,0.0,no events,False,21.962654118557214,18.836162405378005
579,10,19,-17.0,-16.0,-10.0,-9.0,-16.5,-9.5,-117.72559899699876,35.65446044472101,,,,,,0,0,0.0,no events,False,21.68748062074708,18.07782654958046
580,10,20,-17.0,-16.0,-9.0,-8.0,-16.5,-8.5,-117.72561948529952,35.66347326945311,,,,,,0,0,0.0,no events,False,21.4554295090819,17.344007937949545
581,10,21,-17.0,-16.0,-8.0,-7.0,-16.5,-7.5,-117.725639981199,35.67248608065944,,,,,,0,0,0.0,no events,False,21.267912336735936,16.63795089386302
582,10,22,-17.0,-16.0,-7.0,-6.0,-16.5,-6.5,-117.72566048470068,35.68149887833856,,,,,,0,0,0.0,no events,False,21.126114997958965,15.963339517204345
583,10,23,-17.0,-16.0,-6.0,-5.0,-16.5,-5.5,-117.72568099580816,35.69051166248908,,,,,,0,0,0.0,no events,False,21.0309622854231,15.32432729800817
584,10,24,-17.0,-16.0,-5.0,-4.0,-16.5,-4.5,-117.72570151452504,35.699524433109595,,,,,,0,0,0.0,no events,False,20.98308877155103,14.725549420358442
585,10,25,-17.0,-16.0,-4.0,-3.0,-16.5,-3.5,-117.72572204085482,35.70853719019868,,,,,,0,0,0.0,no events,False,20.982818069522814,14.172106559236683
586,10,26,-17.0,-16.0,-3.0,-2.0,-16.5,-2.5,-117.72574257480116,35.71754993375493,,,,,,0,0,0.0,no events,False,21.030152017581692,13.66950631593182
587,10,27,-17.0,-16.0,-2.0,-1.0,-16.5,-1.5,-117.72576311636765,35.726562663776946,,,,,,0,0,0.0,no events,False,21.124770617133276,13.223547236511104
588,10,28,-17.0,-16.0,-1.0,0.0,-16.5,-0.5,-117.72578366555778,35.73557538026331,,,,,,0,0,0.0,no events,False,21.266042729440745,12.840132402400723
589,10,29,-17.0,-16.0,0.0,1.0,-16.5,0.5,-117.7258042223752,35.74458808321262,,,,,,0,0,0.0,no events,False,21.453046709367452,12.525006934374188
590,10,30,-17.0,-16.0,1.0,2.0,-16.5,1.5,-117.72582478682352,35.753600772623486,,,,,,0,0,0.0,no events,False,21.68459943965311,12.283427750471853
591,10,31,-17.0,-16.0,2.0,3.0,-16.5,2.5,-117.72584535890628,35.7626134484945,,,,,,0,0,0.0,no events,False,21.95929171449084,12.119793558307935
592,10,32,-17.0,-16.0,3.0,4.0,-16.5,3.5,-117.72586593862708,35.77162611082424,,,,,,0,0,0.0,no events,False,22.275527655838104,12.037283517926419
593,10,33,-17.0,-16.0,4.0,5.0,-16.5,4.5,-117.72588652598952,35.78063875961135,,,,,,0,0,0.0,no events,False,22.631565833806338,12.03756591200578
594,10,34,-17.0,-16.0,5.0,6.0,-16.5,5.5,-117.7259071209972,35.78965139485441,,,,,,0,0,0.0,no events,False,23.025559967866418,12.120634953698756
595,10,35,-17.0,-16.0,6.0,7.0,-16.5,6.5,-117.72592772365373,35.79866401655201,,,,,,0,0,0.0,no events,False,23.455597446616334,12.28481136508675
596,10,36,-17.0,-16.0,7.0,8.0,-16.5,7.5,-117.7259483339627,35.80767662470277,,,,,,0,0,0.0,no events,False,23.91973434889311,12.526906596231374
597,10,37,-17.0,-16.0,8.0,9.0,-16.5,8.5,-117.72596895192774,35.8166892193053,,,,,,0,0,0.0,no events,False,24.416026111255675,12.842514841947647
598,10,38,-17.0,-16.0,9.0,10.0,-16.5,9.5,-117.7259895775524,35.82570180035821,,,,,,0,0,0.0,no events,False,24.942553413983525,13.226374637843364
599,10,39,-17.0,-16.0,10.0,11.0,-16.5,10.5,-117.72601021084036,35.834714367860094,,,,,,0,0,0.0,no events,False,25.497443216003507,13.672738740118113
600,10,40,-17.0,-16.0,11.0,12.0,-16.5,11.5,-117.72603085179516,35.84372692180957,,,,,,0,0,0.0,no events,False,26.078885142912558,14.175703977244558
601,10,41,-17.0,-16.0,12.0,13.0,-16.5,12.5,-117.7260515004205,35.852739462205264,,,,,,0,0,0.0,no events,False,26.685143620395365,14.729473237200565
602,10,42,-17.0,-16.0,13.0,14.0,-16.5,13.5,-117.72607215671992,35.86175198904577,,,,,,0,0,0.0,no events,False,27.314566256578736,15.328541367016896
603,10,43,-17.0,-16.0,14.0,15.0,-16.5,14.5,-117.72609282069708,35.8707645023297,,,,,,0,0,0.0,no events,False,27.965589025245507,15.967810715163452
604,10,44,-17.0,-16.0,15.0,16.0,-16.5,15.5,-117.72611349235557,35.87977700205569,,,,,,0,0,0.0,no events,False,28.63673880302773,16.642649357305743
605,10,45,-17.0,-16.0,16.0,17.0,-16.5,16.5,-117.72613417169904,35.88878948822234,,,,,,0,0,0.0,no events,False,29.32663378256591,17.348907061402162
606,10,46,-17.0,-16.0,17.0,18.0,-16.5,17.5,-117.72615485873112,35.897801960828296,,,,,,1,1,2.0,no onset,True,30.033982232808192,18.082902831683587
607,10,47,-17.0,-16.0,18.0,19.0,-16.5,18.5,-117.72617555345543,35.906814419872134,,,,,,0,0,0.0,no events,False,30.757580017038734,18.841395208822803
608,10,48,-17.0,-16.0,19.0,20.0,-16.5,19.5,-117.7261962558756,35.91582686535252,,,,,,0,0,0.0,no events,False,31.496307216060146,19.621543568485926
609,10,49,-17.0,-16.0,20.0,21.0,-16.5,20.5,-117.72621696599528,35.92483929726802,,,,,,0,0,0.0,no events,False,32.249124143026656,20.420866059130105
610,10,50,-17.0,-16.0,21.0,22.0,-16.5,21.5,-117.72623768381808,35.93385171561734,,,,,,0,0,0.0,no events,False,33.015066980641535,21.23719777183121
611,10,51,-17.0,-16.0,22.0,23.0,-16.5,22.5,-117.72625840934764,35.94286412039903,,,,,,0,0,0.0,no events,False,33.79324322227964,22.068651245484237
612,10,52,-17.0,-16.0,23.0,24.0,-16.5,23.5,-117.72627914258764,35.95187651161175,,,,,,0,0,0.0,no events,False,34.58282705656163,22.913580392198718
613,10,53,-17.0,-16.0,24.0,25.0,-16.5,24.5,-117.72629988354166,35.96088888925415,,,,,,0,0,0.0,no events,False,35.38305479983255,23.770548268491705
614,10,54,-17.0,-16.0,25.0,26.0,-16.5,25.5,-117.7263206322134,35.96990125332481,,,,,,0,0,0.0,no events,False,36.19322045234239,24.638298715204233
615,10,55,-17.0,-16.0,26.0,27.0,-16.5,26.5,-117.7263413886065,35.978913603822384,,,,,,0,0,0.0,no events,False,37.012671430953986,25.515731660577067
616,11,0,-16.0,-15.0,-29.0,-28.0,-15.5,-28.5,-117.71419171701184,35.48323037362676,,,,,,0,0,0.0,no events,False,31.616588547191157,34.3165349140878
617,11,1,-16.0,-15.0,-28.0,-27.0,-15.5,-27.5,-117.71421082861936,35.49224345804361,,,,,,0,0,0.0,no events,False,30.847970939857312,33.37111576056078
618,11,2,-16.0,-15.0,-27.0,-26.0,-15.5,-26.5,-117.71422994730172,35.501256528962706,,,,,,0,0,0.0,no events,False,30.092955169776584,32.42897108604725
619,11,3,-16.0,-15.0,-26.0,-25.0,-15.5,-25.5,-117.71424907306236,35.510269586382634,,,,,,0,0,0.0,no events,False,29.3525908668057,31.4903947942008
620,11,4,-16.0,-15.0,-25.0,-24.0,-15.5,-24.5,-117.71426820590445,35.51928263030193,,,,,,0,0,0.0,no events,False,28.628014781643305,30.555715715550985
621,11,5,-16.0,-15.0,-24.0,-23.0,-15.5,-23.5,-117.71428734583137,35.52829566071918,,,,,,0,0,0.0,no events,False,27.92045612238256,29.62530272393026
622,11,6,-16.0,-15.0,-23.0,-22.0,-15.5,-22.5,-117.71430649284642,35.53730867763292,,,,,,0,0,0.0,no events,False,27.231241430125653,28.69957072988114
623,11,7,-16.0,-15.0,-22.0,-21.0,-15.5,-21.5,-117.71432564695291,35.54632168104175,,,,,,0,0,0.0,no events,False,26.56179868852435,27.7789877186767
624,11,8,-16.0,-15.0,-21.0,-20.0,-15.5,-20.5,-117.71434480815422,35.55533467094422,,,,,,1,1,2.0,no onset,True,25.91366028398142,26.86408303421748
625,11,9,-16.0,-15.0,-20.0,-19.0,-15.5,-19.5,-117.7143639764536,35.56434764733891,,,,,,0,0,0.0,no events,False,25.288464347553774,25.95545714997661
626,11,10,-16.0,-15.0,-19.0,-18.0,-15.5,-18.5,-117.71438315185442,35.57336061022438,,,,,,1,1,2.0,no onset,True,24.68795392091861,25.053793214984683
627,11,11,-16.0,-15.0,-18.0,-17.0,-15.5,-17.5,-117.71440233436,35.582373559599205,,,,,,1,1,2.0,no onset,True,24.113973304814422,24.159870716834412
628,11,12,-16.0,-15.0,-17.0,-16.0,-15.5,-16.5,-117.71442152397364,35.591386495461954,,,,,,0,0,0.0,no events,False,23.568460880787374,23.274581664319843
629,11,13,-16.0,-15.0,-16.0,-15.0,-15.5,-15.5,-117.7144407206987,35.60039941781122,,,,,,1,1,2.0,no onset,True,23.053437661943324,22.398949757612165
630,11,14,-16.0,-15.0,-15.0,-14.0,-15.5,-14.5,-117.7144599245385,35.60941232664556,,,,,,1,1,2.0,no onset,True,22.570990846150487,21.534153079212903
631,11,15,-16.0,-15.0,-14.0,-13.0,-15.5,-13.5,-117.7144791354964,35.618425221963555,,,,,,1,1,2.0,no onset,True,22.12325173931064,20.68155089527657
632,11,16,-16.0,-15.0,-13.0,-12.0,-15.5,-12.5,-117.7144983535757,35.62743810376379,,,,,,3,1,2.0,no onset,True,21.71236761076077,19.842715187918603
633,11,17,-16.0,-15.0,-12.0,-11.0,-15.5,-11.5,-117.7145175787798,35.636450972044834,,,,,,0,0,0.0,no events,False,21.340467356848478,19.01946751683117
634,11,18,-16.0,-15.0,-11.0,-10.0,-15.5,-10.5,-117.71453681111198,35.64546382680527,,,,,,0,0,0.0,no events,False,21.00962129008083,18.21392168696068
635,11,19,-16.0,-15.0,-10.0,-9.0,-15.5,-9.5,-117.71455605057558,35.65447666804372,,,,,,0,0,0.0,no events,False,20.721795928358134,17.42853240561801
636,11,20,-16.0,-15.0,-9.0,-8.0,-15.5,-8.5,-117.71457529717404,35.66348949575871,,,,,,0,0,0.0,no events,False,20.47880529328852,16.666149537569186
637,11,21,-16.0,-15.0,-8.0,-7.0,-15.5,-7.5,-117.71459455091062,35.67250230994884,,,,,,0,0,0.0,no events,False,20.282260869644787,15.930076553600054
638,11,22,-16.0,-15.0,-7.0,-6.0,-15.5,-6.5,-117.71461381178868,35.681515110612736,,,,,,0,0,0.0,no events,False,20.133522933859,15.224130109746786
639,11,23,-16.0,-15.0,-6.0,-5.0,-15.5,-5.5,-117.71463307981162,35.69052789774895,,,,,,0,0,0.0,no events,False,20.033656318109493,14.552695152219716
640,11,24,-16.0,-15.0,-5.0,-4.0,-15.5,-4.5,-117.71465235498276,35.69954067135607,,,,,,0,0,0.0,no events,False,19.983393736200828,13.920766314696175
641,11,25,-16.0,-15.0,-4.0,-3.0,-15.5,-3.5,-117.71467163730549,35.708553431432705,,,,,,0,0,0.0,no events,False,19.98310949176661,13.333961653736681
642,11,26,-16.0,-15.0,-3.0,-2.0,-15.5,-2.5,-117.71469092678312,35.71756617797743,,,,,,0,0,0.0,no events,False,20.032805712227002,12.79848944126848
643,11,27,-16.0,-15.0,-2.0,-1.0,-15.5,-1.5,-117.71471022341906,35.726578910988856,,,,,,0,0,0.0,no events,False,20.13211226989699,12.321044216023305
644,11,28,-16.0,-15.0,-1.0,0.0,-15.5,-0.5,-117.71472952721666,35.73559163046557,,,,,,0,0,0.0,no events,False,20.28030039697734,11.908607356367991
645,11,29,-16.0,-15.0,0.0,1.0,-15.5,0.5,-117.71474883817928,35.74460433640616,,,,,,0,0,0.0,no events,False,20.476308845481434,11.568134152190765
646,11,30,-16.0,-15.0,1.0,2.0,-15.5,1.5,-117.71476815631031,35.753617028809245,,,,,,0,0,0.0,no events,False,20.718780458305055,11.306127823354151
647,11,31,-16.0,-15.0,2.0,3.0,-15.5,2.5,-117.71478748161312,35.7626297076734,,,,,,0,0,0.0,no events,False,21.00610633657141,11.128132141242904
648,11,32,-16.0,-15.0,3.0,4.0,-15.5,3.5,-117.71480681409106,35.771642372997235,,,,,,0,0,0.0,no events,False,21.33647447839609,11.038211972412194
649,11,33,-16.0,-15.0,4.0,5.0,-15.5,4.5,-117.71482615374754,35.78065502477936,,,,,,0,0,0.0,no events,False,21.70791981999081,11.03851992537244
650,11,34,-16.0,-15.0,5.0,6.0,-15.5,5.5,-117.71484550058592,35.78966766301836,,,,,,0,0,0.0,no events,False,22.11837296581853,11.129048509993337
651,11,35,-16.0,-15.0,6.0,7.0,-15.5,6.5,-117.71486485460956,35.798680287712855,,,,,,0,0,0.0,no events,False,22.565705448732466,11.307631022133922
652,11,36,-16.0,-15.0,7.0,8.0,-15.5,7.5,-117.71488421582188,35.80769289886145,,,,,,0,0,0.0,no events,False,23.047770003687045,11.570190920104386
653,11,37,-16.0,-15.0,8.0,9.0,-15.5,8.5,-117.71490358422628,35.816705496462745,,,,,,0,0,0.0,no events,False,23.56243497363459,11.911176118360709
654,11,38,-16.0,-15.0,9.0,10.0,-15.5,9.5,-117.71492295982608,35.82571808051536,,,,,,0,0,0.0,no events,False,24.107612524484058,12.324078672158295
655,11,39,-16.0,-15.0,10.0,11.0,-15.5,10.5,-117.71494234262477,35.834730651017885,,,,,,0,0,0.0,no events,False,24.681280788779233,12.801941794606298
656,11,40,-16.0,-15.0,11.0,12.0,-15.5,11.5,-117.7149617326256,35.84374320796894,,,,,,0,0,0.0,no events,False,25.28150037316743,13.33778513500004
657,11,41,-16.0,-15.0,12.0,13.0,-15.5,12.5,-117.71498112983213,35.85275575136715,,,,,,0,0,0.0,no events,False,25.906425860437928,13.9249169082752
658,11,42,-16.0,-15.0,13.0,14.0,-15.5,13.5,-117.71500053424764,35.861768281211106,,,,,,0,0,0.0,no events,False,26.554313032090835,14.557132598740354
659,11,43,-16.0,-15.0,14.0,15.0,-15.5,14.5,-117.7150199458756,35.87078079749944,,,,,,0,0,0.0,no events,False,27.223522555873835,15.228818341954494
660,11,44,-16.0,-15.0,15.0,16.0,-15.5,15.5,-117.71503936471936,35.87979330023077,,,,,,0,0,0.0,no events,False,27.912520848072347,15.934983736646553
661,11,45,-16.0,-15.0,16.0,17.0,-15.5,16.5,-117.71505879078236,35.88880578940371,,,,,,0,0,0.0,no events,False,28.619878753027162,16.671247862176685
662,11,46,-16.0,-15.0,17.0,18.0,-15.5,17.5,-117.71507822406798,35.89781826501688,,,,,,0,0,0.0,no events,False,29.344268598516436,17.43379774682129
663,11,47,-16.0,-15.0,18.0,19.0,-15.5,18.5,-117.71509766457966,35.90683072706889,,,,,,0,0,0.0,no events,False,30.084460096963348,18.21933320602079
664,11,48,-16.0,-15.0,19.0,20.0,-15.5,19.5,-117.71511711232075,35.91584317555837,,,,,,0,0,0.0,no events,False,30.839315476671693,19.025007255371868
665,11,49,-16.0,-15.0,20.0,21.0,-15.5,20.5,-117.71513656729476,35.92485561048396,,,,,,0,0,0.0,no events,False,31.607784149060247,19.848367682554976
666,11,50,-16.0,-15.0,21.0,22.0,-15.5,21.5,-117.71515602950504,35.93386803184425,,,,,,0,0,0.0,no events,False,32.38889714944747,20.687302827020087
667,11,51,-16.0,-15.0,22.0,23.0,-15.5,22.5,-117.71517549895502,35.9428804396379,,,,,,0,0,0.0,no events,False,33.18176153101864,21.539992963131947
668,11,52,-16.0,-15.0,23.0,24.0,-15.5,23.5,-117.71519497564812,35.951892833863496,,,,,,0,0,0.0,no events,False,33.985554843864044,22.404867673046283
669,11,53,-16.0,-15.0,24.0,25.0,-15.5,24.5,-117.7152144595878,35.96090521451971,,,,,,0,0,0.0,no events,False,34.79951979250853,23.280569023150075
670,11,54,-16.0,-15.0,25.0,26.0,-15.5,25.5,-117.71523395077742,35.969917581605166,,,,,,0,0,0.0,no events,False,35.62295913498898,24.16592006600608
671,11,55,-16.0,-15.0,26.0,27.0,-15.5,26.5,-117.71525344922044,35.97892993511846,,,,,,0,0,0.0,no events,False,36.4552308630325,25.05989806905718
672,12,0,-15.0,-14.0,-29.0,-28.0,-14.5,-28.5,-117.70317227143752,35.483245530028874,,,,,,0,0,0.0,no events,False,30.99442985737306,34.008388635258335
673,12,1,-15.0,-14.0,-28.0,-27.0,-14.5,-27.5,-117.70319015004924,35.4922586172257,,,,,,0,0,0.0,no events,False,30.209987122266714,33.05415701786552
674,12,2,-15.0,-14.0,-27.0,-26.0,-14.5,-26.5,-117.70320803527936,35.501271690925655,,,,,,0,0,0.0,no events,False,29.438613446822234,32.10271164180137
675,12,3,-15.0,-14.0,-26.0,-25.0,-14.5,-25.5,-117.70322592713106,35.51028475112729,,,,,,0,0,0.0,no events,False,28.68136331165806,31.154307781614882
676,12,4,-15.0,-14.0,-25.0,-24.0,-14.5,-24.5,-117.7032438256074,35.51929779782917,,,,,,0,0,0.0,no events,False,27.939385124931206,30.209231899313995
677,12,5,-15.0,-14.0,-24.0,-23.0,-14.5,-23.5,-117.70326173071147,35.528310831029856,,,,,,0,0,0.0,no events,False,27.21392806823611,29.26780638417356
678,12,6,-15.0,-14.0,-23.0,-22.0,-14.5,-22.5,-117.70327964244642,35.537323850727915,,,,,,0,0,0.0,no events,False,26.506348685683424,28.33039514613962
679,12,7,-15.0,-14.0,-22.0,-21.0,-14.5,-21.5,-117.70329756081529,35.546336856921926,,,,,,1,1,2.0,no onset,True,25.81811690249569,27.397410237673046
680,12,8,-15.0,-14.0,-21.0,-20.0,-14.5,-20.5,-117.7033154858212,35.55534984961043,,,,,,1,1,2.0,no onset,True,25.15082106283681,26.469319717860003
681,12,9,-15.0,-14.0,-20.0,-19.0,-14.5,-19.5,-117.70333341746732,35.56436282879202,,,,,,0,0,0.0,no events,False,24.50617146513788,25.5466570204642
682,12,10,-15.0,-14.0,-19.0,-18.0,-14.5,-18.5,-117.7033513557567,35.573375794465264,,,,,,1,1,2.0,no onset,True,23.886001750452923,24.630032146064554
683,12,11,-15.0,-14.0,-18.0,-17.0,-14.5,-17.5,-117.70336930069246,35.58238874662872,,,,,,0,0,0.0,no events,False,23.292267372811565,23.720145069352206
684,12,12,-15.0,-14.0,-17.0,-16.0,-14.5,-16.5,-117.70338725227772,35.591401685280985,,,,,,1,1,2.0,no onset,True,22.727040262877264,22.817801837733064
685,12,13,-15.0,-14.0,-16.0,-15.0,-14.5,-15.5,-117.7034052105156,35.60041461042062,,,,,,0,0,0.0,no events,False,22.192498706868193,21.92393393761701
686,12,14,-15.0,-14.0,-15.0,-14.0,-14.5,-14.5,-117.70342317540924,35.6094275220462,,,,,,0,0,0.0,no events,False,21.690911428481943,21.0396216195999
687,12,15,-15.0,-14.0,-14.0,-13.0,-14.5,-13.5,-117.70344114696172,35.61844042015632,,,,,,0,0,0.0,no events,False,21.22461491622759,20.166121999305567
688,12,16,-15.0,-14.0,-13.0,-12.0,-14.5,-12.5,-117.70345912517617,35.62745330474952,,,,,,1,1,2.0,no onset,True,20.79598321998873,19.30490287688121
689,12,17,-15.0,-14.0,-12.0,-11.0,-14.5,-11.5,-117.70347711005572,35.636466175824424,,,,,,0,0,0.0,no events,False,20.407389784829295,18.45768332377487
690,12,18,-15.0,-14.0,-11.0,-10.0,-14.5,-10.5,-117.70349510160354,35.6454790333796,,,,,,0,0,0.0,no events,False,20.06116142135986,17.62648212990038
691,12,19,-15.0,-14.0,-10.0,-9.0,-14.5,-9.5,-117.70351309982271,35.654491877413626,,,,,,0,0,0.0,no events,False,19.759525230069656,16.81367511493659
692,12,20,-15.0,-14.0,-9.0,-8.0,-14.5,-8.5,-117.70353110471638,35.66350470792508,,,,,,0,0,0.0,no events,False,19.504550163017385,16.02206196048369
693,12,21,-15.0,-14.0,-8.0,-7.0,-14.5,-7.5,-117.70354911628768,35.672517524912564,,,,,,1,1,2.0,no onset,True,19.29808583268205,15.254942414198718
694,12,22,-15.0,-14.0,-7.0,-6.0,-14.5,-6.5,-117.70356713453975,35.68153032837466,,,,,,0,0,0.0,no events,False,19.141702028541395,14.516200145198452
695,12,23,-15.0,-14.0,-6.0,-5.0,-14.5,-5.5,-117.70358515947572,35.69054311830996,,,,,,0,0,0.0,no events,False,19.03663300831762,13.81038975736746
696,12,24,-15.0,-14.0,-5.0,-4.0,-14.5,-4.5,-117.70360319109876,35.69955589471703,,,,,,0,0,0.0,no events,False,18.983730825031998,13.14281795679072
697,12,25,-15.0,-14.0,-4.0,-3.0,-14.5,-3.5,-117.70362122941194,35.70856865759449,,,,,,0,0,0.0,no events,False,18.98343161236061,12.519603126308802
698,12,26,-15.0,-14.0,-3.0,-2.0,-14.5,-2.5,-117.70363927441844,35.71758140694094,,,,,,0,0,0.0,no events,False,19.035737850818244,11.947688522690138
699,12,27,-15.0,-14.0,-2.0,-1.0,-14.5,-1.5,-117.70365732612149,35.72659414275493,,,,,,1,1,2.0,no onset,True,19.140218265970127,11.4347741398841
700,12,28,-15.0,-14.0,-1.0,0.0,-14.5,-0.5,-117.7036753845241,35.73560686503509,,,,,,0,0,0.0,no events,False,19.296025368268946,10.989124543160965
701,12,29,-15.0,-14.0,0.0,1.0,-14.5,0.5,-117.7036934496295,35.74461957378001,,,,,,0,0,0.0,no events,False,19.501929000916316,10.619211685433303
702,12,30,-15.0,-14.0,1.0,2.0,-14.5,1.5,-117.70371152144084,35.75363226898829,,,,,,1,1,2.0,no onset,True,19.756362886439472,10.333172572592781
703,12,31,-15.0,-14.0,2.0,3.0,-14.5,2.5,-117.70372959996124,35.762644950658526,,,,,,0,0,0.0,no events,False,20.057480256617108,10.13810899576071
704,12,32,-15.0,-14.0,3.0,4.0,-14.5,3.5,-117.70374768519392,35.77165761878932,,,,,,0,0,0.0,no events,False,20.403214305311977,10.039325306257625
705,12,33,-15.0,-14.0,4.0,5.0,-14.5,4.5,-117.70376577714198,35.780670273379265,,,,,,0,0,0.0,no events,False,20.791339392458326,10.039663898747072
706,12,34,-15.0,-14.0,5.0,6.0,-14.5,5.5,-117.7037838758086,35.78968291442698,,,,,,0,0,0.0,no events,False,21.219529530041225,10.139114842763435
707,12,35,-15.0,-14.0,6.0,7.0,-14.5,6.5,-117.70380198119696,35.79869554193107,,,,,,0,0,0.0,no events,False,21.685411529878646,10.33481728864552
708,12,36,-15.0,-14.0,7.0,8.0,-14.5,7.5,-117.7038200933102,35.807708155890126,,,,,,0,0,0.0,no events,False,22.186611119413794,10.621452206954887
709,12,37,-15.0,-14.0,8.0,9.0,-14.5,8.5,-117.70383821215148,35.816720756302765,,,,,,0,0,0.0,no events,False,22.720791198987722,10.991908186460044
710,12,38,-15.0,-14.0,9.0,10.0,-14.5,9.5,-117.703856337724,35.8257333431676,,,,,,0,0,0.0,no events,False,23.285682134133417,11.438043721480865
711,12,39,-15.0,-14.0,10.0,11.0,-14.5,10.5,-117.70387447003095,35.83474591648322,,,,,,0,0,0.0,no events,False,23.879104509922524,11.951386646303783
712,12,40,-15.0,-14.0,11.0,12.0,-14.5,11.5,-117.70389260907544,35.84375847624828,,,,,,0,0,0.0,no events,False,24.498985120606616,12.523675233907532
713,12,41,-15.0,-14.0,12.0,13.0,-14.5,12.5,-117.70391075486069,35.85277102246133,,,,,,0,0,0.0,no events,False,25.143367150873143,13.147214152029678
714,12,42,-15.0,-14.0,13.0,14.0,-14.5,13.5,-117.70392890738988,35.86178355512106,,,,,,0,0,0.0,no events,False,25.81041556092247,13.815065636987395
715,12,43,-15.0,-14.0,14.0,15.0,-14.5,14.5,-117.70394706666616,35.870796074226014,,,,,,2,1,2.0,no onset,True,26.498418654165214,14.521116938762336
716,12,44,-15.0,-14.0,15.0,16.0,-14.5,15.5,-117.70396523269277,35.87980857977486,,,,,,0,0,0.0,no events,False,27.20578671744879,15.260066701825094
717,12,45,-15.0,-14.0,16.0,17.0,-14.5,16.5,-117.70398340547278,35.88882107176618,,,,,,0,0,0.0,no events,False,27.931048506262975,16.02736517145259
718,12,46,-15.0,-14.0,17.0,18.0,-14.5,17.5,-117.70400158500952,35.897833550198634,,,,,,0,0,0.0,no events,False,28.672846220825676,16.81913294239724
719,12,47,-15.0,-14.0,18.0,19.0,-14.5,18.5,-117.70401977130612,35.9068460150708,,,,,,2,1,2.0,no onset,True,29.42992949612723,17.63207394293061
720,12,48,-15.0,-14.0,19.0,20.0,-14.5,19.5,-117.70403796436575,35.91585846638132,,,,,,1,1,2.0,no onset,True,30.201148817402984,18.463391620282366
721,12,49,-15.0,-14.0,20.0,21.0,-14.5,20.5,-117.7040561641916,35.92487090412883,,,,,,0,0,0.0,no events,False,30.98544867570621,19.310712796757493
722,12,50,-15.0,-14.0,21.0,22.0,-14.5,21.5,-117.70407437078688,35.933883328311936,,,,,,0,0,0.0,no events,False,31.781860697239328,20.172020903067548
723,12,51,-15.0,-14.0,22.0,23.0,-14.5,22.5,-117.70409258415482,35.94289573892927,,,,,,0,0,0.0,no events,False,32.58949691423033,21.045598730108264
724,12,52,-15.0,-14.0,23.0,24.0,-14.5,23.5,-117.7041108042986,35.951908135979465,,,,,,0,0,0.0,no events,False,33.40754329289315,21.929980038834398
725,12,53,-15.0,-14.0,24.0,25.0,-14.5,24.5,-117.70412903122138,35.96092051946114,,,,,,0,0,0.0,no events,False,34.23525359348799,22.82390902318478
726,12,54,-15.0,-14.0,25.0,26.0,-14.5,25.5,-117.70414726492646,35.96993288937294,,,,,,0,0,0.0,no events,False,35.071943606739765,23.72630653290891
727,12,55,-15.0,-14.0,26.0,27.0,-14.5,26.5,-117.70416550541692,35.97894524571348,,,,,,0,0,0.0,no events,False,35.916985788039575,24.63624200823853
728,13,0,-14.0,-13.0,-29.0,-28.0,-13.5,-28.5,-117.69215282185534,35.483259676008394,,,,,,0,0,0.0,no events,False,30.39244466976716,33.727087431673205
729,13,1,-14.0,-13.0,-28.0,-27.0,-13.5,-27.5,-117.692169467469,35.49227276579989,,,,,,0,0,0.0,no events,False,29.59204847165468,32.764664277521135
730,13,2,-14.0,-13.0,-27.0,-26.0,-13.5,-26.5,-117.6921861192447,35.5012858420953,,,,,,0,0,0.0,no events,False,28.804131170591873,31.80455979594137
731,13,3,-14.0,-13.0,-26.0,-25.0,-13.5,-25.5,-117.69220277718529,35.5102989048932,,,,,,0,0,0.0,no events,False,28.029745133278762,30.84699049191915
732,13,4,-14.0,-13.0,-25.0,-24.0,-13.5,-24.5,-117.6922194412936,35.519311954192155,,,,,,0,0,0.0,no events,False,27.27004312392019,29.892200002734675
733,13,5,-14.0,-13.0,-24.0,-23.0,-13.5,-23.5,-117.6922361115726,35.52832498999074,,,,,,0,0,0.0,no events,False,26.526286806192246,28.940463361847396
734,13,6,-14.0,-13.0,-23.0,-22.0,-13.5,-22.5,-117.69225278802516,35.537338012287464,,,,,,0,0,0.0,no events,False,25.799855260607004,27.992092065320378
735,13,7,-14.0,-13.0,-22.0,-21.0,-13.5,-21.5,-117.69226947065418,35.54635102108098,,,,,,0,0,0.0,no events,False,25.092253211144133,27.047440115255135
736,13,8,-14.0,-13.0,-21.0,-20.0,-13.5,-20.5,-117.69228615946253,35.5553640163698,,,,,,0,0,0.0,no events,False,24.405118540094726,26.106911257045578
737,13,9,-14.0,-13.0,-20.0,-19.0,-13.5,-19.5,-117.69230285445308,35.56437699815249,,,,,,0,0,0.0,no events,False,23.74022853091304,25.170967680607625
738,13,10,-14.0,-13.0,-19.0,-18.0,-13.5,-18.5,-117.69231955562876,35.57338996642766,,,,,,0,0,0.0,no events,False,23.09950411683938,24.240140522965913
739,13,11,-14.0,-13.0,-18.0,-17.0,-13.5,-17.5,-117.6923362629925,35.582402921193854,,,,,,0,0,0.0,no events,False,22.485011233881597,23.31504259417243
740,13,12,-14.0,-13.0,-17.0,-16.0,-13.5,-16.5,-117.69235297654714,35.59141586244965,,,,,,1,1,2.0,no onset,True,21.898958192838396,22.39638385460955
741,13,13,-14.0,-13.0,-16.0,-15.0,-13.5,-15.5,-117.6923696962956,35.60042879019365,,,,,,0,0,0.0,no events,False,21.343687818078347,21.484990303883215
742,13,14,-14.0,-13.0,-15.0,-14.0,-13.5,-14.5,-117.6923864222408,35.60944170442439,,,,,,0,0,0.0,no events,False,20.821662984005098,20.581827104338824
743,13,15,-14.0,-13.0,-14.0,-13.0,-13.5,-13.5,-117.69240315438562,35.618454605140464,,,,,,0,0,0.0,no events,False,20.3354441594815,19.688026959241924
744,13,16,-14.0,-13.0,-13.0,-12.0,-13.5,-12.5,-117.69241989273296,35.62746749234047,,,,,,0,0,0.0,no events,False,19.887657702889307,18.804924996999517
745,13,17,-14.0,-13.0,-12.0,-11.0,-13.5,-11.5,-117.6924366372858,35.63648036602297,,,,,,0,0,0.0,no events,False,19.48095399746107,17.934101670775647
746,13,18,-14.0,-13.0,-11.0,-10.0,-13.5,-10.5,-117.692453388047,35.64549322618656,,,,,,0,0,0.0,no events,False,19.117955131108996,17.0774354436683
747,13,19,-14.0,-13.0,-10.0,-9.0,-13.5,-9.5,-117.69247014501946,35.654506072829804,,,,,,0,0,0.0,no events,False,18.801192731818876,16.23716723839472
748,13,20,-14.0,-13.0,-9.0,-8.0,-13.5,-8.5,-117.6924869082061,35.6635189059513,,,,,,0,0,0.0,no events,False,18.533037740286968,15.415978675469791
749,13,21,-14.0,-13.0,-8.0,-7.0,-13.5,-7.5,-117.69250367760988,35.67253172554963,,,,,,0,0,0.0,no events,False,18.31562523166499,14.61708579428471
750,13,22,-14.0,-13.0,-7.0,-6.0,-13.5,-6.5,-117.69252045323368,35.68154453162338,,,,,,0,0,0.0,no events,False,18.150778698741973,13.844348872822456
751,13,23,-14.0,-13.0,-6.0,-5.0,-13.5,-5.5,-117.6925372350804,35.69055732417115,,,,,,0,0,0.0,no events,False,18.039939221477646,13.102396510080167
752,13,24,-14.0,-13.0,-5.0,-4.0,-13.5,-4.5,-117.69255402315304,35.699570103191526,,,,,,0,0,0.0,no events,False,17.984105395001155,12.396757354336716
753,13,25,-14.0,-13.0,-4.0,-3.0,-13.5,-3.5,-117.69257081745444,35.70858286868309,,,,,,1,1,2.0,no onset,True,17.983789550659555,11.73398446808423
754,13,26,-14.0,-13.0,-3.0,-2.0,-13.5,-2.5,-117.6925876179876,35.71759562064445,,,,,,0,0,0.0,no events,False,18.038994604642298,11.121744022057984
755,13,27,-14.0,-13.0,-2.0,-1.0,-13.5,-1.5,-117.69260442475542,35.726608359074184,,,,,,0,0,0.0,no events,False,18.149213924856802,10.5688215372918
756,13,28,-14.0,-13.0,-1.0,0.0,-13.5,-0.5,-117.6926212377608,35.73562108397091,,,,,,0,0,0.0,no events,False,18.313454229994903,10.08497829854202
757,13,29,-14.0,-13.0,0.0,1.0,-13.5,0.5,-117.69263805700676,35.744633795333215,,,,,,0,0,0.0,no events,False,18.530279155426136,9.680577765660686
758,13,30,-14.0,-13.0,1.0,2.0,-13.5,1.5,-117.69265488249611,35.75364649315967,,,,,,0,0,0.0,no events,False,18.79786916972034,9.365916104255076
759,13,31,-14.0,-13.0,2.0,3.0,-13.5,2.5,-117.69267171423188,35.76265917744892,,,,,,0,0,0.0,no events,False,19.114092316032814,9.150255901715814
760,13,32,-14.0,-13.0,3.0,4.0,-13.5,3.5,-117.692688552217,35.77167184819954,,,,,,0,0,0.0,no events,False,19.47657990535625,9.040684800490812
761,13,33,-14.0,-13.0,4.0,5.0,-13.5,4.5,-117.69270539645436,35.780684505410136,,,,,,0,0,0.0,no events,False,19.882801727966534,9.041060792670633
762,13,34,-14.0,-13.0,5.0,6.0,-13.5,5.5,-117.69272224694694,35.78969714907932,,,,,,0,0,0.0,no events,False,20.3301363570816,9.151370326443283
763,13,35,-14.0,-13.0,6.0,7.0,-13.5,6.5,-117.6927391036977,35.798709779205694,,,,,,0,0,0.0,no events,False,20.815933417491355,9.36773064550039
764,13,36,-14.0,-13.0,7.0,8.0,-13.5,7.5,-117.69275596670958,35.80772239578784,,,,,,0,0,0.0,no events,False,21.337566022987144,9.683035476625482
765,13,37,-14.0,-13.0,8.0,9.0,-13.5,8.5,-117.69277283598554,35.81673499882441,,,,,,0,0,0.0,no events,False,21.892472759586514,10.088011431225095
766,13,38,-14.0,-13.0,9.0,10.0,-13.5,9.5,-117.69278971152848,35.825747588313995,,,,,,0,0,0.0,no events,False,22.478189501673388,10.572358924642538
767,13,39,-14.0,-13.0,10.0,11.0,-13.5,10.5,-117.6928065933414,35.83476016425519,,,,,,0,0,0.0,no events,False,23.092371966020334,11.125716688214258
768,13,40,-14.0,-13.0,11.0,12.0,-13.5,11.5,-117.69282348142724,35.84377272664662,,,,,,0,0,0.0,no events,False,23.732810258394263,11.738329115395842
769,13,41,-14.0,-13.0,12.0,13.0,-13.5,12.5,-117.69284037578892,35.852785275486895,,,,,,0,0,0.0,no events,False,24.39743680194389,12.401418024415204
770,13,42,-14.0,-13.0,13.0,14.0,-13.5,13.5,-117.69285727642946,35.86179781077463,,,,,,0,0,0.0,no events,False,25.08432901731175,13.107324960159902
771,13,43,-14.0,-13.0,14.0,15.0,-13.5,14.5,-117.69287418335182,35.87081033250846,,,,,,2,1,2.0,no onset,True,25.791708008440434,13.849504186293867
772,13,44,-14.0,-13.0,15.0,16.0,-13.5,15.5,-117.69289109655894,35.87982284068698,,,,,,1,1,2.0,no onset,True,26.517934341433016,14.622433614180364
773,13,45,-14.0,-13.0,16.0,17.0,-13.5,16.5,-117.69290801605376,35.888835335308805,,,,,,3,1,2.0,no onset,True,27.261501819974164,15.421490310474288
774,13,46,-14.0,-13.0,17.0,18.0,-13.5,17.5,-117.69292494183932,35.89784781637257,,,,,,0,0,0.0,no events,False,28.021029981504192,16.242818782187804
775,13,47,-14.0,-13.0,18.0,19.0,-13.5,18.5,-117.6929418739185,35.90686028387689,,,,,,0,0,0.0,no events,False,28.795255876068527,17.083206976031562
776,13,48,-14.0,-13.0,19.0,20.0,-13.5,19.5,-117.69295881229436,35.91587273782039,,,,,,0,0,0.0,no events,False,29.583025550341553,17.939976565783855
777,13,49,-14.0,-13.0,20.0,21.0,-13.5,20.5,-117.69297575696976,35.924885178201684,,,,,,0,0,0.0,no events,False,30.383285544128753,18.810889340374487
778,13,50,-14.0,-13.0,21.0,22.0,-13.5,21.5,-117.6929927079478,35.93389760501943,,,,,,0,0,0.0,no events,False,31.19507461443177,19.69406906585724
779,13,51,-14.0,-13.0,22.0,23.0,-13.5,22.5,-117.6930096652314,35.942910018272215,,,,,,0,0,0.0,no events,False,32.01751583030557,20.58793712263799
780,13,52,-14.0,-13.0,23.0,24.0,-13.5,23.5,-117.6930266288235,35.951922417958684,,,,,,0,0,0.0,no events,False,32.849809127113204,21.491159893329073
781,13,53,-14.0,-13.0,24.0,25.0,-13.5,24.5,-117.69304359872716,35.96093480407747,,,,,,0,0,0.0,no events,False,33.691224368248655,22.402605923320092
782,13,54,-14.0,-13.0,25.0,26.0,-13.5,25.5,-117.69306057494532,35.969947176627194,,,,,,0,0,0.0,no events,False,34.54109493307318,23.321311085582582
783,13,55,-14.0,-13.0,26.0,27.0,-13.5,26.5,-117.69307755748098,35.978959535606506,,,,,,0,0,0.0,no events,False,35.39881182920517,24.246450242158286
784,14,0,-13.0,-12.0,-29.0,-28.0,-12.5,-28.5,-117.68113336854172,35.483272811564454,,,,,,0,0,0.0,no events,False,29.811855088640453,33.473308107814645
785,14,1,-13.0,-12.0,-28.0,-27.0,-12.5,-27.5,-117.68114878115529,35.492285903765286,,,,,,0,0,0.0,no events,False,28.99543659905813,32.50337142937068
786,14,2,-13.0,-12.0,-27.0,-26.0,-12.5,-26.5,-117.6811641994744,35.501298982470765,,,,,,0,0,0.0,no events,False,28.190849283302942,31.53531279170338
787,14,3,-13.0,-12.0,-26.0,-25.0,-12.5,-25.5,-117.68117962350176,35.51031204767949,,,,,,0,0,0.0,no events,False,27.39913544361946,30.569310614822694
788,14,4,-13.0,-12.0,-25.0,-24.0,-12.5,-24.5,-117.68119505324005,35.51932509939001,,,,,,0,0,0.0,no events,False,26.621443664867353,29.60556620063957
789,14,5,-13.0,-12.0,-24.0,-23.0,-12.5,-23.5,-117.6812104886919,35.5283381376009,,,,,,0,0,0.0,no events,False,25.859039087823977,28.644307438920432
790,14,6,-13.0,-12.0,-23.0,-22.0,-12.5,-22.5,-117.68122592986003,35.53735116231072,,,,,,0,0,0.0,no events,False,25.11331404433733,27.685793238596812
791,14,7,-13.0,-12.0,-22.0,-21.0,-12.5,-21.5,-117.68124137674708,35.54636417351804,,,,,,0,0,0.0,no events,False,24.385798777842254,26.730318850422893
792,14,8,-13.0,-12.0,-21.0,-20.0,-12.5,-20.5,-117.68125682935576,35.555377171221416,,,,,,0,0,0.0,no events,False,23.678171841958466,25.77822229014666
793,14,9,-13.0,-12.0,-20.0,-19.0,-12.5,-19.5,-117.6812722876887,35.564390155419446,,,,,,0,0,0.0,no events,False,22.992269603525813,24.829892126933505
794,14,10,-13.0,-12.0,-19.0,-18.0,-12.5,-18.5,-117.68128775174864,35.5734031261107,,,,,,0,0,0.0,no events,False,22.330094072016784,23.8857769735484
795,14,11,-13.0,-12.0,-18.0,-17.0,-12.5,-17.5,-117.68130322153824,35.5824160832937,,,,,,0,0,0.0,no events,False,21.693818036690114,22.946397107716834
796,14,12,-13.0,-12.0,-17.0,-16.0,-12.5,-16.5,-117.68131869706016,35.59142902696709,,,,,,0,0,0.0,no events,False,21.085786225628947,22.012358774560624
797,14,13,-13.0,-12.0,-16.0,-15.0,-12.5,-15.5,-117.6813341783171,35.600441957129405,,,,,,0,0,0.0,no events,False,20.508510928315236,21.08437187622426
798,14,14,-13.0,-12.0,-15.0,-14.0,-12.5,-14.5,-117.6813496653118,35.60945487377923,,,,,,1,1,2.0,no onset,True,19.964660283629364,20.163271956948286
799,14,15,-13.0,-12.0,-14.0,-13.0,-12.5,-13.5,-117.68136515804686,35.61846777691515,,,,,,1,1,2.0,no onset,True,19.45703728692089,19.250047652013688
800,14,16,-13.0,-12.0,-13.0,-12.0,-12.5,-12.5,-117.68138065652504,35.62748066653574,,,,,,0,0,0.0,no events,False,18.98854759397179,18.345875100407124
801,14,17,-13.0,-12.0,-12.0,-11.0,-12.5,-11.5,-117.68139616074905,35.636493542639585,,,,,,0,0,0.0,no events,False,18.56215449435852,17.452161235637224
802,14,18,-13.0,-12.0,-11.0,-10.0,-12.5,-10.5,-117.68141167072147,35.64550640522526,,,,,,0,0,0.0,no events,False,18.180820091963295,16.57059837150183
803,14,19,-13.0,-12.0,-10.0,-9.0,-12.5,-9.5,-117.68142718644512,35.65451925429136,,,,,,0,0,0.0,no events,False,17.84743283949371,15.703233074260845
804,14,20,-13.0,-12.0,-9.0,-8.0,-12.5,-8.5,-117.68144270792268,35.663532089836465,,,,,,0,0,0.0,no events,False,17.56472313200924,14.852552897717626
805,14,21,-13.0,-12.0,-8.0,-7.0,-12.5,-7.5,-117.6814582351568,35.67254491185916,,,,,,0,0,0.0,no events,False,17.335170562992527,14.021594993952748
806,14,22,-13.0,-12.0,-7.0,-6.0,-12.5,-6.5,-117.68147376815024,35.68155772035803,,,,,,0,0,0.0,no events,False,17.16090843143057,13.214080549526754
807,14,23,-13.0,-12.0,-6.0,-5.0,-12.5,-5.5,-117.68148930690566,35.69057051533168,,,,,,0,0,0.0,no events,False,17.043632768158524,12.434577731645003
808,14,24,-13.0,-12.0,-5.0,-4.0,-12.5,-4.5,-117.6815048514258,35.699583296778684,,,,,,0,0,0.0,no events,False,16.984524063975098,11.688692055113023
809,14,25,-13.0,-12.0,-4.0,-3.0,-12.5,-3.5,-117.68152040171331,35.70859606469763,,,,,,0,0,0.0,no events,False,16.984189631055447,10.98327458248235
810,14,26,-13.0,-12.0,-3.0,-2.0,-12.5,-2.5,-117.681535957771,35.71760881908713,,,,,,0,0,0.0,no events,False,17.042632929437676,10.326621865312168
811,14,27,-13.0,-12.0,-2.0,-1.0,-12.5,-1.5,-117.6815515196015,35.72662155994578,,,,,,1,1,2.0,no onset,True,17.159253390268926,9.728613351556525
812,14,28,-13.0,-12.0,-1.0,0.0,-12.5,-0.5,-117.68156708720755,35.73563428727216,,,,,,0,0,0.0,no events,False,17.332876756480957,9.20069107942574
813,14,29,-13.0,-12.0,0.0,1.0,-12.5,0.5,-117.68158266059184,35.74464700106487,,,,,,0,0,0.0,no events,False,17.5618124463069,8.755541955468257
814,14,30,-13.0,-12.0,1.0,2.0,-12.5,1.5,-117.68159823975716,35.753659701322526,,,,,,0,0,0.0,no events,False,17.84393163355997,8.406325804351471
815,14,31,-13.0,-12.0,2.0,3.0,-12.5,2.5,-117.68161382470616,35.76267238804371,,,,,,0,0,0.0,no events,False,18.176758123688177,8.165360501768795
816,14,32,-13.0,-12.0,3.0,4.0,-12.5,3.5,-117.6816294154416,35.771685061227025,,,,,,0,0,0.0,no events,False,18.557563838795392,8.042382154485477
817,14,33,-13.0,-12.0,4.0,5.0,-12.5,4.5,-117.68164501196618,35.78069772087108,,,,,,0,0,0.0,no events,False,18.98346162781879,8.042804816339073
818,14,34,-13.0,-12.0,5.0,6.0,-12.5,5.5,-117.68166061428263,35.789710366974475,,,,,,0,0,0.0,no events,False,19.451489791755556,8.166609327540256
819,14,35,-13.0,-12.0,6.0,7.0,-12.5,6.5,-117.68167622239368,35.79872299953583,,,,,,0,0,0.0,no events,False,19.958684697711742,8.408347430001214
820,14,36,-13.0,-12.0,7.0,8.0,-12.5,7.5,-117.6816918363021,35.807735618553735,,,,,,0,0,0.0,no events,False,20.502139756780874,8.758259250476007
821,14,37,-13.0,-12.0,8.0,9.0,-12.5,8.5,-117.68170745601054,35.8167482240268,,,,,,0,0,0.0,no events,False,21.079050603631963,9.204015628707344
822,14,38,-13.0,-12.0,9.0,10.0,-12.5,9.5,-117.6817230815218,35.82576081595364,,,,,,0,0,0.0,no events,False,21.686747430040754,9.732456128256093
823,14,39,-13.0,-12.0,10.0,11.0,-12.5,10.5,-117.68173871283857,35.834773394332856,,,,,,0,0,0.0,no events,False,22.322716094558956,10.33090029394196
824,14,40,-13.0,-12.0,11.0,12.0,-12.5,11.5,-117.6817543499636,35.843785959163085,,,,,,0,0,0.0,no events,False,22.98460992886726,10.987916066220683
825,14,41,-13.0,-12.0,12.0,13.0,-12.5,12.5,-117.68176999289966,35.85279851044292,,,,,,0,0,0.0,no events,False,23.67025418803283,11.69363493842916
826,14,42,-13.0,-12.0,13.0,14.0,-12.5,13.5,-117.68178564164944,35.86181104817098,,,,,,0,0,0.0,no events,False,24.377644945112884,12.439770764294318
827,14,43,-13.0,-12.0,14.0,15.0,-12.5,14.5,-117.68180129621572,35.87082357234587,,,,,,0,0,0.0,no events,False,25.104943991450966,13.219481656371107
828,14,44,-13.0,-12.0,15.0,16.0,-12.5,15.5,-117.68181695660122,35.87983608296624,,,,,,1,1,2.0,no onset,True,25.850471031642577,14.027169844914287
829,14,45,-13.0,-12.0,16.0,17.0,-12.5,16.5,-117.68183262280871,35.888848580030675,,,,,,0,0,0.0,no events,False,26.612694194720202,14.858273535408252
830,14,46,-13.0,-12.0,17.0,18.0,-12.5,17.5,-117.68184829484092,35.89786106353782,,,,,,0,0,0.0,no events,False,27.39021964215688,15.709076708958861
831,14,47,-13.0,-12.0,18.0,19.0,-12.5,18.5,-117.68186397270058,35.906873533486284,,,,,,0,0,0.0,no events,False,28.18178084843998,16.57654637259807
832,14,48,-13.0,-12.0,19.0,20.0,-12.5,19.5,-117.68187965639048,35.91588598987469,,,,,,0,0,0.0,no events,False,28.986227963179353,17.45819831018753
833,14,49,-13.0,-12.0,20.0,21.0,-12.5,20.5,-117.68189534591336,35.92489843270166,,,,,,0,0,0.0,no events,False,29.802517532539138,18.3519886342809
834,14,50,-13.0,-12.0,21.0,22.0,-12.5,21.5,-117.68191104127196,35.933910861965835,,,,,,0,0,0.0,no events,False,30.629702757637155,19.256227185711012
835,14,51,-13.0,-12.0,22.0,23.0,-12.5,22.5,-117.68192674246907,35.94292327766583,,,,,,0,0,0.0,no events,False,31.46692439316412,20.16950876998883
836,14,52,-13.0,-12.0,23.0,24.0,-12.5,23.5,-117.68194244950742,35.95193567980028,,,,,,0,0,0.0,no events,False,32.3134023357029,21.09065865774696
837,14,53,-13.0,-12.0,24.0,25.0,-12.5,24.5,-117.68195816238978,35.9609480683678,,,,,,0,0,0.0,no events,False,33.16842791349797,22.018689361824816
838,14,54,-13.0,-12.0,25.0,26.0,-12.5,25.5,-117.6819738811189,35.96996044336704,,,,,,0,0,0.0,no events,False,34.0313568638809,22.95276627789073
839,14,55,-13.0,-12.0,26.0,27.0,-12.5,26.5,-117.68198960569757,35.978972804796626,,,,,,0,0,0.0,no events,False,34.9016029680689,23.892180277287764
840,15,0,-12.0,-11.0,-29.0,-28.0,-11.5,-28.5,-117.67011391177302,35.48328493669625,,,,,,0,0,0.0,no events,False,29.253935028425442,33.247680892622434
841,15,1,-12.0,-11.0,-28.0,-27.0,-11.5,-27.5,-117.67012809138456,35.49229803112105,,,,,,0,0,0.0,no events,False,28.421494584050983,32.270963470782696
842,15,2,-12.0,-11.0,-27.0,-26.0,-11.5,-26.5,-117.6701422762452,35.50131111205123,,,,,,0,0,0.0,no events,False,27.60018105257901,31.29571667061695
843,15,3,-12.0,-11.0,-26.0,-25.0,-11.5,-25.5,-117.67015646635748,35.51032417948533,,,,,,1,1,2.0,no onset,True,26.79101778356029,30.322082390932064
844,15,4,-12.0,-11.0,-25.0,-24.0,-11.5,-24.5,-117.67017066172376,35.51933723342192,,,,,,0,0,0.0,no events,False,25.99513942303341,29.35022110849274
845,15,5,-12.0,-11.0,-24.0,-23.0,-11.5,-23.5,-117.67018486234652,35.52835027385957,,,,,,0,0,0.0,no events,False,25.21380402412234,28.38031496851917
846,15,6,-12.0,-11.0,-23.0,-22.0,-11.5,-22.5,-117.6701990682283,35.53736330079685,,,,,,0,0,0.0,no events,False,24.44840594212126,27.41257150117978
847,15,7,-12.0,-11.0,-22.0,-21.0,-11.5,-21.5,-117.67021327937148,35.5463763142323,,,,,,0,0,0.0,no events,False,23.70048929568021,26.447228113778472
848,15,8,-12.0,-11.0,-21.0,-20.0,-11.5,-20.5,-117.67022749577856,35.55538931416452,,,,,,0,0,0.0,no events,False,22.971761634636433,25.484557549566656
849,15,9,-12.0,-11.0,-20.0,-19.0,-11.5,-19.5,-117.67024171745196,35.56440230059208,,,,,,0,0,0.0,no events,False,22.26410726578671,24.524874558132105
850,15,10,-12.0,-11.0,-19.0,-18.0,-11.5,-18.5,-117.6702559443942,35.57341527351354,,,,,,0,0,0.0,no events,False,21.579599442212977,23.568544093495802
851,15,11,-12.0,-11.0,-18.0,-17.0,-11.5,-17.5,-117.67027017660772,35.58242823292748,,,,,,1,1,2.0,no onset,True,20.920510314766723,22.61599145034319
852,15,12,-12.0,-11.0,-17.0,-16.0,-11.5,-16.5,-117.670284414095,35.59144117883248,,,,,,0,0,0.0,no events,False,20.28931717860813,21.667714874368663
853,15,13,-12.0,-11.0,-16.0,-15.0,-11.5,-15.5,-117.67029865685852,35.60045411122709,,,,,,1,1,2.0,no onset,True,19.68870313956877,20.72430135063369
854,15,14,-12.0,-11.0,-15.0,-14.0,-11.5,-14.5,-117.67031290490075,35.60946703010991,,,,,,0,0,0.0,no events,False,19.121549912650053,19.786446499228152
855,15,15,-12.0,-11.0,-14.0,-13.0,-11.5,-13.5,-117.67032715822415,35.618479935479535,,,,,,2,1,2.0,no onset,True,18.590920117247272,18.854979810696125
856,15,16,-12.0,-11.0,-13.0,-12.0,-11.5,-12.5,-117.6703414168312,35.62749282733451,,,,,,0,0,0.0,no events,False,18.100026258261934,17.93089686147068
857,15,17,-12.0,-11.0,-12.0,-11.0,-11.5,-11.5,-117.67035568072438,35.63650570567344,,,,,,0,0,0.0,no events,False,17.6521837259211,17.015400696182255
858,15,18,-12.0,-11.0,-11.0,-10.0,-11.5,-10.5,-117.6703699499062,35.64551857049491,,,,,,0,0,0.0,no events,False,17.250745782069128,16.109955290024242
859,15,19,-12.0,-11.0,-10.0,-9.0,-11.5,-9.5,-117.6703842243791,35.654531421797486,,,,,,0,0,0.0,no events,False,16.899019787593538,15.216354952534479
860,15,20,-12.0,-11.0,-9.0,-8.0,-11.5,-8.5,-117.67039850414558,35.663544259579766,,,,,,0,0,0.0,no events,False,16.600165948730154,14.336814731189808
861,15,21,-12.0,-11.0,-8.0,-7.0,-11.5,-7.5,-117.67041278920814,35.67255708384033,,,,,,0,0,0.0,no events,False,16.357082541495053,13.474088289431743
862,15,22,-12.0,-11.0,-7.0,-6.0,-11.5,-6.5,-117.67042707956924,35.68156989457778,,,,,,0,0,0.0,no events,False,16.172284594737516,12.63162118757296
863,15,23,-12.0,-11.0,-6.0,-5.0,-11.5,-5.5,-117.6704413752314,35.69058269179069,,,,,,0,0,0.0,no events,False,16.04778578985545,11.813748449213005
864,15,24,-12.0,-11.0,-5.0,-4.0,-11.5,-4.5,-117.6704556761971,35.699595475477665,,,,,,0,0,0.0,no events,False,15.984995104815914,11.025944450078786
865,15,25,-12.0,-11.0,-4.0,-3.0,-11.5,-3.5,-117.6704699824688,35.70860824563728,,,,,,0,0,0.0,no events,False,15.984639759622073,10.275127717511044
866,15,26,-12.0,-11.0,-3.0,-2.0,-11.5,-2.5,-117.67048429404902,35.71762100226816,,,,,,0,0,0.0,no events,False,16.046723902055305,9.5700077432625
867,15,27,-12.0,-11.0,-2.0,-1.0,-11.5,-1.5,-117.67049861094029,35.726633745368865,,,,,,0,0,0.0,no events,False,16.170528369001897,8.921426276164857
868,15,28,-12.0,-11.0,-1.0,0.0,-11.5,-0.5,-117.67051293314502,35.735646474938015,,,,,,0,0,0.0,no events,False,16.354651554728925,8.34258026008652
869,15,29,-12.0,-11.0,0.0,1.0,-11.5,0.5,-117.67052726066578,35.7446591909742,,,,,,0,0,0.0,no events,False,16.59708610631696,7.848913554812906
870,15,30,-12.0,-11.0,1.0,2.0,-11.5,1.5,-117.67054159350504,35.75367189347601,,,,,,0,0,0.0,no events,False,16.895322043820343,7.457361637058129
871,15,31,-12.0,-11.0,2.0,3.0,-11.5,2.5,-117.67055593166536,35.76268458244206,,,,,,0,0,0.0,no events,False,17.246464759721157,7.184639251960172
872,15,32,-12.0,-11.0,3.0,4.0,-11.5,3.5,-117.67057027514916,35.77169725787096,,,,,,0,0,0.0,no events,False,17.647356358735603,7.044561006602706
873,15,33,-12.0,-11.0,4.0,5.0,-11.5,4.5,-117.67058462395896,35.78070991976127,,,,,,0,0,0.0,no events,False,18.094690552648533,7.045043532206728
874,15,34,-12.0,-11.0,5.0,6.0,-11.5,5.5,-117.67059897809732,35.78972256811164,,,,,,0,0,0.0,no events,False,18.585114095426217,7.186058513930176
875,15,35,-12.0,-11.0,6.0,7.0,-11.5,6.5,-117.6706133375667,35.798735202920675,,,,,,0,0,0.0,no events,False,19.115310766082573,7.459640444456347
876,15,36,-12.0,-11.0,7.0,8.0,-11.5,7.5,-117.67062770236969,35.80774782418695,,,,,,0,0,0.0,no events,False,19.682066594436023,7.851944609809051
877,15,37,-12.0,-11.0,8.0,9.0,-11.5,8.5,-117.67064207250866,35.81676043190909,,,,,,1,1,2.0,no onset,True,20.282317056286164,8.346246626505229
878,15,38,-12.0,-11.0,9.0,10.0,-11.5,9.5,-117.67065644798625,35.82577302608571,,,,,,0,0,0.0,no events,False,20.913178259547706,8.92561658068452
879,15,39,-12.0,-11.0,10.0,11.0,-11.5,10.5,-117.67067082880492,35.834785606715435,,,,,,0,0,0.0,no events,False,21.571964784402947,9.574624271496557
880,15,40,-12.0,-11.0,11.0,12.0,-11.5,11.5,-117.6706852149672,35.84379817379684,,,,,,0,0,0.0,no events,False,22.25619698878097,10.280088936155732
881,15,41,-12.0,-11.0,12.0,13.0,-11.5,12.5,-117.67069960647562,35.85281072732857,,,,,,0,0,0.0,no events,False,22.963600417776938,11.031184303156756
882,15,42,-12.0,-11.0,13.0,14.0,-11.5,13.5,-117.67071400333266,35.861823267309234,,,,,,0,0,0.0,no events,False,23.692099609178317,11.819214260057752
883,15,43,-12.0,-11.0,14.0,15.0,-11.5,14.5,-117.67072840554091,35.87083579373745,,,,,,0,0,0.0,no events,False,24.43980817508864,12.637271237102299
884,15,44,-12.0,-11.0,15.0,16.0,-11.5,15.5,-117.67074281310283,35.87984830661182,,,,,,0,0,0.0,no events,False,25.205016631199268,13.479889573547462
885,15,45,-12.0,-11.0,16.0,17.0,-11.5,16.5,-117.67075722602098,35.888860805930975,,,,,,0,0,0.0,no events,False,25.98617907894375,14.342741073796672
886,15,46,-12.0,-11.0,17.0,18.0,-11.5,17.5,-117.67077164429789,35.89787329169354,,,,,,0,0,0.0,no events,False,26.781899538061822,15.222385493243646
887,15,47,-12.0,-11.0,18.0,19.0,-11.5,18.5,-117.67078606793608,35.90688576389814,,,,,,0,0,0.0,no events,False,27.59091848073815,16.116073302757563
888,15,48,-12.0,-11.0,19.0,20.0,-11.5,19.5,-117.67080049693804,35.91589822254338,,,,,,0,0,0.0,no events,False,28.412099928633225,17.021592677972166
889,15,49,-12.0,-11.0,20.0,21.0,-11.5,20.5,-117.67081493130638,35.92491066762792,,,,,,1,1,2.0,no onset,True,29.24441933255886,17.937151833268743
890,15,50,-12.0,-11.0,21.0,22.0,-11.5,21.5,-117.6708293710436,35.93392309915033,,,,,,0,0,0.0,no events,False,30.086952352181576,18.861288781116645
891,15,51,-12.0,-11.0,22.0,23.0,-11.5,22.5,-117.67084381615224,35.942935517109284,,,,,,0,0,0.0,no events,False,30.93886458140225,19.792802052251652
892,15,52,-12.0,-11.0,23.0,24.0,-11.5,23.5,-117.67085826663482,35.9519479215034,,,,,,0,0,0.0,no events,False,31.79940221655509,20.730697327262238
893,15,53,-12.0,-11.0,24.0,25.0,-11.5,24.5,-117.67087272249388,35.9609603123313,,,,,,0,0,0.0,no events,False,32.667883633228385,21.674146125499345
894,15,54,-12.0,-11.0,25.0,26.0,-11.5,25.5,-117.670887183732,35.96997268959163,,,,,,0,0,0.0,no events,False,33.54369181855291,22.622453643768146
895,15,55,-12.0,-11.0,26.0,27.0,-11.5,26.5,-117.67090165035168,35.97898505328301,,,,,,0,0,0.0,no events,False,34.426267595572355,23.57503356221109
896,16,0,-11.0,-10.0,-29.0,-28.0,-10.5,-28.5,-117.65909445182568,35.48329605140302,,,,,,0,0,0.0,no events,False,28.72000566623511,33.05078234769355
897,16,1,-11.0,-10.0,-28.0,-27.0,-10.5,-27.5,-117.65910739843342,35.49230914786649,,,,,,0,0,0.0,no events,False,27.871622938258884,32.06806842311448
898,16,2,-11.0,-10.0,-27.0,-26.0,-10.5,-26.5,-117.65912034983386,35.50132223083596,,,,,,0,0,0.0,no events,False,27.033608803790532,31.086457034929094
899,16,3,-11.0,-10.0,-26.0,-25.0,-10.5,-25.5,-117.6591333060292,35.51033530030998,,,,,,0,0,0.0,no events,False,26.206957944413983,30.106056028304888
900,16,4,-11.0,-10.0,-25.0,-24.0,-10.5,-24.5,-117.65914626702173,35.51934835628714,,,,,,0,0,0.0,no events,False,25.392780163743105,29.12698762615821
901,16,5,-11.0,-10.0,-24.0,-23.0,-10.5,-23.5,-117.65915923281368,35.528361398766,,,,,,0,0,0.0,no events,False,24.592314331678658,28.14939087741179
902,16,6,-11.0,-10.0,-23.0,-22.0,-10.5,-22.5,-117.65917220340732,35.53737442774509,,,,,,0,0,0.0,no events,False,23.806943607527398,27.173424616051886
903,16,7,-11.0,-10.0,-22.0,-21.0,-10.5,-21.5,-117.65918517880483,35.54638744322301,,,,,,0,0,0.0,no events,False,23.038211815935103,26.199271057783175
904,16,8,-11.0,-10.0,-21.0,-20.0,-10.5,-20.5,-117.65919815900853,35.55540044519834,,,,,,0,0,0.0,no events,False,22.287840707879127,25.22714019769454
905,16,9,-11.0,-10.0,-20.0,-19.0,-10.5,-19.5,-117.65921114402065,35.56441343366963,,,,,,0,0,0.0,no events,False,21.557747636608422,24.257275221035776
906,16,10,-11.0,-10.0,-19.0,-18.0,-10.5,-18.5,-117.6592241338434,35.57342640863546,,,,,,1,1,2.0,no onset,True,20.85006289936791,23.289959204430065
907,16,11,-11.0,-10.0,-18.0,-17.0,-10.5,-17.5,-117.65923712847908,35.58243937009441,,,,,,1,1,2.0,no onset,True,20.167145624790344,22.325523472898844
908,16,12,-11.0,-10.0,-17.0,-16.0,-10.5,-16.5,-117.65925012792997,35.59145231804504,,,,,,0,0,0.0,no events,False,19.511596613178597,21.364358097867058
909,16,13,-11.0,-10.0,-16.0,-15.0,-10.5,-15.5,-117.65926313219823,35.600465252485954,,,,,,0,0,0.0,no events,False,18.88626596602157,20.406925185554982
910,16,14,-11.0,-10.0,-15.0,-14.0,-10.5,-14.5,-117.65927614128624,35.60947817341569,,,,,,0,0,0.0,no events,False,18.294252700867744,19.453775832053243
911,16,15,-11.0,-10.0,-14.0,-13.0,-10.5,-13.5,-117.65928915519616,35.61849108083286,,,,,,0,0,0.0,no events,False,17.738892908722036,18.50557193708747
912,16,16,-11.0,-10.0,-13.0,-12.0,-10.5,-12.5,-117.65930217393031,35.62750397473604,,,,,,0,0,0.0,no events,False,17.223732504048332,17.56311451063449
913,16,17,-11.0,-10.0,-12.0,-11.0,-10.5,-11.5,-117.65931519749094,35.6365168551238,,,,,,0,0,0.0,no events,False,16.752480446635754,16.6273807290445
914,16,18,-11.0,-10.0,-11.0,-10.0,-10.5,-10.5,-117.6593282258803,35.64552972199473,,,,,,0,0,0.0,no events,False,16.32893875482468,15.699572876468357
915,16,19,-11.0,-10.0,-10.0,-9.0,-10.5,-9.5,-117.65934125910069,35.65454257534741,,,,,,0,0,0.0,no events,False,15.956906987343052,14.78118354863647
916,16,20,-11.0,-10.0,-9.0,-8.0,-10.5,-8.5,-117.65935429715432,35.66355541518044,,,,,,0,0,0.0,no events,False,15.640061392034868,13.87408323794484
917,16,21,-11.0,-10.0,-8.0,-7.0,-10.5,-7.5,-117.6593673400435,35.6725682414924,,,,,,0,0,0.0,no events,False,15.381812639949876,12.980638824355388
918,16,22,-11.0,-10.0,-7.0,-6.0,-10.5,-6.5,-117.65938038777053,35.681581054281864,,,,,,0,0,0.0,no events,False,15.185150635881882,12.1038747053703
919,16,23,-11.0,-10.0,-6.0,-5.0,-10.5,-5.5,-117.65939344033762,35.69059385354744,,,,,,0,0,0.0,no events,False,15.052489481090033,11.247692273450742
920,16,24,-11.0,-10.0,-5.0,-4.0,-10.5,-4.5,-117.65940649774709,35.699606639287715,,,,,,0,0,0.0,no events,False,14.985528997076754,10.417167564803018
921,16,25,-11.0,-10.0,-4.0,-3.0,-10.5,-3.5,-117.65941956000113,35.7086194115013,,,,,,0,0,0.0,no events,False,14.985149951406239,9.61894893780628
922,16,26,-11.0,-10.0,-3.0,-2.0,-10.5,-2.5,-117.65943262710212,35.71763217018675,,,,,,0,0,0.0,no events,False,15.051357374337789,8.86177054899669
923,16,27,-11.0,-10.0,-2.0,-1.0,-10.5,-1.5,-117.65944569905233,35.726644915342696,,,,,,1,1,2.0,no onset,True,15.183280230369677,8.15706907277397
924,16,28,-11.0,-10.0,-1.0,0.0,-10.5,-0.5,-117.65945877585398,35.73565764696772,,,,,,0,0,0.0,no events,False,15.379227493532854,7.519612653118917
925,16,29,-11.0,-10.0,0.0,1.0,-10.5,0.5,-117.65947185750936,35.74467036506041,,,,,,0,0,0.0,no events,False,15.636792447357578,6.967881532279853
926,16,30,-11.0,-10.0,1.0,2.0,-10.5,1.5,-117.65948494402085,35.75368306961937,,,,,,0,0,0.0,no events,False,15.952990872737349,6.523662440901364
927,16,31,-11.0,-10.0,2.0,3.0,-10.5,2.5,-117.6594980353906,35.76269576064321,,,,,,1,1,2.0,no onset,True,16.324415993521583,6.210070067057832
928,16,32,-11.0,-10.0,3.0,4.0,-10.5,3.5,-117.65951113162096,35.771708438130545,,,,,,0,0,0.0,no events,False,16.747393745698027,6.047459700792407
929,16,33,-11.0,-10.0,4.0,5.0,-10.5,4.5,-117.65952423271423,35.78072110207995,,,,,,1,1,2.0,no onset,True,17.218125246882938,6.048021778040214
930,16,34,-11.0,-10.0,5.0,6.0,-10.5,5.5,-117.6595373386727,35.789733752490044,,,,,,2,1,2.0,no onset,True,17.73280792094838,6.211712004157084
931,16,35,-11.0,-10.0,6.0,7.0,-10.5,6.5,-117.65955044949862,35.79874638935945,,,,,,2,1,2.0,no onset,True,18.287731311049818,6.526267280576987
932,16,36,-11.0,-10.0,7.0,8.0,-10.5,7.5,-117.6595635651943,35.80775901268674,,,,,,0,0,0.0,no events,False,18.879347347010015,6.971295662390906
933,16,37,-11.0,-10.0,8.0,9.0,-10.5,8.5,-117.65957668576203,35.81677162247055,,,,,,1,1,2.0,no onset,True,19.504317368033064,7.523680070777251
934,16,38,-11.0,-10.0,9.0,10.0,-10.5,9.5,-117.65958981120416,35.82578421870947,,,,,,0,0,0.0,no events,False,20.159539571549203,8.161651818250476
935,16,39,-11.0,-10.0,10.0,11.0,-10.5,10.5,-117.65960294152292,35.83479680140213,,,,,,4,2,4.0,no onset,True,20.842161007936785,8.866755832732274
936,16,40,-11.0,-10.0,11.0,12.0,-10.5,11.5,-117.65961607672064,35.84380937054715,,,,,,1,1,2.0,no onset,True,21.549578075328125,9.624248417005472
937,16,41,-11.0,-10.0,12.0,13.0,-10.5,12.5,-117.6596292167996,35.85282192614311,,,,,,0,0,0.0,no events,False,22.279428964149076,10.422713475250717
938,16,42,-11.0,-10.0,13.0,14.0,-10.5,13.5,-117.65964236176212,35.86183446818867,,,,,,0,0,0.0,no events,False,23.029580862717992,11.253433022065462
939,16,43,-11.0,-10.0,14.0,15.0,-10.5,14.5,-117.65965551161048,35.8708469966824,,,,,,0,0,0.0,no events,False,23.798114094532135,12.10977098780377
940,16,44,-11.0,-10.0,15.0,16.0,-10.5,15.5,-117.65966866634705,35.879859511622946,,,,,,0,0,0.0,no events,False,24.583304785977642,12.986660539645841
941,16,45,-11.0,-10.0,16.0,17.0,-10.5,16.5,-117.65968182597403,35.88887201300894,,,,,,0,0,0.0,no events,False,25.38360718936876,13.880207151441759
942,16,46,-11.0,-10.0,17.0,18.0,-10.5,17.5,-117.6596949904938,35.89788450083897,,,,,,0,0,0.0,no events,False,26.19763641415148,14.787391560443494
943,16,47,-11.0,-10.0,18.0,19.0,-10.5,18.5,-117.65970815990867,35.906896975111685,,,,,,0,0,0.0,no events,False,27.02415203909232,15.705850749221323
944,16,48,-11.0,-10.0,19.0,20.0,-10.5,19.5,-117.65972133422092,35.91590943582571,,,,,,0,0,0.0,no events,False,27.862042875135337,16.633717153774032
945,16,49,-11.0,-10.0,20.0,21.0,-10.5,20.5,-117.6597345134329,35.924921882979646,,,,,,0,0,0.0,no events,False,28.710313006301096,17.569500418244594
946,16,50,-11.0,-10.0,21.0,22.0,-10.5,21.5,-117.65974769754688,35.933934316572135,,,,,,0,0,0.0,no events,False,29.568069139930056,18.511999987619856
947,16,51,-11.0,-10.0,22.0,23.0,-10.5,22.5,-117.65976088656522,35.942946736601805,,,,,,0,0,0.0,no events,False,30.434509235530417,19.460240032861314
948,16,52,-11.0,-10.0,23.0,24.0,-10.5,23.5,-117.65977408049022,35.951959143067306,,,,,,0,0,0.0,no events,False,31.30891234379579,20.413420603404973
949,16,53,-11.0,-10.0,24.0,25.0,-10.5,24.5,-117.65978727932418,35.96097153596721,,,,,,0,0,0.0,no events,False,32.190629566620636,21.370880639937585
950,16,54,-11.0,-10.0,25.0,26.0,-10.5,25.5,-117.65980048306945,35.96998391530021,,,,,,0,0,0.0,no events,False,33.07907603968546,22.33206971871169
951,16,55,-11.0,-10.0,26.0,27.0,-10.5,26.5,-117.65981369172832,35.97899628106491,,,,,,0,0,0.0,no events,False,33.97372383744818,23.296526275742057
952,17,0,-10.0,-9.0,-29.0,-28.0,-9.5,-28.5,-117.64807498897608,35.48330615568408,,,,,,0,0,0.0,no events,False,28.211429178434337,32.883128544157294
953,17,1,-10.0,-9.0,-28.0,-27.0,-9.5,-27.5,-117.64808670257842,35.4923192540009,,,,,,0,0,0.0,no events,False,27.347273649007835,31.89524951221597
954,17,2,-10.0,-9.0,-27.0,-26.0,-9.5,-26.5,-117.648098420517,35.501332338824255,,,,,,0,0,0.0,no events,False,26.492678531579635,30.908150058543676
955,17,3,-10.0,-9.0,-26.0,-25.0,-9.5,-25.5,-117.64811014279388,35.510345410152766,,,,,,0,0,0.0,no events,False,25.648599484601935,29.921907336204253
956,17,4,-10.0,-9.0,-25.0,-24.0,-9.5,-24.5,-117.648121869411,35.51935846798498,,,,,,1,1,2.0,no onset,True,24.81610959166293,28.936608944921907
957,17,5,-10.0,-9.0,-24.0,-23.0,-9.5,-23.5,-117.64813360037051,35.52837151231946,,,,,,0,0,0.0,no events,False,23.99641504494634,27.952354745643074
958,17,6,-10.0,-9.0,-23.0,-22.0,-9.5,-22.5,-117.64814533567436,35.53738454315478,,,,,,0,0,0.0,no events,False,23.19087266045047,26.9692590632597
959,17,7,-10.0,-9.0,-22.0,-21.0,-9.5,-21.5,-117.64815707532463,35.546397560489496,,,,,,0,0,0.0,no events,False,22.40100922943275,25.987453376892397
960,17,8,-10.0,-9.0,-21.0,-20.0,-9.5,-20.5,-117.64816881932336,35.55541056432218,,,,,,1,1,2.0,no onset,True,21.628542582454173,25.007089626965723
961,17,9,-10.0,-9.0,-20.0,-19.0,-9.5,-19.5,-117.64818056767253,35.56442355465142,,,,,,1,1,2.0,no onset,True,20.875404043633157,24.02834430846281
962,17,10,-10.0,-9.0,-19.0,-18.0,-9.5,-18.5,-117.64819232037418,35.57343653147578,,,,,,0,0,0.0,no events,False,20.143761657864147,23.051423574282296
963,17,11,-10.0,-9.0,-18.0,-17.0,-9.5,-17.5,-117.6482040774304,35.58244949479383,,,,,,0,0,0.0,no events,False,19.436043153706464,22.076569647386755
964,17,12,-10.0,-9.0,-17.0,-16.0,-9.5,-16.5,-117.64821583884324,35.591462444604126,,,,,,0,0,0.0,no events,False,18.754957030519744,21.10406894394677
965,17,13,-10.0,-9.0,-16.0,-15.0,-9.5,-15.5,-117.64822760461468,35.60047538090528,,,,,,0,0,0.0,no events,False,18.10350941007141,20.13426245447792
966,17,14,-10.0,-9.0,-15.0,-14.0,-9.5,-14.5,-117.6482393747468,35.60948830369587,,,,,,0,0,0.0,no events,False,17.48501337444288,19.16755913466135
967,17,15,-10.0,-9.0,-14.0,-13.0,-9.5,-13.5,-117.64825114924166,35.61850121297445,,,,,,0,0,0.0,no events,False,16.903086476982494,18.20445335009212
968,17,16,-10.0,-9.0,-13.0,-12.0,-9.5,-12.5,-117.64826292810127,35.62751410873962,,,,,,0,0,0.0,no events,False,16.36163109815921,17.245547841997386
969,17,17,-10.0,-9.0,-12.0,-11.0,-9.5,-11.5,-117.6482747113277,35.63652699098996,,,,,,0,0,0.0,no events,False,15.864791581869355,16.29158429882009
970,17,18,-10.0,-9.0,-11.0,-10.0,-9.5,-10.5,-117.648286498923,35.64553985972404,,,,,,0,0,0.0,no events,False,15.41688203496592,15.343484531243279
971,17,19,-10.0,-9.0,-10.0,-9.0,-9.5,-9.5,-117.6482982908892,35.65455271494046,,,,,,0,0,0.0,no events,False,15.022279834431158,14.402406609849699
972,17,20,-10.0,-9.0,-9.0,-8.0,-9.5,-8.5,-117.64831008722835,35.663565556637806,,,,,,1,1,2.0,no onset,True,14.685282808576048,13.46982237263665
973,17,21,-10.0,-9.0,-8.0,-7.0,-9.5,-7.5,-117.64832188794256,35.67257838481466,,,,,,0,0,0.0,no events,False,14.409933064097187,12.547625805120399
974,17,22,-10.0,-9.0,-7.0,-6.0,-9.5,-6.5,-117.64833369303383,35.68159119946961,,,,,,1,1,2.0,no onset,True,14.199817275432226,11.63828646924726
975,17,23,-10.0,-9.0,-6.0,-5.0,-9.5,-5.5,-117.64834550250424,35.69060400060125,,,,,,0,0,0.0,no events,False,14.05786080453088,10.745069126590316
976,17,24,-10.0,-9.0,-5.0,-4.0,-9.5,-4.5,-117.6483573163558,35.699616788208175,,,,,,0,0,0.0,no events,False,13.986139215075323,9.872350739826096
977,17,25,-10.0,-9.0,-4.0,-3.0,-9.5,-3.5,-117.6483691345906,35.70862956228897,,,,,,0,0,0.0,no events,False,13.985733083659573,9.026079310812941
978,17,26,-10.0,-9.0,-3.0,-2.0,-9.5,-2.5,-117.64838095721076,35.71764232284223,,,,,,1,1,2.0,no onset,True,14.056648591725985,8.214432805740511
979,17,27,-10.0,-9.0,-2.0,-1.0,-9.5,-1.5,-117.64839278421825,35.72665506986657,,,,,,1,1,2.0,no onset,True,14.197817063731108,7.448738478089189
980,17,28,-10.0,-9.0,-1.0,0.0,-9.5,-0.5,-117.64840461561518,35.73566780336054,,,,,,0,0,0.0,no events,False,14.407173529845345,6.744664818203123
981,17,29,-10.0,-9.0,0.0,1.0,-9.5,0.5,-117.6484164514036,35.7446805233228,,,,,,0,0,0.0,no events,False,14.681801281279437,6.123504070779041
982,17,30,-10.0,-9.0,1.0,2.0,-9.5,1.5,-117.64842829158556,35.75369322975191,,,,,,1,1,2.0,no onset,True,15.018120009071732,5.612851387644964
983,17,31,-10.0,-9.0,2.0,3.0,-9.5,2.5,-117.64844013616316,35.76270592264648,,,,,,0,0,0.0,no events,False,15.412091628029689,5.245083344879138
984,17,32,-10.0,-9.0,3.0,4.0,-9.5,3.5,-117.64845198513846,35.77171860200512,,,,,,0,0,0.0,no events,False,15.859420168930672,5.05150451743528
985,17,33,-10.0,-9.0,4.0,5.0,-9.5,4.5,-117.64846383851354,35.78073126782642,,,,,,2,1,2.0,no onset,True,16.355728288235504,5.052177400350225
986,17,34,-10.0,-9.0,5.0,6.0,-9.5,5.5,-117.64847569629042,35.789743920109004,,,,,,0,0,0.0,no events,False,16.896700493957074,5.247027261178474
987,17,35,-10.0,-9.0,6.0,7.0,-9.5,6.5,-117.64848755847122,35.79875655885146,,,,,,0,0,0.0,no events,False,17.47819004721002,5.615878709025917
988,17,36,-10.0,-9.0,7.0,8.0,-9.5,7.5,-117.648499425058,35.8077691840524,,,,,,1,1,2.0,no onset,True,18.09629152810856,6.1273886990651345
989,17,37,-10.0,-9.0,8.0,9.0,-9.5,8.5,-117.64851129605287,35.81678179571045,,,,,,2,1,2.0,no onset,True,18.747383999219615,6.749199275793509
990,17,38,-10.0,-9.0,9.0,10.0,-9.5,9.5,-117.64852317145784,35.8257943938242,,,,,,2,1,2.0,no onset,True,19.42815087850869,7.453756734648116
991,17,39,-10.0,-9.0,10.0,11.0,-9.5,10.5,-117.64853505127503,35.83480697839227,,,,,,0,0,0.0,no events,False,20.13558259157157,8.219810706716588
992,17,40,-10.0,-9.0,11.0,12.0,-9.5,11.5,-117.64854693550652,35.84381954941327,,,,,,0,0,0.0,no events,False,20.866967341851623,9.031726670420955
993,17,41,-10.0,-9.0,12.0,13.0,-9.5,12.5,-117.6485588241544,35.85283210688583,,,,,,0,0,0.0,no events,False,21.619874324098287,9.878202531034365
994,17,42,-10.0,-9.0,13.0,14.0,-9.5,13.5,-117.64857071722072,35.86184465080854,,,,,,0,0,0.0,no events,False,22.392132670509667,10.75107826401958
995,17,43,-10.0,-9.0,14.0,15.0,-9.5,14.5,-117.64858261470756,35.870857181180035,,,,,,0,0,0.0,no events,False,23.18180849885549,11.644418509913441
996,17,44,-10.0,-9.0,15.0,16.0,-9.5,15.5,-117.64859451661708,35.87986969799894,,,,,,0,0,0.0,no events,False,23.98718168150462,12.553855225744611
997,17,45,-10.0,-9.0,16.0,17.0,-9.5,16.5,-117.64860642295125,35.88888220126386,,,,,,0,0,0.0,no events,False,24.806723378258017,13.47612999432314
998,17,46,-10.0,-9.0,17.0,18.0,-9.5,17.5,-117.64861833371224,35.89789469097342,,,,,,0,0,0.0,no events,False,25.639074954243473,14.408777818359068
999,17,47,-10.0,-9.0,18.0,19.0,-9.5,18.5,-117.64863024890214,35.90690716712625,,,,,,0,0,0.0,no events,False,26.483028608020216,15.349908039261239
1000,17,48,-10.0,-9.0,19.0,20.0,-9.5,19.5,-117.648642168523,35.91591962972096,,,,,,1,1,2.0,no onset,True,27.33750983533649,16.298051276416984
1001,17,49,-10.0,-9.0,20.0,21.0,-9.5,20.5,-117.64865409257696,35.9249320787562,,,,,,0,0,0.0,no events,False,28.201561725213402,17.252051298429933
1002,17,50,-10.0,-9.0,21.0,22.0,-9.5,21.5,-117.64866602106603,35.93394451423057,,,,,,0,0,0.0,no events,False,29.07433100666159,18.210987688716898
1003,17,51,-10.0,-9.0,22.0,23.0,-9.5,22.5,-117.6486779539924,35.942956936142714,,,,,,0,0,0.0,no events,False,29.955055720676363,19.174119828392094
1004,17,52,-10.0,-9.0,23.0,24.0,-9.5,23.5,-117.64868989135816,35.95196934449125,,,,,,0,0,0.0,no events,False,30.84305437165275,20.140845806183997
1005,17,53,-10.0,-9.0,24.0,25.0,-9.5,24.5,-117.64870183316532,35.96098173927482,,,,,,0,0,0.0,no events,False,31.737716406771142,21.110671907436295
1006,17,54,-10.0,-9.0,25.0,26.0,-9.5,25.5,-117.64871377941608,35.96999412049207,,,,,,0,0,0.0,no events,False,32.63849387549205,22.08318969212465
1007,17,55,-10.0,-9.0,26.0,27.0,-9.5,26.5,-117.64872573011247,35.9790064881416,,,,,,0,0,0.0,no events,False,33.5448941301718,23.058058582051114
1008,18,0,-9.0,-8.0,-29.0,-28.0,-8.5,-28.5,-117.63705552350062,35.48331524953882,,,,,,0,0,0.0,no events,False,27.729600558086943,32.745168680410444
1009,18,1,-9.0,-8.0,-28.0,-27.0,-8.5,-27.5,-117.63706600409613,35.49232834952362,,,,,,0,0,0.0,no events,False,26.849942027031602,31.75299781915833
1010,18,2,-9.0,-8.0,-27.0,-26.0,-8.5,-26.5,-117.6370764885714,35.501341436015515,,,,,,0,0,0.0,no events,False,25.978992024304176,30.76133399412994
1011,18,3,-9.0,-8.0,-26.0,-25.0,-8.5,-25.5,-117.63708697692827,35.510354509013055,,,,,,0,0,0.0,no events,False,25.117656465975525,29.770227874394156
1012,18,4,-9.0,-8.0,-25.0,-24.0,-8.5,-24.5,-117.6370974691686,35.519367568514824,,,,,,0,0,0.0,no events,False,24.266959143796,28.779737078164825
1013,18,5,-9.0,-8.0,-24.0,-23.0,-8.5,-23.5,-117.6371079652942,35.52838061451937,,,,,,0,0,0.0,no events,False,23.428058942869477,27.78992739974748
1014,18,6,-9.0,-8.0,-23.0,-22.0,-8.5,-22.5,-117.63711846530684,35.53739364702528,,,,,,0,0,0.0,no events,False,22.602269478405674,26.80087430436135
1015,18,7,-9.0,-8.0,-22.0,-21.0,-8.5,-21.5,-117.63712896920838,35.546406666031096,,,,,,0,0,0.0,no events,False,21.791081325128655,25.81266476118103
1016,18,8,-9.0,-8.0,-21.0,-20.0,-8.5,-20.5,-117.6371394770006,35.55541967153542,,,,,,0,0,0.0,no events,False,20.99618691720649,24.82539950671605
1017,18,9,-9.0,-8.0,-20.0,-19.0,-8.5,-19.5,-117.63714998868538,35.564432663536806,45.0,1350.0,22.5,3.0,3.0,16,3,6.0,robust onset,True,20.219508025819398,23.83919586024239
1018,18,10,-9.0,-8.0,-19.0,-18.0,-8.5,-18.5,-117.6371605042645,35.57344564203384,,,,,,13,2,4.0,no onset,True,19.463225440560393,22.854191253639637
1019,18,11,-9.0,-8.0,-18.0,-17.0,-8.5,-17.5,-117.6371710237398,35.58245860702505,,,,,,1,1,2.0,no onset,True,18.729810044257775,21.870547694396656
1020,18,12,-9.0,-8.0,-17.0,-16.0,-8.5,-16.5,-117.6371815471131,35.591471558509085,,,,,,2,1,2.0,no onset,True,18.022053824075698,20.888457459750818
1021,18,13,-9.0,-8.0,-16.0,-15.0,-8.5,-15.5,-117.63719207438623,35.60048449648448,,,,,,0,0,0.0,no events,False,17.343098448137336,19.908150432492718
1022,18,14,-9.0,-8.0,-15.0,-14.0,-8.5,-14.5,-117.63720260556104,35.609497420949815,,,,,,1,1,2.0,no onset,True,16.696457813730607,18.929903651041137
1023,18,15,-9.0,-8.0,-14.0,-13.0,-8.5,-13.5,-117.63721314063932,35.61851033190368,,,,,,1,1,2.0,no onset,True,16.086029443886645,17.95405388297142
1024,18,16,-9.0,-8.0,-13.0,-12.0,-8.5,-12.5,-117.63722367962292,35.62752322934464,,,,,,1,1,2.0,no onset,True,15.516087877216027,16.981014381584558
1025,18,17,-9.0,-8.0,-12.0,-11.0,-8.5,-11.5,-117.63723422251373,35.6365361132713,,,,,,0,0,0.0,no events,False,14.991251540728422,16.011297512148168
1026,18,18,-9.0,-8.0,-11.0,-10.0,-8.5,-10.5,-117.63724476931344,35.64554898368222,,,,,,0,0,0.0,no events,False,14.516413555051896,15.04554574010071
1027,18,19,-9.0,-8.0,-10.0,-9.0,-8.5,-9.5,-117.63725532002402,35.65456184057601,,,,,,0,0,0.0,no events,False,14.09662733582741,14.084574726004444
1028,18,20,-9.0,-8.0,-9.0,-8.0,-8.5,-8.5,-117.63726587464724,35.66357468395124,,,,,,0,0,0.0,no events,False,13.73694077984974,13.12943425313306
1029,18,21,-9.0,-8.0,-8.0,-7.0,-8.5,-7.5,-117.63727643318494,35.67258751380649,,,,,,0,0,0.0,no events,False,13.442179203276561,12.181495901665123
1030,18,22,-9.0,-8.0,-7.0,-6.0,-8.5,-6.5,-117.637286995639,35.68160033014037,,,,,,0,0,0.0,no events,False,13.216687235343924,11.242581598424122
1031,18,23,-9.0,-8.0,-6.0,-5.0,-8.5,-5.5,-117.6372975620112,35.69061313295147,,,,,,1,1,2.0,no onset,True,13.064052251151063,10.315155820062303
1032,18,24,-9.0,-8.0,-5.0,-4.0,-8.5,-4.5,-117.63730813230345,35.69962592223837,,,,,,0,0,0.0,no events,False,12.986843379540208,9.40261868774363
1033,18,25,-9.0,-8.0,-4.0,-3.0,-8.5,-3.5,-117.63731870651752,35.70863869799968,,,,,,0,0,0.0,no events,False,12.98640599660312,8.50976126469164
1034,18,26,-9.0,-8.0,-3.0,-2.0,-8.5,-2.5,-117.63732928465528,35.71765146023397,,,,,,0,0,0.0,no events,False,13.06274781401339,7.643483196618331
1035,18,27,-9.0,-8.0,-2.0,-1.0,-8.5,-1.5,-117.6373398667186,35.726664208939845,,,,,,0,0,0.0,no events,False,13.214538213513697,6.813929407612564
1036,18,28,-9.0,-8.0,-1.0,0.0,-8.5,-0.5,-117.6373504527093,35.73567694411591,,,,,,0,0,0.0,no events,False,13.439220957344064,6.0362598160506495
1037,18,29,-9.0,-8.0,0.0,1.0,-8.5,0.5,-117.63736104262928,35.74468966576075,,,,,,0,0,0.0,no events,False,13.733218839158505,5.333219586873237
1038,18,30,-9.0,-8.0,1.0,2.0,-8.5,1.5,-117.63737163648028,35.753702373873004,,,,,,0,0,0.0,no events,False,14.092194273005187,4.7381462363195235
1039,18,31,-9.0,-8.0,2.0,3.0,-8.5,2.5,-117.63738223426422,35.76271506845123,,,,,,1,1,2.0,no onset,True,14.511325892971405,4.296141100067522
1040,18,32,-9.0,-8.0,3.0,4.0,-8.5,3.5,-117.63739283598296,35.771727749494055,,,,,,0,0,0.0,no events,False,14.985567020167256,4.057539518800759
1041,18,33,-9.0,-8.0,4.0,5.0,-8.5,4.5,-117.63740344163833,35.780740417000054,,,,,,1,1,2.0,no onset,True,15.509863270184772,4.058377205432045
1042,18,34,-9.0,-8.0,5.0,6.0,-8.5,5.5,-117.63741405123218,35.78975307096786,,,,,,3,1,2.0,no onset,True,16.079318965793572,4.29851417777247
1043,18,35,-9.0,-8.0,6.0,7.0,-8.5,6.5,-117.63742466476636,35.79876571139608,,,,,,1,1,2.0,no onset,True,16.689312093301837,4.741732039186889
1044,18,36,-9.0,-8.0,7.0,8.0,-8.5,7.5,-117.63743528224278,35.80777833828331,,,,,,1,1,2.0,no onset,True,17.335563962315536,5.33767939524209
1045,18,37,-9.0,-8.0,8.0,9.0,-8.5,8.5,-117.63744590366322,35.81679095162817,,,,,,0,0,0.0,no events,False,18.01417268806523,6.041326006874028
1046,18,38,-9.0,-8.0,9.0,10.0,-8.5,9.5,-117.6374565290296,35.82580355142926,,,,,,2,1,2.0,no onset,True,18.72162005221069,6.819414822129023
1047,18,39,-9.0,-8.0,10.0,11.0,-8.5,10.5,-117.63746715834372,35.8348161376852,,,,,,0,0,0.0,no events,False,19.45476026897375,7.649262520741037
1048,18,40,-9.0,-8.0,11.0,12.0,-8.5,11.5,-117.6374777916075,35.84382871039461,,,,,,0,0,0.0,no events,False,20.210797531694332,8.5157510359424
1049,18,41,-9.0,-8.0,12.0,13.0,-8.5,12.5,-117.63748842882276,35.85284126955609,,,,,,0,0,0.0,no events,False,20.98725748188752,9.408762633901153
1050,18,42,-9.0,-8.0,13.0,14.0,-8.5,13.5,-117.63749906999138,35.86185381516826,,,,,,0,0,0.0,no events,False,21.781956210472604,10.321415256447882
1051,18,43,-9.0,-8.0,14.0,15.0,-8.5,14.5,-117.6375097151152,35.87086634722973,,,,,,0,0,0.0,no events,False,22.592969174033946,11.248929348652503
1052,18,44,-9.0,-8.0,15.0,16.0,-8.5,15.5,-117.63752036419616,35.879878865739144,,,,,,0,0,0.0,no events,False,23.418601492035137,12.187912458083876
1053,18,45,-9.0,-8.0,16.0,17.0,-8.5,16.5,-117.63753101723604,35.8888913706951,,,,,,1,1,2.0,no onset,True,24.257360441454722,13.135905323991059
1054,18,46,-9.0,-8.0,17.0,18.0,-8.5,17.5,-117.63754167423676,35.89790386209624,,,,,,0,0,0.0,no events,False,25.10793052663948,14.091089641180954
1055,18,47,-9.0,-8.0,18.0,19.0,-8.5,18.5,-117.63755233520016,35.906916339941155,,,,,,0,0,0.0,no events,False,25.969151219754117,15.052096394547096
1056,18,48,-9.0,-8.0,19.0,20.0,-8.5,19.5,-117.63756300012813,35.915928804228514,,,,,,0,0,0.0,no events,False,26.83999729542384,16.01787765172647
1057,18,49,-9.0,-8.0,20.0,21.0,-8.5,20.5,-117.63757366902252,35.92494125495691,,,,,,0,0,0.0,no events,False,27.71956158676145,16.987619111006072
1058,18,50,-9.0,-8.0,21.0,22.0,-8.5,21.5,-117.63758434188526,35.93395369212498,,,,,,0,0,0.0,no events,False,28.607039943100773,17.960679320547964
1059,18,51,-9.0,-8.0,22.0,23.0,-8.5,22.5,-117.63759501871816,35.94296611573134,,,,,,0,0,0.0,no events,False,29.501718154203584,18.936546682288714
1060,18,52,-9.0,-8.0,23.0,24.0,-8.5,23.5,-117.6376056995231,35.951978525774635,,,,,,0,0,0.0,no events,False,30.402960609025687,19.914808531478286
1061,18,53,-9.0,-8.0,24.0,25.0,-8.5,24.5,-117.63761638430202,35.9609909222535,,,,,,0,0,0.0,no events,False,31.310200471058465,20.89512855764187
1062,18,54,-9.0,-8.0,25.0,26.0,-8.5,25.5,-117.63762707305676,35.97000330516656,,,,,,0,0,0.0,no events,False,32.22293117147743,21.877230081418475
1063,18,55,-9.0,-8.0,26.0,27.0,-8.5,26.5,-117.63763776578917,35.979015674512446,,,,,,0,0,0.0,no events,False,33.140699042501716,22.86088350502364
1064,19,0,-8.0,-7.0,-29.0,-28.0,-7.5,-28.5,-117.62603605567573,35.48332333296665,,,,,,0,0,0.0,no events,False,27.275937342872293,32.63727931316417
1065,19,1,-8.0,-7.0,-28.0,-27.0,-7.5,-27.5,-117.62604530326306,35.49233643443414,,,,,,0,0,0.0,no events,False,26.381156109545266,31.64172560971406
1066,19,2,-8.0,-7.0,-27.0,-26.0,-7.5,-26.5,-117.62605455427372,35.50134952240915,,,,,,0,0,0.0,no events,False,25.494196151675375,30.64646142959045
1067,19,3,-8.0,-7.0,-26.0,-25.0,-7.5,-25.5,-117.62606380870936,35.51036259689028,,,,,,0,0,0.0,no events,False,24.615902932129096,29.651515926682663
1068,19,4,-8.0,-7.0,-25.0,-24.0,-7.5,-24.5,-117.62607306657154,35.5193756578761,,,,,,0,0,0.0,no events,False,23.74723809010016,28.65692229366678
1069,19,5,-8.0,-7.0,-24.0,-23.0,-7.5,-23.5,-117.6260823278619,35.528388705365145,,,,,,0,0,0.0,no events,False,22.889297862796187,27.66271848427404
1070,19,6,-8.0,-7.0,-23.0,-22.0,-7.5,-22.5,-117.626091592582,35.53740173935602,,,,,,0,0,0.0,no events,False,22.043334511722772,26.66894809577493
1071,19,7,-8.0,-7.0,-22.0,-21.0,-7.5,-21.5,-117.6261008607335,35.54641475984729,,,,,,0,0,0.0,no events,False,21.210781129878512,25.67566145457752
1072,19,8,-8.0,-7.0,-21.0,-20.0,-7.5,-20.5,-117.62611013231798,35.555427766837504,,,,,,1,1,2.0,no onset,True,20.393280164885503,24.682916961433435
1073,19,9,-8.0,-7.0,-20.0,-19.0,-7.5,-19.5,-117.62611940733704,35.56444076032524,14.0,420.0,7.0,4.0,4.0,23,3,6.0,robust onset,True,19.592715881863207,23.69078277136403
1074,19,10,-8.0,-7.0,-19.0,-18.0,-7.5,-18.5,-117.62612868579228,35.57345374030908,16.0,480.0,8.0,3.0,4.0,55,3,6.0,robust onset,True,18.811250765733703,22.699338909203927
1075,19,11,-8.0,-7.0,-18.0,-17.0,-7.5,-17.5,-117.62613796768534,35.5824667067876,23.0,690.0,11.5,2.0,3.0,20,2,4.0,weak onset,True,18.051365464009056,21.708679957791993
1076,19,12,-8.0,-7.0,-17.0,-16.0,-7.5,-16.5,-117.62614725301782,35.59147965975937,,,,,,3,1,2.0,no onset,True,17.315901214176556,20.71891850712243
1077,19,13,-8.0,-7.0,-16.0,-15.0,-7.5,-15.5,-117.62615654179132,35.60049259922297,,,,,,2,1,2.0,no onset,True,16.60810267920521,19.730189626552527
1078,19,14,-8.0,-7.0,-15.0,-14.0,-7.5,-14.5,-117.62616583400752,35.60950552517698,,,,,,1,1,2.0,no onset,True,15.931657614539844,18.74265672989455
1079,19,15,-8.0,-7.0,-14.0,-13.0,-7.5,-13.5,-117.62617512966791,35.618518437619954,,,,,,0,0,0.0,no events,False,15.290727716195445,17.756519363028385
1080,19,16,-8.0,-7.0,-13.0,-12.0,-7.5,-12.5,-117.62618442877418,35.62753133655052,,,,,,0,0,0.0,no events,False,14.689962349670257,16.77202368483131
1081,19,17,-8.0,-7.0,-12.0,-11.0,-7.5,-11.5,-117.62619373132796,35.63654422196724,,,,,,0,0,0.0,no events,False,14.134483845497572,15.789476782955253
1082,19,18,-8.0,-7.0,-11.0,-10.0,-7.5,-10.5,-117.62620303733084,35.645557093868696,,,,,,0,0,0.0,no events,False,13.62983027489829,14.809266547483825
1083,19,19,-8.0,-7.0,-10.0,-9.0,-7.5,-9.5,-117.62621234678444,35.65456995225346,,,,,,2,1,2.0,no onset,True,13.181840276169186,13.831889757707152
1084,19,20,-8.0,-7.0,-9.0,-8.0,-7.5,-8.5,-117.6262216596904,35.66358279712015,,,,,,0,0,0.0,no events,False,12.796466418911836,12.857992567438531
1085,19,21,-8.0,-7.0,-8.0,-7.0,-7.5,-7.5,-117.62623097605032,35.672595628467334,,,,,,0,0,0.0,no events,False,12.47951091005735,11.888430151169878
1086,19,22,-8.0,-7.0,-7.0,-6.0,-7.5,-6.5,-117.6262402958658,35.6816084462936,,,,,,0,0,0.0,no events,False,12.23629160726985,10.924356734114166
1087,19,23,-8.0,-7.0,-6.0,-5.0,-7.5,-5.5,-117.62624961913852,35.69062125059754,,,,,,1,1,2.0,no onset,True,12.071266381040754,9.967365180885372
1088,19,24,-8.0,-7.0,-5.0,-4.0,-7.5,-4.5,-117.62625894587006,35.69963404137776,,,,,,0,0,0.0,no events,False,11.987664984722707,9.019709931259795
1089,19,25,-8.0,-7.0,-4.0,-3.0,-7.5,-3.5,-117.62626827606208,35.70864681863284,,,,,,0,0,0.0,no events,False,11.987191144294355,8.084674751590637
1090,19,26,-8.0,-7.0,-3.0,-2.0,-7.5,-2.5,-117.6262776097162,35.717659582361385,,,,,,1,1,2.0,no onset,True,12.069854650067297,7.167200599533102
1091,19,27,-8.0,-7.0,-2.0,-1.0,-7.5,-1.5,-117.626286946834,35.72667233256197,,,,,,0,0,0.0,no events,False,12.23397037014776,6.274995062060858
1092,19,28,-8.0,-7.0,-1.0,0.0,-7.5,-0.5,-117.62629628741716,35.73568506923321,,,,,,1,1,2.0,no onset,True,12.476324409118074,5.420549937398297
1093,19,29,-8.0,-7.0,0.0,1.0,-7.5,0.5,-117.6263056314673,35.74469779237372,,,,,,0,0,0.0,no events,False,12.79247085224186,4.62484164256131
1094,19,30,-8.0,-7.0,1.0,2.0,-7.5,1.5,-117.62631497898602,35.75371050198207,,,,,,1,1,2.0,no onset,True,13.177099462679932,3.923768445475563
1095,19,31,-8.0,-7.0,2.0,3.0,-7.5,2.5,-117.626324329975,35.76272319805688,,,,,,2,1,2.0,no onset,True,13.624411546678333,3.3767969155177564
1096,19,32,-8.0,-7.0,3.0,4.0,-7.5,3.5,-117.62633368443583,35.77173588059675,,,,,,1,1,2.0,no onset,True,14.128454612489083,3.067499959835493
1097,19,33,-8.0,-7.0,4.0,5.0,-7.5,4.5,-117.62634304237018,35.78074854960028,,,,,,2,1,2.0,no onset,True,14.683387534253333,3.068607925188761
1098,19,34,-8.0,-7.0,5.0,6.0,-7.5,5.5,-117.62635240377963,35.78976120506607,,,,,,1,1,2.0,no onset,True,15.283668055312125,3.3798155561319896
1099,19,35,-8.0,-7.0,6.0,7.0,-7.5,6.5,-117.62636176866592,35.79877384699274,,,,,,2,1,2.0,no onset,True,15.924168705740042,3.928097731525058
1100,19,36,-8.0,-7.0,7.0,8.0,-7.5,7.5,-117.62637113703056,35.80778647537889,54.0,1620.0,27.0,2.0,3.0,6,2,4.0,weak onset,True,16.60023459812459,4.629983842666497
1101,19,37,-8.0,-7.0,8.0,9.0,-7.5,8.5,-117.62638050887529,35.816799090223135,,,,,,1,1,2.0,no onset,True,17.307698531482306,5.426191019333299
1102,19,38,-8.0,-7.0,9.0,10.0,-7.5,9.5,-117.62638988420171,35.82581169152409,,,,,,1,1,2.0,no onset,True,18.042867516017985,6.280951167875282
1103,19,39,-8.0,-7.0,10.0,11.0,-7.5,10.5,-117.62639926301144,35.834824279280355,,,,,,0,0,0.0,no events,False,18.802492067395722,7.1733636578786655
1104,19,40,-8.0,-7.0,11.0,12.0,-7.5,11.5,-117.62640864530616,35.843836853490565,,,,,,0,0,0.0,no events,False,19.583726603697805,8.090979221522874
1105,19,41,-8.0,-7.0,12.0,13.0,-7.5,12.5,-117.62641803108748,35.8528494141533,,,,,,0,0,0.0,no events,False,20.38408662246811,9.02611452165634
1106,19,42,-8.0,-7.0,13.0,14.0,-7.5,13.5,-117.62642742035705,35.861861961267216,,,,,,0,0,0.0,no events,False,21.20140625468475,9.97384288792419
1107,19,43,-8.0,-7.0,14.0,15.0,-7.5,14.5,-117.62643681311656,35.87087449483091,,,,,,0,0,0.0,no events,False,22.0337982862712,10.930889284405751
1108,19,44,-8.0,-7.0,15.0,16.0,-7.5,15.5,-117.6264462093676,35.87988701484299,,,,,,0,0,0.0,no events,False,22.879617712365516,11.895004797934172
1109,19,45,-8.0,-7.0,16.0,17.0,-7.5,16.5,-117.62645560911184,35.8888995213021,,,,,,0,0,0.0,no events,False,23.73742922912867,12.864600177923041
1110,19,46,-8.0,-7.0,17.0,18.0,-7.5,17.5,-117.6264650123509,35.89791201420685,,,,,,0,0,0.0,no events,False,24.605978666815798,13.838523632698614
1111,19,47,-8.0,-7.0,18.0,19.0,-7.5,18.5,-117.62647441908648,35.90692449355586,,,,,,0,0,0.0,no events,False,25.484168142117102,14.81592166986916
1112,19,48,-8.0,-7.0,19.0,20.0,-7.5,19.5,-117.62648382932022,35.91593695934778,,,,,,0,0,0.0,no events,False,26.37103459554817,15.796149325789468
1113,19,49,-8.0,-7.0,20.0,21.0,-7.5,20.5,-117.62649324305374,35.924949411581224,,,,,,0,0,0.0,no events,False,27.26573133777087,16.77871068102611
1114,19,50,-8.0,-7.0,21.0,22.0,-7.5,21.5,-117.62650266028872,35.93396185025478,,,,,,0,0,0.0,no events,False,28.167512228228514,17.76321847843234
1115,19,51,-8.0,-7.0,22.0,23.0,-7.5,22.5,-117.62651208102685,35.942974275367135,,,,,,0,0,0.0,no events,False,29.075718131652483,18.74936610415031
1116,19,52,-8.0,-7.0,23.0,24.0,-7.5,23.5,-117.62652150526964,35.95198668691688,,,,,,0,0,0.0,no events,False,29.989765331112665,19.73690775938321
1117,19,53,-8.0,-7.0,24.0,25.0,-7.5,24.5,-117.62653093301893,35.96099908490267,,,,,,0,0,0.0,no events,False,30.909135613263423,20.725644175690697
1118,19,54,-8.0,-7.0,25.0,26.0,-7.5,25.5,-117.62654036427628,35.97001146932311,,,,,,0,0,0.0,no events,False,31.833367778213653,21.715412155708265
1119,19,55,-8.0,-7.0,26.0,27.0,-7.5,26.5,-117.62654979904336,35.979023840176865,,,,,,0,0,0.0,no events,False,32.76205036085064,22.706076800874754
1120,20,0,-7.0,-6.0,-29.0,-28.0,-6.5,-28.5,-117.6150165857778,35.48333040596712,,,,,,0,0,0.0,no events,False,26.851867137194294,32.5597593667775
1121,20,1,-7.0,-6.0,-28.0,-27.0,-6.5,-27.5,-117.6150246003558,35.49234350873192,,,,,,0,0,0.0,no events,False,25.942463423843098,31.56176054369267
1122,20,2,-7.0,-6.0,-27.0,-26.0,-6.5,-26.5,-117.6150326179007,35.50135659800467,,,,,,0,0,0.0,no events,False,25.039969014384567,30.56389254025632
1123,20,3,-7.0,-6.0,-26.0,-25.0,-6.5,-25.5,-117.6150406384139,35.51036967378396,,,,,,0,0,0.0,no events,False,24.145158686271692,29.566168602091082
1124,20,4,-7.0,-6.0,-25.0,-24.0,-6.5,-24.5,-117.6150486618968,35.51938273606831,,,,,,0,0,0.0,no events,False,23.258919315590383,28.568603823117034
1125,20,5,-7.0,-6.0,-24.0,-23.0,-6.5,-23.5,-117.6150566883508,35.52839578485629,,,,,,0,0,0.0,no events,False,22.382269042102177,27.57121547913979
1126,20,6,-7.0,-6.0,-23.0,-22.0,-6.5,-22.5,-117.61506471777722,35.53740882014653,,,,,,0,0,0.0,no events,False,21.516379974729666,26.574023436282623
1127,20,7,-7.0,-6.0,-22.0,-21.0,-6.5,-21.5,-117.61507275017752,35.54642184193754,,,,,,0,0,0.0,no events,False,20.66260503810809,25.577050654581708
1128,20,8,-7.0,-6.0,-21.0,-20.0,-6.5,-20.5,-117.61508078555306,35.555434850227904,51.0,1530.0,25.5,3.0,3.0,4,2,4.0,robust onset,True,19.822509596535753,24.580323813611145
1129,20,9,-7.0,-6.0,-20.0,-19.0,-6.5,-19.5,-117.61508882390528,35.56444784501621,42.0,1260.0,21.0,2.0,3.0,20,2,4.0,weak onset,True,18.997908475636315,23.583874096019926
1130,20,10,-7.0,-6.0,-19.0,-18.0,-6.5,-18.5,-117.61509686523549,35.57346082630103,18.0,540.0,9.0,2.0,3.0,22,2,4.0,weak onset,True,18.19090888857828,22.587738177424054
1131,20,11,-7.0,-6.0,-18.0,-17.0,-6.5,-17.5,-117.61510490954517,35.58247379408092,,,,,,22,2,4.0,no onset,True,17.403959490198158,21.591959488818997
1132,20,12,-7.0,-6.0,-17.0,-16.0,-6.5,-16.5,-117.61511295683565,35.59148674835445,,,,,,9,1,2.0,no onset,True,16.6399052184909,20.59658984302356
1133,20,13,-7.0,-6.0,-16.0,-15.0,-6.5,-15.5,-117.61512100710836,35.60049968912023,,,,,,1,1,2.0,no onset,True,15.902046579741326,19.601691553452262
1134,20,14,-7.0,-6.0,-15.0,-14.0,-6.5,-14.5,-117.61512906036472,35.609512616376826,,,,,,0,0,0.0,no events,False,15.194200379360703,18.60734022776018
1135,20,15,-7.0,-6.0,-14.0,-13.0,-6.5,-13.5,-117.61513711660608,35.61852553012281,,,,,,2,1,2.0,no onset,True,14.520756347796318,17.613628500299498
1136,20,16,-7.0,-6.0,-13.0,-12.0,-6.5,-12.5,-117.61514517583387,35.62753843035677,,,,,,2,1,2.0,no onset,True,13.886720442781629,16.620671091791188
1137,20,17,-7.0,-6.0,-12.0,-11.0,-6.5,-11.5,-117.61515323804949,35.636551317077284,,,,,,2,1,2.0,no onset,True,13.297730798894651,15.628611778927898
1138,20,18,-7.0,-6.0,-11.0,-10.0,-6.5,-10.5,-117.61516130325435,35.645564190282954,,,,,,1,1,2.0,no onset,True,12.760026808113434,14.637633166990637
1139,20,19,-7.0,-6.0,-10.0,-9.0,-6.5,-9.5,-117.61516937144982,35.65457704997234,,,,,,0,0,0.0,no events,False,12.28034705892613,13.647970666964552
1140,20,20,-7.0,-6.0,-9.0,-8.0,-6.5,-8.5,-117.61517744263732,35.663589896144046,,,,,,0,0,0.0,no events,False,11.865730640444262,12.65993293510141
1141,20,21,-7.0,-6.0,-8.0,-7.0,-6.5,-7.5,-117.61518551681829,35.67260272879666,,,,,,1,1,2.0,no onset,True,11.52320282627534,11.673932521485888
1142,20,22,-7.0,-6.0,-7.0,-6.0,-6.5,-6.5,-117.61519359399408,35.681615547928764,,,,,,0,0,0.0,no events,False,11.259344702041151,10.690533153736833
1143,20,23,-7.0,-6.0,-6.0,-5.0,-6.5,-5.5,-117.61520167416614,35.690628353538955,,,,,,1,1,2.0,no onset,True,11.079778105327032,9.710525099400492
1144,20,24,-7.0,-6.0,-5.0,-4.0,-6.5,-4.5,-117.61520975733583,35.69964114562582,,,,,,0,0,0.0,no events,False,10.98863606673669,8.735049873986263
1145,20,25,-7.0,-6.0,-4.0,-3.0,-6.5,-3.5,-117.61521784350464,35.70865392418796,,,,,,1,1,2.0,no onset,True,10.988119145289996,7.765815790756821
1146,20,26,-7.0,-6.0,-3.0,-2.0,-6.5,-2.5,-117.61522593267388,35.71766668922398,,,,,,0,0,0.0,no events,False,11.078240026962348,6.805489952303838
1147,20,27,-7.0,-6.0,-2.0,-1.0,-6.5,-1.5,-117.615234024845,35.72667944073245,,,,,,0,0,0.0,no events,False,11.256822013290112,5.8584547523941
1148,20,28,-7.0,-6.0,-1.0,0.0,-6.5,-0.5,-117.61524212001946,35.73569217871197,,,,,,0,0,0.0,no events,False,11.519751802135104,4.932371709511514
1149,20,29,-7.0,-6.0,0.0,1.0,-6.5,0.5,-117.6152502181986,35.744704903161164,,,,,,1,1,2.0,no onset,True,11.861421555896964,4.041669120020843
1150,20,30,-7.0,-6.0,1.0,2.0,-6.5,1.5,-117.61525831938388,35.753717614078624,,,,,,0,0,0.0,no events,False,12.275258085702283,3.2158805746903245
1151,20,31,-7.0,-6.0,2.0,3.0,-6.5,2.5,-117.6152664235767,35.76273031146294,,,,,,0,0,0.0,no events,False,12.754238543107991,2.519659990080227
1152,20,32,-7.0,-6.0,3.0,4.0,-6.5,3.5,-117.61527453077848,35.77174299531272,19.0,570.0,9.5,3.0,3.0,13,3,6.0,robust onset,True,13.291322001907997,2.0869798898292258
1153,20,33,-7.0,-6.0,4.0,5.0,-6.5,4.5,-117.6152826409906,35.78075566562658,,,,,,0,0,0.0,no events,False,13.879765138585945,2.0886080665103557
1154,20,34,-7.0,-6.0,5.0,6.0,-6.5,5.5,-117.61529075421454,35.78976832240309,40.0,1200.0,20.0,3.0,3.0,8,2,4.0,robust onset,True,14.513322157459603,2.5237040734667455
1155,20,35,-7.0,-6.0,6.0,7.0,-6.5,6.5,-117.61529887045164,35.79878096564092,,,,,,2,1,2.0,no onset,True,15.186347809467227,3.2211614124990944
1156,20,36,-7.0,-6.0,7.0,8.0,-6.5,7.5,-117.61530698970344,35.80779359533863,,,,,,1,1,2.0,no onset,True,15.893828976493115,4.0475522776504915
1157,20,37,-7.0,-6.0,8.0,9.0,-6.5,8.5,-117.61531511197124,35.81680621149486,,,,,,2,1,2.0,no onset,True,16.63136913419681,4.9385704444964835
1158,20,38,-7.0,-6.0,9.0,10.0,-6.5,9.5,-117.61532323725648,35.82581881410817,,,,,,0,0,0.0,no events,False,17.39514527165026,5.864833896215195
1159,20,39,-7.0,-6.0,10.0,11.0,-6.5,10.5,-117.61533136556066,35.834831403177226,,,,,,1,1,2.0,no onset,True,18.181851356936086,6.811980271927924
1160,20,40,-7.0,-6.0,11.0,12.0,-6.5,11.5,-117.61533949688514,35.843843978700626,,,,,,0,0,0.0,no events,False,18.988637615943404,7.772378903532416
1161,20,41,-7.0,-6.0,12.0,13.0,-6.5,12.5,-117.61534763123134,35.85285654067699,,,,,,0,0,0.0,no events,False,19.813051210086822,8.741663023419301
1162,20,42,-7.0,-6.0,13.0,14.0,-6.5,13.5,-117.6153557686007,35.861869089104914,,,,,,0,0,0.0,no events,False,20.65298133436006,9.71717402385883
1163,20,43,-7.0,-6.0,14.0,15.0,-6.5,14.5,-117.61536390899468,35.87088162398303,,,,,,0,0,0.0,no events,False,21.506610094139134,10.697208495906645
1164,20,44,-7.0,-6.0,15.0,16.0,-6.5,15.5,-117.6153720524146,35.87989414530997,,,,,,0,0,0.0,no events,False,22.372369509849182,11.680627902635965
1165,20,45,-7.0,-6.0,16.0,17.0,-6.5,16.5,-117.615380198862,35.88890665308433,,,,,,0,0,0.0,no events,False,23.24890443072816,12.66664386468564
1166,20,46,-7.0,-6.0,17.0,18.0,-6.5,17.5,-117.61538834833829,35.897919147304755,,,,,,0,0,0.0,no events,False,24.13504085293898,13.654693895863023
1167,20,47,-7.0,-6.0,18.0,19.0,-6.5,18.5,-117.61539650084488,35.90693162796987,,,,,,0,0,0.0,no events,False,25.02975902235049,14.644366288257727
1168,20,48,-7.0,-6.0,19.0,20.0,-6.5,19.5,-117.61540465638316,35.91594409507827,,,,,,0,0,0.0,no events,False,25.932170685479417,15.635352972657827
1169,20,49,-7.0,-6.0,20.0,21.0,-6.5,20.5,-117.6154128149546,35.92495654862859,,,,,,0,0,0.0,no events,False,26.841499887389677,16.627418957088334
1170,20,50,-7.0,-6.0,21.0,22.0,-6.5,21.5,-117.61542097656069,35.93396898861948,,,,,,0,0,0.0,no events,False,27.75706677494296,17.620381941645903
1171,20,51,-7.0,-6.0,22.0,23.0,-6.5,22.5,-117.61542914120275,35.94298141504956,,,,,,0,0,0.0,no events,False,28.678273931541703,18.614098376349617
1172,20,52,-7.0,-6.0,23.0,24.0,-6.5,23.5,-117.6154373088823,35.951993827917455,,,,,,0,0,0.0,no events,False,29.604594836552764,19.608453711584755
1173,20,53,-7.0,-6.0,24.0,25.0,-6.5,24.5,-117.61544547960074,35.961006227221795,,,,,,0,0,0.0,no events,False,30.535564104505237,20.603355444060625
1174,20,54,-7.0,-6.0,25.0,26.0,-6.5,25.5,-117.61545365335952,35.970018612961226,,,,,,0,0,0.0,no events,False,31.470769214054027,21.598728067857216
1175,20,55,-7.0,-6.0,26.0,27.0,-6.5,26.5,-117.61546183016009,35.97903098513436,,,,,,0,0,0.0,no events,False,32.409843484166245,22.594509349489833
1176,21,0,-6.0,-5.0,-29.0,-28.0,-5.5,-28.5,-117.6039971140832,35.48333646853975,,,,,,0,0,0.0,no events,False,26.458812890505396,32.512826070328245
1177,21,1,-6.0,-5.0,-28.0,-27.0,-5.5,-27.5,-117.6040038956509,35.49234957241655,,,,,,0,0,0.0,no events,False,25.535415001888584,31.513340947515488
1178,21,2,-6.0,-5.0,-27.0,-26.0,-5.5,-26.5,-117.60401067972906,35.50136266280164,,,,,,0,0,0.0,no events,False,24.618002743167015,30.51388956310383
1179,21,3,-6.0,-5.0,-26.0,-25.0,-5.5,-25.5,-117.60401746631884,35.51037573969361,,,,,,0,0,0.0,no events,False,23.70727101136866,29.514475344553176
1180,21,4,-6.0,-5.0,-25.0,-24.0,-5.5,-24.5,-117.60402425542146,35.519388803091005,,,,,,0,0,0.0,no events,False,22.804020227810337,28.515102199697232
1181,21,5,-6.0,-5.0,-24.0,-23.0,-5.5,-23.5,-117.60403104703803,35.52840185299238,,,,,,0,0,0.0,no events,False,21.90917566441707,27.51577460392708
1182,21,6,-6.0,-5.0,-23.0,-22.0,-5.5,-22.5,-117.60403784116978,35.53741488939635,,,,,,0,0,0.0,no events,False,21.023810740162862,26.516497707070197
1183,21,7,-6.0,-5.0,-22.0,-21.0,-5.5,-21.5,-117.6040446378179,35.546427912301425,,,,,,0,0,0.0,no events,False,20.149175114184935,25.517277465356674
1184,21,8,-6.0,-5.0,-21.0,-20.0,-5.5,-20.5,-117.60405143698353,35.55544092170622,,,,,,0,0,0.0,no events,False,19.2867285335277,24.518120805619258
1185,21,9,-6.0,-5.0,-20.0,-19.0,-5.5,-19.5,-117.60405823866785,35.56445391760929,10.0,300.0,5.0,4.0,5.0,85,13,26.0,robust onset,True,18.438181506588272,23.519035831298027
1186,21,10,-6.0,-5.0,-19.0,-18.0,-5.5,-18.5,-117.60406504287204,35.573466900009215,44.0,1320.0,22.0,3.0,3.0,21,3,6.0,robust onset,True,17.605543928370857,22.520032083210296
1187,21,11,-6.0,-5.0,-18.0,-17.0,-5.5,-17.5,-117.6040718495973,35.582479868904564,,,,,,6,1,2.0,no onset,True,16.791182708722395,21.52112087284864
1188,21,12,-6.0,-5.0,-17.0,-16.0,-5.5,-16.5,-117.6040786588448,35.591492824293915,23.0,690.0,11.5,3.0,3.0,29,3,6.0,robust onset,True,15.997889126431655,20.522315712869784
1189,21,13,-6.0,-5.0,-16.0,-15.0,-5.5,-15.5,-117.60408547061574,35.60050576617584,16.0,480.0,8.0,3.0,3.0,21,3,6.0,robust onset,True,15.22895584882635,19.52363287950382
1190,21,14,-6.0,-5.0,-15.0,-14.0,-5.5,-14.5,-117.60409228491127,35.609518694548946,,,,,,2,1,2.0,no onset,True,14.488262007204469,18.525092156547647
1191,21,15,-6.0,-5.0,-14.0,-13.0,-5.5,-13.5,-117.6040991017326,35.618531609411775,,,,,,5,1,2.0,no onset,True,13.780361959444557,17.52671783316898
1192,21,16,-6.0,-5.0,-13.0,-12.0,-5.5,-12.5,-117.60410592108089,35.62754451076294,,,,,,10,1,2.0,no onset,True,13.110568846438692,16.5285400625241
1193,21,17,-6.0,-5.0,-12.0,-11.0,-5.5,-11.5,-117.60411274295735,35.636557398601,0.0,0.0,0.0,3.0,3.0,8,3,6.0,robust onset,True,12.485017229507973,15.530596742991065
1194,21,18,-6.0,-5.0,-11.0,-10.0,-5.5,-10.5,-117.60411956736316,35.64557027292456,,,,,,2,1,2.0,no onset,True,11.910679869974386,14.53293617230686
1195,21,19,-6.0,-5.0,-10.0,-9.0,-5.5,-9.5,-117.60412639429951,35.65458313373219,,,,,,0,0,0.0,no events,False,11.395303186353367,13.535620871732693
1196,21,20,-6.0,-5.0,-9.0,-8.0,-5.5,-8.5,-117.6041332237676,35.663595981022496,,,,,,0,0,0.0,no events,False,10.947217658054369,12.538733228609109
1197,21,21,-6.0,-5.0,-8.0,-7.0,-5.5,-7.5,-117.60414005576855,35.67260881479405,,,,,,0,0,0.0,no events,False,10.574980576659208,11.54238405067024
1198,21,22,-6.0,-5.0,-7.0,-6.0,-5.5,-6.5,-117.60414689030364,35.681621635045445,,,,,,3,1,2.0,no onset,True,10.28682914899541,10.546725945434785
1199,21,23,-6.0,-5.0,-6.0,-5.0,-5.5,-5.5,-117.604153727374,35.690634441775266,,,,,,0,0,0.0,no events,False,10.089969954589746,9.551975018971092
1200,21,24,-6.0,-5.0,-5.0,-4.0,-5.5,-4.5,-117.60416056698084,35.69964723498213,,,,,,0,0,0.0,no events,False,9.98980147092153,8.558447602105671
1201,21,25,-6.0,-5.0,-4.0,-3.0,-5.5,-3.5,-117.60416740912538,35.7086600146646,,,,,,0,0,0.0,no events,False,9.989232862053427,7.566625664913577
1202,21,26,-6.0,-5.0,-3.0,-2.0,-5.5,-2.5,-117.60417425380878,35.717672780821296,,,,,,0,0,0.0,no events,False,10.088280969334184,6.57728078675902
1203,21,27,-6.0,-5.0,-2.0,-1.0,-5.5,-1.5,-117.60418110103224,35.7266855334508,,,,,,1,1,2.0,no onset,True,10.284067904294117,5.5917279210285145
1204,21,28,-6.0,-5.0,-1.0,0.0,-5.5,-0.5,-117.60418795079693,35.73569827255172,,,,,,1,1,2.0,no onset,True,10.571220005469309,4.612398479939737
1205,21,29,-6.0,-5.0,0.0,1.0,-5.5,0.5,-117.60419480310408,35.74471099812265,,,,,,1,1,2.0,no onset,True,10.942546876661607,3.6443131496471195
1206,21,30,-6.0,-5.0,1.0,2.0,-5.5,1.5,-117.60420165795487,35.753723710162184,,,,,,0,0,0.0,no events,False,11.389818782221202,2.6995956970686232
1207,21,31,-6.0,-5.0,2.0,3.0,-5.5,2.5,-117.60420851535052,35.76273640866894,,,,,,4,1,2.0,no onset,True,11.904478637711984,1.8151075787875341
1208,21,32,-6.0,-5.0,3.0,4.0,-5.5,3.5,-117.6042153752922,35.77174909364152,,,,,,22,2,4.0,no onset,True,12.47819102993872,1.1407953881009787
1209,21,33,-6.0,-5.0,4.0,5.0,-5.5,4.5,-117.60422223778112,35.7807617650785,39.0,1170.0,19.5,2.0,4.0,19,3,6.0,weak onset,True,13.103201560059484,1.1437712675412777
1210,21,34,-6.0,-5.0,5.0,6.0,-5.5,5.5,-117.6042291028185,35.78977442297853,,,,,,5,2,4.0,no onset,True,13.772528121860832,1.8207172508090044
1211,21,35,-6.0,-5.0,6.0,7.0,-5.5,6.5,-117.6042359704055,35.798787067340186,,,,,,2,2,4.0,no onset,True,14.480026609483478,2.7058843105968178
1212,21,36,-6.0,-5.0,7.0,8.0,-5.5,7.5,-117.60424284054332,35.80779969816209,,,,,,1,1,2.0,no onset,True,15.22037484279713,3.6508366845525337
1213,21,37,-6.0,-5.0,8.0,9.0,-5.5,8.5,-117.60424971323316,35.816812315442846,,,,,,1,1,2.0,no onset,True,15.9890102914206,4.619026639045834
1214,21,38,-6.0,-5.0,9.0,10.0,-5.5,9.5,-117.6042565884763,35.82582491918107,,,,,,3,1,2.0,no onset,True,16.782046652391834,5.59841099662713
1215,21,39,-6.0,-5.0,10.0,11.0,-5.5,10.5,-117.60426346627384,35.83483750937537,,,,,,1,1,2.0,no onset,True,17.596185086175872,6.583996072454485
1216,21,40,-6.0,-5.0,11.0,12.0,-5.5,11.5,-117.60427034662706,35.84385008602437,,,,,,0,0,0.0,no events,False,18.428629068133645,7.573361398813383
1217,21,41,-6.0,-5.0,12.0,13.0,-5.5,12.5,-117.60427722953712,35.852862649126685,,,,,,0,0,0.0,no events,False,19.277007264478645,8.56519710642885
1218,21,42,-6.0,-5.0,13.0,14.0,-5.5,13.5,-117.60428411500526,35.86187519868092,,,,,,0,0,0.0,no events,False,20.13930606596624,9.558734229327525
1219,21,43,-6.0,-5.0,14.0,15.0,-5.5,14.5,-117.60429100303264,35.870887734685695,,,,,,0,0,0.0,no events,False,21.013811852269136,10.55349224957588
1220,21,44,-6.0,-5.0,15.0,16.0,-5.5,15.5,-117.60429789362048,35.87990025713963,,,,,,0,0,0.0,no events,False,21.89906227002583,11.54915569454316
1221,21,45,-6.0,-5.0,16.0,17.0,-5.5,16.5,-117.60430478677004,35.88891276604137,,,,,,0,0,0.0,no events,False,22.793805475399914,12.545508991337865
1222,21,46,-6.0,-5.0,17.0,18.0,-5.5,17.5,-117.60431168248246,35.8979252613895,,,,,,0,0,0.0,no events,False,23.6969662149878,13.542399877668645
1223,21,47,-6.0,-5.0,18.0,19.0,-5.5,18.5,-117.604318580759,35.90693774318267,,,,,,0,0,0.0,no events,False,24.607617672951914,14.539717777234202
1224,21,48,-6.0,-5.0,19.0,20.0,-5.5,19.5,-117.60432548160082,35.9159502114195,,,,,,0,0,0.0,no events,False,25.52495812498186,15.537380462502705
1225,21,49,-6.0,-5.0,20.0,21.0,-5.5,20.5,-117.6043323850092,35.92496266609861,,,,,,0,0,0.0,no events,False,26.44829157102552,16.535325525416827
1226,21,50,-6.0,-5.0,21.0,22.0,-5.5,21.5,-117.60433929098528,35.93397510721864,,,,,,0,0,0.0,no events,False,27.377011647911498,17.53350475023296
1227,21,51,-6.0,-5.0,22.0,23.0,-5.5,22.5,-117.60434619953034,35.94298753477819,,,,,,0,0,0.0,no events,False,28.310588240334816,18.53188029913269
1228,21,52,-6.0,-5.0,23.0,24.0,-5.5,23.5,-117.60435311064556,35.95199994877592,,,,,,0,0,0.0,no events,False,29.248556310657214,19.530422064469647
1229,21,53,-6.0,-5.0,24.0,25.0,-5.5,24.5,-117.60436002433212,35.96101234921046,,,,,,0,0,0.0,no events,False,30.190506554239665,20.529105791808455
1230,21,54,-6.0,-5.0,25.0,26.0,-5.5,25.5,-117.60436694059128,35.970024736080425,,,,,,0,0,0.0,no events,False,31.13607755876598,21.527911724229174
1231,21,55,-6.0,-5.0,26.0,27.0,-5.5,26.5,-117.60437385942429,35.97903710938447,,,,,,0,0,0.0,no events,False,32.08494920503058,22.526823606561678
1232,22,0,-5.0,-4.0,-29.0,-28.0,-4.5,-28.5,-117.5929776408684,35.48334152068417,,,,,,0,0,0.0,no events,False,26.098175997490973,32.49661194857668
1233,22,1,-5.0,-4.0,-28.0,-27.0,-4.5,-27.5,-117.59298318942491,35.49235462548764,,,,,,0,0,0.0,no events,False,25.161546656354734,31.496612305632446
1234,22,2,-5.0,-4.0,-27.0,-26.0,-4.5,-26.5,-117.59298874003548,35.5013677167997,,,,,,0,0,0.0,no events,False,24.22998287006861,30.4966126861043
1235,22,3,-5.0,-4.0,-26.0,-25.0,-4.5,-25.5,-117.59299429270102,35.5103807946189,,,,,,0,0,0.0,no events,False,23.304092121936876,29.496613092373813
1236,22,4,-5.0,-4.0,-25.0,-24.0,-4.5,-24.5,-117.59299984742248,35.51939385894382,,,,,,0,0,0.0,no events,False,22.38457838270854,28.49661352715685
1237,22,5,-5.0,-4.0,-24.0,-23.0,-4.5,-23.5,-117.59300540420084,35.52840690977303,,,,,,1,1,2.0,no onset,True,21.472260922304496,27.49661399356436
1238,22,6,-5.0,-4.0,-23.0,-22.0,-4.5,-22.5,-117.59301096303707,35.53741994710509,,,,,,0,0,0.0,no events,False,20.568097356328973,26.49661449517692
1239,22,7,-5.0,-4.0,-22.0,-21.0,-4.5,-21.5,-117.59301652393214,35.54643297093857,,,,,,1,1,2.0,no onset,True,19.67321195441479,25.496615036136863
1240,22,8,-5.0,-4.0,-21.0,-20.0,-4.5,-20.5,-117.59302208688698,35.55544598127205,,,,,,2,1,2.0,no onset,True,18.788930473745204,24.496615621262887
1241,22,9,-5.0,-4.0,-20.0,-19.0,-4.5,-19.5,-117.59302765190256,35.5644589781041,,,,,,2,1,2.0,no onset,True,17.916823046822035,23.496616256194027
1242,22,10,-5.0,-4.0,-19.0,-18.0,-4.5,-18.5,-117.59303321897988,35.57347196143328,,,,,,8,2,4.0,no onset,True,17.05875692525793,22.496616947571958
1243,22,11,-5.0,-4.0,-18.0,-17.0,-4.5,-17.5,-117.59303878811993,35.582484931258186,48.0,1440.0,24.0,3.0,3.0,16,2,4.0,robust onset,True,16.21696110801705,21.496617703274215
1244,22,12,-5.0,-4.0,-17.0,-16.0,-4.5,-16.5,-117.59304435932356,35.59149788757738,13.0,390.0,6.5,4.0,4.0,50,4,8.0,robust onset,True,15.394104953612592,20.496618532715658
1245,22,13,-5.0,-4.0,-16.0,-15.0,-4.5,-15.5,-117.59304993259184,35.600510830389446,2.0,60.0,1.0,4.0,11.0,65,7,14.0,robust onset,True,14.59339258249232,19.49661944724273
1246,22,14,-5.0,-4.0,-15.0,-14.0,-4.5,-14.5,-117.59305550792573,35.60952375969296,17.0,510.0,8.5,2.0,3.0,40,2,4.0,weak onset,True,13.818673844137287,18.496620460655617
1247,22,15,-5.0,-4.0,-14.0,-13.0,-4.5,-13.5,-117.59306108532614,35.61853667548651,6.0,180.0,3.0,3.0,3.0,23,3,6.0,robust onset,True,13.074570224468037,17.49662158990942
1248,22,16,-5.0,-4.0,-13.0,-12.0,-4.5,-12.5,-117.5930666647941,35.627549577768654,53.0,1590.0,26.5,3.0,3.0,17,2,4.0,robust onset,True,12.366609329094548,16.49662285607042
1249,22,17,-5.0,-4.0,-12.0,-11.0,-4.5,-11.5,-117.59307224633056,35.63656246653801,,,,,,7,1,2.0,no onset,True,11.701353171422118,15.49662428564252
1250,22,18,-5.0,-4.0,-11.0,-10.0,-4.5,-10.5,-117.59307782993648,35.64557534179314,,,,,,3,1,2.0,no onset,True,11.08649204150044,14.496625912442731
1251,22,19,-5.0,-4.0,-10.0,-9.0,-4.5,-9.5,-117.5930834156128,35.65458820353266,,,,,,2,1,2.0,no onset,True,10.530856827920259,13.496627780310405
1252,22,20,-5.0,-4.0,-9.0,-8.0,-4.5,-8.5,-117.5930890033606,35.66360105175512,,,,,,0,0,0.0,no events,False,10.044281222370115,12.496629947117226
1253,22,21,-5.0,-4.0,-8.0,-7.0,-4.5,-7.5,-117.59309459318074,35.67261388645912,,,,,,0,0,0.0,no events,False,9.637231190438415,11.496632490869994
1254,22,22,-5.0,-4.0,-7.0,-6.0,-4.5,-6.5,-117.59310018507423,35.68162670764326,,,,,,3,1,2.0,no onset,True,9.320132228775577,10.496635519301798
1255,22,23,-5.0,-4.0,-6.0,-5.0,-4.5,-5.5,-117.59310577904208,35.69063951530612,,,,,,0,0,0.0,no events,False,9.102390043596426,9.496639185522879
1256,22,24,-5.0,-4.0,-5.0,-4.0,-4.5,-4.5,-117.59311137508524,35.699652309446286,,,,,,1,1,2.0,no onset,True,8.99122595921521,8.49664371472343
1257,22,25,-5.0,-4.0,-4.0,-3.0,-4.5,-3.5,-117.59311697320464,35.70866509006238,,,,,,0,0,0.0,no events,False,8.990594195800833,7.496649452247963
1258,22,26,-5.0,-4.0,-3.0,-2.0,-4.5,-2.5,-117.5931225734013,35.717677857152985,,,,,,0,0,0.0,no events,False,9.100517773042904,6.496656956068268
1259,22,27,-5.0,-4.0,-2.0,-1.0,-4.5,-1.5,-117.5931281756762,35.72669061071669,,,,,,0,0,0.0,no events,False,9.317084494699612,5.496667190195412
1260,22,28,-5.0,-4.0,-1.0,0.0,-4.5,-0.5,-117.59313378003031,35.73570335075209,,,,,,0,0,0.0,no events,False,9.633104547614652,4.496681976158782
1261,22,29,-5.0,-4.0,0.0,1.0,-4.5,0.5,-117.59313938646464,35.74471607725779,,,,,,2,1,2.0,no onset,True,10.03919035426544,3.496705219152991
1262,22,30,-5.0,-4.0,1.0,2.0,-4.5,1.5,-117.5931449949801,35.753728790232415,,,,,,4,1,2.0,no onset,True,10.524921981329761,2.4967470806215597
1263,22,31,-5.0,-4.0,2.0,3.0,-4.5,2.5,-117.59315060557768,35.762741489674525,,,,,,3,1,2.0,no onset,True,11.0798295319459,1.4968448749061474
1264,22,32,-5.0,-4.0,3.0,4.0,-4.5,3.5,-117.59315621825844,35.771754175582764,57.0,1710.0,28.5,3.0,3.0,15,3,6.0,robust onset,True,11.694069531214645,0.4973360779928578
1265,22,33,-5.0,-4.0,4.0,5.0,-4.5,4.5,-117.59316183302327,35.78076684795571,,,,,,9,2,4.0,no onset,True,12.358798563969914,0.5041247558033982
1266,22,34,-5.0,-4.0,5.0,6.0,-4.5,5.5,-117.5931674498732,35.789779506791966,,,,,,2,1,2.0,no onset,True,13.0663132401105,1.5036423658418094
1267,22,35,-5.0,-4.0,6.0,7.0,-4.5,6.5,-117.59317306880918,35.798792152090165,,,,,,2,1,2.0,no onset,True,13.810039153912241,2.5035452780596703
1268,22,36,-5.0,-4.0,7.0,8.0,-4.5,7.5,-117.5931786898322,35.80780478384888,,,,,,1,1,2.0,no onset,True,14.584437636621141,3.503503611277629
1269,22,37,-5.0,-4.0,8.0,9.0,-4.5,8.5,-117.59318431294332,35.81681740206677,,,,,,0,0,0.0,no events,False,15.384877669984686,4.503480448406089
1270,22,38,-5.0,-4.0,9.0,10.0,-4.5,9.5,-117.59318993814338,35.8258300067424,,,,,,2,1,2.0,no onset,True,16.207501370177194,5.503465703001739
1271,22,39,-5.0,-4.0,10.0,11.0,-4.5,10.5,-117.59319556543346,35.83484259787442,,,,,,0,0,0.0,no events,False,17.049097935321907,6.503455492202352
1272,22,40,-5.0,-4.0,11.0,12.0,-4.5,11.5,-117.59320119481454,35.843855175461414,,,,,,0,0,0.0,no events,False,17.90699249321616,7.5034480030181765
1273,22,41,-5.0,-4.0,12.0,13.0,-4.5,12.5,-117.59320682628758,35.85286773950201,,,,,,0,0,0.0,no events,False,18.778951512158553,8.50344227527523
1274,22,42,-5.0,-4.0,13.0,14.0,-4.5,13.5,-117.59321245985362,35.86188028999484,,,,,,0,0,0.0,no events,False,19.663104018437785,9.50343775293333
1275,22,43,-5.0,-4.0,14.0,15.0,-4.5,14.5,-117.59321809551358,35.870892826938494,,,,,,0,0,0.0,no events,False,20.557876820912373,10.503434091706342
1276,22,44,-5.0,-4.0,15.0,16.0,-4.5,15.5,-117.59322373326845,35.87990535033161,,,,,,0,0,0.0,no events,False,21.461941643935862,11.503431067023419
1277,22,45,-5.0,-4.0,16.0,17.0,-4.5,16.5,-117.59322937311924,35.88891786017282,,,,,,0,0,0.0,no events,False,22.374172138240347,12.50342852615634
1278,22,46,-5.0,-4.0,17.0,18.0,-4.5,17.5,-117.59323501506698,35.89793035646072,,,,,,0,0,0.0,no events,False,23.29360896502542,13.503426361618024
1279,22,47,-5.0,-4.0,18.0,19.0,-4.5,18.5,-117.5932406591126,35.90694283919394,,,,,,0,0,0.0,no events,False,24.21943142105972,14.503424495565906
1280,22,48,-5.0,-4.0,19.0,20.0,-4.5,19.5,-117.59324630525713,35.91595530837112,,,,,,0,0,0.0,no events,False,25.15093433857512,15.503422870241321
1281,22,49,-5.0,-4.0,20.0,21.0,-4.5,20.5,-117.59325195350152,35.92496776399087,,,,,,0,0,0.0,no events,False,26.087509230419435,16.503421441884775
1282,22,50,-5.0,-4.0,21.0,22.0,-4.5,21.5,-117.59325760384677,35.933980206051835,,,,,,0,0,0.0,no events,False,27.028628851481187,17.503420176736967
1283,22,51,-5.0,-4.0,22.0,23.0,-4.5,22.5,-117.59326325629392,35.94299263455264,,,,,,0,0,0.0,no events,False,27.973834512540883,18.503419048336532
1284,22,52,-5.0,-4.0,23.0,24.0,-4.5,23.5,-117.5932689108439,35.952005049491895,,,,,,0,0,0.0,no events,False,28.922725616354445,19.50341803564913
1285,22,53,-5.0,-4.0,24.0,25.0,-4.5,24.5,-117.59327456749776,35.96101745086826,,,,,,0,0,0.0,no events,False,29.87495099281048,20.50341712174398
1286,22,54,-5.0,-4.0,25.0,26.0,-4.5,25.5,-117.59328022625644,35.970029838680354,,,,,,0,0,0.0,no events,False,30.830201695200277,21.50341629283972
1287,22,55,-5.0,-4.0,26.0,27.0,-4.5,26.5,-117.593285887121,35.97904221292682,,,,,,0,0,0.0,no events,False,31.788204987237517,22.503415537604624
1288,23,0,-4.0,-3.0,-29.0,-28.0,-3.5,-28.5,-117.58195816640978,35.48334556240008,,,,,,0,0,0.0,no events,False,25.77131741330376,32.51116296279383
1289,23,1,-4.0,-3.0,-28.0,-27.0,-3.5,-27.5,-117.58196248195443,35.492358667944885,,,,,,0,0,0.0,no events,False,24.822357683369958,31.511625089612217
1290,23,2,-4.0,-3.0,-27.0,-26.0,-3.5,-26.5,-117.5819667990967,35.501371759998506,,,,,,0,0,0.0,no events,False,23.87756437966523,30.512117500809715
1291,23,3,-4.0,-3.0,-26.0,-25.0,-3.5,-25.5,-117.58197111783728,35.5103848385595,,,,,,1,1,2.0,no onset,True,22.937452353061357,29.512643273318623
1292,23,4,-4.0,-3.0,-25.0,-24.0,-3.5,-24.5,-117.58197543817693,35.51939790362646,,,,,,0,0,0.0,no events,False,22.002621666357445,28.513205915384184
1293,23,5,-4.0,-3.0,-24.0,-23.0,-3.5,-23.5,-117.58197976011635,35.52841095519793,,,,,,0,0,0.0,no events,False,21.073775170499573,27.513809444859504
1294,23,6,-4.0,-3.0,-23.0,-22.0,-3.5,-22.5,-117.58198408365637,35.53742399327247,,,,,,0,0,0.0,no events,False,20.151740363568262,26.5144584851922
1295,23,7,-4.0,-3.0,-22.0,-21.0,-3.5,-21.5,-117.5819884087977,35.54643701784867,,,,,,0,0,0.0,no events,False,19.23749670369221,25.515158383947398
1296,23,8,-4.0,-3.0,-21.0,-20.0,-3.5,-20.5,-117.58199273554106,35.555450028925094,,,,,,1,1,2.0,no onset,True,18.332209882293807,24.515915360289156
1297,23,9,-4.0,-3.0,-20.0,-19.0,-3.5,-19.5,-117.58199706388729,35.564463026500306,,,,,,0,0,0.0,no events,False,17.4372749852829,23.516736690021474
1298,23,10,-4.0,-3.0,-19.0,-18.0,-3.5,-18.5,-117.582001393837,35.57347601057292,,,,,,0,0,0.0,no events,False,16.55437098340722,22.517630939837847
1299,23,11,-4.0,-3.0,-18.0,-17.0,-3.5,-17.5,-117.58200572539108,35.58248898114146,,,,,,3,2,4.0,no onset,True,15.685529586219813,21.518608266746323
1300,23,12,-4.0,-3.0,-17.0,-16.0,-3.5,-16.5,-117.5820100585502,35.59150193820453,10.0,300.0,5.0,4.0,5.0,22,3,6.0,robust onset,True,14.833222109308526,20.519680804842547
1301,23,13,-4.0,-3.0,-16.0,-15.0,-3.5,-15.5,-117.58201439331512,35.60051488176069,5.0,150.0,2.5,5.0,6.0,44,4,8.0,robust onset,True,14.000468488160724,19.520863170658316
1302,23,14,-4.0,-3.0,-15.0,-14.0,-3.5,-14.5,-117.58201872968664,35.60952781180853,0.0,0.0,0.0,3.0,3.0,47,3,6.0,robust onset,True,13.190972580969289,18.522173131749547
1303,23,15,-4.0,-3.0,-14.0,-13.0,-3.5,-13.5,-117.58202306766547,35.61854072834665,41.0,1230.0,20.5,2.0,3.0,23,2,4.0,weak onset,True,12.40928673920406,17.523632503492117
1304,23,16,-4.0,-3.0,-13.0,-12.0,-3.5,-12.5,-117.58202740725238,35.627553631373615,,,,,,14,1,2.0,no onset,True,11.661004978975349,16.525268370358948
1305,23,17,-4.0,-3.0,-12.0,-11.0,-3.5,-11.5,-117.58203174844812,35.636566520888,22.0,660.0,11.0,3.0,4.0,21,2,4.0,robust onset,True,10.952975708162144,15.527114777296083
1306,23,18,-4.0,-3.0,-11.0,-10.0,-3.5,-10.5,-117.58203609125344,35.645579396888394,,,,,,10,2,4.0,no onset,True,10.29350846929715,14.529215116525286
1307,23,19,-4.0,-3.0,-10.0,-9.0,-3.5,-9.5,-117.58204043566911,35.65459225937341,,,,,,2,1,2.0,no onset,True,9.692520639719799,13.531625567433036
1308,23,20,-4.0,-3.0,-9.0,-8.0,-3.5,-8.5,-117.5820447816959,35.663605108341585,,,,,,0,0,0.0,no events,False,9.161528043688806,12.534420173751474
1309,23,21,-4.0,-3.0,-8.0,-7.0,-3.5,-7.5,-117.58204912933452,35.67261794379155,6.0,180.0,3.0,4.0,4.0,19,4,8.0,robust onset,True,8.713336665089821,11.53769854377763
1310,23,22,-4.0,-3.0,-7.0,-6.0,-3.5,-6.5,-117.58205347858572,35.68163076572188,,,,,,0,0,0.0,no events,False,8.361272366278994,10.541597899845591
1311,23,23,-4.0,-3.0,-6.0,-5.0,-3.5,-5.5,-117.58205782945032,35.690643574131165,,,,,,1,1,2.0,no onset,True,8.117851644801283,9.54631263247593
1312,23,24,-4.0,-3.0,-5.0,-4.0,-3.5,-4.5,-117.58206218192905,35.699656369018,,,,,,0,0,0.0,no events,False,7.993006635234645,8.552127423741418
1313,23,25,-4.0,-3.0,-4.0,-3.0,-3.5,-3.5,-117.58206653602268,35.708669150380985,,,,,,0,0,0.0,no events,False,7.992295966417109,7.55947630903428
1314,23,26,-4.0,-3.0,-3.0,-2.0,-3.5,-2.5,-117.58207089173192,35.71768191821871,,,,,,1,1,2.0,no onset,True,8.11575224848007,6.5690547768907415
1315,23,27,-4.0,-3.0,-2.0,-1.0,-3.5,-1.5,-117.58207524905758,35.72669467252977,,,,,,0,0,0.0,no events,False,8.357874987256718,5.582049736139188
1316,23,28,-4.0,-3.0,-1.0,0.0,-3.5,-0.5,-117.58207960800036,35.73570741331277,,,,,,2,1,2.0,no onset,True,8.708772246793094,4.6006605886189975
1317,23,29,-4.0,-3.0,0.0,1.0,-3.5,0.5,-117.58208396856112,35.7447201405663,,,,,,13,2,4.0,no onset,True,9.155946362360135,3.6294457492312264
1318,23,30,-4.0,-3.0,1.0,2.0,-3.5,1.5,-117.58208833074056,35.75373285428898,35.0,1050.0,17.5,8.0,9.0,25,4,8.0,robust onset,True,9.68607214170522,2.679491564001114
1319,23,31,-4.0,-3.0,2.0,3.0,-3.5,2.5,-117.58209269453944,35.76274555447938,46.0,1380.0,23.0,3.0,3.0,19,2,4.0,robust onset,True,10.28633235308971,1.7850696447180023
1320,23,32,-4.0,-3.0,3.0,4.0,-3.5,3.5,-117.5820970599585,35.77175824113614,,,,,,4,1,2.0,no onset,True,10.94519406050538,1.092370006652587
1321,23,33,-4.0,-3.0,4.0,5.0,-3.5,4.5,-117.58210142699856,35.78077091425784,63.0,1890.0,31.5,5.0,5.0,6,4,8.0,robust onset,True,11.652721260118787,1.0954774422025728
1322,23,34,-4.0,-3.0,5.0,6.0,-3.5,5.5,-117.58210579566033,35.78978357384311,,,,,,2,1,2.0,no onset,True,12.400586780871562,1.7907734142864666
1323,23,35,-4.0,-3.0,6.0,7.0,-3.5,6.5,-117.5821101659446,35.79879621989052,,,,,,0,0,0.0,no events,False,13.18192672767637,2.685827249890753
1324,23,36,-4.0,-3.0,7.0,8.0,-3.5,7.5,-117.58211453785216,35.80780885239871,,,,,,3,1,2.0,no onset,True,13.991134049737742,3.635995958633101
1325,23,37,-4.0,-3.0,8.0,9.0,-3.5,8.5,-117.58211891138372,35.81682147136628,,,,,,1,1,2.0,no onset,True,14.823645696711486,4.6073056341138
1326,23,38,-4.0,-3.0,9.0,10.0,-3.5,9.5,-117.58212328654008,35.82583407679186,,,,,,0,0,0.0,no events,False,15.67574915229046,5.588744385018631
1327,23,39,-4.0,-3.0,10.0,11.0,-3.5,10.5,-117.58212766332198,35.834846668674025,,,,,,1,1,2.0,no onset,True,16.544417524634625,6.575778463118857
1328,23,40,-4.0,-3.0,11.0,12.0,-3.5,11.5,-117.58213204173023,35.84385924701143,,,,,,0,0,0.0,no events,False,17.42717392388506,7.566218407563868
1329,23,41,-4.0,-3.0,12.0,13.0,-3.5,12.5,-117.58213642176555,35.85287181180266,,,,,,0,0,0.0,no events,False,18.321982172167985,8.558881912136588
1330,23,42,-4.0,-3.0,13.0,14.0,-3.5,13.5,-117.58214080342876,35.86188436304636,,,,,,0,0,0.0,no events,False,19.22715970862945,9.553075849214189
1331,23,43,-4.0,-3.0,14.0,15.0,-3.5,14.5,-117.58214518672057,35.8708969007411,,,,,,0,0,0.0,no events,False,20.14130855245125,10.548367493398203
1332,23,44,-4.0,-3.0,15.0,16.0,-3.5,15.5,-117.58214957164176,35.879909424885575,,,,,,0,0,0.0,no events,False,21.063260667544995,11.544472936029623
1333,23,45,-4.0,-3.0,16.0,17.0,-3.5,16.5,-117.58215395819316,35.88892193547835,,,,,,0,0,0.0,no events,False,21.992034687423768,12.541198266739144
1334,23,46,-4.0,-3.0,17.0,18.0,-3.5,17.5,-117.58215834637544,35.89793443251807,,,,,,0,0,0.0,no events,False,22.92680155269706,13.538406573914134
1335,23,47,-4.0,-3.0,18.0,19.0,-3.5,18.5,-117.58216273618942,35.90694691600334,,,,,,0,0,0.0,no events,False,23.86685712825747,14.535998457469027
1336,23,48,-4.0,-3.0,19.0,20.0,-3.5,19.5,-117.5821671276359,35.91595938593279,,,,,,0,0,0.0,no events,False,24.811600289472597,15.53390001739687
1337,23,49,-4.0,-3.0,20.0,21.0,-3.5,20.5,-117.5821715207156,35.92497184230507,,,,,,0,0,0.0,no events,False,25.76051530285174,16.5320551760942
1338,23,50,-4.0,-3.0,21.0,22.0,-3.5,21.5,-117.58217591542936,35.93398428511878,,,,,,0,0,0.0,no events,False,26.713157589704007,17.53042061504411
1339,23,51,-4.0,-3.0,22.0,23.0,-3.5,22.5,-117.58218031177783,35.94299671437258,,,,,,0,0,0.0,no events,False,27.669142165167735,18.528962343728374
1340,23,52,-4.0,-3.0,23.0,24.0,-3.5,23.5,-117.58218470976192,35.952009130065065,,,,,,0,0,0.0,no events,False,28.62813420221732,19.52765331856966
1341,23,53,-4.0,-3.0,24.0,25.0,-3.5,24.5,-117.58218910938233,35.961021532194884,,,,,,0,0,0.0,no events,False,29.589841291295688,20.52647175539881
1342,23,54,-4.0,-3.0,25.0,26.0,-3.5,25.5,-117.58219351063984,35.970033920760685,,,,,,0,0,0.0,no events,False,30.554007059434436,21.52539991080597
1343,23,55,-4.0,-3.0,26.0,27.0,-3.5,26.5,-117.58219791353524,35.97904629576107,,,,,,0,0,0.0,no events,False,31.520405884630858,22.52442318717765
1344,24,0,-3.0,-2.0,-29.0,-28.0,-2.5,-28.5,-117.57093869098372,35.483348593687246,,,,,,0,0,0.0,no events,False,25.479537123709548,32.556437861816185
1345,24,1,-3.0,-2.0,-28.0,-27.0,-2.5,-27.5,-117.570941773516,35.49236169978805,,,,,,0,0,0.0,no events,False,24.519287342465628,31.558333999836538
1346,24,2,-3.0,-2.0,-27.0,-26.0,-2.5,-26.5,-117.57094485718945,35.50137479239784,,,,,,0,0,0.0,no events,False,23.56234477988762,30.560354111825657
1347,24,3,-3.0,-2.0,-26.0,-25.0,-2.5,-25.5,-117.57094794200452,35.510387871515185,,,,,,0,0,0.0,no events,False,22.609129378863738,29.562510753234744
1348,24,4,-3.0,-2.0,-25.0,-24.0,-2.5,-24.5,-117.5709510279618,35.51940093713866,,,,,,0,0,0.0,no events,False,21.660133217829056,28.564818232050076
1349,24,5,-3.0,-2.0,-24.0,-23.0,-2.5,-23.5,-117.57095411506178,35.52841398926681,,,,,,0,0,0.0,no events,False,20.7159361545165,27.56729292522211
1350,24,6,-3.0,-2.0,-23.0,-22.0,-2.5,-22.5,-117.570957203305,35.53742702789822,,,,,,0,0,0.0,no events,False,19.777225551171377,26.569953666123347
1351,24,7,-3.0,-2.0,-22.0,-21.0,-2.5,-21.5,-117.57096029269206,35.54644005303146,,,,,,0,0,0.0,no events,False,18.844821311060716,25.572822222329744
1352,24,8,-3.0,-2.0,-21.0,-20.0,-2.5,-20.5,-117.57096338322344,35.555453064665095,,,,,,0,0,0.0,no events,False,17.91970786563526,24.57592388924214
1353,24,9,-3.0,-2.0,-20.0,-19.0,-2.5,-19.5,-117.57096647489963,35.5644660627977,,,,,,1,1,2.0,no onset,True,17.003075302239075,23.579288233633413
1354,24,10,-3.0,-2.0,-19.0,-18.0,-2.5,-18.5,-117.5709695677213,35.57347904742787,,,,,,0,0,0.0,no events,False,16.096372556495904,22.582950033148983
1355,24,11,-3.0,-2.0,-18.0,-17.0,-2.5,-17.5,-117.57097266168888,35.58249201855413,,,,,,0,0,0.0,no events,False,15.201376556793027,21.586950474641945
1356,24,12,-3.0,-2.0,-17.0,-16.0,-2.5,-16.5,-117.57097575680292,35.591504976175095,,,,,,1,1,2.0,no onset,True,14.32028243315469,20.59133869833588
1357,24,13,-3.0,-2.0,-16.0,-15.0,-2.5,-15.5,-117.57097885306396,35.600517920289334,4.0,120.0,2.0,3.0,3.0,7,2,4.0,robust onset,True,13.455821368806179,19.596173809816168
1358,24,14,-3.0,-2.0,-15.0,-14.0,-2.5,-14.5,-117.5709819504726,35.609530850895446,,,,,,6,1,2.0,no onset,True,12.611414213050141,18.601527533497503
1359,24,15,-3.0,-2.0,-14.0,-13.0,-2.5,-13.5,-117.57098504902928,35.618543767991994,25.0,750.0,12.5,3.0,4.0,28,3,6.0,robust onset,True,11.791370072940008,17.60748775874645
1360,24,16,-3.0,-2.0,-13.0,-12.0,-2.5,-12.5,-117.5709881487346,35.627556671577544,,,,,,17,2,4.0,no onset,True,11.001138483853724,16.61416334846106
1361,24,17,-3.0,-2.0,-12.0,-11.0,-2.5,-11.5,-117.57099124958908,35.63656956165071,38.0,1140.0,19.0,3.0,3.0,18,3,6.0,robust onset,True,10.247618634825827,15.621690765224077
1362,24,18,-3.0,-2.0,-11.0,-10.0,-2.5,-10.5,-117.57099435159328,35.645582438210056,,,,,,9,2,4.0,no onset,True,9.539514003801855,14.63024336637049
1363,24,19,-3.0,-2.0,-10.0,-9.0,-2.5,-9.5,-117.57099745474773,35.65459530125417,,,,,,8,1,2.0,no onset,True,8.887686266550697,13.64004470499156
1364,24,20,-3.0,-2.0,-9.0,-8.0,-2.5,-8.5,-117.57100055905292,35.66360815078166,,,,,,4,1,2.0,no onset,True,8.305396252830807,12.65138799298752
1365,24,21,-3.0,-2.0,-8.0,-7.0,-2.5,-7.5,-117.57100366450948,35.67262098679109,,,,,,2,1,2.0,no onset,True,7.808216612033643,11.664665307845285
1366,24,22,-3.0,-2.0,-7.0,-6.0,-2.5,-6.5,-117.5710067711179,35.68163380928106,,,,,,3,1,2.0,no onset,True,7.4132911992137664,10.680412695162572
1367,24,23,-3.0,-2.0,-6.0,-5.0,-2.5,-5.5,-117.57100987887873,35.69064661825017,,,,,,0,0,0.0,no events,False,7.13761347708339,9.699382141865035
1368,24,24,-3.0,-2.0,-5.0,-4.0,-2.5,-4.5,-117.57101298779249,35.699659413697006,,,,,,0,0,0.0,no events,False,6.995295983169303,8.722660862883004
1369,24,25,-3.0,-2.0,-4.0,-3.0,-2.5,-3.5,-117.57101609785973,35.70867219562016,,,,,,2,1,2.0,no onset,True,6.994483943511968,7.7518779095011165
1370,24,26,-3.0,-2.0,-3.0,-2.0,-2.5,-2.5,-117.57101920908102,35.717684964018225,,,,,,3,1,2.0,no onset,True,7.135225671269892,6.789580967832397
1371,24,27,-3.0,-2.0,-2.0,-1.0,-2.5,-1.5,-117.57102232145688,35.7266977188898,,,,,,2,1,2.0,no onset,True,7.409459165408163,5.839966465117111
1372,24,28,-3.0,-2.0,-1.0,0.0,-2.5,-0.5,-117.57102543498785,35.73571046023349,,,,,,8,1,2.0,no onset,True,7.803122763852506,4.910397836085479
1373,24,29,-3.0,-2.0,0.0,1.0,-2.5,0.5,-117.57102854967448,35.7447231880479,35.0,1050.0,17.5,12.0,14.0,65,9,18.0,robust onset,True,8.299238797122019,4.014823221958032
1374,24,30,-3.0,-2.0,1.0,2.0,-2.5,1.5,-117.57103166551732,35.75373590233162,31.0,930.0,15.5,3.0,3.0,86,13,26.0,robust onset,True,8.880653374361454,3.1820754388471046
1375,24,31,-3.0,-2.0,2.0,3.0,-2.5,2.5,-117.57103478251688,35.76274860308324,36.0,1080.0,18.0,8.0,10.0,48,6,12.0,robust onset,True,9.531770250035384,2.47636885246413
1376,24,32,-3.0,-2.0,3.0,4.0,-2.5,3.5,-117.5710379006738,35.7717612903014,37.0,1110.0,18.5,3.0,3.0,8,2,4.0,robust onset,True,10.239300945052927,2.0345027128010984
1377,24,33,-3.0,-2.0,4.0,5.0,-2.5,4.5,-117.5710410199885,35.78077396398467,,,,,,2,1,2.0,no onset,True,10.992357508162838,2.036172852027928
1378,24,34,-3.0,-2.0,5.0,6.0,-2.5,5.5,-117.57104414046158,35.78978662413167,,,,,,1,1,2.0,no onset,True,11.782213855263622,2.4804835170337385
1379,24,35,-3.0,-2.0,6.0,7.0,-2.5,6.5,-117.5710472620936,35.79879927074101,,,,,,2,1,2.0,no onset,True,12.601952351721863,3.1874122847878628
1380,24,36,-3.0,-2.0,7.0,8.0,-2.5,7.5,-117.5710503848851,35.8078119038113,,,,,,0,0,0.0,no events,False,13.44610883560632,4.020745660714826
1381,24,37,-3.0,-2.0,8.0,9.0,-2.5,8.5,-117.5710535088366,35.81682452334114,,,,,,0,0,0.0,no events,False,14.310362768388247,4.916624275160511
1382,24,38,-3.0,-2.0,9.0,10.0,-2.5,9.5,-117.57105663394869,35.825837129329166,,,,,,0,0,0.0,no events,False,15.191284419257466,5.8463657820938755
1383,24,39,-3.0,-2.0,10.0,11.0,-2.5,10.5,-117.57105976022189,35.83484972177396,,,,,,0,0,0.0,no events,False,16.086135709071858,6.79608648068715
1384,24,40,-3.0,-2.0,11.0,12.0,-2.5,11.5,-117.57106288765677,35.84386230067416,,,,,,0,0,0.0,no events,False,16.99271613941041,7.758452812766162
1385,24,41,-3.0,-2.0,12.0,13.0,-2.5,12.5,-117.57106601625378,35.85287486602837,,,,,,0,0,0.0,no events,False,17.909244583133066,8.729283398014966
1386,24,42,-3.0,-2.0,13.0,14.0,-2.5,13.5,-117.5710691460136,35.861887417835206,,,,,,0,0,0.0,no events,False,18.83426880137329,9.706038699582864
1387,24,43,-3.0,-2.0,14.0,15.0,-2.5,14.5,-117.57107227693672,35.870899956093304,,,,,,0,0,0.0,no events,False,19.76659609103918,10.687094358746007
1388,24,44,-3.0,-2.0,15.0,16.0,-2.5,15.5,-117.5710754090237,35.87991248080126,,,,,,0,0,0.0,no events,False,20.705239935103084,11.671366005214695
1389,24,45,-3.0,-2.0,16.0,17.0,-2.5,16.5,-117.57107854227506,35.88892499195772,,,,,,0,0,0.0,no events,False,21.649378755846314,12.658103452832963
1390,24,46,-3.0,-2.0,17.0,18.0,-2.5,17.5,-117.5710816766914,35.8979374895613,,,,,,0,0,0.0,no events,False,22.598323837355544,13.646771838700985
1391,24,47,-3.0,-2.0,18.0,19.0,-2.5,18.5,-117.5710848122732,35.9069499736106,,,,,,0,0,0.0,no events,False,23.55149422015287,14.63697988700206
1392,24,48,-3.0,-2.0,19.0,20.0,-2.5,19.5,-117.57108794902106,35.91596244410428,,,,,,0,0,0.0,no events,False,24.50839692321381,15.628434944275236
1393,24,49,-3.0,-2.0,20.0,21.0,-2.5,20.5,-117.57109108693555,35.92497490104094,,,,,,0,0,0.0,no events,False,25.468611259542563,16.62091385581382
1394,24,50,-3.0,-2.0,21.0,22.0,-2.5,21.5,-117.57109422601718,35.933987344419215,,,,,,0,0,0.0,no events,False,26.431776316275084,17.61424355450226
1395,24,51,-3.0,-2.0,22.0,23.0,-2.5,22.5,-117.57109736626651,35.94299977423775,,,,,,0,0,0.0,no events,False,27.397580896449647,18.608287793138434
1396,24,52,-3.0,-2.0,23.0,24.0,-2.5,23.5,-117.57110050768412,35.95201219049516,,,,,,0,0,0.0,no events,False,28.365755387815863,19.602937871329527
1397,24,53,-3.0,-2.0,24.0,25.0,-2.5,24.5,-117.57110365027052,35.96102459319008,,,,,,0,0,0.0,no events,False,29.336065149663593,20.59810602415052
1398,24,54,-3.0,-2.0,25.0,26.0,-2.5,25.5,-117.57110679402628,35.97003698232115,,,,,,0,0,0.0,no events,False,30.308305102879128,21.59372062376205
1399,24,55,-3.0,-2.0,26.0,27.0,-2.5,26.5,-117.57110993895192,35.979049357887,,,,,,0,0,0.0,no events,False,31.28229527948854,22.58972264044043
1400,25,0,-2.0,-1.0,-29.0,-28.0,-1.5,-28.5,-117.55991921486664,35.48335061454546,,,,,,0,0,0.0,no events,False,25.224052467034962,32.632308764585744
1401,25,1,-2.0,-1.0,-28.0,-27.0,-1.5,-27.5,-117.55992106438616,35.49236372101692,,,,,,0,0,0.0,no events,False,24.253689669896307,31.636598646223014
1402,25,2,-2.0,-1.0,-27.0,-26.0,-1.5,-26.5,-117.55992291459036,35.501376813997496,,,,,,0,0,0.0,no events,False,23.28583480031448,30.641167936244535
1403,25,3,-2.0,-1.0,-26.0,-25.0,-1.5,-25.5,-117.55992476547958,35.510389893485744,,,,,,0,0,0.0,no events,False,22.32081410010484,29.646044779904127
1404,25,4,-2.0,-1.0,-25.0,-24.0,-1.5,-24.5,-117.5599266170541,35.51940295948022,,,,,,0,0,0.0,no events,False,21.359011724219386,28.651261223321765
1405,25,5,-2.0,-1.0,-24.0,-23.0,-1.5,-23.5,-117.55992846931424,35.5284160119795,,,,,,0,0,0.0,no events,False,20.400882862740115,27.656853911498356
1406,25,6,-2.0,-1.0,-23.0,-22.0,-1.5,-22.5,-117.55993032226031,35.53742905098215,,,,,,0,0,0.0,no events,False,19.44697049216524,26.66286494127933
1407,25,7,-2.0,-1.0,-22.0,-21.0,-1.5,-21.5,-117.55993217589273,35.54644207648677,,,,,,1,1,2.0,no onset,True,18.49792693971537,25.6693429107923
1408,25,8,-2.0,-1.0,-21.0,-20.0,-1.5,-20.5,-117.55993403021168,35.555455088491875,,,,,,0,0,0.0,no events,False,17.554541885533492,24.676344220057867
1409,25,9,-2.0,-1.0,-20.0,-19.0,-1.5,-19.5,-117.55993588521758,35.564468086996065,,,,,,0,0,0.0,no events,False,16.61777905000701,23.683934695521433
1410,25,10,-2.0,-1.0,-19.0,-18.0,-1.5,-18.5,-117.55993774091073,35.57348107199792,,,,,,0,0,0.0,no events,False,15.688824694627513,22.69219163625815
1411,25,11,-2.0,-1.0,-18.0,-17.0,-1.5,-17.5,-117.55993959729145,35.58249404349602,,,,,,2,1,2.0,no onset,True,14.769152312934423,21.701206414658262
1412,25,12,-2.0,-1.0,-17.0,-16.0,-1.5,-16.5,-117.55994145436,35.59150700148892,,,,,,0,0,0.0,no events,False,13.860609647001763,20.711087814176867
1413,25,13,-2.0,-1.0,-16.0,-15.0,-1.5,-15.5,-117.5599433121168,35.60051994597522,,,,,,0,0,0.0,no events,False,12.965536607887099,19.721966358390482
1414,25,14,-2.0,-1.0,-15.0,-14.0,-1.5,-14.5,-117.5599451705621,35.60953287695349,,,,,,1,1,2.0,no onset,True,12.086925964626516,18.73399999029643
1415,25,15,-2.0,-1.0,-14.0,-13.0,-1.5,-13.5,-117.55994702969627,35.61854579442232,,,,,,11,2,4.0,no onset,True,11.228642795024909,17.747381616209392
1416,25,16,-2.0,-1.0,-13.0,-12.0,-1.5,-12.5,-117.55994888951965,35.62755869838027,19.0,570.0,9.5,3.0,3.0,23,3,6.0,robust onset,True,10.395723099533141,16.762349263343356
1417,25,17,-2.0,-1.0,-12.0,-11.0,-1.5,-11.5,-117.5599507500325,35.63657158882595,,,,,,15,2,4.0,no onset,True,9.594774541700763,15.779199961381062
1418,25,18,-2.0,-1.0,-11.0,-10.0,-1.5,-10.5,-117.55995261123516,35.645584465757935,5.0,150.0,2.5,2.0,3.0,14,2,4.0,weak onset,True,8.834497056990354,14.798309025567367
1419,25,19,-2.0,-1.0,-10.0,-9.0,-1.5,-9.5,-117.55995447312796,35.65459732917479,,,,,,8,2,4.0,no onset,True,8.126313924152413,13.820157329463697
1420,25,20,-2.0,-1.0,-9.0,-8.0,-1.5,-8.5,-117.55995633571123,35.66361017907516,23.0,690.0,11.5,3.0,3.0,24,2,4.0,robust onset,True,7.485026234942369,12.845370652732043
1421,25,21,-2.0,-1.0,-8.0,-7.0,-1.5,-7.5,-117.55995819898536,35.67262301545756,,,,,,4,1,2.0,no onset,True,6.929232098990312,11.874777715856839
1422,25,22,-2.0,-1.0,-7.0,-6.0,-1.5,-6.5,-117.55996006295054,35.68163583832064,,,,,,7,1,2.0,no onset,True,6.4809642203594855,10.90949789843468
1423,25,23,-2.0,-1.0,-6.0,-5.0,-1.5,-5.5,-117.5599619276072,35.690648647662954,,,,,,0,0,0.0,no events,False,6.163727522326241,9.951077478890976
1424,25,24,-2.0,-1.0,-5.0,-4.0,-1.5,-4.5,-117.5599637929556,35.69966144348312,,,,,,1,1,2.0,no onset,True,5.998347831977079,9.001707703865513
1425,25,25,-2.0,-1.0,-4.0,-3.0,-1.5,-3.5,-117.55996565899612,35.7086742257797,,,,,,3,1,2.0,no onset,True,5.997400808457466,8.064585555425166
1426,25,26,-2.0,-1.0,-3.0,-2.0,-1.5,-2.5,-117.55996752572904,35.71768699455134,25.0,750.0,12.5,3.0,4.0,8,3,6.0,robust onset,True,6.160962278831808,7.144532089347264
1427,25,27,-2.0,-1.0,-2.0,-1.0,-1.5,-1.5,-117.55996939315472,35.7266997497966,0.0,0.0,0.0,4.0,5.0,34,3,6.0,robust onset,True,6.476580575048115,6.249090923538662
1428,25,28,-2.0,-1.0,-1.0,0.0,-1.5,-0.5,-117.55997126127346,35.73571249151409,20.0,600.0,10.0,4.0,4.0,52,4,8.0,robust onset,True,6.923491582214332,5.39054134253637
1429,25,29,-2.0,-1.0,0.0,1.0,-1.5,0.5,-117.55997313008558,35.74472521970241,9.0,270.0,4.5,3.0,5.0,115,8,16.0,robust onset,True,7.478193326793234,4.589633379752061
1430,25,30,-2.0,-1.0,1.0,2.0,-1.5,1.5,-117.55997499959146,35.75373793436015,36.0,1080.0,18.0,3.0,5.0,33,3,6.0,robust onset,True,8.118621507177004,3.882207253029499
1431,25,31,-2.0,-1.0,2.0,3.0,-1.5,2.5,-117.55997686979136,35.762750635485915,35.0,1050.0,17.5,3.0,3.0,28,3,6.0,robust onset,True,8.826134766742413,3.328412797478006
1432,25,32,-2.0,-1.0,3.0,4.0,-1.5,3.5,-117.55997874068564,35.771763323078325,35.0,1050.0,17.5,15.0,16.0,58,10,20.0,robust onset,True,9.585890394981643,3.014154996903093
1433,25,33,-2.0,-1.0,4.0,5.0,-1.5,4.5,-117.55998061227464,35.78077599713599,,,,,,3,1,2.0,no onset,True,10.386430301528215,3.015282563922725
1434,25,34,-2.0,-1.0,5.0,6.0,-1.5,5.5,-117.55998248455865,35.78978865765749,,,,,,1,1,2.0,no onset,True,11.219027326484484,3.331475279097373
1435,25,35,-2.0,-1.0,6.0,7.0,-1.5,6.5,-117.559984357538,35.79880130464145,,,,,,2,1,2.0,no onset,True,12.077053195887967,3.8865828345961493
1436,25,36,-2.0,-1.0,7.0,8.0,-1.5,7.5,-117.55998623121306,35.807813938086454,,,,,,0,0,0.0,no events,False,12.955456519945946,4.59481498268624
1437,25,37,-2.0,-1.0,8.0,9.0,-1.5,8.5,-117.55998810558413,35.81682655799116,,,,,,0,0,0.0,no events,False,13.850360767290939,5.396213794880488
1438,25,38,-2.0,-1.0,9.0,10.0,-1.5,9.5,-117.55998998065152,35.82583916435415,,,,,,0,0,0.0,no events,False,14.758764620658946,6.255071695432354
1439,25,39,-2.0,-1.0,10.0,11.0,-1.5,10.5,-117.5599918564156,35.83485175717402,,,,,,0,0,0.0,no events,False,15.678321749215263,7.150714685256259
1440,25,40,-2.0,-1.0,11.0,12.0,-1.5,11.5,-117.55999373287668,35.84386433644942,,,,,,0,0,0.0,no events,False,16.60717955029747,8.07090571775436
1441,25,41,-2.0,-1.0,12.0,13.0,-1.5,12.5,-117.55999561003506,35.85287690217894,,,,,,0,0,0.0,no events,False,17.543860816813403,9.008125093482025
1442,25,42,-2.0,-1.0,13.0,14.0,-1.5,13.5,-117.55999748789112,35.86188945436122,,,,,,0,0,0.0,no events,False,18.487176423229773,9.957565781593464
1443,25,43,-2.0,-1.0,14.0,15.0,-1.5,14.5,-117.55999936644513,35.87090199299488,,,,,,0,0,0.0,no events,False,19.436160419371028,10.916039340791219
1444,25,44,-2.0,-1.0,15.0,16.0,-1.5,15.5,-117.56000124569748,35.87991451807851,,,,,,0,0,0.0,no events,False,20.390021373000742,11.881359917309219
1445,25,45,-2.0,-1.0,16.0,17.0,-1.5,16.5,-117.56000312564844,35.88892702961075,,,,,,0,0,0.0,no events,False,21.348105567832693,12.851984752542412
1446,25,46,-2.0,-1.0,17.0,18.0,-1.5,17.5,-117.5600050062984,35.897939527590225,,,,,,0,0,0.0,no events,False,22.309868916675224,13.826796833486892
1447,25,47,-2.0,-1.0,18.0,19.0,-1.5,18.5,-117.56000688764766,35.90695201201555,,,,,,0,0,0.0,no events,False,23.274855334096785,14.804969073573362
1448,25,48,-2.0,-1.0,19.0,20.0,-1.5,19.5,-117.56000876969657,35.915964482885364,,,,,,0,0,0.0,no events,False,24.242679937808767,15.785876848132453
1449,25,49,-2.0,-1.0,20.0,21.0,-1.5,20.5,-117.56001065244538,35.92497694019829,,,,,,0,0,0.0,no events,False,25.213015890823886,16.769040117411155
1450,25,50,-2.0,-1.0,21.0,22.0,-1.5,21.5,-117.56001253589451,35.933989383952955,,,,,,0,0,0.0,no events,False,26.185584012101774,17.754084179542613
1451,25,51,-2.0,-1.0,22.0,23.0,-1.5,22.5,-117.56001442004428,35.943001814147976,,,,,,0,0,0.0,no events,False,27.160144509901677,18.740712463757234
1452,25,52,-2.0,-1.0,23.0,24.0,-1.5,23.5,-117.560016304895,35.952014230782005,,,,,,0,0,0.0,no events,False,28.13649035581098,19.72868729145876
1453,25,53,-2.0,-1.0,24.0,25.0,-1.5,24.5,-117.560018190447,35.961026633853656,,,,,,0,0,0.0,no events,False,29.11444193671839,20.717816024839752
1454,25,54,-2.0,-1.0,25.0,26.0,-1.5,25.5,-117.5600200767006,35.970039023361565,,,,,,0,0,0.0,no events,False,30.093842709605042,21.707940930315047
1455,25,55,-2.0,-1.0,26.0,27.0,-1.5,26.5,-117.56002196365615,35.97905139930438,,,,,,0,0,0.0,no events,False,31.074555648864084,22.69893164950694
1456,26,0,-1.0,0.0,-29.0,-28.0,-0.5,-28.5,-117.54889973833494,35.483351624974595,,,,,,0,0,0.0,no events,False,25.005975959377633,32.73856295508739
1457,26,1,-1.0,0.0,-28.0,-27.0,-0.5,-27.5,-117.5489003548415,35.49236473163138,,,,,,0,0,0.0,no events,False,24.02680739142998,31.746185644249618
1458,26,2,-1.0,0.0,-27.0,-26.0,-0.5,-26.5,-117.54890097157624,35.50137782479736,,,,,,0,0,0.0,no events,False,23.049427610437018,30.75430216334133
1459,26,3,-1.0,0.0,-26.0,-25.0,-0.5,-25.5,-117.54890158853937,35.51039090447105,,,,,,0,0,0.0,no events,False,22.07407422549536,29.762961884682138
1460,26,4,-1.0,0.0,-25.0,-24.0,-0.5,-24.5,-117.54890220573088,35.51940397065103,,,,,,0,0,0.0,no events,False,21.101028236950462,28.772220956053815
1461,26,5,-1.0,0.0,-24.0,-23.0,-0.5,-23.5,-117.54890282315095,35.528417023335884,,,,,,0,0,0.0,no events,False,20.130624242692598,27.782143497918277
1462,26,6,-1.0,0.0,-23.0,-22.0,-0.5,-22.5,-117.54890344079966,35.537430062524166,,,,,,0,0,0.0,no events,False,19.16326360890506,26.792803062275198
1463,26,7,-1.0,0.0,-22.0,-21.0,-0.5,-21.5,-117.54890405867717,35.546443088214446,,,,,,0,0,0.0,no events,False,18.199431636407965,25.8042844219483
1464,26,8,-1.0,0.0,-21.0,-20.0,-0.5,-20.5,-117.54890467678352,35.55545610040528,,,,,,0,0,0.0,no events,False,17.239720172676506,24.81668578041283
1465,26,9,-1.0,0.0,-20.0,-19.0,-0.5,-19.5,-117.54890529511884,35.56446909909527,,,,,,1,1,2.0,no onset,True,16.284857732755647,23.83012152127397
1466,26,10,-1.0,0.0,-19.0,-18.0,-0.5,-18.5,-117.54890591368324,35.57348208428298,,,,,,0,0,0.0,no events,False,15.335750099685166,22.844725656344075
1467,26,11,-1.0,0.0,-18.0,-17.0,-0.5,-17.5,-117.54890653247682,35.58249505596699,,,,,,1,1,2.0,no onset,True,14.393535731844894,21.86065618659618
1468,26,12,-1.0,0.0,-17.0,-16.0,-0.5,-16.5,-117.5489071514997,35.591508014145866,,,,,,2,1,2.0,no onset,True,13.459662351180949,20.878100668008724
1469,26,13,-1.0,0.0,-16.0,-15.0,-0.5,-15.5,-117.548907770752,35.60052095881819,,,,,,1,1,2.0,no onset,True,12.535994190797156,19.897283384885657
1470,26,14,-1.0,0.0,-15.0,-14.0,-0.5,-14.5,-117.5489083902338,35.60953388998254,,,,,,1,1,2.0,no onset,True,11.624964090077965,18.91847469256936
1471,26,15,-1.0,0.0,-14.0,-13.0,-0.5,-13.5,-117.54890900994522,35.61854680763752,,,,,,0,0,0.0,no events,False,10.729791695997847,17.942003324275912
1472,26,16,-1.0,0.0,-13.0,-12.0,-0.5,-12.5,-117.54890962988635,35.627559711781664,,,,,,7,1,2.0,no onset,True,9.85479931725687,16.96827280200517
1473,26,17,-1.0,0.0,-12.0,-11.0,-0.5,-11.5,-117.54891025005736,35.636572602413594,0.0,0.0,0.0,2.0,3.0,42,2,4.0,weak onset,True,9.005870825595304,15.997783611432208
1474,26,18,-1.0,0.0,-11.0,-10.0,-0.5,-10.5,-117.54891087045826,35.645585479531896,,,,,,13,1,2.0,no onset,True,8.191114031144407,15.031163596779507
1475,26,19,-1.0,0.0,-10.0,-9.0,-0.5,-9.5,-117.54891149108924,35.65459834313514,,,,,,6,1,2.0,no onset,True,7.4217914828640215,14.069210271656685
1476,26,20,-1.0,0.0,-9.0,-8.0,-0.5,-8.5,-117.54891211195034,35.663611193221925,,,,,,16,2,4.0,no onset,True,6.713540687224222,13.112950707717562
1477,26,21,-1.0,0.0,-8.0,-7.0,-0.5,-7.5,-117.54891273304172,35.67262402979082,21.0,630.0,10.5,2.0,3.0,9,2,4.0,weak onset,True,6.087714538553629,12.16372783557619
1478,26,22,-1.0,0.0,-7.0,-6.0,-0.5,-6.5,-117.5489133543635,35.68163685284044,,,,,,2,1,2.0,no onset,True,5.572154704135499,11.223327200652735
1479,26,23,-1.0,0.0,-6.0,-5.0,-0.5,-5.5,-117.54891397591574,35.690649662369374,,,,,,0,0,0.0,no events,False,5.199764205300228,10.294166894307283
1480,26,24,-1.0,0.0,-5.0,-4.0,-0.5,-4.5,-117.54891459769856,35.69966245837619,,,,,,1,1,2.0,no onset,True,5.0026180680343435,9.37958797830654
1481,26,25,-1.0,0.0,-4.0,-3.0,-0.5,-3.5,-117.54891521971209,35.70867524085953,2.0,60.0,1.0,3.0,5.0,12,3,6.0,robust onset,True,5.0014825080695635,8.48430723381309
1482,26,26,-1.0,0.0,-3.0,-2.0,-0.5,-2.5,-117.54891584195644,35.717688009817934,2.0,60.0,1.0,3.0,4.0,34,3,6.0,robust onset,True,5.196486026386289,7.615134130970618
1483,26,27,-1.0,0.0,-2.0,-1.0,-0.5,-1.5,-117.54891646443168,35.72670076525004,2.0,60.0,1.0,5.0,8.0,82,3,6.0,robust onset,True,5.56705548439479,6.782113713851615
1484,26,28,-1.0,0.0,-1.0,0.0,-0.5,-0.5,-117.54891708713797,35.735713507154415,10.0,300.0,5.0,3.0,3.0,74,4,8.0,robust onset,True,6.081179697248903,6.0003220765684455
1485,26,29,-1.0,0.0,0.0,1.0,-0.5,0.5,-117.54891771007536,35.74472623552969,11.0,330.0,5.5,2.0,5.0,37,3,6.0,weak onset,True,6.705921730391312,5.292510143353074
1486,26,30,-1.0,0.0,1.0,2.0,-0.5,1.5,-117.548918333244,35.75373895037444,36.0,1080.0,18.0,3.0,3.0,16,3,6.0,robust onset,True,7.4133680603377945,4.692276868689198
1487,26,31,-1.0,0.0,2.0,3.0,-0.5,2.5,-117.548918956644,35.76275165168731,,,,,,6,1,2.0,no onset,True,8.182094214926806,4.245498887925448
1488,26,32,-1.0,0.0,3.0,4.0,-0.5,3.5,-117.54891958027544,35.77176433946684,,,,,,6,1,2.0,no onset,True,8.996405142379974,4.003880542962881
1489,26,33,-1.0,0.0,4.0,5.0,-0.5,4.5,-117.54892020413848,35.780777013711685,,,,,,3,1,2.0,no onset,True,9.844995948691041,4.00472945369063
1490,26,34,-1.0,0.0,5.0,6.0,-0.5,5.5,-117.54892082823318,35.78978967442044,,,,,,1,1,2.0,no onset,True,10.719728773324684,4.2479002568560595
1491,26,35,-1.0,0.0,6.0,7.0,-0.5,6.5,-117.54892145255964,35.798802321591694,,,,,,1,1,2.0,no onset,True,11.614698649450501,4.695897697686598
1492,26,36,-1.0,0.0,7.0,8.0,-0.5,7.5,-117.54892207711802,35.80781495522407,,,,,,0,0,0.0,no events,False,12.525568428676179,5.297004227115437
1493,26,37,-1.0,0.0,8.0,9.0,-0.5,8.5,-117.5489227019084,35.8168275753162,,,,,,0,0,0.0,no events,False,13.449107933441221,6.005418584663298
1494,26,38,-1.0,0.0,9.0,10.0,-0.5,9.5,-117.5489233269309,35.82584018186665,,,,,,0,0,0.0,no events,False,14.382876761943479,6.7876248402486015
1495,26,39,-1.0,0.0,10.0,11.0,-0.5,10.5,-117.54892395218562,35.83485277487408,,,,,,0,0,0.0,no events,False,15.325005177589855,7.620934953593316
1496,26,40,-1.0,0.0,11.0,12.0,-0.5,11.5,-117.54892457767264,35.84386535433707,,,,,,0,0,0.0,no events,False,16.27404139840679,8.490314962464048
1497,26,41,-1.0,0.0,12.0,13.0,-0.5,12.5,-117.54892520339216,35.85287792025427,,,,,,0,0,0.0,no events,False,17.22884393048356,9.385747000467326
1498,26,42,-1.0,0.0,13.0,14.0,-0.5,13.5,-117.5489258293442,35.86189047262427,,,,,,0,0,0.0,no events,False,18.18850469183386,10.300439085384756
1499,26,43,-1.0,0.0,14.0,15.0,-0.5,14.5,-117.54892645552891,35.87090301144569,,,,,,0,0,0.0,no events,False,19.15229340493625,11.229685834726743
1500,26,44,-1.0,0.0,15.0,16.0,-0.5,15.5,-117.54892708194636,35.87991553671716,,,,,,0,0,0.0,no events,False,20.11961685551359,12.170153759981957
1501,26,45,-1.0,0.0,16.0,17.0,-0.5,16.5,-117.54892770859672,35.88892804843729,,,,,,0,0,0.0,no events,False,21.08998867132386,13.119429908976361
1502,26,46,-1.0,0.0,17.0,18.0,-0.5,17.5,-117.54892833548008,35.89794054660471,,,,,,0,0,0.0,no events,False,22.06300663781958,14.075732298231735
1503,26,47,-1.0,0.0,18.0,19.0,-0.5,18.5,-117.5489289625965,35.906953031218066,,,,,,0,0,0.0,no events,False,23.03833547903088,15.03772051630248
1504,26,48,-1.0,0.0,19.0,20.0,-0.5,19.5,-117.54892958994616,35.91596550227595,,,,,,0,0,0.0,no events,False,24.01569364786858,16.00436930720374
1505,26,49,-1.0,0.0,20.0,21.0,-0.5,20.5,-117.54893021752912,35.924977959777,,,,,,0,0,0.0,no events,False,24.99484309076929,16.974882489027888
1506,26,50,-1.0,0.0,21.0,22.0,-0.5,21.5,-117.54893084534554,35.933990403719854,,,,,,0,0,0.0,no events,False,25.975581242314473,17.948633210115084
1507,26,51,-1.0,0.0,22.0,23.0,-0.5,22.5,-117.5489314733955,35.943002834103126,,,,,,0,0,0.0,no events,False,26.957734708613437,18.925121735571125
1508,26,52,-1.0,0.0,23.0,24.0,-0.5,23.5,-117.5489321016791,35.95201525092545,,,,,,0,0,0.0,no events,False,27.94115424179688,19.903945119024197
1509,26,53,-1.0,0.0,24.0,25.0,-0.5,24.5,-117.54893273019644,35.961027654185465,,,,,,0,0,0.0,no events,False,28.925710710504347,20.884775074107637
1510,26,54,-1.0,0.0,25.0,26.0,-0.5,25.5,-117.54893335894768,35.970040043881816,,,,,,0,0,0.0,no events,False,29.911291845249483,21.867341596339692
1511,26,55,-1.0,0.0,26.0,27.0,-0.5,26.5,-117.5489339879329,35.97905242001311,,,,,,0,0,0.0,no events,False,30.897799591485317,22.851420679816577
1512,27,0,0.0,1.0,-29.0,-28.0,0.5,-28.5,-117.53788026166508,35.483351624974595,,,,,,0,0,0.0,no events,False,24.826293410459236,32.87490583136598
1513,27,1,0.0,1.0,-28.0,-27.0,0.5,-27.5,-117.53787964515853,35.49236473163138,,,,,,0,0,0.0,no events,False,23.839745893069285,31.886772053880296
1514,27,2,0.0,1.0,-27.0,-26.0,0.5,-26.5,-117.53787902842376,35.50137782479736,,,,,,0,0,0.0,no events,False,22.854367722385494,30.899401784032356
1515,27,3,0.0,1.0,-26.0,-25.0,0.5,-25.5,-117.53787841146068,35.51039090447105,,,,,,0,0,0.0,no events,False,21.870316955497426,29.912870627975554
1516,27,4,0.0,1.0,-25.0,-24.0,0.5,-24.5,-117.53787779426916,35.51940397065103,,,,,,0,0,0.0,no events,False,20.88778120044875,28.927264436875863
1517,27,5,0.0,1.0,-24.0,-23.0,0.5,-23.5,-117.53787717684908,35.528417023335884,,,,,,0,0,0.0,no events,False,19.90698478478653,27.94268108818271
1518,27,6,0.0,1.0,-23.0,-22.0,0.5,-22.5,-117.53787655920036,35.537430062524166,,,,,,0,0,0.0,no events,False,18.928198090827994,26.959232648404964
1519,27,7,0.0,1.0,-22.0,-21.0,0.5,-21.5,-117.53787594132284,35.546443088214446,,,,,,0,0,0.0,no events,False,17.951749850906644,25.977048015233844
1520,27,8,0.0,1.0,-21.0,-20.0,0.5,-20.5,-117.5378753232165,35.55545610040528,,,,,,1,1,2.0,no onset,True,16.97804354021478,24.99627616627535
1521,27,9,0.0,1.0,-20.0,-19.0,0.5,-19.5,-117.53787470488118,35.56446909909527,,,,,,0,0,0.0,no events,False,16.007579523379885,24.017090181278114
1522,27,10,0.0,1.0,-19.0,-18.0,0.5,-18.5,-117.53787408631678,35.57348208428298,,,,,,0,0,0.0,no events,False,15.040985404594778,23.039692258591177
1523,27,11,0.0,1.0,-18.0,-17.0,0.5,-17.5,-117.5378734675232,35.58249505596699,,,,,,0,0,0.0,no events,False,14.07905826698417,22.06432002046577
1524,27,12,0.0,1.0,-17.0,-16.0,0.5,-16.5,-117.53787284850031,35.591508014145866,,,,,,1,1,2.0,no onset,True,13.122824445561918,21.091254504188868
1525,27,13,0.0,1.0,-16.0,-15.0,0.5,-15.5,-117.53787222924802,35.60052095881819,,,,,,0,0,0.0,no events,False,12.173625637949426,20.12083037937072
1526,27,14,0.0,1.0,-15.0,-14.0,0.5,-14.5,-117.5378716097662,35.60953388998254,,,,,,1,1,2.0,no onset,True,11.233245342145864,19.153449134564465
1527,27,15,0.0,1.0,-14.0,-13.0,0.5,-13.5,-117.5378709900548,35.61854680763752,,,,,,0,0,0.0,no events,False,10.304098245879834,18.189596266692913
1528,27,16,0.0,1.0,-13.0,-12.0,0.5,-12.5,-117.53787037011368,35.627559711781664,,,,,,0,0,0.0,no events,False,9.38951971107394,17.229863926921457
1529,27,17,0.0,1.0,-12.0,-11.0,0.5,-11.5,-117.53786974994269,35.636572602413594,17.0,510.0,8.5,6.0,6.0,20,5,10.0,robust onset,True,8.494216864935117,16.274981091699303
1530,27,18,0.0,1.0,-11.0,-10.0,0.5,-10.5,-117.53786912954176,35.645585479531896,0.0,0.0,0.0,3.0,3.0,66,5,10.0,robust onset,True,7.624982615878565,15.32585423818556
1531,27,19,0.0,1.0,-10.0,-9.0,0.5,-9.5,-117.5378685089108,35.65459834313514,,,,,,21,2,4.0,no onset,True,6.7918333045174535,14.383622865086906
1532,27,20,0.0,1.0,-9.0,-8.0,0.5,-8.5,-117.53786788804968,35.663611193221925,,,,,,10,1,2.0,no onset,True,6.009795286052148,13.449736254662815
1533,27,21,0.0,1.0,-8.0,-7.0,0.5,-7.5,-117.53786726695829,35.67262402979082,,,,,,3,1,2.0,no onset,True,5.301535543986927,12.526060989590139
1534,27,22,0.0,1.0,-7.0,-6.0,0.5,-6.5,-117.53786664563653,35.68163685284044,,,,,,4,1,2.0,no onset,True,4.700523254708874,11.615033470028074
1535,27,23,0.0,1.0,-6.0,-5.0,0.5,-5.5,-117.53786602408428,35.690649662369374,,,,,,3,1,2.0,no onset,True,4.252476762071846,10.719878782188394
1536,27,24,0.0,1.0,-5.0,-4.0,0.5,-4.5,-117.53786540230146,35.69966245837619,,,,,,3,1,2.0,no onset,True,4.009014636523943,9.84492761272288
1537,27,25,0.0,1.0,-4.0,-3.0,0.5,-3.5,-117.53786478028796,35.70867524085953,,,,,,4,1,2.0,no onset,True,4.007597547130369,8.99607682796751
1538,27,26,0.0,1.0,-3.0,-2.0,0.5,-2.5,-117.5378641580436,35.717688009817934,14.0,420.0,7.0,3.0,5.0,34,3,6.0,robust onset,True,4.248467705381259,8.181454448301627
1539,27,27,0.0,1.0,-2.0,-1.0,0.5,-1.5,-117.53786353556836,35.72670076525004,1.0,30.0,0.5,3.0,4.0,67,4,8.0,robust onset,True,4.6944773497770385,7.412354247104965
1540,27,28,0.0,1.0,-1.0,0.0,0.5,-0.5,-117.53786291286208,35.735713507154415,3.0,90.0,1.5,5.0,8.0,85,4,8.0,robust onset,True,5.294030348559762,6.704460759786391
1541,27,29,0.0,1.0,0.0,1.0,0.5,0.5,-117.53786228992467,35.74472623552969,0.0,0.0,0.0,5.0,5.0,53,4,8.0,robust onset,True,6.0012829524505795,6.079193423017237
1542,27,30,0.0,1.0,1.0,2.0,0.5,1.5,-117.53786166675602,35.75373895037444,,,,,,2,1,2.0,no onset,True,6.782627574861832,5.56447583060584
1543,27,31,0.0,1.0,2.0,3.0,0.5,2.5,-117.53786104335605,35.76275165168731,,,,,,2,1,2.0,no onset,True,7.615292283502862,5.193283148869997
1544,27,32,0.0,1.0,3.0,4.0,0.5,3.5,-117.53786041972457,35.77176433946684,,,,,,0,0,0.0,no events,False,8.484180355643106,4.997698316152906
1545,27,33,0.0,1.0,4.0,5.0,0.5,4.5,-117.53785979586156,35.780777013711685,,,,,,3,1,2.0,no onset,True,9.379230035081907,4.998378442476931
1546,27,34,0.0,1.0,5.0,6.0,0.5,5.5,-117.53785917176684,35.78978967442044,,,,,,1,1,2.0,no onset,True,10.293619178640945,5.19524644739387
1547,27,35,0.0,1.0,6.0,7.0,0.5,6.5,-117.53785854744038,35.798802321591694,,,,,,0,0,0.0,no events,False,11.222621598307002,5.567529456060305
1548,27,36,0.0,1.0,7.0,8.0,0.5,7.5,-117.537857922882,35.80781495522407,,,,,,0,0,0.0,no events,False,12.162889265412597,6.083106347832468
1549,27,37,0.0,1.0,8.0,9.0,0.5,8.5,-117.53785729809162,35.8168275753162,,,,,,0,0,0.0,no events,False,13.111998895156724,6.709022390332304
1550,27,38,0.0,1.0,9.0,10.0,0.5,9.5,-117.53785667306911,35.82584018186665,,,,,,1,1,2.0,no onset,True,14.068161030159317,7.417397119537331
1551,27,39,0.0,1.0,10.0,11.0,0.5,10.5,-117.53785604781442,35.83485277487408,,,,,,0,0,0.0,no events,False,15.030029757601794,8.186854012614443
1552,27,40,0.0,1.0,11.0,12.0,0.5,11.5,-117.53785542232735,35.84386535433707,,,,,,0,0,0.0,no events,False,15.996575704140483,9.001743010039874
1553,27,41,0.0,1.0,12.0,13.0,0.5,12.5,-117.53785479660786,35.85287792025427,,,,,,0,0,0.0,no events,False,16.96699955803028,9.85079569444734
1554,27,42,0.0,1.0,13.0,14.0,0.5,13.5,-117.53785417065582,35.86189047262427,,,,,,0,0,0.0,no events,False,17.94067205391431,10.72590203240188
1555,27,43,0.0,1.0,14.0,15.0,0.5,14.5,-117.53785354447112,35.87090301144569,,,,,,0,0,0.0,no events,False,18.9170915705878,11.621177780398307
1556,27,44,0.0,1.0,15.0,16.0,0.5,15.5,-117.53785291805364,35.87991553671716,,,,,,0,0,0.0,no events,False,19.895853669393183,12.53230112942407
1557,27,45,0.0,1.0,16.0,17.0,0.5,16.5,-117.53785229140333,35.88892804843729,,,,,,0,0,0.0,no events,False,20.876628870050077,13.456053291864757
1558,27,46,0.0,1.0,17.0,18.0,0.5,17.5,-117.53785166451996,35.89794054660471,,,,,,0,0,0.0,no events,False,21.85914620294467,14.390002390147295
1559,27,47,0.0,1.0,18.0,19.0,0.5,18.5,-117.53785103740351,35.906953031218066,,,,,,0,0,0.0,no events,False,22.843180874510725,15.332285132470808
1560,27,48,0.0,1.0,19.0,20.0,0.5,19.5,-117.53785041005386,35.91596550227595,,,,,,0,0,0.0,no events,False,23.82854490331952,16.28145466407489
1561,27,49,0.0,1.0,20.0,21.0,0.5,20.5,-117.53784978247089,35.924977959777,,,,,,0,0,0.0,no events,False,24.81507993042571,17.236373301053398
1562,27,50,0.0,1.0,21.0,22.0,0.5,21.5,-117.53784915465448,35.933990403719854,,,,,,0,0,0.0,no events,False,25.80265164081628,18.19613594058384
1563,27,51,0.0,1.0,22.0,23.0,0.5,22.5,-117.53784852660452,35.943002834103126,,,,,,0,0,0.0,no events,False,26.791145392484083,19.160014659784252
1564,27,52,0.0,1.0,23.0,24.0,0.5,23.5,-117.53784789832092,35.95201525092545,,,,,,0,0,0.0,no events,False,27.780462760456732,20.12741812449098
1565,27,53,0.0,1.0,24.0,25.0,0.5,24.5,-117.53784726980358,35.961027654185465,,,,,,0,0,0.0,no events,False,28.770518781020016,21.0978614781932
1566,27,54,0.0,1.0,25.0,26.0,0.5,25.5,-117.53784664105234,35.970040043881816,,,,,,0,0,0.0,no events,False,29.761239736827626,22.070943739404733
1567,27,55,0.0,1.0,26.0,27.0,0.5,26.5,-117.53784601206712,35.97905242001311,,,,,,0,0,0.0,no events,False,30.752561363516207,23.046330643790338
1568,28,0,1.0,2.0,-29.0,-28.0,1.5,-28.5,-117.52686078513338,35.48335061454546,,,,,,0,0,0.0,no events,False,24.685843216780164,33.04096491445342
1569,28,1,1.0,2.0,-28.0,-27.0,1.5,-27.5,-117.52685893561386,35.49236372101692,,,,,,0,0,0.0,no events,False,23.69344835745429,32.05795004477177
1570,28,2,1.0,2.0,-27.0,-26.0,1.5,-26.5,-117.52685708540966,35.501376813997496,,,,,,0,0,0.0,no events,False,22.701720965848722,31.076019044723584
1571,28,3,1.0,2.0,-26.0,-25.0,1.5,-25.5,-117.52685523452044,35.510389893485744,,,,,,0,0,0.0,no events,False,21.710752510107927,30.09527800607536
1572,28,4,1.0,2.0,-25.0,-24.0,1.5,-24.5,-117.52685338294592,35.51940295948022,,,,,,0,0,0.0,no events,False,20.720651879201576,29.115847177403303
1573,28,5,1.0,2.0,-24.0,-23.0,1.5,-23.5,-117.5268515306858,35.5284160119795,,,,,,0,0,0.0,no events,False,19.731549712147853,28.13786337753534
1574,28,6,1.0,2.0,-23.0,-22.0,1.5,-22.5,-117.52684967773968,35.53742905098215,,,,,,0,0,0.0,no events,False,18.743604076774137,27.16148291326865
1575,28,7,1.0,2.0,-22.0,-21.0,1.5,-21.5,-117.5268478241073,35.54644207648677,,,,,,0,0,0.0,no events,False,17.757008011789775,26.186885126771482
1576,28,8,1.0,2.0,-21.0,-20.0,1.5,-20.5,-117.52684596978833,35.555455088491875,,,,,,0,0,0.0,no events,False,16.7719996802608,25.214276734375428
1577,28,9,1.0,2.0,-20.0,-19.0,1.5,-19.5,-117.52684411478243,35.564468086996065,,,,,,0,0,0.0,no events,False,15.788876243057025,24.243897166763567
1578,28,10,1.0,2.0,-19.0,-18.0,1.5,-18.5,-117.5268422590893,35.57348107199792,,,,,,1,1,2.0,no onset,True,14.80801312676595,23.276025185317767
1579,28,11,1.0,2.0,-18.0,-17.0,1.5,-17.5,-117.5268404027086,35.58249404349602,,,,,,0,0,0.0,no events,False,13.829891268783527,22.31098713689037
1580,28,12,1.0,2.0,-17.0,-16.0,1.5,-16.5,-117.52683854564002,35.59150700148892,,,,,,0,0,0.0,no events,False,12.855136415078487,21.34916732843293
1581,28,13,1.0,2.0,-16.0,-15.0,1.5,-15.5,-117.52683668788322,35.60051994597522,,,,,,0,0,0.0,no events,False,11.884577064169305,20.391021166493072
1582,28,14,1.0,2.0,-15.0,-14.0,1.5,-14.5,-117.52683482943792,35.60953287695349,,,,,,1,1,2.0,no onset,True,10.919332018859087,19.437091932882065
1583,28,15,1.0,2.0,-14.0,-13.0,1.5,-13.5,-117.52683297030372,35.61854579442232,,,,,,2,1,2.0,no onset,True,9.960946314581934,18.48803238319994
1584,28,16,1.0,2.0,-13.0,-12.0,1.5,-12.5,-117.5268311104804,35.62755869838027,,,,,,0,0,0.0,no events,False,9.011608692452505,17.54463279744521
1585,28,17,1.0,2.0,-12.0,-11.0,1.5,-11.5,-117.52682924996752,35.63657158882595,,,,,,2,1,2.0,no onset,True,8.074511190764907,16.60785773638884
1586,28,18,1.0,2.0,-11.0,-10.0,1.5,-10.5,-117.52682738876486,35.645584465757935,2.0,60.0,1.0,2.0,3.0,12,2,4.0,weak onset,True,7.154465089277455,15.67889464174918
1587,28,19,1.0,2.0,-10.0,-9.0,1.5,-9.5,-117.52682552687205,35.65459732917479,0.0,0.0,0.0,6.0,9.0,60,4,8.0,robust onset,True,6.258994364719624,14.759218671122524
1588,28,20,1.0,2.0,-9.0,-8.0,1.5,-8.5,-117.52682366428876,35.66361017907516,9.0,270.0,4.5,2.0,3.0,26,2,4.0,weak onset,True,5.400337971043493,13.850679924716772
1589,28,21,1.0,2.0,-8.0,-7.0,1.5,-7.5,-117.52682180101468,35.67262301545756,25.0,750.0,12.5,3.0,5.0,23,3,6.0,robust onset,True,4.599161874232772,12.955621674465982
1590,28,22,1.0,2.0,-7.0,-6.0,1.5,-6.5,-117.52681993704948,35.68163583832064,,,,,,3,1,2.0,no onset,True,3.891134755993224,12.077041507208346
1591,28,23,1.0,2.0,-6.0,-5.0,1.5,-5.5,-117.52681807239284,35.690648647662954,,,,,,4,1,2.0,no onset,True,3.336100932705813,11.218811441582115
1592,28,24,1.0,2.0,-5.0,-4.0,1.5,-4.5,-117.52681620704442,35.69966144348312,,,,,,9,2,4.0,no onset,True,3.0196372591923595,10.385977506075886
1593,28,25,1.0,2.0,-4.0,-3.0,1.5,-3.5,-117.5268143410039,35.7086742257797,,,,,,4,1,2.0,no onset,True,3.0177556098870717,9.585161832314299
1594,28,26,1.0,2.0,-3.0,-2.0,1.5,-2.5,-117.52681247427098,35.71768699455134,13.0,390.0,6.5,4.0,4.0,47,4,8.0,robust onset,True,3.3309891421178546,8.825085039057432
1595,28,27,1.0,2.0,-2.0,-1.0,1.5,-1.5,-117.5268106068453,35.7266997497966,1.0,30.0,0.5,5.0,6.0,44,4,8.0,robust onset,True,3.8838290910915725,8.11719930404175
1596,28,28,1.0,2.0,-1.0,0.0,1.5,-0.5,-117.52680873872656,35.73571249151409,1.0,30.0,0.5,3.0,4.0,37,3,6.0,robust onset,True,4.590508485201975,7.476344236087339
1597,28,29,1.0,2.0,0.0,1.0,1.5,0.5,-117.52680686991444,35.74472521970241,6.0,180.0,3.0,3.0,3.0,21,2,4.0,robust onset,True,5.39086337209667,6.921164766960609
1598,28,30,1.0,2.0,1.0,2.0,1.5,1.5,-117.52680500040856,35.75373793436015,,,,,,0,0,0.0,no events,False,6.24900373183723,6.473740829409022
1599,28,31,1.0,2.0,2.0,3.0,1.5,2.5,-117.52680313020868,35.762750635485915,,,,,,0,0,0.0,no events,False,7.144136573751777,6.157606590331826
1600,28,32,1.0,2.0,3.0,4.0,1.5,3.5,-117.52680125931438,35.771763323078325,,,,,,1,1,2.0,no onset,True,8.063952326763838,5.993573017511212
1601,28,33,1.0,2.0,4.0,5.0,1.5,4.5,-117.5267993877254,35.78077599713599,,,,,,0,0,0.0,no events,False,9.000887004746925,5.994140147775907
1602,28,34,1.0,2.0,5.0,6.0,1.5,5.5,-117.52679751544136,35.78978865765749,,,,,,0,0,0.0,no events,False,9.950105859543617,6.159262513168235
1603,28,35,1.0,2.0,6.0,7.0,1.5,6.5,-117.526795642462,35.79880130464145,,,,,,0,0,0.0,no events,False,10.908402557662894,6.47636574793765
1604,28,36,1.0,2.0,7.0,8.0,1.5,7.5,-117.52679376878696,35.807813938086454,,,,,,0,0,0.0,no events,False,11.873579329921055,6.92460193050839
1605,28,37,1.0,2.0,8.0,9.0,1.5,8.5,-117.5267918944159,35.81682655799116,,,,,,0,0,0.0,no events,False,12.844085247608358,7.480435180585488
1606,28,38,1.0,2.0,9.0,10.0,1.5,9.5,-117.52679001934852,35.82583916435415,,,,,,0,0,0.0,no events,False,13.818797545073624,8.121804546151154
1607,28,39,1.0,2.0,10.0,11.0,1.5,10.5,-117.52678814358444,35.83485175717402,,,,,,0,0,0.0,no events,False,14.796884987578803,8.830091034684868
1608,28,40,1.0,2.0,11.0,12.0,1.5,11.5,-117.52678626712334,35.84386433644942,,,,,,0,0,0.0,no events,False,15.777719894824383,9.590479981510967
1609,28,41,1.0,2.0,12.0,13.0,1.5,12.5,-117.52678438996496,35.85287690217894,,,,,,0,0,0.0,no events,False,16.76081993291018,10.391540062507728
1610,28,42,1.0,2.0,13.0,14.0,1.5,13.5,-117.52678251210892,35.86188945436122,,,,,,0,0,0.0,no events,False,17.745808647884758,11.22456696116352
1611,28,43,1.0,2.0,14.0,15.0,1.5,14.5,-117.52678063355488,35.87090199299488,,,,,,0,0,0.0,no events,False,18.73238811020217,12.082950883810799
1612,28,44,1.0,2.0,15.0,16.0,1.5,15.5,-117.52677875430254,35.87991451807851,,,,,,0,0,0.0,no events,False,19.720319572845305,12.961655012209077
1613,28,45,1.0,2.0,16.0,17.0,1.5,16.5,-117.52677687435155,35.88892702961075,,,,,,0,0,0.0,no events,False,20.709409547330118,13.856814181133599
1614,28,46,1.0,2.0,17.0,18.0,1.5,17.5,-117.52677499370162,35.897939527590225,,,,,,0,0,0.0,no events,False,21.699499615036057,14.765435917893035
1615,28,47,1.0,2.0,18.0,19.0,1.5,18.5,-117.52677311235236,35.90695201201555,,,,,,0,0,0.0,no events,False,22.690458860209333,15.685180790808445
1616,28,48,1.0,2.0,19.0,20.0,1.5,19.5,-117.52677123030348,35.915964482885364,,,,,,0,0,0.0,no events,False,23.682178173275243,16.6142016069171
1617,28,49,1.0,2.0,20.0,21.0,1.5,20.5,-117.52676934755463,35.92497694019829,,,,,,0,0,0.0,no events,False,24.67456590853538,17.551025429593203
1618,28,50,1.0,2.0,21.0,22.0,1.5,21.5,-117.5267674641055,35.933989383952955,,,,,,0,0,0.0,no events,False,25.66754453621457,18.49446652988855
1619,28,51,1.0,2.0,22.0,23.0,1.5,22.5,-117.52676557995576,35.943001814147976,,,,,,0,0,0.0,no events,False,26.661048033835065,19.443561680415147
1620,28,52,1.0,2.0,23.0,24.0,1.5,23.5,-117.52676369510505,35.952014230782005,,,,,,0,0,0.0,no events,False,27.655019833772727,20.397521648843735
1621,28,53,1.0,2.0,24.0,25.0,1.5,24.5,-117.52676180955302,35.961026633853656,,,,,,0,0,0.0,no events,False,28.64941119377962,21.35569451012983
1622,28,54,1.0,2.0,25.0,26.0,1.5,25.5,-117.52675992329942,35.970039023361565,,,,,,0,0,0.0,no events,False,29.64417989242015,22.317537646544476
1623,28,55,1.0,2.0,26.0,27.0,1.5,26.5,-117.52675803634386,35.97905139930438,,,,,,0,0,0.0,no events,False,30.639289176449072,23.282596186848888
1624,29,0,2.0,3.0,-29.0,-28.0,2.5,-28.5,-117.51584130901632,35.483348593687246,,,,,,0,0,0.0,no events,False,24.585297764002995,33.23629479251715
1625,29,1,2.0,3.0,-28.0,-27.0,2.5,-27.5,-117.51583822648402,35.49236169978805,,,,,,0,0,0.0,no events,False,23.588673254097884,32.259232633930445
1626,29,2,2.0,3.0,-27.0,-26.0,2.5,-26.5,-117.5158351428106,35.50137479239784,,,,,,0,0,0.0,no events,False,22.592347058959923,31.28362013458455
1627,29,3,2.0,3.0,-26.0,-25.0,2.5,-25.5,-117.51583205799552,35.510387871515185,,,,,,0,0,0.0,no events,False,21.596360465976602,30.309597280728166
1628,29,4,2.0,3.0,-25.0,-24.0,2.5,-24.5,-117.51582897203824,35.51940093713866,,,,,,0,0,0.0,no events,False,20.60076273151796,29.337322405340007
1629,29,5,2.0,3.0,-24.0,-23.0,2.5,-23.5,-117.51582588493824,35.52841398926681,,,,,,1,1,2.0,no onset,True,19.60561309585093,28.366975244283715
1630,29,6,2.0,3.0,-23.0,-22.0,2.5,-22.5,-117.51582279669502,35.53742702789822,,,,,,0,0,0.0,no events,False,18.610983440111475,27.39876061256687
1631,29,7,2.0,3.0,-22.0,-21.0,2.5,-21.5,-117.51581970730795,35.54644005303146,,,,,,0,0,0.0,no events,False,17.616961836593894,26.432912849318864
1632,29,8,2.0,3.0,-21.0,-20.0,2.5,-20.5,-117.5158166167766,35.555453064665095,,,,,,0,0,0.0,no events,False,16.623657362202454,25.46970122114955
1633,29,9,2.0,3.0,-20.0,-19.0,2.5,-19.5,-117.51581352510036,35.5644660627977,,,,,,1,1,2.0,no onset,True,15.63120673012196,24.509436527377925
1634,29,10,2.0,3.0,-19.0,-18.0,2.5,-18.5,-117.51581043227873,35.57347904742787,,,,,,0,0,0.0,no events,False,14.63978359074041,23.55247922161291
1635,29,11,2.0,3.0,-18.0,-17.0,2.5,-17.5,-117.51580733831116,35.58249201855413,,,,,,0,0,0.0,no events,False,13.64961183798332,22.599249458321584
1636,29,12,2.0,3.0,-17.0,-16.0,2.5,-16.5,-117.51580424319712,35.591504976175095,,,,,,0,0,0.0,no events,False,12.660985075084659,21.650239598544605
1637,29,13,2.0,3.0,-16.0,-15.0,2.5,-15.5,-117.51580114693606,35.600517920289334,,,,,,1,1,2.0,no onset,True,11.674295816682848,20.70602987705102
1638,29,14,2.0,3.0,-15.0,-14.0,2.5,-14.5,-117.51579804952743,35.609530850895446,,,,,,0,0,0.0,no events,False,10.690080568420465,19.767308159288405
1639,29,15,2.0,3.0,-14.0,-13.0,2.5,-13.5,-117.51579495097074,35.618543767991994,,,,,,0,0,0.0,no events,False,9.709091734205778,18.834895021189006
1640,29,16,2.0,3.0,-13.0,-12.0,2.5,-12.5,-117.51579185126542,35.627556671577544,,,,,,0,0,0.0,no events,False,8.732416735768233,17.909775795753305
1641,29,17,2.0,3.0,-12.0,-11.0,2.5,-11.5,-117.51578875041096,35.63656956165071,,,,,,0,0,0.0,no events,False,7.761684210983287,16.99314178276317
1642,29,18,2.0,3.0,-11.0,-10.0,2.5,-10.5,-117.51578564840676,35.645582438210056,,,,,,3,1,2.0,no onset,True,6.799439795669155,16.086443554870417
1643,29,19,2.0,3.0,-10.0,-9.0,2.5,-9.5,-117.51578254525228,35.65459530125417,15.0,450.0,7.5,4.0,6.0,65,5,10.0,robust onset,True,5.849873612210057,15.19146026025716
1644,29,20,2.0,3.0,-9.0,-8.0,2.5,-8.5,-117.51577944094709,35.66360815078166,0.0,0.0,0.0,6.0,9.0,131,9,18.0,robust onset,True,4.920331393588616,14.310390051774029
1645,29,21,2.0,3.0,-8.0,-7.0,2.5,-7.5,-117.51577633549054,35.67262098679109,2.0,60.0,1.0,5.0,6.0,68,4,8.0,robust onset,True,4.024711265002229,13.44596824437919
1646,29,22,2.0,3.0,-7.0,-6.0,2.5,-6.5,-117.51577322888213,35.68163380928106,7.0,210.0,3.5,3.0,3.0,18,3,6.0,robust onset,True,3.1916986873039863,12.60162134900879
1647,29,23,2.0,3.0,-6.0,-5.0,2.5,-5.5,-117.5157701211213,35.69064661825017,,,,,,13,1,2.0,no onset,True,2.485071478738617,11.781666232699626
1648,29,24,2.0,3.0,-5.0,-4.0,2.5,-4.5,-117.51576701220756,35.699659413697006,11.0,330.0,5.5,3.0,4.0,17,3,6.0,robust onset,True,2.0406420554184126,10.991563028690466
1649,29,25,2.0,3.0,-4.0,-3.0,2.5,-3.5,-117.51576390214028,35.70867219562016,,,,,,9,1,2.0,no onset,True,2.0378566539981247,10.238225256782334
1650,29,26,2.0,3.0,-3.0,-2.0,2.5,-2.5,-117.51576079091902,35.717684964018225,0.0,0.0,0.0,3.0,3.0,63,4,8.0,robust onset,True,2.4782048918817385,9.530375386287583
1651,29,27,2.0,3.0,-2.0,-1.0,2.5,-1.5,-117.51575767854315,35.7266977188898,12.0,360.0,6.0,3.0,3.0,27,2,4.0,robust onset,True,3.1827879649842727,8.878899346118116
1652,29,28,2.0,3.0,-1.0,0.0,2.5,-0.5,-117.51575456501216,35.73571046023349,,,,,,7,2,4.0,no onset,True,4.014819917997677,8.297086970343098
1653,29,29,2.0,3.0,0.0,1.0,2.5,0.5,-117.51575145032554,35.7447231880479,,,,,,3,1,2.0,no onset,True,4.909930622509143,7.800541698393628
1654,29,30,2.0,3.0,1.0,2.0,2.5,1.5,-117.5157483344827,35.75373590233162,,,,,,1,1,2.0,no onset,True,5.839183030335252,7.406432972984922
1655,29,31,2.0,3.0,2.0,3.0,2.5,2.5,-117.51574521748311,35.76274860308324,,,,,,0,0,0.0,no events,False,6.788571146099694,7.1317633147952115
1656,29,32,2.0,3.0,3.0,4.0,2.5,3.5,-117.51574209932625,35.7717612903014,,,,,,0,0,0.0,no events,False,7.750699191012348,6.990625621015568
1657,29,33,2.0,3.0,4.0,5.0,2.5,4.5,-117.51573898001152,35.78077396398467,,,,,,1,1,2.0,no onset,True,8.721351827180326,6.991111869233665
1658,29,34,2.0,3.0,5.0,6.0,2.5,5.5,-117.51573585953844,35.78978662413167,,,,,,1,1,2.0,no onset,True,9.69796975853007,7.13319309727981
1659,29,35,2.0,3.0,6.0,7.0,2.5,6.5,-117.5157327379064,35.79879927074101,19.0,570.0,9.5,3.0,3.0,3,2,4.0,weak onset,True,10.678916479740158,7.408727445251368
1660,29,36,2.0,3.0,7.0,8.0,2.5,7.5,-117.51572961511492,35.8078119038113,,,,,,0,0,0.0,no events,False,11.663099799160086,7.803591541909493
1661,29,37,2.0,3.0,8.0,9.0,2.5,8.5,-117.5157264911634,35.81682452334114,,,,,,0,0,0.0,no events,False,12.649764293024207,8.300773430705231
1662,29,38,2.0,3.0,9.0,10.0,2.5,9.5,-117.51572336605132,35.825837129329166,,,,,,0,0,0.0,no events,False,13.638371472172635,8.88310971129156
1663,29,39,2.0,3.0,10.0,11.0,2.5,10.5,-117.51572023977812,35.83484972177396,,,,,,1,1,2.0,no onset,True,14.628527477394112,9.535011103180894
1664,29,40,2.0,3.0,11.0,12.0,2.5,11.5,-117.51571711234328,35.84386230067416,,,,,,0,0,0.0,no events,False,15.619937768786937,10.243204348870691
1665,29,41,2.0,3.0,12.0,13.0,2.5,12.5,-117.51571398374624,35.85287486602837,,,,,,0,0,0.0,no events,False,16.612377784190883,10.99681926411742
1666,29,42,2.0,3.0,13.0,14.0,2.5,13.5,-117.51571085398642,35.861887417835206,,,,,,0,0,0.0,no events,False,17.60567338639965,11.787146920379184
1667,29,43,2.0,3.0,14.0,15.0,2.5,14.5,-117.5157077230633,35.870899956093304,,,,,,0,0,0.0,no events,False,18.59968750093622,12.607284843198595
1668,29,44,2.0,3.0,15.0,16.0,2.5,15.5,-117.51570459097633,35.87991248080126,,,,,,0,0,0.0,no events,False,19.594310778294428,13.451781655694742
1669,29,45,2.0,3.0,16.0,17.0,2.5,16.5,-117.51570145772496,35.88892499195772,,,,,,0,0,0.0,no events,False,20.589454937425792,14.316327333063674
1670,29,46,2.0,3.0,17.0,18.0,2.5,17.5,-117.51569832330864,35.8979374895613,,,,,,0,0,0.0,no events,False,21.585047935183965,15.197500679465904
1671,29,47,2.0,3.0,18.0,19.0,2.5,18.5,-117.51569518772682,35.9069499736106,,,,,,0,0,0.0,no events,False,22.58103040403807,16.09257050620898
1672,29,48,2.0,3.0,19.0,20.0,2.5,19.5,-117.51569205097896,35.91596244410428,,,,,,0,0,0.0,no events,False,23.57735298654185,16.999341872326927
1673,29,49,2.0,3.0,20.0,21.0,2.5,20.5,-117.51568891306448,35.92497490104094,,,,,,0,0,0.0,no events,False,24.573974314219015,17.916038141486197
1674,29,50,2.0,3.0,21.0,22.0,2.5,21.5,-117.51568577398284,35.933987344419215,,,,,,0,0,0.0,no events,False,25.57085945641636,18.841210716992915
1675,29,51,2.0,3.0,22.0,23.0,2.5,22.5,-117.5156826337335,35.94299977423775,,,,,,0,0,0.0,no events,False,26.567978716562166,19.773669863661354
1676,29,52,2.0,3.0,23.0,24.0,2.5,23.5,-117.5156794923159,35.95201219049516,,,,,,0,0,0.0,no events,False,27.565306688437232,20.712431495891778
1677,29,53,2.0,3.0,24.0,25.0,2.5,24.5,-117.51567634972952,35.96102459319008,,,,,,0,0,0.0,no events,False,28.562821509289037,21.656676039202097
1678,29,54,2.0,3.0,25.0,26.0,2.5,25.5,-117.51567320597374,35.97003698232115,,,,,,0,0,0.0,no events,False,29.56050426355083,22.60571643770422
1679,29,55,2.0,3.0,26.0,27.0,2.5,26.5,-117.5156700610481,35.979049357887,,,,,,0,0,0.0,no events,False,30.55833850292435,23.558973115499565
1680,30,0,3.0,4.0,-29.0,-28.0,3.5,-28.5,-117.50482183359026,35.48334556240008,,,,,,0,0,0.0,no events,False,24.525147847993296,33.4603828518453
1681,30,1,3.0,4.0,-28.0,-27.0,3.5,-27.5,-117.50481751804556,35.492358667944885,,,,,,0,0,0.0,no events,False,23.525975361498457,32.49006031368677
1682,30,2,3.0,4.0,-27.0,-26.0,3.5,-26.5,-117.50481320090331,35.501371759998506,,,,,,0,0,0.0,no events,False,22.526876313722116,31.52159288141931
1683,30,3,3.0,4.0,-26.0,-25.0,3.5,-25.5,-117.50480888216272,35.5103848385595,,,,,,0,0,0.0,no events,False,21.527860929447606,30.555156952254148
1684,30,4,3.0,4.0,-25.0,-24.0,3.5,-24.5,-117.50480456182312,35.51939790362646,,,,,,0,0,0.0,no events,False,20.528941422819123,29.590951572597756
1685,30,5,3.0,4.0,-24.0,-23.0,3.5,-23.5,-117.50480023988366,35.52841095519793,,,,,,0,0,0.0,no events,False,19.53013250557817,28.629202111947972
1686,30,6,3.0,4.0,-23.0,-22.0,3.5,-22.5,-117.50479591634364,35.53742399327247,,,,,,0,0,0.0,no events,False,18.53145205938658,27.670164657293
1687,30,7,3.0,4.0,-22.0,-21.0,3.5,-21.5,-117.50479159120232,35.54643701784867,,,,,,0,0,0.0,no events,False,17.53292203750548,26.714131293318285
1688,30,8,3.0,4.0,-21.0,-20.0,3.5,-20.5,-117.50478726445895,35.555450028925094,,,,,,0,0,0.0,no events,False,16.53456969253048,25.761436476865722
1689,30,9,3.0,4.0,-20.0,-19.0,3.5,-19.5,-117.50478293611276,35.564463026500306,,,,,,1,1,2.0,no onset,True,15.536429276415145,24.81246476967833
1690,30,10,3.0,4.0,-19.0,-18.0,3.5,-18.5,-117.504778606163,35.57347601057292,,,,,,2,1,2.0,no onset,True,14.538544439005982,23.867660265335367
1691,30,11,3.0,4.0,-18.0,-17.0,3.5,-17.5,-117.50477427460896,35.58248898114146,,,,,,0,0,0.0,no events,False,13.540971684072524,22.927538139460356
1692,30,12,3.0,4.0,-17.0,-16.0,3.5,-16.5,-117.50476994144984,35.59150193820453,,,,,,0,0,0.0,no events,False,12.543785469018356,21.99269887329315
1693,30,13,3.0,4.0,-16.0,-15.0,3.5,-15.5,-117.50476560668488,35.60051488176069,,,,,,0,0,0.0,no events,False,11.547085937008445,21.063845857921823
1694,30,14,3.0,4.0,-15.0,-14.0,3.5,-14.5,-117.50476127031337,35.60952781180853,,,,,,0,0,0.0,no events,False,10.551011012247136,20.141807290340925
1695,30,15,3.0,4.0,-14.0,-13.0,3.5,-13.5,-117.50475693233454,35.61854072834665,,,,,,1,1,2.0,no onset,True,9.555756020559675,19.227563535616554
1696,30,16,3.0,4.0,-13.0,-12.0,3.5,-12.5,-117.50475259274764,35.627553631373615,,,,,,0,0,0.0,no events,False,8.561606909241082,18.322281465775813
1697,30,17,3.0,4.0,-12.0,-11.0,3.5,-11.5,-117.50474825155187,35.636566520888,,,,,,0,0,0.0,no events,False,7.5689994459153445,17.427357708673235
1698,30,18,3.0,4.0,-11.0,-10.0,3.5,-10.5,-117.50474390874658,35.645579396888394,,,,,,1,1,2.0,no onset,True,6.578631495696421,16.54447325547093
1699,30,19,3.0,4.0,-10.0,-9.0,3.5,-9.5,-117.5047395643309,35.65459225937341,,,,,,4,1,2.0,no onset,True,5.591693133575115,15.675662470719807
1700,30,20,3.0,4.0,-9.0,-8.0,3.5,-8.5,-117.50473521830412,35.663605108341585,30.0,900.0,15.0,4.0,4.0,27,2,4.0,robust onset,True,4.610387385456154,14.823400166320612
1701,30,21,3.0,4.0,-8.0,-7.0,3.5,-7.5,-117.50473087066553,35.67261794379155,0.0,0.0,0.0,5.0,6.0,79,4,8.0,robust onset,True,3.6392734972622462,13.990710885648893
1702,30,22,3.0,4.0,-7.0,-6.0,3.5,-6.5,-117.50472652141428,35.68163076572188,4.0,120.0,2.0,5.0,5.0,57,3,6.0,robust onset,True,2.6894146820037865,13.181304551551602
1703,30,23,3.0,4.0,-6.0,-5.0,3.5,-5.5,-117.5047221705497,35.690643574131165,6.0,180.0,3.0,3.0,5.0,66,9,18.0,robust onset,True,1.7948791256459793,12.399741460034377
1704,30,24,3.0,4.0,-5.0,-4.0,3.5,-4.5,-117.50471781807096,35.699656369018,2.0,60.0,1.0,4.0,5.0,34,3,6.0,robust onset,True,1.1001049129886762,11.651625932488393
1705,30,25,3.0,4.0,-4.0,-3.0,3.5,-3.5,-117.50471346397735,35.708669150380985,0.0,0.0,0.0,3.0,4.0,34,3,6.0,robust onset,True,1.0949294787720216,10.943819509914102
1706,30,26,3.0,4.0,-3.0,-2.0,3.5,-2.5,-117.5047091082681,35.71768191821871,,,,,,16,2,4.0,no onset,True,1.785359993778879,10.284647979416556
1707,30,27,3.0,4.0,-2.0,-1.0,3.5,-1.5,-117.50470475094244,35.72669467252977,,,,,,7,1,2.0,no onset,True,2.6788337110183353,9.684047844546079
1708,30,28,3.0,4.0,-1.0,0.0,3.5,-0.5,-117.50470039199963,35.73570741331277,,,,,,2,1,2.0,no onset,True,3.6283315442762967,9.153555661621231
1709,30,29,3.0,4.0,0.0,1.0,3.5,0.5,-117.50469603143893,35.7447201405663,,,,,,2,1,2.0,no onset,True,4.599285764017339,8.705996774944188
1710,30,30,3.0,4.0,1.0,2.0,3.5,1.5,-117.50469166925946,35.75373285428898,,,,,,0,0,0.0,no events,False,5.58050797714641,8.354709955484937
1711,30,31,3.0,4.0,2.0,3.0,3.5,2.5,-117.5046873054606,35.76274555447938,,,,,,1,1,2.0,no onset,True,6.567397431775913,8.112211599509694
1712,30,32,3.0,4.0,3.0,4.0,3.5,3.5,-117.50468294004152,35.77175824113614,,,,,,0,0,0.0,no events,False,7.557734367573327,7.988415088749467
1713,30,33,3.0,4.0,4.0,5.0,3.5,4.5,-117.50467857300148,35.78077091425784,,,,,,0,0,0.0,no events,False,8.550320959747719,7.98884060581388
1714,30,34,3.0,4.0,5.0,6.0,3.5,5.5,-117.5046742043397,35.78978357384311,,,,,,0,0,0.0,no events,False,9.544455367311604,8.113468605968793
1715,30,35,3.0,4.0,6.0,7.0,3.5,6.5,-117.5046698340554,35.79879621989052,,,,,,1,1,2.0,no onset,True,10.539699616331836,8.356744067816228
1716,30,36,3.0,4.0,7.0,8.0,3.5,7.5,-117.50466546214788,35.80780885239871,,,,,,0,0,0.0,no events,False,11.535766456824947,8.70872952903707
1717,30,37,3.0,4.0,8.0,9.0,3.5,8.5,-117.50466108861632,35.81682147136628,,,,,,1,1,2.0,no onset,True,12.532459754186716,9.156897324141118
1718,30,38,3.0,4.0,9.0,10.0,3.5,9.5,-117.50465671345997,35.82583407679186,,,,,,0,0,0.0,no events,False,13.529641060804677,9.687908298482354
1719,30,39,3.0,4.0,10.0,11.0,3.5,10.5,-117.50465233667803,35.834846668674025,,,,,,0,0,0.0,no events,False,14.527209882772192,10.288943861968718
1720,30,40,3.0,4.0,11.0,12.0,3.5,11.5,-117.50464795826976,35.84385924701143,,,,,,0,0,0.0,no events,False,15.525091520568122,10.948477720198563
1721,30,41,3.0,4.0,12.0,13.0,3.5,12.5,-117.50464357823446,35.85287181180266,,,,,,0,0,0.0,no events,False,16.523229298957222,11.656584533413929
1722,30,42,3.0,4.0,13.0,14.0,3.5,13.5,-117.50463919657128,35.86188436304636,,,,,,0,0,0.0,no events,False,17.521579443926296,12.404949076056917
1723,30,43,3.0,4.0,14.0,15.0,3.5,14.5,-117.50463481327944,35.8708969007411,,,,,,0,0,0.0,no events,False,18.520107611828898,13.186719083020837
1724,30,44,3.0,4.0,15.0,16.0,3.5,15.5,-117.50463042835824,35.879909424885575,,,,,,0,0,0.0,no events,False,19.518786481173073,13.996298038033
1725,30,45,3.0,4.0,16.0,17.0,3.5,16.5,-117.50462604180689,35.88892193547835,,,,,,0,0,0.0,no events,False,20.51759404612361,14.829132050271415
1726,30,46,3.0,4.0,17.0,18.0,3.5,17.5,-117.5046216536246,35.89793443251807,,,,,,0,0,0.0,no events,False,21.51651238433936,15.68151637946176
1727,30,47,3.0,4.0,18.0,19.0,3.5,18.5,-117.5046172638106,35.90694691600334,,,,,,0,0,0.0,no events,False,22.515526752206604,16.550430645583454
1728,30,48,3.0,4.0,19.0,20.0,3.5,19.5,-117.50461287236412,35.91595938593279,,,,,,0,0,0.0,no events,False,23.51462491032407,17.433403372526218
1729,30,49,3.0,4.0,20.0,21.0,3.5,20.5,-117.50460847928444,35.92497184230507,,,,,,0,0,0.0,no events,False,24.513796613685436,18.328402869430523
1730,30,50,3.0,4.0,21.0,22.0,3.5,21.5,-117.50460408457069,35.93398428511878,,,,,,0,0,0.0,no events,False,25.513033221493632,19.23375029314589
1731,30,51,3.0,4.0,22.0,23.0,3.5,22.5,-117.50459968822216,35.94299671437258,,,,,,0,0,0.0,no events,False,26.512327395099433,20.148050747752997
1732,30,52,3.0,4.0,23.0,24.0,3.5,23.5,-117.5045952902381,35.952009130065065,,,,,,0,0,0.0,no events,False,27.511672861693487,21.070138763875537
1733,30,53,3.0,4.0,24.0,25.0,3.5,24.5,-117.5045908906177,35.961021532194884,,,,,,0,0,0.0,no events,False,28.511064227642294,21.999035118020767
1734,30,54,3.0,4.0,25.0,26.0,3.5,25.5,-117.5045864893602,35.970033920760685,,,,,,0,0,0.0,no events,False,29.51049682971546,22.933912547117895
1735,30,55,3.0,4.0,26.0,27.0,3.5,26.5,-117.5045820864648,35.97904629576107,,,,,,0,0,0.0,no events,False,30.509966615526615,23.874068428187773
1736,31,0,4.0,5.0,-29.0,-28.0,4.5,-28.5,-117.4938023591316,35.48334152068417,,,,,,0,0,0.0,no events,False,24.505690926541323,33.712655630327085
1737,31,1,4.0,5.0,-28.0,-27.0,4.5,-27.5,-117.49379681057508,35.49235462548764,,,,,,0,0,0.0,no events,False,23.505691385940384,32.74980836957623
1738,31,2,4.0,5.0,-27.0,-26.0,4.5,-26.5,-117.49379125996454,35.5013677167997,,,,,,0,0,0.0,no events,False,22.505691886164577,31.7892552105095
1739,31,3,4.0,5.0,-26.0,-25.0,4.5,-25.5,-117.493785707299,35.5103807946189,,,,,,0,0,0.0,no events,False,21.505692432908926,30.831210573602945
1740,31,4,4.0,5.0,-25.0,-24.0,4.5,-24.5,-117.49378015257754,35.51939385894382,,,,,,0,0,0.0,no events,False,20.505693032979362,29.875915785608758
1741,31,5,4.0,5.0,-24.0,-23.0,4.5,-23.5,-117.49377459579917,35.52840690977303,,,,,,0,0,0.0,no events,False,19.505693694577502,28.923643315179486
1742,31,6,4.0,5.0,-23.0,-22.0,4.5,-22.5,-117.49376903696296,35.53741994710509,,,,,,1,1,2.0,no onset,True,18.50569442767773,27.97470180750221
1743,31,7,4.0,5.0,-22.0,-21.0,4.5,-21.5,-117.49376347606788,35.54643297093857,,,,,,0,0,0.0,no events,False,17.50569524453356,27.02944209216328
1744,31,8,4.0,5.0,-21.0,-20.0,4.5,-20.5,-117.49375791311304,35.55544598127205,,,,,,0,0,0.0,no events,False,16.505696160368004,26.08826438091558
1745,31,9,4.0,5.0,-20.0,-19.0,4.5,-19.5,-117.49375234809746,35.5644589781041,,,,,,1,1,2.0,no onset,True,15.505697194331157,25.151626925578572
1746,31,10,4.0,5.0,-19.0,-18.0,4.5,-18.5,-117.49374678102014,35.57347196143328,,,,,,0,0,0.0,no events,False,14.505698370853825,24.22005647389018
1747,31,11,4.0,5.0,-18.0,-17.0,4.5,-17.5,-117.4937412118801,35.582484931258186,,,,,,1,1,2.0,no onset,True,13.505699721602484,23.29416094632666
1748,31,12,4.0,5.0,-17.0,-16.0,4.5,-16.5,-117.49373564067646,35.59149788757738,,,,,,0,0,0.0,no events,False,12.50570128837226,22.37464486395953
1749,31,13,4.0,5.0,-16.0,-15.0,4.5,-15.5,-117.49373006740818,35.600510830389446,,,,,,1,1,2.0,no onset,True,11.50570312748846,21.46232819111783
1750,31,14,4.0,5.0,-15.0,-14.0,4.5,-14.5,-117.4937244920743,35.60952375969296,,,,,,1,1,2.0,no onset,True,10.50570531672195,20.558169421867106
1751,31,15,4.0,5.0,-14.0,-13.0,4.5,-13.5,-117.49371891467388,35.61853667548651,,,,,,0,0,0.0,no events,False,9.505707966569457,19.663293940058267
1752,31,16,4.0,5.0,-13.0,-12.0,4.5,-12.5,-117.49371333520592,35.627549577768654,,,,,,0,0,0.0,no events,False,8.505711239491038,18.779028919730454
1753,31,17,4.0,5.0,-12.0,-11.0,4.5,-11.5,-117.49370775366948,35.63656246653801,,,,,,2,1,2.0,no onset,True,7.505715384525737,17.906946299216212
1754,31,18,4.0,5.0,-11.0,-10.0,4.5,-10.5,-117.49370217006354,35.64557534179314,,,,,,2,1,2.0,no onset,True,6.505720803831692,17.04891563583895
1755,31,19,4.0,5.0,-10.0,-9.0,4.5,-9.5,-117.4936965843872,35.65458820353266,,,,,,0,0,0.0,no events,False,5.505728191739093,16.207168875312377
1756,31,20,4.0,5.0,-9.0,-8.0,4.5,-8.5,-117.49369099663944,35.66360105175512,,,,,,9,1,2.0,no onset,True,4.5057388589678355,15.384379140798462
1757,31,21,4.0,5.0,-8.0,-7.0,4.5,-7.5,-117.4936854068193,35.67261388645912,25.0,750.0,12.5,4.0,4.0,23,3,6.0,robust onset,True,3.5057556117212334,14.583755351169852
1758,31,22,4.0,5.0,-7.0,-6.0,4.5,-6.5,-117.49367981492578,35.68162670764326,5.0,150.0,2.5,4.0,4.0,80,5,10.0,robust onset,True,2.505785735655997,13.809153440298788
1759,31,23,4.0,5.0,-6.0,-5.0,4.5,-5.5,-117.49367422095794,35.69063951530612,1.0,30.0,0.5,4.0,5.0,66,4,8.0,robust onset,True,1.5058558685741523,13.065202536993306
1760,31,24,4.0,5.0,-5.0,-4.0,4.5,-4.5,-117.4936686249148,35.699652309446286,0.0,0.0,0.0,2.0,3.0,31,2,4.0,weak onset,True,0.5062031616074345,12.357439699533106
1761,31,25,4.0,5.0,-4.0,-3.0,4.5,-3.5,-117.4936630267954,35.70866509006238,4.0,120.0,2.0,2.0,3.0,20,2,4.0,weak onset,True,0.4948549128012274,11.692438348032347
1762,31,26,4.0,5.0,-3.0,-2.0,4.5,-2.5,-117.49365742659872,35.717677857152985,,,,,,3,1,2.0,no onset,True,1.4944969483493964,11.07790201786773
1763,31,27,4.0,5.0,-2.0,-1.0,4.5,-1.5,-117.49365182432382,35.72669061071669,,,,,,0,0,0.0,no events,False,2.4944259605223413,10.52267607181835
1764,31,28,4.0,5.0,-1.0,0.0,4.5,-0.5,-117.49364621996968,35.73570335075209,,,,,,1,1,2.0,no onset,True,3.4943956010202903,10.036608506231522
1765,31,29,4.0,5.0,0.0,1.0,4.5,0.5,-117.4936406135354,35.74471607725779,,,,,,1,1,2.0,no onset,True,4.494378751321711,9.630176992262369
1766,31,30,4.0,5.0,1.0,2.0,4.5,1.5,-117.49363500501993,35.753728790232415,,,,,,0,0,0.0,no events,False,5.494368035018609,9.313812726120275
1767,31,31,4.0,5.0,2.0,3.0,4.5,2.5,-117.49362939442231,35.762741489674525,,,,,,0,0,0.0,no events,False,6.494360618885927,9.096917395039954
1768,31,32,4.0,5.0,3.0,4.0,4.5,3.5,-117.4936237817416,35.771754175582764,,,,,,0,0,0.0,no events,False,7.494355181871122,8.986695982791508
1769,31,33,4.0,5.0,4.0,5.0,4.5,4.5,-117.49361816697676,35.78076684795571,,,,,,0,0,0.0,no events,False,8.494351025001304,8.987074233701508
1770,31,34,4.0,5.0,5.0,6.0,4.5,5.5,-117.49361255012684,35.789779506791966,,,,,,0,0,0.0,no events,False,9.494347743781184,9.098038353238683
1771,31,35,4.0,5.0,6.0,7.0,4.5,6.5,-117.49360693119084,35.798792152090165,,,,,,0,0,0.0,no events,False,10.494345087891144,9.315637416298607
1772,31,36,4.0,5.0,7.0,8.0,4.5,7.5,-117.4936013101678,35.80780478384888,,,,,,0,0,0.0,no events,False,11.494342894121749,9.632647562684056
1773,31,37,4.0,5.0,8.0,9.0,4.5,8.5,-117.49359568705673,35.81681740206677,,,,,,0,0,0.0,no events,False,12.494341051514052,10.039656252174355
1774,31,38,4.0,5.0,9.0,10.0,4.5,9.5,-117.49359006185664,35.8258300067424,,,,,,1,1,2.0,no onset,True,13.494339481999534,10.526228966575074
1775,31,39,4.0,5.0,10.0,11.0,4.5,10.5,-117.49358443456656,35.83484259787442,,,,,,0,0,0.0,no events,False,14.49433812905417,11.081890400635835
1776,31,40,4.0,5.0,11.0,12.0,4.5,11.5,-117.49357880518548,35.843855175461414,,,,,,0,0,0.0,no events,False,15.494336950746094,11.696798427204136
1777,31,41,4.0,5.0,12.0,13.0,4.5,12.5,-117.49357317371243,35.85286773950201,,,,,,0,0,0.0,no events,False,16.4943359153122,12.362115192861847
1778,31,42,4.0,5.0,13.0,14.0,4.5,13.5,-117.4935675401464,35.86188028999484,,,,,,0,0,0.0,no events,False,17.494334998251865,13.070145012069538
1779,31,43,4.0,5.0,14.0,15.0,4.5,14.5,-117.49356190448646,35.870892826938494,,,,,,0,0,0.0,no events,False,18.494334180363513,13.814321888224073
1780,31,44,4.0,5.0,15.0,16.0,4.5,15.5,-117.49355626673156,35.87990535033161,,,,,,0,0,0.0,no events,False,19.494333446385497,14.589115388754976
1781,31,45,4.0,5.0,16.0,17.0,4.5,16.5,-117.49355062688078,35.88891786017282,,,,,,0,0,0.0,no events,False,20.49433278403487,15.389902092649836
1782,31,46,4.0,5.0,17.0,18.0,4.5,17.5,-117.49354498493304,35.89793035646072,,,,,,0,0,0.0,no events,False,21.49433218331448,16.21283087607739
1783,31,47,4.0,5.0,18.0,19.0,4.5,18.5,-117.49353934088742,35.90694283919394,,,,,,0,0,0.0,no events,False,22.494331636004897,17.054696819680753
1784,31,48,4.0,5.0,19.0,20.0,4.5,19.5,-117.49353369474292,35.91595530837112,,,,,,0,0,0.0,no events,False,23.494331135286078,17.912830100410414
1785,31,49,4.0,5.0,20.0,21.0,4.5,20.5,-117.49352804649853,35.92496776399087,,,,,,0,0,0.0,no events,False,24.49433067545172,18.78500148525706
1786,31,50,4.0,5.0,21.0,22.0,4.5,21.5,-117.49352239615324,35.933980206051835,,,,,,0,0,0.0,no events,False,25.494330251690812,19.669343644261502
1787,31,51,4.0,5.0,22.0,23.0,4.5,22.5,-117.49351674370612,35.94299263455264,,,,,,0,0,0.0,no events,False,26.494329859918693,20.5642864692892
1788,31,52,4.0,5.0,23.0,24.0,4.5,23.5,-117.49351108915612,35.952005049491895,,,,,,0,0,0.0,no events,False,27.494329496644966,21.468504293171694
1789,31,53,4.0,5.0,24.0,25.0,4.5,24.5,-117.49350543250227,35.96101745086826,,,,,,0,0,0.0,no events,False,28.494329158869203,22.38087297629098
1790,31,54,4.0,5.0,25.0,26.0,4.5,25.5,-117.49349977374358,35.970029838680354,,,,,,0,0,0.0,no events,False,29.494328843997888,23.300435055505133
1791,31,55,4.0,5.0,26.0,27.0,4.5,26.5,-117.49349411287902,35.97904221292682,,,,,,0,0,0.0,no events,False,30.49432854977771,24.226371423941163
1792,32,0,5.0,6.0,-29.0,-28.0,5.5,-28.5,-117.48278288591682,35.48333646853975,,,,,,0,0,0.0,no events,False,24.527023843271515,33.992485621177885
1793,32,1,5.0,6.0,-28.0,-27.0,5.5,-27.5,-117.48277610434911,35.49234957241655,,,,,,0,0,0.0,no events,False,23.52793102574707,33.037794679744074
1794,32,2,5.0,6.0,-27.0,-26.0,5.5,-26.5,-117.48276932027098,35.50136266280164,,,,,,0,0,0.0,no events,False,22.528918706769165,32.08586411327995
1795,32,3,5.0,6.0,-26.0,-25.0,5.5,-25.5,-117.48276253368115,35.51037573969361,,,,,,0,0,0.0,no events,False,21.529998091967304,31.136947096509108
1796,32,4,5.0,6.0,-25.0,-24.0,5.5,-24.5,-117.48275574457855,35.519388803091005,,,,,,0,0,0.0,no events,False,20.531182566623336,30.19132777944268
1797,32,5,5.0,6.0,-24.0,-23.0,5.5,-23.5,-117.48274895296198,35.52840185299238,,,,,,0,0,0.0,no events,False,19.53248825234307,29.249326003870376
1798,32,6,5.0,6.0,-23.0,-22.0,5.5,-22.5,-117.48274215883023,35.53741488939635,,,,,,0,0,0.0,no events,False,18.533934743378758,28.311302871390932
1799,32,7,5.0,6.0,-22.0,-21.0,5.5,-21.5,-117.48273536218213,35.546427912301425,,,,,,1,1,2.0,no onset,True,17.535546094026397,27.377667338006884
1800,32,8,5.0,6.0,-21.0,-20.0,5.5,-20.5,-117.48272856301652,35.55544092170622,,,,,,0,0,0.0,no events,False,16.537352162895562,26.44888404953051
1801,32,9,5.0,6.0,-20.0,-19.0,5.5,-19.5,-117.4827217613322,35.56445391760929,,,,,,1,1,2.0,no onset,True,15.53939047400279,25.525482680263853
1802,32,10,5.0,6.0,-19.0,-18.0,5.5,-18.5,-117.48271495712795,35.573466900009215,,,,,,0,0,0.0,no events,False,14.541708842066356,24.608069096444574
1803,32,11,5.0,6.0,-18.0,-17.0,5.5,-17.5,-117.48270815040271,35.582479868904564,,,,,,0,0,0.0,no events,False,13.544369154424764,23.697338737721815
1804,32,12,5.0,6.0,-17.0,-16.0,5.5,-16.5,-117.48270134115522,35.591492824293915,,,,,,0,0,0.0,no events,False,12.547452950110438,22.794092696250743
1805,32,13,5.0,6.0,-16.0,-15.0,5.5,-15.5,-117.48269452938428,35.60050576617584,,,,,,0,0,0.0,no events,False,11.551069875952498,21.89925707507476
1806,32,14,5.0,6.0,-15.0,-14.0,5.5,-14.5,-117.48268771508874,35.609518694548946,,,,,,1,1,2.0,no onset,True,10.555370908833067,21.01390632498281
1807,32,15,5.0,6.0,-14.0,-13.0,5.5,-13.5,-117.48268089826742,35.618531609411775,,,,,,0,0,0.0,no events,False,9.560569793006145,20.139291388479712
1808,32,16,5.0,6.0,-13.0,-12.0,5.5,-12.5,-117.48267407891912,35.62754451076294,,,,,,1,1,2.0,no onset,True,8.566979310751469,19.276873611274045
1809,32,17,5.0,6.0,-12.0,-11.0,5.5,-11.5,-117.48266725704266,35.636557398601,,,,,,1,1,2.0,no onset,True,7.575075858019236,18.428365495072374
1810,32,18,5.0,6.0,-11.0,-10.0,5.5,-10.5,-117.48266043263686,35.64557027292456,,,,,,0,0,0.0,no events,False,6.58562176249502,17.595779420500662
1811,32,19,5.0,6.0,-10.0,-9.0,5.5,-9.5,-117.4826536057005,35.65458313373219,,,,,,3,1,2.0,no onset,True,5.599915512090353,16.781485393428532
1812,32,20,5.0,6.0,-9.0,-8.0,5.5,-8.5,-117.48264677623244,35.663595981022496,,,,,,5,2,4.0,no onset,True,4.6203564241790165,15.988278537878793
1813,32,21,5.0,6.0,-8.0,-7.0,5.5,-7.5,-117.48263994423148,35.67260881479405,26.0,780.0,13.0,4.0,7.0,18,3,6.0,robust onset,True,3.651894471415413,15.219456271488024
1814,32,22,5.0,6.0,-7.0,-6.0,5.5,-6.5,-117.4826331096964,35.681621635045445,12.0,360.0,6.0,4.0,4.0,60,5,10.0,robust onset,True,2.70646872774407,14.478903542557244
1815,32,23,5.0,6.0,-6.0,-5.0,5.5,-5.5,-117.48262627262602,35.690634441775266,0.0,0.0,0.0,3.0,4.0,70,4,8.0,robust onset,True,1.8203331338408235,13.771181735407358
1816,32,24,5.0,6.0,-5.0,-4.0,5.5,-4.5,-117.48261943301918,35.69964723498213,0.0,0.0,0.0,3.0,4.0,72,5,10.0,robust onset,True,1.1411627675581173,13.101612304772178
1817,32,25,5.0,6.0,-4.0,-3.0,5.5,-3.5,-117.48261259087464,35.7086600146646,10.0,300.0,5.0,3.0,3.0,17,2,4.0,robust onset,True,1.1361743730444942,12.476339350125832
1818,32,26,5.0,6.0,-3.0,-2.0,5.5,-2.5,-117.48260574619124,35.717672780821296,,,,,,1,1,2.0,no onset,True,1.8109478042906697,11.902346078586305
1819,32,27,5.0,6.0,-2.0,-1.0,5.5,-1.5,-117.4825988989678,35.7266855334508,,,,,,0,0,0.0,no events,False,2.6959546905998524,11.38738955026038
1820,32,28,5.0,6.0,-1.0,0.0,5.5,-0.5,-117.48259204920308,35.73569827255172,,,,,,2,1,2.0,no onset,True,3.640990447346641,10.93980984132356
1821,32,29,5.0,6.0,0.0,1.0,5.5,0.5,-117.48258519689594,35.74471099812265,,,,,,0,0,0.0,no events,False,4.609278813607574,10.568170984577243
1822,32,30,5.0,6.0,1.0,2.0,5.5,1.5,-117.48257834204512,35.753723710162184,,,,,,0,0,0.0,no events,False,5.588746811716719,10.280711870011768
1823,32,31,5.0,6.0,2.0,3.0,5.5,2.5,-117.4825714846495,35.76273640866894,,,,,,0,0,0.0,no events,False,6.574399643265987,10.084633615017522
1824,32,32,5.0,6.0,3.0,4.0,5.5,3.5,-117.48256462470782,35.77174909364152,,,,,,0,0,0.0,no events,False,7.563819829509299,9.98532091342496
1825,32,33,5.0,6.0,4.0,5.0,5.5,4.5,-117.48255776221887,35.7807617650785,,,,,,0,0,0.0,no events,False,8.555700448074385,9.985661337088416
1826,32,34,5.0,6.0,5.0,6.0,5.5,5.5,-117.48255089718153,35.78977442297853,,,,,,0,0,0.0,no events,False,9.54927483639896,10.085644795151321
1827,32,35,5.0,6.0,6.0,7.0,5.5,6.5,-117.48254402959454,35.798787067340186,,,,,,0,0,0.0,no events,False,10.544064190101677,10.28236497742146
1828,32,36,5.0,6.0,7.0,8.0,5.5,7.5,-117.4825371594567,35.80779969816209,,,,,,0,0,0.0,no events,False,11.539754303662043,10.570422324762808
1829,32,37,5.0,6.0,8.0,9.0,5.5,8.5,-117.48253028676685,35.816812315442846,,,,,,0,0,0.0,no events,False,12.536130548649723,10.942606029588404
1830,32,38,5.0,6.0,9.0,10.0,5.5,9.5,-117.48252341152372,35.82582491918107,,,,,,0,0,0.0,no events,False,13.53304137571045,11.390672733149916
1831,32,39,5.0,6.0,10.0,11.0,5.5,10.5,-117.48251653372618,35.83483750937537,,,,,,0,0,0.0,no events,False,14.530376754254968,11.906058285959528
1832,32,40,5.0,6.0,11.0,12.0,5.5,11.5,-117.48250965337296,35.84385008602437,,,,,,0,0,0.0,no events,False,15.528054880264149,12.480425573817827
1833,32,41,5.0,6.0,12.0,13.0,5.5,12.5,-117.4825027704629,35.852862649126685,,,,,,0,0,0.0,no events,False,16.526013678694493,13.106022321762868
1834,32,42,5.0,6.0,13.0,14.0,5.5,13.5,-117.48249588499478,35.86187519868092,,,,,,0,0,0.0,no events,False,17.524205198875627,13.775870923229757
1835,32,43,5.0,6.0,14.0,15.0,5.5,14.5,-117.4824889969674,35.870887734685695,,,,,,0,0,0.0,no events,False,18.522591816379308,14.483832997118808
1836,32,44,5.0,6.0,15.0,16.0,5.5,15.5,-117.48248210637954,35.87990025713963,,,,,,0,0,0.0,no events,False,19.52114359713856,15.22459250303167
1837,32,45,5.0,6.0,16.0,17.0,5.5,16.5,-117.48247521323,35.88891276604137,,,,,,0,0,0.0,no events,False,20.51983642927024,15.993592950875943
1838,32,46,5.0,6.0,17.0,18.0,5.5,17.5,-117.48246831751756,35.8979252613895,,,,,,0,0,0.0,no events,False,21.518650673959744,16.786953686516476
1839,32,47,5.0,6.0,18.0,19.0,5.5,18.5,-117.48246141924103,35.90693774318267,,,,,,0,0,0.0,no events,False,22.51757017468382,17.601380987530202
1840,32,48,5.0,6.0,19.0,20.0,5.5,19.5,-117.4824545183992,35.9159502114195,,,,,,0,0,0.0,no events,False,23.51658151848845,18.434082870138408
1841,32,49,5.0,6.0,20.0,21.0,5.5,20.5,-117.48244761499085,35.92496266609861,,,,,,0,0,0.0,no events,False,24.51567347758602,19.282691976435
1842,32,50,5.0,6.0,21.0,22.0,5.5,21.5,-117.48244070901474,35.93397510721864,,,,,,0,0,0.0,no events,False,25.514836581948096,20.14519814876516
1843,32,51,5.0,6.0,22.0,23.0,5.5,22.5,-117.48243380046968,35.94298753477819,,,,,,0,0,0.0,no events,False,26.514062788403795,21.019890747764407
1844,32,52,5.0,6.0,23.0,24.0,5.5,23.5,-117.48242688935449,35.95199994877592,,,,,,0,0,0.0,no events,False,27.513345221752317,21.90530998737275
1845,32,53,5.0,6.0,24.0,25.0,5.5,24.5,-117.48241997566792,35.96101234921046,,,,,,0,0,0.0,no events,False,28.512677970250763,22.80020623235309
1846,32,54,5.0,6.0,25.0,26.0,5.5,25.5,-117.48241305940874,35.970024736080425,,,,,,0,0,0.0,no events,False,29.51205592260772,23.703506129532258
1847,32,55,5.0,6.0,26.0,27.0,5.5,26.5,-117.48240614057576,35.97903710938447,,,,,,0,0,0.0,no events,False,30.51147463697924,24.614284499609447
1848,33,0,6.0,7.0,-29.0,-28.0,6.5,-28.5,-117.47176341422222,35.48333040596712,,,,,,0,0,0.0,no events,False,24.58904043328346,34.299198354523476
1849,33,1,6.0,7.0,-28.0,-27.0,6.5,-27.5,-117.4717553996442,35.49234350873192,,,,,,1,1,2.0,no onset,True,23.59257402602673,33.35328778933025
1850,33,2,6.0,7.0,-27.0,-26.0,6.5,-26.5,-117.47174738209932,35.50135659800467,,,,,,0,0,0.0,no events,False,22.596419825216852,32.41062487754328
1851,33,3,6.0,7.0,-26.0,-25.0,6.5,-25.5,-117.47173936158612,35.51036967378396,,,,,,0,0,0.0,no events,False,21.60062102490008,31.471501450483224
1852,33,4,6.0,7.0,-25.0,-24.0,6.5,-24.5,-117.4717313381032,35.51938273606831,,,,,,0,0,0.0,no events,False,20.605229151971532,30.53624407393136
1853,33,5,6.0,7.0,-24.0,-23.0,6.5,-23.5,-117.47172331164924,35.52839578485629,,,,,,0,0,0.0,no events,False,19.61030617173428,29.605219146928277
1854,33,6,6.0,7.0,-23.0,-22.0,6.5,-22.5,-117.47171528222282,35.53740882014653,,,,,,0,0,0.0,no events,False,18.615927263852903,28.678838876994117
1855,33,7,6.0,7.0,-22.0,-21.0,6.5,-21.5,-117.4717072498225,35.54642184193754,,,,,,0,0,0.0,no events,False,17.622184530782892,27.757568299970544
1856,33,8,6.0,7.0,-21.0,-20.0,6.5,-20.5,-117.47169921444696,35.555434850227904,,,,,,0,0,0.0,no events,False,16.62919202429469,26.84193354664433
1857,33,9,6.0,7.0,-20.0,-19.0,6.5,-19.5,-117.47169117609477,35.56444784501621,,,,,,0,0,0.0,no events,False,15.63709266854834,25.932531598696855
1858,33,10,6.0,7.0,-19.0,-18.0,6.5,-18.5,-117.47168313476452,35.57346082630103,,,,,,0,0,0.0,no events,False,14.646067966135838,25.030041824023215
1859,33,11,6.0,7.0,-18.0,-17.0,6.5,-17.5,-117.47167509045488,35.58247379408092,,,,,,0,0,0.0,no events,False,13.65635187788351,24.135239636417364
1860,33,12,6.0,7.0,-17.0,-16.0,6.5,-16.5,-117.47166704316436,35.59148674835445,,,,,,0,0,0.0,no events,False,12.668251116727781,23.249012686611714
1861,33,13,6.0,7.0,-16.0,-15.0,6.5,-15.5,-117.47165899289163,35.60049968912023,,,,,,0,0,0.0,no events,False,11.682175572228694,22.372380058839802
1862,33,14,6.0,7.0,-15.0,-14.0,6.5,-14.5,-117.47165093963532,35.609512616376826,,,,,,0,0,0.0,no events,False,10.698685239050588,21.50651501503936
1863,33,15,6.0,7.0,-14.0,-13.0,6.5,-13.5,-117.47164288339395,35.61852553012281,,,,,,3,1,2.0,no onset,True,9.71856499634494,20.652771888709125
1864,33,16,6.0,7.0,-13.0,-12.0,6.5,-12.5,-117.47163482416612,35.62753843035677,,,,,,0,0,0.0,no events,False,8.742948320336982,19.81271776617217
1865,33,17,6.0,7.0,-12.0,-11.0,6.5,-11.5,-117.47162676195052,35.636551317077284,,,,,,1,1,2.0,no onset,True,7.773531055832054,18.988169576790042
1866,33,18,6.0,7.0,-11.0,-10.0,6.5,-10.5,-117.47161869674568,35.645564190282954,,,,,,0,0,0.0,no events,False,6.812960062989329,18.18123709960011
1867,33,19,6.0,7.0,-10.0,-9.0,6.5,-9.5,-117.4716106285502,35.65457704997234,,,,,,2,1,2.0,no onset,True,5.865583054035609,17.39437210901319
1868,33,20,6.0,7.0,-9.0,-8.0,6.5,-8.5,-117.47160255736269,35.663589896144046,66.0,1980.0,33.0,3.0,3.0,14,3,6.0,robust onset,True,4.938998310152763,16.630423315771505
1869,33,21,6.0,7.0,-8.0,-7.0,6.5,-7.5,-117.47159448318172,35.67260272879666,5.0,150.0,2.5,3.0,3.0,20,2,4.0,robust onset,True,4.047510846383737,15.892695751718682
1870,33,22,6.0,7.0,-7.0,-6.0,6.5,-6.5,-117.47158640600593,35.681615547928764,16.0,480.0,8.0,3.0,4.0,25,2,4.0,robust onset,True,3.2204011854885635,15.185011585495664
1871,33,23,6.0,7.0,-6.0,-5.0,6.5,-5.5,-117.47157832583387,35.690628353538955,1.0,30.0,0.5,3.0,3.0,24,2,4.0,robust onset,True,2.5218294033098854,14.511766792729894
1872,33,24,6.0,7.0,-5.0,-4.0,6.5,-4.5,-117.4715702426642,35.69964114562582,5.0,150.0,2.5,4.0,4.0,47,3,6.0,robust onset,True,2.0852489739358324,13.877974421417507
1873,33,25,6.0,7.0,-4.0,-3.0,6.5,-3.5,-117.4715621564954,35.70865392418796,0.0,0.0,0.0,6.0,9.0,116,5,10.0,robust onset,True,2.082523235693323,13.289280365635271
1874,33,26,6.0,7.0,-3.0,-2.0,6.5,-2.5,-117.47155406732614,35.71766668922398,,,,,,10,1,2.0,no onset,True,2.515063174376488,12.751932058766611
1875,33,27,6.0,7.0,-2.0,-1.0,6.5,-1.5,-117.471545975155,35.72667944073245,,,,,,4,1,2.0,no onset,True,3.2115701012132503,12.272675740291525
1876,33,28,6.0,7.0,-1.0,0.0,6.5,-0.5,-117.47153787998056,35.73569217871197,,,,,,1,1,2.0,no onset,True,4.037675353332538,11.858556759626387
1877,33,29,6.0,7.0,0.0,1.0,6.5,0.5,-117.47152978180142,35.744704903161164,,,,,,0,0,0.0,no events,False,4.9286369315269285,11.516603970625246
1878,33,30,6.0,7.0,1.0,2.0,6.5,1.5,-117.47152168061614,35.753717614078624,,,,,,0,0,0.0,no events,False,5.854921156319129,11.253397958446227
1879,33,31,6.0,7.0,2.0,3.0,6.5,2.5,-117.47151357642332,35.76273031146294,,,,,,0,0,0.0,no events,False,6.8021130166012,11.074554808483374
1880,33,32,6.0,7.0,3.0,4.0,6.5,3.5,-117.47150546922155,35.77174299531272,,,,,,1,1,2.0,no onset,True,7.762562800681075,10.984196047096153
1881,33,33,6.0,7.0,4.0,5.0,6.5,4.5,-117.47149735900942,35.78075566562658,,,,,,0,0,0.0,no events,False,8.73189675720114,10.984505514404518
1882,33,34,6.0,7.0,5.0,6.0,6.5,5.5,-117.47148924578548,35.78976832240309,,,,,,0,0,0.0,no events,False,9.707453874333986,11.075475610145316
1883,33,35,6.0,7.0,6.0,7.0,6.5,6.5,-117.47148112954837,35.79878096564092,,,,,,0,0,0.0,no events,False,10.68753013872822,11.25490819979729
1884,33,36,6.0,7.0,7.0,8.0,6.5,7.5,-117.4714730102966,35.80779359533863,,,,,,0,0,0.0,no events,False,11.670987113784602,11.518669939745857
1885,33,37,6.0,7.0,8.0,9.0,6.5,8.5,-117.4714648880288,35.81680621149486,,,,,,0,0,0.0,no events,False,12.65703677619799,11.861136361063613
1886,33,38,6.0,7.0,9.0,10.0,6.5,9.5,-117.47145676274351,35.82581881410817,,,,,,0,0,0.0,no events,False,13.645117064280926,12.275722152716144
1887,33,39,6.0,7.0,10.0,11.0,6.5,10.5,-117.47144863443935,35.834831403177226,,,,,,0,0,0.0,no events,False,14.634816686307781,12.755397013249974
1888,33,40,6.0,7.0,11.0,12.0,6.5,11.5,-117.47144050311488,35.843843978700626,,,,,,0,0,0.0,no events,False,15.625827952007368,13.293116698523598
1889,33,41,6.0,7.0,12.0,13.0,6.5,12.5,-117.47143236876867,35.85285654067699,,,,,,0,0,0.0,no events,False,16.617916202991186,13.882137809267974
1890,33,42,6.0,7.0,13.0,14.0,6.5,13.5,-117.47142423139933,35.861869089104914,,,,,,0,0,0.0,no events,False,17.610899428295507,14.51621675060165
1891,33,43,6.0,7.0,14.0,15.0,6.5,14.5,-117.47141609100537,35.87088162398303,,,,,,0,0,0.0,no events,False,18.604634326356464,15.18971189145431
1892,33,44,6.0,7.0,15.0,16.0,6.5,15.5,-117.47140794758542,35.87989414530997,,,,,,0,0,0.0,no events,False,19.599006560571976,15.897614473257583
1893,33,45,6.0,7.0,16.0,17.0,6.5,16.5,-117.47139980113802,35.88890665308433,,,,,,0,0,0.0,no events,False,20.593923810319527,16.63553258946853
1894,33,46,6.0,7.0,17.0,18.0,6.5,17.5,-117.47139165166172,35.897919147304755,,,,,,0,0,0.0,no events,False,21.589310726587538,17.39964778753323
1895,33,47,6.0,7.0,18.0,19.0,6.5,18.5,-117.47138349915517,35.90693162796987,,,,,,0,0,0.0,no events,False,22.585105211024583,18.18665834410353
1896,33,48,6.0,7.0,19.0,20.0,6.5,19.5,-117.47137534361686,35.91594409507827,,,,,,0,0,0.0,no events,False,23.581255631050524,18.99371844374058
1897,33,49,6.0,7.0,20.0,21.0,6.5,20.5,-117.4713671850454,35.92495654862859,,,,,,0,0,0.0,no events,False,24.577718707822623,19.81837881651856
1898,33,50,6.0,7.0,21.0,22.0,6.5,21.5,-117.47135902343932,35.93396898861948,,,,,,0,0,0.0,no events,False,25.574457895031838,20.658531833360573
1899,33,51,6.0,7.0,22.0,23.0,6.5,22.5,-117.47135085879728,35.94298141504956,,,,,,0,0,0.0,no events,False,26.571442120604942,21.512362401765934
1900,33,52,6.0,7.0,23.0,24.0,6.5,23.5,-117.47134269111773,35.951993827917455,,,,,,0,0,0.0,no events,False,27.56864480007243,22.378305000599422
1901,33,53,6.0,7.0,24.0,25.0,6.5,24.5,-117.47133452039928,35.961006227221795,,,,,,0,0,0.0,no events,False,28.56604305563623,23.25500662856912
1902,33,54,6.0,7.0,25.0,26.0,6.5,25.5,-117.47132634664052,35.970018612961226,,,,,,0,0,0.0,no events,False,29.56361709264218,24.14129515766986
1903,33,55,6.0,7.0,26.0,27.0,6.5,26.5,-117.47131816983996,35.97903098513436,,,,,,0,0,0.0,no events,False,30.561349697686243,25.036152469672224
1904,34,0,7.0,8.0,-29.0,-28.0,7.5,-28.5,-117.4607439443243,35.48332333296665,,,,,,0,0,0.0,no events,False,24.69143414730883,34.63207959132554
1905,34,1,7.0,8.0,-28.0,-27.0,7.5,-27.5,-117.46073469673696,35.49233643443414,,,,,,0,0,0.0,no events,False,23.69927340647368,33.69551506380111
1906,34,2,7.0,8.0,-27.0,-26.0,7.5,-26.5,-117.46072544572633,35.50134952240915,,,,,,0,0,0.0,no events,False,22.707800416127775,32.76270034673253
1907,34,3,7.0,8.0,-26.0,-25.0,7.5,-25.5,-117.46071619129069,35.51036259689028,,,,,,0,0,0.0,no events,False,21.717109372165414,31.83396507827337
1908,34,4,7.0,8.0,-25.0,-24.0,7.5,-24.5,-117.46070693342848,35.5193756578761,,,,,,0,0,0.0,no events,False,20.727312397570916,30.90967698310141
1909,34,5,7.0,8.0,-24.0,-23.0,7.5,-23.5,-117.46069767213812,35.528388705365145,,,,,,0,0,0.0,no events,False,19.73854399317232,29.99024724463954
1910,34,6,7.0,8.0,-23.0,-22.0,7.5,-22.5,-117.460688407418,35.53740173935602,,,,,,2,1,2.0,no onset,True,18.75096687411882,29.076136751459092
1911,34,7,7.0,8.0,-22.0,-21.0,7.5,-21.5,-117.46067913926652,35.54641475984729,,,,,,0,0,0.0,no events,False,17.76477971882014,28.16786337272479
1912,34,8,7.0,8.0,-21.0,-20.0,7.5,-20.5,-117.46066986768206,35.555427766837504,,,,,,0,0,0.0,no events,False,16.780227596850576,27.26601044486397
1913,34,9,7.0,8.0,-20.0,-19.0,7.5,-19.5,-117.460660592663,35.56444076032524,,,,,,0,0,0.0,no events,False,15.79761621087206,26.371236682688426
1914,34,10,7.0,8.0,-19.0,-18.0,7.5,-18.5,-117.46065131420774,35.57345374030908,,,,,,0,0,0.0,no events,False,14.817331665651205,25.484287762645284
1915,34,11,7.0,8.0,-18.0,-17.0,7.5,-17.5,-117.46064203231468,35.5824667067876,,,,,,0,0,0.0,no events,False,13.83986840377509,24.606009862719567
1916,34,12,7.0,8.0,-17.0,-16.0,7.5,-16.5,-117.4606327469822,35.59147965975937,,,,,,0,0,0.0,no events,False,12.865869468392496,23.73736548059184
1917,34,13,7.0,8.0,-16.0,-15.0,7.5,-15.5,-117.46062345820869,35.60049259922297,,,,,,1,1,2.0,no onset,True,11.896185814016874,22.87945188491485
1918,34,14,7.0,8.0,-15.0,-14.0,7.5,-14.5,-117.46061416599252,35.60950552517698,,,,,,0,0,0.0,no events,False,10.931965818896366,22.03352257695247
1919,34,15,7.0,8.0,-14.0,-13.0,7.5,-13.5,-117.46060487033212,35.618518437619954,,,,,,0,0,0.0,no events,False,9.974794053484045,21.201012139612928
1920,34,16,7.0,8.0,-13.0,-12.0,7.5,-12.5,-117.46059557122584,35.62753133655052,,,,,,0,0,0.0,no events,False,9.02691288056569,20.383564809398656
1921,34,17,7.0,8.0,-12.0,-11.0,7.5,-11.5,-117.46058626867206,35.63654422196724,,,,,,0,0,0.0,no events,False,8.091587971296175,19.58306699508266
1922,34,18,7.0,8.0,-11.0,-10.0,7.5,-10.5,-117.46057696266918,35.645557093868696,,,,,,0,0,0.0,no events,False,7.173732336875073,18.801683741857705
1923,34,19,7.0,8.0,-10.0,-9.0,7.5,-9.5,-117.46056765321558,35.65456995225346,24.0,720.0,12.0,2.0,3.0,3,2,4.0,weak onset,True,6.281009105631773,18.04189873942809
1924,34,20,7.0,8.0,-9.0,-8.0,7.5,-8.5,-117.46055834030962,35.66358279712015,,,,,,5,1,2.0,no onset,True,5.425837735219456,17.306556812916813
1925,34,21,7.0,8.0,-8.0,-7.0,7.5,-7.5,-117.46054902394972,35.672595628467334,3.0,90.0,1.5,2.0,3.0,23,2,4.0,weak onset,True,4.629077108110594,16.59890681080106
1926,34,22,7.0,8.0,-7.0,-6.0,7.5,-6.5,-117.4605397041342,35.6816084462936,,,,,,4,1,2.0,no onset,True,3.9264480916899545,15.922641298120057
1927,34,23,7.0,8.0,-6.0,-5.0,7.5,-5.5,-117.4605303808615,35.69062125059754,,,,,,4,1,2.0,no onset,True,3.377222876956425,15.281927381830439
1928,34,24,7.0,8.0,-5.0,-4.0,7.5,-4.5,-117.46052105412996,35.69963404137776,,,,,,6,1,2.0,no onset,True,3.0650080105180773,14.681420336550529
1929,34,25,7.0,8.0,-4.0,-3.0,7.5,-3.5,-117.46051172393794,35.70864681863284,21.0,630.0,10.5,3.0,4.0,23,3,6.0,robust onset,True,3.063154231905754,14.126248677317697
1930,34,26,7.0,8.0,-3.0,-2.0,7.5,-2.5,-117.46050239028382,35.717659582361385,,,,,,7,1,2.0,no onset,True,3.372173422637732,13.621956551404812
1931,34,27,7.0,8.0,-2.0,-1.0,7.5,-1.5,-117.460493053166,35.72667233256197,,,,,,1,1,2.0,no onset,True,3.919208253747997,13.174387988946622
1932,34,28,7.0,8.0,-1.0,0.0,7.5,-0.5,-117.46048371258289,35.73568506923321,,,,,,0,0,0.0,no events,False,4.620479745670202,12.789499500693587
1933,34,29,7.0,8.0,0.0,1.0,7.5,0.5,-117.46047436853272,35.74469779237372,,,,,,0,0,0.0,no events,False,5.416407741672586,12.473094887524189
1934,34,30,7.0,8.0,1.0,2.0,7.5,1.5,-117.460465021014,35.75371050198207,,,,,,0,0,0.0,no events,False,6.271053545294672,12.230490369078526
1935,34,31,7.0,8.0,2.0,3.0,7.5,2.5,-117.46045567002504,35.76272319805688,,,,,,0,0,0.0,no events,False,7.1634316016735315,12.066138291229016
1936,34,32,7.0,8.0,3.0,4.0,7.5,3.5,-117.46044631556418,35.77173588059675,,,,,,0,0,0.0,no events,False,8.081051420190144,11.983258816282138
1937,34,33,7.0,8.0,4.0,5.0,7.5,4.5,-117.46043695762984,35.78074854960028,,,,,,0,0,0.0,no events,False,9.016209391959535,11.98354248346223
1938,34,34,7.0,8.0,5.0,6.0,7.5,5.5,-117.46042759622036,35.78976120506607,,,,,,0,0,0.0,no events,False,9.96396866432053,12.06698342784495
1939,34,35,7.0,8.0,6.0,7.0,7.5,6.5,-117.4604182313341,35.79877384699274,,,,,,0,0,0.0,no events,False,10.92104900123901,12.231879971730638
1940,34,36,7.0,8.0,7.0,8.0,7.5,7.5,-117.46040886296944,35.80778647537889,,,,,,0,0,0.0,no events,False,11.885198821701122,12.475002454419224
1941,34,37,7.0,8.0,8.0,9.0,7.5,8.5,-117.46039949112472,35.816799090223135,,,,,,1,1,2.0,no onset,True,12.854827528024943,12.791891370423148
1942,34,38,7.0,8.0,9.0,10.0,7.5,9.5,-117.4603901157983,35.82581169152409,,,,,,0,0,0.0,no events,False,13.828782683923052,13.17722593824841
1943,34,39,7.0,8.0,10.0,11.0,7.5,10.5,-117.46038073698858,35.834824279280355,,,,,,0,0,0.0,no events,False,14.806210530148226,13.625200256237969
1944,34,40,7.0,8.0,11.0,12.0,7.5,11.5,-117.46037135469386,35.843836853490565,,,,,,0,0,0.0,no events,False,15.786466039205049,14.129857770605044
1945,34,41,7.0,8.0,12.0,13.0,7.5,12.5,-117.46036196891257,35.8528494141533,,,,,,1,1,2.0,no onset,True,16.769053334964276,14.685355944357232
1946,34,42,7.0,8.0,13.0,14.0,7.5,13.5,-117.46035257964296,35.861861961267216,,,,,,0,0,0.0,no events,False,17.753585257484715,15.286153139603462
1947,34,43,7.0,8.0,14.0,15.0,7.5,14.5,-117.46034318688346,35.87087449483091,,,,,,0,0,0.0,no events,False,18.739755314269203,15.927123921234157
1948,34,44,7.0,8.0,15.0,16.0,7.5,15.5,-117.46033379063242,35.87988701484299,,,,,,0,0,0.0,no events,False,19.727317835493576,16.603616322876466
1949,34,45,7.0,8.0,16.0,17.0,7.5,16.5,-117.4603243908882,35.8888995213021,,,,,,0,0,0.0,no events,False,20.716073680272647,17.31146653499438
1950,34,46,7.0,8.0,17.0,18.0,7.5,17.5,-117.46031498764911,35.89791201420685,,,,,,0,0,0.0,no events,False,21.705859772660176,18.046985127360493
1951,34,47,7.0,8.0,18.0,19.0,7.5,18.5,-117.46030558091354,35.90692449355586,,,,,,0,0,0.0,no events,False,22.696541327133733,18.806926138582863
1952,34,48,7.0,8.0,19.0,20.0,7.5,19.5,-117.4602961706798,35.91593695934778,,,,,,0,0,0.0,no events,False,23.68800599371318,19.588447344724695
1953,34,49,7.0,8.0,20.0,21.0,7.5,20.5,-117.46028675694627,35.924949411581224,,,,,,0,0,0.0,no events,False,24.680159393774055,20.38906736395739
1954,34,50,7.0,8.0,21.0,22.0,7.5,21.5,-117.4602773397113,35.93396185025478,,,,,,0,0,0.0,no events,False,25.67292167724577,21.206623176897658
1955,34,51,7.0,8.0,22.0,23.0,7.5,22.5,-117.4602679189732,35.942974275367135,,,,,,0,0,0.0,no events,False,26.666224839483707,22.039230139954377
1956,34,52,7.0,8.0,23.0,24.0,7.5,23.5,-117.46025849473035,35.95198668691688,,,,,,0,0,0.0,no events,False,27.660010609791893,22.885245547225704
1957,34,53,7.0,8.0,24.0,25.0,7.5,24.5,-117.46024906698108,35.96099908490267,,,,,,0,0,0.0,no events,False,28.654228774784748,23.743236138988184
1958,34,54,7.0,8.0,25.0,26.0,7.5,25.5,-117.46023963572377,35.97001146932311,,,,,,0,0,0.0,no events,False,29.648835835857103,24.611949555992002
1959,34,55,7.0,8.0,26.0,27.0,7.5,26.5,-117.46023020095669,35.979023840176865,,,,,,0,0,0.0,no events,False,30.643793925777313,25.490289514668827
1960,35,0,8.0,9.0,-29.0,-28.0,8.5,-28.5,-117.4497244764994,35.48331524953882,,,,,,0,0,0.0,no events,False,24.83370554452412,34.990382476858805
1961,35,1,8.0,9.0,-28.0,-27.0,8.5,-27.5,-117.44971399590392,35.49232834952362,,,,,,0,0,0.0,no events,False,23.84746466222416,34.06367074276946
1962,35,2,8.0,9.0,-27.0,-26.0,8.5,-26.5,-117.44970351142864,35.501341436015515,,,,,,0,0,0.0,no events,False,22.86241917558009,33.14121999967335
1963,35,3,8.0,9.0,-26.0,-25.0,8.5,-25.5,-117.44969302307176,35.510354509013055,,,,,,0,0,0.0,no events,False,21.878730545985395,32.223396184475796
1964,35,4,8.0,9.0,-25.0,-24.0,8.5,-24.5,-117.4496825308314,35.519367568514824,,,,,,0,0,0.0,no events,False,20.89659039287837,31.310606194333413
1965,35,5,8.0,9.0,-24.0,-23.0,8.5,-23.5,-117.44967203470584,35.52838061451937,,,,,,0,0,0.0,no events,False,19.916227800254713,30.40330342004912
1966,35,6,8.0,9.0,-23.0,-22.0,8.5,-22.5,-117.44966153469318,35.53739364702528,,,,,,0,0,0.0,no events,False,18.93791882799007,29.501994126609663
1967,35,7,8.0,9.0,-22.0,-21.0,8.5,-21.5,-117.44965103079166,35.546406666031096,,,,,,0,0,0.0,no events,False,17.96199903349967,28.60724481737889
1968,35,8,8.0,9.0,-21.0,-20.0,8.5,-20.5,-117.44964052299942,35.55541967153542,,,,,,1,1,2.0,no onset,True,16.98888015801351,27.719690738469502
1969,35,9,8.0,9.0,-20.0,-19.0,8.5,-19.5,-117.44963001131464,35.564432663536806,,,,,,0,0,0.0,no events,False,16.019072656282177,26.840045700991876
1970,35,10,8.0,9.0,-19.0,-18.0,8.5,-18.5,-117.44961949573552,35.57344564203384,,,,,,0,0,0.0,no events,False,15.053216550330678,25.96911342010491
1971,35,11,8.0,9.0,-18.0,-17.0,8.5,-17.5,-117.44960897626022,35.58245860702505,,,,,,0,0,0.0,no events,False,14.092124334359657,25.107800589084132
1972,35,12,8.0,9.0,-17.0,-16.0,8.5,-16.5,-117.44959845288692,35.591471558509085,,,,,,1,1,2.0,no onset,True,13.136841629514825,24.257131920656942
1973,35,13,8.0,9.0,-16.0,-15.0,8.5,-15.5,-117.44958792561376,35.60048449648448,,,,,,0,0,0.0,no events,False,12.188734460265179,23.4182673913143
1974,35,14,8.0,9.0,-15.0,-14.0,8.5,-14.5,-117.449577394439,35.609497420949815,,,,,,0,0,0.0,no events,False,11.249617215121502,22.59252190894224
1975,35,15,8.0,9.0,-14.0,-13.0,8.5,-13.5,-117.4495668593607,35.61851033190368,,,,,,1,1,2.0,no onset,True,10.321943965681086,21.781387577493213
1976,35,16,8.0,9.0,-13.0,-12.0,8.5,-12.5,-117.4495563203771,35.62752322934464,,,,,,0,0,0.0,no events,False,9.409100221305028,20.986558636325206
1977,35,17,8.0,9.0,-12.0,-11.0,8.5,-11.5,-117.44954577748632,35.6365361132713,,,,,,0,0,0.0,no events,False,8.515856194092551,20.209958980434784
1978,35,18,8.0,9.0,-11.0,-10.0,8.5,-10.5,-117.4495352306866,35.64554898368222,,,,,,1,1,2.0,no onset,True,7.649081412978073,19.453771885827106
1979,35,19,8.0,9.0,-10.0,-9.0,8.5,-9.5,-117.449524679976,35.65456184057601,,,,,,0,0,0.0,no events,False,6.818877195423656,18.720471126035736
1980,35,20,8.0,9.0,-9.0,-8.0,8.5,-8.5,-117.4495141253528,35.66357468395124,,,,,,3,1,2.0,no onset,True,6.040341542509904,18.012852016704024
1981,35,21,8.0,9.0,-8.0,-7.0,8.5,-7.5,-117.44950356681508,35.67258751380649,,,,,,5,2,4.0,no onset,True,5.336137713184797,17.33406000827904
1982,35,22,8.0,9.0,-7.0,-6.0,8.5,-6.5,-117.44949300436105,35.68160033014037,,,,,,2,1,2.0,no onset,True,4.739515316778206,16.687613219557768
1983,35,23,8.0,9.0,-6.0,-5.0,8.5,-5.5,-117.44948243798882,35.69061313295147,,,,,,0,0,0.0,no events,False,4.295537822191462,16.077413770893
1984,35,24,8.0,9.0,-5.0,-4.0,8.5,-4.5,-117.44947186769656,35.69962592223837,,,,,,0,0,0.0,no events,False,4.0546621222710435,15.507741039733682
1985,35,25,8.0,9.0,-4.0,-3.0,8.5,-3.5,-117.4494612934825,35.70863869799968,,,,,,6,2,4.0,no onset,True,4.0532609920509275,14.983218304168862
1986,35,26,8.0,9.0,-3.0,-2.0,8.5,-2.5,-117.44945071534477,35.71765146023397,,,,,,1,1,2.0,no onset,True,4.291568992056846,14.508743203507372
1987,35,27,8.0,9.0,-2.0,-1.0,8.5,-1.5,-117.4494401332814,35.726664208939845,,,,,,1,1,2.0,no onset,True,4.7335192148639225,14.089372872497266
1988,35,28,8.0,9.0,-1.0,0.0,8.5,-0.5,-117.44942954729072,35.73567694411591,,,,,,0,0,0.0,no events,False,5.328681253498666,13.730157556823679
1989,35,29,8.0,9.0,0.0,1.0,8.5,0.5,-117.44941895737075,35.74468966576075,,,,,,0,0,0.0,no events,False,6.031872316726396,13.435922935553885
1990,35,30,8.0,9.0,1.0,2.0,8.5,1.5,-117.44940836351974,35.753702373873004,,,,,,0,0,0.0,no events,False,6.809708025252801,13.211011457306492
1991,35,31,8.0,9.0,2.0,3.0,8.5,2.5,-117.4493977657358,35.76271506845123,,,,,,0,0,0.0,no events,False,7.639421649123352,13.059005410827577
1992,35,32,8.0,9.0,3.0,4.0,8.5,3.5,-117.44938716401708,35.771727749494055,,,,,,0,0,0.0,no events,False,8.505845218260012,12.982465902707562
1993,35,33,8.0,9.0,4.0,5.0,8.5,4.5,-117.44937655836168,35.780740417000054,,,,,,0,0,0.0,no events,False,9.398831981735754,12.982727737648393
1994,35,34,8.0,9.0,5.0,6.0,8.5,5.5,-117.44936594876783,35.78975307096786,,,,,,0,0,0.0,no events,False,10.311483034210017,13.059786296293117
1995,35,35,8.0,9.0,6.0,7.0,8.5,6.5,-117.44935533523366,35.79876571139608,,,,,,0,0,0.0,no events,False,11.239008946909115,13.212297934113733
1996,35,36,8.0,9.0,7.0,8.0,8.5,7.5,-117.44934471775726,35.80777833828331,,,,,,1,1,2.0,no onset,True,12.178011407968269,13.437693823522194
1997,35,37,8.0,9.0,8.0,9.0,8.5,8.5,-117.4493340963368,35.81679095162817,,,,,,1,1,2.0,no onset,True,13.126027639636732,13.73238558625802
1998,35,38,8.0,9.0,9.0,10.0,8.5,9.5,-117.44932347097044,35.82580355142926,,,,,,1,1,2.0,no onset,True,14.0812372091521,14.09202655705018
1999,35,39,8.0,9.0,10.0,11.0,8.5,10.5,-117.4493128416563,35.8348161376852,,,,,,2,1,2.0,no onset,True,15.04226981157803,14.511788693319238
2000,35,40,8.0,9.0,11.0,12.0,8.5,11.5,-117.44930220839252,35.84382871039461,,,,,,0,0,0.0,no events,False,16.008076737329,14.986621022581728
2001,35,41,8.0,9.0,12.0,13.0,8.5,12.5,-117.44929157117726,35.85284126955609,,,,,,0,0,0.0,no events,False,16.977843224983438,15.511466992822733
2002,35,42,8.0,9.0,13.0,14.0,8.5,13.5,-117.44928093000864,35.86185381516826,,,,,,0,0,0.0,no events,False,17.95092756143866,16.081430498073534
2003,35,43,8.0,9.0,14.0,15.0,8.5,14.5,-117.44927028488482,35.87086634722973,,,,,,0,0,0.0,no events,False,18.9268180120146,16.691890409995814
2004,35,44,8.0,9.0,15.0,16.0,8.5,15.5,-117.44925963580388,35.879878865739144,,,,,,0,0,0.0,no events,False,19.905101853641003,17.338569838779975
2005,35,45,8.0,9.0,16.0,17.0,8.5,16.5,-117.449248982764,35.8888913706951,,,,,,0,0,0.0,no events,False,20.88544276637976,18.017569276936086
2006,35,46,8.0,9.0,17.0,18.0,8.5,17.5,-117.44923832576326,35.89790386209624,,,,,,0,0,0.0,no events,False,21.867564091403203,18.72537319372118
2007,35,47,8.0,9.0,18.0,19.0,8.5,18.5,-117.44922766479986,35.906916339941155,,,,,,0,0,0.0,no events,False,22.85123626930344,19.45883860457947
2008,35,48,8.0,9.0,19.0,20.0,8.5,19.5,-117.4492169998719,35.915928804228514,,,,,,0,0,0.0,no events,False,23.836267299630432,20.21517248093651
2009,35,49,8.0,9.0,20.0,21.0,8.5,20.5,-117.44920633097747,35.92494125495691,,,,,,0,0,0.0,no events,False,24.82249541289782,20.99190313022984
2010,35,50,8.0,9.0,21.0,22.0,8.5,21.5,-117.44919565811476,35.93395369212498,,,,,,0,0,0.0,no events,False,25.809783382803417,21.786849144011022
2011,35,51,8.0,9.0,22.0,23.0,8.5,22.5,-117.44918498128186,35.94296611573134,,,,,,0,0,0.0,no events,False,26.79801406841816,22.5980882868183
2012,35,52,8.0,9.0,23.0,24.0,8.5,23.5,-117.44917430047693,35.951978525774635,,,,,,0,0,0.0,no events,False,27.787086888607803,23.423927783652655
2013,35,53,8.0,9.0,24.0,25.0,8.5,24.5,-117.449163615698,35.9609909222535,,,,,,0,0,0.0,no events,False,28.776915010107352,24.262876816418853
2014,35,54,8.0,9.0,25.0,26.0,8.5,25.5,-117.44915292694328,35.97000330516656,,,,,,0,0,0.0,no events,False,29.767423087040033,25.113621602701112
2015,35,55,8.0,9.0,26.0,27.0,8.5,26.5,-117.44914223421088,35.979015674512446,,,,,,0,0,0.0,no events,False,30.758545430282396,25.9750031491547
2016,36,0,9.0,10.0,-29.0,-28.0,9.5,-28.5,-117.43870501102394,35.48330615568408,,,,,,0,0,0.0,no events,False,25.015174232720575,35.37333451816253
2017,36,1,9.0,10.0,-28.0,-27.0,9.5,-27.5,-117.4386932974216,35.4923192540009,,,,,,0,0,0.0,no events,False,24.03638037719635,34.45692373861557
2018,36,2,9.0,10.0,-27.0,-26.0,9.5,-26.5,-117.43868157948302,35.501332338824255,,,,,,0,0,0.0,no events,False,23.059406353615696,33.54528867253507
2019,36,3,9.0,10.0,-26.0,-25.0,9.5,-25.5,-117.43866985720616,35.510345410152766,,,,,,0,0,0.0,no events,False,22.08449368052331,32.638829493697386
2020,36,4,9.0,10.0,-25.0,-24.0,9.5,-24.5,-117.438658130589,35.51935846798498,,,,,,0,0,0.0,no events,False,21.111927928755726,31.737989686077956
2021,36,5,9.0,10.0,-24.0,-23.0,9.5,-23.5,-117.4386463996295,35.52837151231946,,,,,,1,1,2.0,no onset,True,20.14204906688687,30.843261628896048
2022,36,6,9.0,10.0,-23.0,-22.0,9.5,-22.5,-117.43863466432563,35.53738454315478,,,,,,0,0,0.0,no events,False,19.17526480538875,29.9551929805747
2023,36,7,9.0,10.0,-22.0,-21.0,9.5,-21.5,-117.4386229246754,35.546397560489496,,,,,,0,0,0.0,no events,False,18.212067979795226,29.07439397645998
2024,36,8,9.0,10.0,-21.0,-20.0,9.5,-20.5,-117.43861118067667,35.55541056432218,,,,,,0,0,0.0,no events,False,17.253059434331778,28.201545767800617
2025,36,9,9.0,10.0,-20.0,-19.0,9.5,-19.5,-117.4385994323275,35.56442355465142,,,,,,0,0,0.0,no events,False,16.298978482975148,27.33740994110988
2026,36,10,9.0,10.0,-19.0,-18.0,9.5,-18.5,-117.43858767962584,35.57343653147578,,,,,,0,0,0.0,no events,False,15.350743934167783,26.482839365959872
2027,36,11,9.0,10.0,-18.0,-17.0,9.5,-17.5,-117.4385759225696,35.58244949479383,,,,,,1,1,2.0,no onset,True,14.409510022075391,25.63879052292004
2028,36,12,9.0,10.0,-17.0,-16.0,9.5,-16.5,-117.4385641611568,35.591462444604126,,,,,,0,0,0.0,no events,False,13.476743628198664,24.80633745785772
2029,36,13,9.0,10.0,-16.0,-15.0,9.5,-15.5,-117.43855239538532,35.60047538090528,,,,,,0,0,0.0,no events,False,12.554332262772697,23.986687488439404
2030,36,14,9.0,10.0,-15.0,-14.0,9.5,-14.5,-117.4385406252532,35.60948830369587,,,,,,1,1,2.0,no onset,True,11.644736935972302,23.181198745168377
2031,36,15,9.0,10.0,-14.0,-13.0,9.5,-13.5,-117.43852885075836,35.61850121297445,,,,,,0,0,0.0,no events,False,10.751211003970656,22.391399551120884
2032,36,16,9.0,10.0,-13.0,-12.0,9.5,-12.5,-117.43851707189874,35.62751410873962,,,,,,0,0,0.0,no events,False,9.878116105604443,21.6190095159995
2033,36,17,9.0,10.0,-12.0,-11.0,9.5,-11.5,-117.43850528867232,35.63652699098996,,,,,,0,0,0.0,no events,False,9.031379603344332,20.8659620206646
2034,36,18,9.0,10.0,-11.0,-10.0,9.5,-10.5,-117.43849350107702,35.64553985972404,,,,,,3,1,2.0,no onset,True,8.2191518591401,20.134427472435316
2035,36,19,9.0,10.0,-10.0,-9.0,9.5,-9.5,-117.43848170911082,35.65455271494046,,,,,,1,1,2.0,no onset,True,7.4527241346710476,19.42683628998038
2036,36,20,9.0,10.0,-9.0,-8.0,9.5,-8.5,-117.43846991277168,35.663565556637806,,,,,,1,1,2.0,no onset,True,6.747720857549641,18.74590000060384
2037,36,21,9.0,10.0,-8.0,-7.0,9.5,-7.5,-117.43845811205746,35.67257838481466,,,,,,3,1,2.0,no onset,True,6.125387866520177,18.09462808204633
2038,36,22,9.0,10.0,-7.0,-6.0,9.5,-6.5,-117.43844630696618,35.68159119946961,,,,,,1,1,2.0,no onset,True,5.613289254903471,17.47633725992149
2039,36,23,9.0,10.0,-6.0,-5.0,9.5,-5.5,-117.4384344974958,35.69060400060125,,,,,,2,1,2.0,no onset,True,5.243820744754431,16.894648934424787
2040,36,24,9.0,10.0,-5.0,-4.0,9.5,-4.5,-117.43842268364422,35.699616788208175,,,,,,0,0,0.0,no events,False,5.048395363580299,16.353469393752544
2041,36,25,9.0,10.0,-4.0,-3.0,9.5,-3.5,-117.4384108654094,35.70862956228897,,,,,,0,0,0.0,no events,False,5.047270102829965,15.856946736599127
2042,36,26,9.0,10.0,-3.0,-2.0,9.5,-2.5,-117.43839904278929,35.71764232284223,,,,,,3,1,2.0,no onset,True,5.24057012497909,15.409398378985541
2043,36,27,9.0,10.0,-2.0,-1.0,9.5,-1.5,-117.4383872157818,35.72665506986657,,,,,,0,0,0.0,no events,False,5.608227436429937,15.015204194323257
2044,36,28,9.0,10.0,-1.0,0.0,9.5,-0.5,-117.43837538438486,35.73566780336054,,,,,,0,0,0.0,no events,False,6.118893259620374,14.67866327674844
2045,36,29,9.0,10.0,0.0,1.0,9.5,0.5,-117.43836354859644,35.7446805233228,,,,,,1,1,2.0,no onset,True,6.74014053759488,14.403817347741665
2046,36,30,9.0,10.0,1.0,2.0,9.5,1.5,-117.43835170841449,35.75369322975191,,,,,,0,0,0.0,no events,False,7.444335713173603,14.19425069463141
2047,36,31,9.0,10.0,2.0,3.0,9.5,2.5,-117.43833986383686,35.76270592264648,,,,,,0,0,0.0,no events,False,8.210162845786561,14.052884094625728
2048,36,32,9.0,10.0,3.0,4.0,9.5,3.5,-117.43832801486155,35.77171860200512,,,,,,1,1,2.0,no onset,True,9.0219406835911,13.981786365551626
2049,36,33,9.0,10.0,4.0,5.0,9.5,4.5,-117.43831616148648,35.78073126782642,,,,,,0,0,0.0,no events,False,9.868335900350088,13.982029486697051
2050,36,34,9.0,10.0,5.0,6.0,9.5,5.5,-117.4383043037096,35.789743920109004,,,,,,0,0,0.0,no events,False,10.741168148113152,14.053609755568365
2051,36,35,9.0,10.0,6.0,7.0,9.5,6.5,-117.43829244152882,35.79875655885146,,,,,,1,1,2.0,no onset,True,11.634488941502445,14.195448064670128
2052,36,36,9.0,10.0,7.0,8.0,9.5,7.5,-117.438280574942,35.8077691840524,,,,,,0,0,0.0,no events,False,12.54392174217636,14.405469251353368
2053,36,37,9.0,10.0,8.0,9.0,9.5,8.5,-117.43826870394714,35.81678179571045,,,,,,0,0,0.0,no events,False,13.466202598273464,14.680747356542442
2054,36,38,9.0,10.0,9.0,10.0,9.5,9.5,-117.43825682854218,35.8257943938242,,,,,,0,0,0.0,no events,False,14.398862877381989,15.017694281798668
2055,36,39,9.0,10.0,10.0,11.0,9.5,10.5,-117.438244948725,35.83480697839227,,,,,,0,0,0.0,no events,False,15.340009514519581,15.412265898838786
2056,36,40,9.0,10.0,11.0,12.0,9.5,11.5,-117.43823306449347,35.84381954941327,,,,,,0,0,0.0,no events,False,16.28817152566406,15.860162002055636
2057,36,41,9.0,10.0,12.0,13.0,9.5,12.5,-117.43822117584564,35.85283210688583,,,,,,0,0,0.0,no events,False,17.242191606444802,16.357002699956677
2058,36,42,9.0,10.0,13.0,14.0,9.5,13.5,-117.43820928277933,35.86184465080854,,,,,,0,0,0.0,no events,False,18.201148621371612,16.898471407832442
2059,36,43,9.0,10.0,14.0,15.0,9.5,14.5,-117.43819738529248,35.870857181180035,,,,,,0,0,0.0,no events,False,19.16430147125535,17.480421462775748
2060,36,44,9.0,10.0,15.0,16.0,9.5,15.5,-117.43818548338297,35.87986969799894,,,,,,0,0,0.0,no events,False,20.131047926649572,18.098948397937697
2061,36,45,9.0,10.0,16.0,17.0,9.5,16.5,-117.43817357704876,35.88888220126386,,,,,,0,0,0.0,no events,False,21.100894065630587,18.750432840501364
2062,36,46,9.0,10.0,17.0,18.0,9.5,17.5,-117.43816166628778,35.89789469097342,,,,,,0,0,0.0,no events,False,22.07343131714837,19.43156016127096
2063,36,47,9.0,10.0,18.0,19.0,9.5,18.5,-117.4381497510979,35.90690716712625,,,,,,0,0,0.0,no events,False,23.048319024535573,20.139322950288896
2064,36,48,9.0,10.0,19.0,20.0,9.5,19.5,-117.43813783147702,35.91591962972096,,,,,,0,0,0.0,no events,False,24.025271061960375,20.871011654708393
2065,36,49,9.0,10.0,20.0,21.0,9.5,20.5,-117.43812590742309,35.9249320787562,,,,,,0,0,0.0,no events,False,25.00404545957659,21.624197698086146
2066,36,50,9.0,10.0,21.0,22.0,9.5,21.5,-117.43811397893398,35.93394451423057,,,,,,0,0,0.0,no events,False,25.984436285755265,22.396712363220963
2067,36,51,9.0,10.0,22.0,23.0,9.5,22.5,-117.4381020460076,35.942956936142714,,,,,,0,0,0.0,no events,False,26.966267239504564,23.1866238007131
2068,36,52,9.0,10.0,23.0,24.0,9.5,23.5,-117.43809010864187,35.95196934449125,,,,,,0,0,0.0,no events,False,27.949386550983174,23.99221377594689
2069,36,53,9.0,10.0,24.0,25.0,9.5,24.5,-117.4380781668347,35.96098173927482,,,,,,0,0,0.0,no events,False,28.933662891521035,24.811955192319616
2070,36,54,9.0,10.0,25.0,26.0,9.5,25.5,-117.43806622058396,35.96999412049207,,,,,,0,0,0.0,no events,False,29.91898206931652,25.644491008023863
2071,36,55,9.0,10.0,26.0,27.0,9.5,26.5,-117.43805426988752,35.9790064881416,,,,,,0,0,0.0,no events,False,30.905244341502716,26.488614868572448
2072,37,0,10.0,11.0,-29.0,-28.0,10.5,-28.5,-117.42768554817437,35.48329605140302,,,,,,0,0,0.0,no events,False,25.234994605004516,35.78014427012263
2073,37,1,10.0,11.0,-28.0,-27.0,10.5,-27.5,-117.4276726015666,35.49230914786649,,,,,,1,1,2.0,no onset,True,24.265069389113833,34.87442505025323
2074,37,2,10.0,11.0,-27.0,-26.0,10.5,-26.5,-117.42765965016616,35.50132223083596,,,,,,0,0,0.0,no events,False,23.297687271538592,33.973994778075046
2075,37,3,10.0,11.0,-26.0,-25.0,10.5,-25.5,-117.42764669397084,35.51033530030998,,,,,,0,0,0.0,no events,False,22.33317872463106,33.07928535769192
2076,37,4,10.0,11.0,-25.0,-24.0,10.5,-24.5,-117.4276337329783,35.51934835628714,,,,,,0,0,0.0,no events,False,21.371932801930097,32.19077380819777
2077,37,5,10.0,11.0,-24.0,-23.0,10.5,-23.5,-117.42762076718633,35.528361398766,,,,,,4,2,4.0,no onset,True,20.414410386639087,31.308987798481958
2078,37,6,10.0,11.0,-23.0,-22.0,10.5,-22.5,-117.42760779659272,35.53737442774509,,,,,,0,0,0.0,no events,False,19.461161095320595,30.434511915922567
2079,37,7,10.0,11.0,-22.0,-21.0,10.5,-21.5,-117.42759482119516,35.54638744322301,,,,,,0,0,0.0,no events,False,18.512845025060898,29.567994760473244
2080,37,8,10.0,11.0,-21.0,-20.0,10.5,-20.5,-117.42758184099152,35.55540044519834,,,,,,0,0,0.0,no events,False,17.570260973184897,28.710156961436375
2081,37,9,10.0,11.0,-20.0,-19.0,10.5,-19.5,-117.4275688559794,35.56441343366963,,,,,,0,0,0.0,no events,False,16.634383379305838,27.861800217237473
2082,37,10,10.0,11.0,-19.0,-18.0,10.5,-18.5,-117.4275558661566,35.57342640863546,,,,,,0,0,0.0,no events,False,15.706411116280782,27.02381745683231
2083,37,11,10.0,11.0,-18.0,-17.0,10.5,-17.5,-117.42754287152094,35.58243937009441,,,,,,0,0,0.0,no events,False,14.787832494910493,26.197204212189042
2084,37,12,10.0,11.0,-17.0,-16.0,10.5,-16.5,-117.42752987207008,35.59145231804504,,,,,,0,0,0.0,no events,False,13.880512585687635,25.383071270633817
2085,37,13,10.0,11.0,-16.0,-15.0,10.5,-15.5,-117.42751686780176,35.600465252485954,,,,,,0,0,0.0,no events,False,12.986811363276784,24.58265863825588
2086,37,14,10.0,11.0,-15.0,-14.0,10.5,-14.5,-117.42750385871378,35.60947817341569,,,,,,0,0,0.0,no events,False,12.109744387444234,23.797350783647257
2087,37,15,10.0,11.0,-14.0,-13.0,10.5,-13.5,-117.42749084480388,35.61849108083286,,,,,,0,0,0.0,no events,False,11.25320171654002,23.02869303531786
2088,37,16,10.0,11.0,-13.0,-12.0,10.5,-12.5,-117.42747782606968,35.62750397473604,,,,,,0,0,0.0,no events,False,10.422244893353898,22.27840886396149
2089,37,17,10.0,11.0,-12.0,-11.0,10.5,-11.5,-117.42746480250908,35.6365168551238,,,,,,0,0,0.0,no events,False,9.623503954430712,21.54841757774288
2090,37,18,10.0,11.0,-11.0,-10.0,10.5,-10.5,-117.42745177411972,35.64552972199473,,,,,,0,0,0.0,no events,False,8.86569050355615,20.840851678847457
2091,37,19,10.0,11.0,-10.0,-9.0,10.5,-9.5,-117.42743874089936,35.65454257534741,,,,,,0,0,0.0,no events,False,8.160214938881687,20.158072757450288
2092,37,20,10.0,11.0,-9.0,-8.0,10.5,-8.5,-117.42742570284572,35.66355541518044,,,,,,0,0,0.0,no events,False,7.521818104198612,19.502684325230717
2093,37,21,10.0,11.0,-8.0,-7.0,10.5,-7.5,-117.42741265995652,35.6725682414924,,,,,,0,0,0.0,no events,False,6.968958841645727,18.877539418169427
2094,37,22,10.0,11.0,-7.0,-6.0,10.5,-6.5,-117.42739961222952,35.681581054281864,,,,,,0,0,0.0,no events,False,6.523421424410223,18.2857401567309
2095,37,23,10.0,11.0,-6.0,-5.0,10.5,-5.5,-117.4273865596624,35.69059385354744,,,,,,0,0,0.0,no events,False,6.208354598793182,17.730625811697156
2096,37,24,10.0,11.0,-5.0,-4.0,10.5,-4.5,-117.42737350225296,35.699606639287715,,,,,,0,0,0.0,no events,False,6.044196106039132,17.215745417186035
2097,37,25,10.0,11.0,-4.0,-3.0,10.5,-3.5,-117.42736043999888,35.7086194115013,,,,,,0,0,0.0,no events,False,6.043256267291728,16.744810804076067
2098,37,26,10.0,11.0,-3.0,-2.0,10.5,-2.5,-117.42734737289788,35.71763217018675,,,,,,0,0,0.0,no events,False,6.205609241328598,16.321626372982657
2099,37,27,10.0,11.0,-2.0,-1.0,10.5,-1.5,-117.42733430094772,35.726644915342696,,,,,,0,0,0.0,no events,False,6.5190663288514745,15.949993293233184
2100,37,28,10.0,11.0,-1.0,0.0,10.5,-0.5,-117.42732122414604,35.73565764696772,,,,,,0,0,0.0,no events,False,6.963251075745236,15.633588348460634
2101,37,29,10.0,11.0,0.0,1.0,10.5,0.5,-117.42730814249065,35.74467036506041,,,,,,0,0,0.0,no events,False,7.515018648531043,15.375821384370482
2102,37,30,10.0,11.0,1.0,2.0,10.5,1.5,-117.42729505597916,35.75368306961937,,,,,,0,0,0.0,no events,False,8.152554509579895,15.179679899095538
2103,37,31,10.0,11.0,2.0,3.0,10.5,2.5,-117.42728196460942,35.76269576064321,,,,,,0,0,0.0,no events,False,8.857357663297426,15.047573905249498
2104,37,32,10.0,11.0,3.0,4.0,10.5,3.5,-117.42726886837904,35.771708438130545,,,,,,0,0,0.0,no events,False,9.614646354363524,14.981197516516701
2105,37,33,10.0,11.0,4.0,5.0,10.5,4.5,-117.42725576728576,35.78072110207995,,,,,,0,0,0.0,no events,False,10.412975764082903,14.981424419053974
2106,37,34,10.0,11.0,5.0,6.0,10.5,5.5,-117.42724266132733,35.789733752490044,,,,,,0,0,0.0,no events,False,11.24360725066827,15.048251600061956
2107,37,35,10.0,11.0,6.0,7.0,10.5,6.5,-117.4272295505014,35.79874638935945,,,,,,0,0,0.0,no events,False,12.099890237154312,15.18079954461252
2108,37,36,10.0,11.0,7.0,8.0,10.5,7.5,-117.42721643480571,35.80775901268674,,,,,,0,0,0.0,no events,False,12.976747801166685,15.377368871450287
2109,37,37,10.0,11.0,8.0,9.0,10.5,8.5,-117.42720331423796,35.81677162247055,,,,,,0,0,0.0,no events,False,13.870278412453965,15.635545145711703
2110,37,38,10.0,11.0,9.0,10.0,10.5,9.5,-117.42719018879583,35.82578421870947,,,,,,0,0,0.0,no events,False,14.777457933720829,15.952337465040328
2111,37,39,10.0,11.0,10.0,11.0,10.5,10.5,-117.4271770584771,35.83479680140213,,,,,,0,0,0.0,no events,False,15.695919938850059,16.324333652356835
2112,37,40,10.0,11.0,11.0,12.0,10.5,11.5,-117.42716392327938,35.84380937054715,,,,,,0,0,0.0,no events,False,16.623794466688192,16.74785561761297
2113,37,41,10.0,11.0,12.0,13.0,10.5,12.5,-117.42715078320042,35.85282192614311,,,,,,0,0,0.0,no events,False,17.5595894660039,17.219101787937454
2114,37,42,10.0,11.0,13.0,14.0,10.5,13.5,-117.42713763823792,35.86183446818867,,,,,,0,0,0.0,no events,False,18.50210317662555,17.734268098184693
2115,37,43,10.0,11.0,14.0,15.0,10.5,14.5,-117.42712448838954,35.8708469966824,,,,,,0,0,0.0,no events,False,19.45035890934662,18.2896436152603
2116,37,44,10.0,11.0,15.0,16.0,10.5,15.5,-117.427111333653,35.879859511622946,,,,,,0,0,0.0,no events,False,20.40355609805069,18.881680597027703
2117,37,45,10.0,11.0,16.0,17.0,10.5,16.5,-117.427098174026,35.88887201300894,,,,,,0,0,0.0,no events,False,21.361033242570542,19.507041312385457
2118,37,46,10.0,11.0,17.0,18.0,10.5,17.5,-117.4270850095062,35.89788450083897,,,,,,0,0,0.0,no events,False,22.322239603904126,20.162625309171755
2119,37,47,10.0,11.0,18.0,19.0,10.5,18.5,-117.42707184009136,35.906896975111685,,,,,,0,0,0.0,no events,False,23.286713393650206,20.84558125725915
2120,37,48,10.0,11.0,19.0,20.0,10.5,19.5,-117.4270586657791,35.91590943582571,,,,,,0,0,0.0,no events,False,24.254064822662407,21.5533073227274
2121,37,49,10.0,11.0,20.0,21.0,10.5,20.5,-117.42704548656712,35.924921882979646,,,,,,0,0,0.0,no events,False,25.223962816453174,22.28344352075942
2122,37,50,10.0,11.0,21.0,22.0,10.5,21.5,-117.42703230245314,35.933934316572135,,,,,,0,0,0.0,no events,False,26.19612452080869,23.033858854690752
2123,37,51,10.0,11.0,22.0,23.0,10.5,22.5,-117.4270191134348,35.942946736601805,,,,,,0,0,0.0,no events,False,27.170306948093476,23.80263540729799
2124,37,52,10.0,11.0,23.0,24.0,10.5,23.5,-117.4270059195098,35.951959143067306,,,,,,0,0,0.0,no events,False,28.146300279033454,24.588050978629774
2125,37,53,10.0,11.0,24.0,25.0,10.5,24.5,-117.42699272067584,35.96097153596721,,,,,,0,0,0.0,no events,False,29.12392245459771,25.388561391355697
2126,37,54,10.0,11.0,25.0,26.0,10.5,25.5,-117.42697951693056,35.96998391530021,,,,,,0,0,0.0,no events,False,30.103014780671437,26.202783213192784
2127,37,55,10.0,11.0,26.0,27.0,10.5,26.5,-117.42696630827172,35.97899628106491,,,,,,0,0,0.0,no events,False,31.08343833344737,27.029477366618064
2128,38,0,11.0,12.0,-29.0,-28.0,11.5,-28.5,-117.416666088227,35.48328493669625,,,,,,0,0,0.0,no events,False,25.49217455486775,36.210007636670696
2129,38,1,11.0,12.0,-28.0,-27.0,11.5,-27.5,-117.41665190861544,35.49229803112105,,,,,,0,0,0.0,no events,False,24.53241943387869,35.31531468984371
2130,38,2,11.0,12.0,-27.0,-26.0,11.5,-26.5,-117.41663772375482,35.50131111205123,,,,,,0,0,0.0,no events,False,23.57600990463931,34.426417911796044
2131,38,3,11.0,12.0,-26.0,-25.0,11.5,-25.5,-117.41662353364256,35.51032417948533,,,,,,0,0,0.0,no events,False,22.623370278708542,33.543778094194636
2132,38,4,11.0,12.0,-25.0,-24.0,11.5,-24.5,-117.41660933827626,35.51933723342192,,,,,,0,0,0.0,no events,False,21.67499763578892,32.66790240323845
2133,38,5,11.0,12.0,-24.0,-23.0,11.5,-23.5,-117.41659513765347,35.52835027385957,,,,,,0,0,0.0,no events,False,20.73147757048101,31.799349773579536
2134,38,6,11.0,12.0,-23.0,-22.0,11.5,-22.5,-117.41658093177172,35.53736330079685,,,,,,0,0,0.0,no events,False,19.79350403539655,30.938736958987086
2135,38,7,11.0,12.0,-22.0,-21.0,11.5,-21.5,-117.41656672062854,35.5463763142323,,,,,,0,0,0.0,no events,False,18.861904509968276,30.08674530773201
2136,38,8,11.0,12.0,-21.0,-20.0,11.5,-20.5,-117.41655250422149,35.55538931416452,,,,,,0,0,0.0,no events,False,17.93767213121769,29.24412833044053
2137,38,9,11.0,12.0,-20.0,-19.0,11.5,-19.5,-117.41653828254806,35.56440230059208,,,,,,0,0,0.0,no events,False,17.022006968362042,28.411720123959675
2138,38,10,11.0,12.0,-19.0,-18.0,11.5,-18.5,-117.41652405560583,35.57341527351354,,,,,,0,0,0.0,no events,False,16.116369348425472,27.590444704592123
2139,38,11,11.0,12.0,-18.0,-17.0,11.5,-17.5,-117.41650982339232,35.58242823292748,,,,,,0,0,0.0,no events,False,15.222549087415361,26.781326285158023
2140,38,12,11.0,12.0,-17.0,-16.0,11.5,-16.5,-117.41649558590504,35.59144117883248,,,,,,1,1,2.0,no onset,True,14.342755678832168,25.985500499067488
2141,38,13,11.0,12.0,-16.0,-15.0,11.5,-15.5,-117.4164813431415,35.60045411122709,,,,,,0,0,0.0,no events,False,13.479735910119846,25.204226526159797
2142,38,14,11.0,12.0,-15.0,-14.0,11.5,-14.5,-117.41646709509926,35.60946703010991,,,,,,0,0,0.0,no events,False,12.636926839642488,24.438900003415
2143,38,15,11.0,12.0,-14.0,-13.0,11.5,-13.5,-117.41645284177586,35.618479935479535,,,,,,0,0,0.0,no events,False,11.818653040612489,23.69106650135992
2144,38,16,11.0,12.0,-13.0,-12.0,11.5,-12.5,-117.41643858316884,35.62749282733451,,,,,,0,0,0.0,no events,False,11.030376214720917,22.96243520550028
2145,38,17,11.0,12.0,-12.0,-11.0,11.5,-11.5,-117.41642431927563,35.63650570567344,,,,,,0,0,0.0,no events,False,10.278999911576179,22.254892252305766
2146,38,18,11.0,12.0,-11.0,-10.0,11.5,-10.5,-117.41641005009384,35.64551857049491,,,,,,0,0,0.0,no events,False,9.573216749143688,21.57051292289267
2147,38,19,11.0,12.0,-10.0,-9.0,11.5,-9.5,-117.41639577562091,35.654531421797486,,,,,,0,0,0.0,no events,False,8.923851112047275,20.911571589711286
2148,38,20,11.0,12.0,-9.0,-8.0,11.5,-8.5,-117.41638149585444,35.663544259579766,,,,,,1,1,2.0,no onset,True,8.34408523529629,20.280547944928923
2149,38,21,11.0,12.0,-8.0,-7.0,11.5,-7.5,-117.41636721079188,35.67255708384033,,,,,,0,0,0.0,no events,False,7.8493565441883,19.680127630213715
2150,38,22,11.0,12.0,-7.0,-6.0,11.5,-6.5,-117.41635292043075,35.68156989457778,,,,,,0,0,0.0,no events,False,7.456610349327223,19.113194974583443
2151,38,23,11.0,12.0,-6.0,-5.0,11.5,-5.5,-117.4163386247686,35.69058269179069,,,,,,0,0,0.0,no events,False,7.182595467210721,18.582815199301272
2152,38,24,11.0,12.0,-5.0,-4.0,11.5,-4.5,-117.41632432380293,35.699595475477665,,,,,,0,0,0.0,no events,False,7.04118721449005,18.09220327451366
2153,38,25,11.0,12.0,-4.0,-3.0,11.5,-3.5,-117.41631001753125,35.70860824563728,,,,,,0,0,0.0,no events,False,7.040380467943496,17.64467675876391
2154,38,26,11.0,12.0,-3.0,-2.0,11.5,-2.5,-117.416295705951,35.71762100226816,,,,,,0,0,0.0,no events,False,7.180222620316339,17.243590592339054
2155,38,27,11.0,12.0,-2.0,-1.0,11.5,-1.5,-117.41628138905976,35.726633745368865,,,,,,0,0,0.0,no events,False,7.452800589121152,16.89225310937367
2156,38,28,11.0,12.0,-1.0,0.0,11.5,-0.5,-117.416267066855,35.735646474938015,,,,,,0,0,0.0,no events,False,7.844289411100711,16.593824565364216
2157,38,29,11.0,12.0,0.0,1.0,11.5,0.5,-117.41625273933424,35.7446591909742,,,,,,0,0,0.0,no events,False,8.33795635086973,16.351202166844658
2158,38,30,11.0,12.0,1.0,2.0,11.5,1.5,-117.41623840649495,35.75367189347601,,,,,,0,0,0.0,no events,False,8.91684674382772,16.16689861711163
2159,38,31,11.0,12.0,2.0,3.0,11.5,2.5,-117.41622406833469,35.76268458244206,,,,,,0,0,0.0,no events,False,9.565500279484246,16.042923969492172
2160,38,32,11.0,12.0,3.0,4.0,11.5,3.5,-117.41620972485087,35.77169725787096,,,,,,0,0,0.0,no events,False,10.270707635830908,15.980682341059378
2161,38,33,11.0,12.0,4.0,5.0,11.5,4.5,-117.41619537604107,35.78070991976127,,,,,,0,0,0.0,no events,False,11.021618532893319,15.980895052555335
2162,38,34,11.0,12.0,5.0,6.0,11.5,5.5,-117.41618102190272,35.78972256811164,,,,,,0,0,0.0,no events,False,11.809517976129237,16.04355961985145
2163,38,35,11.0,12.0,6.0,7.0,11.5,6.5,-117.41616666243333,35.798735202920675,,,,,,0,0,0.0,no events,False,12.627484095116563,16.167949896961847
2164,38,36,11.0,12.0,7.0,8.0,11.5,7.5,-117.41615229763036,35.80774782418695,,,,,,0,0,0.0,no events,False,13.470040620440752,16.35265735180705
2165,38,37,11.0,12.0,8.0,9.0,11.5,8.5,-117.41613792749136,35.81676043190909,,,,,,0,0,0.0,no events,False,14.332851567647872,16.59566814143226
2166,38,38,11.0,12.0,9.0,10.0,11.5,9.5,-117.41612355201376,35.82577302608571,,,,,,0,0,0.0,no events,False,15.212470995999572,16.894466539535664
2167,38,39,11.0,12.0,10.0,11.0,11.5,10.5,-117.41610917119507,35.834785606715435,,,,,,0,0,0.0,no events,False,16.106145210696145,17.246153143539885
2168,38,40,11.0,12.0,11.0,12.0,11.5,11.5,-117.41609478503284,35.84379817379684,,,,,,0,0,0.0,no events,False,17.011659333878413,17.647566315086372
2169,38,41,11.0,12.0,12.0,13.0,11.5,12.5,-117.4160803935244,35.85281072732857,,,,,,0,0,0.0,no events,False,17.927219333623235,18.095397078823986
2170,38,42,11.0,12.0,13.0,14.0,11.5,13.5,-117.41606599666736,35.861823267309234,,,,,,0,0,0.0,no events,False,18.851361563020767,18.586290486141987
2171,38,43,11.0,12.0,14.0,15.0,11.5,14.5,-117.4160515944591,35.87083579373745,,,,,,0,0,0.0,no events,False,19.78288332179207,19.116929477041882
2172,38,44,11.0,12.0,15.0,16.0,11.5,15.5,-117.4160371868972,35.87984830661182,,,,,,0,0,0.0,no events,False,20.720789373659034,19.684099959742465
2173,38,45,11.0,12.0,16.0,17.0,11.5,16.5,-117.41602277397904,35.888860805930975,,,,,,0,0,0.0,no events,False,21.664250552729566,20.284737854359218
2174,38,46,11.0,12.0,17.0,18.0,11.5,17.5,-117.41600835570212,35.89787329169354,,,,,,0,0,0.0,no events,False,22.612571542293576,20.91596013610215
2175,38,47,11.0,12.0,18.0,19.0,11.5,18.5,-117.41599393206396,35.90688576389814,,,,,,0,0,0.0,no events,False,23.56516563700004,21.575082549319593
2176,38,48,11.0,12.0,19.0,20.0,11.5,19.5,-117.41597950306198,35.91589822254338,,,,,,0,0,0.0,no events,False,24.52153484680659,22.259626807403922
2177,38,49,11.0,12.0,20.0,21.0,11.5,20.5,-117.41596506869364,35.92491066762792,,,,,,0,0,0.0,no events,False,25.481254109385038,22.96731991765334
2178,38,50,11.0,12.0,21.0,22.0,11.5,21.5,-117.4159506289564,35.93392309915033,,,,,,0,0,0.0,no events,False,26.44395868116107,23.69608792173882
2179,38,51,11.0,12.0,22.0,23.0,11.5,22.5,-117.41593618384778,35.942935517109284,,,,,,0,0,0.0,no events,False,27.409334002760012,24.444045929217957
2180,38,52,11.0,12.0,23.0,24.0,11.5,23.5,-117.4159217333652,35.9519479215034,,,,,,0,0,0.0,no events,False,28.377107502681774,25.209485912740416
2181,38,53,11.0,12.0,24.0,25.0,11.5,24.5,-117.41590727750614,35.9609603123313,,,,,,0,0,0.0,no events,False,29.347041928662257,25.990863367337337
2182,38,54,11.0,12.0,25.0,26.0,11.5,25.5,-117.41589281626804,35.96997268959163,,,,,,0,0,0.0,no events,False,30.318929890524874,26.78678362876996
2183,38,55,11.0,12.0,26.0,27.0,11.5,26.5,-117.41587834964837,35.97898505328301,,,,,,0,0,0.0,no events,False,31.292589369537076,27.59598839993739
2184,39,0,12.0,13.0,-29.0,-28.0,12.5,-28.5,-117.4056466314583,35.483272811564454,,,,,,0,0,0.0,no events,False,25.78559625754437,36.66211371572446
2185,39,1,12.0,13.0,-28.0,-27.0,12.5,-27.5,-117.40563121884476,35.492285903765286,,,,,,0,0,0.0,no events,False,24.837182088574146,35.77872804753757
2186,39,2,12.0,13.0,-27.0,-26.0,12.5,-26.5,-117.40561580052562,35.501298982470765,,,,,,0,0,0.0,no events,False,23.89297498941667,34.90163576817844
2187,39,3,12.0,13.0,-26.0,-25.0,12.5,-25.5,-117.40560037649828,35.51031204767949,,,,,,0,0,0.0,no events,False,22.95349414770641,34.031323481309585
2188,39,4,12.0,13.0,-25.0,-24.0,12.5,-24.5,-117.40558494676,35.51932509939001,,,,,,0,0,0.0,no events,False,22.01934452550063,33.16832489717371
2189,39,5,12.0,13.0,-24.0,-23.0,12.5,-23.5,-117.40556951130812,35.5283381376009,,,,,,0,0,0.0,no events,False,21.091234508122014,32.31322600854662
2190,39,6,12.0,13.0,-23.0,-22.0,12.5,-22.5,-117.40555407013998,35.53735116231072,,,,,,0,0,0.0,no events,False,20.169997838881862,31.466670838751824
2191,39,7,12.0,13.0,-22.0,-21.0,12.5,-21.5,-117.40553862325294,35.54636417351804,,,,,,1,1,2.0,no onset,True,19.256621005887848,30.629367807209064
2192,39,8,12.0,13.0,-21.0,-20.0,12.5,-20.5,-117.40552317064429,35.555377171221416,,,,,,0,0,0.0,no events,False,18.35227757822727,29.802096752816496
2193,39,9,12.0,13.0,-20.0,-19.0,12.5,-19.5,-117.40550771231132,35.564390155419446,,,,,,0,0,0.0,no events,False,17.458371403203834,28.985716645602814
2194,39,10,12.0,13.0,-19.0,-18.0,12.5,-18.5,-117.4054922482514,35.5734031261107,,,,,,0,0,0.0,no events,False,16.57659107887106,28.181174000635895
2195,39,11,12.0,13.0,-18.0,-17.0,12.5,-17.5,-117.4054767784618,35.5824160832937,,,,,,0,0,0.0,no events,False,15.708978691818567,27.38951198267426
2196,39,12,12.0,13.0,-17.0,-16.0,12.5,-16.5,-117.40546130293986,35.59142902696709,,,,,,0,0,0.0,no events,False,14.858016398022716,26.61188015236799
2197,39,13,12.0,13.0,-16.0,-15.0,12.5,-15.5,-117.40544582168292,35.600441957129405,,,,,,0,0,0.0,no events,False,14.02673486695368,25.84954475109645
2198,39,14,12.0,13.0,-15.0,-14.0,12.5,-14.5,-117.40543033468823,35.60945487377923,,,,,,0,0,0.0,no events,False,13.218847558381034,25.103899347190637
2199,39,15,12.0,13.0,-14.0,-13.0,12.5,-13.5,-117.40541484195316,35.61846777691515,,,,,,0,0,0.0,no events,False,12.438913558491286,24.376475566185096
2200,39,16,12.0,13.0,-13.0,-12.0,12.5,-12.5,-117.40539934347495,35.62748066653574,,,,,,0,0,0.0,no events,False,11.69252796701896,23.668953496590415
2201,39,17,12.0,13.0,-12.0,-11.0,12.5,-11.5,-117.405383839251,35.636493542639585,,,,,,0,0,0.0,no events,False,10.986530389682752,22.98317119587069
2202,39,18,12.0,13.0,-11.0,-10.0,12.5,-10.5,-117.40536832927852,35.64550640522526,,,,,,0,0,0.0,no events,False,10.329205668749402,22.321132516376508
2203,39,19,12.0,13.0,-10.0,-9.0,12.5,-9.5,-117.40535281355488,35.65451925429136,,,,,,1,1,2.0,no onset,True,9.730422883473613,21.685012229846244
2204,39,20,12.0,13.0,-9.0,-8.0,12.5,-8.5,-117.40533729207736,35.663532089836465,,,,,,0,0,0.0,no events,False,9.201617750978851,21.077157161332778
2205,39,21,12.0,13.0,-8.0,-7.0,12.5,-7.5,-117.40532176484322,35.67254491185916,,,,,,0,0,0.0,no events,False,8.75547879781747,20.500081770531118
2206,39,22,12.0,13.0,-7.0,-6.0,12.5,-6.5,-117.40530623184978,35.68155772035803,,,,,,0,0,0.0,no events,False,8.405179874513893,19.956456378661084
2207,39,23,12.0,13.0,-6.0,-5.0,12.5,-5.5,-117.40529069309436,35.69057051533168,,,,,,1,1,2.0,no onset,True,8.163068569284198,19.449086091339694
2208,39,24,12.0,13.0,-5.0,-4.0,12.5,-4.5,-117.40527514857423,35.699583296778684,,,,,,0,0,0.0,no events,False,8.038925811993645,18.980878493454505
2209,39,25,12.0,13.0,-4.0,-3.0,12.5,-3.5,-117.40525959828668,35.70859606469763,,,,,,0,0,0.0,no events,False,8.038219202947866,18.554798489291773
2210,39,26,12.0,13.0,-3.0,-2.0,12.5,-2.5,-117.40524404222904,35.71760881908713,,,,,,1,1,2.0,no onset,True,8.160980804936498,18.17380933027429
2211,39,27,12.0,13.0,-2.0,-1.0,12.5,-1.5,-117.40522848039852,35.72662155994578,,,,,,0,0,0.0,no events,False,8.40180025009189,17.840799986774844
2212,39,28,12.0,13.0,-1.0,0.0,12.5,-0.5,-117.40521291279248,35.73563428727216,,,,,,0,0,0.0,no events,False,8.750936360547154,17.558500584134336
2213,39,29,12.0,13.0,0.0,1.0,12.5,0.5,-117.40519733940818,35.74464700106487,,,,,,0,0,0.0,no events,False,9.196060402707696,17.329389526408203
2214,39,30,12.0,13.0,1.0,2.0,12.5,1.5,-117.40518176024288,35.753659701322526,,,,,,0,0,0.0,no events,False,9.72399952047256,17.15559791884057
2215,39,31,12.0,13.0,2.0,3.0,12.5,2.5,-117.40516617529389,35.76267238804371,,,,,,0,0,0.0,no events,False,10.322054370039558,17.038818578406996
2216,39,32,12.0,13.0,3.0,4.0,12.5,3.5,-117.40515058455844,35.771685061227025,,,,,,0,0,0.0,no events,False,10.978772525285095,16.98022782953185
2217,39,33,12.0,13.0,4.0,5.0,12.5,4.5,-117.40513498803384,35.78069772087108,,,,,,0,0,0.0,no events,False,11.684266596832554,16.980428019862998
2218,39,34,12.0,13.0,5.0,6.0,12.5,5.5,-117.40511938571738,35.789710366974475,,,,,,0,0,0.0,no events,False,12.430234336075856,17.03941707725616
2219,39,35,12.0,13.0,6.0,7.0,12.5,6.5,-117.40510377760631,35.79872299953583,,,,,,0,0,0.0,no events,False,13.209820793396908,17.15658861567851
2220,39,36,12.0,13.0,7.0,8.0,12.5,7.5,-117.40508816369793,35.807735618553735,,,,,,0,0,0.0,no events,False,14.017417919772653,17.330762577641238
2221,39,37,12.0,13.0,8.0,9.0,12.5,8.5,-117.40507254398948,35.8167482240268,,,,,,0,0,0.0,no events,False,14.848455976345338,17.560242883215214
2222,39,38,12.0,13.0,9.0,10.0,12.5,9.5,-117.40505691847824,35.82576081595364,,,,,,0,0,0.0,no events,False,15.699212866426386,17.842895749077588
2223,39,39,12.0,13.0,10.0,11.0,12.5,10.5,-117.40504128716144,35.834773394332856,,,,,,0,0,0.0,no events,False,16.566650970225393,18.17624073639518
2224,39,40,12.0,13.0,11.0,12.0,12.5,11.5,-117.40502565003642,35.843785959163085,,,,,,0,0,0.0,no events,False,17.448282554829632,18.557546333023986
2225,39,41,12.0,13.0,12.0,13.0,12.5,12.5,-117.40501000710036,35.85279851044292,,,,,,0,0,0.0,no events,False,18.342061058045637,18.983922790015573
2226,39,42,12.0,13.0,13.0,14.0,12.5,13.5,-117.40499435835058,35.86181104817098,,,,,,0,0,0.0,no events,False,19.24629428230215,19.452406614406687
2227,39,43,12.0,13.0,14.0,15.0,12.5,14.5,-117.4049787037843,35.87082357234587,,,,,,0,0,0.0,no events,False,20.159575475313922,19.960033108368172
2228,39,44,12.0,13.0,15.0,16.0,12.5,15.5,-117.4049630433988,35.87983608296624,,,,,,0,0,0.0,no events,False,21.080728713419294,20.503895246564593
2229,39,45,12.0,13.0,16.0,17.0,12.5,16.5,-117.4049473771913,35.888848580030675,,,,,,0,0,0.0,no events,False,22.008765590843183,21.081188744400414
2230,39,46,12.0,13.0,17.0,18.0,12.5,17.5,-117.4049317051591,35.89786106353782,,,,,,0,0,0.0,no events,False,22.94285079445414,21.68924428079446
2231,39,47,12.0,13.0,18.0,19.0,12.5,18.5,-117.40491602729944,35.906873533486284,,,,,,0,0,0.0,no events,False,23.882274647120344,22.325548505398825
2232,39,48,12.0,13.0,19.0,20.0,12.5,19.5,-117.40490034360953,35.91588598987469,,,,,,0,0,0.0,no events,False,24.826431118152872,22.98775575522448
2233,39,49,12.0,13.0,20.0,21.0,12.5,20.5,-117.40488465408669,35.92489843270166,,,,,,0,0,0.0,no events,False,25.77480013129668,23.673692429716088
2234,39,50,12.0,13.0,21.0,22.0,12.5,21.5,-117.40486895872804,35.933910861965835,,,,,,0,0,0.0,no events,False,26.7269332612665,24.381355824722654
2235,39,51,12.0,13.0,22.0,23.0,12.5,22.5,-117.40485325753096,35.94292327766583,,,,,,0,0,0.0,no events,False,27.6824421122143,25.108908985590705
2236,39,52,12.0,13.0,23.0,24.0,12.5,23.5,-117.40483755049262,35.95193567980028,,,,,,0,0,0.0,no events,False,28.640988827901836,25.854672866652525
2237,39,53,12.0,13.0,24.0,25.0,12.5,24.5,-117.40482183761026,35.9609480683678,,,,,,0,0,0.0,no events,False,29.602278303939716,26.61711681675081
2238,39,54,12.0,13.0,25.0,26.0,12.5,25.5,-117.40480611888113,35.96996044336704,,,,,,0,0,0.0,no events,False,30.566051765443998,27.39484816952814
2239,39,55,12.0,13.0,26.0,27.0,12.5,26.5,-117.40479039430244,35.978972804796626,,,,,,0,0,0.0,no events,False,31.532081445278937,28.186601512534992
2240,40,0,13.0,14.0,-29.0,-28.0,13.5,-28.5,-117.39462717814467,35.483259676008394,,,,,,0,0,0.0,no events,False,26.1140380864072,37.13565013786176
2241,40,1,13.0,14.0,-28.0,-27.0,13.5,-27.5,-117.39461053253102,35.49227276579989,,,,,,0,0,0.0,no events,False,25.17799882679773,36.26380164512006
2242,40,2,13.0,14.0,-27.0,-26.0,13.5,-26.5,-117.39459388075532,35.5012858420953,,,,,,0,0,0.0,no events,False,24.247067135349173,35.39873032117894
2243,40,3,13.0,14.0,-26.0,-25.0,13.5,-25.5,-117.39457722281476,35.5102989048932,,,,,,0,0,0.0,no events,False,23.321854652021827,34.54094536845356
2244,40,4,13.0,14.0,-25.0,-24.0,13.5,-24.5,-117.39456055870644,35.519311954192155,,,,,,0,0,0.0,no events,False,22.403069971634118,33.69100333236507
2245,40,5,13.0,14.0,-24.0,-23.0,13.5,-23.5,-117.39454388842742,35.52832498999074,,,,,,0,0,0.0,no events,False,21.49153749497314,32.84951299694372
2246,40,6,13.0,14.0,-23.0,-22.0,13.5,-22.5,-117.39452721197485,35.537338012287464,,,,,,0,0,0.0,no events,False,20.588220506924305,32.017140764461075
2247,40,7,13.0,14.0,-22.0,-21.0,13.5,-21.5,-117.39451052934584,35.54635102108098,,,,,,0,0,0.0,no events,False,19.69424950044151,31.19461654398489
2248,40,8,13.0,14.0,-21.0,-20.0,13.5,-20.5,-117.3944938405375,35.5553640163698,,,,,,0,0,0.0,no events,False,18.81095699664275,30.382740164790867
2249,40,9,13.0,14.0,-20.0,-19.0,13.5,-19.5,-117.39447714554692,35.56437699815249,,,,,,0,0,0.0,no events,False,17.93992036976321,29.58238831663422
2250,40,10,13.0,14.0,-19.0,-18.0,13.5,-18.5,-117.39446044437123,35.57338996642766,,,,,,0,0,0.0,no events,False,17.083014447612786,28.79452199830859
2251,40,11,13.0,14.0,-18.0,-17.0,13.5,-17.5,-117.39444373700752,35.582402921193854,,,,,,0,0,0.0,no events,False,16.24247586919092,28.020194426627697
2252,40,12,13.0,14.0,-17.0,-16.0,13.5,-16.5,-117.39442702345288,35.59141586244965,,,,,,0,0,0.0,no events,False,15.420981230296322,27.260559317463724
2253,40,13,13.0,14.0,-16.0,-15.0,13.5,-15.5,-117.39441030370445,35.60042879019365,,,,,,0,0,0.0,no events,False,14.621740725681523,26.516879395884782
2254,40,14,13.0,14.0,-15.0,-14.0,13.5,-14.5,-117.39439357775925,35.60944170442439,,,,,,0,0,0.0,no events,False,13.84860792978687,25.790534920602934
2255,40,15,13.0,14.0,-14.0,-13.0,13.5,-13.5,-117.3943768456144,35.618454605140464,,,,,,0,0,0.0,no events,False,13.106203925502529,25.083031915734985
2256,40,16,13.0,14.0,-13.0,-12.0,13.5,-12.5,-117.39436010726703,35.62746749234047,,,,,,0,0,0.0,no events,False,12.400049237029668,24.396009687666556
2257,40,17,13.0,14.0,-12.0,-11.0,13.5,-11.5,-117.39434336271422,35.63648036602297,,,,,,0,0,0.0,no events,False,11.736688665235276,23.731247065328468
2258,40,18,13.0,14.0,-11.0,-10.0,13.5,-10.5,-117.39432661195303,35.64549322618656,,,,,,0,0,0.0,no events,False,11.123780857629493,23.090666639804954
2259,40,19,13.0,14.0,-10.0,-9.0,13.5,-9.5,-117.39430985498056,35.654506072829804,,,,,,0,0,0.0,no events,False,10.570105974514469,22.476336099674743
2260,40,20,13.0,14.0,-9.0,-8.0,13.5,-8.5,-117.39429309179393,35.6635189059513,,,,,,0,0,0.0,no events,False,10.085424138645267,21.89046557431985
2261,40,21,13.0,14.0,-8.0,-7.0,13.5,-7.5,-117.39427632239014,35.67253172554963,,,,,,0,0,0.0,no events,False,9.680104327964177,21.335399730387593
2262,40,22,13.0,14.0,-7.0,-6.0,13.5,-6.5,-117.39425954676636,35.68154453162338,,,,,,0,0,0.0,no events,False,9.364457247709177,20.813603250046917
2263,40,23,13.0,14.0,-6.0,-5.0,13.5,-5.5,-117.3942427649196,35.69055732417115,,,,,,0,0,0.0,no events,False,9.147770181201269,20.327638299746088
2264,40,24,13.0,14.0,-5.0,-4.0,13.5,-4.5,-117.39422597684698,35.699570103191526,,,,,,0,0,0.0,no events,False,9.037164324719189,19.880132731957413
2265,40,25,13.0,14.0,-4.0,-3.0,13.5,-3.5,-117.39420918254557,35.70858286868309,,,,,,0,0,0.0,no events,False,9.036535772954112,19.47373811149737
2266,40,26,13.0,14.0,-3.0,-2.0,13.5,-2.5,-117.39419238201242,35.71759562064445,,,,,,1,1,2.0,no onset,True,9.145907200479433,19.11107727549982
2267,40,27,13.0,14.0,-2.0,-1.0,13.5,-1.5,-117.3941755752446,35.726608359074184,,,,,,0,0,0.0,no events,False,9.361423944234321,18.794682046394563
2268,40,28,13.0,14.0,-1.0,0.0,13.5,-0.5,-117.3941587622392,35.73562108397091,,,,,,0,0,0.0,no events,False,9.675995969799999,18.52692289129543
2269,40,29,13.0,14.0,0.0,1.0,13.5,0.5,-117.39414194299329,35.744633795333215,,,,,,1,1,2.0,no onset,True,10.080354048915542,18.309933654029095
2270,40,30,13.0,14.0,1.0,2.0,13.5,1.5,-117.39412511750392,35.75364649315967,,,,,,0,0,0.0,no events,False,10.564193177682341,18.145535787346915
2271,40,31,13.0,14.0,2.0,3.0,13.5,2.5,-117.39410828576814,35.76265917744892,,,,,,0,0,0.0,no events,False,11.117140695308855,18.0351675236142
2272,40,32,13.0,14.0,3.0,4.0,13.5,3.5,-117.39409144778304,35.77167184819954,,,,,,0,0,0.0,no events,False,11.729426967383974,17.979823864536847
2273,40,33,13.0,14.0,4.0,5.0,13.5,4.5,-117.39407460354568,35.780684505410136,,,,,,0,0,0.0,no events,False,12.392259548891662,17.980012925320974
2274,40,34,13.0,14.0,5.0,6.0,13.5,5.5,-117.39405775305308,35.78969714907932,,,,,,0,0,0.0,no events,False,13.097966883108183,18.03573295959024
2275,40,35,13.0,14.0,6.0,7.0,13.5,6.5,-117.39404089630231,35.798709779205694,,,,,,0,0,0.0,no events,False,13.83999191527585,18.14647243914338
2276,40,36,13.0,14.0,7.0,8.0,13.5,7.5,-117.39402403329044,35.80772239578784,,,,,,0,0,0.0,no events,False,14.612803151989798,18.311233180196545
2277,40,37,13.0,14.0,8.0,9.0,13.5,8.5,-117.39400716401448,35.81673499882441,,,,,,0,0,0.0,no events,False,15.411770037951682,18.52857412685799
2278,40,38,13.0,14.0,9.0,10.0,13.5,9.5,-117.39399028847156,35.825747588313995,,,,,,0,0,0.0,no events,False,16.233030999989104,18.796671454526514
2279,40,39,13.0,14.0,10.0,11.0,13.5,10.5,-117.39397340665865,35.83476016425519,,,,,,0,0,0.0,no events,False,17.073369180993815,19.113389452536993
2280,40,40,13.0,14.0,11.0,12.0,13.5,11.5,-117.3939565185728,35.84377272664662,,,,,,0,0,0.0,no events,False,17.930102479752076,19.476356306026364
2281,40,41,13.0,14.0,12.0,13.0,13.5,12.5,-117.39393962421109,35.852785275486895,,,,,,0,0,0.0,no events,False,18.80098972603075,19.883039343979416
2282,40,42,13.0,14.0,13.0,14.0,13.5,13.5,-117.39392272357055,35.86179781077463,,,,,,0,0,0.0,no events,False,19.6841523673796,20.330815334097498
2283,40,43,13.0,14.0,14.0,15.0,13.5,14.5,-117.3939058166482,35.87081033250846,,,,,,0,0,0.0,no events,False,20.57800996612933,20.817032707475732
2284,40,44,13.0,14.0,15.0,16.0,13.5,15.5,-117.3938889034411,35.87982284068698,,,,,,0,0,0.0,no events,False,21.481227476799834,21.339063928369843
2285,40,45,13.0,14.0,16.0,17.0,13.5,16.5,-117.39387198394624,35.888835335308805,,,,,,0,0,0.0,no events,False,22.39267232051419,21.894347396850986
2286,40,46,13.0,14.0,17.0,18.0,13.5,17.5,-117.39385505816072,35.89784781637257,,,,,,0,0,0.0,no events,False,23.311379482944044,22.480419180454266
2287,40,47,13.0,14.0,18.0,19.0,13.5,18.5,-117.39383812608152,35.90686028387689,,,,,,0,0,0.0,no events,False,24.23652312403177,23.094935486462752
2288,40,48,13.0,14.0,19.0,20.0,13.5,19.5,-117.39382118770568,35.91587273782039,,,,,,0,0,0.0,no events,False,25.16739344639466,23.73568713390908
2289,40,49,13.0,14.0,20.0,21.0,13.5,20.5,-117.39380424303026,35.924885178201684,,,,,,0,0,0.0,no events,False,26.10337780114924,24.400607416901686
2290,40,50,13.0,14.0,21.0,22.0,13.5,21.5,-117.3937872920522,35.93389760501943,,,,,,0,0,0.0,no events,False,27.04394520726281,25.087774730109047
2291,40,51,13.0,14.0,22.0,23.0,13.5,22.5,-117.39377033476862,35.942910018272215,,,,,,0,0,0.0,no events,False,27.988633623621844,25.795411210206332
2292,40,52,13.0,14.0,23.0,24.0,13.5,23.5,-117.39375337117652,35.951922417958684,,,,,,0,0,0.0,no events,False,28.937039445341284,26.521878479824522
2293,40,53,13.0,14.0,24.0,25.0,13.5,24.5,-117.39373640127286,35.96093480407747,,,,,,0,0,0.0,no events,False,29.888808802043943,27.265671396345986
2294,40,54,13.0,14.0,25.0,26.0,13.5,25.5,-117.3937194250547,35.969947176627194,,,,,,0,0,0.0,no events,False,30.843630320522283,28.025410528455424
2295,40,55,13.0,14.0,26.0,27.0,13.5,26.5,-117.39370244251906,35.978959535606506,,,,,,0,0,0.0,no events,False,31.80122908148274,28.79983392110796
2296,41,0,14.0,15.0,-29.0,-28.0,14.5,-28.5,-117.3836077285625,35.483245530028874,,,,,,0,0,0.0,no events,False,26.476196781251744,37.62980786847885
2297,41,1,14.0,15.0,-28.0,-27.0,14.5,-27.5,-117.3835898499508,35.4922586172257,,,,,,0,0,0.0,no events,False,25.55342708412058,36.76967825278831
2298,41,2,14.0,15.0,-27.0,-26.0,14.5,-26.5,-117.38357196472066,35.501271690925655,,,,,,0,0,0.0,no events,False,24.636685562132126,35.916793250630185
2299,41,3,14.0,15.0,-26.0,-25.0,14.5,-25.5,-117.38355407286896,35.51028475112729,,,,,,0,0,0.0,no events,False,23.726670968158842,35.071681396868534
2300,41,4,14.0,15.0,-25.0,-24.0,14.5,-24.5,-117.38353617439265,35.51929779782917,,,,,,0,0,0.0,no events,False,22.824187936817683,34.234918352442364
2301,41,5,14.0,15.0,-24.0,-23.0,14.5,-23.5,-117.38351826928854,35.528310831029856,,,,,,0,0,0.0,no events,False,21.930166317633706,33.40713147208745
2302,41,6,14.0,15.0,-23.0,-22.0,14.5,-22.5,-117.3835003575536,35.537323850727915,,,,,,0,0,0.0,no events,False,21.045684461736524,32.58900476829994
2303,41,7,14.0,15.0,-22.0,-21.0,14.5,-21.5,-117.38348243918472,35.546336856921926,,,,,,0,0,0.0,no events,False,20.171997278576068,31.781284278380202
2304,41,8,14.0,15.0,-21.0,-20.0,14.5,-20.5,-117.3834645141788,35.55534984961043,,,,,,1,1,2.0,no onset,True,19.310570005848675,30.98478382977937
2305,41,9,14.0,15.0,-20.0,-19.0,14.5,-19.5,-117.3834465825327,35.56436282879202,,,,,,0,0,0.0,no events,False,18.463118742365403,30.200391182451554
2306,41,10,14.0,15.0,-19.0,-18.0,14.5,-18.5,-117.38342864424332,35.573375794465264,,,,,,0,0,0.0,no events,False,17.63165883967208,29.42907450410288
2307,41,11,14.0,15.0,-18.0,-17.0,14.5,-17.5,-117.38341069930756,35.58238874662872,,,,,,0,0,0.0,no events,False,16.81856216156687,28.671889103492617
2308,41,12,14.0,15.0,-17.0,-16.0,14.5,-16.5,-117.3833927477223,35.591401685280985,,,,,,0,0,0.0,no events,False,16.02662387798475,27.92998430643883
2309,41,13,14.0,15.0,-16.0,-15.0,14.5,-15.5,-117.38337478948442,35.60041461042062,,,,,,0,0,0.0,no events,False,15.259138660825293,27.204610306947234
2310,41,14,14.0,15.0,-15.0,-14.0,14.5,-14.5,-117.3833568245908,35.6094275220462,,,,,,0,0,0.0,no events,False,14.519984587257499,26.497124760015005
2311,41,15,14.0,15.0,-14.0,-13.0,14.5,-13.5,-117.38333885303832,35.61844042015632,,,,,,0,0,0.0,no events,False,13.813710296589306,25.808998801633912
2312,41,16,14.0,15.0,-13.0,-12.0,14.5,-12.5,-117.38332087482384,35.62745330474952,,,,,,0,0,0.0,no events,False,13.145616451958409,25.141822084679568
2313,41,17,14.0,15.0,-12.0,-11.0,14.5,-11.5,-117.38330288994428,35.636466175824424,,,,,,0,0,0.0,no events,False,12.521815828620934,24.497306307686603
2314,41,18,14.0,15.0,-11.0,-10.0,14.5,-10.5,-117.38328489839648,35.6454790333796,,,,,,0,0,0.0,no events,False,11.949247314781124,23.877286590556356
2315,41,19,14.0,15.0,-10.0,-9.0,14.5,-9.5,-117.38326690017728,35.654491877413626,,,,,,0,0,0.0,no events,False,11.435608909616752,23.283719924498808
2316,41,20,14.0,15.0,-9.0,-8.0,14.5,-8.5,-117.38324889528364,35.66350470792508,,,,,,0,0,0.0,no events,False,10.98916697832953,22.718679805777523
2317,41,21,14.0,15.0,-8.0,-7.0,14.5,-7.5,-117.38323088371232,35.672517524912564,,,,,,0,0,0.0,no events,False,10.61840056795327,22.18434607358044
2318,41,22,14.0,15.0,-7.0,-6.0,14.5,-6.5,-117.38321286546024,35.68153032837466,,,,,,0,0,0.0,no events,False,10.331460224257386,21.682988938504867
2319,41,23,14.0,15.0,-6.0,-5.0,14.5,-5.5,-117.38319484052433,35.69054311830996,,,,,,0,0,0.0,no events,False,10.135467927496718,21.216946243563537
2320,41,24,14.0,15.0,-5.0,-4.0,14.5,-4.5,-117.38317680890128,35.69955589471703,,,,,,0,0,0.0,no events,False,10.035753576748323,20.788593182252747
2321,41,25,14.0,15.0,-4.0,-3.0,14.5,-3.5,-117.3831587705881,35.70856865759449,,,,,,0,0,0.0,no events,False,10.035187571596204,20.40030404411037
2322,41,26,14.0,15.0,-3.0,-2.0,14.5,-2.5,-117.38314072558155,35.71758140694094,,,,,,0,0,0.0,no events,False,10.133786525333019,20.054406091607063
2323,41,27,14.0,15.0,-2.0,-1.0,14.5,-1.5,-117.38312267387856,35.72659414275493,,,,,,0,0,0.0,no events,False,10.328710911092594,19.753126392599906
2324,41,28,14.0,15.0,-1.0,0.0,14.5,-0.5,-117.38310461547592,35.73560686503509,,,,,,0,0,0.0,no events,False,10.614655379654366,19.498533300660526
2325,41,29,14.0,15.0,0.0,1.0,14.5,0.5,-117.38308655037052,35.74461957378001,,,,,,0,0,0.0,no events,False,10.984514034436277,19.292475203350868
2326,41,30,14.0,15.0,1.0,2.0,14.5,1.5,-117.38306847855918,35.75363226898829,,,,,,0,0,0.0,no events,False,11.430143844966679,19.13652000931331
2327,41,31,14.0,15.0,2.0,3.0,14.5,2.5,-117.38305040003875,35.762644950658526,,,,,,0,0,0.0,no events,False,11.943066108019824,19.031899449655285
2328,41,32,14.0,15.0,3.0,4.0,14.5,3.5,-117.38303231480609,35.77165761878932,,,,,,0,0,0.0,no events,False,12.515009700532955,18.979462459635933
2329,41,33,14.0,15.0,4.0,5.0,14.5,4.5,-117.38301422285804,35.780670273379265,,,,,,0,0,0.0,no events,False,13.138268818544402,18.979641562781687
2330,41,34,14.0,15.0,5.0,6.0,14.5,5.5,-117.3829961241914,35.78968291442698,,,,,,0,0,0.0,no events,False,13.805895381764932,19.032435273674533
2331,41,35,14.0,15.0,6.0,7.0,14.5,6.5,-117.38297801880309,35.79869554193107,,,,,,0,0,0.0,no events,False,14.511767192045923,19.137408158931844
2332,41,36,14.0,15.0,7.0,8.0,14.5,7.5,-117.38295990668983,35.807708155890126,,,,,,0,0,0.0,no events,False,15.250574637699478,19.293708550625816
2333,41,37,14.0,15.0,8.0,9.0,14.5,8.5,-117.38294178784854,35.816720756302765,,,,,,0,0,0.0,no events,False,16.017760970995436,19.500102262076272
2334,41,38,14.0,15.0,9.0,10.0,14.5,9.5,-117.382923662276,35.8257333431676,,,,,,0,0,0.0,no events,False,16.809440986179368,19.755019281852718
2335,41,39,14.0,15.0,10.0,11.0,14.5,10.5,-117.38290552996908,35.83474591648322,,,,,,0,0,0.0,no events,False,17.622313866565566,20.056609519590126
2336,41,40,14.0,15.0,11.0,12.0,14.5,11.5,-117.3828873909246,35.84375847624828,,,,,,0,0,0.0,no events,False,18.4535792125986,20.40280333719496
2337,41,41,14.0,15.0,12.0,13.0,14.5,12.5,-117.38286924513936,35.85277102246133,,,,,,0,0,0.0,no events,False,19.3008607450433,20.791372792848342
2338,41,42,14.0,15.0,13.0,14.0,14.5,13.5,-117.38285109261015,35.86178355512106,,,,,,0,0,0.0,no events,False,20.16213940144883,21.219990132093248
2339,41,43,14.0,15.0,14.0,15.0,14.5,14.5,-117.38283293333387,35.870796074226014,,,,,,0,0,0.0,no events,False,21.035695971071593,21.68628091215908
2340,41,44,14.0,15.0,15.0,16.0,14.5,15.5,-117.38281476730728,35.87980857977486,,,,,,0,0,0.0,no events,False,21.92006260783166,22.187870073443637
2341,41,45,14.0,15.0,16.0,17.0,14.5,16.5,-117.38279659452724,35.88882107176618,,,,,,0,0,0.0,no events,False,22.81398221431677,22.722420139390003
2342,41,46,14.0,15.0,17.0,18.0,14.5,17.5,-117.3827784149905,35.897833550198634,,,,,,0,0,0.0,no events,False,23.716374601086567,23.28766144519232
2343,41,47,14.0,15.0,18.0,19.0,14.5,18.5,-117.38276022869393,35.9068460150708,,,,,,0,0,0.0,no events,False,24.626308370581373,23.881414827870593
2344,41,48,14.0,15.0,19.0,20.0,14.5,19.5,-117.38274203563428,35.91585846638132,,,,,,0,0,0.0,no events,False,25.54297758106655,24.501607554929492
2345,41,49,14.0,15.0,20.0,21.0,14.5,20.5,-117.38272383580843,35.92487090412883,,,,,,0,0,0.0,no events,False,26.465682372664613,25.146283450456817
2346,41,50,14.0,15.0,21.0,22.0,14.5,21.5,-117.38270562921312,35.933883328311936,,,,,,0,0,0.0,no events,False,27.393812863394402,25.81360823220301
2347,41,51,14.0,15.0,22.0,23.0,14.5,22.5,-117.3826874158452,35.94289573892927,,,,,,0,0,0.0,no events,False,28.326835738193118,26.501871038864397
2348,41,52,14.0,15.0,23.0,24.0,14.5,23.5,-117.38266919570144,35.951908135979465,,,,,,0,0,0.0,no events,False,29.2642830543049,27.20948303727103
2349,41,53,14.0,15.0,24.0,25.0,14.5,24.5,-117.38265096877863,35.96092051946114,,,,,,0,0,0.0,no events,False,30.205742871619282,27.934973881328055
2350,41,54,14.0,15.0,25.0,26.0,14.5,25.5,-117.38263273507356,35.96993288937294,,,,,,0,0,0.0,no events,False,31.15085138756694,28.676986667804222
2351,41,55,14.0,15.0,26.0,27.0,14.5,26.5,-117.38261449458312,35.97894524571348,,,,,,0,0,0.0,no events,False,32.099286314717084,29.434271911164398
2352,42,0,15.0,16.0,-29.0,-28.0,15.5,-28.5,-117.37258828298818,35.48323037362676,,,,,,0,0,0.0,no events,False,26.870709086676605,38.143785460748305
2353,42,1,15.0,16.0,-28.0,-27.0,15.5,-27.5,-117.37256917138066,35.49224345804361,,,,,,0,0,0.0,no events,False,25.961965383320017,37.29551136357476
2354,42,2,15.0,16.0,-27.0,-26.0,15.5,-26.5,-117.37255005269829,35.501256528962706,,,,,,0,0,0.0,no events,False,25.06017330962835,36.454930619402845
2355,42,3,15.0,16.0,-26.0,-25.0,15.5,-25.5,-117.37253092693769,35.510269586382634,,,,,,0,0,0.0,no events,False,24.166111107344335,35.622587849009726
2356,42,4,15.0,16.0,-25.0,-24.0,15.5,-24.5,-117.3725117940956,35.51928263030193,,,,,,0,0,0.0,no events,False,23.280669358856787,34.7990741781352
2357,42,5,15.0,16.0,-24.0,-23.0,15.5,-23.5,-117.37249265416864,35.52829566071918,,,,,,0,0,0.0,no events,False,22.4048701299587,33.98503144400923
2358,42,6,15.0,16.0,-23.0,-22.0,15.5,-22.5,-117.3724735071536,35.53730867763292,,,,,,0,0,0.0,no events,False,21.539889630270107,33.18115671349082
2359,42,7,15.0,16.0,-22.0,-21.0,15.5,-21.5,-117.3724543530471,35.54632168104175,,,,,,0,0,0.0,no events,False,20.687084981410983,32.388207104441236
2360,42,8,15.0,16.0,-21.0,-20.0,15.5,-20.5,-117.3724351918458,35.55533467094422,,,,,,0,0,0.0,no events,False,19.84802571471586,31.60700488871285
2361,42,9,15.0,16.0,-20.0,-19.0,15.5,-19.5,-117.37241602354642,35.56434764733891,,,,,,0,0,0.0,no events,False,19.02453059909558,30.838442837310357
2362,42,10,15.0,16.0,-19.0,-18.0,15.5,-18.5,-117.3723968481456,35.57336061022438,,,,,,0,0,0.0,no events,False,18.21871027981471,30.083489744791894
2363,42,11,15.0,16.0,-18.0,-17.0,15.5,-17.5,-117.37237766564004,35.582373559599205,,,,,,0,0,0.0,no events,False,17.433015918186054,29.34319603962628
2364,42,12,15.0,16.0,-17.0,-16.0,15.5,-16.5,-117.37235847602638,35.591386495461954,,,,,,1,1,2.0,no onset,True,16.670293451155278,28.618699348762867
2365,42,13,15.0,16.0,-16.0,-15.0,15.5,-15.5,-117.37233927930131,35.60039941781122,,,,,,0,0,0.0,no events,False,15.933842081918996,27.911229836928015
2366,42,14,15.0,16.0,-15.0,-14.0,15.5,-14.5,-117.37232007546152,35.60941232664556,,,,,,0,0,0.0,no events,False,15.227473961082147,27.222115083232623
2367,42,15,15.0,16.0,-14.0,-13.0,15.5,-13.5,-117.37230086450364,35.618425221963555,,,,,,0,0,0.0,no events,False,14.555569483168187,26.55278418922772
2368,42,16,15.0,16.0,-13.0,-12.0,15.5,-12.5,-117.37228164642433,35.62743810376379,,,,,,0,0,0.0,no events,False,13.923119001259709,25.904770734261326
2369,42,17,15.0,16.0,-12.0,-11.0,15.5,-11.5,-117.37226242122024,35.636450972044834,,,,,,0,0,0.0,no events,False,13.335737042516296,25.279714108145736
2370,42,18,15.0,16.0,-11.0,-10.0,15.5,-10.5,-117.37224318888804,35.64546382680527,,,,,,1,1,2.0,no onset,True,12.799629768514533,24.679358662342164
2371,42,19,15.0,16.0,-10.0,-9.0,15.5,-9.5,-117.37222394942444,35.65447666804372,,,,,,0,0,0.0,no events,False,12.321491872129185,24.10555003685798
2372,42,20,15.0,16.0,-9.0,-8.0,15.5,-8.5,-117.37220470282598,35.66348949575871,,,,,,0,0,0.0,no events,False,11.90830809556285,23.56022795251362
2373,42,21,15.0,16.0,-8.0,-7.0,15.5,-7.5,-117.3721854490894,35.67250230994884,,,,,,0,0,0.0,no events,False,11.56704117061705,23.045414723309815
2374,42,22,15.0,16.0,-7.0,-6.0,15.5,-6.5,-117.37216618821137,35.681515110612736,,,,,,0,0,0.0,no events,False,11.304206349260085,22.563198761795395
2375,42,23,15.0,16.0,-6.0,-5.0,15.5,-5.5,-117.3721469201884,35.69052789774895,,,,,,0,0,0.0,no events,False,11.12536385609721,22.11571244521021
2376,42,24,15.0,16.0,-5.0,-4.0,15.5,-4.5,-117.37212764501729,35.69954067135607,,,,,,0,0,0.0,no events,False,11.034598346766243,21.705103905629347
2377,42,25,15.0,16.0,-4.0,-3.0,15.5,-3.5,-117.37210836269456,35.708553431432705,,,,,,0,0,0.0,no events,False,11.034083578546904,21.333502622614667
2378,42,26,15.0,16.0,-3.0,-2.0,15.5,-2.5,-117.3720890732169,35.71756617797743,,,,,,0,0,0.0,no events,False,11.123832080819119,21.00297913973271
2379,42,27,15.0,16.0,-2.0,-1.0,15.5,-1.5,-117.37206977658096,35.726578910988856,,,,,,0,0,0.0,no events,False,11.301693674231432,20.71549978491921
2380,42,28,15.0,16.0,-1.0,0.0,15.5,-0.5,-117.37205047278336,35.73559163046557,,,,,,0,0,0.0,no events,False,11.563603229532951,20.47287791039473
2381,42,29,15.0,16.0,0.0,1.0,15.5,0.5,-117.37203116182074,35.74460433640616,,,,,,0,0,0.0,no events,False,11.90401442346098,20.2767238115251
2382,42,30,15.0,16.0,1.0,2.0,15.5,1.5,-117.3720118436897,35.753617028809245,,,,,,0,0,0.0,no events,False,12.316419899381037,20.128396039521117
2383,42,31,15.0,16.0,2.0,3.0,15.5,2.5,-117.37199251838688,35.7626297076734,,,,,,0,0,0.0,no events,False,12.793859420900768,20.028957180011894
2384,42,32,15.0,16.0,3.0,4.0,15.5,3.5,-117.37197318590896,35.771642372997235,,,,,,0,0,0.0,no events,False,13.329346519078626,19.979137226459265
2385,42,33,15.0,16.0,4.0,5.0,15.5,4.5,-117.3719538462525,35.78065502477936,,,,,,0,0,0.0,no events,False,13.916181889066255,19.979307368090392
2386,42,34,15.0,16.0,5.0,6.0,15.5,5.5,-117.3719344994141,35.78966766301836,,,,,,0,0,0.0,no events,False,14.548153082555798,20.029466330972763
2387,42,35,15.0,16.0,6.0,7.0,15.5,6.5,-117.37191514539045,35.798680287712855,,,,,,0,0,0.0,no events,False,15.219638558697113,20.12924042527467
2388,42,36,15.0,16.0,7.0,8.0,15.5,7.5,-117.37189578417814,35.80769289886145,,,,,,0,0,0.0,no events,False,15.92564088510356,20.2778972946766
2389,42,37,15.0,16.0,8.0,9.0,15.5,8.5,-117.37187641577376,35.816705496462745,,,,,,0,0,0.0,no events,False,16.66177293523064,20.47437220743027
2390,42,38,15.0,16.0,9.0,10.0,15.5,9.5,-117.37185704017394,35.82571808051536,,,,,,0,0,0.0,no events,False,17.424216398136426,20.717304744665352
2391,42,39,15.0,16.0,10.0,11.0,15.5,10.5,-117.37183765737528,35.834730651017885,,,,,,0,0,0.0,no events,False,18.20966657665616,21.005083062874903
2392,42,40,15.0,16.0,11.0,12.0,15.5,11.5,-117.3718182673744,35.84374320796894,,,,,,0,0,0.0,no events,False,19.01527271897226,21.335892600808023
2393,42,41,15.0,16.0,12.0,13.0,15.5,12.5,-117.3717988701679,35.85275575136715,,,,,,0,0,0.0,no events,False,19.83857949352203,21.707766160251385
2394,42,42,15.0,16.0,13.0,14.0,15.5,13.5,-117.37177946575235,35.861768281211106,,,,,,0,0,0.0,no events,False,20.677472671114693,22.118632649038133
2395,42,43,15.0,16.0,14.0,15.0,15.5,14.5,-117.37176005412444,35.87078079749944,,,,,,0,0,0.0,no events,False,21.53013041782602,22.566362331089966
2396,42,44,15.0,16.0,15.0,16.0,15.5,15.5,-117.37174063528064,35.87979330023077,,,,,,0,0,0.0,no events,False,22.394980588348346,23.048807072232105
2397,42,45,15.0,16.0,16.0,17.0,15.5,16.5,-117.37172120921768,35.88880578940371,,,,,,0,0,0.0,no events,False,23.27066383445907,23.563834705919945
2398,42,46,15.0,16.0,17.0,18.0,15.5,17.5,-117.37170177593204,35.89781826501688,,,,,,0,0,0.0,no events,False,24.156002050014475,24.10935720094706
2399,42,47,15.0,16.0,18.0,19.0,15.5,18.5,-117.37168233542036,35.90683072706889,,,,,,0,0,0.0,no events,False,25.049971552562802,24.683352755203217
2400,42,48,15.0,16.0,19.0,20.0,15.5,19.5,-117.37166288767926,35.91584317555837,,,,,,0,0,0.0,no events,False,25.951680379661504,25.283882253972365
2401,42,49,15.0,16.0,20.0,21.0,15.5,20.5,-117.37164343270528,35.92485561048396,,,,,,0,0,0.0,no events,False,26.86034910927276,25.90910072595495
2402,42,50,15.0,16.0,21.0,22.0,15.5,21.5,-117.37162397049497,35.93386803184425,,,,,,0,0,0.0,no events,False,27.77529467019049,26.557264524469005
2403,42,51,15.0,16.0,22.0,23.0,15.5,22.5,-117.371604501045,35.9428804396379,,,,,,0,0,0.0,no events,False,28.695916673976704,27.22673497901576
2404,42,52,15.0,16.0,23.0,24.0,15.5,23.5,-117.37158502435187,35.951892833863496,,,,,,0,0,0.0,no events,False,29.6216858653203,27.91597922718279
2405,42,53,15.0,16.0,24.0,25.0,15.5,24.5,-117.37156554041222,35.96090521451971,,,,,,0,0,0.0,no events,False,30.55213434848077,28.62356886915818
2406,42,54,15.0,16.0,25.0,26.0,15.5,25.5,-117.3715460492226,35.969917581605166,,,,,,0,0,0.0,no events,False,31.48684730155626,29.348177003050495
2407,42,55,15.0,16.0,26.0,27.0,15.5,26.5,-117.3715265507796,35.97892993511846,,,,,,0,0,0.0,no events,False,32.42545593720192,30.088574110404807
2408,43,0,16.0,17.0,-29.0,-28.0,16.5,-28.5,-117.36156884169812,35.483214206802984,,,,,,0,0,0.0,no events,False,27.296172215936146,38.67679276171377
2409,43,1,16.0,17.0,-28.0,-27.0,16.5,-27.5,-117.36154849709716,35.49222728825452,,,,,,0,0,0.0,no events,False,26.40207676274627,37.840469036832715
2410,43,2,16.0,17.0,-27.0,-26.0,16.5,-26.5,-117.36152814496492,35.50124035620739,,,,,,0,0,0.0,no events,False,25.51584404110216,37.012266824965415
2411,43,3,16.0,17.0,-26.0,-25.0,16.5,-25.5,-117.3615077852978,35.51025341066014,,,,,,0,0,0.0,no events,False,24.638322525564735,36.19274366661605
2412,43,4,16.0,17.0,-25.0,-24.0,16.5,-24.5,-117.36148741809232,35.519266451611365,,,,,,0,0,0.0,no events,False,23.77047699600605,35.38250263495103
2413,43,5,16.0,17.0,-24.0,-23.0,16.5,-23.5,-117.36146704334496,35.528279479059606,,,,,,0,0,0.0,no events,False,22.913406913018306,34.582196160846365
2414,43,6,16.0,17.0,-23.0,-22.0,16.5,-22.5,-117.36144666105216,35.53729249300344,,,,,,0,0,0.0,no events,False,22.06836777166488,33.79253009027584
2415,43,7,16.0,17.0,-22.0,-21.0,16.5,-21.5,-117.3614262712104,35.54630549344141,,,,,,0,0,0.0,no events,False,21.236795799963783,33.014267953373405
2416,43,8,16.0,17.0,-21.0,-20.0,16.5,-20.5,-117.36140587381612,35.55531848037211,,,,,,0,0,0.0,no events,False,20.42033632419558,32.24823541051632
2417,43,9,16.0,17.0,-20.0,-19.0,16.5,-19.5,-117.36138546886583,35.56433145379412,,,,,,0,0,0.0,no events,False,19.620876008404,31.495324822694233
2418,43,10,16.0,17.0,-19.0,-18.0,16.5,-18.5,-117.36136505635598,35.57334441370595,,,,,,0,0,0.0,no events,False,18.840578947608424,30.756499870465753
2419,43,11,16.0,17.0,-18.0,-17.0,16.5,-17.5,-117.36134463628302,35.58235736010624,,,,,,0,0,0.0,no events,False,18.081926192332716,30.032800117153585
2420,43,12,16.0,17.0,-17.0,-16.0,16.5,-16.5,-117.36132420864335,35.59137029299352,,,,,,0,0,0.0,no events,False,17.347757623648945,29.32534537685517
2421,43,13,16.0,17.0,-16.0,-15.0,16.5,-15.5,-117.36130377343352,35.600383212366374,,,,,,0,0,0.0,no events,False,16.641314080107144,28.635339705803762
2422,43,14,16.0,17.0,-15.0,-14.0,16.5,-14.5,-117.36128333064994,35.60939611822339,,,,,,0,0,0.0,no events,False,15.966276148704004,27.964074786442012
2423,43,15,16.0,17.0,-14.0,-13.0,16.5,-13.5,-117.36126288028905,35.618409010563134,,,,,,0,0,0.0,no events,False,15.326793983106073,27.31293241775153
2424,43,16,16.0,17.0,-13.0,-12.0,16.5,-12.5,-117.36124242234727,35.62742188938419,,,,,,0,0,0.0,no events,False,14.727499908147298,26.683385764396597
2425,43,17,16.0,17.0,-12.0,-11.0,16.5,-11.5,-117.3612219568211,35.636434754685126,,,,,,0,0,0.0,no events,False,14.173492628437806,26.076998953992838
2426,43,18,16.0,17.0,-11.0,-10.0,16.5,-10.5,-117.36120148370696,35.645447606464536,,,,,,0,0,0.0,no events,False,13.67027918633277,25.495424551112777
2427,43,19,16.0,17.0,-10.0,-9.0,16.5,-9.5,-117.36118100300126,35.65446044472101,,,,,,0,0,0.0,no events,False,13.223659583344737,24.9403983856799
2428,43,20,16.0,17.0,-9.0,-8.0,16.5,-8.5,-117.3611605147005,35.66347326945311,,,,,,0,0,0.0,no events,False,12.839540977779825,24.413731182090235
2429,43,21,16.0,17.0,-8.0,-7.0,16.5,-7.5,-117.36114001880102,35.67248608065944,,,,,,0,0,0.0,no events,False,12.523675669067345,23.917296436393173
2430,43,22,16.0,17.0,-7.0,-6.0,16.5,-6.5,-117.36111951529936,35.68149887833856,,,,,,0,0,0.0,no events,False,12.281331035677345,23.453014037032556
2431,43,23,16.0,17.0,-6.0,-5.0,16.5,-5.5,-117.36109900419189,35.69051166248908,,,,,,0,0,0.0,no events,False,12.116919235176642,23.02282923569965
2432,43,24,16.0,17.0,-5.0,-4.0,16.5,-4.5,-117.361078485475,35.699524433109595,,,,,,0,0,0.0,no events,False,12.033635007581703,22.62868676284877
2433,43,25,16.0,17.0,-4.0,-3.0,16.5,-3.5,-117.3610579591452,35.70853719019868,,,,,,0,0,0.0,no events,False,12.033162977355454,22.272500156158213
2434,43,26,16.0,17.0,-3.0,-2.0,16.5,-2.5,-117.36103742519884,35.71754993375493,,,,,,0,0,0.0,no events,False,12.11551282379331,21.956116728625037
2435,43,27,16.0,17.0,-2.0,-1.0,16.5,-1.5,-117.3610168836324,35.726562663776946,,,,,,0,0,0.0,no events,False,12.279018312853935,21.68127903044349
2436,43,28,16.0,17.0,-1.0,0.0,16.5,-0.5,-117.36099633444223,35.73557538026331,,,,,,0,0,0.0,no events,False,12.520500408182752,21.449584121630174
2437,43,29,16.0,17.0,0.0,1.0,16.5,0.5,-117.36097577762482,35.74458808321262,,,,,,0,0,0.0,no events,False,12.83555881974784,21.262442418166117
2438,43,30,16.0,17.0,1.0,2.0,16.5,1.5,-117.36095521317652,35.753600772623486,,,,,,0,0,0.0,no events,False,13.218933767861488,21.12103823633607
2439,43,31,16.0,17.0,2.0,3.0,16.5,2.5,-117.36093464109376,35.7626134484945,,,,,,0,0,0.0,no events,False,13.66487649790553,21.02629436623845
2440,43,32,16.0,17.0,3.0,4.0,16.5,3.5,-117.36091406137297,35.77162611082424,,,,,,0,0,0.0,no events,False,14.16747999634773,20.978842994089337
2441,43,33,16.0,17.0,4.0,5.0,16.5,4.5,-117.36089347401052,35.78063875961135,,,,,,0,0,0.0,no events,False,14.72094185814261,20.979005028017696
2442,43,34,16.0,17.0,5.0,6.0,16.5,5.5,-117.3608728790028,35.78965139485441,,,,,,0,0,0.0,no events,False,15.319750942320091,21.026779367286192
2443,43,35,16.0,17.0,6.0,7.0,16.5,6.5,-117.3608522763463,35.79866401655201,,,,,,0,0,0.0,no events,False,15.95880348518082,21.121842939371387
2444,43,36,16.0,17.0,7.0,8.0,16.5,7.5,-117.36083166603731,35.80767662470277,,,,,,0,0,0.0,no events,False,16.63346170893244,21.263561502025322
2445,43,37,16.0,17.0,8.0,9.0,16.5,8.5,-117.36081104807228,35.8166892193053,,,,,,0,0,0.0,no events,False,17.339570011001534,21.451010380524128
2446,43,38,16.0,17.0,9.0,10.0,16.5,9.5,-117.3607904224476,35.82570180035821,,,,,,0,0,0.0,no events,False,18.073442613689455,21.683003595911117
2447,43,39,16.0,17.0,10.0,11.0,16.5,10.5,-117.36076978915963,35.834714367860094,,,,,,0,0,0.0,no events,False,18.83183388983208,21.958129326862863
2448,43,40,16.0,17.0,11.0,12.0,16.5,11.5,-117.36074914820486,35.84372692180957,,,,,,0,0,0.0,no events,False,19.611899637672284,22.27478938464235
2449,43,41,16.0,17.0,12.0,13.0,16.5,12.5,-117.36072849957952,35.852739462205264,,,,,,0,0,0.0,no events,False,20.41115496835082,22.631240370892534
2450,43,42,16.0,17.0,13.0,14.0,16.5,13.5,-117.36070784328012,35.86175198904577,,,,,,0,0,0.0,no events,False,21.22743241388215,23.02563439560475
2451,43,43,16.0,17.0,14.0,15.0,16.5,14.5,-117.36068717930296,35.8707645023297,,,,,,0,0,0.0,no events,False,22.05884236830747,23.456057595320598
2452,43,44,16.0,17.0,15.0,16.0,16.5,15.5,-117.36066650764444,35.87977700205569,,,,,,0,0,0.0,no events,False,22.903736952159985,23.920565137762477
2453,43,45,16.0,17.0,16.0,17.0,16.5,16.5,-117.36064582830096,35.88878948822234,,,,,,0,0,0.0,no events,False,23.760677728500106,24.417211861817435
2454,43,46,16.0,17.0,17.0,18.0,16.5,17.5,-117.3606251412689,35.897801960828296,,,,,,0,0,0.0,no events,False,24.62840729445457,24.944078128882985
2455,43,47,16.0,17.0,18.0,19.0,16.5,18.5,-117.36060444654458,35.906814419872134,,,,,,0,0,0.0,no events,False,25.50582454274798,25.49929081944749
2456,43,48,16.0,17.0,19.0,20.0,16.5,19.5,-117.36058374412444,35.91582686535252,,,,,,0,0,0.0,no events,False,26.391963271976326,26.081039681916433
2457,43,49,16.0,17.0,20.0,21.0,16.5,20.5,-117.36056303400476,35.92483929726802,,,,,,0,0,0.0,no events,False,27.285973779457635,26.687589428133823
2458,43,50,16.0,17.0,21.0,22.0,16.5,21.5,-117.36054231618196,35.93385171561734,,,,,,0,0,0.0,no events,False,28.18710706754334,27.31728808061995
2459,43,51,16.0,17.0,22.0,23.0,16.5,22.5,-117.36052159065238,35.94286412039903,,,,,,0,0,0.0,no events,False,29.09470131451866,27.968572124342014
2460,43,52,16.0,17.0,23.0,24.0,16.5,23.5,-117.3605008574124,35.95187651161175,,,,,,0,0,0.0,no events,False,30.008170292854512,28.63996901655904
2461,43,53,16.0,17.0,24.0,25.0,16.5,24.5,-117.36048011645836,35.96088888925415,,,,,,0,0,0.0,no events,False,30.926993453435756,29.330097576796472
2462,43,54,16.0,17.0,25.0,26.0,16.5,25.5,-117.36045936778665,35.96990125332481,,,,,,0,0,0.0,no events,False,31.85070743033442,30.037666727949137
2463,43,55,16.0,17.0,26.0,27.0,16.5,26.5,-117.36043861139352,35.978913603822384,,,,,,0,0,0.0,no events,False,32.77889875448323,30.761472998773698
2464,44,0,17.0,18.0,-29.0,-28.0,17.5,-28.5,-117.35054940496867,35.48319702955856,,,,,,0,0,0.0,no events,False,27.75116265065815,39.22805408619596
2465,44,1,17.0,18.0,-28.0,-27.0,17.5,-27.5,-117.35052782737684,35.49221010785945,,,,,,0,0,0.0,no events,False,26.87220996135573,38.403737135654595
2466,44,2,17.0,18.0,-27.0,-26.0,17.5,-26.5,-117.35050624179726,35.50122317266069,,,,,,0,0,0.0,no events,False,26.00200584476298,37.58794786336967
2467,44,3,17.0,18.0,-26.0,-25.0,17.5,-25.5,-117.3504846482262,35.510236223960845,,,,,,0,0,0.0,no events,False,25.14145874238387,36.781253692259284
2468,44,4,17.0,18.0,-25.0,-24.0,17.5,-24.5,-117.35046304665984,35.51924926175848,,,,,,0,0,0.0,no events,False,24.291594995777707,35.984266308614345
2469,44,5,17.0,18.0,-24.0,-23.0,17.5,-23.5,-117.35044143709456,35.52826228605217,,,,,,0,0,0.0,no events,False,23.453575999893804,35.197645096855815
2470,44,6,17.0,18.0,-23.0,-22.0,17.5,-22.5,-117.35041981952656,35.53727529684047,,,,,,0,0,0.0,no events,False,22.628717748177795,34.42210073425442
2471,44,7,17.0,18.0,-22.0,-21.0,17.5,-21.5,-117.3503981939521,35.54628829412191,,,,,,0,0,0.0,no events,False,21.81851293444626,33.65839891548764
2472,44,8,17.0,18.0,-21.0,-20.0,17.5,-20.5,-117.3503765603674,35.555301277895104,,,,,,0,0,0.0,no events,False,21.02465567885717,32.907364162889735
2473,44,9,17.0,18.0,-20.0,-19.0,17.5,-19.5,-117.35035491876876,35.564314248158595,,,,,,0,0,0.0,no events,False,20.249068772622685,32.169883660715655
2474,44,10,17.0,18.0,-19.0,-18.0,17.5,-18.5,-117.3503332691524,35.57332720491098,,,,,,0,0,0.0,no events,False,19.493933053704307,31.446911030161942
2475,44,11,17.0,18.0,-18.0,-17.0,17.5,-17.5,-117.35031161151456,35.5823401481508,,,,,,0,0,0.0,no events,False,18.761718088869355,30.739469935798525
2476,44,12,17.0,18.0,-17.0,-16.0,17.5,-16.5,-117.3502899458515,35.591353077876654,,,,,,0,0,0.0,no events,False,18.055212693017758,30.048657383131143
2477,44,13,17.0,18.0,-16.0,-15.0,17.5,-15.5,-117.35026827215944,35.60036599408709,,,,,,0,0,0.0,no events,False,17.377552909832033,29.37564653116153
2478,44,14,17.0,18.0,-15.0,-14.0,17.5,-14.5,-117.35024659043462,35.6093788967807,,,,,,0,0,0.0,no events,False,16.732243868588395,28.721688803388332
2479,44,15,17.0,18.0,-14.0,-13.0,17.5,-13.5,-117.35022490067328,35.61839178595606,,,,,,0,0,0.0,no events,False,16.12317042711563,28.088115036677404
2480,44,16,17.0,18.0,-13.0,-12.0,17.5,-12.5,-117.3502032028716,35.62740466161173,,,,,,0,0,0.0,no events,False,15.554589816697778,27.476335361699235
2481,44,17,17.0,18.0,-12.0,-11.0,17.5,-11.5,-117.3501814970259,35.63641752374632,,,,,,0,0,0.0,no events,False,15.03109790100578,26.887837464242164
2482,44,18,17.0,18.0,-11.0,-10.0,17.5,-10.5,-117.35015978313236,35.64543037235838,,,,,,0,0,0.0,no events,False,14.557559680575674,26.32418283818977
2483,44,19,17.0,18.0,-10.0,-9.0,17.5,-9.5,-117.35013806118717,35.65444320744651,,,,,,0,0,0.0,no events,False,14.13899514100718,25.78700061452253
2484,44,20,17.0,18.0,-9.0,-8.0,17.5,-8.5,-117.35011633118658,35.6634560290093,,,,,,0,0,0.0,no events,False,13.780414483654939,25.277978544344204
2485,44,21,17.0,18.0,-8.0,-7.0,17.5,-7.5,-117.35009459312684,35.6724688370453,,,,,,0,0,0.0,no events,False,13.486603096600305,24.7988507371464
2486,44,22,17.0,18.0,-7.0,-6.0,17.5,-6.5,-117.35007284700414,35.68148163155314,,,,,,0,0,0.0,no events,False,13.261866491151654,24.351381818660865
2487,44,23,17.0,18.0,-6.0,-5.0,17.5,-5.5,-117.35005109281464,35.69049441253138,,,,,,0,0,0.0,no events,False,13.109757532961213,23.937347285636047
2488,44,24,17.0,18.0,-5.0,-4.0,17.5,-4.5,-117.35002933055466,35.69950717997861,,,,,,1,1,2.0,no onset,True,13.0328194308421,23.558510005263237
2489,44,25,17.0,18.0,-4.0,-3.0,17.5,-3.5,-117.3500075602203,35.70851993389343,,,,,,0,0,0.0,no events,False,13.032383590918338,23.21659303737369
2490,44,26,17.0,18.0,-3.0,-2.0,17.5,-2.5,-117.34998578180785,35.71753267427442,,,,,,0,0,0.0,no events,False,13.10845764400754,22.913249242697315
2491,44,27,17.0,18.0,-2.0,-1.0,17.5,-1.5,-117.34996399531344,35.7265454011202,,,,,,0,0,0.0,no events,False,13.259724791587564,22.650028464726255
2492,44,28,17.0,18.0,-1.0,0.0,17.5,-0.5,-117.34994220073332,35.73555811442931,,,,,,0,0,0.0,no events,False,13.483654597049865,22.42834340846087
2493,44,29,17.0,18.0,0.0,1.0,17.5,0.5,-117.34992039806366,35.7445708142004,,,,,,0,0,0.0,no events,False,13.7767042879074,22.249435647737016
2494,44,30,17.0,18.0,1.0,2.0,17.5,1.5,-117.34989858730069,35.75358350043204,,,,,,0,0,0.0,no events,False,14.134575366113701,22.114343427688084
2495,44,31,17.0,18.0,2.0,3.0,17.5,2.5,-117.34987676844057,35.76259617312282,,,,,,0,0,0.0,no events,False,14.552486403506805,22.023873043419762
2496,44,32,17.0,18.0,3.0,4.0,17.5,3.5,-117.34985494147948,35.77160883227137,,,,,,0,0,0.0,no events,False,15.025428455393628,21.978575532268056
2497,44,33,17.0,18.0,4.0,5.0,17.5,4.5,-117.34983310641364,35.780621477876274,,,,,,0,0,0.0,no events,False,15.548380623462197,21.97873019586329
2498,44,34,17.0,18.0,5.0,6.0,17.5,5.5,-117.34981126323922,35.78963410993613,,,,,,0,0,0.0,no events,False,16.11647541356226,22.02433607665605
2499,44,35,17.0,18.0,6.0,7.0,17.5,6.5,-117.3497894119524,35.79864672844954,,,,,,0,0,0.0,no events,False,16.725113437578205,22.11511198733648
2500,44,36,17.0,18.0,7.0,8.0,17.5,7.5,-117.34976755254937,35.80765933341512,,,,,,0,0,0.0,no events,False,17.370033369103272,22.25050509106196
2501,44,37,17.0,18.0,8.0,9.0,17.5,8.5,-117.34974568502628,35.81667192483147,,,,,,0,0,0.0,no events,False,18.047346037233932,22.429707430154206
2502,44,38,17.0,18.0,9.0,10.0,17.5,9.5,-117.34972380937934,35.82568450269717,,,,,,0,0,0.0,no events,False,18.7535420316154,22.651679275436848
2503,44,39,17.0,18.0,10.0,11.0,17.5,10.5,-117.34970192560468,35.83469706701089,,,,,,0,0,0.0,no events,False,19.485481222578713,22.915177777887646
2504,44,40,17.0,18.0,11.0,12.0,17.5,11.5,-117.34968003369856,35.8437096177712,,,,,,0,0,0.0,no events,False,20.240371000042707,23.218789184346722
2505,44,41,17.0,18.0,12.0,13.0,17.5,12.5,-117.349658133657,35.8527221549767,,,,,,0,0,0.0,no events,False,21.015738339712737,23.560962836481806
2506,44,42,17.0,18.0,13.0,14.0,17.5,13.5,-117.34963622547627,35.86173467862603,,,,,,0,0,0.0,no events,False,21.80939929725654,23.94004528769771
2507,44,43,17.0,18.0,14.0,15.0,17.5,14.5,-117.34961430915254,35.87074718871781,,,,,,0,0,0.0,no events,False,22.619428318396473,24.35431310819416
2508,44,44,17.0,18.0,15.0,16.0,17.5,15.5,-117.3495923846819,35.87975968525061,,,,,,0,0,0.0,no events,False,23.444128842739676,24.80200325713426
2509,44,45,17.0,18.0,16.0,17.0,17.5,16.5,-117.34957045206052,35.8887721682231,,,,,,0,0,0.0,no events,False,24.282006032016394,25.28134023666148
2510,44,46,17.0,18.0,17.0,18.0,17.5,17.5,-117.34954851128462,35.89778463763387,,,,,,0,0,0.0,no events,False,25.131742014488026,25.79055956656969
2511,44,47,17.0,18.0,18.0,19.0,17.5,18.5,-117.34952656235028,35.90679709348154,,,,,,0,0,0.0,no events,False,25.99217375339517,26.327927403267427
2512,44,48,17.0,18.0,19.0,20.0,17.5,19.5,-117.34950460525368,35.915809535764744,,,,,,0,0,0.0,no events,False,26.862273473602098,26.89175635667296
2513,44,49,17.0,18.0,20.0,21.0,17.5,20.5,-117.34948263999098,35.92482196448209,,,,,,0,0,0.0,no events,False,27.741131482232102,27.480417728659095
2514,44,50,17.0,18.0,21.0,22.0,17.5,21.5,-117.34946066655826,35.93383437963221,,,,,,0,0,0.0,no events,False,28.6279411704438,28.09235050928529
2515,44,51,17.0,18.0,22.0,23.0,17.5,22.5,-117.34943868495174,35.94284678121374,,,,,,0,0,0.0,no events,False,29.521985966433448,28.726067529884457
2516,44,52,17.0,18.0,23.0,24.0,17.5,23.5,-117.34941669516748,35.951859169225266,,,,,,0,0,0.0,no events,False,30.422628011830202,29.380159195049004
2517,44,53,17.0,18.0,24.0,25.0,17.5,24.5,-117.34939469720167,35.960871543665455,,,,,,0,0,0.0,no events,False,31.329298346597195,30.053295209034285
2518,44,54,17.0,18.0,25.0,26.0,17.5,25.5,-117.34937269105043,35.96988390453293,,,,,,0,0,0.0,no events,False,32.24148840599639,30.744224685561736
2519,44,55,17.0,18.0,26.0,27.0,17.5,26.5,-117.3493506767099,35.978896251826306,,,,,,0,0,0.0,no events,False,33.15874265375426,31.45177499142527
2520,45,0,18.0,19.0,-29.0,-28.0,18.5,-28.5,-117.33952997307632,35.48317884189454,,,,,,0,0,0.0,no events,False,28.234252943623698,39.79681088286443
2521,45,1,18.0,19.0,-28.0,-27.0,18.5,-27.5,-117.33950716249628,35.492191916859454,,,,,,0,0,0.0,no events,False,27.370818018985577,38.984521993240044
2522,45,2,18.0,19.0,-27.0,-26.0,18.5,-26.5,-117.33948434347204,35.501204978323685,,,,,,0,0,0.0,no events,False,26.516981705547252,38.18114395400376
2523,45,3,18.0,19.0,-26.0,-25.0,18.5,-25.5,-117.33946151599966,35.510218026285784,,,,,,0,0,0.0,no events,False,25.67370169095664,37.387251199189514
2524,45,4,18.0,19.0,-25.0,-24.0,18.5,-24.5,-117.3394386800752,35.519231060744346,,,,,,0,0,0.0,no events,False,24.8420530202343,36.60346091322839
2525,45,5,18.0,19.0,-24.0,-23.0,18.5,-23.5,-117.3394158356947,35.52824408169791,,,,,,0,0,0.0,no events,False,24.023243702798215,35.830436076346864
2526,45,6,18.0,19.0,-23.0,-22.0,18.5,-22.5,-117.33939298285416,35.53725708914502,,,,,,0,0,0.0,no events,False,23.218632124824587,35.06888860537384
2527,45,7,18.0,19.0,-22.0,-21.0,18.5,-21.5,-117.33937012154968,35.54627008308429,,,,,,0,0,0.0,no events,False,22.42974626454429,34.319582552983654
2528,45,8,18.0,19.0,-21.0,-20.0,18.5,-20.5,-117.33934725177728,35.55528306351424,,,,,,0,0,0.0,no events,False,21.658304578977102,33.58333731489473
2529,45,9,18.0,19.0,-20.0,-19.0,18.5,-19.5,-117.33932437353296,35.56429603043348,,,,,,0,0,0.0,no events,False,20.906238231198905,32.86103077812595
2530,45,10,18.0,19.0,-19.0,-18.0,18.5,-18.5,-117.3393014868128,35.57330898384053,,,,,,0,0,0.0,no events,False,20.17571403255768,32.15360232378141
2531,45,11,18.0,19.0,-18.0,-17.0,18.5,-17.5,-117.33927859161284,35.58232192373401,,,,,,0,0,0.0,no events,False,19.469157055903757,31.4620555747844
2532,45,12,18.0,19.0,-17.0,-16.0,18.5,-16.5,-117.33925568792904,35.591334850112446,,,,,,0,0,0.0,no events,False,18.789271306023263,30.787460752484325
2533,45,13,18.0,19.0,-16.0,-15.0,18.5,-15.5,-117.33923277575744,35.600347762974444,,,,,,0,0,0.0,no events,False,18.139056093282566,30.130956476366677
2534,45,14,18.0,19.0,-15.0,-14.0,18.5,-14.5,-117.3392098550941,35.60936066231856,,,,,,0,0,0.0,no events,False,17.521814851754183,29.49375080886871
2535,45,15,18.0,19.0,-14.0,-13.0,18.5,-13.5,-117.339186925935,35.6183735481434,,,,,,0,0,0.0,no events,False,16.941152128561257,28.877121313776833
2536,45,16,18.0,19.0,-13.0,-12.0,18.5,-12.5,-117.33916398827616,35.6273864204475,,,,,,0,0,0.0,no events,False,16.400953484080055,28.282413863839924
2537,45,17,18.0,19.0,-12.0,-11.0,18.5,-11.5,-117.33914104211364,35.636399279229465,,,,,,0,0,0.0,no events,False,15.905342339316684,27.7110399039889
2538,45,18,18.0,19.0,-11.0,-10.0,18.5,-10.5,-117.3391180874434,35.64541212448788,,,,,,0,0,0.0,no events,False,15.458607785785953,27.164471854895424
2539,45,19,18.0,19.0,-10.0,-9.0,18.5,-9.5,-117.33909512426143,35.654424956221305,,,,,,0,0,0.0,no events,False,15.065098553234366,26.6442363326545
2540,45,20,18.0,19.0,-9.0,-8.0,18.5,-8.5,-117.3390721525638,35.66343777442833,,,,,,0,0,0.0,no events,False,14.729081239594217,26.15190487030126
2541,45,21,18.0,19.0,-8.0,-7.0,18.5,-7.5,-117.33904917234644,35.67245057910756,,,,,,0,0,0.0,no events,False,14.454565849809136,25.68908186253894
2542,45,22,18.0,19.0,-7.0,-6.0,18.5,-6.5,-117.33902618360544,35.68146337025754,,,,,,0,0,0.0,no events,False,14.24510841132389,25.25738952336856
2543,45,23,18.0,19.0,-6.0,-5.0,18.5,-5.5,-117.33900318633673,35.69047614787689,,,,,,0,0,0.0,no events,False,14.103607814820744,24.858449753154527
2544,45,24,18.0,19.0,-5.0,-4.0,18.5,-4.5,-117.3389801805363,35.699488911964195,,,,,,0,0,0.0,no events,False,14.03212005144536,24.493862960444783
2545,45,25,18.0,19.0,-4.0,-3.0,18.5,-3.5,-117.33895716620016,35.70850166251803,,,,,,0,0,0.0,no events,False,14.031715250890644,24.165184073786598
2546,45,26,18.0,19.0,-3.0,-2.0,18.5,-2.5,-117.33893414332428,35.717514399536995,,,,,,0,0,0.0,no events,False,14.102399534333838,23.873896203069368
2547,45,27,18.0,19.0,-2.0,-1.0,18.5,-1.5,-117.33891111190468,35.72652712301967,,,,,,0,0,0.0,no events,False,14.24311456002097,23.62138265449062
2548,45,28,18.0,19.0,-1.0,0.0,18.5,-0.5,-117.3388880719373,35.735539832964655,,,,,,0,0,0.0,no events,False,14.451814838067346,23.408898246282565
2549,45,29,18.0,19.0,0.0,1.0,18.5,0.5,-117.33886502341817,35.74455252937055,,,,,,0,0,0.0,no events,False,14.72561006741947,23.23754108548819
2550,45,30,18.0,19.0,1.0,2.0,18.5,1.5,-117.33884196634324,35.75356521223598,,,,,,0,0,0.0,no events,False,15.060950554383606,23.108226117439045
2551,45,31,18.0,19.0,2.0,3.0,18.5,2.5,-117.33881890070847,35.762577881559466,,,,,,0,0,0.0,no events,False,15.453830313080637,23.021661818592342
2552,45,32,18.0,19.0,3.0,4.0,18.5,3.5,-117.33879582650988,35.771590537339684,,,,,,0,0,0.0,no events,False,15.89998462544515,22.978331346827016
2553,45,33,18.0,19.0,4.0,5.0,18.5,4.5,-117.33877274374338,35.780603179575195,,,,,,0,0,0.0,no events,False,16.395064831628275,22.978479281264754
2554,45,34,18.0,19.0,5.0,6.0,18.5,5.5,-117.338749652405,35.7896158082646,,,,,,0,0,0.0,no events,False,16.934780499823326,23.02210478376063
2555,45,35,18.0,19.0,6.0,7.0,18.5,6.5,-117.33872655249064,35.79862842340651,,,,,,0,0,0.0,no events,False,17.515005861292156,23.108961622483054
2556,45,36,18.0,19.0,7.0,8.0,18.5,7.5,-117.3387034439963,35.80764102499954,,,,,,0,0,0.0,no events,False,18.131852361659046,23.23856505605144
2557,45,37,18.0,19.0,8.0,9.0,18.5,8.5,-117.3386803269179,35.816653613042284,,,,,,0,0,0.0,no events,False,18.78171211069169,23.410205134925143
2558,45,38,18.0,19.0,9.0,10.0,18.5,9.5,-117.33865720125144,35.82566618753335,,,,,,0,0,0.0,no events,False,19.461278209634767,23.622965585510556
2559,45,39,18.0,19.0,10.0,11.0,18.5,10.5,-117.33863406699284,35.83467874847134,,,,,,0,0,0.0,no events,False,20.167547924740557,23.875747143265627
2560,45,40,18.0,19.0,11.0,12.0,18.5,11.5,-117.33861092413812,35.84369129585487,,,,,,0,0,0.0,no events,False,20.897813977557778,24.167294019895923
2561,45,41,18.0,19.0,12.0,13.0,18.5,12.5,-117.33858777268313,35.852703829682554,,,,,,0,0,0.0,no events,False,21.64964823696938,24.49622213401564
2562,45,42,18.0,19.0,13.0,14.0,18.5,13.5,-117.33856461262388,35.86171634995301,,,,,,0,0,0.0,no events,False,22.42088108278561,24.861047794370577
2563,45,43,18.0,19.0,14.0,15.0,18.5,14.5,-117.33854144395626,35.870728856664826,,,,,,0,0,0.0,no events,False,23.209578804285005,25.26021567661129
2564,45,44,18.0,19.0,15.0,16.0,18.5,15.5,-117.33851826667625,35.87974134981664,,,,,,0,0,0.0,no events,False,24.014020654946933,25.69212514806549
2565,45,45,18.0,19.0,16.0,17.0,18.5,16.5,-117.33849508077978,35.88875382940706,,,,,,0,0,0.0,no events,False,24.832676612884885,26.15515423809999
2566,45,46,18.0,19.0,17.0,18.0,18.5,17.5,-117.3384718862628,35.8977662954347,,,,,,0,0,0.0,no events,False,25.664186476567345,26.647680796154482
2567,45,47,18.0,19.0,18.0,19.0,18.5,18.5,-117.3384486831212,35.9067787478982,,,,,,0,0,0.0,no events,False,26.507340629492134,27.168100603624847
2568,45,48,18.0,19.0,19.0,20.0,18.5,19.5,-117.33842547135092,35.91579118679616,,,,,,0,0,0.0,no events,False,27.36106260713985,27.714842395431756
2569,45,49,18.0,19.0,20.0,21.0,18.5,20.5,-117.33840225094796,35.92480361212721,,,,,,0,0,0.0,no events,False,28.224393469758187,28.286379895606327
2570,45,50,18.0,19.0,21.0,22.0,18.5,21.5,-117.3383790219081,35.93381602388996,,,,,,0,0,0.0,no events,False,29.09647790505976,28.881241077791348
2571,45,51,18.0,19.0,22.0,23.0,18.5,22.5,-117.33835578422736,35.942828422083046,,,,,,0,0,0.0,no events,False,29.97655194020041,29.498014929626077
2572,45,52,18.0,19.0,23.0,24.0,18.5,23.5,-117.33833253790164,35.95184080670511,,,,,,0,0,0.0,no events,False,30.86393212096338,30.13535603545084
2573,45,53,18.0,19.0,24.0,25.0,18.5,24.5,-117.33830928292686,35.96085317775474,,,,,,0,0,0.0,no events,False,31.75800600968734,30.791987301542
2574,45,54,18.0,19.0,25.0,26.0,18.5,25.5,-117.33828601929892,35.9698655352306,,,,,,0,0,0.0,no events,False,32.65822385640774,31.466701139033695
2575,45,55,18.0,19.0,26.0,27.0,18.5,26.5,-117.3382627470137,35.97887787913129,,,,,,0,0,0.0,no events,False,33.56409130602438,32.158359397957554
2576,46,0,19.0,20.0,-29.0,-28.0,19.5,-28.5,-117.3285105462974,35.483159643812044,,,,,,0,0,0.0,no events,False,28.744026337758648,40.38232392400711
2577,46,1,19.0,20.0,-28.0,-27.0,19.5,-27.5,-117.32848650273198,35.492172715255656,,,,,,0,0,0.0,no events,False,27.89637413445814,39.582052550346326
2578,46,2,19.0,20.0,-27.0,-26.0,19.5,-26.5,-117.32846245026596,35.50118577319749,,,,,,0,0,0.0,no events,False,27.059126548977282,38.79105158014305
2579,46,3,19.0,20.0,-26.0,-25.0,19.5,-25.5,-117.32843838889512,35.51019881763611,,,,,,0,0,0.0,no events,False,26.233279805191522,38.009899780034395
2580,46,4,19.0,20.0,-25.0,-24.0,19.5,-24.5,-117.32841431861534,35.51921184857008,,,,,,0,0,0.0,no events,False,25.419945103822933,37.2392169611983
2581,46,5,19.0,20.0,-24.0,-23.0,19.5,-23.5,-117.32839023942246,35.52822486599796,,,,,,0,0,0.0,no events,False,24.620362483628742,36.47966664428473
2582,46,6,19.0,20.0,-23.0,-22.0,19.5,-22.5,-117.32836615131228,35.5372378699183,,,,,,0,0,0.0,no events,False,23.835915937282035,35.731958763452646
2583,46,7,19.0,20.0,-22.0,-21.0,19.5,-21.5,-117.32834205428064,35.54625086032968,,,,,,0,0,0.0,no events,False,23.068149650829778,34.996852368006195
2584,46,8,19.0,20.0,-21.0,-20.0,19.5,-20.5,-117.32831794832336,35.55526383723068,,,,,,0,0,0.0,no events,False,22.318785093660008,34.27515826751149
2585,46,9,19.0,20.0,-20.0,-19.0,19.5,-19.5,-117.32829383343626,35.56427680061983,,,,,,0,0,0.0,no events,False,21.589738483846492,33.56774155134512
2586,46,10,19.0,20.0,-19.0,-18.0,19.5,-18.5,-117.32826970961514,35.573289750495725,,,,,,0,0,0.0,no events,False,20.883137875922394,32.87552389624906
2587,46,11,19.0,20.0,-18.0,-17.0,19.5,-17.5,-117.32824557685586,35.58230268685693,,,,,,0,0,0.0,no events,False,20.201338749911763,32.19948555563867
2588,46,12,19.0,20.0,-17.0,-16.0,19.5,-16.5,-117.32822143515418,35.59131560970201,,,,,,0,0,0.0,no events,False,19.546936512727225,31.540666902313966
2589,46,13,19.0,20.0,-16.0,-15.0,19.5,-15.5,-117.32819728450592,35.600328519029546,,,,,,0,0,0.0,no events,False,18.922773760114843,30.900169372313545
2590,46,14,19.0,20.0,-15.0,-14.0,19.5,-14.5,-117.32817312490693,35.60934141483811,,,,,,0,0,0.0,no events,False,18.33193951878505,30.279155632755096
2591,46,15,19.0,20.0,-14.0,-13.0,19.5,-13.5,-117.32814895635296,35.618354297126274,,,,,,0,0,0.0,no events,False,17.777757065060122,29.678848771937652
2592,46,16,19.0,20.0,-13.0,-12.0,19.5,-12.5,-117.32812477883984,35.627367165892615,,,,,,0,0,0.0,no events,False,17.263756428083585,29.10053028765087
2593,46,17,19.0,20.0,-12.0,-11.0,19.5,-11.5,-117.32810059236331,35.636380021135714,,,,,,0,0,0.0,no events,False,16.793627534040983,28.54553663215015
2594,46,18,19.0,20.0,-11.0,-10.0,19.5,-10.5,-117.32807639691926,35.64539286285415,,,,,,0,0,0.0,no events,False,16.371150402338912,28.01525406296303
2595,46,19,19.0,20.0,-10.0,-9.0,19.5,-9.5,-117.32805219250342,35.65440569104652,,,,,,0,0,0.0,no events,False,16.00010016343347,27.51111155164958
2596,46,20,19.0,20.0,-9.0,-8.0,19.5,-8.5,-117.32802797911158,35.66341850571137,,,,,,0,0,0.0,no events,False,15.684127166782533,27.03457152244599
2597,46,21,19.0,20.0,-8.0,-7.0,19.5,-7.5,-117.32800375673956,35.67243130684731,,,,,,0,0,0.0,no events,False,15.426616113967057,26.587118234159718
2598,46,22,19.0,20.0,-7.0,-6.0,19.5,-6.5,-117.32797952538309,35.68144409445291,,,,,,0,0,0.0,no events,False,15.230532639130194,26.170243686143404
2599,46,23,19.0,20.0,-6.0,-5.0,19.5,-5.5,-117.327955285038,35.690456868526766,,,,,,0,0,0.0,no events,False,15.09827023918675,25.785431025815125
2600,46,24,19.0,20.0,-5.0,-4.0,19.5,-4.5,-117.32793103570002,35.69946962906748,,,,,,0,0,0.0,no events,False,15.031513694881646,25.43413556191776
2601,46,25,19.0,20.0,-4.0,-3.0,19.5,-3.5,-117.32790677736496,35.708482376073604,,,,,,0,0,0.0,no events,False,15.031135808824184,25.117763642031314
2602,46,26,19.0,20.0,-3.0,-2.0,19.5,-2.5,-117.3278825100286,35.71749510954376,,,,,,0,0,0.0,no events,False,15.09714156544936,24.837649827870003
2603,46,27,19.0,20.0,-2.0,-1.0,19.5,-1.5,-117.32785823368664,35.72650782947652,,,,,,0,0,0.0,no events,False,15.228667807497835,24.595032985682927
2604,46,28,19.0,20.0,-1.0,0.0,19.5,-0.5,-117.32783394833496,35.735520535870485,,,,,,0,0,0.0,no events,False,15.424038476839426,24.391032084800592
2605,46,29,19.0,20.0,0.0,1.0,19.5,0.5,-117.32780965396924,35.744533228724244,,,,,,0,0,0.0,no events,False,15.680867408371427,24.22662264445278
2606,46,30,19.0,20.0,1.0,2.0,19.5,1.5,-117.32778535058524,35.753545908036415,,,,,,0,0,0.0,no events,False,15.996194623185458,24.102614865438415
2607,46,31,19.0,20.0,2.0,3.0,19.5,2.5,-117.32776103817876,35.762558573805585,,,,,,0,0,0.0,no events,False,16.366639305817476,24.019634509013525
2608,46,32,19.0,20.0,3.0,4.0,19.5,3.5,-117.32773671674548,35.771571226030325,,,,,,0,0,0.0,no events,False,16.788553300109918,23.9781075262735
2609,46,33,19.0,20.0,4.0,5.0,19.5,4.5,-117.32771238628126,35.78058386470926,,,,,,0,0,0.0,no events,False,17.258162174882173,23.978249292566677
2610,46,34,19.0,20.0,5.0,6.0,19.5,5.5,-117.32768804678176,35.78959648984099,,,,,,0,0,0.0,no events,False,17.771685384297008,24.020059070106694
2611,46,35,19.0,20.0,6.0,7.0,19.5,6.5,-117.32766369824276,35.798609101424105,,,,,,0,0,0.0,no events,False,18.325431540412307,24.10332002704929
2612,46,36,19.0,20.0,7.0,8.0,19.5,7.5,-117.32763934066,35.80762169945722,,,,,,0,0,0.0,no events,False,18.915868494104103,24.227604811893723
2613,46,37,19.0,20.0,8.0,9.0,19.5,8.5,-117.32761497402925,35.81663428393893,,,,,,0,0,0.0,no events,False,19.539670432997134,24.39228635278449
2614,46,38,19.0,20.0,9.0,10.0,19.5,9.5,-117.32759059834616,35.825646854867855,,,,,,0,0,0.0,no events,False,20.193745575649025,24.596553256730445
2615,46,39,19.0,20.0,10.0,11.0,19.5,10.5,-117.3275662136066,35.834659412242594,,,,,,0,0,0.0,no events,False,20.875248504339936,24.83942895289901
2616,46,40,19.0,20.0,11.0,12.0,19.5,11.5,-117.32754181980614,35.84367195606176,,,,,,0,0,0.0,no events,False,21.58158103248807,25.119793576004124
2617,46,41,19.0,20.0,12.0,13.0,19.5,12.5,-117.32751741694062,35.85268448632397,,,,,,0,0,0.0,no events,False,22.310385016976984,25.436407527321908
2618,46,42,19.0,20.0,13.0,14.0,19.5,13.5,-117.32749300500576,35.861697003027814,,,,,,0,0,0.0,no events,False,23.059529903049913,25.787935677190973
2619,46,43,19.0,20.0,14.0,15.0,19.5,14.5,-117.32746858399722,35.87070950617192,,,,,,0,0,0.0,no events,False,23.827097160450645,26.172971269725558
2620,46,44,19.0,20.0,15.0,16.0,19.5,15.5,-117.32744415391078,35.8797219957549,,,,,,0,0,0.0,no events,False,24.611363205589758,26.590058737821927
2621,46,45,19.0,20.0,16.0,17.0,19.5,16.5,-117.32741971474212,35.888734471775365,,,,,,0,0,0.0,no events,False,25.410781935654,27.037714812383104
2622,46,46,19.0,20.0,17.0,18.0,19.5,17.5,-117.327395266487,35.897746934231954,,,,,,0,0,0.0,no events,False,26.223967631257892,27.51444749346607
2623,46,47,19.0,20.0,18.0,19.0,19.5,18.5,-117.32737080914104,35.906759383123266,,,,,,0,0,0.0,no events,False,27.049678705470125,28.01877262596707
2624,46,48,19.0,20.0,19.0,20.0,19.5,19.5,-117.32734634270004,35.915771818447915,,,,,,0,0,0.0,no events,False,27.886802574211803,28.549227976612297
2625,46,49,19.0,20.0,20.0,21.0,19.5,20.5,-117.32732186715968,35.92478424020453,,,,,,0,0,0.0,no events,False,28.734341780471816,29.10438483554536
2626,46,50,19.0,20.0,21.0,22.0,19.5,21.5,-117.32729738251564,35.93379664839174,,,,,,0,0,0.0,no events,False,29.591401408194077,29.682857262239146
2627,46,51,19.0,20.0,22.0,23.0,19.5,22.5,-117.32727288876364,35.94280904300817,,,,,,0,0,0.0,no events,False,30.457177759023775,30.283309162728628
2628,46,52,19.0,20.0,23.0,24.0,19.5,23.5,-117.3272483858994,35.95182142405242,,,,,,0,0,0.0,no events,False,31.33094822677211,30.904459426437867
2629,46,53,19.0,20.0,24.0,25.0,19.5,24.5,-117.32722387391856,35.960833791523136,,,,,,0,0,0.0,no events,False,32.21206228313513,31.545085370549955
2630,46,54,19.0,20.0,25.0,26.0,19.5,25.5,-117.32719935281682,35.96984614541897,,,,,,0,0,0.0,no events,False,33.09993347842982,32.20402474272781
2631,46,55,19.0,20.0,26.0,27.0,19.5,26.5,-117.32717482258992,35.97885848573851,,,,,,0,0,0.0,no events,False,33.9940323589359,32.88017652363147
2632,47,0,20.0,21.0,-29.0,-28.0,20.5,-28.5,-117.31749112490832,35.48313943531225,,,,,,0,0,0.0,no events,False,29.27908914100646,40.98387505544587
2633,47,1,20.0,21.0,-28.0,-27.0,20.5,-27.5,-117.31746584836053,35.49215250304923,,,,,,0,0,0.0,no events,False,28.447384777355275,40.195582010406795
2634,47,2,20.0,21.0,-27.0,-26.0,20.5,-26.5,-117.31744056245566,35.50116555728329,,,,,,0,0,0.0,no events,False,27.626840941642364,39.41689500392286
2635,47,3,20.0,21.0,-26.0,-25.0,20.5,-25.5,-117.31741526718938,35.51017859801297,,,,,,0,0,0.0,no events,False,26.818482062911556,38.64839466711676
2636,47,4,20.0,21.0,-25.0,-24.0,20.5,-24.5,-117.3173899625573,35.51919162523686,,,,,,0,0,0.0,no events,False,26.0234436595661,37.89070082408295
2637,47,5,20.0,21.0,-24.0,-23.0,20.5,-23.5,-117.31736464855504,35.5282046389535,,,,,,0,0,0.0,no events,False,25.24298436489856,37.14447479148279
2638,47,6,20.0,21.0,-23.0,-22.0,20.5,-22.5,-117.31733932517822,35.537217639161454,,,,,,0,0,0.0,no events,False,24.478498716024546,36.410421669215
2639,47,7,20.0,21.0,-22.0,-21.0,20.5,-21.5,-117.3173139924224,35.54623062585929,,,,,,0,0,0.0,no events,False,23.73153048444869,35.68929257809661
2640,47,8,20.0,21.0,-21.0,-20.0,20.5,-20.5,-117.31728865028326,35.555243599045575,,,,,,0,0,0.0,no events,False,23.003786185717768,34.98188678902157
2641,47,9,20.0,21.0,-20.0,-19.0,20.5,-19.5,-117.31726329875636,35.56425655871888,,,,,,0,0,0.0,no events,False,22.2971482172524,34.28905367482257
2642,47,10,20.0,21.0,-19.0,-18.0,20.5,-18.5,-117.31723793783732,35.57326950487776,,,,,,0,0,0.0,no events,False,21.61368682955372,33.611694401053384
2643,47,11,20.0,21.0,-18.0,-17.0,20.5,-17.5,-117.31721256752174,35.5822824375208,,,,,,0,0,0.0,no events,False,20.95566983205085,32.95076325526836
2644,47,12,20.0,21.0,-17.0,-16.0,20.5,-16.5,-117.31718718780522,35.59129535664654,,,,,,0,0,0.0,no events,False,20.325568573937318,32.30726849641864
2645,47,13,20.0,21.0,-16.0,-15.0,20.5,-15.5,-117.31716179868332,35.60030826225359,,,,,,0,0,0.0,no events,False,19.726058339103897,31.682272587278597
2646,47,14,20.0,21.0,-15.0,-14.0,20.5,-14.5,-117.31713640015168,35.60932115434052,,,,,,0,0,0.0,no events,False,19.160010890958088,31.076891654243116
2647,47,15,20.0,21.0,-14.0,-13.0,20.5,-13.5,-117.31711099220588,35.61833403290589,,,,,,0,0,0.0,no events,False,18.630476566248504,30.4922940016737
2648,47,16,20.0,21.0,-13.0,-12.0,20.5,-12.5,-117.31708557484144,35.62734689794827,,,,,,0,0,0.0,no events,False,18.14065315333042,29.929697493951494
2649,47,17,20.0,21.0,-12.0,-11.0,20.5,-11.5,-117.317060148054,35.63635974946626,,,,,,0,0,0.0,no events,False,17.69383894391884,29.39036560974339
2650,47,18,20.0,21.0,-11.0,-10.0,20.5,-10.5,-117.31703471183914,35.64537258745841,,,,,,0,0,0.0,no events,False,17.29336798652134,28.875601972414835
2651,47,19,20.0,21.0,-10.0,-9.0,20.5,-9.5,-117.31700926619244,35.65438541192333,,,,,,0,0,0.0,no events,False,16.942526849946063,28.386743171140083
2652,47,20,20.0,21.0,-9.0,-8.0,20.5,-8.5,-117.31698381110944,35.66339822285958,,,,,,0,0,0.0,no events,False,16.644454205682006,27.925149712386656
2653,47,21,20.0,21.0,-8.0,-7.0,20.5,-7.5,-117.31695834658574,35.67241102026576,,,,,,0,0,0.0,no events,False,16.40202717803344,27.492194984288705
2654,47,22,20.0,21.0,-7.0,-6.0,20.5,-6.5,-117.31693287261686,35.68142380414044,,,,,,0,0,0.0,no events,False,16.217741374582644,27.089252179583873
2655,47,23,20.0,21.0,-6.0,-5.0,20.5,-5.5,-117.31690738919843,35.69043657448221,,,,,,0,0,0.0,no events,False,16.09359422368887,26.717679207671278
2656,47,24,20.0,21.0,-5.0,-4.0,20.5,-4.5,-117.31688189632597,35.69944933128966,,,,,,0,0,0.0,no events,False,16.03098296364431,26.378801732432247
2657,47,25,20.0,21.0,-4.0,-3.0,20.5,-3.5,-117.31685639399502,35.70846207456136,,,,,,0,0,0.0,no events,False,16.03062863784687,26.073894596586662
2658,47,26,20.0,21.0,-3.0,-2.0,20.5,-2.5,-117.31683088220116,35.717474804295925,,,,,,0,0,0.0,no events,False,16.092535358620726,25.804162029193115
2659,47,27,20.0,21.0,-2.0,-1.0,20.5,-1.5,-117.31680536094,35.726487520491936,,,,,,0,0,0.0,no events,False,16.21599007191237,25.57071717069727
2660,47,28,20.0,21.0,-1.0,0.0,20.5,-0.5,-117.31677983020695,35.735500223147994,,,,,,0,0,0.0,no events,False,16.399602853613942,25.3745615768772
2661,47,29,20.0,21.0,0.0,1.0,20.5,0.5,-117.3167542899977,35.74451291226267,,,,,,0,0,0.0,no events,False,16.64138255975641,25.216565464267198
2662,47,30,20.0,21.0,1.0,2.0,20.5,1.5,-117.31672874030772,35.75352558783459,,,,,,0,0,0.0,no events,False,16.938838603755183,25.097449519993337
2663,47,31,20.0,21.0,2.0,3.0,20.5,2.5,-117.31670318113254,35.76253824986232,,,,,,0,0,0.0,no events,False,17.28909751803052,25.01776910524906
2664,47,32,20.0,21.0,3.0,4.0,20.5,3.5,-117.3166776124677,35.77155089834448,,,,,,0,0,0.0,no events,False,17.689022944523284,24.977901625206524
2665,47,33,20.0,21.0,4.0,5.0,20.5,4.5,-117.31665203430876,35.780563533279654,,,,,,0,0,0.0,no events,False,18.13532940080696,24.978037717031242
2666,47,34,20.0,21.0,5.0,6.0,20.5,5.5,-117.31662644665124,35.789576154666456,,,,,,0,0,0.0,no events,False,18.624682875680744,25.018176727898773
2667,47,35,20.0,21.0,6.0,7.0,20.5,6.5,-117.31660084949068,35.79858876250348,,,,,,0,0,0.0,no events,False,19.15378427265948,25.098126730561315
2668,47,36,20.0,21.0,7.0,8.0,20.5,7.5,-117.31657524282258,35.80760135678932,,,,,,0,0,0.0,no events,False,19.719434365809782,25.21750907560572
2669,47,37,20.0,21.0,8.0,9.0,20.5,8.5,-117.31654962664248,35.8166139375226,,,,,,0,0,0.0,no events,False,20.318580940887134,25.37576723122273
2670,47,38,20.0,21.0,9.0,10.0,20.5,9.5,-117.3165240009459,35.8256265047019,,,,,,0,0,0.0,no events,False,20.948350082889203,25.572179437195764
2671,47,39,20.0,21.0,10.0,11.0,20.5,10.5,-117.31649836572832,35.83463905832586,,,,,,0,0,0.0,no events,False,21.606064216769933,25.80587452040869
2672,47,40,20.0,21.0,11.0,12.0,20.5,11.5,-117.31647272098527,35.84365159839306,,,,,,0,0,0.0,no events,False,22.28924966622,26.075850098472703
2673,47,41,20.0,21.0,12.0,13.0,20.5,12.5,-117.31644706671231,35.85266412490213,,,,,,0,0,0.0,no events,False,22.995636334465512,26.380992342081438
2674,47,42,20.0,21.0,13.0,14.0,20.5,13.5,-117.31642140290488,35.861676637851666,,,,,,0,0,0.0,no events,False,23.723151775657733,26.72009647340181
2675,47,43,20.0,21.0,14.0,15.0,20.5,14.5,-117.31639572955852,35.87068913724029,,,,,,0,0,0.0,no events,False,24.469911522414517,27.091887238486
2676,47,44,20.0,21.0,15.0,16.0,20.5,15.5,-117.3163700466687,35.87970162306661,,,,,,0,0,0.0,no events,False,25.234207133545866,27.495038693149368
2677,47,45,20.0,21.0,16.0,17.0,20.5,16.5,-117.31634435423092,35.88871409532925,,,,,,0,0,0.0,no events,False,26.01449306449386,27.9281927688263
2678,47,46,20.0,21.0,17.0,18.0,20.5,17.5,-117.3163186522407,35.897726554026825,,,,,,0,0,0.0,no events,False,26.809373158403037,28.389976222738582
2679,47,47,20.0,21.0,18.0,19.0,20.5,18.5,-117.31629294069354,35.90673899915793,,,,,,0,0,0.0,no events,False,27.617587311175527,28.8790157124962
2680,47,48,20.0,21.0,19.0,20.0,20.5,19.5,-117.31626721958489,35.91575143072121,,,,,,0,0,0.0,no events,False,28.437998674912155,29.39395085927618
2681,47,49,20.0,21.0,20.0,21.0,20.5,20.5,-117.31624148891026,35.92476384871528,,,,,,0,0,0.0,no events,False,29.269581622876125,29.933445269672575
2682,47,50,20.0,21.0,21.0,22.0,20.5,21.5,-117.31621574866512,35.93377625313876,,,,,,0,0,0.0,no events,False,30.111410596684273,30.49619557104499
2683,47,51,20.0,21.0,22.0,23.0,20.5,22.5,-117.31618999884496,35.94278864399028,,,,,,0,0,0.0,no events,False,30.962649884433535,31.080938578208425
2684,47,52,20.0,21.0,23.0,24.0,20.5,23.5,-117.31616423944524,35.95180102126844,,,,,,0,0,0.0,no events,False,31.822544329608753,31.686456752014813
2685,47,53,20.0,21.0,24.0,25.0,20.5,24.5,-117.31613847046148,35.960813384971885,,,,,,0,0,0.0,no events,False,32.69041093889486,32.31158213539296
2686,47,54,20.0,21.0,25.0,26.0,20.5,25.5,-117.31611269188906,35.96982573509926,,,,,,0,0,0.0,no events,False,33.56563133769002,32.955198962943406
2687,47,55,20.0,21.0,26.0,27.0,20.5,26.5,-117.31608690372347,35.97883807164916,,,,,,0,0,0.0,no events,False,34.4476450115479,33.61624513954714
2688,48,0,21.0,22.0,-29.0,-28.0,21.5,-28.5,-117.30647170918547,35.483118216396434,,,,,,0,0,0.0,no events,False,29.838080899217395,41.600768545993944
2689,48,1,21.0,22.0,-28.0,-27.0,21.5,-27.5,-117.30644519965844,35.49213128024145,,,,,,0,0,0.0,no events,False,29.02240016766608,40.82438906110292
2690,48,2,21.0,22.0,-27.0,-26.0,21.5,-26.5,-117.30641868031792,35.501144330582335,,,,,,0,0,0.0,no events,False,28.21858166591734,40.0579273154171
2691,48,3,21.0,22.0,-26.0,-25.0,21.5,-25.5,-117.30639215115932,35.510157367417655,,,,,,0,0,0.0,no events,False,27.427668347490794,39.30196355657285
2692,48,4,21.0,22.0,-25.0,-24.0,21.5,-24.5,-117.30636561217813,35.519170390745934,,,,,,0,0,0.0,no events,False,26.650809194541367,38.55711527068799
2693,48,5,21.0,22.0,-24.0,-23.0,21.5,-23.5,-117.3063390633696,35.52818340056577,,,,,,0,0,0.0,no events,False,25.88926940776338,37.824039136401886
2694,48,6,21.0,22.0,-23.0,-22.0,21.5,-22.5,-117.3063125047293,35.537196396875736,,,,,,0,0,0.0,no events,False,25.14444094052709,37.10343292994601
2695,48,7,21.0,22.0,-22.0,-21.0,21.5,-21.5,-117.30628593625248,35.546209379674345,,,,,,0,0,0.0,no events,False,24.417853098820075,36.39603733625328
2696,48,8,21.0,22.0,-21.0,-20.0,21.5,-20.5,-117.30625935793464,35.55522234896021,,,,,,0,0,0.0,no events,False,23.71118279840673,35.70263761092286
2697,48,9,21.0,22.0,-20.0,-19.0,21.5,-19.5,-117.30623276977111,35.56423530473185,,,,,,0,0,0.0,no events,False,23.02626390544852,35.02406502637613
2698,48,10,21.0,22.0,-19.0,-18.0,21.5,-18.5,-117.3062061717573,35.57324824698789,,,,,,0,0,0.0,no events,False,22.365094884378728,34.36119802286824
2699,48,11,21.0,22.0,-18.0,-17.0,21.5,-17.5,-117.3061795638886,35.58226117572684,,,,,,0,0,0.0,no events,False,21.729843739225682,33.71496297138267
2700,48,12,21.0,22.0,-17.0,-16.0,21.5,-16.5,-117.3061529461604,35.59127409094732,,,,,,0,0,0.0,no events,False,21.122848971553715,33.08633444122581
2701,48,13,21.0,22.0,-16.0,-15.0,21.5,-15.5,-117.30612631856803,35.60028699264787,,,,,,0,0,0.0,no events,False,20.546615011212186,32.476334850958565
2702,48,14,21.0,22.0,-15.0,-14.0,21.5,-14.5,-117.3060996811069,35.609299880827066,,,,,,0,0,0.0,no events,False,20.003800343006628,31.886033368020648
2703,48,15,21.0,22.0,-14.0,-13.0,21.5,-13.5,-117.3060730337724,35.61831275548351,,,,,,0,0,0.0,no events,False,19.49719641145296,31.316543911189605
2704,48,16,21.0,22.0,-13.0,-12.0,21.5,-12.5,-117.30604637655988,35.62732561661573,,,,,,0,0,0.0,no events,False,19.02969541665542,30.769022102374446
2705,48,17,21.0,22.0,-12.0,-11.0,21.5,-11.5,-117.30601970946468,35.63633846422235,,,,,,0,0,0.0,no events,False,18.604245413200143,30.244661012009175
2706,48,18,21.0,22.0,-11.0,-10.0,21.5,-10.5,-117.30599303248223,35.64535129830191,,,,,,0,0,0.0,no events,False,18.223791788167485,29.7446855476115
2707,48,19,21.0,22.0,-10.0,-9.0,21.5,-9.5,-117.3059663456078,35.654364118853024,,,,,,0,0,0.0,no events,False,17.891205294288667,29.270345350221422
2708,48,20,21.0,22.0,-9.0,-8.0,21.5,-8.5,-117.30593964883684,35.663376925874246,,,,,,0,0,0.0,no events,False,17.609198352744084,28.822906090749584
2709,48,21,21.0,22.0,-8.0,-7.0,21.5,-7.5,-117.30591294216464,35.67238971936417,,,,,,0,0,0.0,no events,False,17.380233208164587,28.403639099789835
2710,48,22,21.0,22.0,-7.0,-6.0,21.5,-6.5,-117.30588622558656,35.68140249932138,,,,,,0,0,0.0,no events,False,17.206427465168044,28.01380932158371
2711,48,23,21.0,22.0,-6.0,-5.0,21.5,-5.5,-117.30585949909798,35.69041526574445,,,,,,0,0,0.0,no events,False,17.089464177029992,27.65466165587623
2712,48,24,21.0,22.0,-5.0,-4.0,21.5,-4.5,-117.3058327626942,35.699428018631984,,,,,,0,0,0.0,no events,False,17.03051454307513,27.327405839119297
2713,48,25,21.0,22.0,-4.0,-3.0,21.5,-3.5,-117.3058060163706,35.708440757982565,,,,,,0,0,0.0,no events,False,17.030181013300936,27.033200115614726
2714,48,26,21.0,22.0,-3.0,-2.0,21.5,-2.5,-117.30577926012248,35.71745348379477,,,,,,0,0,0.0,no events,False,17.088467019885016,26.77313405423079
2715,48,27,21.0,22.0,-2.0,-1.0,21.5,-1.5,-117.3057524939452,35.7264661960672,,,,,,0,0,0.0,no events,False,17.20477680278358,26.54821096949384
2716,48,28,21.0,22.0,-1.0,0.0,21.5,-0.5,-117.30572571783412,35.73547889479843,,,,,,0,0,0.0,no events,False,17.37794534970985,26.359330497485963
2717,48,29,21.0,22.0,0.0,1.0,21.5,0.5,-117.3056989317845,35.744491579987084,,,,,,0,0,0.0,no events,False,17.60629501971963,26.20727194636317
2718,48,30,21.0,22.0,1.0,2.0,21.5,1.5,-117.30567213579172,35.75350425163174,,,,,,0,0,0.0,no events,False,17.887712656047068,26.092679077963123
2719,48,31,21.0,22.0,2.0,3.0,21.5,2.5,-117.30564532985105,35.762516909731,,,,,,0,0,0.0,no events,False,18.219739400145343,26.016046972215342
2720,48,32,21.0,22.0,3.0,4.0,21.5,3.5,-117.30561851395784,35.77152955428343,,,,,,0,0,0.0,no events,False,18.599665146263003,25.977711574645205
2721,48,33,21.0,22.0,4.0,5.0,21.5,4.5,-117.30559168810744,35.78054218528767,,,,,,0,0,0.0,no events,False,19.024620450800402,25.977842428700583
2722,48,34,21.0,22.0,5.0,6.0,21.5,5.5,-117.30556485229512,35.789554802742295,,,,,,0,0,0.0,no events,False,19.491660345925254,26.016438953964023
2723,48,35,21.0,22.0,6.0,7.0,21.5,6.5,-117.3055380065162,35.79856740664594,,,,,,0,0,0.0,no events,False,19.997836452596996,26.09333045895593
2724,48,36,21.0,22.0,7.0,8.0,21.5,7.5,-117.30551115076597,35.807579996997134,,,,,,0,0,0.0,no events,False,20.540255658796443,26.20817988787504
2725,48,37,21.0,22.0,8.0,9.0,21.5,8.5,-117.30548428503974,35.816592573794544,,,,,,0,0,0.0,no events,False,21.11612517183542,26.360491111323366
2726,48,38,21.0,22.0,9.0,10.0,21.5,9.5,-117.30545740933285,35.82560513703677,,,,,,0,0,0.0,no events,False,21.722784858680612,26.549619398874604
2727,48,39,21.0,22.0,10.0,11.0,21.5,10.5,-117.30543052364054,35.8346176867224,,,,,,0,0,0.0,no events,False,22.357728457077783,26.774784570936127
2728,48,40,21.0,22.0,11.0,12.0,21.5,11.5,-117.30540362795811,35.84363022285005,,,,,,0,0,0.0,no events,False,23.01861554273688,27.035086229101985
2729,48,41,21.0,22.0,12.0,13.0,21.5,12.5,-117.30537672228093,35.852642745418336,,,,,,0,0,0.0,no events,False,23.703276171201104,27.329520413097633
2730,48,42,21.0,22.0,13.0,14.0,21.5,13.5,-117.30534980660416,35.86165525442585,,,,,,0,0,0.0,no events,False,24.40970997353578,27.656997027964927
2731,48,43,21.0,22.0,14.0,15.0,21.5,14.5,-117.30532288092316,35.870667749871224,,,,,,0,0,0.0,no events,False,25.13608125257464,28.016357422045452
2732,48,44,21.0,22.0,15.0,16.0,21.5,15.5,-117.30529594523324,35.87968023175305,,,,,,0,0,0.0,no events,False,25.880711359619475,28.406391565891326
2733,48,45,21.0,22.0,16.0,17.0,21.5,16.5,-117.3052689995296,35.88869270006997,,,,,,0,0,0.0,no events,False,26.642069368272402,28.825854373976192
2734,48,46,21.0,22.0,17.0,18.0,21.5,17.5,-117.30524204380755,35.897705154820564,,,,,,0,0,0.0,no events,False,27.41876182411855,29.27348081429031
2735,48,47,21.0,22.0,18.0,19.0,21.5,18.5,-117.30521507806236,35.90671759600348,,,,,,0,0,0.0,no events,False,28.209522146105964,29.74799955592919
2736,48,48,21.0,22.0,19.0,20.0,21.5,19.5,-117.30518810228932,35.91573002361733,,,,,,0,0,0.0,no events,False,29.01320008988228,30.248145003859392
2737,48,49,21.0,22.0,20.0,21.0,21.5,20.5,-117.30516111648367,35.924742437660726,,,,,,0,0,0.0,no events,False,29.828751552813056,30.772667657670574
2738,48,50,21.0,22.0,21.0,22.0,21.5,21.5,-117.3051341206407,35.93375483813228,,,,,,0,0,0.0,no events,False,30.655228900521188,31.32034280406881
2739,48,51,21.0,22.0,22.0,23.0,21.5,22.5,-117.3051071147556,35.94276722503065,,,,,,0,0,0.0,no events,False,31.491771920412027,31.889977609890625
2740,48,52,21.0,22.0,23.0,24.0,21.5,23.5,-117.3050800988237,35.95177959835443,,,,,,0,0,0.0,no events,False,32.33759945374971,32.4804167238394
2741,48,53,21.0,22.0,24.0,25.0,21.5,24.5,-117.3050530728402,35.96079195810225,,,,,,0,0,0.0,no events,False,33.192001719918245,33.090546522371106
2742,48,54,21.0,22.0,25.0,26.0,21.5,25.5,-117.3050260368004,35.96980430427274,,,,,,0,0,0.0,no events,False,34.054333320723785,33.719298150230635
2743,48,55,21.0,22.0,26.0,27.0,21.5,26.5,-117.30499899069947,35.97881663686453,,,,,,0,0,0.0,no events,False,34.924006895871216,34.36564951138109
2744,49,0,22.0,23.0,-29.0,-28.0,22.5,-28.5,-117.29545229940524,35.48309598706588,,,,,,0,0,0.0,no events,False,30.419682486335745,42.23233207714582
2745,49,1,22.0,23.0,-28.0,-27.0,22.5,-27.5,-117.29542455690223,35.492109046833605,,,,,,0,0,0.0,no events,False,29.62002232128436,41.46777871154012
2746,49,2,22.0,23.0,-27.0,-26.0,22.5,-26.5,-117.29539680412938,35.50112209309594,,,,,,0,0,0.0,no events,False,28.83286947317741,40.71343107457539
2747,49,3,22.0,23.0,-26.0,-25.0,22.5,-25.5,-117.2953690410818,35.510135125851434,,,,,,0,0,0.0,no events,False,28.059276573019268,39.9698670057725
2748,49,4,22.0,23.0,-25.0,-24.0,22.5,-24.5,-117.29534126775472,35.51914814509863,,,,,,0,0,0.0,no events,False,27.300396362417345,39.23769956373694
2749,49,5,22.0,23.0,-24.0,-23.0,22.5,-23.5,-117.29531348414336,35.52816115083613,,,,,,0,0,0.0,no events,False,26.557490116518775,38.51757865765997
2750,49,6,22.0,23.0,-23.0,-22.0,22.5,-22.5,-117.2952856902428,35.53717414306245,,,,,,0,0,0.0,no events,False,25.831936068225595,37.81019259728735
2751,49,7,22.0,23.0,-22.0,-21.0,22.5,-21.5,-117.29525788604832,35.54618712177618,,,,,,0,0,0.0,no events,False,25.125237526773684,37.11626951673489
2752,49,8,22.0,23.0,-21.0,-20.0,22.5,-20.5,-117.29523007155508,35.55520008697587,,,,,,0,0,0.0,no events,False,24.439030269646516,36.436578618660725
2753,49,9,22.0,23.0,-20.0,-19.0,22.5,-19.5,-117.29520224675824,35.56421303866009,,,,,,0,0,0.0,no events,False,23.775088648932538,35.771931175556965
2754,49,10,22.0,23.0,-19.0,-18.0,22.5,-18.5,-117.295174411653,35.57322597682741,,,,,,0,0,0.0,no events,False,23.135329693101482,35.12318121445899
2755,49,11,22.0,23.0,-18.0,-17.0,22.5,-17.5,-117.29514656623448,35.5822389014764,,,,,,0,0,0.0,no events,False,22.52181430862987,34.491225800465045
2756,49,12,22.0,23.0,-17.0,-16.0,22.5,-16.5,-117.29511871049787,35.59125181260562,,,,,,0,0,0.0,no events,False,21.936744505425306,33.87700482353194
2757,49,13,22.0,23.0,-16.0,-15.0,22.5,-15.5,-117.2950908444384,35.60026471021365,,,,,,0,0,0.0,no events,False,21.382455407183933,33.281500182662235
2758,49,14,22.0,23.0,-15.0,-14.0,22.5,-14.5,-117.29506296805113,35.60927759429906,,,,,,0,0,0.0,no events,False,20.8614006956415,32.70573425262743
2759,49,15,22.0,23.0,-14.0,-13.0,22.5,-13.5,-117.29503508133128,35.61829046486042,,,,,,0,0,0.0,no events,False,20.376130121492984,32.15076751180953
2760,49,16,22.0,23.0,-13.0,-12.0,22.5,-12.5,-117.29500718427396,35.627303321896306,,,,,,0,0,0.0,no events,False,19.929257850505017,31.617695206851625
2761,49,17,22.0,23.0,-12.0,-11.0,22.5,-11.5,-117.29497927687436,35.63631616540529,,,,,,0,0,0.0,no events,False,19.523420761122217,31.107642932056244
2762,49,18,22.0,23.0,-11.0,-10.0,22.5,-10.5,-117.2949513591276,35.645328995385974,,,,,,0,0,0.0,no events,False,19.161226421075458,30.621761010484835
2763,49,19,22.0,23.0,-10.0,-9.0,22.5,-9.5,-117.29492343102888,35.6543418118369,,,,,,0,0,0.0,no events,False,18.845191368187866,30.1612175811619
2764,49,20,22.0,23.0,-9.0,-8.0,22.5,-8.5,-117.29489549257326,35.66335461475667,,,,,,0,0,0.0,no events,False,18.57767147539014,29.727190324232296
2765,49,21,22.0,23.0,-8.0,-7.0,22.5,-7.5,-117.29486754375591,35.67236740414386,,,,,,0,0,0.0,no events,False,18.360787488324856,29.320856794576635
2766,49,22,22.0,23.0,-7.0,-6.0,22.5,-6.5,-117.294839584572,35.68138017999706,,,,,,0,0,0.0,no events,False,18.19635009927345,28.94338338486037
2767,49,23,22.0,23.0,-6.0,-5.0,22.5,-5.5,-117.2948116150166,35.69039294231485,,,,,,0,0,0.0,no events,False,18.085789910292306,28.595913000950883
2768,49,24,22.0,23.0,-5.0,-4.0,22.5,-4.5,-117.29478363508488,35.699405691095805,,,,,,0,0,0.0,no events,False,18.03009807025833,28.279551604523228
2769,49,25,22.0,23.0,-4.0,-3.0,22.5,-3.5,-117.29475564477193,35.70841842633853,,,,,,0,0,0.0,no events,False,18.029783031612865,27.995353856449697
2770,49,26,22.0,23.0,-3.0,-2.0,22.5,-2.5,-117.2947276440729,35.7174311480416,,,,,,0,0,0.0,no events,False,18.084847688353292,27.744308175601955
2771,49,27,22.0,23.0,-2.0,-1.0,22.5,-1.5,-117.29469963298293,35.72644385620361,,,,,,0,0,0.0,no events,False,18.194789244584275,27.527321604865843
2772,49,28,22.0,23.0,-1.0,0.0,22.5,-0.5,-117.29467161149708,35.735456550823166,,,,,,0,0,0.0,no events,False,18.358621827325212,27.345204942231724
2773,49,29,22.0,23.0,0.0,1.0,22.5,0.5,-117.2946435796105,35.74446923189883,,,,,,0,0,0.0,no events,False,18.574919519143112,27.198658642065325
2774,49,30,22.0,23.0,1.0,2.0,22.5,1.5,-117.29461553731824,35.75348189942922,,,,,,0,0,0.0,no events,False,18.841875567112368,27.08826001282724
2775,49,31,22.0,23.0,2.0,3.0,22.5,2.5,-117.29458748461548,35.76249455341291,,,,,,0,0,0.0,no events,False,19.157372331049164,27.014452226863234
2776,49,32,22.0,23.0,3.0,4.0,22.5,3.5,-117.2945594214973,35.771507193848514,,,,,,0,0,0.0,no events,False,19.519056185542127,26.977535612290765
2777,49,33,22.0,23.0,4.0,5.0,22.5,4.5,-117.29453134795877,35.780519820734625,,,,,,0,0,0.0,no events,False,19.92441201436701,26.977661616740562
2778,49,34,22.0,23.0,5.0,6.0,22.5,5.5,-117.294503263995,35.78953243406984,,,,,,0,0,0.0,no events,False,20.370832920186512,27.01482972188234
2779,49,35,22.0,23.0,6.0,7.0,22.5,6.5,-117.29447516960109,35.79854503385277,,,,,,0,0,0.0,no events,False,20.855682046052983,27.088887454032474
2780,49,36,22.0,23.0,7.0,8.0,22.5,7.5,-117.2944470647721,35.807557620082,,,,,,0,0,0.0,no events,False,21.376344714425777,27.199533490340944
2781,49,37,22.0,23.0,8.0,9.0,22.5,8.5,-117.29441894950315,35.81657019275613,,,,,,0,0,0.0,no events,False,21.930270246712897,27.346323714296936
2782,49,38,22.0,23.0,9.0,10.0,22.5,9.5,-117.29439082378931,35.82558275187378,,,,,,0,0,0.0,no events,False,22.515003727242934,27.52867994078284
2783,49,39,22.0,23.0,10.0,11.0,22.5,10.5,-117.29436268762566,35.83459529743356,,,,,,0,0,0.0,no events,False,23.12820858998088,27.745900920262077
2784,49,40,22.0,23.0,11.0,12.0,22.5,11.5,-117.29433454100727,35.84360782943407,,,,,,0,0,0.0,no events,False,23.767681256815262,27.997175151645934
2785,49,41,22.0,23.0,12.0,13.0,22.5,12.5,-117.29430638392924,35.8526203478739,,,,,,0,0,0.0,no events,False,24.431359194065923,28.28159498802854
2786,49,42,22.0,23.0,13.0,14.0,22.5,13.5,-117.29427821638652,35.86163285275169,,,,,,0,0,0.0,no events,False,25.117323739072436,28.598171509063683
2787,49,43,22.0,23.0,14.0,15.0,22.5,14.5,-117.29425003837432,35.87064534406604,,,,,,0,0,0.0,no events,False,25.82379893736152,28.94584965511916
2788,49,44,22.0,23.0,15.0,16.0,22.5,15.5,-117.29422184988763,35.87965782181556,,,,,,0,0,0.0,no events,False,26.549147468443802,29.32352316574021
2789,49,45,22.0,23.0,16.0,17.0,22.5,16.5,-117.29419365092156,35.88867028599884,,,,,,0,0,0.0,no events,False,27.29186455786922,29.73004893111754
2790,49,46,22.0,23.0,17.0,18.0,22.5,17.5,-117.29416544147108,35.89768273661454,,,,,,0,0,0.0,no events,False,28.050570596495543,30.164260442477016
2791,49,47,22.0,23.0,18.0,19.0,22.5,18.5,-117.29413722153132,35.906695173661255,,,,,,0,0,0.0,no events,False,28.824003027561638,30.624980108344957
2792,49,48,22.0,23.0,19.0,20.0,22.5,19.5,-117.29410899109725,35.91570759713762,,,,,,0,0,0.0,no events,False,29.611007924026914,31.111030282384814
2793,49,49,22.0,23.0,20.0,21.0,22.5,20.5,-117.294080750164,35.92472000704221,,,,,,0,0,0.0,no events,False,30.410531564257255,31.621242920328186
2794,49,50,22.0,23.0,21.0,22.0,22.5,21.5,-117.29405249872654,35.93373240337368,,,,,,0,0,0.0,no events,False,31.22161222237873,32.15446784540752
2795,49,51,22.0,23.0,22.0,23.0,22.5,22.5,-117.29402423677998,35.94274478613065,,,,,,0,0,0.0,no events,False,32.043372317976946,32.70957965208795
2796,49,52,22.0,23.0,23.0,24.0,22.5,23.5,-117.29399596431928,35.95175715531174,,,,,,0,0,0.0,no events,False,32.87501101524368,33.28548331647337
2797,49,53,22.0,23.0,24.0,25.0,22.5,24.5,-117.29396768133952,35.96076951091557,,,,,,0,0,0.0,no events,False,33.71579732108223,33.88111860913343
2798,49,54,22.0,23.0,25.0,26.0,22.5,25.5,-117.29393938783568,35.96978185294078,,,,,,0,0,0.0,no events,False,34.56506370224417,34.49546342348669
2799,49,55,22.0,23.0,26.0,27.0,22.5,26.5,-117.29391108380284,35.97879418138597,,,,,,0,0,0.0,no events,False,35.42220022082338,35.12753614183677
2800,50,0,23.0,24.0,-29.0,-28.0,23.5,-28.5,-117.28443289584403,35.48307274732195,,,,,,0,0,0.0,no events,False,31.02262228424156,42.87791741364406
2801,50,1,23.0,24.0,-28.0,-27.0,23.5,-27.5,-117.28440392036858,35.49208580282707,,,,,,0,0,0.0,no events,False,30.23891091184706,42.125082793108206
2802,50,2,23.0,24.0,-27.0,-26.0,23.5,-26.5,-117.28437493416678,35.50109884482547,,,,,,0,0,0.0,no events,False,29.46829436663285,41.38271860234852
2803,50,3,23.0,24.0,-26.0,-25.0,23.5,-25.5,-117.28434593723364,35.510111873315694,,,,,,0,0,0.0,no events,False,28.711827051276753,40.65139846937744
2804,50,4,23.0,24.0,-25.0,-24.0,23.5,-24.5,-117.2843169295642,35.519124888296325,,,,,,0,0,0.0,no events,False,27.970656988464352,39.93172919009447
2805,50,5,23.0,24.0,-24.0,-23.0,23.5,-23.5,-117.28428791115331,35.5281378897659,,,,,,0,0,0.0,no events,False,27.246032593943504,39.22435206228375
2806,50,6,23.0,24.0,-23.0,-22.0,23.5,-22.5,-117.28425888199608,35.53715087772299,,,,,,0,0,0.0,no events,False,26.53930918193113,38.52994411235142
2807,50,7,23.0,24.0,-22.0,-21.0,23.5,-21.5,-117.28422984208738,35.54616385216615,,,,,,0,0,0.0,no events,False,25.85195488929292,37.84921917154784
2808,50,8,23.0,24.0,-21.0,-20.0,23.5,-20.5,-117.28420079142224,35.55517681309396,,,,,,0,0,0.0,no events,False,25.18555560915697,37.18292875085023
2809,50,9,23.0,24.0,-20.0,-19.0,23.5,-19.5,-117.28417172999552,35.56418976050495,,,,,,0,0,0.0,no events,False,24.54181841440932,36.531862655574315
2810,50,10,23.0,24.0,-19.0,-18.0,23.5,-18.5,-117.28414265780228,35.57320269439773,,,,,,0,0,0.0,no events,False,23.922572830482565,35.89684927233428
2811,50,11,23.0,24.0,-18.0,-17.0,23.5,-17.5,-117.28411357483748,35.58221561477084,,,,,,0,0,0.0,no events,False,23.32976919246405,35.278755452476304
2812,50,12,23.0,24.0,-17.0,-16.0,23.5,-16.5,-117.28408448109602,35.59122852162285,,,,,,0,0,0.0,no events,False,22.765473206536843,34.678485907988644
2813,50,13,23.0,24.0,-16.0,-15.0,23.5,-15.5,-117.28405537657284,35.60024141495234,,,,,,0,0,0.0,no events,False,22.23185574938469,34.096982028700246
2814,50,14,23.0,24.0,-15.0,-14.0,23.5,-14.5,-117.28402626126292,35.609254294757875,,,,,,0,0,0.0,no events,False,21.731176907966837,33.53522002403515
2815,50,15,23.0,24.0,-14.0,-13.0,23.5,-13.5,-117.2839971351612,35.618267161038034,,,,,,0,0,0.0,no events,False,21.26576331922401,32.99420828956786
2816,50,16,23.0,24.0,-13.0,-12.0,23.5,-12.5,-117.2839679982626,35.62728001379138,,,,,,0,0,0.0,no events,False,20.837978051940535,32.47498389915427
2817,50,17,23.0,24.0,-12.0,-11.0,23.5,-11.5,-117.28393885056204,35.63629285301649,,,,,,0,0,0.0,no events,False,20.4501826162276,31.978608128642332
2818,50,18,23.0,24.0,-11.0,-10.0,23.5,-10.5,-117.28390969205456,35.64530567871196,,,,,,0,0,0.0,no events,False,20.10469121327059,31.506160928304325
2819,50,19,23.0,24.0,-10.0,-9.0,23.5,-9.5,-117.28388052273492,35.65431849087636,,,,,,0,0,0.0,no events,False,19.80371804800457,31.058734279348066
2820,50,20,23.0,24.0,-9.0,-8.0,23.5,-8.5,-117.28385134259815,35.66333128950824,,,,,,0,0,0.0,no events,False,19.549319381215398,30.637424396154632
2821,50,21,23.0,24.0,-8.0,-7.0,23.5,-7.5,-117.2838221516392,35.67234407460624,,,,,,0,0,0.0,no events,False,19.34333290859324,30.24332277090319
2822,50,22,23.0,24.0,-7.0,-6.0,23.5,-6.5,-117.2837929498529,35.68135684616887,,,,,,0,0,0.0,no events,False,19.187317888557754,29.877506101078318
2823,50,23,23.0,24.0,-6.0,-5.0,23.5,-5.5,-117.2837637372342,35.69036960419476,,,,,,0,0,0.0,no events,False,19.08250003276485,29.54102519234755
2824,50,24,23.0,24.0,-5.0,-4.0,23.5,-4.5,-117.28373451377804,35.699382348682505,,,,,,0,0,0.0,no events,False,19.029725359142013,29.23489298782968
2825,50,25,23.0,24.0,-4.0,-3.0,23.5,-3.5,-117.28370527947928,35.708395079630655,,,,,,0,0,0.0,no events,False,19.029426869674104,28.960071937148115
2826,50,26,23.0,24.0,-3.0,-2.0,23.5,-2.5,-117.28367603433286,35.71740779703783,,,,,,0,0,0.0,no events,False,19.081607026982212,28.717460981077945
2827,50,27,23.0,24.0,-2.0,-1.0,23.5,-1.5,-117.28364677833366,35.72642050090259,,,,,,0,0,0.0,no events,False,19.185837653750724,28.507882485282465
2828,50,28,23.0,24.0,-1.0,0.0,23.5,-0.5,-117.28361751147658,35.73543319122355,,,,,,0,0,0.0,no events,False,19.341277264440972,28.332069504178744
2829,50,29,23.0,24.0,0.0,1.0,23.5,0.5,-117.28358823375656,35.74444586799928,,,,,,0,0,0.0,no events,False,19.54670422255075,28.190653787816906
2830,50,30,23.0,24.0,1.0,2.0,23.5,1.5,-117.2835589451684,35.75345853122839,,,,,,0,0,0.0,no events,False,19.80056276240111,28.084154955766362
2831,50,31,23.0,24.0,2.0,3.0,23.5,2.5,-117.28352964570703,35.76247118090947,,,,,,0,0,0.0,no events,False,20.101018020281654,28.012971248591906
2832,50,32,23.0,24.0,3.0,4.0,23.5,3.5,-117.28350033536736,35.77148381704112,,,,,,0,0,0.0,no events,False,20.446015875851945,27.977372227737497
2833,50,33,23.0,24.0,4.0,5.0,23.5,4.5,-117.28347101414424,35.78049643962193,,,,,,0,0,0.0,no events,False,20.833343585211953,27.977493729144463
2834,50,34,23.0,24.0,5.0,6.0,23.5,5.5,-117.2834416820326,35.78950904865048,,,,,,0,0,0.0,no events,False,21.260687775408257,28.013335288024138
2835,50,35,23.0,24.0,6.0,7.0,23.5,6.5,-117.28341233902722,35.7985216441254,,,,,,0,0,0.0,no events,False,21.725687202647844,28.084760147706422
2836,50,36,23.0,24.0,7.0,8.0,23.5,7.5,-117.28338298512304,35.80753422604529,,,,,,0,0,0.0,no events,False,22.225978587481777,28.191497852174145
2837,50,37,23.0,24.0,8.0,9.0,23.5,8.5,-117.28335362031488,35.81654679440874,,,,,,0,0,0.0,no events,False,22.75923469528579,28.333149308611635
2838,50,38,23.0,24.0,9.0,10.0,23.5,9.5,-117.28332424459764,35.82555934921435,,,,,,0,0,0.0,no events,False,23.323194542322085,28.509194101886155
2839,50,39,23.0,24.0,10.0,11.0,23.5,10.5,-117.2832948579662,35.83457189046073,,,,,,0,0,0.0,no events,False,23.915686136987684,28.718999755109177
2840,50,40,23.0,24.0,11.0,12.0,23.5,11.5,-117.28326546041536,35.8435844181465,,,,,,0,0,0.0,no events,False,24.53464251108638,28.961832565100252
2841,50,41,23.0,24.0,12.0,13.0,23.5,12.5,-117.28323605193997,35.85259693227025,,,,,,0,0,0.0,no events,False,25.178111980263914,29.236869601991284
2842,50,42,23.0,24.0,13.0,14.0,23.5,13.5,-117.28320663253494,35.86160943283059,,,,,,0,0,0.0,no events,False,25.844263631115734,29.5432114489739
2843,50,43,23.0,24.0,14.0,15.0,23.5,14.5,-117.28317720219506,35.87062191982616,,,,,,0,0,0.0,no events,False,26.531389002057796,29.87989526945707
2844,50,44,23.0,24.0,15.0,16.0,23.5,15.5,-117.28314776091516,35.87963439325552,,,,,,0,0,0.0,no events,False,27.23790083913251,30.24590782087163
2845,50,45,23.0,24.0,16.0,17.0,23.5,16.5,-117.28311830869016,35.888646853117315,,,,,,0,0,0.0,no events,False,27.96232969311244,30.64019808199033
2846,50,46,23.0,24.0,17.0,18.0,23.5,17.5,-117.28308884551484,35.89765929941016,,,,,,0,0,0.0,no events,False,28.703318999903477,31.061689218369057
2847,50,47,23.0,24.0,18.0,19.0,23.5,18.5,-117.283059371384,35.90667173213266,,,,,,0,0,0.0,no events,False,29.459619165123673,31.509289672943837
2848,50,48,23.0,24.0,19.0,20.0,23.5,19.5,-117.28302988629252,35.91568415128346,,,,,,0,0,0.0,no events,False,30.2300810633717,31.981903231177874
2849,50,49,23.0,24.0,20.0,21.0,23.5,20.5,-117.28300039023522,35.924696556861136,,,,,,0,0,0.0,no events,False,31.01364926676521,32.47843796864877
2850,50,50,23.0,24.0,21.0,22.0,23.5,21.5,-117.28297088320689,35.933708948864336,,,,,,0,0,0.0,no events,False,31.809355236876907,32.997814040907414
2851,50,51,23.0,24.0,22.0,23.0,23.5,22.5,-117.28294136520236,35.942721327291686,,,,,,0,0,0.0,no events,False,32.61631064865753,33.538970319215935
2852,50,52,23.0,24.0,23.0,24.0,23.5,23.5,-117.28291183621648,35.95173369214178,,,,,,0,0,0.0,no events,False,33.43370096285532,34.100869910724974
2853,50,53,23.0,24.0,24.0,25.0,23.5,24.5,-117.28288229624395,35.96074604341326,,,,,,0,0,0.0,no events,False,34.26077932297417,34.682504627883034
2854,50,54,23.0,24.0,25.0,26.0,23.5,25.5,-117.28285274527975,35.96975838110476,,,,,,0,0,0.0,no events,False,35.09686082203702,35.282898490034356
2855,50,55,23.0,24.0,26.0,27.0,23.5,26.5,-117.28282318331854,35.978770705214906,,,,,,0,0,0.0,no events,False,35.941317161525106,35.901110351255284
2856,51,0,24.0,25.0,-29.0,-28.0,24.5,-28.5,-117.2734134987782,35.48304849716609,,,,,,0,0,0.0,no events,False,31.64568065648076,43.53690079447826
2857,51,1,24.0,25.0,-28.0,-27.0,24.5,-27.5,-117.27338329033388,35.49206154822328,,,,,,0,0,0.0,no events,False,30.87778722570422,42.79566016996562
2858,51,2,24.0,25.0,-27.0,-26.0,24.5,-26.5,-117.2733530707068,35.501074585772365,,,,,,0,0,0.0,no events,False,30.123518780178472,42.06513197385838
2859,51,3,24.0,25.0,-26.0,-25.0,24.5,-25.5,-117.27332283989172,35.51008760981189,,,,,,0,0,0.0,no events,False,29.38392457524466,41.345884034242914
2860,51,4,24.0,25.0,-25.0,-24.0,24.5,-24.5,-117.2732925978835,35.51910062034044,,,,,,0,0,0.0,no events,False,28.660140669361155,40.6385152923677
2861,51,5,24.0,25.0,-24.0,-23.0,24.5,-23.5,-117.2732623446768,35.528113617356546,,,,,,0,0,0.0,no events,False,27.95339519506479,39.94365686517628
2862,51,6,24.0,25.0,-23.0,-22.0,24.5,-22.5,-117.27323208026644,35.53712660085879,,,,,,0,0,0.0,no events,False,27.265013161107653,39.2619729809632
2863,51,7,24.0,25.0,-22.0,-21.0,24.5,-21.5,-117.27320180464714,35.54613957084572,,,,,,0,0,0.0,no events,False,26.596420481321836,38.59416174698999
2864,51,8,24.0,25.0,-21.0,-20.0,24.5,-20.5,-117.27317151781368,35.55515252731589,,,,,,0,0,0.0,no events,False,25.949146848464554,37.94095570156036
2865,51,9,24.0,25.0,-20.0,-19.0,24.5,-19.5,-117.27314121976076,35.56416547026789,,,,,,0,0,0.0,no events,False,25.324826986715625,37.30312209645067
2866,51,10,24.0,25.0,-19.0,-18.0,24.5,-18.5,-117.2731109104832,35.57317839970028,,,,,,0,0,0.0,no events,False,24.725199729243485,36.68146284893293
2867,51,11,24.0,25.0,-18.0,-17.0,24.5,-17.5,-117.27308058997566,35.58219131561161,,,,,,0,0,0.0,no events,False,24.15210428502834,36.07681409621126
2868,51,12,24.0,25.0,-17.0,-16.0,24.5,-16.5,-117.27305025823296,35.59120421800044,,,,,,0,0,0.0,no events,False,23.607472993499037,35.490045279310756
2869,51,13,24.0,25.0,-16.0,-15.0,24.5,-15.5,-117.27301991524976,35.60021710686537,,,,,,0,0,0.0,no events,False,23.09331983242532,34.92205767881481
2870,51,14,24.0,25.0,-15.0,-14.0,24.5,-14.5,-117.2729895610208,35.609229982204965,,,,,,0,0,0.0,no events,False,22.61172396405437,34.37378232195882
2871,51,15,24.0,25.0,-14.0,-13.0,24.5,-13.5,-117.27295919554086,35.61824284401778,,,,,,0,0,0.0,no events,False,22.16480769983112,33.84617718018313
2872,51,16,24.0,25.0,-13.0,-12.0,24.5,-12.5,-117.27292881880464,35.6272556923024,,,,,,0,0,0.0,no events,False,21.75470845850146,33.340223579143704
2873,51,17,24.0,25.0,-12.0,-11.0,24.5,-11.5,-117.2728984308068,35.63626852705739,,,,,,0,0,0.0,no events,False,21.383544604632252,32.856921750252724
2874,51,18,24.0,25.0,-11.0,-10.0,24.5,-10.5,-117.27286803154216,35.64528134828135,,,,,,0,0,0.0,no events,False,21.053375491882512,32.39728546494553
2875,51,19,24.0,25.0,-10.0,-9.0,24.5,-9.5,-117.27283762100534,35.65429415597283,,,,,,0,0,0.0,no events,False,20.76615658580329,31.962335710834893
2876,51,20,24.0,25.0,-9.0,-8.0,24.5,-8.5,-117.27280719919108,35.66330695013042,,,,,,0,0,0.0,no events,False,20.523691166308353,31.553093393311723
2877,51,21,24.0,25.0,-8.0,-7.0,24.5,-7.5,-117.27277676609413,35.672319730752704,,,,,,0,0,0.0,no events,False,20.327580742279828,31.170571077251576
2878,51,22,24.0,25.0,-7.0,-6.0,24.5,-6.5,-117.2727463217091,35.68133249783826,,,,,,0,0,0.0,no events,False,20.179176855803803,30.815763821085678
2879,51,23,24.0,25.0,-6.0,-5.0,24.5,-5.5,-117.2727158660308,35.69034525138567,,,,,,0,0,0.0,no events,False,20.07953730347664,30.489639198781504
2880,51,24,24.0,25.0,-5.0,-4.0,24.5,-4.5,-117.27268539905384,35.69935799139352,,,,,,0,0,0.0,no events,False,20.029389857547137,30.19312665271376
2881,51,25,24.0,25.0,-4.0,-3.0,24.5,-3.5,-117.27265492077292,35.70837071786039,,,,,,0,0,0.0,no events,False,20.029106265870038,29.927106369673538
2882,51,26,24.0,25.0,-3.0,-2.0,24.5,-2.5,-117.27262443118276,35.717383430784885,,,,,,0,0,0.0,no events,False,20.078688641278756,29.692397920287526
2883,51,27,24.0,25.0,-2.0,-1.0,24.5,-1.5,-117.27259393027803,35.72639613016557,,,,,,0,0,0.0,no events,False,20.17776938358942,29.489748945212057
2884,51,28,24.0,25.0,-1.0,0.0,24.5,-0.5,-117.2725634180534,35.73540881600105,,,,,,0,0,0.0,no events,False,20.325624640862106,29.319824205587867
2885,51,29,24.0,25.0,0.0,1.0,24.5,0.5,-117.27253289450354,35.7444214882899,,,,,,0,0,0.0,no events,False,20.521200178964264,29.183195336383516
2886,51,30,24.0,25.0,1.0,2.0,24.5,1.5,-117.27250235962316,35.753434147030724,,,,,,0,0,0.0,no events,False,20.763147558330964,29.08033164591589
2887,51,31,24.0,25.0,2.0,3.0,24.5,2.5,-117.2724718134069,35.76244679222212,,,,,,0,0,0.0,no events,False,21.049867844547794,29.011592290520657
2888,51,32,24.0,25.0,3.0,4.0,24.5,3.5,-117.27244125584944,35.77145942386268,,,,,,0,0,0.0,no events,False,21.379559771352387,28.977220119023464
2889,51,33,24.0,25.0,4.0,5.0,24.5,4.5,-117.27241068694543,35.78047204195101,,,,,,0,0,0.0,no events,False,21.7502693261654,28.977337428088155
2890,51,34,24.0,25.0,5.0,6.0,24.5,5.5,-117.27238010668952,35.78948464648568,,,,,,0,0,0.0,no events,False,22.15993807537904,29.011943799342696
2891,51,35,24.0,25.0,6.0,7.0,24.5,6.5,-117.2723495150764,35.79849723746529,,,,,,0,0,0.0,no events,False,22.60644809005908,29.080916106807223
2892,51,36,24.0,25.0,7.0,8.0,24.5,7.5,-117.27231891210069,35.80750981488848,,,,,,0,0,0.0,no events,False,23.087661964617336,29.184010694318562
2893,51,37,24.0,25.0,8.0,9.0,24.5,8.5,-117.27228829775704,35.816522378753824,,,,,,0,0,0.0,no events,False,23.601457046893103,29.320867633837864
2894,51,38,24.0,25.0,9.0,10.0,24.5,9.5,-117.27225767204013,35.82553492905992,,,,,,0,0,0.0,no events,False,24.145753549645995,29.491016893216507
2895,51,39,24.0,25.0,10.0,11.0,24.5,10.5,-117.27222703494454,35.83454746580538,,,,,,0,0,0.0,no events,False,24.718536652159333,29.693886171919665
2896,51,40,24.0,25.0,11.0,12.0,24.5,11.5,-117.27219638646494,35.84355998898881,,,,,,0,0,0.0,no events,False,25.317873014296573,29.92881010975649
2897,51,41,24.0,25.0,12.0,13.0,24.5,12.5,-117.27216572659596,35.85257249860882,,,,,,0,0,0.0,no events,False,25.941922321060726,30.195040539479375
2898,51,42,24.0,25.0,13.0,14.0,24.5,13.5,-117.27213505533224,35.86158499466402,,,,,,0,0,0.0,no events,False,26.58894457205571,30.491757439933554
2899,51,43,24.0,25.0,14.0,15.0,24.5,14.5,-117.2721043726684,35.87059747715301,,,,,,0,0,0.0,no events,False,27.25730385052331,30.818080251220774
2900,51,44,24.0,25.0,15.0,16.0,24.5,15.5,-117.27207367859906,35.8796099460744,,,,,,0,0,0.0,no events,False,27.945469273992433,31.173079234583554
2901,51,45,24.0,25.0,16.0,17.0,24.5,16.5,-117.27204297311884,35.88862240142682,,,,,,0,0,0.0,no events,False,28.65201376321667,31.55578659391277
2902,51,46,24.0,25.0,17.0,18.0,24.5,17.5,-117.27201225622235,35.89763484320886,,,,,,0,0,0.0,no events,False,29.375611183964487,31.96520711892081
2903,51,47,24.0,25.0,18.0,19.0,24.5,18.5,-117.2719815279042,35.906647271419175,,,,,,0,0,0.0,no events,False,30.115032328977527,32.40032815806725
2904,51,48,24.0,25.0,19.0,20.0,24.5,19.5,-117.27195078815902,35.91565968605633,,,,,,0,0,0.0,no events,False,30.869140122770894,32.860128778587985
2905,51,49,24.0,25.0,20.0,21.0,24.5,20.5,-117.27192003698136,35.92467208711898,,,,,,0,0,0.0,no events,False,31.636884354549924,33.343588018393085
2906,51,50,24.0,25.0,21.0,22.0,24.5,21.5,-117.27188927436588,35.93368447460573,,,,,,0,0,0.0,no events,False,32.417296176687344,33.849692177851004
2907,51,51,24.0,25.0,22.0,23.0,24.5,22.5,-117.27185850030716,35.9426968485152,,,,,,0,0,0.0,no events,False,33.209482548678324,34.37744113703357
2908,51,52,24.0,25.0,23.0,24.0,24.5,23.5,-117.27182771479974,35.95170920884601,,,,,,0,0,0.0,no events,False,34.012620758989925,34.9258537150511
2909,51,53,24.0,25.0,24.0,25.0,24.5,24.5,-117.27179691783832,35.960721555596784,,,,,,0,0,0.0,no events,False,34.82595311888498,35.493972112460014
2910,51,54,24.0,25.0,25.0,26.0,24.5,25.5,-117.27176610941738,35.96973388876617,,,,,,0,0,0.0,no events,False,35.64878189199003,36.08086549564782
2911,51,55,24.0,25.0,26.0,27.0,24.5,26.5,-117.27173528953156,35.97874620835276,,,,,,0,0,0.0,no events,False,36.48046449987416,36.68563279418756
2912,52,0,25.0,26.0,-29.0,-28.0,25.5,-28.5,-117.26239410848416,35.483023236599806,,,,,,0,0,0.0,no events,False,32.28769293450989,44.208683082005535
2913,52,1,25.0,26.0,-28.0,-27.0,25.5,-27.5,-117.26236266707473,35.49203628302374,,,,,,0,0,0.0,no events,False,31.53543649257296,43.478896702194994
2914,52,2,25.0,26.0,-27.0,-26.0,25.5,-26.5,-117.2623312140261,35.50104931593812,,,,,,0,0,0.0,no events,False,30.797279011643294,42.76004276231589
2915,52,3,25.0,26.0,-26.0,-25.0,25.5,-25.5,-117.2622997493329,35.5100623353415,,,,,,0,0,0.0,no events,False,30.07425866525901,42.05268190769792
2916,52,4,25.0,26.0,-25.0,-24.0,25.5,-24.5,-117.26226827298964,35.519075341232465,,,,,,0,0,0.0,no events,False,29.367493492104646,41.357403862246535
2917,52,5,25.0,26.0,-24.0,-23.0,25.5,-23.5,-117.26223678499088,35.52808833360956,,,,,,0,0,0.0,no events,False,28.678185328794967,40.674828245733316
2918,52,6,25.0,26.0,-23.0,-22.0,25.5,-22.5,-117.26220528533118,35.537101312471336,,,,,,0,0,0.0,no events,False,28.0076231318656,40.00560524995023
2919,52,7,25.0,26.0,-22.0,-21.0,25.5,-21.5,-117.26217377400503,35.54611427781636,,,,,,0,0,0.0,no events,False,27.357185404213556,39.35041613515397
2920,52,8,25.0,26.0,-21.0,-20.0,25.5,-20.5,-117.26214225100706,35.55512722964319,,,,,,0,0,0.0,no events,False,26.72834138109616,38.70997350302279
2921,52,9,25.0,26.0,-20.0,-19.0,25.5,-19.5,-117.26211071633172,35.564140167950406,,,,,,0,0,0.0,no events,False,26.12265056858357,38.08502129708827
2922,52,10,25.0,26.0,-19.0,-18.0,25.5,-18.5,-117.2620791699736,35.57315309273655,,,,,,0,0,0.0,no events,False,25.54176016785495,37.4763344765014
2923,52,11,25.0,26.0,-18.0,-17.0,25.5,-17.5,-117.26204761192716,35.582166004000186,,,,,,0,0,0.0,no events,False,24.98739986905648,36.8847183043269
2924,52,12,25.0,26.0,-17.0,-16.0,25.5,-16.5,-117.26201604218696,35.5911789017399,,,,,,0,0,0.0,no events,False,24.46137346838942,36.31100718769019
2925,52,13,25.0,26.0,-16.0,-15.0,25.5,-15.5,-117.26198446074751,35.60019178595426,,,,,,0,0,0.0,no events,False,23.965546764134718,35.756063004467215
2926,52,14,25.0,26.0,-15.0,-14.0,25.5,-14.5,-117.26195286760336,35.60920465664182,,,,,,0,0,0.0,no events,False,23.501831236051164,35.22077285032754
2927,52,15,25.0,26.0,-14.0,-13.0,25.5,-13.5,-117.26192126274898,35.61821751380117,,,,,,0,0,0.0,no events,False,23.072163123377322,34.70604614140467
2928,52,16,25.0,26.0,-13.0,-12.0,25.5,-12.5,-117.26188964617889,35.627230357430875,,,,,,0,0,0.0,no events,False,22.67847770322414,34.212811012313075
2929,52,17,25.0,26.0,-12.0,-11.0,25.5,-11.5,-117.2618580178876,35.6362431875295,,,,,,0,0,0.0,no events,False,22.32267884192076,33.74200995730976
2930,52,18,25.0,26.0,-11.0,-10.0,25.5,-10.5,-117.26182637786955,35.64525600409563,,,,,,0,0,0.0,no events,False,22.006604245622242,33.294594674723584
2931,52,19,25.0,26.0,-10.0,-9.0,25.5,-9.5,-117.26179472611936,35.654268807127835,,,,,,0,0,0.0,no events,False,21.731987257665622,32.871520091852645
2932,52,20,25.0,26.0,-9.0,-8.0,25.5,-8.5,-117.26176306263146,35.66328159662472,,,,,,0,0,0.0,no events,False,21.500416505529447,32.473737569673325
2933,52,21,25.0,26.0,-8.0,-7.0,25.5,-7.5,-117.2617313874003,35.672294372584815,,,,,,0,0,0.0,no events,False,21.313295138367163,32.10218731393475
2934,52,22,25.0,26.0,-7.0,-6.0,25.5,-6.5,-117.2616997004204,35.68130713500673,,,,,,0,0,0.0,no events,False,21.17180175136371,31.7577900511653
2935,52,23,25.0,26.0,-6.0,-5.0,25.5,-5.5,-117.26166800168625,35.69031988388907,,,,,,0,0,0.0,no events,False,21.076855295393322,31.441438063944123
2936,52,24,25.0,26.0,-5.0,-4.0,25.5,-4.5,-117.26163629119232,35.69933261923037,,,,,,0,0,0.0,no events,False,21.029086258961698,31.153985718103147
2937,52,25,25.0,26.0,-4.0,-3.0,25.5,-3.5,-117.26160456893308,35.70834534102924,,,,,,0,0,0.0,no events,False,21.02881614905494,30.896239653373925
2938,52,26,25.0,26.0,-3.0,-2.0,25.5,-2.5,-117.261572834903,35.717358049284286,,,,,,0,0,0.0,no events,False,21.076046791907064,30.66894884591997
2939,52,27,25.0,26.0,-2.0,-1.0,25.5,-1.5,-117.26154108909654,35.72637074399405,,,,,,0,0,0.0,no events,False,21.170460271769205,30.472794783357113
2940,52,28,25.0,26.0,-1.0,0.0,25.5,-0.5,-117.2615093315082,35.735383425157174,,,,,,0,0,0.0,no events,False,21.311429512410946,30.308382017249567
2941,52,29,25.0,26.0,0.0,1.0,25.5,0.5,-117.2614775621324,35.744396092772206,,,,,,0,0,0.0,no events,False,21.498038692084506,30.176229371783307
2942,52,30,25.0,26.0,1.0,2.0,25.5,1.5,-117.2614457809636,35.75340874683774,,,,,,0,0,0.0,no events,False,21.72911197794941,30.076762087921267
2943,52,31,25.0,26.0,2.0,3.0,25.5,2.5,-117.26141398799626,35.7624213873524,,,,,,0,0,0.0,no events,False,22.003248557750894,30.01030516819778
2944,52,32,25.0,26.0,3.0,4.0,25.5,3.5,-117.26138218322484,35.77143401431474,,,,,,0,0,0.0,no events,False,22.318861683295342,29.97707815787421
2945,52,33,25.0,26.0,4.0,5.0,25.5,4.5,-117.26135036664375,35.780446627723386,,,,,,0,0,0.0,no events,False,22.674219426078842,29.97719155421734
2946,52,34,25.0,26.0,5.0,6.0,25.5,5.5,-117.26131853824748,35.78945922757693,,,,,,0,0,0.0,no events,False,23.067485045532667,30.010644979293264
2947,52,35,25.0,26.0,6.0,7.0,25.5,6.5,-117.26128669803045,35.79847181387396,,,,,,0,0,0.0,no events,False,23.496755224280978,30.077327186239813
2948,52,36,25.0,26.0,7.0,8.0,25.5,7.5,-117.26125484598704,35.80748438661309,,,,,,0,0,0.0,no events,False,23.960094862368084,30.177017898776235
2949,52,37,25.0,26.0,8.0,9.0,25.5,8.5,-117.26122298211176,35.816496945792906,,,,,,0,0,0.0,no events,False,24.455567577907072,30.30939141352069
2950,52,38,25.0,26.0,9.0,10.0,25.5,9.5,-117.26119110639898,35.82550949141201,,,,,,0,0,0.0,no events,False,24.981261483389538,30.474021829304746
2951,52,39,25.0,26.0,10.0,11.0,25.5,10.5,-117.26115921884312,35.83452202346902,,,,,,0,0,0.0,no events,False,25.535310161526997,30.670389711379322
2952,52,40,25.0,26.0,11.0,12.0,25.5,11.5,-117.26112731943869,35.84353454196254,,,,,,0,0,0.0,no events,False,26.115909036242375,30.89788995453934
2953,52,41,25.0,26.0,12.0,13.0,25.5,12.5,-117.26109540817995,35.852547046891154,,,,,,0,0,0.0,no events,False,26.721327521910062,31.155840579861806
2954,52,42,25.0,26.0,13.0,14.0,25.5,13.5,-117.26106348506144,35.86155953825348,,,,,,0,0,0.0,no events,False,27.349917445526053,31.443492185708383
2955,52,43,25.0,26.0,14.0,15.0,25.5,14.5,-117.2610315500775,35.87057201604815,,,,,,0,0,0.0,no events,False,28.000118285839303,31.76003777434222
2956,52,44,25.0,26.0,15.0,16.0,25.5,15.5,-117.26099960322254,35.87958448027376,,,,,,0,0,0.0,no events,False,28.670459775959205,32.104622689304186
2957,52,45,25.0,26.0,16.0,17.0,25.5,16.5,-117.26096764449098,35.888596930928905,,,,,,0,0,0.0,no events,False,29.359562386193648,32.476354423141856
2958,52,46,25.0,26.0,17.0,18.0,25.5,17.5,-117.2609356738772,35.89760936801222,,,,,,0,0,0.0,no events,False,30.066136154363083,32.87431208728886
2959,52,47,25.0,26.0,18.0,19.0,25.5,18.5,-117.2609036913756,35.9066217915223,,,,,,0,0,0.0,no events,False,30.788978271397724,33.29755537284091
2960,52,48,25.0,26.0,19.0,20.0,25.5,19.5,-117.2608716969806,35.91563420145778,,,,,,0,0,0.0,no events,False,31.526969767811547,33.74513286982802
2961,52,49,25.0,26.0,20.0,21.0,25.5,20.5,-117.2608396906865,35.924646597817265,,,,,,0,0,0.0,no events,False,32.279071586469236,34.21608965088337
2962,52,50,25.0,26.0,21.0,22.0,25.5,21.5,-117.26080767248772,35.933658980599375,,,,,,0,0,0.0,no events,False,33.04432027184562,34.709474061014355
2963,52,51,25.0,26.0,22.0,23.0,25.5,22.5,-117.26077564237868,35.94267134980274,,,,,,0,0,0.0,no events,False,33.821823457232604,35.22434368710323
2964,52,52,25.0,26.0,23.0,24.0,25.5,23.5,-117.2607436003537,35.951683705425964,,,,,,0,0,0.0,no events,False,34.61075528959332,35.75977050796201
2965,52,53,25.0,26.0,24.0,25.0,25.5,24.5,-117.26071154640717,35.960696047467685,,,,,,0,0,0.0,no events,False,35.41035189686787,36.31484524787418
2966,52,54,25.0,26.0,25.0,26.0,25.5,25.5,-117.26067948053344,35.96970837592652,,,,,,0,0,0.0,no events,False,36.219906973982084,36.88868097359935
2967,52,55,25.0,26.0,26.0,27.0,25.5,26.5,-117.26064740272687,35.9787206908011,,,,,,0,0,0.0,no events,False,37.038767540886376,37.4804159871116
