mecha_id,event_code_x,catalog_event_id,time_diff_sec,horizontal_diff_km,depth_diff_km,mag_diff,match_score,event_code_y,mecha_time,mecha_lat,mecha_lon,mecha_depth_km,mecha_mag_1,mecha_mag_2,focal_mech_score,focal_mech_projection,m_method,m_source,n_mech_stations,has_focal_planes,has_axes,has_complete_mechanism,P_axis_azimuth,T_axis_azimuth,strike_plane1,dip_plane1,rake_plane1,strike_plane2,dip_plane2,rake_plane2,catalog_time,datetime,catalog_lat,catalog_lon,catalog_depth_km,catalog_mag,phase_primary,m2_related_flag,dist_m1_km,dist_m3_km,within_60km_either_m1_m3,within_60km_m1,within_60km_m3,within_30km_m1,within_30km_m3,along_axis_20km,along_axis_30km,off_axis_20km,off_axis_30km,within_both_60km,mag_bin,mechanism_detail_class,is_local_zone_match
262,J2026020715170682,17525,0.0,0.005275177371666574,0.0799999999999983,0.0,0.030550354743332724,J2026020715170682,2026-02-07 06:17:06.820000+00:00,40.90916666666666,142.10783333333333,55.55,3.7,,,,,,,False,False,False,,,,,,,,,2026-02-07 06:17:06.820000+00:00,2026-02-07T06:17:06.820000Z,40.9092,142.107878,55.47,3.7,middle_M1plus21d_to_M3minus35d,False,205.4825856033067,148.25366257325874,False,False,False,False,False,False,False,False,False,False,3.5-3.9,metadata_only,False
325,J2026042315411456,23512,0.01,0.014815591153034654,0.03999999999999915,0.0,0.0496311823060691,J2026042315411456,2026-04-23 06:41:14.560000+00:00,40.09733333333333,142.43933333333334,37.93,4.0,4.0,,,,,,False,False,False,,,,,,,,,2026-04-23 06:41:14.550000+00:00,2026-04-23T06:41:14.550000Z,40.097229,142.439225,37.97,4.0,post_M3_context,False,119.61993125965988,67.43035206243144,False,False,False,False,False,False,False,False,False,False,4.0-4.4,metadata_only,False
153,J2025121216090029,10436,0.0,0.019598520731935264,0.049999999999998934,0.0,0.05169704146387026,J2025121216090029,2025-12-12 07:09:00.290000+00:00,40.89483333333333,142.953,15.93,3.5,,,,,,,False,False,False,,,,,,,,,2025-12-12 07:09:00.290000+00:00,2025-12-12T07:09:00.290000Z,40.89484,142.952767,15.88,3.5,middle_M1plus21d_to_M3minus35d,True,172.54973879181438,118.342047620264,False,False,False,False,False,False,False,False,False,False,3.5-3.9,metadata_only,False
13,J2025102114204676,4044,0.0,0.02465489435766865,0.00999999999999801,0.0,0.0518097887153368,J2025102114204676,2025-10-21 05:20:46.760000+00:00,38.91916666666667,142.11833333333334,43.8,3.7,,,,,,,False,False,False,,,,,,,,,2025-10-21 05:20:46.760000+00:00,2025-10-21T05:20:46.760000Z,38.919373,142.118229,43.79,3.7,baseline_to_M1_minus14d,False,131.2115331934162,135.9975584848506,False,False,False,False,False,False,False,False,False,False,3.5-3.9,metadata_only,False
63,J2025120900053163,8539,0.0,0.02387352337178524,0.03999999999999915,0.0,0.057747046743570264,J2025120900053163,2025-12-08 15:05:31.630000+00:00,41.13183333333333,142.70216666666667,20.74,3.7,,,,,,,False,False,False,,,,,,,,,2025-12-08 15:05:31.630000+00:00,2025-12-08T15:05:31.630000Z,41.131624,142.70223,20.7,3.7,middle_M1plus21d_to_M3minus35d,True,204.0841396809052,148.46688773143518,False,False,False,False,False,False,False,False,False,False,3.5-3.9,metadata_only,False
151,J2025121214550202,10387,0.0,0.008202377250639496,0.1700000000000017,0.0,0.05890475450127942,J2025121214550202,2025-12-12 05:55:02.020000+00:00,40.936,142.93383333333333,20.17,3.7,,,,,,,False,False,False,,,,,,,,,2025-12-12 05:55:02.020000+00:00,2025-12-12T05:55:02.020000Z,40.935942,142.933773,20.0,3.7,middle_M1plus21d_to_M3minus35d,True,177.38329244744193,123.10108935054606,False,False,False,False,False,False,False,False,False,False,3.5-3.9,metadata_only,False
276,J2026022202090406,18257,0.0,0.021621545153795375,0.07000000000000028,0.0,0.06074309030759082,J2026022202090406,2026-02-21 17:09:04.060000+00:00,40.9105,142.11116666666666,55.17,3.8,3.9,95.0,LOW,I,JMAM,133.0,True,True,True,110.0,321.0,171.0,22.0,52.0,31.0,72.0,104.0,2026-02-21 17:09:04.060000+00:00,2026-02-21T17:09:04.060000Z,40.910693,142.111198,55.24,3.8,middle_M1plus21d_to_M3minus35d,False,205.45424562680088,148.21773914174565,False,False,False,False,False,False,False,False,False,False,3.5-3.9,complete_mechanism,False
157,J2025121219143313,10585,0.02,0.013846874439295163,0.0799999999999983,0.0,0.0676937488785899,J2025121219143313,2025-12-12 10:14:33.130000+00:00,40.972,143.0035,18.89,4.1,,,,,,,False,False,False,,,,,,,,,2025-12-12 10:14:33.110000+00:00,2025-12-12T10:14:33.110000Z,40.971981,143.003337,18.97,4.1,middle_M1plus21d_to_M3minus35d,False,179.73924710691125,126.3199104364809,False,False,False,False,False,False,False,False,False,False,4.0-4.4,metadata_only,False
143,J2025121212261145,10259,0.0,0.03717350726306361,0.010000000000001563,0.0,0.0768470145261276,J2025121212261145,2025-12-12 03:26:11.450000+00:00,40.99183333333333,142.99866666666668,17.85,4.4,,,,,,,False,False,False,,,,,,,,,2025-12-12 03:26:11.450000+00:00,2025-12-12T03:26:11.450000Z,40.992061,142.998991,17.84,4.4,middle_M1plus21d_to_M3minus35d,True,181.99427680965348,128.57858958853015,False,False,False,False,False,False,False,False,False,False,4.0-4.4,metadata_only,False
79,J2025120903535291,8756,0.01,0.018602316362802348,0.120000000000001,0.0,0.07720463272560495,J2025120903535291,2025-12-08 18:53:52.910000+00:00,40.88016666666667,143.15183333333334,16.56,3.5,,,,,,,False,False,False,,,,,,,,,2025-12-08 18:53:52.920000+00:00,2025-12-08T18:53:52.920000Z,40.880229,143.151628,16.68,3.5,middle_M1plus21d_to_M3minus35d,False,167.1238360140629,115.4466946748077,False,False,False,False,False,False,False,False,False,False,3.5-3.9,metadata_only,False
216,J2026010421430477,15229,0.0,0.03682945214361828,0.019999999999999574,0.0,0.07865890428723646,J2026010421430477,2026-01-04 12:43:04.770000+00:00,40.99666666666667,142.79433333333333,30.86,4.1,4.0,94.0,LOW,I,JMAM,101.0,True,True,True,92.0,304.0,161.0,26.0,61.0,12.0,68.0,103.0,2026-01-04 12:43:04.770000+00:00,2026-01-04T12:43:04.770000Z,40.996932,142.794596,30.84,4.1,middle_M1plus21d_to_M3minus35d,False,187.3834125935507,132.03586574314994,False,False,False,False,False,False,False,False,False,False,4.0-4.4,complete_mechanism,False
213,J2026010111224699,14852,0.0,0.02853145445179709,0.10000000000000142,0.0,0.08206290890359454,J2026010111224699,2026-01-01 02:22:46.990000+00:00,41.04216666666667,142.4755,43.71,3.8,,,,,,,False,False,False,,,,,,,,,2026-01-01 02:22:46.990000+00:00,2026-01-01T02:22:46.990000Z,41.042053,142.475195,43.81,3.8,middle_M1plus21d_to_M3minus35d,False,202.311018957303,145.37851113110847,False,False,False,False,False,False,False,False,False,False,3.5-3.9,metadata_only,False
226,J2026010914592381,15643,0.0,0.03375988207036156,0.060000000000002274,0.0,0.08251976414072369,J2026010914592381,2026-01-09 05:59:23.810000+00:00,40.369,142.2,45.54,3.8,,95.0,LOW,I,JMAM,97.0,True,True,True,122.0,318.0,193.0,17.0,66.0,38.0,74.0,97.0,2026-01-09 05:59:23.810000+00:00,2026-01-09T05:59:23.810000Z,40.369287,142.20013,45.6,3.8,middle_M1plus21d_to_M3minus35d,False,154.92252365528728,100.3005199803188,False,False,False,False,False,False,False,False,False,False,3.5-3.9,complete_mechanism,False
203,J2025122413043054,13877,0.0,0.03140675394068923,0.0799999999999983,0.0,0.08281350788137803,J2025122413043054,2025-12-24 04:04:30.540000+00:00,41.1635,142.78533333333334,31.29,3.7,,,,,,,False,False,False,,,,,,,,,2025-12-24 04:04:30.540000+00:00,2025-12-24T04:04:30.540000Z,41.163338,142.785026,31.21,3.7,middle_M1plus21d_to_M3minus35d,True,205.20148715087404,150.25397910310173,False,False,False,False,False,False,False,False,False,False,3.5-3.9,metadata_only,False
99,J2025120909090467,9000,0.0,0.02647648494619736,0.11999999999999744,0.0,0.08295296989239409,J2025120909090467,2025-12-09 00:09:04.670000+00:00,40.957166666666666,143.1125,21.69,3.9,,,,,,,False,False,False,,,,,,,,,2025-12-09 00:09:04.670000+00:00,2025-12-09T00:09:04.670000Z,40.957214,143.112809,21.81,3.9,middle_M1plus21d_to_M3minus35d,False,176.14405011521308,124.06258199719416,False,False,False,False,False,False,False,False,False,False,3.5-3.9,metadata_only,False
211,J2025123123500184,14753,0.01,0.026238702196024224,0.10000000000000142,0.0,0.0874774043920488,J2025123123500184,2025-12-31 14:50:01.840000+00:00,39.63883333333333,142.10583333333332,48.37,3.8,3.8,98.0,LOW,I,JMAM,120.0,True,True,True,111.0,305.0,182.0,16.0,67.0,26.0,75.0,96.0,2025-12-31 14:50:01.830000+00:00,2025-12-31T14:50:01.830000Z,39.63903,142.105664,48.47,3.8,middle_M1plus21d_to_M3minus35d,False,123.05443085467364,92.68175257257296,False,False,False,False,False,False,False,False,False,False,3.5-3.9,complete_mechanism,False
270,J2026021702525369,18028,0.01,0.01883829264465216,0.1599999999999966,0.0,0.08767658528930347,J2026021702525369,2026-02-16 17:52:53.690000+00:00,40.802,142.62866666666667,42.62,4.0,4.1,96.0,LOW,I,JMAM,126.0,True,True,True,90.0,274.0,176.0,18.0,85.0,1.0,72.0,92.0,2026-02-16 17:52:53.680000+00:00,2026-02-16T17:52:53.680000Z,40.801839,142.628597,42.46,4.0,middle_M1plus21d_to_M3minus35d,False,172.6536016862347,115.74847098404052,False,False,False,False,False,False,False,False,False,False,4.0-4.4,complete_mechanism,False
233,J2026011012270797,15707,0.0,0.039275677568146455,0.03999999999999915,0.0,0.0885513551362927,J2026011012270797,2026-01-10 03:27:07.970000+00:00,40.61383333333333,142.46366666666663,50.4,3.6,,,,,,,False,False,False,,,,,,,,,2026-01-10 03:27:07.970000+00:00,2026-01-10T03:27:07.970000Z,40.613997,142.464079,50.44,3.6,middle_M1plus21d_to_M3minus35d,False,161.40452523875473,104.06319351800803,False,False,False,False,False,False,False,False,False,False,3.5-3.9,metadata_only,False
241,J2026011704341473,16110,0.01,0.03826865582256369,0.00999999999999801,0.0,0.08903731164512688,J2026011704341473,2026-01-16 19:34:14.730000+00:00,41.2625,142.7325,35.43,5.4,5.3,,,,,,False,False,False,,,,,,,,,2026-01-16 19:34:14.720000+00:00,2026-01-16T19:34:14.720000Z,41.262244,142.732194,35.44,5.4,middle_M1plus21d_to_M3minus35d,False,217.0228435807587,161.95031501035717,False,False,False,False,False,False,False,False,False,False,>=5.0,metadata_only,False
307,J2026040317514467,20670,0.01,0.04066081249005619,0.00999999999999801,0.0,0.09382162498011187,J2026040317514467,2026-04-03 08:51:44.670000+00:00,39.45183333333333,142.58933333333334,30.15,4.4,4.2,,,,,,False,False,False,,,,,,,,,2026-04-03 08:51:44.680000+00:00,2026-04-03T08:51:44.680000Z,39.451957,142.589779,30.14,4.4,preM3_M3minus35d_to_M3,False,78.9761110266471,65.11175700232472,False,False,False,False,False,False,False,False,False,False,4.0-4.4,metadata_only,False
119,J2025121202041771,10126,0.01,0.03724033551265711,0.05000000000000071,0.0,0.0969806710253144,J2025121202041771,2025-12-11 17:04:17.710000+00:00,41.225,143.09733333333332,23.3,4.0,4.1,,,,,,False,False,False,,,,,,,,,2025-12-11 17:04:17.720000+00:00,2025-12-11T17:04:17.720000Z,41.225317,143.097477,23.25,4.0,middle_M1plus21d_to_M3minus35d,False,205.69466860015183,153.90005176117836,False,False,False,False,False,False,False,False,False,False,4.0-4.4,metadata_only,False
319,J2026042018272800,21716,0.01,0.027256087183954978,0.129999999999999,0.0,0.09701217436790971,J2026042018272800,2026-04-20 09:27:28+00:00,39.94133333333333,143.02266666666668,19.31,3.8,,,,,,,False,False,False,,,,,,,,,2026-04-20 09:27:28.010000+00:00,2026-04-20T09:27:28.010000Z,39.94141,143.022363,19.18,3.8,post_M3_context,False,72.92495076900141,15.941451579403832,True,False,True,False,True,False,False,True,True,False,3.5-3.9,metadata_only,True
36,J2025112312374483,7672,0.0,0.04577445068071258,0.029999999999997584,0.0,0.09904890136142455,J2025112312374483,2025-11-23 03:37:44.830000+00:00,39.44883333333333,142.58466666666666,29.81,4.2,4.0,,,,,,False,False,False,,,,,,,,,2025-11-23 03:37:44.830000+00:00,2025-11-23T03:37:44.830000Z,39.448751,142.585189,29.78,4.2,M1_related_M1minus14d_to_M1plus21d,False,79.34703797101325,65.64317295153606,False,False,False,False,False,False,False,False,False,False,4.0-4.4,metadata_only,False
148,J2025121213582278,10343,0.01,0.034685631029624894,0.08000000000000185,0.0,0.09937126205925025,J2025121213582278,2025-12-12 04:58:22.780000+00:00,40.970666666666666,142.95966666666666,19.27,4.4,4.4,,,,,,False,False,False,,,,,,,,,2025-12-12 04:58:22.770000+00:00,2025-12-12T04:58:22.770000Z,40.970935,142.959456,19.35,4.4,middle_M1plus21d_to_M3minus35d,True,180.55033509127531,126.64115806368986,False,False,False,False,False,False,False,False,False,False,4.0-4.4,metadata_only,False
159,J2025121220455032,10648,0.0,0.045341915012118726,0.03999999999999915,0.0,0.10068383002423724,J2025121220455032,2025-12-12 11:45:50.320000+00:00,40.9675,142.95633333333333,19.99,3.5,,,,,,,False,False,False,,,,,,,,,2025-12-12 11:45:50.320000+00:00,2025-12-12T11:45:50.320000Z,40.967265,142.955892,19.95,3.5,middle_M1plus21d_to_M3minus35d,True,180.23477119284823,126.27705623118052,False,False,False,False,False,False,False,False,False,False,3.5-3.9,metadata_only,False
223,J2026010801072375,15507,0.0,0.044143900995404974,0.04999999999999716,0.0,0.10078780199080924,J2026010801072375,2026-01-07 16:07:23.750000+00:00,38.6545,141.89083333333335,57.32,3.2,,90.0,LOW,I,JMAM,104.0,True,True,True,282.0,29.0,63.0,47.0,173.0,157.0,85.0,43.0,2026-01-07 16:07:23.750000+00:00,2026-01-07T16:07:23.750000Z,38.654106,141.890771,57.27,3.2,middle_M1plus21d_to_M3minus35d,False,162.49826902228958,171.27344437580777,False,False,False,False,False,False,False,False,False,False,3.0-3.4,complete_mechanism,False
218,J2026010612403987,15391,0.0,0.04934211117912611,0.00999999999999801,0.0,0.10118422235825172,J2026010612403987,2026-01-06 03:40:39.870000+00:00,40.365833333333335,142.20783333333333,45.86,3.7,,94.0,LOW,I,JMAM,84.0,True,True,True,109.0,305.0,191.0,27.0,79.0,23.0,63.0,95.0,2026-01-06 03:40:39.870000+00:00,2026-01-06T03:40:39.870000Z,40.365942,142.208398,45.85,3.7,middle_M1plus21d_to_M3minus35d,False,154.15872422574174,99.51426118848477,False,False,False,False,False,False,False,False,False,False,3.5-3.9,complete_mechanism,False
275,J2026022023163059,18193,0.0,0.046216438402668945,0.03999999999999915,0.0,0.10243287680533768,J2026022023163059,2026-02-20 14:16:30.590000+00:00,41.509,142.08783333333332,54.1,5.1,5.3,92.0,LOW,I,JMAM,217.0,True,True,True,108.0,288.0,198.0,14.0,90.0,18.0,76.0,90.0,2026-02-20 14:16:30.590000+00:00,2026-02-20T14:16:30.590000Z,41.508659,142.087516,54.14,5.1,middle_M1plus21d_to_M3minus35d,False,263.2336521976888,206.1008938252498,False,False,False,False,False,False,False,False,False,False,>=5.0,complete_mechanism,False
258,J2026013110185287,17152,0.01,0.04411443377571984,0.01999999999999602,0.0,0.10322886755143867,J2026013110185287,2026-01-31 01:18:52.870000+00:00,39.75866666666667,141.84616666666668,57.47,3.3,,98.0,LOW,I,JMAM,124.0,True,True,True,98.0,320.0,161.0,28.0,53.0,21.0,68.0,108.0,2026-01-31 01:18:52.880000+00:00,2026-01-31T01:18:52.880000Z,39.759045,141.846322,57.45,3.3,middle_M1plus21d_to_M3minus35d,False,147.75332635105585,112.3476416186825,False,False,False,False,False,False,False,False,False,False,3.0-3.4,complete_mechanism,False
280,J2026022503164027,18408,0.01,0.04492155767806374,0.020000000000003126,0.0,0.10484311535612825,J2026022503164027,2026-02-24 18:16:40.270000+00:00,39.55616666666667,142.0136666666667,53.94,4.6,4.7,98.0,LOW,I,JMAM,236.0,True,True,True,281.0,15.0,58.0,68.0,178.0,148.0,88.0,22.0,2026-02-24 18:16:40.280000+00:00,2026-02-24T18:16:40.280000Z,39.556567,142.013737,53.96,4.6,middle_M1plus21d_to_M3minus35d,False,129.3069786815001,102.83064031105324,False,False,False,False,False,False,False,False,False,False,4.5-4.9,complete_mechanism,False
107,J2025120919044907,9330,0.0,0.03868572184543577,0.10999999999999943,0.0,0.1048714436908714,J2025120919044907,2025-12-09 10:04:49.070000+00:00,40.901833333333336,143.09616666666668,19.45,4.1,,,,,,,False,False,False,,,,,,,,,2025-12-09 10:04:49.070000+00:00,2025-12-09T10:04:49.070000Z,40.902059,143.096517,19.34,4.1,middle_M1plus21d_to_M3minus35d,False,170.40768098759037,117.9844818125948,False,False,False,False,False,False,False,False,False,False,4.0-4.4,metadata_only,False
95,J2025120908030994,8950,0.02,0.010188284279950504,0.26000000000000156,0.0,0.1053765685599014,J2025120908030994,2025-12-08 23:03:09.940000+00:00,40.864333333333335,143.18166666666667,14.38,3.5,,,,,,,False,False,False,,,,,,,,,2025-12-08 23:03:09.920000+00:00,2025-12-08T23:03:09.920000Z,40.864242,143.181657,14.12,3.5,middle_M1plus21d_to_M3minus35d,False,164.9292160614364,113.68732399006736,False,False,False,False,False,False,False,False,False,False,3.5-3.9,metadata_only,False
217,J2026010612340433,15388,0.01,0.04874396967075103,0.0,0.0,0.10748793934150205,J2026010612340433,2026-01-06 03:34:04.330000+00:00,40.36666666666667,142.21266666666668,45.73,4.0,4.2,92.0,LOW,I,JMAM,135.0,True,True,True,109.0,303.0,182.0,17.0,69.0,24.0,74.0,96.0,2026-01-06 03:34:04.340000+00:00,2026-01-06T03:34:04.340000Z,40.366239,142.212793,45.73,4.0,middle_M1plus21d_to_M3minus35d,False,153.91226827833827,99.23072158110442,False,False,False,False,False,False,False,False,False,False,4.0-4.4,complete_mechanism,False
248,J2026012309201072,16578,0.01,0.04807823058439827,0.00999999999999801,0.0,0.10865646116879604,J2026012309201072,2026-01-23 00:20:10.720000+00:00,39.452333333333335,142.59466666666663,29.04,3.6,,97.0,LOW,I,JMAM,88.0,True,True,True,35.0,165.0,180.0,28.0,166.0,282.0,83.0,63.0,2026-01-23 00:20:10.730000+00:00,2026-01-23T00:20:10.730000Z,39.452421,142.595215,29.03,3.6,middle_M1plus21d_to_M3minus35d,False,78.51378507637041,64.73070000266652,False,False,False,False,False,False,False,False,False,False,3.5-3.9,complete_mechanism,False
104,J2025120917403053,9295,0.0,0.044805996781118566,0.0799999999999983,0.0,0.1096119935622367,J2025120917403053,2025-12-09 08:40:30.530000+00:00,41.07783333333333,142.981,25.02,3.5,,,,,,,False,False,False,,,,,,,,,2025-12-09 08:40:30.530000+00:00,2025-12-09T08:40:30.530000Z,41.077787,142.980469,24.94,3.5,middle_M1plus21d_to_M3minus35d,True,191.62243001050007,138.22240172517084,False,False,False,False,False,False,False,False,False,False,3.5-3.9,metadata_only,False
138,J2025121212120318,10244,0.0,0.0062387365354005814,0.39000000000000057,0.0,0.1099774730708013,J2025121212120318,2025-12-12 03:12:03.180000+00:00,40.828833333333336,143.0195,11.66,3.5,,,,,,,False,False,False,,,,,,,,,2025-12-12 03:12:03.180000+00:00,2025-12-12T03:12:03.180000Z,40.828805,143.019564,12.05,3.5,middle_M1plus21d_to_M3minus35d,False,163.9777990728651,110.3442877217298,False,False,False,False,False,False,False,False,False,False,3.5-3.9,metadata_only,False
267,J2026021516193907,17968,0.01,0.046340024747468886,0.030000000000001137,0.0,0.11018004949493805,J2026021516193907,2026-02-15 07:19:39.070000+00:00,41.59866666666667,141.8673333333333,32.56,3.8,4.0,90.0,LOW,I,JMAM,70.0,True,True,True,83.0,250.0,222.0,8.0,145.0,347.0,85.0,83.0,2026-02-15 07:19:39.060000+00:00,2026-02-15T07:19:39.060000Z,41.599028,141.867611,32.59,3.8,middle_M1plus21d_to_M3minus35d,False,280.86946648266445,223.5506318280171,False,False,False,False,False,False,False,False,False,False,3.5-3.9,complete_mechanism,False
64,J2025120900095567,8544,0.01,0.050259003125572035,0.0,0.0,0.11051800625114407,J2025120900095567,2025-12-08 15:09:55.670000+00:00,40.99216666666667,142.6995,36.69,3.9,,,,,,,False,False,False,,,,,,,,,2025-12-08 15:09:55.680000+00:00,2025-12-08T15:09:55.680000Z,40.992143,142.700098,36.69,3.9,middle_M1plus21d_to_M3minus35d,True,189.6303740503192,133.61089178844105,False,False,False,False,False,False,False,False,False,False,3.5-3.9,metadata_only,False
322,J2026042201180697,22757,0.0,0.04322129679280256,0.10999999999999943,0.0,0.11394259358560498,J2026042201180697,2026-04-21 16:18:06.970000+00:00,39.8385,142.61033333333333,35.15,4.0,4.2,92.0,LOW,I,JMAM,137.0,True,True,True,120.0,343.0,188.0,31.0,60.0,42.0,64.0,107.0,2026-04-21 16:18:06.970000+00:00,2026-04-21T16:18:06.970000Z,39.838888,142.610303,35.04,4.0,post_M3_context,False,90.87724288640516,46.677634729015104,True,False,True,False,False,False,False,True,True,False,4.0-4.4,complete_mechanism,True
265,J2026021202282533,17756,0.01,0.05075932521319282,0.00999999999999801,0.0,0.11401865042638513,J2026021202282533,2026-02-11 17:28:25.330000+00:00,41.49066666666667,142.04733333333334,56.14,4.3,4.4,99.0,LOW,I,JMAM,154.0,True,True,True,110.0,299.0,192.0,19.0,79.0,23.0,71.0,94.0,2026-02-11 17:28:25.320000+00:00,2026-02-11T17:28:25.320000Z,41.490853,142.046777,56.15,4.3,middle_M1plus21d_to_M3minus35d,False,263.0815804430368,205.86741058725872,False,False,False,False,False,False,False,False,False,False,4.0-4.4,complete_mechanism,False
161,J2025121222201040,10706,0.01,0.038430373656358166,0.10999999999999943,0.0,0.11436074731271618,J2025121222201040,2025-12-12 13:20:10.400000+00:00,40.894666666666666,142.995,15.25,3.5,,,,,,,False,False,False,,,,,,,,,2025-12-12 13:20:10.410000+00:00,2025-12-12T13:20:10.410000Z,40.894336,142.995133,15.14,3.5,middle_M1plus21d_to_M3minus35d,True,171.5476510220216,117.8151595681352,False,False,False,False,False,False,False,False,False,False,3.5-3.9,metadata_only,False
171,J2025121317450205,11248,0.0,0.04867807008620731,0.07000000000000028,0.0,0.11485614017241469,J2025121317450205,2025-12-13 08:45:02.050000+00:00,40.8925,142.94083333333333,16.71,3.6,,,,,,,False,False,False,,,,,,,,,2025-12-13 08:45:02.050000+00:00,2025-12-13T08:45:02.050000Z,40.892204,142.94126,16.64,3.6,middle_M1plus21d_to_M3minus35d,True,172.5380048810323,118.1989527299714,False,False,False,False,False,False,False,False,False,False,3.5-3.9,metadata_only,False
225,J2026010817275957,15566,0.0,0.055435672220706035,0.01999999999999602,0.0,0.11587134444141108,J2026010817275957,2026-01-08 08:27:59.570000+00:00,41.38316666666667,142.67883333333333,36.9,3.8,,,,,,,False,False,False,,,,,,,,,2026-01-08 08:27:59.570000+00:00,2026-01-08T08:27:59.570000Z,41.383101,142.679492,36.88,3.8,middle_M1plus21d_to_M3minus35d,False,231.16369575346263,176.03830723256198,False,False,False,False,False,False,False,False,False,False,3.5-3.9,metadata_only,False
327,J2026042318401005,23560,0.01,0.04928386211768901,0.02999999999999936,0.0,0.11606772423537785,J2026042318401005,2026-04-23 09:40:10.050000+00:00,40.1395,142.43866666666668,13.74,3.9,4.0,,,,,,False,False,False,,,,,,,,,2026-04-23 09:40:10.060000+00:00,2026-04-23T09:40:10.060000Z,40.139237,142.4382,13.71,3.9,post_M3_context,False,122.7347763910233,69.58579997220578,False,False,False,False,False,False,False,False,False,False,3.5-3.9,metadata_only,False
123,J2025121208542149,10183,0.01,0.046418720052240896,0.05999999999999872,0.0,0.11783744010448147,J2025121208542149,2025-12-11 23:54:21.490000+00:00,40.933,143.03866666666667,19.97,3.8,,,,,,,False,False,False,,,,,,,,,2025-12-11 23:54:21.480000+00:00,2025-12-11T23:54:21.480000Z,40.93315,143.038151,19.91,3.8,middle_M1plus21d_to_M3minus35d,False,174.85408036864592,121.74713524852116,False,False,False,False,False,False,False,False,False,False,3.5-3.9,metadata_only,False
145,J2025121212345429,10267,0.01,0.035364832745281946,0.14999999999999858,0.0,0.11822966549056353,J2025121212345429,2025-12-12 03:34:54.290000+00:00,40.964666666666666,143.08733333333333,16.15,3.7,,,,,,,False,False,False,,,,,,,,,2025-12-12 03:34:54.300000+00:00,2025-12-12T03:34:54.300000Z,40.96495,143.087142,16.0,3.7,middle_M1plus21d_to_M3minus35d,False,177.41365838131634,125.0063589689746,False,False,False,False,False,False,False,False,False,False,3.5-3.9,metadata_only,False
127,J2025121211470534,10208,0.0,0.054666619864902975,0.03999999999999915,0.0,0.11933323972980574,J2025121211470534,2025-12-12 02:47:05.340000+00:00,40.95183333333333,143.011,19.75,4.4,,,,,,,False,False,False,,,,,,,,,2025-12-12 02:47:05.340000+00:00,2025-12-12T02:47:05.340000Z,40.95188,143.010352,19.71,4.4,middle_M1plus21d_to_M3minus35d,False,177.4280514195168,124.03620864911584,False,False,False,False,False,False,False,False,False,False,4.0-4.4,metadata_only,False
273,J2026021717040867,18065,0.0,0.053977852029349224,0.05000000000000071,0.0,0.12045570405869863,J2026021717040867,2026-02-17 08:04:08.670000+00:00,40.8965,143.30333333333334,16.37,4.2,4.1,,,,,,False,False,False,,,,,,,,,2026-02-17 08:04:08.670000+00:00,2026-02-17T08:04:08.670000Z,40.896781,143.303857,16.42,4.2,middle_M1plus21d_to_M3minus35d,False,167.10627383236235,117.94426390655931,False,False,False,False,False,False,False,False,False,False,4.0-4.4,metadata_only,False
293,J2026031906230097,19550,0.01,0.04403084206954671,0.09999999999999432,0.0,0.12306168413909199,J2026031906230097,2026-03-18 21:23:00.970000+00:00,40.976,142.00783333333334,57.77,4.3,4.3,98.0,LOW,I,JMAM,123.0,True,True,True,111.0,298.0,195.0,21.0,83.0,23.0,69.0,93.0,2026-03-18 21:23:00.960000+00:00,2026-03-18T21:23:00.960000Z,40.976371,142.00765,57.87,4.3,preM3_M3minus35d_to_M3,False,216.48054343717857,159.30794975113747,False,False,False,False,False,False,False,False,False,False,4.0-4.4,complete_mechanism,False
59,J2025120823404193,8510,0.01,0.029203595604203793,0.21999999999999886,0.0,0.1234071912084073,J2025120823404193,2025-12-08 14:40:41.930000+00:00,40.918,143.16283333333334,17.22,3.6,,,,,,,False,False,False,,,,,,,,,2025-12-08 14:40:41.920000+00:00,2025-12-08T14:40:41.920000Z,40.918213,143.16263,17.0,3.6,middle_M1plus21d_to_M3minus35d,False,171.1157501294268,119.67037569350498,False,False,False,False,False,False,False,False,False,False,3.5-3.9,metadata_only,False
137,J2025121212063434,10237,0.0,0.06247400226808413,0.010000000000001563,0.0,0.12744800453616867,J2025121212063434,2025-12-12 03:06:34.340000+00:00,40.92633333333333,142.99433333333334,17.27,4.4,,,,,,,False,False,False,,,,,,,,,2025-12-12 03:06:34.340000+00:00,2025-12-12T03:06:34.340000Z,40.925842,142.994694,17.28,4.4,middle_M1plus21d_to_M3minus35d,True,174.94542655615678,121.29918337396256,False,False,False,False,False,False,False,False,False,False,4.0-4.4,metadata_only,False
191,J2025121913583017,13130,0.01,0.03796160407335369,0.16999999999999815,0.0,0.1284232081467069,J2025121913583017,2025-12-19 04:58:30.170000+00:00,40.89566666666666,143.222,20.58,3.7,,,,,,,False,False,False,,,,,,,,,2025-12-19 04:58:30.180000+00:00,2025-12-19T04:58:30.180000Z,40.895996,143.222119,20.41,3.7,middle_M1plus21d_to_M3minus35d,False,167.8797654996441,117.32876632740498,False,False,False,False,False,False,False,False,False,False,3.5-3.9,metadata_only,False
269,J2026021613595481,18008,0.0,0.0643769186015851,0.00999999999999801,0.0,0.13125383720316972,J2026021613595481,2026-02-16 04:59:54.810000+00:00,40.1325,142.48133333333334,38.16,4.4,4.5,96.0,LOW,I,JMAM,131.0,True,True,True,109.0,308.0,184.0,22.0,70.0,25.0,69.0,98.0,2026-02-16 04:59:54.810000+00:00,2026-02-16T04:59:54.810000Z,40.132979,142.480908,38.15,4.4,middle_M1plus21d_to_M3minus35d,False,119.5719630899516,66.06527586020869,False,False,False,False,False,False,False,False,False,False,4.0-4.4,complete_mechanism,False
180,J2025121518193468,12108,0.01,0.05606163606960861,0.03999999999999915,0.0,0.13212327213921699,J2025121518193468,2025-12-15 09:19:34.680000+00:00,41.27933333333333,142.6275,39.93,3.5,,93.0,LOW,I,JMAM,45.0,True,True,True,116.0,294.0,208.0,18.0,93.0,25.0,72.0,89.0,2025-12-15 09:19:34.670000+00:00,2025-12-15T09:19:34.670000Z,41.278882,142.627799,39.97,3.5,middle_M1plus21d_to_M3minus35d,True,221.6000559034691,165.90947607504364,False,False,False,False,False,False,False,False,False,False,3.5-3.9,complete_mechanism,False
290,J2026031714012021,19469,0.0,0.05860244720643816,0.07000000000000028,0.0,0.1347048944128764,J2026031714012021,2026-03-17 05:01:20.210000+00:00,39.128,142.41983333333334,26.57,3.6,,,,,,,False,False,False,,,,,,,,,2026-03-17 05:01:20.210000+00:00,2026-03-17T05:01:20.210000Z,39.127938,142.420508,26.64,3.6,preM3_M3minus35d_to_M3,False,98.37458931322512,101.48444281753336,False,False,False,False,False,False,False,False,False,False,3.5-3.9,metadata_only,False
186,J2025121707283740,12585,0.0,0.05492591926054714,0.10000000000000142,0.0,0.13485183852109464,J2025121707283740,2025-12-16 22:28:37.400000+00:00,40.74283333333333,142.14166666666668,54.55,3.8,,97.0,LOW,I,JMAM,118.0,True,True,True,110.0,299.0,192.0,20.0,80.0,23.0,70.0,94.0,2025-12-16 22:28:37.400000+00:00,2025-12-16T22:28:37.400000Z,40.743209,142.14209,54.65,3.8,middle_M1plus21d_to_M3minus35d,True,189.01765055002187,132.10222887796098,False,False,False,False,False,False,False,False,False,False,3.5-3.9,complete_mechanism,False
11,J2025101407060327,3904,0.01,0.06245586931512737,0.0,0.0,0.13491173863025474,J2025101407060327,2025-10-13 22:06:03.270000+00:00,39.518,142.01716666666667,19.54,4.3,4.5,92.0,LOW,I,JMAM,123.0,True,True,True,230.0,115.0,247.0,39.0,-28.0,359.0,73.0,-126.0,2025-10-13 22:06:03.280000+00:00,2025-10-13T22:06:03.280000Z,39.51746,142.017367,19.54,4.3,baseline_to_M1_minus14d,False,128.52694184539408,103.98940367966144,False,False,False,False,False,False,False,False,False,False,4.0-4.4,complete_mechanism,False
39,J2025112520430470,7887,0.01,0.05294031193382969,0.08999999999999986,0.0,0.13838062386765934,J2025112520430470,2025-11-25 11:43:04.700000+00:00,39.4495,142.58833333333334,29.74,3.5,,,,,,,False,False,False,,,,,,,,,2025-11-25 11:43:04.690000+00:00,2025-11-25T11:43:04.690000Z,39.449866,142.587939,29.83,3.5,M1_related_M1minus14d_to_M1plus21d,False,79.11895819358541,65.38471446384126,False,False,False,False,False,False,False,False,False,False,3.5-3.9,metadata_only,False
144,J2025121212340775,10266,0.01,0.045671497774306666,0.15000000000000213,0.0,0.13884299554861385,J2025121212340775,2025-12-12 03:34:07.750000+00:00,40.914,142.9845,16.02,3.6,,,,,,,False,False,False,,,,,,,,,2025-12-12 03:34:07.740000+00:00,2025-12-12T03:34:07.740000Z,40.913668,142.98418,16.17,3.6,middle_M1plus21d_to_M3minus35d,True,173.86178159077127,120.05978598424036,False,False,False,False,False,False,False,False,False,False,3.5-3.9,metadata_only,False
167,J2025121307363627,10976,0.01,0.050709150904721806,0.10999999999999943,0.0,0.13891830180944348,J2025121307363627,2025-12-12 22:36:36.270000+00:00,40.92233333333333,143.04616666666666,17.37,3.5,,,,,,,False,False,False,,,,,,,,,2025-12-12 22:36:36.280000+00:00,2025-12-12T22:36:36.280000Z,40.922042,143.046631,17.48,3.5,middle_M1plus21d_to_M3minus35d,False,173.48851090577563,120.45845866125224,False,False,False,False,False,False,False,False,False,False,3.5-3.9,metadata_only,False
174,J2025121422494284,11879,0.01,0.06550171535507159,0.0,0.0,0.14100343071014318,J2025121422494284,2025-12-14 13:49:42.840000+00:00,41.56333333333333,142.10716666666667,53.2,4.2,4.0,97.0,LOW,I,JMAM,113.0,True,True,True,107.0,295.0,186.0,15.0,77.0,20.0,75.0,94.0,2025-12-14 13:49:42.830000+00:00,2025-12-14T13:49:42.830000Z,41.563892,142.106917,53.2,4.2,middle_M1plus21d_to_M3minus35d,False,267.9622625984516,210.93288985966444,False,False,False,False,False,False,False,False,False,False,4.0-4.4,complete_mechanism,False
125,J2025121211441342,10206,0.0,0.05316076740964822,0.14000000000000057,0.0,0.1413215348192966,J2025121211441342,2025-12-12 02:44:13.420000+00:00,40.9,142.965,16.61,6.9,6.8,,,,,,False,False,False,,,,,,,,,2025-12-12 02:44:13.420000+00:00,2025-12-12T02:44:13.420000Z,40.899943,142.964372,16.47,6.9,middle_M1plus21d_to_M3minus35d,True,172.82943674045384,118.76425094526668,False,False,False,False,False,False,False,False,False,False,>=5.0,metadata_only,False
152,J2025121216050894,10433,0.0,0.059487341017241055,0.08999999999999986,0.0,0.14147468203448207,J2025121216050894,2025-12-12 07:05:08.940000+00:00,40.99516666666667,143.05516666666668,17.31,4.2,4.1,,,,,,False,False,False,,,,,,,,,2025-12-12 07:05:08.940000+00:00,2025-12-12T07:05:08.940000Z,40.995052,143.055859,17.22,4.2,middle_M1plus21d_to_M3minus35d,False,181.23513416890484,128.49907787189636,False,False,False,False,False,False,False,False,False,False,4.0-4.4,metadata_only,False
299,J2026032904445721,20295,0.01,0.06395143051980544,0.019999999999999574,0.0,0.14290286103961078,J2026032904445721,2026-03-28 19:44:57.210000+00:00,39.818333333333335,142.943,25.57,3.7,,,,,,,False,False,False,,,,,,,,,2026-03-28 19:44:57.200000+00:00,2026-03-28T19:44:57.200000Z,39.818075,142.943669,25.59,3.7,preM3_M3minus35d_to_M3,False,66.85243179094765,18.40996610904606,True,False,True,False,True,False,False,True,True,False,3.5-3.9,metadata_only,True
117,J2025121111222360,9996,0.0,0.06529476182876906,0.04999999999999716,0.0,0.1430895236575374,J2025121111222360,2025-12-11 02:22:23.600000+00:00,41.18483333333333,142.56633333333335,43.67,3.7,,,,,,,False,False,False,,,,,,,,,2025-12-11 02:22:23.600000+00:00,2025-12-11T02:22:23.600000Z,41.185018,142.567074,43.72,3.7,middle_M1plus21d_to_M3minus35d,True,213.6850775919812,157.44247867403993,False,False,False,False,False,False,False,False,False,False,3.5-3.9,metadata_only,False
102,J2025120914154775,9192,0.0,0.046554693012532976,0.21000000000000085,0.0,0.14560938602506618,J2025120914154775,2025-12-09 05:15:47.750000+00:00,41.216166666666666,143.07483333333334,23.97,4.4,4.3,,,,,,False,False,False,,,,,,,,,2025-12-09 05:15:47.750000+00:00,2025-12-09T05:15:47.750000Z,41.216504,143.075163,24.18,4.4,middle_M1plus21d_to_M3minus35d,False,205.05853689639264,152.99426966014911,False,False,False,False,False,False,False,False,False,False,4.0-4.4,metadata_only,False
281,J2026022518413540,18462,0.0,0.06556134724992091,0.05999999999999517,0.0,0.1461226944998406,J2026022518413540,2026-02-25 09:41:35.400000+00:00,41.493833333333335,142.0455,56.19,4.2,4.3,97.0,LOW,I,JMAM,178.0,True,True,True,106.0,286.0,196.0,14.0,90.0,16.0,76.0,90.0,2026-02-25 09:41:35.400000+00:00,2026-02-25T09:41:35.400000Z,41.49353,142.046175,56.13,4.2,middle_M1plus21d_to_M3minus35d,False,263.36713882539937,206.15475136525905,False,False,False,False,False,False,False,False,False,False,4.0-4.4,complete_mechanism,False
69,J2025120900585878,8600,0.0,0.04991474972453312,0.1899999999999995,0.0,0.14732949944906612,J2025120900585878,2025-12-08 15:58:58.780000+00:00,40.89416666666666,143.092,15.5,3.9,,,,,,,False,False,False,,,,,,,,,2025-12-08 15:58:58.780000+00:00,2025-12-08T15:58:58.780000Z,40.8946,143.092155,15.69,3.9,middle_M1plus21d_to_M3minus35d,False,169.67297136677288,117.17262229746476,False,False,False,False,False,False,False,False,False,False,3.5-3.9,metadata_only,False
66,J2025120900252205,8565,0.02,0.03436701429426626,0.240000000000002,0.0,0.14873402858853302,J2025120900252205,2025-12-08 15:25:22.050000+00:00,41.14866666666666,142.25966666666667,51.22,3.5,,,,,,,False,False,False,,,,,,,,,2025-12-08 15:25:22.070000+00:00,2025-12-08T15:25:22.070000Z,41.148409,142.25944,50.98,3.5,middle_M1plus21d_to_M3minus35d,True,221.1542809735128,163.8955350772786,False,False,False,False,False,False,False,False,False,False,3.5-3.9,metadata_only,False
112,J2025121015234827,9734,0.01,0.06062689684244984,0.07000000000000028,0.0,0.14875379368489974,J2025121015234827,2025-12-10 06:23:48.270000+00:00,41.031666666666666,142.7155,36.0,4.3,4.3,,,,,,False,False,False,,,,,,,,,2025-12-10 06:23:48.280000+00:00,2025-12-10T06:23:48.280000Z,41.031991,142.716081,36.07,4.3,middle_M1plus21d_to_M3minus35d,True,193.2856242447538,137.48152371047686,False,False,False,False,False,False,False,False,False,False,4.0-4.4,metadata_only,False
168,J2025121308414069,10998,0.01,0.05582948300246066,0.10999999999999943,0.0,0.14915896600492118,J2025121308414069,2025-12-12 23:41:40.690000+00:00,41.2065,142.62683333333334,41.28,3.8,,,,,,,False,False,False,,,,,,,,,2025-12-12 23:41:40.700000+00:00,2025-12-12T23:41:40.700000Z,41.206051,142.627132,41.17,3.8,middle_M1plus21d_to_M3minus35d,True,214.02437862915443,158.14851521413252,False,False,False,False,False,False,False,False,False,False,3.5-3.9,metadata_only,False
158,J2025121219235649,10590,0.02,0.03160161341893504,0.2699999999999996,0.0,0.15070322683786996,J2025121219235649,2025-12-12 10:23:56.490000+00:00,40.90466666666666,142.96416666666667,17.7,3.8,,,,,,,False,False,False,,,,,,,,,2025-12-12 10:23:56.470000+00:00,2025-12-12T10:23:56.470000Z,40.904403,142.964307,17.43,3.8,middle_M1plus21d_to_M3minus35d,True,173.30849744627704,119.25617516495048,False,False,False,False,False,False,False,False,False,False,3.5-3.9,metadata_only,False
50,J2025120823200429,8484,0.01,0.06296121060097325,0.05999999999999517,0.0,0.1509224212019453,J2025120823200429,2025-12-08 14:20:04.290000+00:00,41.02933333333333,142.501,40.83,4.0,,,,,,,False,False,False,,,,,,,,,2025-12-08 14:20:04.280000+00:00,2025-12-08T14:20:04.280000Z,41.028788,142.500798,40.77,4.0,middle_M1plus21d_to_M3minus35d,True,200.0483889663775,143.1738506157468,False,False,False,False,False,False,False,False,False,False,4.0-4.4,metadata_only,False
220,J2026010703564097,15450,0.01,0.0692247316440442,0.00999999999999801,0.0,0.15094946328808792,J2026010703564097,2026-01-06 18:56:40.970000+00:00,38.91716666666667,141.93766666666667,50.82,3.7,3.8,98.0,LOW,I,JMAM,113.0,True,True,True,109.0,262.0,210.0,31.0,105.0,13.0,61.0,82.0,2026-01-06 18:56:40.960000+00:00,2026-01-06T18:56:40.960000Z,38.917505,141.936995,50.83,3.7,middle_M1plus21d_to_M3minus35d,False,145.68851665864628,146.84011515295973,False,False,False,False,False,False,False,False,False,False,3.5-3.9,complete_mechanism,False
254,J2026012803520650,16948,0.0,0.06554462570551113,0.0799999999999983,0.0,0.15108925141102184,J2026012803520650,2026-01-27 18:52:06.500000+00:00,40.909666666666666,143.32916666666668,23.47,3.6,,,,,,,False,False,False,,,,,,,,,2026-01-27 18:52:06.500000+00:00,2026-01-27T18:52:06.500000Z,40.910177,143.329557,23.39,3.6,middle_M1plus21d_to_M3minus35d,False,168.37815519974367,119.67183395248156,False,False,False,False,False,False,False,False,False,False,3.5-3.9,metadata_only,False
96,J2025120908302277,8969,0.01,0.05365296336567379,0.16000000000000014,0.0,0.1573059267313476,J2025120908302277,2025-12-08 23:30:22.770000+00:00,40.87433333333333,143.18383333333333,16.7,3.7,,,,,,,False,False,False,,,,,,,,,2025-12-08 23:30:22.760000+00:00,2025-12-08T23:30:22.760000Z,40.873877,143.183626,16.54,3.7,middle_M1plus21d_to_M3minus35d,False,165.9573721223044,114.76166343995324,False,False,False,False,False,False,False,False,False,False,3.5-3.9,metadata_only,False
323,J2026042221062229,23201,0.0,0.07498712204351975,0.030000000000001137,0.0,0.15747424408703978,J2026042221062229,2026-04-22 12:06:22.290000+00:00,40.138666666666666,142.4615,38.69,4.2,4.3,92.0,LOW,I,JMAM,155.0,True,True,True,120.0,319.0,191.0,19.0,66.0,37.0,72.0,98.0,2026-04-22 12:06:22.290000+00:00,2026-04-22T12:06:22.290000Z,40.13842,142.462321,38.66,4.2,post_M3_context,False,121.14737590377764,67.74058000093551,False,False,False,False,False,False,False,False,False,False,4.0-4.4,complete_mechanism,False
111,J2025121008043604,9606,0.0,0.07367869285805406,0.04999999999999716,0.0,0.15985738571610741,J2025121008043604,2025-12-09 23:04:36.040000+00:00,41.2695,142.39816666666667,47.67,4.3,4.4,93.0,LOW,I,JMAM,148.0,True,True,True,113.0,325.0,182.0,26.0,61.0,33.0,68.0,103.0,2025-12-09 23:04:36.040000+00:00,2025-12-09T23:04:36.040000Z,41.268921,142.397738,47.72,4.3,middle_M1plus21d_to_M3minus35d,True,227.88578870362977,171.1399823456775,False,False,False,False,False,False,False,False,False,False,4.0-4.4,complete_mechanism,False
172,J2025121320151480,11323,0.01,0.07518041151222332,0.0,0.0,0.16036082302444665,J2025121320151480,2025-12-13 11:15:14.800000+00:00,40.97666666666667,142.97833333333332,19.78,3.6,,,,,,,False,False,False,,,,,,,,,2025-12-13 11:15:14.790000+00:00,2025-12-13T11:15:14.790000Z,40.97618,142.978955,19.78,3.6,middle_M1plus21d_to_M3minus35d,True,180.69529158171764,127.01271956073452,False,False,False,False,False,False,False,False,False,False,3.5-3.9,metadata_only,False
250,J2026012313091638,16591,0.0,0.054300121024227946,0.20999999999999908,0.0,0.16110024204845566,J2026012313091638,2026-01-23 04:09:16.380000+00:00,40.878,143.216,16.15,3.7,,,,,,,False,False,False,,,,,,,,,2026-01-23 04:09:16.380000+00:00,2026-01-23T04:09:16.380000Z,40.878422,143.216325,15.94,3.7,middle_M1plus21d_to_M3minus35d,False,166.01933271918776,115.35442685584307,False,False,False,False,False,False,False,False,False,False,3.5-3.9,metadata_only,False
188,J2025121810201459,12859,0.0,0.07351523843460538,0.060000000000002274,0.0,0.16203047686921132,J2025121810201459,2025-12-18 01:20:14.590000+00:00,40.97766666666666,143.04033333333334,17.85,3.7,,,,,,,False,False,False,,,,,,,,,2025-12-18 01:20:14.590000+00:00,2025-12-18T01:20:14.590000Z,40.977913,143.041146,17.79,3.7,middle_M1plus21d_to_M3minus35d,False,179.6450303114648,126.68802960489435,False,False,False,False,False,False,False,False,False,False,3.5-3.9,metadata_only,False
90,J2025120906320487,8883,0.01,0.07005512441194538,0.05000000000000426,0.0,0.16261024882389183,J2025120906320487,2025-12-08 21:32:04.870000+00:00,41.15566666666667,142.62216666666666,38.01,3.5,,,,,,,False,False,False,,,,,,,,,2025-12-08 21:32:04.880000+00:00,2025-12-08T21:32:04.880000Z,41.155595,142.622998,38.06,3.5,middle_M1plus21d_to_M3minus35d,True,208.91070744152103,152.88382712955465,False,False,False,False,False,False,False,False,False,False,3.5-3.9,metadata_only,False
75,J2025120901290288,8629,0.01,0.0692521686443438,0.060000000000002274,0.0,0.16350433728868818,J2025120901290288,2025-12-08 16:29:02.880000+00:00,40.931,143.03616666666667,18.69,3.5,,,,,,,False,False,False,,,,,,,,,2025-12-08 16:29:02.870000+00:00,2025-12-08T16:29:02.870000Z,40.930839,143.036963,18.63,3.5,middle_M1plus21d_to_M3minus35d,False,174.62708957452915,121.49943714474176,False,False,False,False,False,False,False,False,False,False,3.5-3.9,metadata_only,False
65,J2025120900220526,8562,0.01,0.06551667203424624,0.08999999999999986,0.0,0.16353334406849246,J2025120900220526,2025-12-08 15:22:05.260000+00:00,41.144333333333336,143.11583333333334,19.38,3.5,,,,,,,False,False,False,,,,,,,,,2025-12-08 15:22:05.250000+00:00,2025-12-08T15:22:05.250000Z,41.14412,143.115104,19.47,3.5,middle_M1plus21d_to_M3minus35d,False,196.54673516959397,144.83246954895347,False,False,False,False,False,False,False,False,False,False,3.5-3.9,metadata_only,False
247,J2026012223312964,16468,0.02,0.042298965163067755,0.240000000000002,0.0,0.164597930326136,J2026012223312964,2026-01-22 14:31:29.640000+00:00,41.04416666666667,142.51533333333333,45.56,5.5,5.3,89.0,LOW,I,JMAM,179.0,True,True,True,27.0,174.0,239.0,25.0,-123.0,95.0,69.0,-76.0,2026-01-22 14:31:29.660000+00:00,2026-01-22T14:31:29.660000Z,41.043888,142.51499,45.32,5.5,middle_M1plus21d_to_M3minus35d,False,201.0562100703624,144.26396376894945,False,False,False,False,False,False,False,False,False,False,>=5.0,complete_mechanism,False
287,J2026031107383529,19137,0.01,0.05309575411264601,0.20000000000000284,0.0,0.16619150822529272,J2026031107383529,2026-03-10 22:38:35.290000+00:00,40.9195,143.012,16.69,4.4,4.5,,,,,,False,False,False,,,,,,,,,2026-03-10 22:38:35.280000+00:00,2026-03-10T22:38:35.280000Z,40.919792,143.0125,16.49,4.4,middle_M1plus21d_to_M3minus35d,False,173.92271611564792,120.46833087310402,False,False,False,False,False,False,False,False,False,False,4.0-4.4,metadata_only,False
242,J2026011704364386,16111,0.0,0.05564249078226453,0.21999999999999886,0.0,0.16628498156452876,J2026011704364386,2026-01-16 19:36:43.860000+00:00,40.87616666666667,143.01466666666667,15.64,4.7,4.7,,,,,,False,False,False,,,,,,,,,2026-01-16 19:36:43.860000+00:00,2026-01-16T19:36:43.860000Z,40.875993,143.014046,15.86,4.7,middle_M1plus21d_to_M3minus35d,False,169.17167222900366,115.61099209814884,False,False,False,False,False,False,False,False,False,False,4.5-4.9,metadata_only,False
326,J2026042315422576,23513,0.01,0.07536944379205474,0.030000000000001137,0.0,0.16823888758410976,J2026042315422576,2026-04-23 06:42:25.760000+00:00,40.05566666666667,142.20066666666668,44.06,3.6,,,,,,,False,False,False,,,,,,,,,2026-04-23 06:42:25.750000+00:00,2026-04-23T06:42:25.750000Z,40.056344,142.2007,44.09,3.6,post_M3_context,False,133.3142951866034,84.93075493706927,False,False,False,False,False,False,False,False,False,False,3.5-3.9,metadata_only,False
173,J2025121417511988,11813,0.01,0.06340610713915948,0.13000000000000256,0.0,0.1693122142783196,J2025121417511988,2025-12-14 08:51:19.880000+00:00,40.73633333333333,142.15683333333334,55.11,3.7,,98.0,LOW,I,JMAM,91.0,True,True,True,103.0,316.0,154.0,21.0,40.0,26.0,77.0,106.0,2025-12-14 08:51:19.890000+00:00,2025-12-14T08:51:19.890000Z,40.736361,142.157585,54.98,3.7,middle_M1plus21d_to_M3minus35d,True,187.6113433735193,130.67210814361738,False,False,False,False,False,False,False,False,False,False,3.5-3.9,complete_mechanism,False
165,J2025121302035358,10827,0.02,0.058968873168137724,0.129999999999999,0.0,0.1704377463362752,J2025121302035358,2025-12-12 17:03:53.580000+00:00,40.927,142.9405,19.83,3.5,,,,,,,False,False,False,,,,,,,,,2025-12-12 17:03:53.600000+00:00,2025-12-12T17:03:53.600000Z,40.927478,142.940804,19.7,3.5,middle_M1plus21d_to_M3minus35d,True,176.31541242126676,122.08063739035248,False,False,False,False,False,False,False,False,False,False,3.5-3.9,metadata_only,False
194,J2025122003472322,13240,0.0,0.08276477187970015,0.019999999999999574,0.0,0.1705295437594002,J2025122003472322,2025-12-19 18:47:23.220000+00:00,40.894666666666666,142.91116666666667,18.0,3.9,,,,,,,False,False,False,,,,,,,,,2025-12-19 18:47:23.220000+00:00,2025-12-19T18:47:23.220000Z,40.895345,142.911572,18.02,3.9,middle_M1plus21d_to_M3minus35d,True,173.59179696758446,118.95766710696988,False,False,False,False,False,False,False,False,False,False,3.5-3.9,metadata_only,False
78,J2025120902582677,8707,0.01,0.07663267025132033,0.03999999999999915,0.0,0.17326534050264045,J2025120902582677,2025-12-08 17:58:26.770000+00:00,40.989666666666665,143.15316666666666,21.16,4.4,4.4,,,,,,False,False,False,,,,,,,,,2025-12-08 17:58:26.760000+00:00,2025-12-08T17:58:26.760000Z,40.990348,143.153304,21.2,4.4,middle_M1plus21d_to_M3minus35d,False,179.1524095699488,127.69085495289148,False,False,False,False,False,False,False,False,False,False,4.0-4.4,metadata_only,False
7,J2025100816163326,3769,0.01,0.05602984765030335,0.2099999999999973,0.0,0.174559695300606,J2025100816163326,2025-10-08 07:16:33.260000+00:00,41.0095,143.1265,23.13,3.7,,,,,,,False,False,False,,,,,,,,,2025-10-08 07:16:33.270000+00:00,2025-10-08T07:16:33.270000Z,41.009119,143.126937,22.92,3.7,baseline_to_M1_minus14d,False,181.5942456765274,129.80265573494307,False,False,False,False,False,False,False,False,False,False,3.5-3.9,metadata_only,False
155,J2025121217373499,10494,0.01,0.07849104878423832,0.03999999999999915,0.0,0.17698209756847644,J2025121217373499,2025-12-12 08:37:34.990000+00:00,40.94283333333333,143.038,17.47,3.5,,,,,,,False,False,False,,,,,,,,,2025-12-12 08:37:34.980000+00:00,2025-12-12T08:37:34.980000Z,40.943433,143.038493,17.43,3.5,middle_M1plus21d_to_M3minus35d,False,175.9603540708943,122.88424230139115,False,False,False,False,False,False,False,False,False,False,3.5-3.9,metadata_only,False
135,J2025121211590303,10226,0.0,0.06296580140174596,0.21000000000000085,0.0,0.17843160280349213,J2025121211590303,2025-12-12 02:59:03.030000+00:00,40.9295,143.013,20.19,3.7,,,,,,,False,False,False,,,,,,,,,2025-12-12 02:59:03.030000+00:00,2025-12-12T02:59:03.030000Z,40.929712,143.012305,19.98,3.7,middle_M1plus21d_to_M3minus35d,False,174.9965272578792,121.56730066828436,False,False,False,False,False,False,False,False,False,False,3.5-3.9,metadata_only,False
193,J2025121921375093,13200,0.01,0.04705251449657814,0.29999999999999893,0.0,0.179105028993156,J2025121921375093,2025-12-19 12:37:50.930000+00:00,40.84483333333333,142.917,15.43,3.9,,,,,,,False,False,False,,,,,,,,,2025-12-19 12:37:50.940000+00:00,2025-12-19T12:37:50.940000Z,40.84519,142.916699,15.13,3.9,middle_M1plus21d_to_M3minus35d,True,168.13997785141655,113.3933112970871,False,False,False,False,False,False,False,False,False,False,3.5-3.9,metadata_only,False
147,J2025121212542367,10283,0.01,0.07464974818497917,0.08000000000000185,0.0,0.17929949636995882,J2025121212542367,2025-12-12 03:54:23.670000+00:00,40.937666666666665,142.99533333333332,17.63,3.5,,,,,,,False,False,False,,,,,,,,,2025-12-12 03:54:23.680000+00:00,2025-12-12T03:54:23.680000Z,40.938338,142.995329,17.71,3.5,middle_M1plus21d_to_M3minus35d,True,176.27724077639854,122.67366646819016,False,False,False,False,False,False,False,False,False,False,3.5-3.9,metadata_only,False
72,J2025120901184301,8618,0.01,0.0586845220545978,0.21000000000000085,0.0,0.17986904410919582,J2025120901184301,2025-12-08 16:18:43.010000+00:00,40.9005,143.14366666666666,18.48,4.0,,,,,,,False,False,False,,,,,,,,,2025-12-08 16:18:43.020000+00:00,2025-12-08T16:18:43.020000Z,40.900399,143.144352,18.27,4.0,middle_M1plus21d_to_M3minus35d,False,169.4407512859609,117.6934762025594,False,False,False,False,False,False,False,False,False,False,4.0-4.4,metadata_only,False
321,J2026042021344754,21851,0.01,0.08198042133157389,0.030000000000001137,0.0,0.18146084266314808,J2026042021344754,2026-04-20 12:34:47.540000+00:00,39.9195,142.4983333333333,36.51,3.7,,,,,,,False,False,False,,,,,,,,,2026-04-20 12:34:47.530000+00:00,2026-04-20T12:34:47.530000Z,39.919165,142.497477,36.48,3.7,post_M3_context,False,103.80115914430392,56.92668201263114,True,False,True,False,False,False,False,True,True,False,3.5-3.9,metadata_only,True
219,J2026010703044429,15445,0.01,0.06711959677245279,0.14999999999999858,0.0,0.18173919354490523,J2026010703044429,2026-01-06 18:04:44.290000+00:00,41.45916666666667,142.1375,52.93,4.7,4.9,96.0,LOW,I,JMAM,179.0,True,True,True,112.0,292.0,202.0,16.0,90.0,22.0,74.0,90.0,2026-01-06 18:04:44.280000+00:00,2026-01-06T18:04:44.280000Z,41.459627,142.138021,53.08,4.7,middle_M1plus21d_to_M3minus35d,False,256.45585655715377,199.35411079974057,False,False,False,False,False,False,False,False,False,False,4.5-4.9,complete_mechanism,False
170,J2025121314594183,11182,0.0,0.07867832921262419,0.10000000000000142,0.0,0.18235665842524873,J2025121314594183,2025-12-13 05:59:41.830000+00:00,40.98333333333333,142.3225,48.97,4.0,4.3,99.0,LOW,I,JMAM,126.0,True,True,True,112.0,284.0,210.0,18.0,100.0,19.0,72.0,87.0,2025-12-13 05:59:41.830000+00:00,2025-12-13T05:59:41.830000Z,40.982711,142.322054,49.07,4.0,middle_M1plus21d_to_M3minus35d,True,202.5391956286908,145.20731597325997,False,False,False,False,False,False,False,False,False,False,4.0-4.4,complete_mechanism,False
181,J2025121601145906,12185,0.0,0.08505029638711792,0.05999999999999872,0.0,0.18510059277423552,J2025121601145906,2025-12-15 16:14:59.060000+00:00,40.92933333333333,142.94266666666667,18.27,3.5,,,,,,,False,False,False,,,,,,,,,2025-12-15 16:14:59.060000+00:00,2025-12-15T16:14:59.060000Z,40.930098,142.942643,18.33,3.5,middle_M1plus21d_to_M3minus35d,True,176.5529495870521,122.34541823188069,False,False,False,False,False,False,False,False,False,False,3.5-3.9,metadata_only,False
53,J2025120823232985,8488,0.01,0.0668902638608377,0.16999999999999815,0.0,0.18628052772167494,J2025120823232985,2025-12-08 14:23:29.850000+00:00,40.93333333333333,143.03333333333333,18.16,3.6,,,,,,,False,False,False,,,,,,,,,2025-12-08 14:23:29.840000+00:00,2025-12-08T14:23:29.840000Z,40.933818,143.033805,18.33,3.6,middle_M1plus21d_to_M3minus35d,False,175.01081537279111,121.8521182067312,False,False,False,False,False,False,False,False,False,False,3.5-3.9,metadata_only,False
92,J2025120907071657,8904,0.01,0.08822676750706339,0.00999999999999801,0.0,0.1889535350141263,J2025120907071657,2025-12-08 22:07:16.570000+00:00,41.00066666666667,143.22116666666668,19.42,4.7,,,,,,,False,False,False,,,,,,,,,2025-12-08 22:07:16.560000+00:00,2025-12-08T22:07:16.560000Z,41.000142,143.220378,19.43,4.7,middle_M1plus21d_to_M3minus35d,False,179.3644420248764,128.891213013459,False,False,False,False,False,False,False,False,False,False,4.5-4.9,metadata_only,False
328,J2026042423333787,23958,0.01,0.08812729088491146,0.01999999999999602,0.0,0.19125458176982194,J2026042423333787,2026-04-24 14:33:37.870000+00:00,39.91316666666667,142.39866666666666,38.16,3.5,,,,,,,False,False,False,,,,,,,,,2026-04-24 14:33:37.880000+00:00,2026-04-24T14:33:37.880000Z,39.913843,142.398128,38.14,3.5,post_M3_context,False,110.67879776716178,65.24701538884248,False,False,False,False,False,False,False,False,False,False,3.5-3.9,metadata_only,False
176,J2025121501482786,11917,0.01,0.08365156374216404,0.05999999999999872,0.0,0.19230312748432776,J2025121501482786,2025-12-14 16:48:27.860000+00:00,40.88816666666666,143.0345,16.01,3.8,,,,,,,False,False,False,,,,,,,,,2025-12-14 16:48:27.850000+00:00,2025-12-14T16:48:27.850000Z,40.888611,143.035303,16.07,3.8,middle_M1plus21d_to_M3minus35d,False,170.095544006849,116.83363128215474,False,False,False,False,False,False,False,False,False,False,3.5-3.9,metadata_only,False
182,J2025121606444668,12257,0.0,0.06927006895296271,0.22000000000000064,0.0,0.19354013790592559,J2025121606444668,2025-12-15 21:44:46.680000+00:00,40.9365,143.0685,16.21,4.1,4.1,,,,,,False,False,False,,,,,,,,,2025-12-15 21:44:46.680000+00:00,2025-12-15T21:44:46.680000Z,40.936279,143.069271,15.99,4.1,middle_M1plus21d_to_M3minus35d,False,174.61048537005146,121.90488922219564,False,False,False,False,False,False,False,False,False,False,4.0-4.4,metadata_only,False
162,J2025121223092571,10734,0.0,0.08610135299960185,0.08999999999999986,0.0,0.19470270599920367,J2025121223092571,2025-12-12 14:09:25.710000+00:00,40.9925,142.96816666666666,18.51,4.5,,,,,,,False,False,False,,,,,,,,,2025-12-12 14:09:25.710000+00:00,2025-12-12T14:09:25.710000Z,40.993245,142.967887,18.6,4.5,middle_M1plus21d_to_M3minus35d,True,182.7658433692434,129.00973233339622,False,False,False,False,False,False,False,False,False,False,4.5-4.9,metadata_only,False
150,J2025121214253919,10367,0.0,0.07508260816548225,0.17999999999999972,0.0,0.19516521633096443,J2025121214253919,2025-12-12 05:25:39.190000+00:00,40.86866666666667,142.93166666666667,16.02,3.8,,,,,,,False,False,False,,,,,,,,,2025-12-12 05:25:39.190000+00:00,2025-12-12T05:25:39.190000Z,40.8684,142.932487,15.84,3.8,middle_M1plus21d_to_M3minus35d,True,170.21245497065988,115.7050350435028,False,False,False,False,False,False,False,False,False,False,3.5-3.9,metadata_only,False
235,J2026011113153528,15775,0.01,0.08451585108655985,0.07000000000000028,0.0,0.19653170217311977,J2026011113153528,2026-01-11 04:15:35.280000+00:00,39.55616666666667,141.89583333333334,63.21,5.1,4.9,96.0,LOW,I,JMAM,238.0,True,True,True,298.0,58.0,91.0,35.0,-175.0,357.0,87.0,-55.0,2026-01-11 04:15:35.290000+00:00,2026-01-11T04:15:35.290000Z,39.556535,141.894971,63.14,5.1,middle_M1plus21d_to_M3minus35d,False,139.41557478472106,112.53995521951138,False,False,False,False,False,False,False,False,False,False,>=5.0,complete_mechanism,False
163,J2025121223093913,10735,0.0,0.08937328107828178,0.0799999999999983,0.0,0.19874656215656314,J2025121223093913,2025-12-12 14:09:39.130000+00:00,40.92533333333333,142.91233333333332,19.6,4.0,,,,,,,False,False,False,,,,,,,,,2025-12-12 14:09:39.130000+00:00,2025-12-12T14:09:39.130000Z,40.926115,142.912581,19.68,4.0,middle_M1plus21d_to_M3minus35d,True,176.83963808156935,122.31262335394436,False,False,False,False,False,False,False,False,False,False,4.0-4.4,metadata_only,False
209,J2025123007525581,14556,0.01,0.09359055691711055,0.00999999999999801,0.0,0.1996811138342206,J2025123007525581,2025-12-29 22:52:55.810000+00:00,40.88133333333333,142.51933333333332,39.54,3.5,,,,,,,False,False,False,,,,,,,,,2025-12-29 22:52:55.800000+00:00,2025-12-29T22:52:55.800000Z,40.881266,142.520443,39.55,3.5,middle_M1plus21d_to_M3minus35d,False,184.62729459899128,127.52632508475963,False,False,False,False,False,False,False,False,False,False,3.5-3.9,metadata_only,False
175,J2025121423535605,11893,0.0,0.09676872707533041,0.030000000000001137,0.0,0.2010374541506611,J2025121423535605,2025-12-14 14:53:56.050000+00:00,40.90983333333333,142.10516666666666,55.14,3.7,,97.0,LOW,I,JMAM,78.0,True,True,True,113.0,309.0,189.0,21.0,72.0,28.0,70.0,97.0,2025-12-14 14:53:56.050000+00:00,2025-12-14T14:53:56.050000Z,40.91016,142.106234,55.11,3.7,middle_M1plus21d_to_M3minus35d,True,205.64999199055063,148.422201413058,False,False,False,False,False,False,False,False,False,False,3.5-3.9,complete_mechanism,False
51,J2025120823222684,8486,0.0,0.07932527326840491,0.16999999999999815,0.0,0.20115054653680936,J2025120823222684,2025-12-08 14:22:26.840000+00:00,40.986666666666665,143.12433333333334,19.03,3.6,,,,,,,False,False,False,,,,,,,,,2025-12-08 14:22:26.840000+00:00,2025-12-08T14:22:26.840000Z,40.985962,143.124186,19.2,3.6,middle_M1plus21d_to_M3minus35d,False,179.10415487720343,127.23310031166992,False,False,False,False,False,False,False,False,False,False,3.5-3.9,metadata_only,False
55,J2025120823304731,8500,0.01,0.08737431695113641,0.07000000000000028,0.0,0.2022486339022729,J2025120823304731,2025-12-08 14:30:47.310000+00:00,41.023833333333336,142.542,40.86,3.9,,,,,,,False,False,False,,,,,,,,,2025-12-08 14:30:47.300000+00:00,2025-12-08T14:30:47.300000Z,41.024178,142.542936,40.79,3.9,middle_M1plus21d_to_M3minus35d,True,198.08126032837305,141.35255447547914,False,False,False,False,False,False,False,False,False,False,3.5-3.9,metadata_only,False
6,J2025100611310731,3719,0.0,0.10166117778711903,0.0,0.0,0.20332235557423806,J2025100611310731,2025-10-06 02:31:07.310000+00:00,39.759166666666665,141.8375,58.62,3.7,,99.0,LOW,I,JMAM,91.0,True,True,True,102.0,323.0,164.0,27.0,52.0,26.0,69.0,108.0,2025-10-06 02:31:07.310000+00:00,2025-10-06T02:31:07.310000Z,39.759688,141.836523,58.62,3.7,baseline_to_M1_minus14d,False,148.58084184897652,113.17559831997087,False,False,False,False,False,False,False,False,False,False,3.5-3.9,complete_mechanism,False
32,J2025111811054928,7119,0.01,0.09589017314480093,0.019999999999999574,0.0,0.20678034628960176,J2025111811054928,2025-11-18 02:05:49.280000+00:00,39.23016666666667,142.47933333333333,27.38,4.3,4.0,,,,,,False,False,False,,,,,,,,,2025-11-18 02:05:49.270000+00:00,2025-11-18T02:05:49.270000Z,39.229305,142.479378,27.4,4.3,M1_related_M1minus14d_to_M1plus21d,False,90.4651035158299,89.54459623715292,False,False,False,False,False,False,False,False,False,False,4.0-4.4,metadata_only,False
313,J2026041118100155,21129,0.01,0.08596853887695725,0.11000000000000654,0.0,0.20943707775391615,J2026041118100155,2026-04-11 09:10:01.550000+00:00,39.759166666666665,141.83416666666668,58.09,4.0,3.9,97.0,LOW,I,JMAM,158.0,True,True,True,106.0,304.0,179.0,20.0,69.0,22.0,71.0,98.0,2026-04-11 09:10:01.560000+00:00,2026-04-11T09:10:01.560000Z,39.758765,141.835026,57.98,4.0,preM3_M3minus35d_to_M3,False,148.67795747673418,113.31215401962548,False,False,False,False,False,False,False,False,False,False,4.0-4.4,complete_mechanism,False
34,J2025111817212096,7164,0.01,0.10002103034530635,0.0,0.0,0.2100420606906127,J2025111817212096,2025-11-18 08:21:20.960000+00:00,40.934333333333335,142.6225,44.62,4.8,4.6,,,,,,False,False,False,,,,,,,,,2025-11-18 08:21:20.970000+00:00,2025-11-18T08:21:20.970000Z,40.935177,142.622087,44.62,4.8,M1_related_M1minus14d_to_M1plus21d,True,186.32358127069656,129.72284586871737,False,False,False,False,False,False,False,False,False,False,4.5-4.9,metadata_only,False
109,J2025121007200270,9592,0.0,0.0998967141122767,0.05000000000000071,0.0,0.21229342822455358,J2025121007200270,2025-12-09 22:20:02.700000+00:00,40.85233333333333,143.00233333333333,16.59,4.4,4.4,,,,,,False,False,False,,,,,,,,,2025-12-09 22:20:02.700000+00:00,2025-12-09T22:20:02.700000Z,40.852161,143.003499,16.54,4.4,middle_M1plus21d_to_M3minus35d,False,166.8352123434985,113.07548081362997,False,False,False,False,False,False,False,False,False,False,4.0-4.4,metadata_only,False
105,J2025120918094599,9312,0.01,0.092442515848905,0.07000000000000028,0.0,0.2123850316978101,J2025120918094599,2025-12-09 09:09:45.990000+00:00,41.268,142.41933333333333,46.93,5.3,5.2,91.0,LOW,I,JMAM,234.0,True,True,True,116.0,319.0,191.0,25.0,70.0,33.0,67.0,99.0,2025-12-09 09:09:45.980000+00:00,2025-12-09T09:09:45.980000Z,41.267261,142.41984,47.0,5.3,middle_M1plus21d_to_M3minus35d,True,226.9512845429426,170.2775080871201,False,False,False,False,False,False,False,False,False,False,>=5.0,complete_mechanism,False
332,J2026050103152693,25535,0.01,0.09178485625210574,0.0799999999999983,0.0,0.21356971250421106,J2026050103152693,2026-04-30 18:15:26.930000+00:00,39.92033333333333,142.38766666666666,38.29,3.9,,,,,,,False,False,False,,,,,,,,,2026-04-30 18:15:26.920000+00:00,2026-04-30T18:15:26.920000Z,39.921106,142.387288,38.37,3.9,post_M3_context,False,111.88580968466545,66.264054690695,False,False,False,False,False,False,False,False,False,False,3.5-3.9,metadata_only,False
80,J2025120903562953,8757,0.01,0.09345362917776986,0.07000000000000028,0.0,0.2144072583555398,J2025120903562953,2025-12-08 18:56:29.530000+00:00,40.95033333333333,143.12783333333334,19.15,6.1,6.0,95.0,LOW,I,JMAM,93.0,True,True,True,88.0,247.0,183.0,35.0,97.0,355.0,55.0,85.0,2025-12-08 18:56:29.520000+00:00,2025-12-08T18:56:29.520000Z,40.95085,143.128711,19.08,6.1,middle_M1plus21d_to_M3minus35d,False,175.19684638639475,123.32176262182097,False,False,False,False,False,False,False,False,False,False,>=5.0,complete_mechanism,False
198,J2025122204323590,13586,0.0,0.09346152470618926,0.10999999999999943,0.0,0.21442304941237839,J2025122204323590,2025-12-21 19:32:35.900000+00:00,41.165333333333336,143.256,17.25,3.8,,,,,,,False,False,False,,,,,,,,,2025-12-21 19:32:35.900000+00:00,2025-12-21T19:32:35.900000Z,41.164958,143.256999,17.14,3.8,middle_M1plus21d_to_M3minus35d,False,197.1754089736396,147.34894945357726,False,False,False,False,False,False,False,False,False,False,3.5-3.9,metadata_only,False
232,J2026011003115989,15683,0.01,0.10340787664696285,0.0,0.0,0.21681575329392572,J2026011003115989,2026-01-09 18:11:59.890000+00:00,39.90983333333333,142.54166666666666,36.31,3.9,,,,,,,False,False,False,,,,,,,,,2026-01-09 18:11:59.880000+00:00,2026-01-09T18:11:59.880000Z,39.90922,142.542578,36.31,3.9,middle_M1plus21d_to_M3minus35d,False,99.98683310619198,52.961822620143415,True,False,True,False,False,False,False,True,True,False,3.5-3.9,metadata_only,True
141,J2025121212213907,10257,0.01,0.09407179275006289,0.0799999999999983,0.0,0.21814358550012536,J2025121212213907,2025-12-12 03:21:39.070000+00:00,40.98983333333334,143.0025,16.94,5.7,5.5,,,,,,False,False,False,,,,,,,,,2025-12-12 03:21:39.060000+00:00,2025-12-12T03:21:39.060000Z,40.989026,143.002165,17.02,5.7,middle_M1plus21d_to_M3minus35d,True,181.6028422777916,128.21523315496512,False,False,False,False,False,False,False,False,False,False,>=5.0,metadata_only,False
87,J2025120906243103,8877,0.01,0.08066294439313947,0.18999999999999773,0.0,0.21882588878627837,J2025120906243103,2025-12-08 21:24:31.030000+00:00,41.035,143.14116666666666,22.06,3.6,,,,,,,False,False,False,,,,,,,,,2025-12-08 21:24:31.040000+00:00,2025-12-08T21:24:31.040000Z,41.035612,143.141683,21.87,3.6,middle_M1plus21d_to_M3minus35d,False,184.27803249280817,132.72992816580376,False,False,False,False,False,False,False,False,False,False,3.5-3.9,metadata_only,False
156,J2025121218424938,10555,0.01,0.07709511346918785,0.22000000000000242,0.0,0.2191902269383763,J2025121218424938,2025-12-12 09:42:49.380000+00:00,40.839333333333336,143.01566666666668,18.28,3.6,,,,,,,False,False,False,,,,,,,,,2025-12-12 09:42:49.390000+00:00,2025-12-12T09:42:49.390000Z,40.838851,143.016325,18.06,3.6,middle_M1plus21d_to_M3minus35d,False,165.1274133566045,111.48410295017996,False,False,False,False,False,False,False,False,False,False,3.5-3.9,metadata_only,False
116,J2025121110225761,9980,0.0,0.10838920121230536,0.010000000000001563,0.0,0.2192784024246111,J2025121110225761,2025-12-11 01:22:57.610000+00:00,40.908166666666666,143.0865,19.81,3.9,,,,,,,False,False,False,,,,,,,,,2025-12-11 01:22:57.610000+00:00,2025-12-11T01:22:57.610000Z,40.907678,143.085384,19.82,3.9,middle_M1plus21d_to_M3minus35d,False,171.21447574088654,118.6531660951246,False,False,False,False,False,False,False,False,False,False,3.5-3.9,metadata_only,False
131,J2025121211493371,10212,0.0,0.09769451256755948,0.09999999999999964,0.0,0.22038902513511888,J2025121211493371,2025-12-12 02:49:33.710000+00:00,40.907,143.03083333333333,13.69,3.7,,,,,,,False,False,False,,,,,,,,,2025-12-12 02:49:33.710000+00:00,2025-12-12T02:49:33.710000Z,40.90638,143.031657,13.79,3.7,middle_M1plus21d_to_M3minus35d,False,172.08755679120375,118.82895182228978,False,False,False,False,False,False,False,False,False,False,3.5-3.9,metadata_only,False
108,J2025121007143897,9588,0.01,0.0840387814660931,0.1699999999999946,0.0,0.22057756293218486,J2025121007143897,2025-12-09 22:14:38.970000+00:00,41.17583333333334,142.558,43.7,3.8,3.9,97.0,LOW,I,JMAM,90.0,True,True,True,104.0,284.0,194.0,21.0,90.0,14.0,69.0,90.0,2025-12-09 22:14:38.960000+00:00,2025-12-09T22:14:38.960000Z,41.175456,142.55887,43.87,3.8,middle_M1plus21d_to_M3minus35d,True,212.96281833619705,156.65795465467403,False,False,False,False,False,False,False,False,False,False,3.5-3.9,complete_mechanism,False
94,J2025120907392894,8933,0.02,0.08206972547741222,0.14999999999999858,0.0,0.22163945095482407,J2025120907392894,2025-12-08 22:39:28.940000+00:00,41.1565,142.615,39.53,3.7,,,,,,,False,False,False,,,,,,,,,2025-12-08 22:39:28.960000+00:00,2025-12-08T22:39:28.960000Z,41.155815,142.615365,39.38,3.7,middle_M1plus21d_to_M3minus35d,True,209.1667166886376,153.09897429252987,False,False,False,False,False,False,False,False,False,False,3.5-3.9,metadata_only,False
128,J2025121211473436,10209,0.01,0.09347101769207138,0.10000000000000142,0.0,0.22194203538414312,J2025121211473436,2025-12-12 02:47:34.360000+00:00,40.9725,142.953,20.2,4.3,,,,,,,False,False,False,,,,,,,,,2025-12-12 02:47:34.370000+00:00,2025-12-12T02:47:34.370000Z,40.971663,142.952897,20.3,4.3,middle_M1plus21d_to_M3minus35d,True,180.77273249404533,126.7958767250328,False,False,False,False,False,False,False,False,False,False,4.0-4.4,metadata_only,False
295,J2026032418363480,19760,0.01,0.10602987331216335,0.00999999999999801,0.0,0.2245597466243262,J2026032418363480,2026-03-24 09:36:34.800000+00:00,40.92116666666666,142.94,17.99,3.7,,,,,,,False,False,False,,,,,,,,,2026-03-24 09:36:34.790000+00:00,2026-03-24T09:36:34.790000Z,40.920353,142.940658,17.98,3.7,preM3_M3minus35d_to_M3,False,175.5574463905683,121.29940929411028,False,False,False,False,False,False,False,False,False,False,3.5-3.9,metadata_only,False
25,J2025111406233075,6609,0.01,0.09989002344481444,0.060000000000002274,0.0,0.22478004688962946,J2025111406233075,2025-11-13 21:23:30.750000+00:00,40.1275,142.47583333333333,38.38,3.7,,,,,,,False,False,False,,,,,,,,,2025-11-13 21:23:30.760000+00:00,2025-11-13T21:23:30.760000Z,40.12819,142.475081,38.32,3.7,M1_related_M1minus14d_to_M1plus21d,False,119.5797375718062,66.24286758539354,False,False,False,False,False,False,False,False,False,False,3.5-3.9,metadata_only,False
68,J2025120900575558,8599,0.0,0.09645755984813205,0.14000000000000057,0.0,0.22791511969626424,J2025120900575558,2025-12-08 15:57:55.580000+00:00,40.889,143.13883333333334,20.12,4.9,4.6,87.0,LOW,I,JMAM,103.0,True,True,True,113.0,335.0,185.0,32.0,65.0,34.0,61.0,105.0,2025-12-08 15:57:55.580000+00:00,2025-12-08T15:57:55.580000Z,40.889636,143.138053,20.26,4.9,middle_M1plus21d_to_M3minus35d,False,168.36340449883497,116.50286653174568,False,False,False,False,False,False,False,False,False,False,4.5-4.9,complete_mechanism,False
43,J2025120109480157,8159,0.02,0.07918639387462886,0.21000000000000085,0.0,0.23087278774925793,J2025120109480157,2025-12-01 00:48:01.570000+00:00,42.111666666666665,142.55216666666666,45.89,4.5,4.6,96.0,LOW,I,JMAM,128.0,True,True,True,6.0,102.0,136.0,58.0,155.0,240.0,69.0,35.0,2025-12-01 00:48:01.550000+00:00,2025-12-01T00:48:01.550000Z,42.112264,142.551644,46.1,4.5,middle_M1plus21d_to_M3minus35d,False,311.9191883366547,257.5040620654109,False,False,False,False,False,False,False,False,False,False,4.5-4.9,complete_mechanism,False
244,J2026011902365805,16227,0.01,0.10566527979928549,0.04999999999999716,0.0,0.23383055959857027,J2026011902365805,2026-01-18 17:36:58.050000+00:00,40.91,142.1135,55.62,3.5,,,,,,,False,False,False,,,,,,,,,2026-01-18 17:36:58.040000+00:00,2026-01-18T17:36:58.040000Z,40.910291,142.114697,55.57,3.5,middle_M1plus21d_to_M3minus35d,False,205.2464181158708,148.00507603360194,False,False,False,False,False,False,False,False,False,False,3.5-3.9,metadata_only,False
88,J2025120906254092,8878,0.0,0.07213532698758124,0.35999999999999943,0.0,0.23427065397516234,J2025120906254092,2025-12-08 21:25:40.920000+00:00,40.86683333333333,143.151,13.47,3.5,,,,,,,False,False,False,,,,,,,,,2025-12-08 21:25:40.920000+00:00,2025-12-08T21:25:40.920000Z,40.866772,143.150146,13.83,3.5,middle_M1plus21d_to_M3minus35d,False,165.6759229874385,113.95092732063954,False,False,False,False,False,False,False,False,False,False,3.5-3.9,metadata_only,False
82,J2025120904042714,8759,0.0,0.11224580921721554,0.03999999999999915,0.0,0.23449161843443087,J2025120904042714,2025-12-08 19:04:27.140000+00:00,40.96633333333333,143.1265,20.06,3.7,,,,,,,False,False,False,,,,,,,,,2025-12-08 19:04:27.140000+00:00,2025-12-08T19:04:27.140000Z,40.967179,143.12723,20.02,3.7,middle_M1plus21d_to_M3minus35d,False,177.00422310866236,125.13958427729332,False,False,False,False,False,False,False,False,False,False,3.5-3.9,metadata_only,False
177,J2025121503092748,11933,0.0,0.10486138941828371,0.09999999999999432,0.0,0.234722778836566,J2025121503092748,2025-12-14 18:09:27.480000+00:00,41.179,142.71066666666667,37.69,4.4,4.3,,,,,,False,False,False,,,,,,,,,2025-12-14 18:09:27.480000+00:00,2025-12-14T18:09:27.480000Z,41.179785,142.711361,37.59,4.4,middle_M1plus21d_to_M3minus35d,True,208.8790049639595,153.45081476204277,False,False,False,False,False,False,False,False,False,False,4.0-4.4,metadata_only,False
37,J2025112419095167,7807,0.02,0.08819167820770688,0.1599999999999966,0.0,0.2363833564154129,J2025112419095167,2025-11-24 10:09:51.670000+00:00,38.88966666666666,141.96933333333334,48.8,3.7,3.6,100.0,LOW,I,JMAM,139.0,True,True,True,110.0,302.0,190.0,21.0,77.0,24.0,70.0,95.0,2025-11-24 10:09:51.690000+00:00,2025-11-24T10:09:51.690000Z,38.890141,141.97015,48.64,3.7,M1_related_M1minus14d_to_M1plus21d,False,144.2336863641643,147.00836128746343,False,False,False,False,False,False,False,False,False,False,3.5-3.9,complete_mechanism,False
166,J2025121306163732,10940,0.0,0.09479969663787903,0.19000000000000128,0.0,0.23709939327575838,J2025121306163732,2025-12-12 21:16:37.320000+00:00,40.915,143.00883333333334,15.54,3.5,,,,,,,False,False,False,,,,,,,,,2025-12-12 21:16:37.320000+00:00,2025-12-12T21:16:37.320000Z,40.914974,143.009961,15.73,3.5,middle_M1plus21d_to_M3minus35d,False,173.45567179432453,119.95756096175376,False,False,False,False,False,False,False,False,False,False,3.5-3.9,metadata_only,False
189,J2025121811404196,12874,0.0,0.0853489138856289,0.2699999999999996,0.0,0.2381978277712577,J2025121811404196,2025-12-18 02:40:41.960000+00:00,40.89833333333333,143.22783333333334,20.58,3.9,,,,,,,False,False,False,,,,,,,,,2025-12-18 02:40:41.960000+00:00,2025-12-18T02:40:41.960000Z,40.897636,143.227409,20.31,3.9,middle_M1plus21d_to_M3minus35d,False,167.99600169993442,117.5328111489147,False,False,False,False,False,False,False,False,False,False,3.5-3.9,metadata_only,False
126,J2025121211464936,10207,0.02,0.09820868723319995,0.08999999999999986,0.0,0.23891737446639985,J2025121211464936,2025-12-12 02:46:49.360000+00:00,40.895833333333336,142.95766666666665,21.98,4.3,,,,,,,False,False,False,,,,,,,,,2025-12-12 02:46:49.340000+00:00,2025-12-12T02:46:49.340000Z,40.894967,142.957894,21.89,4.3,middle_M1plus21d_to_M3minus35d,True,172.444885997389,118.29330348061208,False,False,False,False,False,False,False,False,False,False,4.0-4.4,metadata_only,False
85,J2025120904453162,8790,0.0,0.10505463036826614,0.120000000000001,0.0,0.24010926073653252,J2025120904453162,2025-12-08 19:45:31.620000+00:00,40.891333333333336,143.113,19.99,3.8,,,,,,,False,False,False,,,,,,,,,2025-12-08 19:45:31.620000+00:00,2025-12-08T19:45:31.620000Z,40.890658,143.112126,20.11,3.8,middle_M1plus21d_to_M3minus35d,False,168.89901415398913,116.667404129176,False,False,False,False,False,False,False,False,False,False,3.5-3.9,metadata_only,False
212,J2026010101302196,14777,0.02,0.07259304728488573,0.3000000000000007,0.0,0.24018609456977164,J2026010101302196,2025-12-31 16:30:21.960000+00:00,40.9095,143.05566666666667,22.8,4.8,4.8,92.0,LOW,I,JMAM,153.0,True,True,True,92.0,296.0,177.0,36.0,83.0,6.0,54.0,95.0,2025-12-31 16:30:21.940000+00:00,2025-12-31T16:30:21.940000Z,40.910063,143.056104,23.1,4.8,middle_M1plus21d_to_M3minus35d,False,172.0107638906395,119.07029947839357,False,False,False,False,False,False,False,False,False,False,4.5-4.9,complete_mechanism,False
110,J2025121007494671,9601,0.01,0.09799673888797616,0.14000000000000057,0.0,0.24099347777595248,J2025121007494671,2025-12-09 22:49:46.710000+00:00,40.85066666666667,143.0045,17.66,3.8,,,,,,,False,False,False,,,,,,,,,2025-12-09 22:49:46.720000+00:00,2025-12-09T22:49:46.720000Z,40.850411,143.005615,17.8,3.8,middle_M1plus21d_to_M3minus35d,False,166.6011695312458,112.86168010123023,False,False,False,False,False,False,False,False,False,False,3.5-3.9,metadata_only,False
310,J2026040511213423,20779,0.0,0.1162258776353235,0.03999999999999915,0.0,0.24245175527064677,J2026040511213423,2026-04-05 02:21:34.230000+00:00,40.3255,142.276,42.95,3.8,,100.0,LOW,I,JMAM,78.0,True,True,True,108.0,307.0,183.0,22.0,70.0,24.0,69.0,98.0,2026-04-05 02:21:34.230000+00:00,2026-04-05T02:21:34.230000Z,40.324508,142.276432,42.99,3.8,preM3_M3minus35d_to_M3,False,146.80810368000743,92.14533889741362,False,False,False,False,False,False,False,False,False,False,3.5-3.9,complete_mechanism,False
149,J2025121214220005,10363,0.0,0.10801671681342837,0.10999999999999943,0.0,0.2435334336268566,J2025121214220005,2025-12-12 05:22:00.050000+00:00,41.16133333333333,142.58783333333332,41.23,3.6,,,,,,,False,False,False,,,,,,,,,2025-12-12 05:22:00.050000+00:00,2025-12-12T05:22:00.050000Z,41.1618,142.588965,41.12,3.6,middle_M1plus21d_to_M3minus35d,True,210.6036426285964,154.4130548172044,False,False,False,False,False,False,False,False,False,False,3.5-3.9,metadata_only,False
73,J2025120901205627,8620,0.01,0.07231828485404715,0.35999999999999943,0.0,0.24463656970809416,J2025120901205627,2025-12-08 16:20:56.270000+00:00,41.16483333333333,143.2595,17.06,3.7,,,,,,,False,False,False,,,,,,,,,2025-12-08 16:20:56.280000+00:00,2025-12-08T16:20:56.280000Z,41.164205,143.259277,16.7,3.7,middle_M1plus21d_to_M3minus35d,False,197.07148527428123,147.27654220801764,False,False,False,False,False,False,False,False,False,False,3.5-3.9,metadata_only,False
70,J2025120901012330,8603,0.02,0.04278038597402728,0.5599999999999987,0.0,0.24556077194805426,J2025120901012330,2025-12-08 16:01:23.300000+00:00,41.2205,143.06683333333334,20.7,3.5,,,,,,,False,False,False,,,,,,,,,2025-12-08 16:01:23.320000+00:00,2025-12-08T16:01:23.320000Z,41.220846,143.067057,20.14,3.5,middle_M1plus21d_to_M3minus35d,False,205.65691476193996,153.50896855899677,False,False,False,False,False,False,False,False,False,False,3.5-3.9,metadata_only,False
317,J2026042017045151,21636,0.01,0.09779352395961945,0.1599999999999966,0.0,0.24558704791923805,J2026042017045151,2026-04-20 08:04:51.510000+00:00,39.915333333333336,142.5345,34.49,3.7,,,,,,,False,False,False,,,,,,,,,2026-04-20 08:04:51.500000+00:00,2026-04-20T08:04:51.500000Z,39.914612,142.535156,34.65,3.7,post_M3_context,False,100.8470723128885,53.67375819132342,True,False,True,False,False,False,False,True,True,False,3.5-3.9,metadata_only,True
306,J2026040223222070,20637,0.0,0.10632483394194288,0.14000000000000057,0.0,0.2476496678838859,J2026040223222070,2026-04-02 14:22:20.700000+00:00,39.24666666666667,142.14583333333334,51.96,4.0,4.2,86.0,LOW,I,JMAM,152.0,True,True,True,319.0,55.0,78.0,50.0,134.0,202.0,57.0,51.0,2026-04-02 14:22:20.700000+00:00,2026-04-02T14:22:20.700000Z,39.247298,142.144906,52.1,4.0,preM3_M3minus35d_to_M3,False,118.41784962003486,109.10466018258224,False,False,False,False,False,False,False,False,False,False,4.0-4.4,complete_mechanism,False
23,J2025111311334922,6471,0.01,0.1101495978146311,0.08000000000000007,0.0,0.25029919562926223,J2025111311334922,2025-11-13 02:33:49.220000+00:00,39.80866666666667,142.34866666666667,13.63,3.7,,,,,,,False,False,False,,,,,,,,,2025-11-13 02:33:49.210000+00:00,2025-11-13T02:33:49.210000Z,39.809644,142.348877,13.71,3.7,M1_related_M1minus14d_to_M1plus21d,False,109.07907255801722,69.10487895595892,False,False,False,False,False,False,False,False,False,False,3.5-3.9,metadata_only,False
187,J2025121718501744,12702,0.02,0.10554579760602152,0.0799999999999983,0.0,0.2510915952120426,J2025121718501744,2025-12-17 09:50:17.440000+00:00,41.253,142.48166666666663,44.98,4.8,4.9,95.0,LOW,I,JMAM,191.0,True,True,True,107.0,284.0,198.0,29.0,92.0,16.0,61.0,89.0,2025-12-17 09:50:17.460000+00:00,2025-12-17T09:50:17.460000Z,41.252051,142.481641,44.9,4.8,middle_M1plus21d_to_M3minus35d,True,223.320900190698,166.85023089698586,False,False,False,False,False,False,False,False,False,False,4.5-4.9,complete_mechanism,False
178,J2025121503105037,11934,0.01,0.1125020683518685,0.0799999999999983,0.0,0.25500413670373656,J2025121503105037,2025-12-14 18:10:50.370000+00:00,41.18516666666667,142.70733333333334,36.41,3.6,,,,,,,False,False,False,,,,,,,,,2025-12-14 18:10:50.360000+00:00,2025-12-14T18:10:50.360000Z,41.185579,142.708561,36.33,3.6,middle_M1plus21d_to_M3minus35d,True,209.56447741097728,154.13307695671807,False,False,False,False,False,False,False,False,False,False,3.5-3.9,metadata_only,False
101,J2025120913472621,9170,0.0,0.12565142592527986,0.020000000000003126,0.0,0.2563028518505605,J2025120913472621,2025-12-09 04:47:26.210000+00:00,41.155166666666666,142.61083333333335,40.32,3.9,4.1,,,,,,False,False,False,,,,,,,,,2025-12-09 04:47:26.210000+00:00,2025-12-09T04:47:26.210000Z,41.154183,142.611572,40.3,3.9,middle_M1plus21d_to_M3minus35d,True,209.11450868854075,153.02233253030545,False,False,False,False,False,False,False,False,False,False,3.5-3.9,metadata_only,False
83,J2025120904144184,8765,0.0,0.12949825276450525,0.0,0.0,0.2589965055290105,J2025120904144184,2025-12-08 19:14:41.840000+00:00,40.96416666666666,143.13,20.88,4.0,,,,,,,False,False,False,,,,,,,,,2025-12-08 19:14:41.840000+00:00,2025-12-08T19:14:41.840000Z,40.965243,143.129411,20.88,4.0,middle_M1plus21d_to_M3minus35d,False,176.7589350929633,124.92076576512828,False,False,False,False,False,False,False,False,False,False,4.0-4.4,metadata_only,False
2,J2025100123500609,3601,0.0,0.12826083911469757,0.010000000000005116,0.0,0.2590216782293964,J2025100123500609,2025-10-01 14:50:06.090000+00:00,38.69883333333333,141.97583333333333,58.73,4.6,4.5,96.0,LOW,I,JMAM,225.0,True,True,True,303.0,158.0,5.0,25.0,52.0,225.0,71.0,106.0,2025-10-01 14:50:06.090000+00:00,2025-10-01T14:50:06.090000Z,38.698857,141.977311,58.74,4.6,baseline_to_M1_minus14d,False,153.4947108722419,162.69282911067154,False,False,False,False,False,False,False,False,False,False,4.5-4.9,complete_mechanism,False
318,J2026042017422439,21669,0.01,0.11626793458515533,0.07000000000000028,0.0,0.26003586917031074,J2026042017422439,2026-04-20 08:42:24.390000+00:00,39.95133333333333,143.02466666666666,16.83,3.5,,,,,,,False,False,False,,,,,,,,,2026-04-20 08:42:24.400000+00:00,2026-04-20T08:42:24.400000Z,39.951953,143.023568,16.9,3.5,post_M3_context,False,73.83255836962242,16.704809562357724,True,False,True,False,True,False,False,True,True,False,3.5-3.9,metadata_only,True
113,J2025121018370283,9788,0.0,0.10941399310869479,0.1700000000000017,0.0,0.26132798621739,J2025121018370283,2025-12-10 09:37:02.830000+00:00,41.16516666666666,142.5845,42.79,3.6,,88.0,LOW,I,JMAM,59.0,True,True,True,117.0,286.0,218.0,19.0,104.0,23.0,72.0,85.0,2025-12-10 09:37:02.830000+00:00,2025-12-10T09:37:02.830000Z,41.165177,142.585807,42.62,3.6,middle_M1plus21d_to_M3minus35d,True,211.050862106249,154.85265086968886,False,False,False,False,False,False,False,False,False,False,3.5-3.9,complete_mechanism,False
86,J2025120905432258,8840,0.02,0.08538931650518158,0.2900000000000009,0.0,0.26327863301036336,J2025120905432258,2025-12-08 20:43:22.580000+00:00,40.89833333333333,143.21583333333334,15.72,3.5,,,,,,,False,False,False,,,,,,,,,2025-12-08 20:43:22.600000+00:00,2025-12-08T20:43:22.600000Z,40.898486,143.216829,15.43,3.5,middle_M1plus21d_to_M3minus35d,False,168.21900313814956,117.58516334783978,False,False,False,False,False,False,False,False,False,False,3.5-3.9,metadata_only,False
146,J2025121212391990,10271,0.01,0.12643543724231965,0.00999999999999801,0.0,0.2653708744846388,J2025121212391990,2025-12-12 03:39:19.900000+00:00,40.96783333333333,142.96766666666667,18.24,3.5,,,,,,,False,False,False,,,,,,,,,2025-12-12 03:39:19.890000+00:00,2025-12-12T03:39:19.890000Z,40.96897,142.967627,18.23,3.5,middle_M1plus21d_to_M3minus35d,True,180.16165470165348,126.33494488189426,False,False,False,False,False,False,False,False,False,False,3.5-3.9,metadata_only,False
164,J2025121301185400,10804,0.02,0.09298624829945426,0.23999999999999488,0.0,0.2659724965989072,J2025121301185400,2025-12-12 16:18:54+00:00,40.909666666666666,142.11816666666667,54.67,3.5,,98.0,LOW,I,JMAM,81.0,True,True,True,112.0,299.0,196.0,20.0,82.0,24.0,70.0,93.0,2025-12-12 16:18:53.980000+00:00,2025-12-12T16:18:53.980000Z,40.910502,142.118115,54.91,3.5,middle_M1plus21d_to_M3minus35d,True,205.09821115471328,147.8513256738291,False,False,False,False,False,False,False,False,False,False,3.5-3.9,complete_mechanism,False
60,J2025120823420105,8511,0.01,0.12221548549126787,0.04999999999999716,0.0,0.26693097098253504,J2025120823420105,2025-12-08 14:42:01.050000+00:00,40.90083333333333,143.1415,16.72,3.6,,,,,,,False,False,False,,,,,,,,,2025-12-08 14:42:01.060000+00:00,2025-12-08T14:42:01.060000Z,40.901571,143.142578,16.67,3.6,middle_M1plus21d_to_M3minus35d,False,169.59631556040475,117.82525353644112,False,False,False,False,False,False,False,False,False,False,3.5-3.9,metadata_only,False
183,J2025121610263152,12313,0.02,0.10850937974142641,0.12000000000000455,0.0,0.2670187594828539,J2025121610263152,2025-12-16 01:26:31.520000+00:00,40.909,142.105,55.27,3.8,,94.0,LOW,I,JMAM,88.0,True,True,True,113.0,301.0,198.0,24.0,83.0,25.0,66.0,93.0,2025-12-16 01:26:31.540000+00:00,2025-12-16T01:26:31.540000Z,40.909965,142.105192,55.15,3.8,middle_M1plus21d_to_M3minus35d,True,205.6836786091419,148.45787969838807,False,False,False,False,False,False,False,False,False,False,3.5-3.9,complete_mechanism,False
98,J2025120908590563,8996,0.01,0.10271702041569564,0.21000000000000085,0.0,0.2679340408313915,J2025120908590563,2025-12-08 23:59:05.630000+00:00,40.813833333333335,142.92333333333335,26.23,5.4,5.4,,,,,,False,False,False,,,,,,,,,2025-12-08 23:59:05.640000+00:00,2025-12-08T23:59:05.640000Z,40.814425,142.922396,26.02,5.4,middle_M1plus21d_to_M3minus35d,True,164.7348311307451,109.9422294532932,False,False,False,False,False,False,False,False,False,False,>=5.0,metadata_only,False
121,J2025121206395215,10158,0.01,0.10151252067704558,0.21999999999999886,0.0,0.2680250413540909,J2025121206395215,2025-12-11 21:39:52.150000+00:00,40.987,143.163,20.99,3.8,,,,,,,False,False,False,,,,,,,,,2025-12-11 21:39:52.160000+00:00,2025-12-11T21:39:52.160000Z,40.986369,143.162126,20.77,3.8,middle_M1plus21d_to_M3minus35d,False,178.59198750105935,127.24876695431514,False,False,False,False,False,False,False,False,False,False,3.5-3.9,metadata_only,False
185,J2025121614385053,12364,0.0,0.12778628103595216,0.05000000000000071,0.0,0.2680725620719045,J2025121614385053,2025-12-16 05:38:50.530000+00:00,40.89333333333333,143.05983333333333,15.34,5.3,5.1,97.0,LOW,I,JMAM,151.0,True,True,True,60.0,265.0,19.0,20.0,-59.0,166.0,73.0,-101.0,2025-12-16 05:38:50.530000+00:00,2025-12-16T05:38:50.530000Z,40.892765,143.058512,15.39,5.3,middle_M1plus21d_to_M3minus35d,False,170.0913198010414,117.1372658169575,False,False,False,False,False,False,False,False,False,False,>=5.0,complete_mechanism,False
84,J2025120904154184,8766,0.0,0.10408359326277761,0.25,0.0,0.2706671865255552,J2025120904154184,2025-12-08 19:15:41.840000+00:00,40.98483333333333,143.141,20.28,3.6,,,,,,,False,False,False,,,,,,,,,2025-12-08 19:15:41.840000+00:00,2025-12-08T19:15:41.840000Z,40.985099,143.139811,20.53,3.6,middle_M1plus21d_to_M3minus35d,False,178.77357142395033,127.11513899279616,False,False,False,False,False,False,False,False,False,False,3.5-3.9,metadata_only,False
196,J2025122020251175,13372,0.02,0.09556546150033257,0.2400000000000002,0.0,0.2711309230006652,J2025122020251175,2025-12-20 11:25:11.750000+00:00,40.89333333333333,142.98266666666666,14.43,3.8,,,,,,,False,False,False,,,,,,,,,2025-12-20 11:25:11.730000+00:00,2025-12-20T11:25:11.730000Z,40.89259,142.982096,14.67,3.8,middle_M1plus21d_to_M3minus35d,True,171.64463211175388,117.75622540460442,False,False,False,False,False,False,False,False,False,False,3.5-3.9,metadata_only,False
315,J2026041422205770,21275,0.0,0.126791760434525,0.0799999999999983,0.0,0.2735835208690496,J2026041422205770,2026-04-14 13:20:57.700000+00:00,40.638666666666666,142.39916666666667,44.99,4.3,4.3,,,,,,False,False,False,,,,,,,,,2026-04-14 13:20:57.700000+00:00,2026-04-14T13:20:57.700000Z,40.637553,142.398844,45.07,4.3,preM3_M3minus35d_to_M3,False,166.67015001691712,109.39126834543096,False,False,False,False,False,False,False,False,False,False,4.0-4.4,metadata_only,False
139,J2025121212140993,10245,0.0,0.11873699844583778,0.14999999999999858,0.0,0.27497399689167523,J2025121212140993,2025-12-12 03:14:09.930000+00:00,40.904833333333336,143.01,13.62,3.6,,,,,,,False,False,False,,,,,,,,,2025-12-12 03:14:09.930000+00:00,2025-12-12T03:14:09.930000Z,40.905204,143.008675,13.47,3.6,middle_M1plus21d_to_M3minus35d,False,172.42976184143996,118.8886700605349,False,False,False,False,False,False,False,False,False,False,3.5-3.9,metadata_only,False
133,J2025121211510829,10215,0.01,0.10761833117732571,0.20999999999999908,0.0,0.2777366623546512,J2025121211510829,2025-12-12 02:51:08.290000+00:00,40.91933333333333,143.05833333333334,11.96,3.8,,,,,,,False,False,False,,,,,,,,,2025-12-12 02:51:08.280000+00:00,2025-12-12T02:51:08.280000Z,40.918404,143.058691,12.17,3.8,middle_M1plus21d_to_M3minus35d,False,172.865956587019,119.9799582109515,False,False,False,False,False,False,False,False,False,False,3.5-3.9,metadata_only,False
56,J2025120823314255,8501,0.0,0.12665751745842108,0.09999999999999787,0.0,0.2783150349168416,J2025120823314255,2025-12-08 14:31:42.550000+00:00,40.952,143.1205,19.51,3.8,,,,,,,False,False,False,,,,,,,,,2025-12-08 14:31:42.550000+00:00,2025-12-08T14:31:42.550000Z,40.952852,143.119499,19.61,3.8,middle_M1plus21d_to_M3minus35d,False,175.56064709238862,123.56191850284732,False,False,False,False,False,False,False,False,False,False,3.5-3.9,metadata_only,False
120,J2025121203110558,10137,0.02,0.12635726747212433,0.030000000000001137,0.0,0.28021453494424897,J2025121203110558,2025-12-11 18:11:05.580000+00:00,41.247166666666665,142.819,28.6,4.5,4.4,,,,,,False,False,False,,,,,,,,,2025-12-11 18:11:05.600000+00:00,2025-12-11T18:11:05.600000Z,41.248303,142.81901,28.57,4.5,middle_M1plus21d_to_M3minus35d,True,213.42103715421317,158.9598459895533,False,False,False,False,False,False,False,False,False,False,4.5-4.9,metadata_only,False
169,J2025121314080116,11162,0.01,0.13133843191436229,0.0400000000000027,0.0,0.28267686382872526,J2025121314080116,2025-12-13 05:08:01.160000+00:00,41.19533333333333,143.20616666666666,20.67,3.5,,,,,,,False,False,False,,,,,,,,,2025-12-13 05:08:01.170000+00:00,2025-12-13T05:08:01.170000Z,41.194751,143.204801,20.63,3.5,middle_M1plus21d_to_M3minus35d,False,200.985095766858,150.47330091897203,False,False,False,False,False,False,False,False,False,False,3.5-3.9,metadata_only,False
283,J2026030123091107,18641,0.01,0.12641203245883548,0.0799999999999983,0.0,0.28282406491767054,J2026030123091107,2026-03-01 14:09:11.070000+00:00,38.859,142.10916666666665,43.58,3.7,3.9,98.0,LOW,I,JMAM,129.0,True,True,True,106.0,294.0,187.0,17.0,79.0,19.0,73.0,93.0,2026-03-01 14:09:11.080000+00:00,2026-03-01T14:09:11.080000Z,38.859928,142.11001,43.66,3.7,middle_M1plus21d_to_M3minus35d,False,134.72934841783896,141.52290409514237,False,False,False,False,False,False,False,False,False,False,3.5-3.9,complete_mechanism,False
320,J2026042019302604,21761,0.02,0.10276379795247065,0.23000000000000043,0.0,0.2830275959049414,J2026042019302604,2026-04-20 10:30:26.040000+00:00,39.967666666666666,142.99933333333334,20.88,3.6,,,,,,,False,False,False,,,,,,,,,2026-04-20 10:30:26.020000+00:00,2026-04-20T10:30:26.020000Z,39.967611,143.000537,21.11,3.6,post_M3_context,False,76.37910324967689,19.318496176056865,True,False,True,False,True,False,False,True,True,False,3.5-3.9,metadata_only,True
204,J2025122601174030,14068,0.0,0.13762513960320588,0.04000000000000625,0.0,0.2852502792064133,J2025122601174030,2025-12-25 16:17:40.300000+00:00,41.1675,142.58283333333333,42.41,5.8,5.7,93.0,LOW,I,JMAM,191.0,True,True,True,102.0,293.0,188.0,30.0,85.0,14.0,60.0,93.0,2025-12-25 16:17:40.300000+00:00,2025-12-25T16:17:40.300000Z,41.16674,142.584131,42.45,5.8,middle_M1plus21d_to_M3minus35d,True,211.26460381060525,155.06181011207926,False,False,False,False,False,False,False,False,False,False,>=5.0,complete_mechanism,False
134,J2025121211524296,10217,0.01,0.13117092647040765,0.060000000000002274,0.0,0.2873418529408159,J2025121211524296,2025-12-12 02:52:42.960000+00:00,40.91566666666667,143.054,16.81,3.6,,,,,,,False,False,False,,,,,,,,,2025-12-12 02:52:42.950000+00:00,2025-12-12T02:52:42.950000Z,40.914502,143.054248,16.87,3.6,middle_M1plus21d_to_M3minus35d,False,172.52680920875002,119.5739453526809,False,False,False,False,False,False,False,False,False,False,3.5-3.9,metadata_only,False
243,J2026011807425875,16183,0.01,0.13003271039841882,0.07000000000000028,0.0,0.2875654207968377,J2026011807425875,2026-01-17 22:42:58.750000+00:00,40.8845,142.92666666666668,17.11,3.6,,,,,,,False,False,False,,,,,,,,,2026-01-17 22:42:58.760000+00:00,2026-01-17T22:42:58.760000Z,40.885608,142.926172,17.18,3.6,middle_M1plus21d_to_M3minus35d,False,172.19764616777007,117.68018645792012,False,False,False,False,False,False,False,False,False,False,3.5-3.9,metadata_only,False
93,J2025120907091323,8905,0.03,0.10071916121991059,0.22999999999999687,0.0,0.2889383224398204,J2025120907091323,2025-12-08 22:09:13.230000+00:00,41.01766666666666,142.522,41.62,3.9,,,,,,,False,False,False,,,,,,,,,2025-12-08 22:09:13.260000+00:00,2025-12-08T22:09:13.260000Z,41.018026,142.520898,41.39,3.9,middle_M1plus21d_to_M3minus35d,True,198.24311451357332,141.4170257490313,False,False,False,False,False,False,False,False,False,False,3.5-3.9,metadata_only,False
38,J2025112512175877,7866,0.02,0.12118168057378341,0.12999999999999545,0.0,0.2948633611475657,J2025112512175877,2025-11-25 03:17:58.770000+00:00,38.623333333333335,141.89733333333334,46.62,3.7,,98.0,LOW,I,JMAM,147.0,True,True,True,114.0,310.0,189.0,20.0,71.0,29.0,71.0,97.0,2025-11-25 03:17:58.790000+00:00,2025-11-25T03:17:58.790000Z,38.623816,141.898584,46.49,3.7,M1_related_M1minus14d_to_M1plus21d,False,163.69929988403075,173.4775751127674,False,False,False,False,False,False,False,False,False,False,3.5-3.9,complete_mechanism,False
195,J2025122020250701,13371,0.01,0.11782177657963688,0.21000000000000085,0.0,0.298143553159274,J2025122020250701,2025-12-20 11:25:07.010000+00:00,40.845,142.9145,12.01,3.6,,,,,,,False,False,False,,,,,,,,,2025-12-20 11:25:07+00:00,2025-12-20T11:25:07.000000Z,40.843941,142.914453,12.22,3.6,middle_M1plus21d_to_M3minus35d,True,168.06471141434386,113.29110453884932,False,False,False,False,False,False,False,False,False,False,3.5-3.9,metadata_only,False
206,J2025122601254913,14072,0.0,0.12627464865363044,0.18999999999999773,0.0,0.3000492973072603,J2025122601254913,2025-12-25 16:25:49.130000+00:00,41.18516666666667,142.59683333333334,42.58,4.5,4.4,95.0,LOW,I,JMAM,74.0,True,True,True,123.0,322.0,197.0,21.0,69.0,39.0,70.0,98.0,2025-12-25 16:25:49.130000+00:00,2025-12-25T16:25:49.130000Z,41.18575,142.598128,42.39,4.5,middle_M1plus21d_to_M3minus35d,True,212.79252447370973,156.7083917433997,False,False,False,False,False,False,False,False,False,False,4.5-4.9,complete_mechanism,False
61,J2025120823593570,8533,0.0,0.13648258041674094,0.12999999999999545,0.0,0.30546516083348074,J2025120823593570,2025-12-08 14:59:35.700000+00:00,41.05283333333333,142.47683333333333,40.88,3.5,,,,,,,False,False,False,,,,,,,,,2025-12-08 14:59:35.700000+00:00,2025-12-08T14:59:35.700000Z,41.052474,142.475277,41.01,3.5,middle_M1plus21d_to_M3minus35d,True,203.35020754306825,146.43831763519884,False,False,False,False,False,False,False,False,False,False,3.5-3.9,metadata_only,False
266,J2026021305494205,17814,0.01,0.021282683303678322,1.04,0.0,0.3125653666073567,J2026021305494205,2026-02-12 20:49:42.050000+00:00,40.83266666666667,143.09766666666667,0.0,4.5,4.4,,,,,,False,False,False,,,,,,,,,2026-02-12 20:49:42.040000+00:00,2026-02-12T20:49:42.040000Z,40.832857,143.09764,1.04,4.5,middle_M1plus21d_to_M3minus35d,False,162.8667764037546,110.29307654192196,False,False,False,False,False,False,False,False,False,False,4.5-4.9,metadata_only,False
297,J2026032711163910,20056,0.0,0.16022573915305416,0.00999999999999801,0.0,0.3229514783061078,J2026032711163910,2026-03-27 02:16:39.100000+00:00,39.2465,142.14383333333333,51.51,3.8,,95.0,LOW,I,JMAM,80.0,True,True,True,339.0,100.0,78.0,41.0,103.0,241.0,51.0,79.0,2026-03-27 02:16:39.100000+00:00,2026-03-27T02:16:39.100000Z,39.245117,142.143311,51.5,3.8,preM3_M3minus35d_to_M3,False,118.59082659347273,109.36156007138864,False,False,False,False,False,False,False,False,False,False,3.5-3.9,complete_mechanism,False
289,J2026031603565385,19399,0.01,0.15117644035597635,0.04999999999999716,0.0,0.324852880711952,J2026031603565385,2026-03-15 18:56:53.850000+00:00,41.38916666666667,142.68883333333332,39.5,4.9,4.9,94.0,LOW,I,JMAM,144.0,True,True,True,110.0,290.0,200.0,36.0,90.0,20.0,54.0,90.0,2026-03-15 18:56:53.840000+00:00,2026-03-15T18:56:53.840000Z,41.390287,142.68986,39.45,4.9,middle_M1plus21d_to_M3minus35d,False,231.66043019583464,176.61833352800997,False,False,False,False,False,False,False,False,False,False,4.5-4.9,complete_mechanism,False
74,J2025120901215759,8622,0.01,0.14506716173942188,0.09999999999999787,0.0,0.32513432347884325,J2025120901215759,2025-12-08 16:21:57.590000+00:00,40.989,143.1805,18.17,3.7,,,,,,,False,False,False,,,,,,,,,2025-12-08 16:21:57.600000+00:00,2025-12-08T16:21:57.600000Z,40.987712,143.180225,18.27,3.7,middle_M1plus21d_to_M3minus35d,False,178.49381218131717,127.41253268141152,False,False,False,False,False,False,False,False,False,False,3.5-3.9,metadata_only,False
202,J2025122409181845,13854,0.0,0.15408090240036626,0.0800000000000054,0.0,0.32816180480073387,J2025122409181845,2025-12-24 00:18:18.450000+00:00,41.17966666666667,142.6355,40.12,3.6,,,,,,,False,False,False,,,,,,,,,2025-12-24 00:18:18.450000+00:00,2025-12-24T00:18:18.450000Z,41.17926,142.63374,40.2,3.6,middle_M1plus21d_to_M3minus35d,True,211.0427734595685,155.13614037325777,False,False,False,False,False,False,False,False,False,False,3.5-3.9,metadata_only,False
91,J2025120906524271,8893,0.01,0.13951333687034598,0.16000000000000014,0.0,0.329026673740692,J2025120906524271,2025-12-08 21:52:42.710000+00:00,40.943333333333335,143.301,14.64,6.6,6.5,,,,,,False,False,False,,,,,,,,,2025-12-08 21:52:42.720000+00:00,2025-12-08T21:52:42.720000Z,40.944531,143.300505,14.8,6.6,middle_M1plus21d_to_M3minus35d,False,172.41641610694003,123.19669952664916,False,False,False,False,False,False,False,False,False,False,>=5.0,metadata_only,False
197,J2025122110290170,13466,0.0,0.15374644018340183,0.0899999999999963,0.0,0.32999288036680274,J2025122110290170,2025-12-21 01:29:01.700000+00:00,40.72433333333333,142.25366666666667,51.4,5.6,5.4,93.0,LOW,I,JMAM,235.0,True,True,True,104.0,292.0,189.0,23.0,83.0,16.0,67.0,93.0,2025-12-21 01:29:01.700000+00:00,2025-12-21T01:29:01.700000Z,40.724548,142.255469,51.31,5.6,middle_M1plus21d_to_M3minus35d,True,181.5730826100295,124.41131104523176,False,False,False,False,False,False,False,False,False,False,>=5.0,complete_mechanism,False
28,J2025111516570429,6817,0.02,0.13684550541503315,0.14999999999999858,0.0,0.33119101083006597,J2025111516570429,2025-11-15 07:57:04.290000+00:00,38.64233333333333,141.90533333333337,46.79,3.5,,98.0,LOW,I,JMAM,108.0,True,True,True,117.0,311.0,190.0,17.0,69.0,32.0,74.0,96.0,2025-11-15 07:57:04.270000+00:00,2025-11-15T07:57:04.270000Z,38.641715,141.903971,46.94,3.5,M1_related_M1minus14d_to_M1plus21d,False,162.24376796113515,171.62738389749774,False,False,False,False,False,False,False,False,False,False,3.5-3.9,complete_mechanism,False
253,J2026012609202260,16820,0.0,0.1620015680329339,0.03999999999999915,0.0,0.33400313606586757,J2026012609202260,2026-01-26 00:20:22.600000+00:00,39.680166666666665,142.12683333333334,47.87,4.1,4.1,98.0,LOW,I,JMAM,143.0,True,True,True,100.0,294.0,175.0,19.0,72.0,15.0,72.0,96.0,2026-01-26 00:20:22.600000+00:00,2026-01-26T00:20:22.600000Z,39.681099,142.128288,47.91,4.1,middle_M1plus21d_to_M3minus35d,False,122.2277954608618,89.73235299763606,False,False,False,False,False,False,False,False,False,False,4.0-4.4,complete_mechanism,False
246,J2026012102514124,16334,0.0,0.1651715114031433,0.030000000000001137,0.0,0.33784302280628686,J2026012102514124,2026-01-20 17:51:41.240000+00:00,41.489,142.0205,58.06,5.3,5.4,99.0,LOW,I,JMAM,116.0,True,True,True,116.0,298.0,204.0,17.0,87.0,27.0,73.0,91.0,2026-01-20 17:51:41.240000+00:00,2026-01-20T17:51:41.240000Z,41.490401,142.021159,58.03,5.3,middle_M1plus21d_to_M3minus35d,False,264.06230019373066,206.81452756684888,False,False,False,False,False,False,False,False,False,False,>=5.0,complete_mechanism,False
200,J2025122212220181,13632,0.0,0.04170337912953626,1.0199999999999996,0.0,0.3384067582590724,J2025122212220181,2025-12-22 03:22:01.810000+00:00,40.829,142.97483333333332,10.38,3.7,,,,,,,False,False,False,,,,,,,,,2025-12-22 03:22:01.810000+00:00,2025-12-22T03:22:01.810000Z,40.829321,142.974577,11.4,3.7,middle_M1plus21d_to_M3minus35d,True,165.0412804692696,110.86850568181951,False,False,False,False,False,False,False,False,False,False,3.5-3.9,metadata_only,False
67,J2025120900501705,8592,0.02,0.11677021543717435,0.370000000000001,0.0,0.34604043087434894,J2025120900501705,2025-12-08 15:50:17.050000+00:00,41.026833333333336,142.9275,25.22,3.5,,,,,,,False,False,False,,,,,,,,,2025-12-08 15:50:17.030000+00:00,2025-12-08T15:50:17.030000Z,41.027612,142.928434,25.59,3.5,middle_M1plus21d_to_M3minus35d,True,187.31538688271243,133.24560633802122,False,False,False,False,False,False,False,False,False,False,3.5-3.9,metadata_only,False
214,J2026010202522860,14935,0.0,0.15289590915468967,0.21000000000000085,0.0,0.35829181830937956,J2026010202522860,2026-01-01 17:52:28.600000+00:00,38.70966666666666,142.26516666666666,40.87,3.5,3.7,,,,,,False,False,False,,,,,,,,,2026-01-01 17:52:28.600000+00:00,2026-01-01T17:52:28.600000Z,38.711007,142.26556,41.08,3.5,middle_M1plus21d_to_M3minus35d,False,131.88379390239865,147.31891020679456,False,False,False,False,False,False,False,False,False,False,3.5-3.9,metadata_only,False
324,J2026042302463689,23306,0.01,0.16048211554027295,0.10999999999999943,0.0,0.35846423108054576,J2026042302463689,2026-04-22 17:46:36.890000+00:00,40.05233333333333,142.19833333333332,45.13,4.2,4.2,99.0,LOW,I,JMAM,152.0,True,True,True,112.0,305.0,188.0,18.0,73.0,26.0,72.0,96.0,2026-04-22 17:46:36.880000+00:00,2026-04-22T17:46:36.880000Z,40.053768,142.198128,45.24,4.2,post_M3_context,False,133.34451305635707,85.06295312581003,False,False,False,False,False,False,False,False,False,False,4.0-4.4,complete_mechanism,False
130,J2025121211485618,10211,0.02,0.1631205131904622,0.05999999999999872,0.0,0.3612410263809241,J2025121211485618,2025-12-12 02:48:56.180000+00:00,40.98366666666666,142.99883333333332,18.31,4.1,,,,,,,False,False,False,,,,,,,,,2025-12-12 02:48:56.200000+00:00,2025-12-12T02:48:56.200000Z,40.984493,143.000439,18.25,4.1,middle_M1plus21d_to_M3minus35d,True,181.1481870325942,127.72896353462698,False,False,False,False,False,False,False,False,False,False,4.0-4.4,metadata_only,False
199,J2025122208330138,13611,0.0,0.17525647667821354,0.05000000000000426,0.0,0.36301295335642814,J2025122208330138,2025-12-21 23:33:01.380000+00:00,39.6335,142.1055,48.63,4.2,4.2,98.0,LOW,I,JMAM,138.0,True,True,True,112.0,302.0,190.0,17.0,75.0,26.0,74.0,94.0,2025-12-21 23:33:01.380000+00:00,2025-12-21T23:33:01.380000Z,39.634074,142.107406,48.58,4.2,middle_M1plus21d_to_M3minus35d,False,122.79569020438448,92.6763640058802,False,False,False,False,False,False,False,False,False,False,4.0-4.4,complete_mechanism,False
58,J2025120823333927,8505,0.0,0.17808209570938155,0.02999999999999403,0.0,0.3636641914187616,J2025120823333927,2025-12-08 14:33:39.270000+00:00,40.884,142.58766666666668,41.62,5.9,5.3,,,,,,False,False,False,,,,,,,,,2025-12-08 14:33:39.270000+00:00,2025-12-08T14:33:39.270000Z,40.884871,142.585889,41.59,5.9,middle_M1plus21d_to_M3minus35d,True,182.5294716499716,125.65155079761648,False,False,False,False,False,False,False,False,False,False,>=5.0,metadata_only,False
132,J2025121211505272,10214,0.02,0.09044065607321215,0.6600000000000001,0.0,0.36588131214642433,J2025121211505272,2025-12-12 02:50:52.720000+00:00,40.88433333333333,143.0295,13.91,3.6,,,,,,,False,False,False,,,,,,,,,2025-12-12 02:50:52.740000+00:00,2025-12-12T02:50:52.740000Z,40.8837,143.028825,13.25,3.6,middle_M1plus21d_to_M3minus35d,False,169.69627056601016,116.33967163148148,False,False,False,False,False,False,False,False,False,False,3.5-3.9,metadata_only,False
129,J2025121211475673,10210,0.01,0.15121253678839547,0.23999999999999844,0.0,0.37242507357679056,J2025121211475673,2025-12-12 02:47:56.730000+00:00,40.8925,142.9675,15.91,4.3,,,,,,,False,False,False,,,,,,,,,2025-12-12 02:47:56.720000+00:00,2025-12-12T02:47:56.720000Z,40.891341,142.968441,16.15,4.3,middle_M1plus21d_to_M3minus35d,True,171.81615093052287,117.76979090678422,False,False,False,False,False,False,False,False,False,False,4.0-4.4,metadata_only,False
71,J2025120901081062,8606,0.01,0.17778650592515371,0.04999999999999716,0.0,0.37807301185030673,J2025120901081062,2025-12-08 16:08:10.620000+00:00,40.98016666666667,142.113,55.77,3.7,,96.0,LOW,I,JMAM,80.0,True,True,True,119.0,309.0,201.0,21.0,80.0,32.0,69.0,94.0,2025-12-08 16:08:10.630000+00:00,2025-12-08T16:08:10.630000Z,40.980965,142.111165,55.82,3.7,middle_M1plus21d_to_M3minus35d,True,211.84914700541125,154.5278782535765,False,False,False,False,False,False,False,False,False,False,3.5-3.9,complete_mechanism,False
205,J2025122601194948,14069,0.01,0.17279188820623637,0.0899999999999963,0.0,0.3780837764124718,J2025122601194948,2025-12-25 16:19:49.480000+00:00,41.1875,142.56933333333333,41.32,4.3,,,,,,,False,False,False,,,,,,,,,2025-12-25 16:19:49.470000+00:00,2025-12-25T16:19:49.470000Z,41.188826,142.57041,41.41,4.3,middle_M1plus21d_to_M3minus35d,True,213.97198906354583,157.7548569982559,False,False,False,False,False,False,False,False,False,False,4.0-4.4,metadata_only,False
4,J2025100423151668,3670,0.0,0.1842474925274006,0.05000000000000426,0.0,0.3809949850548023,J2025100423151668,2025-10-04 14:15:16.680000+00:00,39.65383333333333,142.26833333333337,32.97,4.4,4.6,,,,,,False,False,False,,,,,,,,,2025-10-04 14:15:16.680000+00:00,2025-10-04T14:15:16.680000Z,39.655359,142.269173,33.02,4.4,baseline_to_M1_minus14d,False,109.83599777077016,78.68865224844058,False,False,False,False,False,False,False,False,False,False,4.0-4.4,metadata_only,False
103,J2025120914482455,9206,0.01,0.1823089934483849,0.07000000000000028,0.0,0.39211798689676985,J2025120914482455,2025-12-09 05:48:24.550000+00:00,40.8495,143.00383333333335,20.5,3.7,,,,,,,False,False,False,,,,,,,,,2025-12-09 05:48:24.540000+00:00,2025-12-09T05:48:24.540000Z,40.84788,143.004167,20.57,3.7,middle_M1plus21d_to_M3minus35d,False,166.3609159880125,112.5961513830012,False,False,False,False,False,False,False,False,False,False,3.5-3.9,metadata_only,False
201,J2025122305034928,13719,0.0,0.19985042600879943,0.020000000000003126,0.0,0.40470085201759964,J2025122305034928,2025-12-22 20:03:49.280000+00:00,42.325833333333335,143.016,52.27,3.9,,98.0,LOW,I,JMAM,106.0,True,True,True,130.0,262.0,239.0,34.0,116.0,28.0,60.0,74.0,2025-12-22 20:03:49.280000+00:00,2025-12-22T20:03:49.280000Z,42.325041,143.013818,52.25,3.9,middle_M1plus21d_to_M3minus35d,False,327.6607829736717,276.3621036327394,False,False,False,False,False,False,False,False,False,False,3.5-3.9,complete_mechanism,False
81,J2025120904011085,8758,0.01,0.1924586037238349,0.03999999999999915,0.0,0.40491720744766957,J2025120904011085,2025-12-08 19:01:10.850000+00:00,40.94016666666667,143.195,17.51,4.8,,,,,,,False,False,False,,,,,,,,,2025-12-08 19:01:10.840000+00:00,2025-12-08T19:01:10.840000Z,40.941707,143.196045,17.55,4.8,middle_M1plus21d_to_M3minus35d,False,173.23380730705586,122.326535928425,False,False,False,False,False,False,False,False,False,False,4.5-4.9,metadata_only,False
229,J2026010919255106,15659,0.01,0.19887954284824574,0.01999999999999602,0.0,0.4127590856964905,J2026010919255106,2026-01-09 10:25:51.060000+00:00,38.865,142.03883333333334,45.94,3.4,,,,,,,False,False,False,,,,,,,,,2026-01-09 10:25:51.070000+00:00,2026-01-09T10:25:51.070000Z,38.865369,142.041081,45.92,3.4,middle_M1plus21d_to_M3minus35d,False,139.80796104955613,144.90822691068308,False,False,False,False,False,False,False,False,False,False,3.0-3.4,metadata_only,False
268,J2026021605271671,17999,0.03,0.077370905701629,0.93,0.0,0.417241811403258,J2026021605271671,2026-02-15 20:27:16.710000+00:00,40.83233333333333,143.097,0.0,3.5,,,,,,,False,False,False,,,,,,,,,2026-02-15 20:27:16.680000+00:00,2026-02-15T20:27:16.680000Z,40.832214,143.096094,0.93,3.5,middle_M1plus21d_to_M3minus35d,False,162.82512186443864,110.22771239551066,False,False,False,False,False,False,False,False,False,False,3.5-3.9,metadata_only,False
192,J2025121917355737,13164,0.0,0.1242101384345034,0.6799999999999997,0.0,0.41842027686900674,J2025121917355737,2025-12-19 08:35:57.370000+00:00,40.86516666666667,143.04283333333333,13.49,3.8,,,,,,,False,False,False,,,,,,,,,2025-12-19 08:35:57.370000+00:00,2025-12-19T08:35:57.370000Z,40.864254,143.043685,12.81,3.8,middle_M1plus21d_to_M3minus35d,False,167.2972617174826,114.07426698223526,False,False,False,False,False,False,False,False,False,False,3.5-3.9,metadata_only,False
140,J2025121212145056,10246,0.01,0.19024806453479653,0.13000000000000078,0.0,0.4229961290695933,J2025121212145056,2025-12-12 03:14:50.560000+00:00,40.9125,143.02783333333332,15.34,4.0,,,,,,,False,False,False,,,,,,,,,2025-12-12 03:14:50.550000+00:00,2025-12-12T03:14:50.550000Z,40.913749,143.026286,15.47,4.0,middle_M1plus21d_to_M3minus35d,False,172.9908467719431,119.68626793021022,False,False,False,False,False,False,False,False,False,False,4.0-4.4,metadata_only,False
154,J2025121216554150,10466,0.0,0.20659183748677432,0.03999999999999915,0.0,0.4231836749735484,J2025121216554150,2025-12-12 07:55:41.500000+00:00,41.17816666666667,142.53766666666667,44.73,4.1,4.3,92.0,LOW,I,JMAM,118.0,True,True,True,109.0,282.0,205.0,20.0,98.0,17.0,70.0,87.0,2025-12-12 07:55:41.500000+00:00,2025-12-12T07:55:41.500000Z,41.178528,142.540088,44.69,4.1,middle_M1plus21d_to_M3minus35d,True,213.88404628881045,157.49948631663273,False,False,False,False,False,False,False,False,False,False,4.0-4.4,complete_mechanism,False
122,J2025121207091989,10164,0.01,0.16256325106437622,0.39000000000000057,0.0,0.4326265021287526,J2025121207091989,2025-12-11 22:09:19.890000+00:00,40.999833333333335,143.16733333333335,15.66,5.0,5.1,,,,,,False,False,False,,,,,,,,,2025-12-11 22:09:19.880000+00:00,2025-12-11T22:09:19.880000Z,41.001294,143.167415,16.05,5.0,middle_M1plus21d_to_M3minus35d,False,180.156334709268,128.9106259048361,False,False,False,False,False,False,False,False,False,False,>=5.0,metadata_only,False
215,J2026010214105108,14991,0.02,0.13841317416580498,0.5600000000000023,0.0,0.43682634833161055,J2026010214105108,2026-01-02 05:10:51.080000+00:00,40.87166666666667,142.89816666666667,21.26,3.7,,,,,,,False,False,False,,,,,,,,,2026-01-02 05:10:51.100000+00:00,2026-01-02T05:10:51.100000Z,40.872384,142.899512,20.7,3.7,middle_M1plus21d_to_M3minus35d,False,171.45966104581834,116.6321284727353,False,False,False,False,False,False,False,False,False,False,3.5-3.9,metadata_only,False
136,J2025121212001708,10228,0.0,0.1906071968728088,0.29999999999999716,0.0,0.4562143937456169,J2025121212001708,2025-12-12 03:00:17.080000+00:00,40.9565,143.07966666666667,18.06,3.5,,,,,,,False,False,False,,,,,,,,,2025-12-12 03:00:17.080000+00:00,2025-12-12T03:00:17.080000Z,40.956323,143.077409,17.76,3.5,middle_M1plus21d_to_M3minus35d,False,176.64348778448456,124.09021209042405,False,False,False,False,False,False,False,False,False,False,3.5-3.9,metadata_only,False
57,J2025120823322807,8503,0.01,0.1745414397446011,0.41000000000000014,0.0,0.46158287948920224,J2025120823322807,2025-12-08 14:32:28.070000+00:00,40.90083333333333,143.1605,10.96,3.5,,,,,,,False,False,False,,,,,,,,,2025-12-08 14:32:28.080000+00:00,2025-12-08T14:32:28.080000Z,40.90107,143.158447,10.55,3.5,middle_M1plus21d_to_M3minus35d,False,169.30041198723828,117.76327475527934,False,False,False,False,False,False,False,False,False,False,3.5-3.9,metadata_only,False
210,J2025123108513581,14656,0.01,0.2238039755516844,0.019999999999999574,0.0,0.4626079511033687,J2025123108513581,2025-12-30 23:51:35.810000+00:00,39.45466666666667,142.58783333333332,30.55,4.6,4.6,,,,,,False,False,False,,,,,,,,,2025-12-30 23:51:35.820000+00:00,2025-12-30T23:51:35.820000Z,39.453748,142.585514,30.53,4.6,middle_M1plus21d_to_M3minus35d,False,79.35470430888273,65.25216708194884,False,False,False,False,False,False,False,False,False,False,4.5-4.9,metadata_only,False
294,J2026032212320288,19681,0.01,0.09679267748833238,1.04,0.0,0.46358535497666475,J2026032212320288,2026-03-22 03:32:02.880000+00:00,42.11566666666667,143.70183333333333,0.0,3.6,,,,,,,False,False,False,,,,,,,,,2026-03-22 03:32:02.870000+00:00,2026-03-22T03:32:02.870000Z,42.115491,143.700684,1.04,3.6,preM3_M3minus35d_to_M3,False,302.1668459610259,256.88585431750136,False,False,False,False,False,False,False,False,False,False,3.5-3.9,metadata_only,False
115,J2025121023522419,9853,0.0,0.22540356192433003,0.09000000000000341,0.0,0.4733071238486609,J2025121023522419,2025-12-10 14:52:24.190000+00:00,40.8365,142.7565,36.13,6.0,5.8,94.0,LOW,I,JMAM,219.0,True,True,True,113.0,339.0,183.0,33.0,62.0,35.0,61.0,106.0,2025-12-10 14:52:24.190000+00:00,2025-12-10T14:52:24.190000Z,40.834473,142.756527,36.04,6.0,middle_M1plus21d_to_M3minus35d,True,171.5894186522266,115.45952560402768,False,False,False,False,False,False,False,False,False,False,>=5.0,complete_mechanism,False
49,J2025120823151018,8483,0.0,0.23423462971739356,0.03999999999999915,0.0,0.4784692594347869,J2025120823151018,2025-12-08 14:15:10.180000+00:00,40.967666666666666,142.28816666666663,53.5,7.5,7.4,94.0,LOW,I,JMAM,310.0,True,True,True,108.0,298.0,188.0,19.0,77.0,21.0,72.0,94.0,2025-12-08 14:15:10.180000+00:00,2025-12-08T14:15:10.180000Z,40.966239,142.290218,53.46,7.5,middle_M1plus21d_to_M3minus35d,True,202.32590919519595,144.96031519579014,False,False,False,False,False,False,False,False,False,False,>=5.0,complete_mechanism,False
292,J2026031813334497,19512,0.01,0.22124191524947112,0.1599999999999966,0.0,0.4924838304989414,J2026031813334497,2026-03-18 04:33:44.970000+00:00,41.18483333333333,142.5775,42.81,3.9,3.9,,,,,,False,False,False,,,,,,,,,2026-03-18 04:33:44.980000+00:00,2026-03-18T04:33:44.980000Z,41.18291,142.576823,42.97,3.9,preM3_M3minus35d_to_M3,False,213.1607643282692,156.9609772696021,False,False,False,False,False,False,False,False,False,False,3.5-3.9,metadata_only,False
160,J2025121221242487,10680,0.01,0.2429069031374632,0.05000000000000071,0.0,0.5083138062749266,J2025121221242487,2025-12-12 12:24:24.870000+00:00,40.97516666666667,143.129,21.43,3.8,,,,,,,False,False,False,,,,,,,,,2025-12-12 12:24:24.880000+00:00,2025-12-12T12:24:24.880000Z,40.976949,143.127327,21.38,3.8,middle_M1plus21d_to_M3minus35d,False,178.0705940313128,126.2255727967371,False,False,False,False,False,False,False,False,False,False,3.5-3.9,metadata_only,False
33,J2025111812033664,7131,0.01,0.22092606955810248,0.28999999999999915,0.0,0.5243521391162047,J2025111812033664,2025-11-18 03:03:36.640000+00:00,38.538,141.73033333333333,52.82,3.6,,96.0,LOW,I,JMAM,115.0,True,True,True,96.0,286.0,182.0,28.0,84.0,8.0,62.0,93.0,2025-11-18 03:03:36.650000+00:00,2025-11-18T03:03:36.650000Z,38.538619,141.732747,52.53,3.6,M1_related_M1minus14d_to_M1plus21d,False,180.94706653845196,189.91712436931888,False,False,False,False,False,False,False,False,False,False,3.5-3.9,complete_mechanism,False
106,J2025120918200217,9316,0.02,0.21819795214163393,0.33999999999999986,0.0,0.5413959042832679,J2025120918200217,2025-12-09 09:20:02.170000+00:00,41.20933333333333,143.04916666666668,28.22,4.4,4.3,,,,,,False,False,False,,,,,,,,,2025-12-09 09:20:02.190000+00:00,2025-12-09T09:20:02.190000Z,41.211186,143.048307,27.88,4.4,middle_M1plus21d_to_M3minus35d,False,204.89695684677204,152.5234103815236,False,False,False,False,False,False,False,False,False,False,4.0-4.4,metadata_only,False
76,J2025120902124411,8671,0.01,0.26044812207207146,0.0799999999999983,0.0,0.5508962441441425,J2025120902124411,2025-12-08 17:12:44.110000+00:00,41.06433333333333,142.9375,26.04,4.1,4.2,,,,,,False,False,False,,,,,,,,,2025-12-08 17:12:44.120000+00:00,2025-12-08T17:12:44.120000Z,41.062004,142.937826,25.96,4.1,middle_M1plus21d_to_M3minus35d,True,190.80172266976555,136.9198405298888,False,False,False,False,False,False,False,False,False,False,4.0-4.4,metadata_only,False
30,J2025111806243123,7092,0.01,0.2678196623933239,0.07000000000000739,0.0,0.5631393247866496,J2025111806243123,2025-11-17 21:24:31.230000+00:00,38.6175,141.445,73.98,3.5,,100.0,LOW,I,JMAM,130.0,True,True,True,286.0,175.0,326.0,43.0,11.0,228.0,83.0,133.0,2025-11-17 21:24:31.240000+00:00,2025-11-17T21:24:31.240000Z,38.617383,141.448079,73.91,3.5,M1_related_M1minus14d_to_M1plus21d,False,198.13168109586977,200.5141656519421,False,False,False,False,False,False,False,False,False,False,3.5-3.9,complete_mechanism,False
52,J2025120823225346,8487,0.02,0.2826365594896628,0.3000000000000007,0.0,0.6602731189793258,J2025120823225346,2025-12-08 14:22:53.460000+00:00,41.16616666666667,143.25483333333332,11.43,3.9,,,,,,,False,False,False,,,,,,,,,2025-12-08 14:22:53.480000+00:00,2025-12-08T14:22:53.480000Z,41.167216,143.251758,11.73,3.9,middle_M1plus21d_to_M3minus35d,False,197.4732288712069,147.5748910108147,False,False,False,False,False,False,False,False,False,False,3.5-3.9,metadata_only,False
54,J2025120823254773,8493,0.01,0.31964906291836614,0.120000000000001,0.0,0.6792981258367325,J2025120823254773,2025-12-08 14:25:47.730000+00:00,41.0665,143.09533333333334,26.82,3.6,,,,,,,False,False,False,,,,,,,,,2025-12-08 14:25:47.740000+00:00,2025-12-08T14:25:47.740000Z,41.065572,143.098942,26.7,3.6,middle_M1plus21d_to_M3minus35d,False,188.1953505597784,136.14364179815686,False,False,False,False,False,False,False,False,False,False,3.5-3.9,metadata_only,False
114,J2025121023012950,9844,0.01,0.3537866588341544,0.00999999999999801,0.0,0.7200733176683083,J2025121023012950,2025-12-10 14:01:29.500000+00:00,41.25266666666667,142.39233333333334,48.41,4.2,4.2,96.0,LOW,I,JMAM,139.0,True,True,True,116.0,322.0,186.0,23.0,63.0,34.0,70.0,101.0,2025-12-10 14:01:29.490000+00:00,2025-12-10T14:01:29.490000Z,41.255436,142.394417,48.4,4.2,middle_M1plus21d_to_M3minus35d,True,226.641646063058,169.85943753819512,False,False,False,False,False,False,False,False,False,False,4.0-4.4,complete_mechanism,False
100,J2025120909182715,9006,0.01,0.35052601380778403,0.04999999999999716,0.0,0.7235520276155674,J2025120909182715,2025-12-09 00:18:27.150000+00:00,41.15616666666666,142.25633333333334,52.22,4.4,4.6,95.0,LOW,I,JMAM,148.0,True,True,True,109.0,310.0,185.0,24.0,71.0,25.0,67.0,98.0,2025-12-09 00:18:27.140000+00:00,2025-12-09T00:18:27.140000Z,41.157605,142.260059,52.17,4.4,middle_M1plus21d_to_M3minus35d,True,222.02419180207656,164.77601227054336,False,False,False,False,False,False,False,False,False,False,4.0-4.4,complete_mechanism,False
26,J2025111408052175,6624,0.01,0.3592119187050352,0.020000000000010232,0.0,0.733423837410073,J2025111408052175,2025-11-13 23:05:21.750000+00:00,39.614333333333335,141.35966666666667,84.99,3.7,,98.0,LOW,I,JMAM,175.0,True,True,True,273.0,180.0,315.0,70.0,-9.0,48.0,82.0,-160.0,2025-11-13 23:05:21.760000+00:00,2025-11-13T23:05:21.760000Z,39.614091,141.355485,85.01,3.7,M1_related_M1minus14d_to_M1plus21d,False,186.0760404242494,156.13049358018006,False,False,False,False,False,False,False,False,False,False,3.5-3.9,complete_mechanism,False
298,J2026032802191210,20163,0.0,0.4698464570711511,0.010000000000001563,0.0,0.9421929141423026,J2026032802191210,2026-03-27 17:19:12.100000+00:00,40.975,142.78583333333333,23.59,4.2,4.1,,,,,,False,False,False,,,,,,,,,2026-03-27 17:19:12.100000+00:00,2026-03-27T17:19:12.100000Z,40.97922,142.786117,23.6,4.2,preM3_M3minus35d_to_M3,False,185.75922998740927,130.29317515374652,False,False,False,False,False,False,False,False,False,False,4.0-4.4,metadata_only,False
142,J2025121212234171,10258,0.0,0.30483845870304066,1.8100000000000005,0.0,1.0621769174060813,J2025121212234171,2025-12-12 03:23:41.710000+00:00,40.80083333333333,143.02233333333334,11.0,4.0,,,,,,,False,False,False,,,,,,,,,2025-12-12 03:23:41.710000+00:00,2025-12-12T03:23:41.710000Z,40.799662,143.019059,9.19,4.0,middle_M1plus21d_to_M3minus35d,False,160.8579493225294,107.12732898912203,False,False,False,False,False,False,False,False,False,False,4.0-4.4,metadata_only,False
12,J2025101517502029,3938,0.0,1.2851140253531006,0.030000000000001137,0.0,2.5777280507062015,J2025101517502029,2025-10-15 08:50:20.290000+00:00,38.532833333333336,141.41583333333332,71.83,3.9,4.0,94.0,LOW,I,JMAM,212.0,True,True,True,255.0,62.0,126.0,12.0,-120.0,337.0,79.0,-84.0,2025-10-15 08:50:20.290000+00:00,2025-10-15T08:50:20.290000Z,38.531966,141.430566,71.8,3.9,baseline_to_M1_minus14d,False,203.9186040680353,208.220205579134,False,False,False,False,False,False,False,False,False,False,3.5-3.9,complete_mechanism,False
