datetime,lat,lon,dep,mag,event_id,relative_days,relative_hours,epicentral_distance_km,east_km,north_km,within_60km,within_80km,within_100km,within_150km,is_reference_mainshock,phase_label,window,radius_km,along_km,across_km
2025-11-07 08:07:59.880000+00:00,39.431368,143.484131,15.5,2.9,cat_004567,-1.996983333333333,-47.9276,3.6505205681360136,-1.8511202341262571,3.146371644334149,True,True,True,True,False,foreshock_final2d,foreshock_final2d,60.0,0.8275284371387335,3.7418926597682423
2025-11-07 08:38:48.820000+00:00,39.367342,143.58763,14.06,2.8,cat_004570,-1.975583564814815,-47.41400555555556,8.086290535828768,7.042969244271751,-3.972994729010187,True,True,True,True,False,foreshock_final2d,foreshock_final2d,60.0,9.392843642932833,-3.769803595609008
2025-11-07 14:06:02.040000+00:00,39.390312,143.58667,8.46,1.9,cat_004571,-1.7483472222222223,-41.96033333333334,7.1024816513371345,6.959319068907044,-1.418847263984581,True,True,True,True,False,foreshock_final2d,foreshock_final2d,60.0,9.424008347991586,-1.2144767307844948
2025-11-07 14:16:30.970000+00:00,39.397636,143.587467,7.82,1.7,cat_004572,-1.7410679398148148,-41.78563055555556,7.0533824376947285,7.027434859523406,-0.6044556212401665,True,True,True,True,False,foreshock_final2d,foreshock_final2d,60.0,9.528637263898942,-0.40396683037655423
2025-11-07 14:16:56.970000+00:00,39.388924,143.577002,10.29,2.2,cat_004573,-1.7407670138888887,-41.77840833333333,6.3273200288732605,6.128626897391507,-1.5731858221670745,True,True,True,True,False,foreshock_final2d,foreshock_final2d,60.0,8.587221884759149,-1.3313454148277286
2025-11-07 14:22:07.840000+00:00,39.394922,143.57819,9.21,1.9,cat_004574,-1.7371689814814815,-41.692055555555555,6.2960052489857175,6.230442671732123,-0.9062386521532143,True,True,True,True,False,foreshock_final2d,foreshock_final2d,60.0,8.71889366987554,-0.6696449384047938
2025-11-07 15:52:46.340000+00:00,39.365279,143.448193,13.71,3.0,cat_004575,-1.6742233796296295,-40.18136111111111,6.486136414326794,-4.940636449510814,-4.202389862677879,True,True,True,True,False,foreshock_final2d,foreshock_final2d,60.0,-2.5889703021592925,-3.460672334484903
2025-11-07 16:26:29.910000+00:00,39.366158,143.448975,13.73,3.2,cat_004577,-1.6508024305555553,-39.61925833333333,6.371667883851145,-4.87339790961455,-4.104649522157574,True,True,True,True,False,foreshock_final2d,foreshock_final2d,60.0,-2.517409206520447,-3.366050957389795
2025-11-07 16:44:02+00:00,39.365857,143.445622,12.2,1.8,cat_004579,-1.6386254629629629,-39.327011111111105,6.615579542797081,-5.1615759247530715,-4.138119195077623,True,True,True,True,False,foreshock_final2d,foreshock_final2d,60.0,-2.8067997739053205,-3.3865420999449176
2025-11-07 17:49:40.980000+00:00,39.394694,143.58138,7.9,1.5,cat_004580,-1.5930354166666667,-38.23285,6.570927990054138,6.504554972390604,-0.9315910954281621,True,True,True,True,False,foreshock_final2d,foreshock_final2d,60.0,8.991590473772566,-0.7072847165210618
2025-11-07 18:41:53.840000+00:00,39.383455,143.583805,10.12,1.5,cat_004581,-1.5567754629629629,-37.36261111111111,7.058946373412517,6.71346489591182,-2.181310875986728,True,True,True,True,False,foreshock_final2d,foreshock_final2d,60.0,9.144153024618554,-1.965127136756743
2025-11-07 19:15:07.720000+00:00,39.389128,143.576644,14.28,2.8,cat_004582,-1.533698148148148,-36.80875555555555,6.291891187192856,6.097855405957916,-1.550502057131969,True,True,True,True,False,foreshock_final2d,foreshock_final2d,60.0,8.557500391671319,-1.3073023133255215
2025-11-07 19:28:15.240000+00:00,39.394145,143.581348,9.35,1.8,cat_004583,-1.5245833333333334,-36.59,6.5771674241801685,6.50183094421281,-0.9926371101559656,True,True,True,True,False,foreshock_final2d,foreshock_final2d,60.0,8.986127052612462,-0.7681467512626636
2025-11-07 20:13:27.800000+00:00,39.396476,143.582048,8.69,1.6,cat_004584,-1.493187962962963,-35.83651111111111,6.60273150465393,6.561869341448055,-0.7334417361477121,True,True,True,True,False,foreshock_final2d,foreshock_final2d,60.0,9.057747715892067,-0.511909884982175
2025-11-07 20:44:49.480000+00:00,39.416801,143.526042,10.23,1.1,cat_004585,-1.4714092592592591,-35.31382222222222,2.3217816882234232,1.7493363082750737,1.5265951479029114,True,True,True,True,False,foreshock_final2d,foreshock_final2d,60.0,4.351591569340922,1.9620212452090606
2025-11-07 20:53:45+00:00,39.35815,143.443555,13.39,3.9,cat_004586,-1.4652111111111112,-35.16506666666667,7.311732139607754,-5.339515281968436,-4.995098494726832,True,True,True,True,False,foreshock_final2d,foreshock_final2d,60.0,-3.023054409266234,-4.234663475432168
2025-11-07 20:58:53.340000+00:00,39.346981,143.43693,12.73,1.1,cat_004587,-1.4616423611111111,-35.07941666666667,8.591944897118287,-5.909393052127369,-6.237034630420179,True,True,True,True,False,foreshock_final2d,foreshock_final2d,60.0,-3.6481438237625494,-5.449747530938985
2025-11-07 21:05:19.560000+00:00,39.371993,143.447266,11.94,1.9,cat_004589,-1.457172222222222,-34.97213333333333,6.094570309188151,-5.020064629162683,-3.4558271251860524,True,True,True,True,False,foreshock_final2d,foreshock_final2d,60.0,-2.6347832536650917,-2.7112953064086307
2025-11-07 21:06:33.720000+00:00,39.369141,143.447803,13.41,2.7,cat_004590,-1.456313888888889,-34.95153333333333,6.243078566976226,-4.97401680448636,-3.7729550559768112,True,True,True,True,False,foreshock_final2d,foreshock_final2d,60.0,-2.6030270646335567,-3.0301715694061184
2025-11-07 21:13:16.240000+00:00,39.358944,143.447493,12.13,1.7,cat_004591,-1.4516550925925926,-34.83972222222222,7.006212737157724,-5.001023881317667,-4.906809722971156,True,True,True,True,False,foreshock_final2d,foreshock_final2d,60.0,-2.680938807660264,-4.161668608006913
2025-11-07 21:19:15.600000+00:00,39.386373,143.580078,8.82,1.9,cat_004592,-1.4474958333333334,-34.739900000000006,6.6572591903646305,6.393061330689638,-1.8568440800377848,True,True,True,True,False,foreshock_final2d,foreshock_final2d,60.0,8.83864768070445,-1.626595556072778
2025-11-07 21:29:36.440000+00:00,39.360449,143.451742,13.43,2.9,cat_004593,-1.4403101851851852,-34.56744444444445,6.629704093353758,-4.635783216611606,-4.739461358370912,True,True,True,True,False,foreshock_final2d,foreshock_final2d,60.0,-2.3085496427862977,-4.010895506381421
2025-11-07 21:39:27.980000+00:00,39.389893,143.581901,10.52,1.9,cat_004594,-1.4334636574074073,-34.403127777777776,6.711488481539223,6.549547496369533,-1.4654379382487441,True,True,True,True,False,foreshock_final2d,foreshock_final2d,60.0,9.012557571472257,-1.242613736486867
2025-11-07 21:50:17.760000+00:00,39.362752,143.448438,12.88,2.1,cat_004595,-1.4259430555555554,-34.222633333333334,6.656112517029235,-4.919669342975279,-4.483379442308746,True,True,True,True,False,foreshock_final2d,foreshock_final2d,60.0,-2.580646206856628,-3.7423201160401574
2025-11-07 22:11:39.640000+00:00,39.358712,143.451611,11.94,1.6,cat_004596,-1.4111064814814815,-33.86655555555556,6.776883213866762,-4.647100032879591,-4.932606945953139,True,True,True,True,False,foreshock_final2d,foreshock_final2d,60.0,-2.328530995339618,-4.203337793530236
2025-11-07 22:23:14.200000+00:00,39.39283,143.583285,9.23,1.5,cat_004597,-1.4030675925925926,-33.67362222222222,6.76488338461591,6.668332007385695,-1.1388584386941478,True,True,True,True,False,foreshock_final2d,foreshock_final2d,60.0,9.145891897271847,-0.9216995935292087
2025-11-08 00:03:46.470000+00:00,39.390869,143.570915,10.04,1.9,cat_004600,-1.3332496527777777,-31.997991666666664,5.767393437718849,5.605499037368951,-1.356911689843497,True,True,True,True,False,foreshock_final2d,foreshock_final2d,60.0,8.074336936156731,-1.091791062454012
2025-11-08 00:09:52.930000+00:00,39.399495,143.586182,6.43,1.5,cat_004601,-1.3290082175925926,-31.89619722222222,6.9283569095557125,6.91693083627767,-0.3977442526075801,True,True,True,True,False,foreshock_final2d,foreshock_final2d,60.0,9.42753010546372,-0.19250035173607027
2025-11-08 00:17:39.500000+00:00,39.388359,143.581885,9.17,1.9,cat_004603,-1.323608101851852,-31.766594444444447,6.749521197854795,6.548244635906174,-1.6360109557214395,True,True,True,True,False,foreshock_final2d,foreshock_final2d,60.0,9.003594010261958,-1.4129560574337081
2025-11-08 00:20:33.420000+00:00,39.36025,143.446712,11.33,1.2,cat_004604,-1.321595138888889,-31.718283333333332,6.954018888550849,-5.068101420247827,-4.7615891487734086,True,True,True,True,False,foreshock_final2d,foreshock_final2d,60.0,-2.7414254373444726,-4.013581542303335
2025-11-08 00:22:55.490000+00:00,39.358911,143.461719,12.05,1.6,cat_004605,-1.3199508101851851,-31.678819444444443,6.19585582654879,-3.778336446574716,-4.910479155550643,True,True,True,True,False,foreshock_final2d,foreshock_final2d,60.0,-1.45965035732624,-4.220256566620205
2025-11-08 00:37:25.980000+00:00,39.356173,143.460059,12.16,1.6,cat_004606,-1.3098756944444443,-31.437016666666665,6.524600946144574,-3.9210861382174422,-5.214930864703533,True,True,True,True,False,foreshock_final2d,foreshock_final2d,60.0,-1.6159317095361962,-4.517988756048283
2025-11-08 00:39:37.100000+00:00,39.357324,143.459896,12.67,1.7,cat_004607,-1.3083581018518518,-31.400594444444444,6.431309023510745,-3.9350634062248324,-5.086945504135632,True,True,True,True,False,foreshock_final2d,foreshock_final2d,60.0,-1.6241458599009504,-4.389504732627349
2025-11-08 00:47:52.500000+00:00,39.374227,143.447217,12.49,1.6,cat_004608,-1.3026243055555555,-31.26298333333333,5.960709969089169,-5.024195237976269,-3.2074176590627426,True,True,True,True,False,foreshock_final2d,foreshock_final2d,60.0,-2.627751320660821,-2.4629510358746356
2025-11-08 01:13:29.880000+00:00,39.369393,143.446126,13.89,4.8,cat_004611,-1.2848305555555555,-30.83593333333333,6.3419075070115465,-5.118130897412845,-3.744933934462021,True,True,True,True,False,foreshock_final2d,foreshock_final2d,60.0,-2.7457370032968123,-2.9957052316589734
2025-11-08 01:18:04.250000+00:00,39.360339,143.451351,11.96,2.2,cat_004612,-1.281654976851852,-30.759719444444446,6.661966846027117,-4.669391984037767,-4.751692800301746,True,True,True,True,False,foreshock_final2d,foreshock_final2d,60.0,-2.3426739136682424,-4.021604920762644
2025-11-08 01:18:30.480000+00:00,39.372111,143.455745,13.12,3.8,cat_004613,-1.2813513888888888,-30.75243333333333,5.501651788367073,-4.291380753214039,-3.442706123842728,True,True,True,True,False,foreshock_final2d,foreshock_final2d,60.0,-1.906245510769328,-2.730919498624779
2025-11-08 01:22:55.300000+00:00,39.382532,143.447445,11.8,1.5,cat_004614,-1.2782863425925926,-30.67887222222222,5.50085916154633,-5.004303542293008,-2.283943793279681,True,True,True,True,False,foreshock_final2d,foreshock_final2d,60.0,-2.5663979291669077,-1.5413028265812727
2025-11-08 01:25:30.790000+00:00,39.360531,143.443376,11.92,1.8,cat_004615,-1.2764866898148148,-30.635680555555556,7.144936583524146,-5.35480862969043,-4.730343374386166,True,True,True,True,False,foreshock_final2d,foreshock_final2d,60.0,-3.0264397128320613,-3.9694886275470154
2025-11-08 01:26:11.510000+00:00,39.399642,143.434375,6.62,1.8,cat_004616,-1.2760153935185186,-30.624369444444447,6.1385551638328915,-6.126695405714664,-0.3813985983910142,True,True,True,True,False,foreshock_final2d,foreshock_final2d,60.0,-3.6021959269830313,0.40973900315718836
2025-11-08 01:27:02.620000+00:00,39.401908,143.57832,6.18,2.0,cat_004617,-1.2754238425925926,-30.61017222222222,6.2426421431352646,6.241300399527967,-0.129430894614581,True,True,True,True,False,foreshock_final2d,foreshock_final2d,60.0,8.764634077326605,0.10589100373541388
2025-11-08 01:31:01.630000+00:00,39.376274,143.447949,10.08,1.7,cat_004618,-1.272657523148148,-30.543780555555553,5.78730318358252,-4.961215828267832,-2.9798016442208217,True,True,True,True,False,foreshock_final2d,foreshock_final2d,60.0,-2.5546111353421828,-2.2383937613291516
2025-11-08 01:31:24.580000+00:00,39.381702,143.444206,12.36,2.0,cat_004619,-1.2723918981481481,-30.537405555555555,5.792504955036939,-5.282671688385362,-2.376235582394726,True,True,True,True,False,foreshock_final2d,foreshock_final2d,60.0,-2.8486307760484464,-1.620997363646818
2025-11-08 01:40:28.630000+00:00,39.39034,143.460758,13.0,1.4,cat_004620,-1.2660950231481483,-30.386280555555558,4.111494235636072,-3.860062581482644,-1.4157338060384934,True,True,True,True,False,foreshock_final2d,foreshock_final2d,60.0,-1.384312581349389,-0.7253676644411033
2025-11-08 01:43:12.380000+00:00,39.370239,143.454704,10.43,1.8,cat_004621,-1.2641997685185185,-30.34079444444444,5.702727789389986,-4.3809023612108575,-3.6508630265212045,True,True,True,True,False,foreshock_final2d,foreshock_final2d,60.0,-2.0050270140548334,-2.934845046410456
2025-11-08 01:47:57.570000+00:00,39.378031,143.452458,12.46,2.1,cat_004622,-1.2608989583333332,-30.261574999999997,5.3545786048114765,-4.573669337003059,-2.7844321581065783,True,True,True,True,False,foreshock_final2d,foreshock_final2d,60.0,-2.158679970574379,-2.060629783645845
2025-11-08 01:55:35.030000+00:00,39.370349,143.430811,12.49,1.6,cat_004624,-1.2556042824074074,-30.134502777777776,7.391854172410765,-6.434273391049787,-3.6386315845903714,True,True,True,True,False,foreshock_final2d,foreshock_final2d,60.0,-4.055775984898876,-2.830390018117899
2025-11-08 02:09:59.890000+00:00,39.356486,143.445833,12.92,1.7,cat_004627,-1.2455943287037037,-29.894263888888887,7.3001544934519975,-5.143787203100522,-5.180126852663958,True,True,True,True,False,foreshock_final2d,foreshock_final2d,60.0,-2.8358352335979533,-4.428297032338823
2025-11-08 02:28:18.120000+00:00,39.381311,143.451969,11.54,1.2,cat_004628,-1.2328833333333333,-29.589199999999998,5.211393169850401,-4.615583402450303,-2.4197127987128013,True,True,True,True,False,foreshock_final2d,foreshock_final2d,60.0,-2.18416880056732,-1.6943958153352665
2025-11-08 02:31:59.170000+00:00,39.37891,143.597021,10.1,1.4,cat_004629,-1.2303248842592593,-29.527797222222226,8.296470600259788,7.84940249405142,-2.6866918175862744,True,True,True,True,False,foreshock_final2d,foreshock_final2d,60.0,10.256242685976975,-2.52102344732097
2025-11-08 02:36:09.950000+00:00,39.360136,143.451807,13.79,4.7,cat_004630,-1.227422337962963,-29.45813611111111,6.650746102105301,-4.630207074718703,-4.774265370411277,True,True,True,True,False,foreshock_final2d,foreshock_final2d,60.0,-2.304542500235019,-4.045914864186632
2025-11-08 02:36:50.270000+00:00,39.361906,143.434001,10.76,4.7,cat_004631,-1.2269556712962963,-29.446936111111114,7.674943426792548,-6.160496069416116,-4.577450350250353,True,True,True,True,False,foreshock_final2d,foreshock_final2d,60.0,-3.8244460644272738,-3.780559037024978
2025-11-08 02:39:22.210000+00:00,39.357349,143.460059,12.74,3.2,cat_004632,-1.2251971064814815,-29.404730555555556,6.4205447470246915,-3.9210531082269178,-5.0841656309694265,True,True,True,True,False,foreshock_final2d,foreshock_final2d,60.0,-1.6100248337369014,-4.387356997800882
2025-11-08 02:53:08.680000+00:00,39.36252,143.475212,14.19,1.8,cat_004633,-1.2156314814814815,-29.175155555555556,5.214367890752493,-2.618579620955606,-4.50917666528994,True,True,True,True,False,foreshock_final2d,foreshock_final2d,60.0,-0.2830379511237848,-3.8714545757571592
2025-11-08 02:57:33.340000+00:00,39.352332,143.456771,11.98,1.2,cat_004635,-1.212568287037037,-29.101638888888886,7.035940688545377,-4.203802594219725,-5.642030577945429,True,True,True,True,False,foreshock_final2d,foreshock_final2d,60.0,-1.9175478055611168,-4.931957945921741
2025-11-08 03:01:36.250000+00:00,39.352096,143.457975,13.07,1.2,cat_004636,-1.2097568287037037,-29.03416388888889,6.995853515593389,-4.100323902387813,-5.668272580632868,True,True,True,True,False,foreshock_final2d,foreshock_final2d,60.0,-1.8153523347106275,-4.962821647999392
2025-11-08 03:07:49.060000+00:00,39.381612,143.469108,15.05,2.8,cat_004640,-1.205441898148148,-28.93060555555555,3.9460223828870915,-3.142759436383104,-2.386243125792753,True,True,True,True,False,foreshock_final2d,foreshock_final2d,60.0,-0.7113280401106863,-1.7271181068933639
2025-11-08 03:11:07.390000+00:00,39.385478,143.468831,13.64,1.3,cat_004641,-1.2031464120370372,-28.875513888888893,3.722085924924248,-3.1664752820257505,-1.9563635393846504,True,True,True,True,False,foreshock_final2d,foreshock_final2d,60.0,-0.7157100692330873,-1.2966071337861529
2025-11-08 03:13:38.720000+00:00,39.386621,143.470801,13.07,1.8,cat_004643,-1.2013949074074075,-28.83347777777778,3.511299889149604,-2.9971664537910963,-1.8292677382300302,True,True,True,True,False,foreshock_final2d,foreshock_final2d,60.0,-0.5408630870258828,-1.1772448499509318
2025-11-08 03:14:18.910000+00:00,39.353215,143.463607,12.03,1.7,cat_004644,-1.2009297453703704,-28.822313888888893,6.619005357012082,-3.6162151742373054,-5.54384545771809,True,True,True,True,False,foreshock_final2d,foreshock_final2d,60.0,-1.3261430803758212,-4.860265931135172
2025-11-08 03:22:49.430000+00:00,39.356726,143.422689,12.07,1.2,cat_004645,-1.195020949074074,-28.680502777777775,8.799846698212402,-7.132977591201356,-5.153440070268694,True,True,True,True,False,foreshock_final2d,foreshock_final2d,60.0,-4.821819021980804,-4.312284202238612
2025-11-08 03:27:07.140000+00:00,39.380819,143.450277,11.73,1.5,cat_004646,-1.1920381944444445,-28.608916666666666,5.365619894999942,-4.760999959749486,-2.4744207026212752,True,True,True,True,False,foreshock_final2d,foreshock_final2d,60.0,-2.331896016546461,-1.7425164922409149
2025-11-08 03:31:07.480000+00:00,39.386556,143.444629,10.64,1.3,cat_004647,-1.1892564814814814,-28.542155555555553,5.5582993663939115,-5.246139350626785,-1.83649540846185,True,True,True,True,False,foreshock_final2d,foreshock_final2d,60.0,-2.7878905774252405,-1.08344299864695
2025-11-08 03:42:07.070000+00:00,39.374699,143.444564,13.28,1.3,cat_004649,-1.181622337962963,-28.35893611111111,6.126900082970895,-5.252171077245593,-3.154933653686285,True,True,True,True,False,foreshock_final2d,foreshock_final2d,60.0,-2.853139502359807,-2.4002794979859434
2025-11-08 03:45:09.090000+00:00,39.373523,143.426562,12.38,1.4,cat_004650,-1.1795156249999998,-28.308374999999998,7.551557082521129,-6.799279612349169,-3.2856988874203923,True,True,True,True,False,foreshock_final2d,foreshock_final2d,60.0,-4.404560296294179,-2.46141775026646
2025-11-08 03:49:09.830000+00:00,39.361198,143.455827,11.61,1.1,cat_004651,-1.1767292824074074,-28.241502777777775,6.327587318188258,-4.284668706549468,-4.656176358314249,True,True,True,True,False,foreshock_final2d,foreshock_final2d,60.0,-1.9540484390661041,-3.943466380838019
2025-11-08 04:04:36.900000+00:00,39.387891,143.452148,10.29,1.4,cat_004652,-1.1659993055555555,-27.983983333333335,4.8999355576198385,-4.599984353042614,-1.6880501813908608,True,True,True,True,False,foreshock_final2d,foreshock_final2d,60.0,-2.135719744148194,-0.964172421529705
2025-11-08 04:17:17.950000+00:00,39.367098,143.413363,12.0,1.5,cat_004653,-1.1571908564814815,-27.772580555555557,8.885297300900069,-7.933946654264102,-4.000126291111696,True,True,True,True,False,foreshock_final2d,foreshock_final2d,60.0,-5.570173587184099,-3.124155607381811
2025-11-08 04:23:55.520000+00:00,39.374231,143.425651,12.14,1.2,cat_004655,-1.152589351851852,-27.662144444444447,7.588488124450311,-6.877534665958771,-3.206972879355707,True,True,True,True,False,foreshock_final2d,foreshock_final2d,60.0,-4.479200045824964,-2.379256046588749
2025-11-08 04:54:50.520000+00:00,39.377519,143.59834,9.51,1.6,cat_004657,-1.1311194444444446,-27.146866666666668,8.454584981819492,7.962830326002377,-2.8413639605486494,True,True,True,True,False,foreshock_final2d,foreshock_final2d,60.0,10.362608266034556,-2.680634563001183
2025-11-08 06:01:34.030000+00:00,39.372978,143.407129,11.57,1.9,cat_004659,-1.0847825231481483,-26.034780555555557,9.10646391230095,-8.46935490943207,-3.34630012244116,True,True,True,True,False,foreshock_final2d,foreshock_final2d,60.0,-6.075672016257574,-2.446939248494453
2025-11-08 06:29:52.060000+00:00,39.386235,143.446891,11.89,1.7,cat_004661,-1.065129398148148,-25.563105555555552,5.387535063120083,-5.05177631501298,-1.872188979914706,True,True,True,True,False,foreshock_final2d,foreshock_final2d,60.0,-2.5953270572177316,-1.1278311878572043
2025-11-08 06:40:37.940000+00:00,39.405416,143.495524,9.45,1.5,cat_004662,-1.0576539351851852,-25.383694444444444,0.9106864207911884,-0.8725915855571966,0.2606409080549335,True,True,True,True,False,foreshock_final2d,foreshock_final2d,60.0,1.6754444536366395,0.8151199273301222
2025-11-08 07:00:22.310000+00:00,39.355762,143.476074,12.81,1.3,cat_004663,-1.043945949074074,-25.054702777777774,5.843742674158128,-2.5446180041275217,-5.260631979554415,True,True,True,True,False,foreshock_final2d,foreshock_final2d,60.0,-0.24290581559148938,-4.625473688112916
2025-11-08 07:14:35.570000+00:00,39.369218,143.463135,14.19,3.1,cat_004664,-1.0340702546296296,-24.81768611111111,5.247824070506928,-3.6563648461689904,-3.7643930466254645,True,True,True,True,False,foreshock_final2d,foreshock_final2d,60.0,-1.2863205185386888,-3.080806169559117
2025-11-08 07:51:37.760000+00:00,39.379903,143.482324,13.59,2.0,cat_004665,-1.008350462962963,-24.20041111111111,3.2658218739702445,-2.007087070650676,-2.5762752554281017,True,True,True,True,False,foreshock_final2d,foreshock_final2d,60.0,0.41466189573206824,-1.9679719982110373
2025-11-08 07:52:53.080000+00:00,39.383785,143.478841,13.72,1.8,cat_004666,-1.0074787037037038,-24.17948888888889,3.1493731798860014,-2.3063329052520825,-2.1446165501934376,True,True,True,True,False,foreshock_final2d,foreshock_final2d,60.0,0.13510790881729706,-1.5233070954682923
2025-11-08 08:13:17.480000+00:00,39.379879,143.449642,14.29,4.6,cat_004668,-0.9933074074074073,-23.839377777777777,5.462687800968367,-4.815600471339634,-2.578943933667154,True,True,True,True,False,foreshock_final2d,foreshock_final2d,60.0,-2.39113652295829,-1.844481604383481
2025-11-08 08:59:00.220000+00:00,39.361825,143.494124,13.11,1.7,cat_004669,-0.9615627314814815,-23.077505555555557,4.6927616256672025,-0.9931881567433583,-4.586457139307945,True,True,True,True,False,foreshock_final2d,foreshock_final2d,60.0,1.3372414928924334,-4.021668446278418
2025-11-08 09:48:04.580000+00:00,39.39056,143.449056,12.79,1.9,cat_004673,-0.9274844907407408,-22.25962777777778,5.06058865369488,-4.865585658855146,-1.3912709221768265,True,True,True,True,False,foreshock_final2d,foreshock_final2d,60.0,-2.387721848957288,-0.6557621079525813
2025-11-08 09:52:54.130000+00:00,39.390198,143.448893,12.92,1.8,cat_004674,-0.9241332175925926,-22.17919722222222,5.085253115776293,-4.879604579234307,-1.43152348562245,True,True,True,True,False,foreshock_final2d,foreshock_final2d,60.0,-2.4035347347798344,-0.6953443215655701
2025-11-08 09:57:59.290000+00:00,39.381974,143.40109,10.59,1.6,cat_004675,-0.9206012731481481,-22.094430555555554,9.2888906103957,-8.987759946003589,-2.345990562347129,True,True,True,True,False,foreshock_final2d,foreshock_final2d,60.0,-6.548620607616732,-1.4243530037749093
2025-11-08 10:04:39.950000+00:00,39.382218,143.474609,13.22,1.3,cat_004676,-0.9159640046296296,-21.983136111111108,3.536404228794483,-2.670027736690967,-2.3188590002456198,True,True,True,True,False,foreshock_final2d,foreshock_final2d,60.0,-0.23604666042463052,-1.6810367614997177
2025-11-08 10:32:28.440000+00:00,39.38619,143.38571,9.28,1.2,cat_004677,-0.8966527777777779,-21.51966666666667,10.478617255266672,-10.309102042389995,-1.8771927516137192,True,True,True,True,False,foreshock_final2d,foreshock_final2d,60.0,-7.847570911259901,-0.8966746626459747
2025-11-08 10:37:14.890000+00:00,39.394194,143.447477,12.76,1.9,cat_004678,-0.8933373842592593,-21.440097222222224,5.097636528544515,-5.00113566546905,-0.9871885587507069,True,True,True,True,False,foreshock_final2d,foreshock_final2d,60.0,-2.504983948377553,-0.24599880949282427
2025-11-08 10:41:18.200000+00:00,39.393685,143.43833,10.44,1.5,cat_004679,-0.8905212962962962,-21.37251111111111,5.880496671190333,-5.787119494648175,-1.0437867764128965,True,True,True,True,False,foreshock_final2d,foreshock_final2d,60.0,-3.2927167720015746,-0.26723407636056307
2025-11-08 10:45:56.700000+00:00,39.38304,143.448828,13.91,1.8,cat_004681,-0.8872979166666666,-21.29515,5.369272884696833,-4.885440529719338,-2.2274567705438555,True,True,True,True,False,foreshock_final2d,foreshock_final2d,60.0,-2.445117538574786,-1.4902120607476266
2025-11-08 10:54:17.830000+00:00,39.386947,143.457975,14.6,4.6,cat_004682,-0.881497800925926,-21.155947222222224,4.474279341733311,-4.099300198433451,-1.793018192143775,True,True,True,True,False,foreshock_final2d,foreshock_final2d,60.0,-1.6402560567436475,-1.0915248475827828
2025-11-08 11:00:56.650000+00:00,39.39209,143.458105,13.1,1.9,cat_004683,-0.8768818287037037,-21.045163888888887,4.266469009491361,-4.087978582962678,-1.2211426844103763,True,True,True,True,False,foreshock_final2d,foreshock_final2d,60.0,-1.6032576373997514,-0.5207351382429475
2025-11-08 11:02:00.990000+00:00,39.389197,143.477539,10.96,1.6,cat_004684,-0.8761371527777778,-21.027291666666667,2.86838644272484,-2.418122768125861,-1.5428296071931134,True,True,True,True,False,foreshock_final2d,foreshock_final2d,60.0,0.05046271598032526,-0.9171060648385141
2025-11-08 11:14:37.870000+00:00,39.394897,143.450895,12.73,1.6,cat_004685,-0.8673769675925925,-20.81704722222222,4.794381712300707,-4.707417775992289,-0.9090185253194207,True,True,True,True,False,foreshock_final2d,foreshock_final2d,60.0,-2.208051190824317,-0.18110127319780955
2025-11-08 11:18:42.360000+00:00,39.395748,143.45153,12.43,1.4,cat_004686,-0.8645472222222222,-20.749133333333333,4.723561207663506,-4.652826826038795,-0.8143916427452047,True,True,True,True,False,foreshock_final2d,foreshock_final2d,60.0,-2.1492647731701298,-0.08902209084953516
2025-11-08 11:23:51.330000+00:00,39.394442,143.447347,11.8,1.4,cat_004687,-0.8609711805555555,-20.663308333333333,5.103329973735543,-5.012297101307921,-0.9596122169429523,True,True,True,True,False,foreshock_final2d,foreshock_final2d,60.0,-2.514895408878807,-0.21794893911495195
2025-11-08 11:35:41.250000+00:00,39.377718,143.397738,10.03,1.5,cat_004689,-0.8527545138888889,-20.466108333333334,9.6950474470063,-9.276091143901187,-2.8192361701461532,True,True,True,True,False,foreshock_final2d,foreshock_final2d,60.0,-6.8579186181347875,-1.884169299344896
2025-11-08 12:05:46.220000+00:00,39.423779,143.464453,10.17,1.0,cat_004690,-0.8318636574074074,-19.964727777777778,4.22436621289378,-3.5417090257821773,2.302513346029054,True,True,True,True,False,foreshock_final2d,foreshock_final2d,60.0,-0.8992594088369157,2.974826153471837
2025-11-08 12:32:00.820000+00:00,39.375338,143.397087,10.96,1.4,cat_004693,-0.8136391203703703,-19.527338888888888,9.8285378362887,-9.332194554002363,-3.0838800955604553,True,True,True,True,False,foreshock_final2d,foreshock_final2d,60.0,-6.925853011141939,-2.146025974131737
2025-11-08 12:41:23.840000+00:00,39.335881,143.513411,12.31,1.4,cat_004694,-0.8071226851851852,-19.370944444444444,7.500796685825478,0.6645694440218561,-7.4712983161746696,True,True,True,True,False,foreshock_final2d,foreshock_final2d,60.0,2.863740819870124,-6.978062987502117
2025-11-08 12:44:08.450000+00:00,39.389266,143.518132,10.63,1.4,cat_004695,-0.8052174768518517,-19.325219444444443,1.8712497230808165,1.069985068690836,-1.5351571572550478,True,True,True,True,False,foreshock_final2d,foreshock_final2d,60.0,3.535394367592127,-1.0661246252407357
2025-11-08 12:47:12.560000+00:00,39.360437,143.385482,11.77,1.0,cat_004696,-0.803086574074074,-19.274077777777777,11.366460124560172,-10.330600299773995,-4.740795697491229,True,True,True,True,False,foreshock_final2d,foreshock_final2d,60.0,-7.997678429374721,-3.756421459079937
2025-11-08 13:10:15.230000+00:00,39.389726,143.578109,11.28,1.9,cat_004698,-0.787083449074074,-18.890002777777777,6.398194892792229,6.223714506643754,-1.484007490998117,True,True,True,True,False,foreshock_final2d,foreshock_final2d,60.0,8.686219340232114,-1.2465283646947125
2025-11-08 13:13:16.350000+00:00,39.394702,143.453206,12.72,1.5,cat_004699,-0.7849871527777778,-18.839691666666667,4.603904789338035,-4.508850700781154,-0.9307015360148813,True,True,True,True,False,foreshock_final2d,foreshock_final2d,60.0,-2.0106585302982096,-0.21168188602928262
2025-11-08 13:36:28.860000+00:00,39.383032,143.453451,14.12,3.6,cat_004700,-0.7688701388888889,-18.452883333333332,5.010911610201692,-4.488174348402009,-2.2283463299571364,True,True,True,True,False,foreshock_final2d,foreshock_final2d,60.0,-2.0482923081326248,-1.5089456300532396
2025-11-08 13:42:45.440000+00:00,39.401139,143.494775,12.49,1.5,cat_004701,-0.7645115740740741,-18.348277777777778,0.9613108131596908,-0.9369735140939216,-0.21493979320405132,True,True,True,True,False,foreshock_final2d,foreshock_final2d,60.0,1.5897647718806565,0.3429112570726933
2025-11-08 14:02:14.530000+00:00,39.356612,143.589225,11.56,1.6,cat_004702,-0.7509804398148148,-18.023530555555553,8.845888801534562,7.180599094832001,-5.1661162919065635,True,True,True,True,False,foreshock_final2d,foreshock_final2d,60.0,9.476740420247445,-4.9679030782771845
2025-11-08 14:03:31.610000+00:00,39.396537,143.581771,8.73,1.3,cat_004703,-0.7500883101851852,-18.002119444444446,6.578322745326657,6.538065442853493,-0.7266588456221372,True,True,True,True,False,foreshock_final2d,foreshock_final2d,60.0,9.034272526982067,-0.5040645871661567
2025-11-08 14:12:04.220000+00:00,39.393905,143.443994,12.59,1.2,cat_004704,-0.744155324074074,-17.859727777777778,5.397549033217508,-5.300425986892387,-1.0193238925512296,True,True,True,True,False,foreshock_final2d,foreshock_final2d,60.0,-2.8054156679658857,-0.2646578030710667
2025-11-08 15:25:15.900000+00:00,39.339941,143.521126,13.58,2.5,cat_004705,-0.6933256944444444,-16.639816666666665,7.144305674236653,1.3277249014376922,-7.01984691399747,True,True,True,True,False,foreshock_final2d,foreshock_final2d,60.0,3.5465057699603784,-6.556855731918337
2025-11-08 15:25:54.960000+00:00,39.401074,143.505501,12.65,2.8,cat_004706,-0.6928736111111111,-16.628966666666667,0.2226991796614812,-0.015379948388450996,-0.22216746343587152,True,True,True,True,False,foreshock_final2d,foreshock_final2d,60.0,2.51010343784196,0.29429356992828415
2025-11-08 15:58:37.220000+00:00,39.415588,143.474561,14.91,3.3,cat_004709,-0.6701622685185185,-16.083894444444443,3.014057692018295,-2.6735129198782417,1.3917157018830717,True,True,True,True,False,foreshock_final2d,foreshock_final2d,60.0,-0.07285201010190967,2.0259491128576856
2025-11-08 16:18:11.590000+00:00,39.340214,143.521663,11.45,1.6,cat_004711,-0.6565700231481482,-15.757680555555556,7.123238881270126,1.3738822746444883,-6.989490699023508,True,True,True,True,False,foreshock_final2d,foreshock_final2d,60.0,3.5939801319287143,-6.5286035135170115
2025-11-08 16:40:04.440000+00:00,39.436511,143.467236,8.7,1.7,cat_004713,-0.641375,-15.393,4.972999430686432,-3.302326839624173,3.7182471520675473,True,True,True,True,False,foreshock_final2d,foreshock_final2d,60.0,-0.5965251178405429,4.378378072591664
2025-11-08 16:43:28.510000+00:00,39.419482,143.481055,12.52,2.3,cat_004715,-0.6390130787037037,-15.336313888888888,2.7937540342618274,-2.115537689500247,1.8247087462372622,True,True,True,True,False,foreshock_final2d,foreshock_final2d,60.0,0.5040097437593212,2.4334412613791407
2025-11-08 16:45:00.450000+00:00,39.409167,143.510596,9.41,2.3,cat_004716,-0.6379489583333333,-15.310775,0.7985704798264892,0.42236558444827527,0.6777330778980134,True,True,True,True,False,foreshock_final2d,foreshock_final2d,60.0,2.9878299966277235,1.173622558897851
2025-11-08 16:46:38.880000+00:00,39.394987,143.459847,12.88,1.8,cat_004717,-0.6368097222222222,-15.283433333333333,4.0395214343904104,-3.938211914598225,-0.8990109819213942,True,True,True,True,False,foreshock_final2d,foreshock_final2d,60.0,-1.4391722188277138,-0.20565599879782803
2025-11-08 16:50:57.410000+00:00,39.393929,143.446387,11.82,1.7,cat_004719,-0.6338174768518519,-15.211619444444445,5.195249614729471,-5.094804396083115,-1.0166552143113872,True,True,True,True,False,foreshock_final2d,foreshock_final2d,60.0,-2.5998817523805866,-0.2712281907809938
2025-11-08 17:00:26.080000+00:00,39.37028,143.452067,11.42,1.2,cat_004720,-0.6272356481481481,-15.053655555555554,5.875783121129247,-4.607526076907633,-3.6463040345284363,True,True,True,True,False,foreshock_final2d,foreshock_final2d,60.0,-2.231217193716447,-2.920110883765411
2025-11-08 17:07:43.960000+00:00,39.393119,143.447119,11.86,1.4,cat_004721,-0.6221675925925926,-14.932022222222223,5.152204709311622,-5.031935851763362,-1.1067231048936252,True,True,True,True,False,foreshock_final2d,foreshock_final2d,60.0,-2.5411224504156666,-0.3640291779062078
2025-11-08 17:08:57.120000+00:00,39.391622,143.434749,11.73,1.0,cat_004722,-0.6213208333333333,-14.9117,6.226469915271964,-6.094910804487641,-1.2731819100805881,True,True,True,True,False,foreshock_final2d,foreshock_final2d,60.0,-3.610501665953666,-0.48257190150740026
2025-11-08 17:24:24.840000+00:00,39.393014,143.521826,9.56,1.4,cat_004727,-0.6105833333333334,-14.654,1.7820233463732362,1.3873686823704456,-1.1183985721910594,True,True,True,True,False,foreshock_final2d,foreshock_final2d,60.0,3.8711781130078213,-0.6640433489153224
2025-11-08 17:46:52.720000+00:00,39.428853,143.465072,14.66,3.5,cat_004729,-0.5949828703703703,-14.279588888888888,4.515200311715474,-3.4884053293311448,2.866716403822807,True,True,True,True,False,foreshock_final2d,foreshock_final2d,60.0,-0.8206659252515376,3.5360653527595205
2025-11-08 17:49:36.480000+00:00,39.42939,143.460645,11.72,1.8,cat_004730,-0.5930875,-14.2341,4.850848989963302,-3.8686891483325723,2.926428079431084,True,True,True,True,False,foreshock_final2d,foreshock_final2d,60.0,-1.197883688375804,3.612798829038023
2025-11-08 18:06:22.800000+00:00,39.342273,143.561507,13.27,2.1,cat_004731,-0.5814402777777778,-13.954566666666668,8.290537033451994,4.798760861430099,-6.760540345062854,True,True,True,True,False,foreshock_final2d,foreshock_final2d,60.0,7.0256859982827145,-6.453727311470859
2025-11-08 18:23:20.080000+00:00,39.428748,143.505892,15.77,3.1,cat_004732,-0.5696662037037038,-13.67198888888889,2.8550990204943387,0.018211743663110024,2.8550409365253726,True,True,True,True,False,foreshock_final2d,foreshock_final2d,60.0,2.68188718532236,3.366886983100375
2025-11-08 18:34:15.600000+00:00,39.364303,143.458431,13.05,1.6,cat_004733,-0.5620791666666667,-13.4899,5.922321152078849,-4.060774850810222,-4.310916111083126,True,True,True,True,False,foreshock_final2d,foreshock_final2d,60.0,-1.7148717382146637,-3.6086117814583734
2025-11-08 18:59:41.680000+00:00,39.433813,143.470801,14.99,3.1,cat_004735,-0.5444162037037037,-13.065988888888889,4.545472024502952,-2.996152506373145,3.418243239980271,True,True,True,True,False,foreshock_final2d,foreshock_final2d,60.0,-0.3041357882535496,4.064923850171467
2025-11-08 19:24:17.600000+00:00,39.393888,143.450179,12.68,1.8,cat_004737,-0.5273337962962963,-12.65601111111111,4.877089099539025,-4.768974784308621,-1.021214206304155,True,True,True,True,False,foreshock_final2d,foreshock_final2d,60.0,-2.2745858130825227,-0.29041861009110903
2025-11-08 19:36:46.560000+00:00,39.42146,143.4646,12.8,2.1,cat_004738,-0.5186652777777778,-12.447966666666668,4.078655026018538,-3.5291393124039865,2.044652311140327,True,True,True,True,False,foreshock_final2d,foreshock_final2d,60.0,-0.8982853131309758,2.7166607759599586
2025-11-08 19:41:54.720000+00:00,39.445903,143.449788,11.11,1.3,cat_004739,-0.5150986111111111,-12.362366666666667,6.762377886656386,-4.800780778512562,4.762589903113053,True,True,True,True,False,foreshock_final2d,foreshock_final2d,60.0,-2.0465554309189913,5.4889761456068475
2025-11-08 19:53:40.560000+00:00,39.407153,143.497542,12.15,1.9,cat_004740,-0.5069291666666667,-12.1663,0.8335472333843252,-0.6991986896552461,0.45378649563637025,True,True,True,True,False,foreshock_final2d,foreshock_final2d,60.0,1.8573382894806216,1.0002818749149476
2025-11-08 19:56:31.320000+00:00,39.410429,143.455648,11.63,1.5,cat_004741,-0.5049527777777778,-12.118866666666667,4.375686964356556,-4.29853615048668,0.8180610753239017,True,True,True,True,False,foreshock_final2d,foreshock_final2d,60.0,-1.7220031232697504,1.5258683828479205
2025-11-08 20:29:16.200000+00:00,39.432296,143.501839,15.11,5.4,cat_004742,-0.48221111111111115,-11.573066666666668,3.2662686770261913,-0.32995060063393994,3.249560536260501,True,True,True,True,False,foreshock_final2d,foreshock_final2d,60.0,2.3517978024605557,3.776647561833246
2025-11-08 20:34:20.640000+00:00,39.429419,143.522135,13.16,2.1,cat_004743,-0.4786875,-11.4885,3.252843569371189,1.4135509424849992,2.9296527323043255,True,True,True,True,False,foreshock_final2d,foreshock_final2d,60.0,4.079169464325203,3.3787458457309514
2025-11-08 20:34:56.040000+00:00,39.43221,143.514714,11.66,2.1,cat_004744,-0.47827777777777775,-11.478666666666665,3.331640136954691,0.7760415425124705,3.2399977725687203,True,True,True,True,False,foreshock_final2d,foreshock_final2d,60.0,3.456244026938969,3.717414088303548
2025-11-08 20:39:51.480000+00:00,39.430416,143.484505,7.0,1.5,cat_004745,-0.4748583333333334,-11.396600000000001,3.5430925470061805,-1.8190049935836647,3.040514074168744,True,True,True,True,False,foreshock_final2d,foreshock_final2d,60.0,0.8548562161767796,3.6346993468738273
2025-11-08 20:41:23.580000+00:00,39.435551,143.508887,13.16,3.3,cat_004746,-0.47379236111111117,-11.371016666666668,3.6219915532241034,0.2754821325483725,3.611500022488072,True,True,True,True,False,foreshock_final2d,foreshock_final2d,60.0,2.9728774823456154,4.111026115770478
2025-11-08 20:42:26.420000+00:00,39.43689,143.479085,14.37,3.1,cat_004747,-0.4730650462962963,-11.353561111111112,4.399937748513174,-2.284495461804376,3.7603900292653063,True,True,True,True,False,foreshock_final2d,foreshock_final2d,60.0,0.42217190878450017,4.374758166743565
2025-11-08 20:49:51.960000+00:00,39.428048,143.468424,11.09,1.8,cat_004748,-0.4679083333333333,-11.2298,4.2374387427195765,-3.2004723037711282,2.777204487873968,True,True,True,True,False,foreshock_final2d,foreshock_final2d,60.0,-0.5370443436425738,3.433710046347947
2025-11-08 20:51:38.340000+00:00,39.429875,143.466732,13.95,2.1,cat_004749,-0.46667708333333335,-11.20025,4.4807110327932875,-3.3457795227359397,2.9803576188542213,True,True,True,True,False,foreshock_final2d,foreshock_final2d,60.0,-0.6730794015955279,3.643185213177106
2025-11-08 20:53:33.320000+00:00,39.429012,143.463753,12.84,1.2,cat_004750,-0.46534629629629626,-11.16831111111111,4.614330955800069,-3.6017091078638965,2.884396397159689,True,True,True,True,False,foreshock_final2d,foreshock_final2d,60.0,-0.9330611647873766,3.558817023552505
2025-11-08 20:54:47.640000+00:00,39.435063,143.473145,12.42,1.8,cat_004751,-0.4644861111111111,-11.147666666666666,4.523792594544178,-2.7947747291629232,3.5572368982858427,True,True,True,True,False,foreshock_final2d,foreshock_final2d,60.0,-0.09671778373872053,4.194731467846172
2025-11-08 20:56:56.400000+00:00,39.457365,143.483187,11.95,1.4,cat_004752,-0.4629958333333333,-11.111899999999999,6.33866726125715,-1.9318521733580807,6.037106152313167,True,True,True,True,False,foreshock_final2d,foreshock_final2d,60.0,0.8767276777747242,6.633335738293854
2025-11-08 21:02:05.480000+00:00,39.42017,143.502376,14.74,2.6,cat_004753,-0.45941851851851856,-11.026044444444445,1.922282793029596,-0.2838457681619881,1.9012108557683505,True,True,True,True,False,foreshock_final2d,foreshock_final2d,60.0,2.337289211112649,2.4275878829318076
2025-11-08 21:04:18.600000+00:00,39.368941,143.421224,13.47,5.5,cat_004754,-0.4578777777777778,-10.989066666666666,8.19059156352116,-7.258257428484957,-3.7951940413056717,True,True,True,True,False,foreshock_final2d,foreshock_final2d,60.0,-4.885960981010795,-2.9497816804371215
2025-11-08 21:10:29.420000+00:00,39.377405,143.413428,6.86,2.1,cat_004755,-0.45358587962962965,-10.886061111111111,8.425862078472361,-7.92777491159563,-2.8540401821857277,True,True,True,True,False,foreshock_final2d,foreshock_final2d,60.0,-5.512526720080501,-1.9795035649716408
2025-11-08 21:11:09.360000+00:00,39.414933,143.456396,14.4,3.3,cat_004756,-0.4531236111111111,-10.874966666666666,4.434788183841652,-4.234134438264012,1.3188830249306802,True,True,True,True,False,foreshock_final2d,foreshock_final2d,60.0,-1.635169859287982,2.0232919347746647
2025-11-08 21:13:24.480000+00:00,39.373873,143.378695,13.42,2.9,cat_004757,-0.45155972222222224,-10.837433333333333,11.385616514518357,-10.912868832792617,-3.246780663094295,True,True,True,True,False,foreshock_final2d,foreshock_final2d,60.0,-8.512249163985842,-2.2377593746682987
2025-11-08 21:16:33.780000+00:00,39.372078,143.400798,11.22,2.0,cat_004758,-0.44936875,-10.784849999999999,9.649897409196713,-9.013491590657857,-3.446375556421425,True,True,True,True,False,foreshock_final2d,foreshock_final2d,60.0,-6.623754772508548,-2.5224714445573744
2025-11-08 21:18:00.320000+00:00,39.358651,143.58348,13.12,2.4,cat_004759,-0.4483671296296296,-10.76081111111111,8.313233742712248,6.686725120463416,-4.939389836477924,True,True,True,True,False,foreshock_final2d,foreshock_final2d,60.0,8.993549339761993,-4.71922101642077
2025-11-08 21:18:21.520000+00:00,39.428219,143.467122,8.6,3.6,cat_004760,-0.4481217592592593,-10.754922222222223,4.334775532246704,-3.3123163984941213,2.796218820330376,True,True,True,True,False,foreshock_final2d,foreshock_final2d,60.0,-0.6479214352018849,3.457729141470718
2025-11-08 21:21:01.280000+00:00,39.375045,143.509196,12.25,1.9,cat_004761,-0.4462726851851852,-10.710544444444444,3.1310737281941936,0.30215635390098433,-3.1164602090672235,True,True,True,True,False,foreshock_final2d,foreshock_final2d,60.0,2.69730970124399,-2.611341234314838
2025-11-08 21:22:50.420000+00:00,39.368864,143.423405,11.57,1.6,cat_004762,-0.44500949074074075,-10.680227777777779,8.029015843498744,-7.070823379895763,-3.8037560506570176,True,True,True,True,False,foreshock_final2d,foreshock_final2d,60.0,-4.699100723819964,-2.9667544485450486
2025-11-08 21:23:46.080000+00:00,39.359001,143.411279,13.54,2.9,cat_004763,-0.44436527777777785,-10.664766666666669,9.4785987236533,-8.11352127893068,-4.900471612152617,True,True,True,True,False,foreshock_final2d,foreshock_final2d,60.0,-5.790009809515885,-4.01552577644476
2025-11-08 21:29:07.740000+00:00,39.411804,143.510498,15.1,3.1,cat_004765,-0.4406423611111111,-10.575416666666666,1.0555076883208916,0.41393793966086584,0.9709540994597148,True,True,True,True,False,foreshock_final2d,foreshock_final2d,60.0,2.992582133463435,1.4669261727143965
2025-11-08 21:31:10.400000+00:00,39.427425,143.518587,9.62,1.9,cat_004766,-0.43922268518518515,-10.541344444444444,2.9261367989888307,1.1087792731354962,2.7079300485746995,True,True,True,True,False,foreshock_final2d,foreshock_final2d,60.0,3.7647458037669357,3.1709370860515533
2025-11-08 21:32:31.960000+00:00,39.401811,143.502018,11.07,1.9,cat_004767,-0.4382787037037037,-10.518688888888889,0.34447189475513396,-0.3146428683420504,-0.14021680249873436,True,True,True,True,False,foreshock_final2d,foreshock_final2d,60.0,2.214823751934307,0.38960418411928444
2025-11-08 21:35:33.560000+00:00,39.36722,143.37946,12.01,1.5,cat_004768,-0.43617685185185184,-10.468244444444444,11.556989034694073,-10.847643136227598,-3.986560510060546,True,True,True,True,False,foreshock_final2d,foreshock_final2d,60.0,-8.480319677358521,-2.9797223935267305
2025-11-08 21:35:52.800000+00:00,39.374178,143.380827,13.81,3.7,cat_004769,-0.4359541666666667,-10.462900000000001,11.200327535797438,-10.729625032674553,-3.2128662104680004,True,True,True,True,False,foreshock_final2d,foreshock_final2d,60.0,-8.327666913949177,-2.212110332774851
2025-11-08 21:43:14.320000+00:00,39.406616,143.520915,11.71,1.8,cat_004770,-0.43084398148148145,-10.340255555555554,1.3669954533403936,1.3089620358872536,0.394074820028093,True,True,True,True,False,foreshock_final2d,foreshock_final2d,60.0,3.8607898128543923,0.8504253525122023
2025-11-08 21:46:51.280000+00:00,39.375838,143.372868,7.04,2.2,cat_004771,-0.4283328703703704,-10.279988888888889,11.80837709312128,-11.413470321298043,-3.0282826322379104,True,True,True,True,False,foreshock_final2d,foreshock_final2d,60.0,-9.002530582834737,-1.9969952367376718
2025-11-08 21:47:35+00:00,39.387069,143.441585,12.66,2.4,cat_004772,-0.4278268518518518,-10.267844444444444,5.788014613496053,-5.507691363281641,-1.7794524110934153,True,True,True,True,False,foreshock_final2d,foreshock_final2d,60.0,-3.046616254790987,-1.0147088532444157
2025-11-08 21:56:42.360000+00:00,39.381356,143.477848,13.5,1.4,cat_004773,-0.42149166666666665,-10.1158,3.3986869528762518,-2.3917051596753334,-2.4147090270137883,True,True,True,True,False,foreshock_final2d,foreshock_final2d,60.0,0.03768946990780364,-1.7892920868131
2025-11-08 21:57:25.400000+00:00,39.430465,143.472721,14.19,2.7,cat_004774,-0.42099351851851846,-10.103844444444443,4.158616416372222,-2.831289941595203,3.0459626255740027,True,True,True,True,False,foreshock_final2d,foreshock_final2d,60.0,-0.1561622067518318,3.6856135019005234
2025-11-08 22:00:00.640000+00:00,39.374137,143.374723,13.29,2.0,cat_004775,-0.41919675925925926,-10.060722222222221,11.70507084305239,-11.254194278017113,-3.2174252024607686,True,True,True,True,False,foreshock_final2d,foreshock_final2d,60.0,-8.851911456222195,-2.193101454212315
2025-11-08 22:01:28.960000+00:00,39.424068,143.528678,14.46,2.5,cat_004776,-0.418174537037037,-10.036188888888887,3.0584248355692805,1.9756968820921528,2.334648679828786,True,True,True,True,False,foreshock_final2d,foreshock_final2d,60.0,4.614020836013413,2.759091191845124
2025-11-08 22:02:57.660000+00:00,39.427865,143.523665,10.9,1.7,cat_004777,-0.4171479166666667,-10.01155,3.160266288227167,1.54500134021849,2.7568558162980334,True,True,True,True,False,foreshock_final2d,foreshock_final2d,60.0,4.202725266932259,3.2002186912482093
2025-11-08 22:03:39.160000+00:00,39.420544,143.524023,14.25,2.2,cat_004778,-0.4166675925925926,-10.000022222222222,2.5015452554188196,1.5758380633493363,1.9427977583335005,True,True,True,True,False,foreshock_final2d,foreshock_final2d,60.0,4.196963968475467,2.3855971639912092
2025-11-08 22:12:53.200000+00:00,39.360999,143.493457,12.88,1.6,cat_004780,-0.41025509259259263,-9.846122222222224,4.79480157139857,-1.0505201343658697,-4.678304148716745,True,True,True,True,False,foreshock_final2d,foreshock_final2d,60.0,1.2758416841873956,-4.110847436441086
2025-11-08 22:15:08.840000+00:00,39.434147,143.470247,12.99,5.9,cat_004781,-0.4086851851851852,-9.808444444444445,4.604778644711923,-3.0437345514615313,3.455382345479807,True,True,True,True,False,foreshock_final2d,foreshock_final2d,60.0,-0.3500015433852677,4.104162819045484
2025-11-08 22:19:12.780000+00:00,39.451656,143.435579,13.43,3.8,cat_004782,-0.40586180555555557,-9.740683333333333,8.089326127212718,-6.020998398627506,5.40229431609904,True,True,True,True,False,foreshock_final2d,foreshock_final2d,60.0,-3.2368063310945847,6.182846141401387
2025-11-08 22:20:25.360000+00:00,39.413383,143.454932,12.28,4.0,cat_004783,-0.4050217592592592,-9.720522222222222,4.508190215284117,-4.359959471675032,1.1465308886322134,True,True,True,True,False,foreshock_final2d,foreshock_final2d,60.0,-1.7686098199857754,1.8567657362096919
2025-11-08 22:22:19.880000+00:00,39.442273,143.476953,10.5,3.3,cat_004784,-0.4036962962962963,-9.688711111111111,5.0089127757993515,-2.467537769380911,4.358952319393179,True,True,True,True,False,foreshock_final2d,foreshock_final2d,60.0,0.2662013429723875,4.980938407370323
2025-11-08 22:24:01.080000+00:00,39.416488,143.474707,12.26,2.1,cat_004785,-0.402525,-9.6606,3.0505915665353744,-2.6609525136968255,1.4917911358633364,True,True,True,True,False,foreshock_final2d,foreshock_final2d,60.0,-0.05580896646757294,2.125359328396425
2025-11-08 22:25:37.840000+00:00,39.442948,143.473437,13.54,2.3,cat_004786,-0.4014050925925926,-9.633722222222222,5.227882800159187,-2.7695351074290215,4.434008894878377,True,True,True,True,False,foreshock_final2d,foreshock_final2d,60.0,-0.032119678265059015,5.069484722932051
2025-11-08 22:26:26.480000+00:00,39.425439,143.470915,6.7,2.3,cat_004787,-0.4008421296296297,-9.620211111111113,3.886523716097708,-2.9865391238402927,2.487096924258354,True,True,True,True,False,foreshock_final2d,foreshock_final2d,60.0,-0.33635852423380896,3.1342855887120695
2025-11-08 22:27:00.680000+00:00,39.390202,143.451725,14.46,5.0,cat_004788,-0.40044629629629624,-9.61071111111111,4.852097803639102,-4.636255789609269,-1.4310787059154146,True,True,True,True,False,foreshock_final2d,foreshock_final2d,60.0,-2.160411597360268,-0.7058310413685118
2025-11-08 22:30:31.280000+00:00,39.418608,143.44707,11.55,2.5,cat_004789,-0.39800879629629626,-9.55221111111111,5.323329816879887,-5.0352260342221555,1.7275243803495677,True,True,True,True,False,foreshock_final2d,foreshock_final2d,60.0,-2.4170969771210795,2.46750526738702
2025-11-08 22:31:56.720000+00:00,39.455062,143.44554,12.64,2.6,cat_004790,-0.3970199074074074,-9.528477777777777,7.752467362491666,-5.165318530192262,5.781024236250212,True,True,True,True,False,foreshock_final2d,foreshock_final2d,60.0,-2.364977896320186,6.522757262110745
2025-11-08 22:33:46.840000+00:00,39.389494,143.459147,13.48,5.1,cat_004791,-0.3957453703703704,-9.49788888888889,4.274066914917931,-3.998517012477002,-1.5098047139801,True,True,True,True,False,foreshock_final2d,foreshock_final2d,60.0,-1.5268528559531744,-0.8131243468009519
2025-11-08 22:34:36.840000+00:00,39.408341,143.45389,8.64,4.5,cat_004792,-0.39516666666666667,-9.484,4.488048732042636,-4.449642628502336,0.5858860684900036,True,True,True,True,False,foreshock_final2d,foreshock_final2d,60.0,-1.8833862098037826,1.3007153218485958
2025-11-08 22:35:36.400000+00:00,39.360669,143.378255,10.92,4.0,cat_004793,-0.3944773148148148,-9.467455555555555,11.923560423749947,-10.951717628153466,-4.714998474509246,True,True,True,True,False,foreshock_final2d,foreshock_final2d,60.0,-8.61701002189845,-3.7027501368598257
2025-11-08 22:40:15.240000+00:00,39.390544,143.491195,13.96,2.9,cat_004794,-0.39125,-9.39,1.8680963546407199,-1.2446668612388214,-1.393050041003388,True,True,True,True,False,foreshock_final2d,foreshock_final2d,60.0,1.2294621491432032,-0.8201884686153316
2025-11-08 22:41:58.980000+00:00,39.45601,143.431494,13.08,2.3,cat_004795,-0.39004930555555556,-9.361183333333333,8.674571934202426,-6.371661353723325,5.8864370267093715,True,True,True,True,False,foreshock_final2d,foreshock_final2d,60.0,-3.5653679957621374,6.682251692856853
2025-11-08 22:43:10.100000+00:00,39.458049,143.425358,13.28,2.4,cat_004796,-0.3892261574074074,-9.341427777777778,9.217428106255655,-6.898567049545522,6.1131634821380105,True,True,True,True,False,foreshock_final2d,foreshock_final2d,60.0,-4.081557456144239,6.932417515605573
2025-11-08 22:43:23.760000+00:00,39.447799,143.437272,12.56,3.0,cat_004797,-0.38906805555555557,-9.337633333333333,7.698004737939455,-5.875748661325916,4.973415484031372,True,True,True,True,False,foreshock_final2d,foreshock_final2d,60.0,-3.1109681310285313,5.747875698513546
2025-11-08 22:44:08.320000+00:00,39.461711,143.439372,9.91,2.8,cat_004798,-0.3885523148148148,-9.325255555555554,8.657129114380414,-5.694805447978213,6.520359303510217,True,True,True,True,False,foreshock_final2d,foreshock_final2d,60.0,-2.8607199673863453,7.28513022645422
2025-11-08 22:44:43.220000+00:00,39.375789,143.498747,11.23,2.9,cat_004799,-0.3881483796296296,-9.31556111111111,3.091683127212648,-0.5958017161143825,-3.033731183643959,True,True,True,True,False,foreshock_final2d,foreshock_final2d,60.0,1.8039741397145732,-2.488360090800367
2025-11-08 22:46:13.720000+00:00,39.383053,143.434082,13.26,1.7,cat_004800,-0.3871009259259259,-9.29042222222222,6.542907328965911,-6.152602168078253,-2.2260112364979654,True,True,True,True,False,foreshock_final2d,foreshock_final2d,60.0,-3.7109351970597895,-1.4318480070443997
2025-11-08 22:46:31.580000+00:00,39.403739,143.489795,13.98,2.9,cat_004801,-0.386894212962963,-9.285461111111111,1.3668506209802425,-1.364836942154487,0.0741670160719177,True,True,True,True,False,foreshock_final2d,foreshock_final2d,60.0,1.1753196880860879,0.6509455615908483
2025-11-08 22:48:55.640000+00:00,39.459534,143.429215,13.95,2.8,cat_004802,-0.38522685185185185,-9.245444444444445,9.08545204284918,-6.5672332389936345,6.278287948204657,True,True,True,True,False,foreshock_final2d,foreshock_final2d,60.0,-3.743140816430008,7.082492034672463
2025-11-08 22:51:10.860000+00:00,39.461401,143.422721,13.75,3.6,cat_004803,-0.3836618055555555,-9.207883333333331,9.6348650955617,-7.124878086784496,6.485888876250524,True,True,True,True,False,foreshock_final2d,foreshock_final2d,60.0,-4.2908975060708805,7.314932415301284
2025-11-08 22:52:44+00:00,39.343705,143.395166,12.41,2.9,cat_004804,-0.3825837962962963,-9.18201111111111,11.56790671944652,-9.499432521230695,-6.6013092101077095,True,True,True,True,False,foreshock_final2d,foreshock_final2d,60.0,-7.250922528104617,-5.652392458498281
2025-11-08 22:54:27.840000+00:00,39.373775,143.404443,11.5,1.8,cat_004805,-0.38138194444444445,-9.153166666666667,9.290039435151023,-8.700136849197444,-3.257677765905602,True,True,True,True,False,foreshock_final2d,foreshock_final2d,60.0,-6.302240157592911,-2.3480397887808904
2025-11-08 22:55:01.800000+00:00,39.34318,143.393001,14.48,3.5,cat_004806,-0.38098888888888893,-9.143733333333333,11.75421478614508,-9.685565461365078,-6.659686546596462,True,True,True,True,False,foreshock_final2d,foreshock_final2d,60.0,-7.439489856860419,-5.702349913842719
2025-11-08 22:56:58.760000+00:00,39.408789,143.458822,12.01,2.3,cat_004807,-0.37963518518518524,-9.111244444444445,4.07576759728114,-4.025886939217844,0.6357013956266182,True,True,True,True,False,foreshock_final2d,foreshock_final2d,60.0,-1.457820582763746,1.3314455691747096
2025-11-08 23:04:40.200000+00:00,39.419381,143.486198,13.87,2.6,cat_004809,-0.37429444444444443,-8.983066666666666,2.4677893269848883,-1.6737029489417514,1.8134780586460733,True,True,True,True,False,foreshock_final2d,foreshock_final2d,60.0,0.9448940308799951,2.4023750147719483
2025-11-08 23:05:13.720000+00:00,39.436023,143.464063,9.86,2.7,cat_004810,-0.3739064814814815,-8.973755555555556,5.119050744671499,-3.574899000369836,3.6639840278645286,True,True,True,True,False,foreshock_final2d,foreshock_final2d,60.0,-0.8712596097702683,4.33641346362235
2025-11-08 23:08:29.880000+00:00,39.468363,143.422103,7.66,1.6,cat_004811,-0.3716361111111111,-8.919266666666667,10.209107168336747,-7.177595964747379,7.260027955549316,True,True,True,True,False,foreshock_final2d,foreshock_final2d,60.0,-4.3087884075222025,8.090658142862097
2025-11-08 23:08:51.680000+00:00,39.397005,143.441113,10.78,2.0,cat_004812,-0.3713837962962963,-8.913211111111112,5.5887215283231955,-5.547855269269356,-0.6746196199527156,True,True,True,True,False,foreshock_final2d,foreshock_final2d,60.0,-3.0371113350865095,0.09081287527354986
2025-11-08 23:13:05.460000+00:00,39.379309,143.45083,13.82,3.5,cat_004813,-0.36844652777777775,-8.842716666666666,5.403632120693395,-4.713529475351839,-2.6423250418549182,True,True,True,True,False,foreshock_final2d,foreshock_final2d,60.0,-2.292015588646938,-1.9123836918204233
2025-11-08 23:15:11.900000+00:00,39.356108,143.39432,13.44,2.4,cat_004814,-0.36698310185185185,-8.807594444444444,10.903243977206209,-9.57130171748717,-5.222158534935353,True,True,True,True,False,foreshock_final2d,foreshock_final2d,60.0,-7.260768736240481,-4.271405558348876
2025-11-08 23:16:49.480000+00:00,39.455823,143.4229,11.81,1.6,cat_004815,-0.3658537037037037,-8.780488888888888,9.217096351810495,-7.109789375566438,5.865643575427191,True,True,True,True,False,foreshock_final2d,foreshock_final2d,60.0,-4.303684992689398,6.694635403712779
2025-11-08 23:20:32.940000+00:00,39.432377,143.424642,11.61,1.6,cat_004816,-0.3632673611111111,-8.718416666666666,7.686257931271421,-6.961343722809235,3.258567325318883,True,True,True,True,False,foreshock_final2d,foreshock_final2d,60.0,-4.272497146123145,4.0835226133630655
2025-11-08 23:22:21.700000+00:00,39.392021,143.402132,9.99,1.2,cat_004817,-0.3620085648148148,-8.688205555555555,8.98202927506829,-8.897576787314708,-1.2288151343492322,True,True,True,True,False,foreshock_final2d,foreshock_final2d,60.0,-6.408345770681208,-0.31235619210857213
2025-11-08 23:25:25.560000+00:00,39.408557,143.460465,13.82,2.4,cat_004818,-0.35988055555555554,-8.637133333333333,3.932318260370942,-3.8847321853006016,0.6099041726454251,True,True,True,True,False,foreshock_final2d,foreshock_final2d,60.0,-1.3179671001083886,1.2993338165575419
2025-11-08 23:29:35.240000+00:00,39.458883,143.430908,13.62,2.2,cat_004819,-0.3569907407407407,-8.567777777777778,8.930479146366396,-6.4218591216442045,6.2059000509593005,True,True,True,True,False,foreshock_final2d,foreshock_final2d,60.0,-3.6011650484697078,7.003647104747876
2025-11-08 23:34:37.080000+00:00,39.386613,143.376139,5.76,1.9,cat_004821,-0.35349722222222224,-8.483933333333333,11.280956628508154,-11.131510704175312,-1.830157297643311,True,True,True,True,False,foreshock_final2d,foreshock_final2d,60.0,-8.66703665187368,-0.8127446866539008
2025-11-08 23:36:23.720000+00:00,39.40505,143.575,9.13,1.5,cat_004822,-0.35226296296296294,-8.45431111111111,5.959968145921341,5.9559085690499485,0.21994356490306455,True,True,True,True,False,foreshock_final2d,foreshock_final2d,60.0,8.49522396213756,0.46773240504359287
2025-11-08 23:41:25.760000+00:00,39.455859,143.530062,14.9,3.1,cat_004823,-0.34876712962962964,-8.37041111111111,6.232019559910181,2.094115000896028,5.869646592785769,True,True,True,True,False,foreshock_final2d,foreshock_final2d,60.0,4.891108959967934,6.2852016930964165
2025-11-08 23:43:18.680000+00:00,39.423596,143.521208,10.72,2.3,cat_004824,-0.3474601851851852,-8.339044444444443,2.6434373693415805,1.3339736077908897,2.2821646744531194,True,True,True,True,False,foreshock_final2d,foreshock_final2d,60.0,3.9705877609794875,2.7354859053060183
2025-11-08 23:46:30.760000+00:00,39.378271,143.520557,11.49,1.7,cat_004825,-0.345237037037037,-8.285688888888888,3.039675526635992,1.278463073700037,-2.757745375712104,True,True,True,True,False,foreshock_final2d,foreshock_final2d,60.0,3.688744165923417,-2.2968434679641123
2025-11-08 23:47:31.560000+00:00,39.381852,143.373161,9.81,1.4,cat_004826,-0.34453333333333336,-8.2688,11.629680439502026,-11.387799996134799,-2.359556343397489,True,True,True,True,False,foreshock_final2d,foreshock_final2d,60.0,-8.946847470483803,-1.3300970391248859
2025-11-08 23:49:24.280000+00:00,39.457031,143.420671,12.01,1.1,cat_004827,-0.3432287037037037,-8.237488888888889,9.450220679177393,-7.30116991987939,5.999967046813631,True,True,True,True,False,foreshock_final2d,foreshock_final2d,60.0,-4.488838648725544,6.837419966475266
2025-11-08 23:50:20.240000+00:00,39.413338,143.378027,10.6,1.6,cat_004828,-0.3425810185185185,-8.221944444444444,11.026420211868942,-10.967172815059278,1.1415271169332002,True,True,True,True,False,foreshock_final2d,foreshock_final2d,60.0,-8.36937874055655,2.148558230892087
2025-11-08 23:54:21+00:00,39.463005,143.520215,10.83,1.6,cat_004830,-0.33979444444444445,-8.155066666666666,6.780151687374883,1.2483143590295307,6.664245538588439,True,True,True,True,False,foreshock_final2d,foreshock_final2d,60.0,4.081854858760154,7.116991336053626
2025-11-08 23:55:58.340000+00:00,39.451489,143.441569,13.93,2.9,cat_004831,-0.3386678240740741,-8.128027777777778,7.701056349029634,-5.506521888018002,5.383724763349667,True,True,True,True,False,foreshock_final2d,foreshock_final2d,60.0,-2.7236832535510893,6.14118542188605
2025-11-09 00:04:50.740000+00:00,39.461422,143.496924,16.03,3.5,cat_004833,-0.33250578703703704,-7.980138888888889,6.531658193594018,-0.7520030753285784,6.488223969709695,True,True,True,True,False,foreshock_final2d,foreshock_final2d,60.0,2.075649743897919,7.031000243444272
2025-11-09 00:07:16.330000+00:00,39.413086,143.380843,10.56,1.8,cat_004834,-0.3308207175925926,-7.939697222222222,10.78290530489602,-10.725258525489593,1.1135059954184099,True,True,True,True,False,foreshock_final2d,foreshock_final2d,60.0,-8.128967322806554,2.109698779475619
2025-11-09 00:09:36.760000+00:00,39.369792,143.380859,12.55,2.0,cat_004835,-0.3291953703703704,-7.900688888888889,11.347565774867032,-10.727212117862416,-3.7005671587314555,True,True,True,True,False,foreshock_final2d,foreshock_final2d,60.0,-8.347163606407355,-2.6994273918628284
2025-11-09 00:24:31.620000+00:00,39.376371,143.381136,9.94,1.7,cat_004840,-0.31883819444444444,-7.652116666666666,11.107076166531677,-10.702901987635999,-2.9690157363366687,True,True,True,True,False,foreshock_final2d,foreshock_final2d,60.0,-8.290017256754938,-1.969706376158289
2025-11-09 00:25:10.960000+00:00,39.361361,143.402441,13.23,2.0,cat_004841,-0.31838287037037033,-7.6411888888888875,10.012051703383776,-8.872974466611652,-4.638051585271121,True,True,True,True,False,foreshock_final2d,foreshock_final2d,60.0,-6.536908703726375,-3.7192565464960143
2025-11-09 00:27:12.800000+00:00,39.390853,143.475586,11.76,1.9,cat_004842,-0.3169726851851852,-7.607344444444444,2.9211259020862714,-2.585911050447389,-1.3586908086700584,True,True,True,True,False,foreshock_final2d,foreshock_final2d,60.0,-0.10888482337328043,-0.7256162047730945
2025-11-09 00:27:29.760000+00:00,39.472799,143.4146,10.61,2.0,cat_004843,-0.31677638888888887,-7.602633333333333,11.013288498739673,-7.821704848558932,7.753288650145182,True,True,True,True,False,foreshock_final2d,foreshock_final2d,60.0,-4.930090229266085,8.612353852386235
2025-11-09 00:31:48.480000+00:00,39.357117,143.600358,12.38,1.6,cat_004844,-0.3137819444444444,-7.530766666666666,9.608829761539745,8.137438528680393,-5.109962853950619,True,True,True,True,False,foreshock_final2d,foreshock_final2d,60.0,10.435136411140261,-4.954786851603381
2025-11-09 00:31:59.100000+00:00,39.366593,143.386426,13.11,2.1,cat_004845,-0.31365902777777777,-7.527816666666666,11.022508027584198,-10.249014780387576,-4.05627972906685,True,True,True,True,False,foreshock_final2d,foreshock_final2d,60.0,-7.885427301558288,-3.076261189507055
2025-11-09 00:33:04.800000+00:00,39.359347,143.397445,11.93,1.9,cat_004846,-0.3128986111111111,-7.509566666666666,10.496447502153265,-9.302494667206009,-4.861998167533555,True,True,True,True,False,foreshock_final2d,foreshock_final2d,60.0,-6.976054872768604,-3.9236833466988656
2025-11-09 00:33:48.390000+00:00,39.374858,143.381917,11.3,1.8,cat_004847,-0.3123940972222222,-7.497458333333333,11.088945849651484,-10.635900721082304,-3.137253660349403,True,True,True,True,False,foreshock_final2d,foreshock_final2d,60.0,-8.230640745064601,-2.1407841323260652
2025-11-09 00:36:13.490000+00:00,39.435649,143.501807,4.05,1.7,cat_004848,-0.31071469907407406,-7.457152777777777,3.6376427174195154,-0.3326914715772459,3.6223971252993787,True,True,True,True,False,foreshock_final2d,foreshock_final2d,60.0,2.3658072463840907,4.149230935027255
2025-11-09 00:38:28.280000+00:00,39.452039,143.46556,0.89,1.6,cat_004849,-0.30915462962962964,-7.419711111111111,6.443682057018157,-3.445910784721576,5.4448819730038345,True,True,True,True,False,foreshock_final2d,foreshock_final2d,60.0,-0.6624049524061886,6.109719749314379
2025-11-09 00:41:52.320000+00:00,39.432597,143.427409,11.33,2.0,cat_004851,-0.3067930555555555,-7.363033333333332,7.482355175786895,-6.723641683245254,3.28303020918055,True,True,True,True,False,foreshock_final2d,foreshock_final2d,60.0,-4.03393618328645,4.097283402226173
2025-11-09 00:48:33.660000+00:00,39.424089,143.46766,9.01,1.7,cat_004853,-0.3021479166666667,-7.25155,4.016158783210318,-3.2661963711808593,2.3369837732887473,True,True,True,True,False,foreshock_final2d,foreshock_final2d,60.0,-0.6224764646716663,2.996885959004687
2025-11-09 00:52:28.870000+00:00,39.37782,143.391195,9.74,1.2,cat_004854,-0.2994255787037037,-7.186213888888888,10.231208536143704,-9.838362439193702,-2.8078942876286006,True,True,True,True,False,foreshock_final2d,foreshock_final2d,60.0,-7.419112898952106,-1.8475820476457536
2025-11-09 00:57:29.920000+00:00,39.447978,143.460628,10.86,1.5,cat_004856,-0.2959412037037037,-7.102588888888889,6.317222428521246,-3.8696335037968903,4.993319375900271,True,True,True,True,False,foreshock_final2d,foreshock_final2d,60.0,-1.1059838375537683,5.677646266658103
2025-11-09 01:02:03.260000+00:00,39.344535,143.403857,13.16,1.3,cat_004858,-0.29277754629629626,-7.02666111111111,10.907362436692667,-8.752329734267887,-6.509017420992666,True,True,True,True,False,foreshock_final2d,foreshock_final2d,60.0,-6.500428171695528,-5.593753140427906
2025-11-09 01:02:42.580000+00:00,39.426473,143.527165,11.78,1.9,cat_004859,-0.2923224537037037,-7.0157388888888885,3.1901947351238467,1.845687249921086,2.602072478409295,True,True,True,True,False,foreshock_final2d,foreshock_final2d,60.0,4.49615491539932,3.0320849962844862
2025-11-09 01:03:49.270000+00:00,39.408435,143.490592,9.61,1.4,cat_004860,-0.2915505787037037,-6.997213888888889,1.426903112889104,-1.2963151715183312,0.5963383915942755,True,True,True,True,False,foreshock_final2d,foreshock_final2d,60.0,1.2672278524543472,1.1695119197249662
2025-11-09 01:05:23.740000+00:00,39.434639,143.424544,9.81,2.0,cat_004861,-0.2904571759259259,-6.970972222222222,7.8036359823841925,-6.969649057086507,3.5100902493882806,True,True,True,True,False,foreshock_final2d,foreshock_final2d,60.0,-4.269495870432985,4.335164724811266
2025-11-09 01:12:21.430000+00:00,39.357385,143.605176,12.35,1.3,cat_004862,-0.28562280092592596,-6.854947222222223,9.946686229614256,8.55152231324923,-5.0801626136100575,True,True,True,True,False,foreshock_final2d,foreshock_final2d,60.0,10.85014083295624,-4.943617033324137
2025-11-09 01:13:21.970000+00:00,39.355351,143.406462,15.18,3.2,cat_004863,-0.2849221064814815,-6.838130555555555,10.043889706637689,-8.527752901337806,-5.306333094405297,True,True,True,True,False,foreshock_final2d,foreshock_final2d,60.0,-6.222054317292963,-4.402370607194824
2025-11-09 01:15:01.330000+00:00,39.356197,143.394255,12.03,1.6,cat_004864,-0.2837721064814815,-6.810530555555555,10.903408860503584,-9.576882309502334,-5.212262186463691,True,True,True,True,False,foreshock_final2d,foreshock_final2d,60.0,-7.265899158545709,-4.261268522920196
2025-11-09 01:15:31.080000+00:00,39.415662,143.460758,13.27,2.5,cat_004865,-0.2834277777777778,-6.802266666666666,4.105425375712346,-3.8593619222854327,1.3999441264545365,True,True,True,True,False,foreshock_final2d,foreshock_final2d,60.0,-1.2571344254717847,2.087436706132703
2025-11-09 01:18:46.540000+00:00,39.351819,143.6,11.09,2.3,cat_004867,-0.28116550925925926,-6.747972222222222,9.909716932299963,8.10697658037396,-5.699073575313864,True,True,True,True,False,foreshock_final2d,foreshock_final2d,60.0,10.378242785573562,-5.541934607870594
2025-11-09 01:19:25.990000+00:00,39.352205,143.407064,15.02,3.2,cat_004868,-0.280708912037037,-6.737013888888889,10.190095273181468,-8.476202206764862,-5.656152333629189,True,True,True,True,False,foreshock_final2d,foreshock_final2d,60.0,-6.186269282638412,-4.75415236558617
2025-11-09 01:21:46.620000+00:00,39.361466,143.392269,10.62,1.2,cat_004869,-0.27908125,-6.6979500000000005,10.789412486067071,-9.747209391022764,-4.626376117973687,True,True,True,True,False,foreshock_final2d,foreshock_final2d,60.0,-7.4097367394479825,-3.668322867509752
2025-11-09 01:28:20.590000+00:00,39.477596,143.427035,10.8,2.0,cat_004871,-0.27452141203703706,-6.5885138888888894,10.690190444536208,-6.753588019490311,8.286690713258729,True,True,True,True,False,foreshock_final2d,foreshock_final2d,60.0,-3.839091503349183,9.097238479407022
2025-11-09 01:37:16.660000+00:00,39.380815,143.371208,11.71,1.5,cat_004873,-0.2683168981481482,-6.4396055555555565,11.817759856084933,-11.555713678661933,-2.474865482328311,True,True,True,True,False,foreshock_final2d,foreshock_final2d,60.0,-9.119771266924994,-1.4377472268867075
2025-11-09 01:41:09.570000+00:00,39.470219,143.579281,3.04,1.5,cat_004875,-0.26562118055555556,-6.374908333333334,9.782605154488612,6.320772501251805,7.46640573940202,True,True,True,True,False,foreshock_final2d,foreshock_final2d,60.0,9.185225416027693,7.690490723656741
2025-11-09 01:42:11.260000+00:00,39.401477,143.499756,12.29,1.5,cat_004876,-0.26490717592592594,-6.357772222222223,0.539011655376473,-0.5089974918128132,-0.17735590799827017,True,True,True,True,False,foreshock_final2d,foreshock_final2d,60.0,2.018997044526471,0.36123283435277465
2025-11-09 01:45:27.140000+00:00,39.360095,143.602523,12.34,1.6,cat_004878,-0.2626400462962963,-6.30336111111111,9.597662647172399,8.323339621583218,-4.778824362403255,True,True,True,True,False,foreshock_final2d,foreshock_final2d,60.0,10.635724359298212,-4.6323331464292705
2025-11-09 01:48:46.590000+00:00,39.39786,143.461247,11.57,1.8,cat_004879,-0.26033159722222227,-6.247958333333335,3.8615750749665976,-3.8178379416966144,-0.5795479576714642,True,True,True,True,False,foreshock_final2d,foreshock_final2d,60.0,-1.3045697024060292,0.10807745461123897
2025-11-09 01:50:35.080000+00:00,39.379431,143.369938,12.32,1.6,cat_004880,-0.25907592592592593,-6.217822222222223,11.957498247055613,-11.664965518379748,-2.628759260804559,True,True,True,True,False,foreshock_final2d,foreshock_final2d,60.0,-9.235825626576583,-1.5865781549268285
2025-11-09 01:51:50.360000+00:00,39.355042,143.411914,14.57,2.0,cat_004881,-0.25820462962962965,-6.1969111111111115,9.668156502714561,-8.059173218003407,-5.340692326738627,True,True,True,True,False,foreshock_final2d,foreshock_final2d,60.0,-5.755491000605508,-4.457743416423742
2025-11-09 01:52:23.340000+00:00,39.355298,143.391618,4.86,2.2,cat_004882,-0.2578229166666667,-6.18775,11.15034356950827,-9.803593306622915,-5.312226425517592,True,True,True,True,False,foreshock_final2d,foreshock_final2d,60.0,-7.496871639013747,-4.350948167051262
2025-11-09 01:53:36.100000+00:00,39.481807,143.498763,13.0,2.3,cat_004883,-0.25698078703703703,-6.167538888888888,8.775058402084161,-0.5939749023050509,8.754932549359529,True,True,True,True,False,foreshock_final2d,foreshock_final2d,60.0,2.3353373064910894,9.288322342384017
2025-11-09 01:58:00.180000+00:00,39.434696,143.421891,11.07,1.4,cat_004884,-0.25392430555555556,-6.0941833333333335,8.010609032254743,-7.1975409938740285,3.5164283602076103,True,True,True,True,False,foreshock_final2d,foreshock_final2d,60.0,-4.496873074345295,4.3517331780446025
2025-11-09 02:00:27.450000+00:00,39.433655,143.414925,9.81,1.7,cat_004885,-0.2522197916666667,-6.053275000000001,8.50540681042506,-7.795984084424769,3.4006744415705423,True,True,True,True,False,foreshock_final2d,foreshock_final2d,60.0,-5.099911690243529,4.262977727263808
2025-11-09 02:01:56.010000+00:00,39.41805,143.483805,12.03,1.8,cat_004886,-0.25119479166666664,-6.028675,2.511095238916714,-1.8793040476119285,1.6654776112821197,True,True,True,True,False,foreshock_final2d,foreshock_final2d,60.0,0.7328523894304146,2.263759407837946
2025-11-09 02:03:53.300000+00:00,39.436344,143.412158,9.56,1.6,cat_004887,-0.2498372685185185,-5.996094444444444,8.844490977942481,-8.033518381597908,3.6996775993173845,True,True,True,True,False,foreshock_final2d,foreshock_final2d,60.0,-5.323775220784796,4.572348945009931
2025-11-09 02:05:05.090000+00:00,39.43068,143.416081,11.52,1.4,cat_004888,-0.24900636574074075,-5.976152777777778,8.286466868383005,-7.69684627211603,3.0698695348030602,True,True,True,True,False,foreshock_final2d,foreshock_final2d,60.0,-5.015733461356904,3.928053529941016
2025-11-09 02:06:21.090000+00:00,39.392529,143.496029,12.93,1.8,cat_004889,-0.24812673611111113,-5.955041666666667,1.4359864759881331,-0.8292791836679549,-1.1723281116134066,True,True,True,True,False,foreshock_final2d,foreshock_final2d,60.0,1.654345211186533,-0.6183482437342689
2025-11-09 02:10:33.220000+00:00,39.394462,143.577865,10.68,1.4,cat_004890,-0.24520856481481482,-5.885005555555556,6.275990788052034,6.202537404035263,-0.9573883184101453,True,True,True,True,False,foreshock_final2d,foreshock_final2d,60.0,8.68871896340664,-0.7194894908949558
2025-11-09 02:15:57.620000+00:00,39.446012,143.568294,13.42,2.1,cat_004892,-0.24145393518518518,-5.794894444444444,7.19182908086509,5.378155238615991,4.774710150117523,True,True,True,True,False,foreshock_final2d,foreshock_final2d,60.0,8.122650605076307,5.043853759446447
2025-11-09 02:17:47.390000+00:00,39.356364,143.405794,15.09,2.4,cat_004893,-0.24018344907407405,-5.764402777777777,10.03386519717918,-8.585104977091287,-5.193692633714318,True,True,True,True,False,foreshock_final2d,foreshock_final2d,60.0,-6.274288775479862,-4.287267630014255
2025-11-09 02:19:54.970000+00:00,39.411271,143.494727,9.72,1.6,cat_004894,-0.23870682870370372,-5.728963888888889,1.310232748803141,-0.9410293855997811,0.911687203558473,True,True,True,True,False,foreshock_final2d,foreshock_final2d,60.0,1.636320259199444,1.4685832459434867
2025-11-09 02:21:40.220000+00:00,39.35142,143.413037,13.84,1.7,cat_004895,-0.2374886574074074,-5.6997277777777775,9.8180546923158,-7.962858118028353,-5.74344035104522,True,True,True,True,False,foreshock_final2d,foreshock_final2d,60.0,-5.677364267354125,-4.864411319162004
2025-11-09 02:25:51.910000+00:00,39.366394,143.377686,13.28,2.4,cat_004896,-0.2345755787037037,-5.629813888888889,11.73188451305098,-11.000169956889643,-4.078407519469346,True,True,True,True,False,foreshock_final2d,foreshock_final2d,60.0,-8.636818241338293,-3.0646253006081774
2025-11-09 02:30:00.980000+00:00,39.386434,143.503353,13.32,1.4,cat_004897,-0.23169282407407404,-5.560627777777777,1.8608359761237994,-0.1999603109340347,-1.85006118951221,True,True,True,True,False,foreshock_final2d,foreshock_final2d,60.0,2.252585585365815,-1.3236657773027394
2025-11-09 02:30:20.780000+00:00,39.369824,143.375895,11.63,1.8,cat_004898,-0.2314636574074074,-5.555127777777778,11.75055457147767,-11.153819513699977,-3.697008921078332,True,True,True,True,False,foreshock_final2d,foreshock_final2d,60.0,-8.773180559851761,-2.676709852021409
2025-11-09 02:31:45.160000+00:00,39.392334,143.467904,10.85,1.6,cat_004899,-0.23048703703703705,-5.531688888888889,3.45861373271674,-3.2459739122406788,-1.1940111223096572,True,True,True,True,False,foreshock_final2d,foreshock_final2d,60.0,-0.7608841392729775,-0.5314531993244882
2025-11-09 02:32:38.600000+00:00,39.351811,143.413981,16.02,4.7,cat_004900,-0.2298685185185185,-5.516844444444444,9.726803894126935,-7.881697286261637,-5.699963134727145,True,True,True,True,False,foreshock_final2d,foreshock_final2d,60.0,-5.594332392781775,-4.824623673380489
2025-11-09 02:39:25.060000+00:00,39.387569,143.487305,11.91,1.4,cat_004901,-0.22516412037037037,-5.403938888888889,2.3376894012661693,-1.578960389126166,-1.7238549477708707,True,True,True,True,False,foreshock_final2d,foreshock_final2d,60.0,0.8806465347331915,-1.1356432455209537
2025-11-09 02:40:00.230000+00:00,39.383085,143.517025,12.02,1.8,cat_004902,-0.22475706018518515,-5.394169444444444,2.426878089690578,0.974905103348809,-2.222452998844842,True,True,True,True,False,foreshock_final2d,foreshock_final2d,60.0,3.409537544963285,-1.7484558013376783
2025-11-09 02:43:45.520000+00:00,39.38936,143.535042,9.02,2.0,cat_004903,-0.22214953703703705,-5.33158888888889,2.9479569178744884,2.52303890305833,-1.524704834149986,True,True,True,True,False,foreshock_final2d,foreshock_final2d,60.0,4.987451029318159,-1.1209529734323822
2025-11-09 02:48:09.980000+00:00,39.390902,143.488216,12.92,1.1,cat_004904,-0.21908865740740738,-5.258127777777777,2.0206910748990565,-1.5006424777248983,-1.3532422572647997,True,True,True,True,False,foreshock_final2d,foreshock_final2d,60.0,0.9755330459886904,-0.7689226276220338
2025-11-09 02:52:46.430000+00:00,39.386991,143.489095,13.18,1.5,cat_004905,-0.21588900462962965,-5.181336111111111,2.2865806711994794,-1.425151920174599,-1.7881256153711258,True,True,True,True,False,foreshock_final2d,foreshock_final2d,60.0,1.0314127608795198,-1.2067580041059467
2025-11-09 02:53:19.860000+00:00,39.379765,143.379492,8.69,1.7,cat_004906,-0.21550208333333334,-5.1720500000000005,11.149306397592389,-10.84391821079217,-2.591620155305023,True,True,True,True,False,foreshock_final2d,foreshock_final2d,60.0,-8.41393880607479,-1.5863573845206278
2025-11-09 02:55:44.620000+00:00,39.377002,143.543115,9.98,1.4,cat_004907,-0.21382662037037037,-5.131838888888889,4.33042711124671,3.2170263065554243,-2.8988517376241196,True,True,True,True,False,foreshock_final2d,foreshock_final2d,60.0,5.61901225684068,-2.524886249777962
2025-11-09 03:05:56.350000+00:00,39.422123,143.637321,14.65,2.4,cat_004909,-0.20674641203703703,-4.961913888888889,11.505776469731318,11.309085183708367,2.118374547505209,True,True,True,True,False,foreshock_final2d,foreshock_final2d,60.0,13.928273326068096,2.123786351182883
2025-11-09 03:08:31.210000+00:00,39.353646,143.402507,14.86,2.3,cat_004910,-0.20495405092592592,-4.918897222222222,10.432777899949766,-8.867792085093592,-5.495920444334401,True,True,True,True,False,foreshock_final2d,foreshock_final2d,60.0,-6.570266398124813,-4.576492278750074
2025-11-09 03:09:16.990000+00:00,39.436108,143.387174,9.22,2.2,cat_004911,-0.2044241898148148,-4.906180555555555,10.822175910775483,-10.179655492544287,3.673435596629156,True,True,True,True,False,foreshock_final2d,foreshock_final2d,60.0,-7.4689248356523095,4.642536347869093
2025-11-09 03:10:24.750000+00:00,39.389274,143.587679,12.3,1.7,cat_004912,-0.20363993055555557,-4.887358333333333,7.211180015448782,7.046072969559405,-1.534267597841767,True,True,True,True,False,foreshock_final2d,foreshock_final2d,60.0,9.505490083585297,-1.3336774837634116
2025-11-09 03:15:01.840000+00:00,39.419491,143.640902,16.05,3.4,cat_004913,-0.2004328703703704,-4.810388888888889,11.759530158533597,11.616942903020192,1.8257095005769066,True,True,True,True,False,foreshock_final2d,foreshock_final2d,60.0,14.222673999022616,1.8175879697414563
2025-11-09 03:17:35.140000+00:00,39.430941,143.563721,13.47,2.3,cat_004914,-0.1986585648148148,-4.767805555555555,5.870463585335808,4.985901831384755,3.098891410656705,True,True,True,True,False,foreshock_final2d,foreshock_final2d,60.0,7.65551657219075,3.3873462954328883
2025-11-09 03:22:51.310000+00:00,39.470211,143.427751,9.59,1.5,cat_004916,-0.19499918981481482,-4.679980555555556,10.026110449265985,-6.692456740174775,7.4655161799887395,True,True,True,True,False,foreshock_final2d,foreshock_final2d,60.0,-3.814908491230988,8.274146850651857
2025-11-09 03:33:42.050000+00:00,39.430253,143.443506,12.06,1.1,cat_004920,-0.18746747685185186,-4.499219444444445,6.136835417784413,-5.340965699674699,3.0223893011256164,True,True,True,True,False,foreshock_final2d,foreshock_final2d,60.0,-2.66436364505055,3.7747967807911476
2025-11-09 03:45:55.850000+00:00,39.411251,143.488102,8.52,1.2,cat_004921,-0.1789744212962963,-4.295386111111111,1.7629185062350254,-1.510217923136746,0.909463305025666,True,True,True,True,False,foreshock_final2d,foreshock_final2d,60.0,1.0676063532495246,1.4919291271078292
2025-11-09 03:47:25.660000+00:00,39.471057,143.461328,8.81,1.8,cat_004922,-0.1779349537037037,-4.270438888888889,8.464921835061222,-3.8088778114562283,7.559587087930347,True,True,True,True,False,foreshock_final2d,foreshock_final2d,60.0,-0.9300145924992931,8.238594538051892
2025-11-09 03:50:29.080000+00:00,39.424231,143.522933,11.24,1.6,cat_004923,-0.17581203703703704,-4.219488888888889,2.7807074151336484,1.4821575119686057,2.3527734528719138,True,True,True,True,False,foreshock_final2d,foreshock_final2d,60.0,4.12179378624554,2.7993670994901185
2025-11-09 03:52:11.840000+00:00,39.457495,143.412451,8.28,1.2,cat_004924,-0.17462268518518517,-4.190944444444444,10.036711636975419,-8.007134586625442,6.051561492776807,True,True,True,True,False,foreshock_final2d,foreshock_final2d,60.0,-5.191773143929607,6.920673753177856
2025-11-09 03:53:38.020000+00:00,39.356075,143.403467,14.63,1.6,cat_004925,-0.17362523148148148,-4.167005555555556,10.221922779265697,-8.785126559804498,-5.2258279675148405,True,True,True,True,False,foreshock_final2d,foreshock_final2d,60.0,-6.475551956231426,-4.310385703102888
2025-11-09 04:00:38.430000+00:00,39.4066,143.49598,12.27,1.3,cat_004929,-0.168759375,-4.050224999999999,0.9211192584919252,-0.8334055270491455,0.3922957012015314,True,True,True,True,False,foreshock_final2d,foreshock_final2d,60.0,1.7205047960334747,0.9448816215351143
2025-11-09 04:04:29.150000+00:00,39.41154,143.376025,9.69,0.9,cat_004930,-0.16608900462962964,-3.9861361111111115,11.179040657083434,-11.139316138739238,0.9415986388261884,True,True,True,True,False,foreshock_final2d,foreshock_final2d,60.0,-8.55032894797854,1.9565641094203414
2025-11-09 04:05:40.570000+00:00,39.430587,143.50485,9.89,1.0,cat_004931,-0.16526238425925927,-3.9662972222222224,3.0603590844187427,-0.0712997540955447,3.059528406625152,True,True,True,True,False,foreshock_final2d,foreshock_final2d,60.0,2.601651467036254,3.5751888389968562
2025-11-09 04:05:57.530000+00:00,39.359261,143.403613,13.58,2.4,cat_004932,-0.16506608796296296,-3.961586111111111,10.03427616498312,-8.772377771718011,-4.871560931225336,True,True,True,True,False,foreshock_final2d,foreshock_final2d,60.0,-6.446902619026623,-3.9570489231368775
2025-11-09 04:12:56.770000+00:00,39.34362,143.402588,14.0,1.2,cat_004933,-0.16021377314814814,-3.8451305555555555,11.055664356640552,-8.86146636266106,-6.610760778872338,True,True,True,True,False,foreshock_final2d,foreshock_final2d,60.0,-6.614024877368305,-5.690491462668648
2025-11-09 04:22:35.580000+00:00,39.441626,143.405355,13.97,3.1,cat_004934,-0.15351458333333334,-3.6843500000000002,9.625014799153353,-8.617567993446096,4.287009201854068,True,True,True,True,False,foreshock_final2d,foreshock_final2d,60.0,-5.880852796455132,5.185322790392903
2025-11-09 04:24:15.640000+00:00,39.460498,143.423779,10.33,2.2,cat_004935,-0.15235648148148148,-3.6565555555555553,9.50012156203591,-7.0340580482819455,6.3854798574903775,True,True,True,True,False,foreshock_final2d,foreshock_final2d,60.0,-4.204679439553713,7.210545177345577
2025-11-09 04:28:21.480000+00:00,39.409436,143.521842,11.76,1.6,cat_004936,-0.14951111111111112,-3.5882666666666667,1.558497749725288,1.3885800265156178,0.7076445131657289,True,True,True,True,False,foreshock_final2d,foreshock_final2d,60.0,3.9544127611283977,1.1601021524869701
2025-11-09 04:30:47.380000+00:00,39.339555,143.608285,11.35,1.8,cat_004937,-0.1478224537037037,-3.5477388888888886,11.299231351766638,8.819862104626397,-7.062768155682937,True,True,True,True,False,foreshock_final2d,foreshock_final2d,60.0,11.029152569215755,-6.936275001309559
2025-11-09 04:31:23.760000+00:00,39.432861,143.520426,9.54,2.0,cat_004938,-0.14740138888888887,-3.537633333333333,3.5463293838332617,1.2667096691882571,3.312385669814866,True,True,True,True,False,foreshock_final2d,foreshock_final2d,60.0,3.949668494722858,3.7676884634406953
2025-11-09 04:32:17.790000+00:00,39.359176,143.594515,12.43,1.8,cat_004939,-0.14677604166666666,-3.5226249999999997,9.0619785868719,7.635128433776402,-4.8810124999899624,True,True,True,True,False,foreshock_final2d,foreshock_final2d,60.0,9.943617621274077,-4.703504191577569
2025-11-09 04:33:16.900000+00:00,39.465763,143.424349,9.15,1.8,cat_004940,-0.14609189814814816,-3.506205555555556,9.868217151011864,-6.98483973768182,6.970921146274136,True,True,True,True,False,foreshock_final2d,foreshock_final2d,60.0,-4.1292132122305585,7.793184682738687
2025-11-09 04:35:12.580000+00:00,39.368168,143.373112,15.02,3.2,cat_004942,-0.14475300925925927,-3.4740722222222225,12.036055531717569,-11.393127778994867,-3.8811477196021773,True,True,True,True,False,foreshock_final2d,foreshock_final2d,60.0,-9.020518653026473,-2.8499132313907287
2025-11-09 04:37:08.730000+00:00,39.358333,143.490902,12.97,2.0,cat_004943,-0.14340868055555556,-3.4418083333333334,5.134333767352572,-1.2701368756516629,-4.974749823150898,True,True,True,True,False,foreshock_final2d,foreshock_final2d,60.0,1.0431304956462115,-4.397128860343265
2025-11-09 04:40:24.890000+00:00,39.420805,143.508659,12.9,1.2,cat_004945,-0.1411383101851852,-3.3873194444444445,1.9883585517926683,0.2559239385192666,1.9718196341879353,True,True,True,True,False,foreshock_final2d,foreshock_final2d,60.0,2.8796857800290856,2.473879327803952
2025-11-09 04:45:19.620000+00:00,39.390234,143.474056,11.09,1.5,cat_004947,-0.13772708333333333,-3.30545,3.0695337162578578,-2.717392632075144,-1.4275204682630813,True,True,True,True,False,foreshock_final2d,foreshock_final2d,60.0,-0.24332546835559254,-0.7884703321138455
2025-11-09 04:47:18.050000+00:00,39.378304,143.600212,10.6,1.6,cat_004948,-0.13635636574074075,-3.2725527777777783,8.577804235655469,8.123656832985949,-2.754075943132617,True,True,True,True,False,foreshock_final2d,foreshock_final2d,60.0,10.527193352196003,-2.6006588620277795
2025-11-09 05:09:23.060000+00:00,39.418229,143.410889,13.49,3.2,cat_004951,-0.12102060185185186,-2.9044944444444445,8.316155962914642,-8.143583145979647,1.6853815031510186,True,True,True,True,False,foreshock_final2d,foreshock_final2d,60.0,-5.52420960294741,2.565030068040813
2025-11-09 05:15:30.770000+00:00,39.391361,143.490885,14.84,2.6,cat_004952,-0.11676469907407407,-2.8023527777777777,1.8198711426737377,-1.2712970921328526,-1.3022037859342328,True,True,True,True,False,foreshock_final2d,foreshock_final2d,60.0,1.2069395459438124,-0.7282377013391299
2025-11-09 05:20:19.110000+00:00,39.367952,143.604541,13.84,1.6,cat_004953,-0.11342743055555554,-2.722258333333333,9.350799527521136,8.496301885774718,-3.9051658237568083,True,True,True,True,False,foreshock_final2d,foreshock_final2d,60.0,10.84775614469229,-3.767325800236942
2025-11-09 05:25:31.070000+00:00,39.41991,143.534814,8.41,1.1,cat_004954,-0.10981678240740742,-2.6356027777777777,3.1257016415787224,2.5028989189120616,1.8723001748410697,True,True,True,True,False,foreshock_final2d,foreshock_final2d,60.0,5.119922367255738,2.2735278402851975
2025-11-09 05:25:54.460000+00:00,39.375313,143.506136,12.24,1.3,cat_004955,-0.10954606481481483,-2.629105555555556,3.08690871548935,0.03918743822156934,-3.0866599687266616,True,True,True,True,False,foreshock_final2d,foreshock_final2d,60.0,2.435944826224554,-2.5697587013949077
2025-11-09 05:31:31.800000+00:00,39.396598,143.50127,15.04,3.4,cat_004956,-0.10564166666666668,-2.5354,0.8135147700570531,-0.3789259701639225,-0.7198759550973525,True,True,True,True,False,foreshock_final2d,foreshock_final2d,60.0,2.124567668837531,-0.18658232200110114
2025-11-09 05:34:23.980000+00:00,39.436987,143.440885,11.56,1.4,cat_004958,-0.10364884259259259,-2.487572222222222,6.723127990549301,-5.565849988785452,3.7711759371502493,True,True,True,True,False,foreshock_final2d,foreshock_final2d,60.0,-2.8553859896325515,4.532929245238048
2025-11-09 05:41:22.830000+00:00,39.423185,143.480811,10.93,1.2,cat_004960,-0.09880104166666666,-2.371225,3.092920613415465,-2.1364430341530207,2.2364635596014475,True,True,True,True,False,foreshock_final2d,foreshock_final2d,60.0,0.5016212271467562,2.8457195105653157
2025-11-09 05:49:10.260000+00:00,39.462504,143.521615,8.73,1.7,cat_004962,-0.09339097222222222,-2.2413833333333333,6.7487557810368735,1.368555956762934,6.608536880339531,True,True,True,True,False,foreshock_final2d,foreshock_final2d,60.0,4.1994726946446725,7.0559377439298405
2025-11-09 05:50:21.360000+00:00,39.460685,143.539111,6.88,1.4,cat_004963,-0.09256805555555556,-2.221633333333333,7.020270936804495,2.8712137707975582,6.406273308772557,True,True,True,True,False,foreshock_final2d,foreshock_final2d,60.0,5.691528223569028,6.786380037550282
2025-11-09 05:50:45.550000+00:00,39.363818,143.595475,10.16,1.4,cat_004964,-0.0922880787037037,-2.214913888888889,8.866218940796582,7.717381207426605,-4.3648456505054725,True,True,True,True,False,foreshock_final2d,foreshock_final2d,60.0,10.048973209916955,-4.191553085297283
2025-11-09 05:51:29.270000+00:00,39.37122,143.600407,8.06,1.2,cat_004965,-0.09178206018518519,-2.2027694444444443,8.877909209515643,8.14082747080924,-3.541780803482558,True,True,True,True,False,foreshock_final2d,foreshock_final2d,60.0,10.508963529165058,-3.3883399214512235
2025-11-09 05:54:17.580000+00:00,39.398946,143.523779,11.14,0.9,cat_004966,-0.08983402777777777,-2.1560166666666665,1.6213812613161167,1.5551169397870146,-0.45879026733538353,True,True,True,True,False,foreshock_final2d,foreshock_final2d,60.0,4.068386173791651,-0.01263596911159659
2025-11-09 05:55:21.790000+00:00,39.443624,143.465592,11.08,1.6,cat_004967,-0.08909085648148148,-2.1381805555555555,5.673576539794383,-3.443370187424571,4.50917666528994,True,True,True,True,False,foreshock_final2d,foreshock_final2d,60.0,-0.7018981210977189,5.174844801984372
2025-11-09 05:59:24.850000+00:00,39.368286,143.594027,8.95,3.3,cat_004968,-0.08627766203703705,-2.0706638888888893,8.521183688899526,7.592690611196689,-3.8680267182580628,True,True,True,True,False,foreshock_final2d,foreshock_final2d,60.0,9.946725218801783,-3.6896346212610016
2025-11-09 06:01:20.710000+00:00,39.373271,143.590169,9.61,1.5,cat_004969,-0.08493668981481481,-2.038480555555555,7.981286881009694,7.260868227598588,-3.3137200089343923,True,True,True,True,False,foreshock_final2d,foreshock_final2d,60.0,9.640136824104724,-3.12098219798731
2025-11-09 06:02:28.860000+00:00,39.469401,143.428076,6.89,0.9,cat_004970,-0.08414791666666667,-2.01955,9.940518640612803,-6.664584843916912,7.375448289406502,True,True,True,True,False,foreshock_final2d,foreshock_final2d,60.0,-3.791110512413495,8.182917887492424
2025-11-09 06:08:17.590000+00:00,39.353373,143.450423,11.07,1.6,cat_004971,-0.08011168981481481,-1.9226805555555555,7.286728301443369,-4.749387392094364,-5.526276659308362,True,True,True,True,False,foreshock_final2d,foreshock_final2d,60.0,-2.4573823192887727,-4.791813594839818
2025-11-09 06:15:48.250000+00:00,39.353646,143.445882,11.31,1.2,cat_004973,-0.07489571759259259,-1.797497222222222,7.524722503554102,-5.139680256505501,-5.495920444334401,True,True,True,True,False,foreshock_final2d,foreshock_final2d,60.0,-2.8459176508244304,-4.7439563493458206
2025-11-09 06:18:11.830000+00:00,39.468986,143.425879,9.99,1.3,cat_004974,-0.07323391203703704,-1.7576138888888888,10.034248006924198,-6.853282295711021,7.329302394849374,True,True,True,True,False,foreshock_final2d,foreshock_final2d,60.0,-3.9816903367909906,8.145294723905206
2025-11-09 06:19:24.740000+00:00,39.374003,143.595508,9.17,1.1,cat_004975,-0.07239004629629629,-1.737361111111111,8.369048734811829,7.719654041041819,-3.2323253226306545,True,True,True,True,False,foreshock_final2d,foreshock_final2d,60.0,10.102115738434138,-3.060277994753375
2025-11-09 06:20:33.150000+00:00,39.369975,143.596354,6.6,0.8,cat_004976,-0.07159826388888889,-1.7183583333333332,8.617908210643511,7.792582628378224,-3.680218487155521,True,True,True,True,False,foreshock_final2d,foreshock_final2d,60.0,10.154851678074618,-3.5109949639804254
2025-11-09 06:23:57.750000+00:00,39.37465,143.613477,9.1,1.6,cat_004978,-0.06923020833333333,-1.6615250000000001,9.788085730217919,9.263834092472884,-3.1603822050915436,True,True,True,True,False,foreshock_final2d,foreshock_final2d,60.0,11.647968757990844,-3.0577709394481656
2025-11-09 06:30:12.560000+00:00,39.418766,143.421582,12.45,1.6,cat_004979,-0.06489212962962963,-1.557411111111111,7.432675563928724,-7.224909729604325,1.745093178759296,True,True,True,True,False,foreshock_final2d,foreshock_final2d,60.0,-4.6037812720690905,2.5834153304868
2025-11-09 06:34:51.820000+00:00,39.375773,143.372754,10.25,1.9,cat_004980,-0.0616599537037037,-1.479838888888889,11.819705815365426,-11.423272464441496,-3.035510302469731,True,True,True,True,False,foreshock_final2d,foreshock_final2d,60.0,-9.012647493579179,-2.0037753063666424
2025-11-09 06:36:10.580000+00:00,39.401371,143.517546,11.17,1.6,cat_004981,-0.06074837962962963,-1.457961111111111,1.0369385203485713,1.0195423408765203,-0.18914257022285824,True,True,True,True,False,foreshock_final2d,foreshock_final2d,60.0,3.5454645514831027,0.28079717229956214
2025-11-09 06:39:26.740000+00:00,39.418555,143.420801,11.54,1.2,cat_004982,-0.05847800925925926,-1.4034722222222222,7.492497558103604,-7.292016942327794,1.7216310492372735,True,True,True,True,False,foreshock_final2d,foreshock_final2d,60.0,-4.67187464990433,2.5629912903328935
2025-11-09 06:40:23.700000+00:00,39.464726,143.510563,12.38,1.3,cat_004983,-0.05781875,-1.38765,6.868426414777722,0.4193631736722227,6.855612007343315,True,True,True,True,False,foreshock_final2d,foreshock_final2d,60.0,3.2623364426287047,7.345400527397578
2025-11-09 06:44:49.550000+00:00,39.3927,143.48138,11.88,1.1,cat_004984,-0.0547417824074074,-1.3138027777777777,2.385361776333538,-2.0880177664762245,-1.1533137791577883,True,True,True,True,False,foreshock_final2d,foreshock_final2d,60.0,0.39773128382958856,-0.5428114827403046
2025-11-09 06:52:16.410000+00:00,39.357837,143.60848,10.89,1.5,cat_004985,-0.04956979166666667,-1.189675,10.16687659607633,8.83546723007163,-5.029902506766407,True,True,True,True,False,foreshock_final2d,foreshock_final2d,60.0,11.136056788903872,-4.9061622570764065
2025-11-09 06:59:56.060000+00:00,39.393136,143.531055,9.95,1.5,cat_004986,-0.044249768518518515,-1.0619944444444442,2.4443243585704515,2.1803821089108095,-1.1048327911406999,True,True,True,True,False,foreshock_final2d,foreshock_final2d,60.0,4.664000452718293,-0.6861128469796101
2025-11-09 07:20:01.030000+00:00,39.41672,143.618278,9.0,1.3,cat_004988,-0.030303356481481483,-0.7272805555555556,9.791819871948594,9.673503783788549,1.5175883588445296,True,True,True,True,False,foreshock_final2d,foreshock_final2d,60.0,12.267355970765728,1.5970757104089508
2025-11-09 07:21:41.860000+00:00,39.42653,143.576432,14.8,1.9,cat_004989,-0.029136342592592592,-0.6992722222222222,6.614075045869438,6.078008420898638,2.608410589227834,True,True,True,True,False,foreshock_final2d,foreshock_final2d,60.0,8.724488769620297,2.8483039221709814
2025-11-09 07:22:03.940000+00:00,39.441785,143.567936,6.23,2.3,cat_004990,-0.028880787037037038,-0.693138888888889,6.864897807829849,5.347567416397028,4.30468919519095,True,True,True,True,False,foreshock_final2d,foreshock_final2d,60.0,8.070980658304862,4.575681216959362
2025-11-09 07:25:40.900000+00:00,39.405717,143.620443,12.54,1.5,cat_004991,-0.02636967592592593,-0.6328722222222223,9.864665518068831,9.860280822578277,0.29411058097498227,True,True,True,True,False,foreshock_final2d,foreshock_final2d,60.0,12.398986749035965,0.36644299778847245
2025-11-09 07:32:20.020000+00:00,39.44939,143.471924,8.04,1.2,cat_004992,-0.02175023148148148,-0.5220055555555556,5.910343363312784,-2.899361299133971,5.150326612322607,True,True,True,True,False,foreshock_final2d,foreshock_final2d,60.0,-0.1296383553745195,5.790911101706727
2025-11-09 07:34:35.290000+00:00,39.41449,143.606852,6.58,1.2,cat_004993,-0.02018460648148148,-0.48443055555555553,8.784249552908715,8.692013840672065,1.269623672427465,True,True,True,True,False,foreshock_final2d,foreshock_final2d,60.0,11.275718330624095,1.3934491286396602
2025-11-09 07:35:26.070000+00:00,39.413969,143.383447,10.47,1.3,cat_004994,-0.019596875,-0.470325,10.571144014802744,-10.501471719950537,1.2116911156457493,True,True,True,True,False,foreshock_final2d,foreshock_final2d,60.0,-7.900995999022841,2.197732453145042
2025-11-09 07:36:20.930000+00:00,39.462683,143.416699,12.34,4.4,cat_004995,-0.018961921296296296,-0.4550861111111111,10.116146472135952,-7.642003210316571,6.62844077220843,True,True,True,True,False,foreshock_final2d,foreshock_final2d,60.0,-4.8010973264384855,7.48056930650044
2025-11-09 07:38:28.820000+00:00,39.391036,143.500293,10.03,2.5,cat_004996,-0.017481712962962963,-0.4195611111111111,1.4161317269663452,-0.46289242232251154,-1.338342137094124,True,True,True,True,False,foreshock_final2d,foreshock_final2d,60.0,2.01290491986019,-0.800652524708078
2025-11-09 07:40:29.780000+00:00,39.414852,143.59707,8.8,1.6,cat_004997,-0.016081712962962964,-0.38596111111111114,7.960102912875735,7.851590192761924,1.3098762358730884,True,True,True,True,False,foreshock_final2d,foreshock_final2d,60.0,10.437951105344244,1.4714122806887695
2025-11-09 07:43:38.520000+00:00,39.456628,143.554508,10.26,1.7,cat_004998,-0.013897222222222222,-0.33353333333333335,7.283613330036098,4.193703676033287,5.95515549137603,True,True,True,True,False,foreshock_final2d,foreshock_final2d,60.0,6.992419349922214,6.2763122851893325
2025-11-09 07:47:28.840000+00:00,39.376925,143.590104,13.11,2.8,cat_004999,-0.011231481481481481,-0.26955555555555555,7.815971584033573,7.255092260109568,-2.907413746975466,True,True,True,True,False,foreshock_final2d,foreshock_final2d,60.0,9.652617668401614,-2.7148266011612825
2025-11-09 07:51:21.740000+00:00,39.378682,143.587695,9.8,1.4,cat_005000,-0.00853587962962963,-0.2048611111111111,7.551770653440973,7.0479828045078055,-2.712044260861222,True,True,True,True,False,foreshock_final2d,foreshock_final2d,60.0,9.45449312008587,-2.5103511110435557
2025-11-09 07:52:08.070000+00:00,39.371354,143.607438,13.37,2.0,cat_005001,-0.007999652777777777,-0.19199166666666667,9.429474525378756,8.74506240500508,-3.526880683312672,True,True,True,True,False,foreshock_final2d,foreshock_final2d,60.0,11.113257863296292,-3.4005966347388594
2025-11-09 07:56:33.700000+00:00,39.437813,143.427718,10.17,1.7,cat_005002,-0.004925231481481482,-0.11820555555555556,7.731151539099804,-6.696847376520601,3.8630229465582593,True,True,True,True,False,foreshock_final2d,foreshock_final2d,60.0,-3.981116070463665,4.675487125809075
2025-11-09 07:57:06.410000+00:00,39.377527,143.585075,10.0,1.7,cat_005003,-0.0045466435185185184,-0.10911944444444444,7.390541337338655,6.822888813848339,-2.8404744011353684,True,True,True,True,False,foreshock_final2d,foreshock_final2d,60.0,9.22385734633534,-2.628540558238874
2025-11-09 07:57:25.740000+00:00,39.456673,143.560205,12.25,2.9,cat_005004,-0.004322916666666667,-0.10375000000000001,7.579841698295412,4.683001947625885,5.9601592630750435,True,True,True,True,False,foreshock_final2d,foreshock_final2d,60.0,7.4814484994393435,6.259332083857406
2025-11-09 07:59:47.330000+00:00,39.37607,143.591585,9.92,1.4,cat_005005,-0.0026841435185185184,-0.06441944444444445,7.969622192172126,7.382409255354263,-3.0024854092567175,True,True,True,True,False,foreshock_final2d,foreshock_final2d,60.0,9.775535602534308,-2.8155212867986528
2025-11-09 08:06:34.230000+00:00,39.617057,143.464583,11.58,4.6,cat_005007,0.0020253472222222222,0.04860833333333334,24.05383031191513,-3.525642320711823,23.79404637803601,True,True,True,True,False,aftershock_0_0p5d,aftershock_0_0p5d,60.0,-14.399937579038694,13.873882479909412
2025-11-09 08:07:55.290000+00:00,39.525269,143.454801,9.99,4.5,cat_005008,0.002963541666666667,0.07112500000000001,14.272422719291143,-4.367705304106749,13.587686451185132,True,True,True,True,False,aftershock_0_0p5d,aftershock_0_0p5d,60.0,-8.058864542276439,5.832138529317714
2025-11-09 08:09:11.810000+00:00,39.337878,143.519564,12.09,4.0,cat_005009,0.003849189814814815,0.09238055555555555,7.346828623948011,1.1934743528546987,-7.249242047665161,True,True,True,True,False,aftershock_0_0p5d,aftershock_0_0p5d,60.0,10.213661373285174,-5.622952265099001
2025-11-09 08:09:47.420000+00:00,39.423771,143.42277,10.38,4.0,cat_005010,0.004261342592592593,0.10227222222222222,7.485237984818459,-7.122592285990024,2.301623786615773,True,True,True,True,False,aftershock_0_0p5d,aftershock_0_0p5d,60.0,-2.3813770796575247,-4.303479304013482
2025-11-09 08:10:50.740000+00:00,39.411121,143.440202,11.73,4.1,cat_005011,0.004994212962962963,0.11986111111111111,5.6963140303122515,-5.625562711479494,0.8950079645620256,True,True,True,True,False,aftershock_0_0p5d,aftershock_0_0p5d,60.0,-0.3272131749038465,-4.3122125862279725
2025-11-09 08:11:26.280000+00:00,39.565186,143.388509,7.06,5.1,cat_005012,0.005405555555555556,0.12973333333333334,20.641264393804477,-10.055653603123686,18.026254338055487,True,True,True,True,False,aftershock_0_0p5d,aftershock_0_0p5d,60.0,-15.246161118691747,5.202528601429652
2025-11-09 08:12:00.100000+00:00,39.456885,143.390951,8.48,4.5,cat_005013,0.005796990740740741,0.13912777777777777,11.52828102640796,-9.85374256047539,5.983732587523429,True,True,True,True,False,aftershock_0_0p5d,aftershock_0_0p5d,60.0,-6.889613004054834,-3.4710636064700973
2025-11-09 08:14:33.020000+00:00,39.601017,143.507406,8.17,3.5,cat_005014,0.007566898148148148,0.18160555555555555,22.010977918676275,0.14808771919794206,22.01047975465686,True,True,True,True,False,aftershock_0_0p5d,aftershock_0_0p5d,60.0,-10.496184520714559,15.073096541615028
2025-11-09 08:14:52.570000+00:00,39.480794,143.520817,6.13,6.1,cat_005015,0.007793171296296297,0.18703611111111113,8.739497821204722,1.2998501490680217,8.64229208866855,True,True,True,True,False,aftershock_0_0p5d,aftershock_0_0p5d,60.0,-0.5410094076074845,6.077014803696248
2025-11-09 08:17:24.570000+00:00,39.598971,143.511865,8.65,4.0,cat_005016,0.009552430555555555,0.22925833333333334,21.789437959245348,0.53066977108556,21.782974934742096,True,True,True,True,False,aftershock_0_0p5d,aftershock_0_0p5d,60.0,-10.061179155270196,15.167424700430965
2025-11-09 08:17:41.330000+00:00,39.452881,143.458105,9.82,3.9,cat_005017,0.009746412037037038,0.23391388888888892,6.8827372903239326,-4.0861967881325665,5.538508101238405,True,True,True,True,False,aftershock_0_0p5d,aftershock_0_0p5d,60.0,-2.3661492292768926,0.13463806692566926
2025-11-09 08:19:57.250000+00:00,39.371798,143.391602,10.84,3.3,cat_005018,0.011319560185185184,0.2716694444444444,10.402294893816137,-9.803809581504465,-3.477510135882303,True,True,True,True,False,aftershock_0_0p5d,aftershock_0_0p5d,60.0,-0.4037988169876625,-10.359591860344436
2025-11-09 08:20:31.580000+00:00,39.349829,143.410221,11.67,3.4,cat_005019,0.011716898148148148,0.28120555555555554,10.117926925320536,-8.204992658690449,-5.920351479336455,True,True,True,True,False,aftershock_0_0p5d,aftershock_0_0p5d,60.0,2.431186138407559,-11.057122995597995
2025-11-09 08:21:06.560000+00:00,39.538472,143.525179,7.03,3.3,cat_005020,0.01212175925925926,0.2909222222222222,15.148540506670871,1.6737319237365187,15.055793067672928,True,True,True,True,False,aftershock_0_0p5d,aftershock_0_0p5d,60.0,-4.639227796695186,11.024477630687755
2025-11-09 08:22:10.640000+00:00,39.537646,143.443018,9.95,4.0,cat_005021,0.012863425925925927,0.30872222222222223,15.901272358917572,-5.3787380043750375,14.963946058264918,True,True,True,True,False,aftershock_0_0p5d,aftershock_0_0p5d,60.0,-9.73674375995007,6.149941861569157
2025-11-09 08:23:44.550000+00:00,39.617647,143.469466,10.47,2.5,cat_005022,0.013950347222222222,0.3348083333333333,24.06106125528275,-3.106724795173891,23.859651384755793,True,True,True,True,False,aftershock_0_0p5d,aftershock_0_0p5d,60.0,-14.138145451580035,14.207440259177405
2025-11-09 08:25:24.910000+00:00,39.445744,143.41473,14.82,2.8,cat_005023,0.015111921296296297,0.36268611111111115,9.140152980992001,-7.812057358531859,4.744909909776171,True,True,True,True,False,aftershock_0_0p5d,aftershock_0_0p5d,60.0,-4.551314203455675,-2.9857608042397645
2025-11-09 08:25:33.870000+00:00,39.454403,143.383626,6.52,2.8,cat_005024,0.015215625000000002,0.365175,11.936193744612556,-10.483052362329508,5.707746779591575,True,True,True,True,False,aftershock_0_0p5d,aftershock_0_0p5d,60.0,-7.161937540422601,-4.101966403881511
2025-11-09 08:26:06.830000+00:00,39.380286,143.597542,7.76,3.4,cat_005025,0.015597106481481481,0.37433055555555556,8.290737624115774,7.8940968681699974,-2.5336875985233074,True,True,True,True,False,aftershock_0_0p5d,aftershock_0_0p5d,60.0,11.901977421754472,2.3948020823509673
2025-11-09 08:26:47.080000+00:00,39.36051,143.412679,12.16,3.1,cat_005026,0.016062962962962963,0.38551111111111114,9.289134218327627,-7.993108504849825,-4.732678467846127,True,True,True,True,False,aftershock_0_0p5d,aftershock_0_0p5d,60.0,1.7766364747717907,-10.043699680933504
2025-11-09 08:27:10.430000+00:00,39.336853,143.591797,9.44,3.3,cat_005027,0.016333217592592594,0.3919972222222222,10.441121203611795,7.402707087077986,-7.363216847476458,True,True,True,True,False,aftershock_0_0p5d,aftershock_0_0p5d,60.0,14.834499777303806,-1.4738061063467491
2025-11-09 08:29:16.130000+00:00,39.367094,143.367773,12.16,2.5,cat_005028,0.017788078703703705,0.4269138888888889,12.509032838813749,-11.85206205363018,-4.000571070817942,True,True,True,True,False,aftershock_0_0p5d,aftershock_0_0p5d,60.0,-1.5459104254786125,-12.138499391661075
2025-11-09 08:29:52.830000+00:00,39.405135,143.535254,11.22,2.7,cat_005029,0.01821284722222222,0.4371083333333333,2.55130216000232,2.5409684461157713,0.22939513366769176,True,True,True,True,False,aftershock_0_0p5d,aftershock_0_0p5d,60.0,6.101759132575584,0.7675105025129918
2025-11-09 08:30:24.630000+00:00,39.569491,143.393327,10.93,3.4,cat_005030,0.01858090277777778,0.4459416666666667,20.866207605652175,-9.641872819615694,18.504948497260557,True,True,True,True,False,aftershock_0_0p5d,aftershock_0_0p5d,60.0,-15.26971066146758,5.834832368532605
2025-11-09 08:31:03.180000+00:00,39.45778,143.408545,9.13,3.4,cat_005031,0.019027083333333333,0.45665,10.324958077613555,-8.342591118929704,6.083252046870294,True,True,True,True,False,aftershock_0_0p5d,aftershock_0_0p5d,60.0,-5.851777293123742,-2.368167492055666
2025-11-09 08:32:40.550000+00:00,39.58501,143.515967,10.45,2.7,cat_005032,0.020154050925925926,0.4836972222222222,20.24983066755991,0.8827078687327304,20.2305825638572,True,True,True,True,False,aftershock_0_0p5d,aftershock_0_0p5d,60.0,-8.74540920688313,14.271543939225458
2025-11-09 08:34:03.560000+00:00,39.433468,143.476807,15.47,5.9,cat_005033,0.021114814814814815,0.5067555555555556,4.1922740761871475,-2.4802352530619083,3.379880990287573,True,True,True,True,False,aftershock_0_0p5d,aftershock_0_0p5d,60.0,0.2803279361288453,-0.3500701641210603
2025-11-09 08:35:19.340000+00:00,39.469751,143.400326,7.3,4.5,cat_005034,0.021991898148148146,0.5278055555555555,11.697604366154158,-9.047715424503606,7.414366513732599,True,True,True,True,False,aftershock_0_0p5d,aftershock_0_0p5d,60.0,-7.275057353034409,-1.8748725688485814
2025-11-09 08:37:52.540000+00:00,39.421175,143.684489,6.04,3.1,cat_005035,0.023765046296296298,0.5703611111111111,15.49264939678854,15.361323297020244,2.0129617570460496,True,True,True,True,False,aftershock_0_0p5d,aftershock_0_0p5d,60.0,14.266333806442823,10.811530056356203
2025-11-09 08:38:06.690000+00:00,39.466646,143.406852,6.58,3.4,cat_005036,0.023928819444444444,0.5742916666666666,11.045775685821395,-8.487457021300866,7.069106266500685,True,True,True,True,False,aftershock_0_0p5d,aftershock_0_0p5d,60.0,-6.629782170275851,-1.7455897192751155
2025-11-09 08:38:35.050000+00:00,39.464608,143.427148,7.5,3.7,cat_005037,0.024257060185185184,0.5821694444444444,9.607711576338518,-6.744512931608675,6.8424910059992,True,True,True,True,False,aftershock_0_0p5d,aftershock_0_0p5d,60.0,-5.200038782627201,-0.7233165554093809
2025-11-09 08:40:12.130000+00:00,39.46995,143.384277,12.04,3.1,cat_005038,0.025380671296296294,0.6091361111111111,12.806340603353453,-10.425975537660925,7.436494304134304,True,True,True,True,False,aftershock_0_0p5d,aftershock_0_0p5d,60.0,-8.298580802466459,-2.7981765962909004
2025-11-09 08:40:49.830000+00:00,39.416125,143.355957,7.86,2.7,cat_005039,0.02581701388888889,0.6196083333333333,12.944663375941099,-12.863036523223661,1.4514273774913489,True,True,True,True,False,aftershock_0_0p5d,aftershock_0_0p5d,60.0,-6.001984462954834,-8.838535659880513
2025-11-09 08:41:33.150000+00:00,39.321313,143.591976,10.7,3.3,cat_005040,0.026318402777777777,0.6316416666666667,11.734138101812535,7.418919486512892,-9.09118600753227,True,True,True,True,False,aftershock_0_0p5d,aftershock_0_0p5d,60.0,16.024236439057404,-2.7270686230122836
2025-11-09 08:42:34.120000+00:00,39.454594,143.379574,7.11,3.1,cat_005041,0.027024074074074075,0.6485777777777778,12.252879255438684,-10.831058297244637,5.72898501058079,True,True,True,True,False,aftershock_0_0p5d,aftershock_0_0p5d,60.0,-7.431042258706665,-4.323646001023331
2025-11-09 08:44:49.940000+00:00,39.606791,143.432894,11.06,2.6,cat_005042,0.028596064814814814,0.6863055555555555,23.49749239425561,-6.244649463894731,22.65251926110281,True,True,True,True,False,aftershock_0_0p5d,aftershock_0_0p5d,60.0,-15.611245353200902,11.185236448980888
2025-11-09 08:45:27.960000+00:00,39.467428,143.413216,12.16,3.0,cat_005043,0.02903611111111111,0.6968666666666666,10.689551839023247,-7.940865153985699,7.1560606991368365,True,True,True,True,False,aftershock_0_0p5d,aftershock_0_0p5d,60.0,-6.289126666944291,-1.3093815455551847
2025-11-09 08:47:09.980000+00:00,39.467277,143.427572,10.76,3.7,cat_005045,0.030216898148148146,0.7252055555555554,9.79622522475126,-6.707970319658283,7.139270265214024,True,True,True,True,False,aftershock_0_0p5d,aftershock_0_0p5d,60.0,-5.375601740230689,-0.4812609024992036
2025-11-09 08:48:12+00:00,39.592098,143.522314,8.16,2.9,cat_005046,0.030934722222222225,0.7424333333333334,21.06713474396837,1.427259079527826,21.01873220391418,True,True,True,True,False,aftershock_0_0p5d,aftershock_0_0p5d,60.0,-8.884218244395136,15.219408870217917
2025-11-09 08:49:52.390000+00:00,39.363953,143.383415,14.5,5.5,cat_005047,0.03209664351851852,0.7703194444444446,11.372722699748993,-10.50798709031559,-4.349834335408433,True,True,True,True,False,aftershock_0_0p5d,aftershock_0_0p5d,60.0,-0.32440673100850415,-11.47785496430442
2025-11-09 08:54:22.190000+00:00,39.453731,143.423324,11.87,2.2,cat_005048,0.0352193287037037,0.8452638888888888,9.042402935381682,-7.073479142898332,5.633023788886257,True,True,True,True,False,aftershock_0_0p5d,aftershock_0_0p5d,60.0,-4.616299188377228,-1.8324954424903042
2025-11-09 08:54:38.490000+00:00,39.452779,143.401465,13.86,6.6,cat_005049,0.03540798611111111,0.8497916666666666,10.519969081269206,-8.95098917373758,5.527166218720852,True,True,True,True,False,aftershock_0_0p5d,aftershock_0_0p5d,60.0,-5.917870334846569,-3.189758236403777
2025-11-09 08:59:23.020000+00:00,39.48265,143.359391,8.15,3.4,cat_005050,0.038701157407407406,0.9288277777777778,15.36564698825461,-12.562016570890181,8.848669872520464,True,True,True,True,False,aftershock_0_0p5d,aftershock_0_0p5d,60.0,-10.824083934995729,-3.2209591162355267
2025-11-09 09:00:19.900000+00:00,39.457552,143.325065,10.74,3.4,cat_005051,0.03935949074074074,0.9446277777777776,16.65332976048389,-15.512426625061044,6.057899603595347,True,True,True,True,False,aftershock_0_0p5d,aftershock_0_0p5d,60.0,-11.08049302984557,-7.2740533117542014
2025-11-09 09:00:58.190000+00:00,39.464038,143.43042,9.46,3.5,cat_005052,0.039802662037037036,0.9552638888888889,9.36661980733725,-6.463532313798556,6.779109897812226,True,True,True,True,False,aftershock_0_0p5d,aftershock_0_0p5d,60.0,-4.951248090967194,-0.5781598669541094
2025-11-09 09:01:31.300000+00:00,39.451652,143.447282,10.06,3.7,cat_005053,0.04018587962962963,0.964461111111111,7.3714627346352195,-5.015823947939633,5.4018495363927945,True,True,True,True,False,aftershock_0_0p5d,aftershock_0_0p5d,60.0,-2.953181557973397,-0.5990343836009772
2025-11-09 09:02:07.080000+00:00,39.570325,143.647803,9.99,4.0,cat_005054,0.040600000000000004,0.9744000000000002,22.24028751210067,12.196591754165482,18.597685066081848,True,True,True,True,False,aftershock_0_0p5d,aftershock_0_0p5d,60.0,0.6457578518819447,20.788928697367457
2025-11-09 09:04:37.670000+00:00,39.484847,143.388704,9.9,3.2,cat_005055,0.042342939814814816,1.0162305555555555,13.549104869249383,-10.044714730580898,9.092965126358832,True,True,True,True,False,aftershock_0_0p5d,aftershock_0_0p5d,60.0,-9.148758799800506,-1.3262891139249477
2025-11-09 09:04:58.930000+00:00,39.492037,143.347786,9.86,3.2,cat_005056,0.04258900462962963,1.0221361111111111,16.783030122659728,-13.557638453733084,9.892456648933361,True,True,True,True,False,aftershock_0_0p5d,aftershock_0_0p5d,60.0,-12.264056501448794,-3.135913386932706
2025-11-09 09:05:18.710000+00:00,39.487919,143.35376,7.31,3.3,cat_005057,0.04281793981481481,1.0276305555555556,16.09920513135241,-13.045063991896427,9.434555941010467,True,True,True,True,False,aftershock_0_0p5d,aftershock_0_0p5d,60.0,-11.576888871384586,-3.1215507466682375
2025-11-09 09:06:07.090000+00:00,39.59351,143.52251,9.49,3.4,cat_005058,0.04337789351851852,1.0410694444444446,21.224920492129353,1.4440619416133464,21.17573944033651,True,True,True,True,False,aftershock_0_0p5d,aftershock_0_0p5d,60.0,-8.978948361420988,15.345741025235993
2025-11-09 09:10:49.640000+00:00,39.473267,143.375114,10.21,5.5,cat_005059,0.04664814814814815,1.1195555555555554,13.66184047726624,-11.212618408487227,7.805327875814604,True,True,True,True,False,aftershock_0_0p5d,aftershock_0_0p5d,60.0,-9.125564904662928,-3.0645269380113342
2025-11-09 09:13:01.140000+00:00,39.54078,143.337695,9.09,3.6,cat_005060,0.04817013888888889,1.1560833333333334,21.032816854279538,-14.419057072660108,15.312430958368495,True,True,True,True,False,aftershock_0_0p5d,aftershock_0_0p5d,60.0,-16.588874763952376,0.24256416194733466
2025-11-09 09:13:45.390000+00:00,39.609587,143.536654,9.1,4.1,cat_005061,0.04868229166666666,1.168375,23.116664049962985,2.6573500584413834,22.963420276000605,True,True,True,True,False,aftershock_0_0p5d,aftershock_0_0p5d,60.0,-9.309791489371522,17.480785204948607
2025-11-09 09:14:56.310000+00:00,39.399719,143.460954,11.96,3.2,cat_005062,0.049503124999999995,1.188075,3.8610058427455174,-3.8429623092720644,-0.3728365890396678,True,True,True,True,False,aftershock_0_0p5d,aftershock_0_0p5d,60.0,1.841302302644091,-4.024750189239061
2025-11-09 09:15:23.860000+00:00,39.458822,143.339469,12.66,4.2,cat_005063,0.049821990740740736,1.1957277777777777,15.563092207934144,-14.275184476847347,6.199117160433726,True,True,True,True,False,aftershock_0_0p5d,aftershock_0_0p5d,60.0,-10.271493813768844,-6.327358640773589
2025-11-09 09:16:59.470000+00:00,39.466219,143.344743,11.1,5.1,cat_005064,0.05092858796296296,1.222286111111111,15.502795386454185,-13.821488411200926,7.021626032824031,True,True,True,True,False,aftershock_0_0p5d,aftershock_0_0p5d,60.0,-10.500200445090996,-5.416285514217281
2025-11-09 09:18:57.990000+00:00,39.424483,143.362435,11.59,3.1,cat_005065,0.052300347222222224,1.2552083333333335,12.53394842763038,-12.305759525949954,2.3807945743867043,True,True,True,True,False,aftershock_0_0p5d,aftershock_0_0p5d,60.0,-6.227743642276522,-7.778670653708723
2025-11-09 09:20:15.750000+00:00,39.454102,143.322575,13.53,3.7,cat_005066,0.05320034722222222,1.2768083333333333,16.719017801820787,-15.726673837565665,5.674277106671526,True,True,True,True,False,aftershock_0_0p5d,aftershock_0_0p5d,60.0,-10.97575537460027,-7.70078286520203
2025-11-09 09:21:35.680000+00:00,39.458781,143.318424,13.55,5.0,cat_005067,0.05412546296296296,1.2990111111111111,17.234392842842652,-16.08265837323897,6.194558168441748,True,True,True,True,False,aftershock_0_0p5d,aftershock_0_0p5d,60.0,-11.590871619877767,-7.562763382262106
2025-11-09 09:24:04.050000+00:00,39.403414,143.254411,12.13,4.1,cat_005068,0.05584270833333334,1.3402250000000002,21.589073588395564,-21.589047066129442,0.03802866491202652,True,True,True,True,False,aftershock_0_0p5d,aftershock_0_0p5d,60.0,-11.423151123658204,-15.820792311744722
2025-11-09 09:26:21.510000+00:00,39.467521,143.415234,11.65,3.5,cat_005069,0.05743368055555556,1.3784083333333335,10.568451575646858,-7.7675528889524745,7.166401827314743,True,True,True,True,False,aftershock_0_0p5d,aftershock_0_0p5d,60.0,-6.1693672800154165,-1.1836764566154012
2025-11-09 09:27:07.280000+00:00,39.558643,143.425944,10.21,3.3,cat_005070,0.057963425925925925,1.3911222222222221,18.60311198645852,-6.843291534331106,17.298705933020067,True,True,True,True,False,aftershock_0_0p5d,aftershock_0_0p5d,60.0,-12.399817399967054,6.859913341785192
2025-11-09 09:27:40.140000+00:00,39.488436,143.298747,14.76,2.9,cat_005071,0.05834374999999999,1.4002499999999998,20.145240856020173,-17.76885338866521,9.49204371808594,True,True,True,True,False,aftershock_0_0p5d,aftershock_0_0p5d,60.0,-15.072359366862662,-6.299470998150412
2025-11-09 09:28:24.900000+00:00,39.608146,143.555078,10.14,5.9,cat_005072,0.058861805555555556,1.4126833333333333,23.193670452602177,4.2380428494580284,22.803188386705816,True,True,True,True,False,aftershock_0_0p5d,aftershock_0_0p5d,60.0,-8.044013888000645,18.44103049745816
2025-11-09 09:31:14.900000+00:00,39.5962,143.46709,12.43,3.1,cat_005073,0.060829398148148146,1.4599055555555556,21.728609805267713,-3.3110678558927558,21.474853793010507,True,True,True,True,False,aftershock_0_0p5d,aftershock_0_0p5d,60.0,-12.662055229879,12.323249903226959
2025-11-09 09:32:05.190000+00:00,39.490755,143.357731,11.01,3.0,cat_005074,0.06141145833333333,1.4738749999999998,16.013982758652485,-12.703823549147327,9.749904752974667,True,True,True,True,False,aftershock_0_0p5d,aftershock_0_0p5d,60.0,-11.54216968938295,-2.658210168501409
2025-11-09 09:33:45.080000+00:00,39.485209,143.332926,9.63,2.7,cat_005075,0.06256759259259259,1.5016222222222222,17.42046833339151,-14.834326175664792,9.133217689803665,True,True,True,True,False,aftershock_0_0p5d,aftershock_0_0p5d,60.0,-12.680641289140825,-4.561687720779091
2025-11-09 09:34:16.490000+00:00,39.618469,143.565023,7.98,3.5,cat_005076,0.06293113425925925,1.510347222222222,24.486118047362528,5.090884159144045,23.951053614457557,True,True,True,True,False,aftershock_0_0p5d,aftershock_0_0p5d,60.0,-8.202455444669992,19.86223743302691
2025-11-09 09:35:17.790000+00:00,39.41381,143.261051,11.05,2.5,cat_005077,0.063640625,1.5273750000000001,21.050854407413524,-21.016971310569847,1.1940111223088672,True,True,True,True,False,aftershock_0_0p5d,aftershock_0_0p5d,60.0,-11.792555256023798,-14.58503072515144
2025-11-09 09:35:47.600000+00:00,39.397575,143.294857,14.66,4.4,cat_005078,0.06398564814814814,1.5356555555555553,18.124987970146268,-18.11468261720527,-0.6112385117649513,True,True,True,True,False,aftershock_0_0p5d,aftershock_0_0p5d,60.0,-8.43846711706663,-13.927536499273849
2025-11-09 09:37:51.040000+00:00,39.407792,143.404541,7.97,3.8,cat_005079,0.06541435185185185,1.5699444444444444,8.705430937527668,-8.689596006508467,0.5248400537622002,True,True,True,True,False,aftershock_0_0p5d,aftershock_0_0p5d,60.0,-2.316767242673164,-6.671661447011899
2025-11-09 09:39:11.660000+00:00,39.424845,143.655469,13.18,3.0,cat_005080,0.06634745370370371,1.592338888888889,13.093675121993963,12.867902043626174,2.421047137831538,True,True,True,True,False,aftershock_0_0p5d,aftershock_0_0p5d,60.0,12.163784658599836,9.410469634463976
2025-11-09 09:39:20.950000+00:00,39.310413,143.716504,4.49,3.5,cat_005081,0.06645497685185185,1.5949194444444443,20.84971489299264,18.126081358222983,-10.303210707958693,True,True,True,True,False,aftershock_0_0p5d,aftershock_0_0p5d,60.0,24.684590520518313,3.6846851468364568
2025-11-09 09:40:26.130000+00:00,39.586719,143.511637,8.32,2.3,cat_005082,0.067209375,1.613025,20.427011056342273,0.5111525363692621,20.42061469349334,True,True,True,True,False,aftershock_0_0p5d,aftershock_0_0p5d,60.0,-9.146803233492756,14.157314299009423
2025-11-09 09:40:48.960000+00:00,39.554598,143.523779,5.81,2.8,cat_005083,0.06747361111111111,1.6193666666666666,16.920377480935098,1.5533803425441433,16.848922454743068,True,True,True,True,False,aftershock_0_0p5d,aftershock_0_0p5d,60.0,-5.949577238311678,12.254429598337463
2025-11-09 09:42:21.220000+00:00,39.456824,143.440771,8.75,2.4,cat_005084,0.06854143518518518,1.6449944444444444,8.173301737102902,-5.574849042738219,5.976949696997854,True,True,True,True,False,aftershock_0_0p5d,aftershock_0_0p5d,60.0,-3.7542253018387655,-0.5593081736548159
2025-11-09 09:43:22.180000+00:00,39.423726,143.484131,8.07,2.8,cat_005085,0.06924699074074074,1.6619277777777777,2.9498279826261986,-1.8512216946526907,2.29662001491676,True,True,True,True,False,aftershock_0_0p5d,aftershock_0_0p5d,60.0,1.4789696379541102,-0.7138976892883908
2025-11-09 09:44:30.620000+00:00,39.405542,143.240039,11.56,2.4,cat_005086,0.07003912037037037,1.680938888888889,22.825186178686277,-22.823541944818448,0.2746514688115385,True,True,True,True,False,aftershock_0_0p5d,aftershock_0_0p5d,60.0,-12.487696041364869,-16.489157537515446
2025-11-09 09:45:21.450000+00:00,39.542415,143.344482,11.21,2.2,cat_005087,0.07062743055555555,1.6950583333333333,20.772938912215483,-13.836329738265023,15.494234663432378,True,True,True,True,False,aftershock_0_0p5d,aftershock_0_0p5d,60.0,-16.28643404324538,0.7728031117467546
2025-11-09 09:45:58.680000+00:00,39.467118,143.423763,11.83,3.5,cat_005088,0.07105833333333333,1.7054,10.010476129803601,-7.035097963591034,7.121590271877142,True,True,True,True,False,aftershock_0_0p5d,aftershock_0_0p5d,60.0,-5.60290160843495,-0.7171842957939569
2025-11-09 09:48:25.080000+00:00,39.298877,143.722217,9.32,1.9,cat_005089,0.07275277777777778,1.7460666666666667,21.929292605888914,18.618806788256276,-11.58595538173027,True,True,True,True,False,aftershock_0_0p5d,aftershock_0_0p5d,60.0,25.919492010523705,3.0819990283026915
2025-11-09 09:48:44.390000+00:00,39.487553,143.35415,12.18,2.4,cat_005090,0.07297627314814814,1.7514305555555554,16.0482532623288,-13.011609670139432,9.3938585978586,True,True,True,True,False,aftershock_0_0p5d,aftershock_0_0p5d,60.0,-11.524669699401914,-3.1285237991766897
2025-11-09 09:49:21.990000+00:00,39.490019,143.353613,8.41,2.2,cat_005091,0.07341145833333333,1.7618749999999999,16.247134647264946,-13.05748970599268,9.668065286963891,True,True,True,True,False,aftershock_0_0p5d,aftershock_0_0p5d,60.0,-11.745152690587686,-2.9591675573733367
2025-11-09 09:50:36.720000+00:00,39.460152,143.552734,14.6,3.4,cat_005092,0.07427638888888888,1.782633333333333,7.52436616286869,4.041237460130171,6.347006412871316,True,True,True,True,False,aftershock_0_0p5d,aftershock_0_0p5d,60.0,3.029385310742527,6.2662825451390605
2025-11-09 09:52:44.970000+00:00,39.390658,143.4486,14.11,5.2,cat_005093,0.07576076388888889,1.8182583333333333,5.095307069601658,-4.904765370370001,-1.380373819365519,True,True,True,True,False,aftershock_0_0p5d,aftershock_0_0p5d,60.0,1.7511966143749658,-5.485721775544278
2025-11-09 09:54:01.330000+00:00,39.358272,143.294189,10.94,3.7,cat_005094,0.07664456018518519,1.8394694444444446,18.847440185552202,-18.177198223356616,-4.981532713676473,True,True,True,True,False,aftershock_0_0p5d,aftershock_0_0p5d,60.0,-5.5051864787266585,-17.167790240728948
2025-11-09 09:54:19.610000+00:00,39.437882,143.325391,9.89,4.0,cat_005095,0.07685613425925926,1.8445472222222223,15.962999764754478,-15.486612953282734,3.870695396497115,True,True,True,True,False,aftershock_0_0p5d,aftershock_0_0p5d,60.0,-9.57069264497072,-8.856782406397574
2025-11-09 09:55:25.570000+00:00,39.448376,143.434554,10.48,3.2,cat_005096,0.07761956018518519,1.8628694444444447,7.918284599240819,-6.109179762532632,5.037574956705263,True,True,True,True,False,aftershock_0_0p5d,aftershock_0_0p5d,60.0,-3.5048552130446975,-1.6108540735710428
2025-11-09 09:58:16.350000+00:00,39.453817,143.316732,15.15,3.9,cat_005098,0.07959618055555555,1.910308333333333,17.181520493603,-16.228555446440126,5.642586552578039,True,True,True,True,False,aftershock_0_0p5d,aftershock_0_0p5d,60.0,-11.32136820934151,-8.066078921856485
2025-11-09 10:00:04.480000+00:00,39.561381,143.559391,6.91,2.2,cat_005099,0.08084768518518519,1.9403444444444444,18.19669556908392,4.609621712135107,17.60315764217296,True,True,True,True,False,aftershock_0_0p5d,aftershock_0_0p5d,60.0,-4.227524741820654,14.889579921655978
2025-11-09 10:02:02.940000+00:00,39.443998,143.335547,13.95,2.2,cat_005100,0.08221875,1.9732499999999997,15.305756296553515,-14.613583322733465,4.550763567855089,True,True,True,True,False,aftershock_0_0p5d,aftershock_0_0p5d,60.0,-9.395487873355032,-7.764089978715264
2025-11-09 10:03:56.710000+00:00,39.388619,143.289958,13.62,3.7,cat_005101,0.08353553240740741,2.004852777777778,18.60634354669844,-18.536812506467545,-1.6071002747941585,True,True,True,True,False,aftershock_0_0p5d,aftershock_0_0p5d,60.0,-8.068497843732882,-14.943930631124838
2025-11-09 10:04:29.810000+00:00,39.420516,143.439258,9.51,4.0,cat_005102,0.08391863425925926,2.014047222222222,6.026942096509733,-5.7062823344545235,1.9396843003874127,True,True,True,True,False,aftershock_0_0p5d,aftershock_0_0p5d,60.0,-1.098379992887562,-3.602870607343557
2025-11-09 10:06:22.540000+00:00,39.412451,143.299056,12.66,2.0,cat_005103,0.08522337962962963,2.045361111111111,17.782599696607516,-17.751995863439124,1.0428972169988255,True,True,True,True,False,aftershock_0_0p5d,aftershock_0_0p5d,60.0,-9.300643583107721,-12.470018598205328
2025-11-09 10:07:14.900000+00:00,39.426192,143.432585,11.2,2.3,cat_005104,0.08582939814814815,2.0599055555555554,6.7851873139156,-6.279300973657718,2.570826704022053,True,True,True,True,False,aftershock_0_0p5d,aftershock_0_0p5d,60.0,-1.9478638118477143,-3.531678361523741
2025-11-09 10:07:37.760000+00:00,39.46436,143.605078,4.75,2.8,cat_005105,0.08609398148148148,2.0662555555555553,10.923172954644828,8.536549299198192,6.814914664191445,True,True,True,True,False,aftershock_0_0p5d,aftershock_0_0p5d,60.0,5.9995467399054245,9.672880224177723
2025-11-09 10:08:58.580000+00:00,39.467896,143.367334,12.71,3.1,cat_005106,0.08702939814814815,2.088705555555556,13.896745495224197,-11.88119960781309,7.208099924807048,True,True,True,True,False,aftershock_0_0p5d,aftershock_0_0p5d,60.0,-9.207647885506917,-3.957244379205612
2025-11-09 10:09:38.020000+00:00,39.576343,143.256624,9.64,3.0,cat_005107,0.08748587962962963,2.099661111111111,28.774778282502442,-21.37235288980324,19.266856134629307,True,True,True,True,False,aftershock_0_0p5d,aftershock_0_0p5d,60.0,-24.371978807727437,-1.6038086712360973
2025-11-09 10:10:00.460000+00:00,39.582536,143.446289,10.64,3.2,cat_005108,0.08774560185185186,2.1058944444444445,20.595966553050104,-5.096319222153631,19.95548631533863,True,True,True,True,False,aftershock_0_0p5d,aftershock_0_0p5d,60.0,-12.932600404260265,9.994644036713192
2025-11-09 10:11:22.430000+00:00,39.416366,143.300488,12.89,3.6,cat_005109,0.0886943287037037,2.1286638888888887,17.69033683536989,-17.628471437902807,1.4782253548121866,True,True,True,True,False,aftershock_0_0p5d,aftershock_0_0p5d,60.0,-9.507006210988363,-12.067298674324821
2025-11-09 10:13:39.220000+00:00,39.501595,143.278646,11.91,2.4,cat_005110,0.0902775462962963,2.166661111111111,22.360583441035214,-19.493037318166756,10.955257757801876,True,True,True,True,False,aftershock_0_0p5d,aftershock_0_0p5d,60.0,-17.331306999091076,-6.404166478582233
2025-11-09 10:16:04.800000+00:00,39.466724,143.370247,11.24,2.6,cat_005111,0.0919625,2.2071,13.615360240291878,-11.631128053533216,7.077779470779186,True,True,True,True,False,aftershock_0_0p5d,aftershock_0_0p5d,60.0,-8.935843246889815,-3.882134849689005
2025-11-09 10:16:22.720000+00:00,39.395573,143.267676,13.77,2.6,cat_005112,0.09216990740740741,2.212077777777778,20.467453706374044,-20.450466943937005,-0.8338507549078582,True,True,True,True,False,aftershock_0_0p5d,aftershock_0_0p5d,60.0,-9.995760503235696,-15.682609700367422
2025-11-09 10:17:31.210000+00:00,39.442228,143.318717,13.7,2.9,cat_005113,0.09296261574074074,2.231102777777778,16.63914379369562,-16.05940101330328,4.3539485476941655,True,True,True,True,False,aftershock_0_0p5d,aftershock_0_0p5d,60.0,-10.319198681255777,-8.893640017400106
2025-11-09 10:19:16.650000+00:00,39.449325,143.308577,12.25,2.9,cat_005114,0.0941829861111111,2.2603916666666666,17.69350596051181,-16.929525911176118,5.143098942090786,True,True,True,True,False,aftershock_0_0p5d,aftershock_0_0p5d,60.0,-11.49377458563117,-8.90936031432114
2025-11-09 10:21:31.040000+00:00,39.405078,143.446696,11.98,2.5,cat_005115,0.09573842592592592,2.297722222222222,5.072754613946466,-5.067848247509845,0.22305702284915233,True,True,True,True,False,aftershock_0_0p5d,aftershock_0_0p5d,60.0,0.5388901853371899,-4.423695592865558
2025-11-09 10:21:48.260000+00:00,39.628654,143.53501,8.48,3.3,cat_005116,0.09593773148148149,2.302505555555556,25.209437076952504,2.515961235298373,25.083573942332375,True,True,True,True,False,aftershock_0_0p5d,aftershock_0_0p5d,60.0,-10.858450284077733,18.93567293455145
2025-11-09 10:22:34.680000+00:00,39.405924,143.216585,11.14,2.5,cat_005117,0.096475,2.3154000000000003,24.840625983551185,-24.838612218754275,0.31712793078996904,True,True,True,True,False,aftershock_0_0p5d,aftershock_0_0p5d,60.0,-13.991028988817314,-17.831656143781373
2025-11-09 10:23:30.810000+00:00,39.562655,143.547363,11.68,2.7,cat_005118,0.09712465277777778,2.330991666666667,18.10181716894344,3.5773138087865415,17.744819978718375,True,True,True,True,False,aftershock_0_0p5d,aftershock_0_0p5d,60.0,-5.079404245015834,14.289555641357797
2025-11-09 10:24:04.560000+00:00,39.495475,143.344743,11.53,2.8,cat_005119,0.09751527777777777,2.3403666666666663,17.2198583021362,-13.818585862755059,10.274744806736866,True,True,True,True,False,aftershock_0_0p5d,aftershock_0_0p5d,60.0,-12.71557314931894,-3.034077722412923
2025-11-09 10:25:04.180000+00:00,39.570182,143.522184,11.18,4.6,cat_005120,0.09820532407407408,2.356927777777778,18.63568308065399,1.4163278095865937,18.581784191572318,True,True,True,True,False,aftershock_0_0p5d,aftershock_0_0p5d,60.0,-7.231064774892019,13.428900921676698
2025-11-09 10:27:49.230000+00:00,39.324264,143.721419,24.5,2.5,cat_005121,0.100115625,2.402775,20.512807730401114,18.546820934078116,-8.76304977900463,True,True,True,True,False,aftershock_0_0p5d,aftershock_0_0p5d,60.0,23.942581120211095,5.098382259949135
2025-11-09 10:28:52.820000+00:00,39.433061,143.333724,6.86,2.0,cat_005122,0.10085162037037038,2.420438888888889,15.14304450371058,-14.771328862370776,3.3346246551437266,True,True,True,True,False,aftershock_0_0p5d,aftershock_0_0p5d,60.0,-8.681922427811925,-8.761437393216903
2025-11-09 10:31:44.990000+00:00,39.359151,143.378809,13.75,2.9,cat_005124,0.1028443287037037,2.468263888888889,11.947947361942715,-10.904221905732447,-4.883792373156169,True,True,True,True,False,aftershock_0_0p5d,aftershock_0_0p5d,60.0,-0.2503484636945261,-12.138633738226748
2025-11-09 10:32:45.230000+00:00,39.450505,143.405892,11.86,3.5,cat_005125,0.10354155092592593,2.4849972222222223,10.063725233681257,-8.570895566640546,5.274308955531139,True,True,True,True,False,aftershock_0_0p5d,aftershock_0_0p5d,60.0,-5.46740414954605,-3.115676108973293
2025-11-09 10:35:14.140000+00:00,39.441756,143.340007,12.97,2.1,cat_005126,0.1052650462962963,2.526361111111111,14.866604061198482,-14.230720266180928,4.301464542317708,True,True,True,True,False,aftershock_0_0p5d,aftershock_0_0p5d,60.0,-8.945420829538365,-7.685516571784133
2025-11-09 10:35:43.810000+00:00,39.578866,143.634294,9.19,2.2,cat_005127,0.10560844907407407,2.5346027777777778,22.44788032573472,11.03660992949165,19.547400934553142,True,True,True,True,False,aftershock_0_0p5d,aftershock_0_0p5d,60.0,-0.850349289830933,20.693108632059953
2025-11-09 10:36:48.800000+00:00,39.241781,143.609473,9.01,2.8,cat_005129,0.10636064814814815,2.5526555555555555,20.03417007656721,8.928225265170306,-17.93474091342736,True,True,True,True,False,aftershock_0_0p5d,aftershock_0_0p5d,60.0,23.156790403864605,-8.168864397036037
2025-11-09 10:37:24.750000+00:00,39.21606,143.644336,10.51,2.9,cat_005130,0.10677673611111112,2.562641666666667,23.973554213524473,11.929316865728348,-20.794785621652533,True,True,True,True,False,aftershock_0_0p5d,aftershock_0_0p5d,60.0,27.302173930623923,-8.215789273800398
2025-11-09 10:37:39.270000+00:00,39.572957,143.645719,8.09,2.7,cat_005131,0.10694479166666668,2.566675,22.388965958642494,12.017521362528251,18.890350113010943,True,True,True,True,False,aftershock_0_0p5d,aftershock_0_0p5d,60.0,0.31524047530560306,20.88100094419685
2025-11-09 10:39:21.440000+00:00,39.202181,143.64266,8.33,2.3,cat_005132,0.10812731481481483,2.5950555555555557,25.256783396137944,11.78629023526354,-22.338060008551892,True,True,True,True,False,aftershock_0_0p5d,aftershock_0_0p5d,60.0,28.2495015524567,-9.44246071603518
2025-11-09 10:40:19.510000+00:00,39.634696,143.555908,11.39,3.1,cat_005133,0.1087994212962963,2.6111861111111114,26.11328803915883,4.308428400816323,25.755413689118882,True,True,True,True,False,aftershock_0_0p5d,aftershock_0_0p5d,60.0,-10.004906115333338,20.649081682289292
2025-11-09 10:42:54+00:00,39.492692,143.339665,12.69,2.4,cat_005134,0.1105875,2.6541,17.39277280174246,-14.254884683936247,9.965289325884962,True,True,True,True,False,aftershock_0_0p5d,aftershock_0_0p5d,60.0,-12.823861478751974,-3.5579030689760494
2025-11-09 10:43:33.630000+00:00,39.473669,143.644613,9.79,2.3,cat_005135,0.11104618055555555,2.6651083333333334,14.281961095987565,11.931116969798023,7.850028236325842,True,True,True,True,False,aftershock_0_0p5d,aftershock_0_0p5d,60.0,7.777683062224162,12.74416350592644
2025-11-09 10:45:43.270000+00:00,39.363721,143.405664,12.18,2.8,cat_005137,0.11254664351851852,2.7011194444444446,9.645431470464114,-8.595825326680018,-4.375631558390417,True,True,True,True,False,aftershock_0_0p5d,aftershock_0_0p5d,60.0,1.0922610744391408,-10.193300397136628
2025-11-09 10:47:43.780000+00:00,39.437154,143.667692,12.68,2.2,cat_005138,0.1139414351851852,2.7345944444444448,14.423487709191807,13.916712835302226,3.7897454898996226,True,True,True,True,False,aftershock_0_0p5d,aftershock_0_0p5d,60.0,11.998197845109207,11.126837969900185
2025-11-09 10:49:14.420000+00:00,39.493363,143.348568,7.47,4.2,cat_005139,0.11499050925925926,2.7597722222222223,16.816341886954987,-13.490363231656618,10.039901121663915,True,True,True,True,False,aftershock_0_0p5d,aftershock_0_0p5d,60.0,-12.315338717440506,-2.9821734689959265
2025-11-09 10:50:21.560000+00:00,39.470723,143.330241,9.59,3.0,cat_005140,0.11576759259259259,2.778422222222222,16.839984362735635,-15.066452838939384,7.52244798243081,True,True,True,True,False,aftershock_0_0p5d,aftershock_0_0p5d,60.0,-11.752497680422577,-5.898479132925538
2025-11-09 10:51:39.990000+00:00,39.592257,143.395068,10.73,3.3,cat_005141,0.11667534722222223,2.8002083333333334,23.078296192260485,-9.490910228854005,21.036412197250268,True,True,True,True,False,aftershock_0_0p5d,aftershock_0_0p5d,60.0,-16.88483341147179,7.789947881895927
2025-11-09 10:51:59.470000+00:00,39.583293,143.396745,9.43,3.5,cat_005142,0.11690081018518518,2.8056194444444444,22.11257068089131,-9.347620211691257,20.039660874808572,True,True,True,True,False,aftershock_0_0p5d,aftershock_0_0p5d,60.0,-16.10055353487825,7.158322753375696
2025-11-09 10:52:47.140000+00:00,39.420382,143.66097,5.92,3.2,cat_005143,0.1174525462962963,2.818861111111111,13.479036664675785,13.340902641120172,1.9247841802167367,True,True,True,True,False,aftershock_0_0p5d,aftershock_0_0p5d,60.0,12.848146759923367,9.369787911266592
2025-11-09 10:53:28.630000+00:00,39.405831,143.336361,7.02,2.3,cat_005144,0.11793275462962963,2.8303861111111113,14.550878555552297,-14.54764622826092,0.30678680261206104,True,True,True,True,False,aftershock_0_0p5d,aftershock_0_0p5d,60.0,-6.454326055798791,-10.824360170593655
2025-11-09 10:54:31.400000+00:00,39.597355,143.508708,10.24,3.6,cat_005145,0.11865925925925926,2.8478222222222223,21.604846089259375,0.25980383948596447,21.603283933284654,True,True,True,True,False,aftershock_0_0p5d,aftershock_0_0p5d,60.0,-10.136878470163769,14.851312659169107
2025-11-09 10:56:30.610000+00:00,39.364901,143.376383,12.5,2.5,cat_005146,0.12003900462962964,2.8809361111111116,11.895279579107147,-11.11227235595842,-4.244421544949273,True,True,True,True,False,aftershock_0_0p5d,aftershock_0_0p5d,60.0,-0.8384027068284414,-11.81263948531207
2025-11-09 10:57:33.630000+00:00,39.356718,143.778223,20.09,1.7,cat_005147,0.12076840277777777,2.8984416666666664,23.985107969399277,23.424747539371438,-5.154329629681975,True,True,True,True,False,aftershock_0_0p5d,aftershock_0_0p5d,60.0,25.051750459121585,11.063847242695797
2025-11-09 10:58:41.920000+00:00,39.489579,143.516195,8.74,1.9,cat_005148,0.1215587962962963,2.9174111111111114,9.661421061339805,0.9028910810088718,9.619139519240559,True,True,True,True,False,aftershock_0_0p5d,aftershock_0_0p5d,60.0,-1.4973253295085316,6.521162596495082
2025-11-09 10:59:22.890000+00:00,39.477226,143.635286,9.91,2.1,cat_005149,0.1220329861111111,2.9287916666666662,13.851454271156415,11.129860177777934,8.245548590400615,True,True,True,True,False,aftershock_0_0p5d,aftershock_0_0p5d,60.0,6.921815192150836,12.487377629714551
2025-11-09 11:01:29.480000+00:00,39.460986,143.336458,15.27,3.4,cat_005150,0.12349814814814815,2.9639555555555557,15.896369924731582,-14.533561281629762,6.439742981692606,True,True,True,True,False,aftershock_0_0p5d,aftershock_0_0p5d,60.0,-10.624565131117327,-6.327421663683624
2025-11-09 11:05:14.580000+00:00,39.549817,143.482503,11.72,2.7,cat_005151,0.12610347222222223,3.0264833333333336,16.438110648727093,-1.9892775003281684,16.317299510455292,True,True,True,True,False,aftershock_0_0p5d,aftershock_0_0p5d,60.0,-8.179273227888345,9.450592345459965
2025-11-09 11:07:15.890000+00:00,39.399613,143.406055,9.29,1.6,cat_005152,0.12750752314814814,3.0601805555555552,8.5686552780148,-8.560019026465502,-0.3846232512634658,True,True,True,True,False,aftershock_0_0p5d,aftershock_0_0p5d,60.0,-1.6020209598136184,-7.248767544782252
2025-11-09 11:07:35.150000+00:00,39.491744,143.350342,9.61,2.2,cat_005153,0.1277304398148148,3.065530555555555,16.586875672528883,-13.338194439350264,9.859876535425803,True,True,True,True,False,aftershock_0_0p5d,aftershock_0_0p5d,60.0,-12.081286245821884,-3.0101669241487095
2025-11-09 11:09:31.540000+00:00,39.435181,143.299365,11.6,2.1,cat_005154,0.12907754629629628,3.0978611111111105,18.078617058052025,-17.72255909635855,3.570357899629957,True,True,True,True,False,aftershock_0_0p5d,aftershock_0_0p5d,60.0,-11.001955207377408,-10.600670374190544
2025-11-09 11:11:09.620000+00:00,39.354537,143.615055,13.16,2.0,cat_005155,0.13021273148148146,3.125105555555555,10.839784466405982,9.400798361740181,-5.396845764693781,True,True,True,True,False,aftershock_0_0p5d,aftershock_0_0p5d,60.0,14.956073717061116,1.3269444634571739
2025-11-09 11:11:26.180000+00:00,39.279061,143.60485,12.08,4.9,cat_005156,0.13040439814814817,3.1297055555555557,16.21354093198893,8.528283195406646,-13.789394048118705,True,True,True,True,False,aftershock_0_0p5d,aftershock_0_0p5d,60.0,20.038476442439972,-5.408434660405288
2025-11-09 11:15:10.640000+00:00,39.57804,143.508008,8.9,3.1,cat_005157,0.1330023148148148,3.192055555555555,19.45657952969732,0.19977125767653423,19.45555392514513,True,True,True,True,False,aftershock_0_0p5d,aftershock_0_0p5d,60.0,-8.71679742245452,13.238948582206737
2025-11-09 11:18:19.760000+00:00,39.224992,143.609977,11.87,2.9,cat_005158,0.13519120370370372,3.244588888888889,21.739627727315618,8.972655729828167,-19.80159253686317,True,True,True,True,False,aftershock_0_0p5d,aftershock_0_0p5d,60.0,24.461843123014184,-9.504508979383798
2025-11-09 11:25:45.690000+00:00,39.445028,143.433415,9.98,2.0,cat_005162,0.14035243055555557,3.3684583333333338,7.764908397826064,-6.2071602523783955,4.665294342298994,True,True,True,True,False,aftershock_0_0p5d,aftershock_0_0p5d,60.0,-3.322779197590018,-1.9500315445936216
2025-11-09 11:30:09.120000+00:00,39.622636,143.567367,9.19,2.9,cat_005164,0.14340138888888887,3.441633333333333,24.98131758822072,5.291811225777012,24.414402873785708,True,True,True,True,False,aftershock_0_0p5d,aftershock_0_0p5d,60.0,-8.371285076399037,20.338221442922105
2025-11-09 11:31:50.340000+00:00,39.486723,143.328483,14.88,3.6,cat_005165,0.14457291666666666,3.46975,17.833559750118145,-15.215679655594034,9.301566808743553,True,True,True,True,False,aftershock_0_0p5d,aftershock_0_0p5d,60.0,-13.074424108485223,-4.698461233167852
2025-11-09 11:33:23+00:00,39.225395,143.295622,11.27,2.3,cat_005166,0.14564537037037037,3.4954888888888886,26.774950729566605,-18.07120712237099,-19.756780981425567,True,True,True,True,False,aftershock_0_0p5d,aftershock_0_0p5d,60.0,4.6439490722042445,-27.906237198084618
2025-11-09 11:34:54.560000+00:00,39.365011,143.736475,16.96,2.4,cat_005167,0.1467050925925926,3.5209222222222225,20.281848979707043,19.835378062303867,-4.23219010301844,True,True,True,True,False,aftershock_0_0p5d,aftershock_0_0p5d,60.0,21.79691591201177,9.291852146630335
2025-11-09 11:37:39.070000+00:00,39.423474,143.294417,12.89,3.1,cat_005168,0.1486091435185185,3.566619444444444,18.290349482246015,-18.149118551947442,2.26859889340197,True,True,True,True,False,aftershock_0_0p5d,aftershock_0_0p5d,60.0,-10.42671133215405,-11.843901633235289
2025-11-09 11:38:51.190000+00:00,39.420951,143.654378,3.04,2.3,cat_005169,0.14944386574074076,3.586652777777778,12.928304111179571,12.774534396230832,1.9880540934781374,True,True,True,True,False,aftershock_0_0p5d,aftershock_0_0p5d,60.0,12.390620558135328,9.030014684804375
2025-11-09 11:40:24.920000+00:00,39.256779,143.611637,10.45,2.5,cat_005170,0.15052870370370372,3.612688888888889,18.645921294442196,9.113394288961235,-16.267039403612433,True,True,True,True,False,aftershock_0_0p5d,aftershock_0_0p5d,60.0,22.155481309105873,-6.822426136303628
2025-11-09 11:42:21.990000+00:00,39.39681,143.437337,9.02,1.9,cat_005171,0.15188368055555557,3.6452083333333336,5.913449920813362,-5.872312522640321,-0.6963026306481763,True,True,True,True,False,aftershock_0_0p5d,aftershock_0_0p5d,60.0,0.5769666742133239,-5.644734135842312
2025-11-09 11:43:07.110000+00:00,39.33162,143.673258,9.65,1.7,cat_005172,0.1524059027777778,3.6577416666666673,16.451420023775086,14.405719319996262,-7.945099898607093,True,True,True,True,False,aftershock_0_0p5d,aftershock_0_0p5d,60.0,20.355078483122178,2.874064518736387
2025-11-09 11:44:07.040000+00:00,39.378634,143.826286,26.31,2.2,cat_005174,0.15309953703703702,3.6743888888888883,27.685046823267495,27.551379043367227,-2.717381617340117,True,True,True,True,False,aftershock_0_0p5d,aftershock_0_0p5d,60.0,26.409956492180903,15.659832398936919
2025-11-09 11:45:30.200000+00:00,39.409766,143.731494,21.29,3.2,cat_005175,0.15406203703703703,3.6974888888888886,19.415336708231155,19.40106844555015,0.7443388389582293,True,True,True,True,False,aftershock_0_0p5d,aftershock_0_0p5d,60.0,18.086878726772582,12.637011221723576
2025-11-09 11:49:24.380000+00:00,39.388993,143.439144,13.54,2.1,cat_005176,0.15677245370370368,3.7625388888888884,5.927826458552162,-5.7173679592215345,-1.5655133722290087,True,True,True,True,False,aftershock_0_0p5d,aftershock_0_0p5d,60.0,1.2828355525092836,-6.17509651918576
2025-11-09 11:54:06.130000+00:00,39.437716,143.314583,9.97,1.6,cat_005177,0.16003344907407407,3.840802777777778,16.86098204299416,-16.415026982113023,3.8522370386741063,True,True,True,True,False,aftershock_0_0p5d,aftershock_0_0p5d,60.0,-10.237408817145171,-9.503143656522813
2025-11-09 11:54:26.890000+00:00,39.455485,143.306348,14.09,2.5,cat_005178,0.16027372685185184,3.8465694444444445,18.0850241425869,-17.12022195052698,5.8280596902214095,True,True,True,True,False,aftershock_0_0p5d,aftershock_0_0p5d,60.0,-12.100207502343123,-8.538179329581887
2025-11-09 11:55:49.140000+00:00,39.460588,143.401221,7.55,2.0,cat_005179,0.16122569444444443,3.869416666666666,11.017668915203345,-8.971443512335838,6.395487400888404,True,True,True,True,False,aftershock_0_0p5d,aftershock_0_0p5d,60.0,-6.524729559377615,-2.5683711292234603
2025-11-09 11:57:36.260000+00:00,39.426628,143.7396,16.69,2.7,cat_005181,0.16246550925925926,3.899172222222222,20.265057603948677,20.095074775675535,2.6193076920391416,True,True,True,True,False,aftershock_0_0p5d,aftershock_0_0p5d,60.0,17.31658943330745,14.481952248057652
2025-11-09 11:59:09.610000+00:00,39.558423,143.432048,10.12,2.2,cat_005182,0.16354594907407408,3.925102777777778,18.393873626509613,-6.319429607292522,17.2742430491584,True,True,True,True,False,aftershock_0_0p5d,aftershock_0_0p5d,60.0,-11.99984496234734,7.199106207912935
2025-11-09 11:59:52.890000+00:00,39.22865,143.665674,13.7,2.3,cat_005183,0.164046875,3.937125,23.782437835991296,13.763900715119338,-19.39484149519721,True,True,True,True,False,aftershock_0_0p5d,aftershock_0_0p5d,60.0,27.690219725619542,-5.940935010637756
2025-11-09 12:05:44.370000+00:00,39.491117,143.349414,8.23,1.9,cat_005185,0.16811493055555554,4.034758333333333,16.60987934785496,-13.417938146550043,9.79015731642029,True,True,True,True,False,aftershock_0_0p5d,aftershock_0_0p5d,60.0,-12.09210853317373,-3.115536305057856
2025-11-09 12:06:17.380000+00:00,39.260543,143.62443,12.02,3.3,cat_005186,0.16849699074074073,4.043927777777777,18.854425874683255,10.213449274768431,-15.848501699722672,True,True,True,True,False,aftershock_0_0p5d,aftershock_0_0p5d,60.0,22.67506799531096,-5.766336908588943
2025-11-09 12:06:29.880000+00:00,39.567957,143.263688,9.94,3.6,cat_005187,0.16864166666666666,4.0474,27.70259647467886,-20.767418959586895,18.334375479787862,True,True,True,True,False,aftershock_0_0p5d,aftershock_0_0p5d,60.0,-23.29373537147348,-1.873727777184139
2025-11-09 12:09:46.520000+00:00,39.325195,143.601188,13.79,2.6,cat_005189,0.1709175925925926,4.102022222222223,11.933238896839939,8.210652536960598,-8.659527302298397,True,True,True,True,False,aftershock_0_0p5d,aftershock_0_0p5d,60.0,16.309287370661284,-1.8715474792834008
2025-11-09 12:11:15.510000+00:00,39.413281,143.416243,13.28,3.2,cat_005190,0.17194756944444445,4.126741666666667,7.767289960668466,-7.683888635174829,1.1351890061138707,True,True,True,True,False,aftershock_0_0p5d,aftershock_0_0p5d,60.0,-1.9969610614538293,-5.539540796707567
2025-11-09 12:12:56.180000+00:00,39.399084,143.640609,11.07,2.1,cat_005191,0.17311273148148149,4.154705555555555,11.601943989999151,11.593467373669002,-0.4434453674584623,True,True,True,True,False,aftershock_0_0p5d,aftershock_0_0p5d,60.0,13.183899643337593,6.4458673915374645
2025-11-09 12:14:07.120000+00:00,39.562264,143.658252,8.99,2.4,cat_005192,0.1739337962962963,4.174411111111111,22.017979296492143,13.09405409111979,17.701342762400298,True,True,True,True,False,aftershock_0_0p5d,aftershock_0_0p5d,60.0,1.91340353625078,20.74485386870409
2025-11-09 12:15:47.400000+00:00,39.198966,143.450765,13.88,4.5,cat_005193,0.17509444444444444,4.202266666666667,23.182225643783646,-4.7252080050362055,-22.695551697714638,True,True,True,True,False,aftershock_0_0p5d,aftershock_0_0p5d,60.0,16.412117979555923,-20.959132309653743
2025-11-09 12:20:45+00:00,39.377922,143.44235,13.12,2.0,cat_005194,0.17853888888888889,4.284933333333333,6.118779103451481,-5.442311550642006,-2.796552405111048,True,True,True,True,False,aftershock_0_0p5d,aftershock_0_0p5d,60.0,2.3232285439195994,-6.888325480883271
2025-11-09 12:22:00.940000+00:00,39.475244,143.418262,13.94,2.5,cat_005195,0.17941782407407408,4.3060277777777785,10.989066220412138,-7.507090409394508,8.025160245791303,True,True,True,True,False,aftershock_0_0p5d,aftershock_0_0p5d,60.0,-6.564167900729673,-0.3777985536763251
2025-11-09 12:23:03.200000+00:00,39.413416,143.449495,12.06,1.9,cat_005196,0.1801384259259259,4.323322222222222,4.962215916315951,-4.827072297490546,1.1502003212109104,True,True,True,True,False,aftershock_0_0p5d,aftershock_0_0p5d,60.0,0.08307067952775782,-3.5812014789819884
2025-11-09 12:24:35.090000+00:00,39.57172,143.26307,11.09,2.1,cat_005197,0.1812019675925926,4.348847222222222,28.020247211055374,-20.81989153755557,18.752801988751262,True,True,True,True,False,aftershock_0_0p5d,aftershock_0_0p5d,60.0,-23.617349763810324,-1.6033431623954437
2025-11-09 12:26:11.340000+00:00,39.401611,143.410693,9.32,1.6,cat_005198,0.18231597222222223,4.375583333333333,8.163010379198578,-8.161394043032576,-0.1624557878275943,True,True,True,True,False,aftershock_0_0p5d,aftershock_0_0p5d,60.0,-1.4617975849228886,-6.81448921886593
2025-11-09 12:28:18.780000+00:00,39.60887,143.562142,8.55,2.0,cat_005199,0.18379097222222224,4.410983333333334,23.39077421277862,4.844065120916775,22.883693513597063,True,True,True,True,False,aftershock_0_0p5d,aftershock_0_0p5d,60.0,-7.655478393094096,18.913030749743598
2025-11-09 12:29:21.150000+00:00,39.466646,143.289648,6.48,1.6,cat_005200,0.18451284722222222,4.428308333333334,19.85417375688963,-18.55306507493115,7.069106266500685,True,True,True,True,False,aftershock_0_0p5d,aftershock_0_0p5d,60.0,-13.994547031080026,-8.606836255755999
2025-11-09 12:34:47.990000+00:00,39.485734,143.351432,9.96,1.9,cat_005201,0.1882957175925926,4.519097222222222,16.12203079815266,-13.245172438178457,9.191595026292417,True,True,True,True,False,aftershock_0_0p5d,aftershock_0_0p5d,60.0,-11.55768853295975,-3.4357238571637287
2025-11-09 12:36:28.670000+00:00,39.287309,143.533317,11.4,2.1,cat_005202,0.18946099537037037,4.547063888888889,13.089805487260236,2.376547909875854,-12.872258293154182,True,True,True,True,False,aftershock_0_0p5d,aftershock_0_0p5d,60.0,14.912230903059001,-8.930733864938551
2025-11-09 12:38:15.650000+00:00,39.439209,143.441032,13.31,2.1,cat_005203,0.19069918981481482,4.576780555555556,6.854461130348701,-5.553134266940007,4.018251064154033,True,True,True,True,False,aftershock_0_0p5d,aftershock_0_0p5d,60.0,-2.403185369038705,-1.9776392230829192
2025-11-09 12:40:04.840000+00:00,39.550968,143.412549,9.19,1.8,cat_005204,0.19196296296296295,4.607111111111111,18.284991753875193,-7.993349880846391,16.44528487102319,True,True,True,True,False,aftershock_0_0p5d,aftershock_0_0p5d,60.0,-12.65955103737622,5.4515454399045975
2025-11-09 12:40:21.190000+00:00,39.179541,143.656966,13.48,2.2,cat_005205,0.19215219907407408,4.611652777777778,28.058849457477237,13.019338898313476,-24.855513147785,True,True,True,True,False,aftershock_0_0p5d,aftershock_0_0p5d,60.0,30.86772192793645,-10.4439103548621
2025-11-09 12:41:31.500000+00:00,39.406612,143.67749,17.64,2.0,cat_005206,0.1929659722222222,4.6311833333333325,14.766831799568887,14.761586730246131,0.3936300403218476,True,True,True,True,False,aftershock_0_0p5d,aftershock_0_0p5d,60.0,14.93134234883844,9.21789182988954
2025-11-09 12:43:57.460000+00:00,39.413643,143.304753,11.98,1.8,cat_005207,0.1946553240740741,4.671727777777779,17.302363000949818,-17.26239346585116,1.1754415695594942,True,True,True,True,False,aftershock_0_0p5d,aftershock_0_0p5d,60.0,-9.032762394090847,-12.039300382093549
2025-11-09 12:45:40.130000+00:00,39.456327,143.339893,12.68,2.9,cat_005208,0.19584363425925924,4.700247222222222,15.421285932633065,-14.239023778069235,5.921685818455981,True,True,True,True,False,aftershock_0_0p5d,aftershock_0_0p5d,60.0,-10.055924136666562,-6.505699494090242
2025-11-09 12:47:13.890000+00:00,39.319373,143.584554,9.94,2.3,cat_005209,0.19692881944444446,4.726291666666667,11.515189197495758,6.78093981074367,-9.306904165223239,True,True,True,True,False,aftershock_0_0p5d,aftershock_0_0p5d,60.0,15.704486770825646,-3.3197848619646733
2025-11-09 12:47:55.900000+00:00,39.482149,143.360726,13.31,2.5,cat_005210,0.1974150462962963,4.737961111111112,15.239895160855019,-12.447423246615907,8.792961214271557,True,True,True,True,False,aftershock_0_0p5d,aftershock_0_0p5d,60.0,-10.702264794033052,-3.1836069882206672
2025-11-09 12:48:25.360000+00:00,39.199284,143.450114,12.34,3.4,cat_005211,0.1977560185185185,4.746144444444444,23.1591064772859,-4.781212994842099,-22.660191711041666,True,True,True,True,False,aftershock_0_0p5d,aftershock_0_0p5d,60.0,16.347037244884774,-20.971436191778285
2025-11-09 12:56:54.770000+00:00,39.35944,143.585189,13.39,2.6,cat_005212,0.20365196759259258,4.887647222222222,8.380707525264137,6.833570986811492,-4.851657039355646,True,True,True,True,False,aftershock_0_0p5d,aftershock_0_0p5d,60.0,12.706065561234317,-0.024110842417442102
2025-11-09 12:57:18.350000+00:00,39.150102,143.461507,10.12,2.8,cat_005213,0.20392488425925925,4.894197222222222,28.38479222008356,-3.8022297475603994,-28.12898059327456,True,True,True,True,False,aftershock_0_0p5d,aftershock_0_0p5d,60.0,20.791149310198946,-24.305491978327357
2025-11-09 13:00:58.070000+00:00,39.452844,143.340365,14.79,2.3,cat_005214,0.20646793981481484,4.9552305555555565,15.239306785874101,-14.198839755500689,5.534393888952673,True,True,True,True,False,aftershock_0_0p5d,aftershock_0_0p5d,60.0,-9.762523949459288,-6.761680205228644
2025-11-09 13:04:44.820000+00:00,39.471631,143.320508,7.08,2.3,cat_005216,0.20909236111111112,5.018216666666667,17.63508955122626,-15.90220545423105,7.6234129758243565,True,True,True,True,False,aftershock_0_0p5d,aftershock_0_0p5d,60.0,-12.432820932447354,-6.394298290090982
2025-11-09 13:05:42.320000+00:00,39.467847,143.298568,5.96,2.1,cat_005217,0.2097578703703704,5.034188888888889,19.189842706902162,-17.786852374287967,7.2026513734009985,True,True,True,True,False,aftershock_0_0p5d,aftershock_0_0p5d,60.0,-13.524958860526302,-7.986833716825756
2025-11-09 13:06:41.520000+00:00,39.344312,143.585563,11.51,2.0,cat_005218,0.21044305555555554,5.050633333333333,9.478342155250663,6.866459176497475,-6.533813889634214,True,True,True,True,False,aftershock_0_0p5d,aftershock_0_0p5d,60.0,13.876775426325496,-1.232486493338183
2025-11-09 13:07:23.390000+00:00,39.559965,143.432243,12.4,3.2,cat_005219,0.21092766203703706,5.062263888888889,18.54927589043746,-6.302623963289436,17.445705626044376,True,True,True,True,False,aftershock_0_0p5d,aftershock_0_0p5d,60.0,-12.104426562362873,7.336016886389556
2025-11-09 13:09:24.810000+00:00,39.487256,143.388916,11.19,2.1,cat_005220,0.2123329861111111,5.0959916666666665,13.716871747043616,-10.026336904969195,9.360833704645586,True,True,True,True,False,aftershock_0_0p5d,aftershock_0_0p5d,60.0,-9.3179054605534,-1.1177687867054495
2025-11-09 13:11:35.980000+00:00,39.331482,143.584115,10.98,2.0,cat_005221,0.21385115740740743,5.132427777777778,10.432233681766911,6.742613656203831,-7.960444798484015,True,True,True,True,False,aftershock_0_0p5d,aftershock_0_0p5d,60.0,14.758627093791752,-2.360737839257787
2025-11-09 13:12:20.350000+00:00,39.537923,143.587386,10.05,2.0,cat_005222,0.21436469907407407,5.144752777777778,16.553860143849427,7.013409922844997,14.994747052945124,True,True,True,True,False,aftershock_0_0p5d,aftershock_0_0p5d,60.0,-0.6907008481790351,14.619616388360262
2025-11-09 13:12:50.490000+00:00,39.564742,143.697933,11.26,2.3,cat_005223,0.21471354166666667,5.153125,24.400687433405892,16.499268107264843,17.976883790625905,True,True,True,True,False,aftershock_0_0p5d,aftershock_0_0p5d,60.0,4.21709403169865,23.267633180330357
2025-11-09 13:14:33.330000+00:00,39.636308,143.443359,14.12,3.9,cat_005224,0.21590381944444445,5.181691666666667,26.479854240930536,-5.345672744222231,25.934659910870078,True,True,True,True,False,aftershock_0_0p5d,aftershock_0_0p5d,60.0,-17.190764834291727,14.199490020965568
2025-11-09 13:18:05.380000+00:00,39.212215,143.504199,21.1,1.8,cat_005225,0.21835810185185184,5.240594444444444,21.22271263941088,-0.12742184717360366,-21.222330114600677,True,True,True,True,False,aftershock_0_0p5d,aftershock_0_0p5d,60.0,18.771983108592195,-16.74711901917799
2025-11-09 13:18:41.110000+00:00,39.619576,143.466406,12.54,2.8,cat_005226,0.2187716435185185,5.250519444444444,24.308762187317665,-3.369189148616735,24.074146398253596,True,True,True,True,False,aftershock_0_0p5d,aftershock_0_0p5d,60.0,-14.476395401087638,14.185471661095214
2025-11-09 13:22:41.820000+00:00,39.470418,143.285026,12.05,1.8,cat_005227,0.2215576388888889,5.317383333333334,20.37550419604655,-18.949494482446394,7.488533529804516,True,True,True,True,False,aftershock_0_0p5d,aftershock_0_0p5d,60.0,-14.57050858223697,-8.570178433475993
2025-11-09 13:23:16.830000+00:00,39.363212,143.3757,12.5,2.3,cat_005228,0.22196284722222223,5.327108333333333,12.018246893576533,-11.171107123422733,-4.432229776052606,True,True,True,True,False,aftershock_0_0p5d,aftershock_0_0p5d,60.0,-0.7534307565390499,-11.99015914393263
2025-11-09 13:25:06.230000+00:00,39.47686,143.286133,10.46,1.6,cat_005229,0.22322905092592593,5.357497222222222,20.561512366480535,-18.85355486859881,8.204851247248746,True,True,True,True,False,aftershock_0_0p5d,aftershock_0_0p5d,60.0,-14.988591597052208,-7.980668404254491
2025-11-09 13:28:47.170000+00:00,39.582865,143.638558,8.59,1.5,cat_005230,0.22578622685185185,5.418869444444445,23.01504487351025,11.402183887949619,19.992069446204766,True,True,True,True,False,aftershock_0_0p5d,aftershock_0_0p5d,60.0,-0.8859769479182313,21.26765634490573
2025-11-09 13:30:21.690000+00:00,39.502356,143.263249,15.99,2.6,cat_005231,0.22688020833333333,5.445125,23.561377005529675,-20.814903068863543,11.039877096978065,True,True,True,True,False,aftershock_0_0p5d,aftershock_0_0p5d,60.0,-18.35616555947915,-7.24330557707966
2025-11-09 13:32:52.310000+00:00,39.466321,143.34891,12.02,1.5,cat_005232,0.22862349537037036,5.486963888888889,15.18984382887214,-13.463610928591478,7.032967915341584,True,True,True,True,False,aftershock_0_0p5d,aftershock_0_0p5d,60.0,-10.246081265938987,-5.164038861821208
2025-11-09 13:34:01.210000+00:00,39.355233,143.722428,14.56,1.8,cat_005233,0.2294209490740741,5.5061027777777785,19.374005457590112,18.629431636725943,-5.319454095749411,True,True,True,True,False,aftershock_0_0p5d,aftershock_0_0p5d,60.0,21.655689912830304,7.674290713976644
2025-11-09 13:38:38.990000+00:00,39.43855,143.466048,12.81,2.0,cat_005236,0.23263599537037036,5.583263888888888,5.210782087379992,-3.404325851854384,3.9449736074953967,True,True,True,True,False,aftershock_0_0p5d,aftershock_0_0p5d,60.0,-0.7810038459030881,-0.5665140350168301
2025-11-09 13:39:32.540000+00:00,39.361906,143.758805,17.18,1.6,cat_005237,0.23325578703703703,5.598138888888888,22.231330398362893,21.754984968686387,-4.577450350250353,True,True,True,True,False,aftershock_0_0p5d,aftershock_0_0p5d,60.0,23.436793908277906,10.347738253515105
2025-11-09 13:42:05.130000+00:00,39.56335,143.654183,12.32,2.9,cat_005238,0.235021875,5.640525,21.91016691800292,12.744744335810946,17.82210045273638,True,True,True,True,False,aftershock_0_0p5d,aftershock_0_0p5d,60.0,1.5755071590140486,20.5951015292248
2025-11-09 13:43:18.800000+00:00,39.379366,143.444564,14.13,2.8,cat_005239,0.23587453703703706,5.660988888888889,5.876383320892175,-5.2519954375679845,-2.635986931036379,True,True,True,True,False,aftershock_0_0p5d,aftershock_0_0p5d,60.0,2.353028444486061,-6.641114113250923
2025-11-09 13:46:32.320000+00:00,39.353243,143.540446,10.83,1.8,cat_005240,0.23811435185185187,5.714744444444445,6.295146878425555,2.9881708348292326,-5.540731999772003,True,True,True,True,False,aftershock_0_0p5d,aftershock_0_0p5d,60.0,10.362187813977052,-3.149517013757448
2025-11-09 13:46:51.790000+00:00,39.564937,143.643408,9.51,2.6,cat_005241,0.23833969907407407,5.720152777777778,21.53271318987096,11.819883237335622,17.998566801321367,True,True,True,True,False,aftershock_0_0p5d,aftershock_0_0p5d,60.0,0.7785196745553526,20.093783892120236
2025-11-09 13:48:48.100000+00:00,39.564034,143.661768,12.23,3.2,cat_005242,0.23968587962962964,5.752461111111112,22.355908961009547,13.395634238806164,17.89815778256122,True,True,True,True,False,aftershock_0_0p5d,aftershock_0_0p5d,60.0,1.9999030794826642,21.09443156630529
2025-11-09 13:50:18.200000+00:00,39.44198,143.307194,13.98,3.6,cat_005243,0.2407287037037037,5.777488888888889,17.589570678765543,-17.049212628307295,4.32637220588641,True,True,True,True,False,aftershock_0_0p5d,aftershock_0_0p5d,60.0,-11.024622703674297,-9.588524494431526
2025-11-09 13:55:07.970000+00:00,39.453829,143.440755,14.55,2.4,cat_005244,0.24408252314814816,5.857980555555556,7.934068164523634,-5.576343076597135,5.643920891697565,True,True,True,True,False,aftershock_0_0p5d,aftershock_0_0p5d,60.0,-3.5283085448247835,-0.8039958034957928
2025-11-09 13:56:09.900000+00:00,39.210238,143.633594,11.49,2.2,cat_005245,0.24479930555555554,5.875183333333333,24.101635299826047,11.005582970529472,-21.442162484577377,True,True,True,True,False,aftershock_0_0p5d,aftershock_0_0p5d,60.0,27.06758594935419,-9.31912493933174
2025-11-09 13:57:36.010000+00:00,39.621057,143.472103,11.58,2.0,cat_005246,0.24579594907407407,5.899102777777777,24.409374097406566,-2.88043128549328,24.238826084613997,True,True,True,True,False,aftershock_0_0p5d,aftershock_0_0p5d,60.0,-14.231037267237634,14.639126853965756
2025-11-09 13:59:52.850000+00:00,39.461377,143.302572,12.77,1.2,cat_005247,0.24737974537037039,5.93711388888889,18.609621260023196,-17.443797390182667,6.483220198010682,True,True,True,True,False,aftershock_0_0p5d,aftershock_0_0p5d,60.0,-12.783551693380142,-8.279380039221513
2025-11-09 14:05:22.830000+00:00,39.367944,143.394938,7.24,1.3,cat_005248,0.25119895833333333,6.0287749999999996,10.287746829231274,-9.517378110303673,-3.9060553831700893,True,True,True,True,False,aftershock_0_0p5d,aftershock_0_0p5d,60.0,0.09789516919784269,-10.477901457979192
2025-11-09 14:06:04.600000+00:00,39.31617,143.60708,10.91,1.7,cat_005249,0.25168240740740744,6.0403777777777785,13.01436532145247,8.717740465598805,-9.66306151526567,True,True,True,True,False,aftershock_0_0p5d,aftershock_0_0p5d,60.0,17.36437305893266,-2.2601517437625085
2025-11-09 14:06:33.780000+00:00,39.398275,143.435937,9.96,2.0,cat_005250,0.2520201388888889,6.048483333333333,6.016235694106988,-5.992543367885113,-0.5334020631143367,True,True,True,True,False,aftershock_0_0p5d,aftershock_0_0p5d,60.0,0.3779550647454304,-5.60749933561292
2025-11-09 14:08:11.390000+00:00,39.583842,143.652051,11.41,2.0,cat_005251,0.2531498842592593,6.075597222222223,23.702101780718152,12.559922116267975,20.100706889536376,True,True,True,True,False,aftershock_0_0p5d,aftershock_0_0p5d,60.0,-0.11294053534589565,22.13631888251205
2025-11-09 14:08:53.940000+00:00,39.490706,143.334993,7.37,2.2,cat_005252,0.2536423611111111,6.087416666666666,17.600001437544776,-14.656255148900884,9.744456201569408,True,True,True,True,False,aftershock_0_0p5d,aftershock_0_0p5d,60.0,-12.967003212416659,-3.993076555098958
2025-11-09 14:10:50.890000+00:00,39.513428,143.580648,3.69,2.1,cat_005253,0.2549959490740741,6.119902777777778,13.856492265355302,6.436171806015285,12.271027324786468,True,True,True,True,False,aftershock_0_0p5d,aftershock_0_0p5d,60.0,0.7435780821258398,12.23325997089759
2025-11-09 14:14:32.050000+00:00,39.451782,143.364339,10.73,2.3,cat_005255,0.2575556712962963,6.181336111111111,13.293284306058899,-12.139814914003198,5.416304876856435,True,True,True,True,False,aftershock_0_0p5d,aftershock_0_0p5d,60.0,-8.175489014231111,-5.444543755559543
2025-11-09 14:16:06.330000+00:00,39.574211,143.273372,13.65,3.6,cat_005256,0.258646875,6.207525,27.560009067029554,-19.93545497350252,19.029788551022758,True,True,True,True,False,aftershock_0_0p5d,aftershock_0_0p5d,60.0,-23.159037239327773,-0.7978003507365127
2025-11-09 14:19:21.980000+00:00,39.336637,143.640283,10.22,1.4,cat_005257,0.26091134259259263,6.261872222222223,13.727734590342216,11.5706320840139,-7.387234951631089,True,True,True,True,False,aftershock_0_0p5d,aftershock_0_0p5d,60.0,17.900442890667385,1.3496967668639115
2025-11-09 14:20:19.960000+00:00,39.442061,143.34152,14.14,2.5,cat_005258,0.2615824074074074,6.277977777777778,14.752151234720598,-14.100728105361801,4.335378994944793,True,True,True,True,False,aftershock_0_0p5d,aftershock_0_0p5d,60.0,-8.873426542288612,-7.572092700509957
2025-11-09 14:22:01.730000+00:00,39.513554,143.596647,11.56,2.2,cat_005259,0.26276030092592595,6.306247222222223,14.557257332688652,7.809714955492796,12.285037885543863,True,True,True,True,False,aftershock_0_0p5d,aftershock_0_0p5d,60.0,1.7390164458306252,13.179790236316544
2025-11-09 14:23:22.220000+00:00,39.442961,143.317497,9.23,1.8,cat_005260,0.26369189814814814,6.328605555555555,16.761609682241183,-16.164109311001127,4.435454428924268,True,True,True,True,False,aftershock_0_0p5d,aftershock_0_0p5d,60.0,-10.45136992513138,-8.905378781144757
2025-11-09 14:24:19.670000+00:00,39.303048,143.734798,12.25,2.7,cat_005261,0.2643568287037037,6.344563888888889,22.622809767121314,19.699988684470405,-11.122161342695874,True,True,True,True,False,aftershock_0_0p5d,aftershock_0_0p5d,60.0,26.39442061572467,4.15833634685431
2025-11-09 14:25:24.630000+00:00,39.298763,143.719759,7.78,2.4,cat_005262,0.26510868055555553,6.362608333333332,21.75690336396517,18.407472117434338,-11.59863160336735,True,True,True,True,False,aftershock_0_0p5d,aftershock_0_0p5d,60.0,25.773504260165595,2.9286673406716357
2025-11-09 14:28:03.710000+00:00,39.182865,143.593343,9.52,1.9,cat_005264,0.26694988425925925,6.406797222222222,25.621663607580246,7.543905030010463,-24.48590121161857,True,True,True,True,False,aftershock_0_0p5d,aftershock_0_0p5d,60.0,26.60953093346984,-13.905817124860377
2025-11-09 14:29:34.840000+00:00,39.631429,143.449805,11.88,1.7,cat_005265,0.2680046296296296,6.4321111111111104,25.84052660868483,-4.792926221735316,25.392139863770996,True,True,True,True,False,aftershock_0_0p5d,aftershock_0_0p5d,60.0,-16.41652328640405,14.179322097168978
2025-11-09 14:29:52.070000+00:00,39.304891,143.740462,14.22,2.6,cat_005266,0.2682040509259259,6.436897222222222,22.949709612051645,20.186723616809314,-10.91722909288985,True,True,True,True,False,aftershock_0_0p5d,aftershock_0_0p5d,60.0,26.610860360389168,4.640064442670909
2025-11-09 14:32:43.500000+00:00,39.305855,143.714893,7.83,1.7,cat_005267,0.2701881944444444,6.484516666666666,20.98643318717137,17.988158683695907,-10.810037183604129,True,True,True,True,False,aftershock_0_0p5d,aftershock_0_0p5d,60.0,24.929155311898803,3.219836995951794
2025-11-09 14:35:32.740000+00:00,39.434574,143.427995,12.36,2.7,cat_005269,0.2721469907407407,6.531527777777777,7.536693631550804,-6.673208433254408,3.5028625791564605,True,True,True,True,False,aftershock_0_0p5d,aftershock_0_0p5d,60.0,-2.871401037563106,-3.1182379764845
2025-11-09 14:36:12.400000+00:00,39.376318,143.687435,3.98,2.7,cat_005270,0.2726060185185185,6.542544444444444,15.900210122243065,15.619433208638352,-2.9749090674489627,True,True,True,True,False,aftershock_0_0p5d,aftershock_0_0p5d,60.0,17.855181100497973,7.337965433626824
2025-11-09 14:39:14.380000+00:00,39.220634,143.659684,10.78,1.5,cat_005271,0.2747122685185185,6.593094444444444,24.229609998918114,13.249354311865073,-20.28618002718054,True,True,True,True,False,aftershock_0_0p5d,aftershock_0_0p5d,60.0,27.92132152623291,-6.943847936795037
2025-11-09 14:39:16+00:00,39.489343,143.28776,7.43,1.6,cat_005272,0.2747310185185185,6.5935444444444435,21.027796538790565,-18.712159560089642,9.59289751655233,True,True,True,True,False,aftershock_0_0p5d,aftershock_0_0p5d,60.0,-15.83130118925457,-6.868685660590662
2025-11-09 14:49:06.310000+00:00,39.491146,143.304834,15.4,3.6,cat_005277,0.28156331018518516,6.757519444444444,19.83252565072661,-17.24584134634766,9.793381969292742,True,True,True,True,False,aftershock_0_0p5d,aftershock_0_0p5d,60.0,-14.895091916239812,-5.722476553637101
2025-11-09 14:53:19.850000+00:00,39.377966,143.268408,14.32,1.7,cat_005278,0.2844978009259259,6.827947222222222,20.580355336220418,-20.39014273021971,-2.7916598283383984,True,True,True,True,False,aftershock_0_0p5d,aftershock_0_0p5d,60.0,-8.617077337780838,-17.073971661921256
2025-11-09 14:56:15.670000+00:00,39.533789,143.282161,14.9,3.3,cat_005280,0.2865327546296296,6.876786111111111,24.07074828616387,-19.186803196359374,14.53506722619646,True,True,True,True,False,aftershock_0_0p5d,aftershock_0_0p5d,60.0,-19.54742875725674,-3.576160198470501
2025-11-09 14:57:54.830000+00:00,39.415295,143.726237,7.4,2.3,cat_005281,0.28768043981481484,6.904330555555556,18.997332265445255,18.948656059845657,1.3591355883763039,True,True,True,True,False,aftershock_0_0p5d,aftershock_0_0p5d,60.0,17.33678167668027,12.778455292920187
2025-11-09 14:59:05.110000+00:00,39.566191,143.624089,7.29,1.8,cat_005282,0.2884938657407407,6.9238527777777765,20.790615908341785,10.161825742649388,18.138005239333975,True,True,True,True,False,aftershock_0_0p5d,aftershock_0_0p5d,60.0,-0.5296899242850595,19.065588687316016
2025-11-09 14:59:58.920000+00:00,39.196745,143.461296,12.16,2.3,cat_005283,0.2891166666666667,6.9388000000000005,23.258216851175774,-3.819119716081511,-22.94251562979206,True,True,True,True,False,aftershock_0_0p5d,aftershock_0_0p5d,60.0,17.24342469945783,-20.522192601485763
2025-11-09 15:04:12.140000+00:00,39.194067,143.466911,12.69,1.8,cat_005284,0.2920474537037037,7.00913888888889,23.47850910402527,-3.3360283974868823,-23.240295643346528,True,True,True,True,False,aftershock_0_0p5d,aftershock_0_0p5d,60.0,17.79987355227791,-20.410770733034294
2025-11-09 15:06:21.160000+00:00,39.475972,143.344938,14.65,2.7,cat_005285,0.2935407407407407,7.044977777777778,16.00790752536054,-13.80377520305702,8.106110152388007,True,True,True,True,False,aftershock_0_0p5d,aftershock_0_0p5d,60.0,-11.226481386825053,-4.610720149393859
2025-11-09 15:08:08.570000+00:00,39.330599,143.749365,8.31,2.3,cat_005286,0.2947839120370371,7.07481388888889,22.44492449615019,20.948354643381393,-8.058629918711352,True,True,True,True,False,aftershock_0_0p5d,aftershock_0_0p5d,60.0,25.219556408655002,7.250800808744685
2025-11-09 15:09:02.730000+00:00,39.43833,143.441992,11.81,2.0,cat_005287,0.2954107638888889,7.089858333333334,6.730455540141464,-5.470706676951499,3.92051072363373,True,True,True,True,False,aftershock_0_0p5d,aftershock_0_0p5d,60.0,-2.2762501273354756,-1.992966524544077
2025-11-09 15:10:05.050000+00:00,39.543099,143.542399,9.59,2.3,cat_005288,0.2961320601851852,7.107169444444445,15.88607640254345,3.1517369582061963,15.57029199325722,True,True,True,True,False,aftershock_0_0p5d,aftershock_0_0p5d,60.0,-3.90851629555414,12.408409973125528
2025-11-09 15:12:32.130000+00:00,39.537349,143.54375,5.06,1.8,cat_005290,0.297834375,7.148025,15.284342598981269,3.2678336608822502,14.930921165051116,True,True,True,True,False,aftershock_0_0p5d,aftershock_0_0p5d,60.0,-3.387742411954597,12.019735221573718
2025-11-09 15:14:33.400000+00:00,39.503923,143.27946,11.6,2.2,cat_005292,0.29923796296296296,7.181711111111111,22.42770683600237,-19.422822912756192,11.214119547030247,True,True,True,True,False,aftershock_0_0p5d,aftershock_0_0p5d,60.0,-17.456386573258122,-6.166901671297495
2025-11-09 15:16:32.110000+00:00,39.543197,143.69694,10.5,2.1,cat_005294,0.30061192129629627,7.21468611111111,22.63354563601576,16.416590486379015,15.58118909606853,True,True,True,True,False,aftershock_0_0p5d,aftershock_0_0p5d,60.0,5.789631985102648,21.458403221582806
2025-11-09 15:19:37.010000+00:00,39.307406,143.499821,12.26,1.8,cat_005295,0.3027519675925926,7.266047222222222,10.649494978197742,-0.5037519268973967,-10.637573852378507,True,True,True,True,False,aftershock_0_0p5d,aftershock_0_0p5d,60.0,11.28150619063918,-9.259032147274766
2025-11-09 15:22:04.550000+00:00,39.382861,143.387842,8.52,1.4,cat_005296,0.3044596064814815,7.307030555555556,10.372526799129135,-10.126139443209608,-2.247360662413545,True,True,True,True,False,aftershock_0_0p5d,aftershock_0_0p5d,60.0,-1.4781742939231979,-9.679237833839219
2025-11-09 15:23:06.020000+00:00,39.392318,143.638737,15.66,3.5,cat_005297,0.3051710648148148,7.324105555555556,11.495536912224376,11.433174512164225,-1.1957902411354289,True,True,True,True,False,aftershock_0_0p5d,aftershock_0_0p5d,60.0,13.57945492461751,5.786130603227938
2025-11-09 15:25:35.210000+00:00,39.218982,143.614925,7.65,2.2,cat_005298,0.30689780092592595,7.365547222222222,22.524469473811514,9.398735085142569,-20.469874045997347,True,True,True,True,False,aftershock_0_0p5d,aftershock_0_0p5d,60.0,25.229130942361493,-9.703036546127164
2025-11-09 15:26:51.340000+00:00,39.156763,143.470068,12.1,1.8,cat_005299,0.3077789351851852,7.386694444444444,27.55929836147949,-3.0651884340243627,-27.388311186895027,True,True,True,True,False,aftershock_0_0p5d,aftershock_0_0p5d,60.0,20.82554569895634,-23.261155846688705
2025-11-09 15:28:34.040000+00:00,39.388871,143.638704,14.79,2.3,cat_005300,0.3089675925925926,7.415222222222223,11.539175410912545,11.430621324126179,-1.5790791532793682,True,True,True,True,False,aftershock_0_0p5d,aftershock_0_0p5d,60.0,13.838856649526896,5.503946879289655
2025-11-09 15:30:17.140000+00:00,39.393445,143.459473,12.01,1.7,cat_005301,0.3101608796296296,7.4438611111111115,4.112167865642197,-3.97039184104718,-1.0704735588073704,True,True,True,True,False,aftershock_0_0p5d,aftershock_0_0p5d,60.0,2.2236111193782846,-4.622057141988138
2025-11-09 15:30:56.510000+00:00,39.461564,143.419206,13.88,3.8,cat_005302,0.31061655092592594,7.454797222222222,9.872123997766478,-7.4267528173434165,6.504013649293651,True,True,True,True,False,aftershock_0_0p5d,aftershock_0_0p5d,60.0,-5.468493478193313,-1.436022847733389
2025-11-09 15:33:09.340000+00:00,39.201282,143.636556,9.3,3.1,cat_005303,0.3121539351851852,7.491694444444445,25.105338698740358,11.261150728474723,-22.438024247605792,True,True,True,True,False,aftershock_0_0p5d,aftershock_0_0p5d,60.0,27.933410395252317,-9.87356479977508
2025-11-09 15:35:21.800000+00:00,39.473014,143.343164,11.91,2.3,cat_005304,0.31368703703703704,7.528488888888889,15.97705065628755,-13.956414399228155,7.7771955593734505,True,True,True,True,False,aftershock_0_0p5d,aftershock_0_0p5d,60.0,-11.113958395889789,-4.955425980816369
2025-11-09 15:36:39.890000+00:00,39.306702,143.514014,11.4,1.5,cat_005305,0.3145908564814815,7.550180555555556,10.739785814335256,0.7165539701292987,-10.715855080736159,True,True,True,True,False,aftershock_0_0p5d,aftershock_0_0p5d,60.0,12.227735444356211,-8.484484129111
2025-11-09 15:37:14.610000+00:00,39.551868,143.529313,10.62,1.9,cat_005306,0.3149927083333333,7.559825,16.669231845126113,2.0283859905228288,16.54536030500346,True,True,True,True,False,aftershock_0_0p5d,aftershock_0_0p5d,60.0,-5.395103070065913,12.356109198623612
2025-11-09 15:39:04.320000+00:00,39.465243,143.413379,12.77,2.5,cat_005307,0.3162625,7.5903,10.517989805447948,-7.9269909219500425,6.913099784418784,True,True,True,True,False,aftershock_0_0p5d,aftershock_0_0p5d,60.0,-6.1133603166403745,-1.4776928360144186
2025-11-09 15:43:17.660000+00:00,39.35083,143.572282,9.67,1.9,cat_005309,0.31919467592592593,7.660672222222223,8.155739952890334,5.724604314214063,-5.809045357765002,True,True,True,True,False,aftershock_0_0p5d,aftershock_0_0p5d,60.0,12.547267256166345,-1.4805388603661656
2025-11-09 15:44:23.280000+00:00,39.488635,143.352376,14.93,4.9,cat_005310,0.31995416666666665,7.6789,16.242103950529536,-13.163837608445705,9.514171508488435,True,True,True,True,False,aftershock_0_0p5d,aftershock_0_0p5d,60.0,-11.718062835897184,-3.1442602670689332
2025-11-09 15:46:48+00:00,39.492594,143.320508,12.63,5.0,cat_005311,0.32162916666666663,7.719099999999999,18.75883034206061,-15.899812451408891,9.954392223073654,True,True,True,True,False,aftershock_0_0p5d,aftershock_0_0p5d,60.0,-14.019987778064769,-4.687145285307206
2025-11-09 15:50:27.650000+00:00,39.47526,143.347868,9.98,2.4,cat_005312,0.32417141203703703,7.780113888888889,15.75101789876247,-13.552229696665195,8.026939364617077,True,True,True,True,False,aftershock_0_0p5d,aftershock_0_0p5d,60.0,-10.988464588735305,-4.497180908383126
2025-11-09 15:50:48.050000+00:00,39.366435,143.733382,16.01,3.2,cat_005313,0.32440752314814814,7.785780555555555,19.988887818013993,19.569354530594765,-4.073848527476579,True,True,True,True,False,aftershock_0_0p5d,aftershock_0_0p5d,60.0,21.494338926198452,9.226371297336913
2025-11-09 15:53:54.270000+00:00,39.182121,143.646175,8.16,1.6,cat_005314,0.32656284722222223,7.837508333333334,27.382410383513577,12.090466538072942,-24.568630237041837,True,True,True,True,False,aftershock_0_0p5d,aftershock_0_0p5d,60.0,29.99253377738983,-10.86717311868392
2025-11-09 15:58:11.490000+00:00,39.48964,143.292188,15.65,4.4,cat_005315,0.3295399305555556,7.908958333333334,20.705473264298014,-18.331900926490473,9.625922409766133,True,True,True,True,False,aftershock_0_0p5d,aftershock_0_0p5d,60.0,-15.57558653447627,-6.585317900727077
2025-11-09 16:03:59.220000+00:00,39.357536,143.532682,12.35,1.6,cat_005316,0.33356458333333333,8.00555,5.5698958184205045,2.3207762698500884,-5.063372179686456,True,True,True,True,False,aftershock_0_0p5d,aftershock_0_0p5d,60.0,9.548477662635207,-3.2551753915560857
2025-11-09 16:06:51.580000+00:00,39.441833,143.463542,14.72,3.1,cat_005317,0.33555949074074076,8.053427777777777,5.628243247187392,-3.6195020270951903,4.3100265516698455,True,True,True,True,False,aftershock_0_0p5d,aftershock_0_0p5d,60.0,-1.187282350028818,-0.44608889010492114
2025-11-09 16:10:25.710000+00:00,39.410461,143.408968,9.16,1.6,cat_005319,0.33803784722222224,8.112908333333333,8.349603336562051,-8.309080844354662,0.8216193129762348,True,True,True,True,False,aftershock_0_0p5d,aftershock_0_0p5d,60.0,-2.240653705689616,-6.195136057534674
2025-11-09 16:16:39.590000+00:00,39.347559,143.583545,9.66,1.8,cat_005320,0.34236516203703704,8.216763888888888,9.104787457891968,6.692843422039676,-6.172763962819924,True,True,True,True,False,aftershock_0_0p5d,aftershock_0_0p5d,60.0,13.503634355507682,-1.0866604973104204
2025-11-09 16:18:25.690000+00:00,39.403341,143.655225,9.04,1.6,cat_005321,0.3435931712962963,8.246236111111111,12.848955151610859,12.848921805351383,0.029911435266925496,True,True,True,True,False,aftershock_0_0p5d,aftershock_0_0p5d,60.0,13.779820816466591,7.64799485904409
2025-11-09 16:20:41.880000+00:00,39.631685,143.490869,8.27,1.7,cat_005323,0.3451694444444444,8.284066666666666,25.45233393262866,-1.2704769478165834,25.420605764992033,True,True,True,True,False,aftershock_0_0p5d,aftershock_0_0p5d,60.0,-13.858635185339422,16.60123614545701
2025-11-09 16:21:11.160000+00:00,39.401811,143.655924,15.09,2.5,cat_005324,0.3455083333333333,8.2922,12.909881541360669,12.909121548586281,-0.14021680249873436,True,True,True,True,False,aftershock_0_0p5d,aftershock_0_0p5d,60.0,13.939835862467925,7.564551396604017
2025-11-09 16:22:15.920000+00:00,39.400785,143.657715,12.58,2.3,cat_005325,0.34625787037037037,8.310188888888888,13.06557572917794,13.06310222090125,-0.2543027972363941,True,True,True,True,False,aftershock_0_0p5d,aftershock_0_0p5d,60.0,14.130266839985643,7.586038705497817
2025-11-09 16:25:31.010000+00:00,39.48313,143.395296,11.62,1.6,cat_005326,0.3485158564814815,8.364380555555556,13.003597262883309,-9.478777343619276,8.902043437310201,True,True,True,True,False,aftershock_0_0p5d,aftershock_0_0p5d,60.0,-8.604533698897775,-1.0802093364999374
2025-11-09 16:28:11.940000+00:00,39.40588,143.659082,14.31,2.1,cat_005328,0.35037847222222224,8.409083333333333,13.183772042866265,13.18007573127887,0.31223535401810976,True,True,True,True,False,aftershock_0_0p5d,aftershock_0_0p5d,60.0,13.829671435010184,8.080296413039717
2025-11-09 16:29:11.170000+00:00,39.420703,143.660205,13.47,2.8,cat_005329,0.3510640046296296,8.42553611111111,13.419130599304106,13.275151234228343,1.9604777516703824,True,True,True,True,False,aftershock_0_0p5d,aftershock_0_0p5d,60.0,12.775707415906455,9.351084435927216
2025-11-09 16:29:23.870000+00:00,39.466956,143.437305,5.04,2.9,cat_005330,0.35121099537037037,8.429063888888889,9.216421705228843,-5.872106919726572,7.103576693761168,True,True,True,True,False,aftershock_0_0p5d,aftershock_0_0p5d,60.0,-4.739689855359872,0.06239131083989813
2025-11-09 16:32:44.740000+00:00,39.333492,143.733252,15.49,1.8,cat_005331,0.3535358796296296,8.484861111111112,21.037180747325145,19.562797124124224,-7.736942995928616,True,True,True,True,False,aftershock_0_0p5d,aftershock_0_0p5d,60.0,23.986498400724116,6.541702744625892
2025-11-09 16:34:44.190000+00:00,39.289913,143.534863,11.27,2.4,cat_005332,0.3549184027777778,8.518041666666667,12.83050315784513,2.5094440638307844,-12.582706704171967,True,True,True,True,False,aftershock_0_0p5d,aftershock_0_0p5d,60.0,14.812094288670371,-8.628286896236729
2025-11-09 16:37:23.120000+00:00,39.450415,143.357959,13.46,2.4,cat_005334,0.3567578703703704,8.562188888888889,13.736669880162596,-12.687919204536444,5.264301412133112,True,True,True,True,False,aftershock_0_0p5d,aftershock_0_0p5d,60.0,-8.472910288451056,-5.929377698503136
2025-11-09 16:40:03.050000+00:00,39.314323,143.549528,11.13,1.6,cat_005335,0.35860891203703704,8.606613888888889,10.563979931553222,3.76982778615779,-9.86843854477794,True,True,True,True,False,aftershock_0_0p5d,aftershock_0_0p5d,60.0,13.884099356955318,-5.783178080159865
2025-11-09 16:41:01.310000+00:00,39.566728,143.252604,12.89,2.2,cat_005337,0.3592832175925926,8.622797222222221,28.334836365277003,-21.718824434651328,18.197716914941463,True,True,True,True,False,aftershock_0_0p5d,aftershock_0_0p5d,60.0,-23.896702372976137,-2.6222454699792754
2025-11-09 16:45:54.330000+00:00,39.179175,143.638997,9.33,2.1,cat_005340,0.3626746527777778,8.704191666666667,27.412595945217937,11.472996443769734,-24.896210490936866,True,True,True,True,False,aftershock_0_0p5d,aftershock_0_0p5d,60.0,29.764041553332348,-11.527755773350245
2025-11-09 16:46:24.740000+00:00,39.383443,143.433268,14.47,3.8,cat_005341,0.36302662037037037,8.71263888888889,6.59422968937301,-6.222533911668787,-2.182645215106254,True,True,True,True,False,aftershock_0_0p5d,aftershock_0_0p5d,60.0,1.333887139387837,-6.970984756617491
2025-11-09 16:49:43.050000+00:00,39.388403,143.415104,11.34,2.2,cat_005342,0.365321875,8.767725,7.952213151967682,-7.783132591079174,-1.6311183789495802,True,True,True,True,False,aftershock_0_0p5d,aftershock_0_0p5d,60.0,-0.18391524561415018,-7.631231687137212
2025-11-09 16:50:20.420000+00:00,39.383093,143.437533,13.75,1.3,cat_005343,0.36575439814814814,8.778105555555555,6.263276218653665,-5.856047092918345,-2.2215634394315615,True,True,True,True,False,aftershock_0_0p5d,aftershock_0_0p5d,60.0,1.6285654897403914,-6.749643648063406
2025-11-09 16:51:09.580000+00:00,39.352934,143.726514,19.78,2.4,cat_005344,0.36632337962962963,8.79176111111111,19.782752044879334,18.98093478193058,-5.575091232105333,True,True,True,True,False,aftershock_0_0p5d,aftershock_0_0p5d,60.0,22.087132047825513,7.726850115835724
2025-11-09 16:52:54.190000+00:00,39.484875,143.307715,8.69,1.8,cat_005345,0.36753414351851854,8.820819444444446,19.279836409037575,-16.999226780757322,9.096078584304921,True,True,True,True,False,aftershock_0_0p5d,aftershock_0_0p5d,60.0,-14.239331361410171,-6.0645713495728275
2025-11-09 16:54:26.430000+00:00,39.521285,143.52583,7.72,1.6,cat_005346,0.3686017361111111,8.846441666666665,13.25801865853911,1.7298252899793092,13.144685863432914,True,True,True,True,False,aftershock_0_0p5d,aftershock_0_0p5d,60.0,-3.2954746854575214,9.664402343112236
2025-11-09 16:55:25.100000+00:00,39.459729,143.313053,14.75,2.2,cat_005347,0.36928078703703704,8.862738888888888,17.702770378861135,-16.543839232528487,6.299970958900907,True,True,True,True,False,aftershock_0_0p5d,aftershock_0_0p5d,60.0,-12.000161521536887,-7.800000431997745
2025-11-09 17:01:06.300000+00:00,39.375521,143.67959,9.89,1.4,cat_005349,0.3732298611111111,8.957516666666667,15.256096276615722,14.945344789693383,-3.063531423984521,True,True,True,True,False,aftershock_0_0p5d,aftershock_0_0p5d,60.0,17.422376361740497,6.813628541216306
2025-11-09 17:01:44.520000+00:00,39.487077,143.40485,18.91,1.9,cat_005350,0.3736722222222222,8.968133333333332,12.736403803066478,-8.658121076430028,9.340929812775897,True,True,True,True,False,aftershock_0_0p5d,aftershock_0_0p5d,60.0,-8.303247100049166,-0.1996842972190298
2025-11-09 17:05:10+00:00,39.386214,143.434489,14.18,2.5,cat_005351,0.37605046296296296,9.025211111111112,6.398242696902323,-6.117489016122478,-1.8745240733738768,True,True,True,True,False,aftershock_0_0p5d,aftershock_0_0p5d,60.0,1.2007144434255639,-6.67393576888493
2025-11-09 17:06:05.520000+00:00,39.441276,143.309782,12.94,2.4,cat_005352,0.37669305555555554,9.040633333333332,17.3549415258732,-16.826997991480543,4.2480909775287605,True,True,True,True,False,aftershock_0_0p5d,aftershock_0_0p5d,60.0,-10.808672972250523,-9.494327843582209
2025-11-09 17:08:04.880000+00:00,39.391589,143.603109,10.71,1.7,cat_005353,0.37807453703703703,9.073788888888888,8.46862604919281,8.371814935989878,-1.2768513426592851,True,True,True,True,False,aftershock_0_0p5d,aftershock_0_0p5d,60.0,11.394786783988852,3.6400368326445642
2025-11-09 17:08:30.960000+00:00,39.445398,143.311442,12.39,2.1,cat_005354,0.3783763888888889,9.081033333333334,17.335035414153673,-16.6839160405625,4.7064364651571085,True,True,True,True,False,aftershock_0_0p5d,aftershock_0_0p5d,60.0,-11.016415659430857,-9.06143523954412
2025-11-09 17:10:09.820000+00:00,39.159188,143.455778,11.49,2.0,cat_005356,0.3795206018518519,9.108494444444446,27.456684735495195,-4.295079908240303,-27.118663489781706,True,True,True,True,False,aftershock_0_0p5d,aftershock_0_0p5d,60.0,19.741857482439414,-23.902219625333185
2025-11-09 17:13:55.520000+00:00,39.562826,143.690365,10.75,2.1,cat_005357,0.38213287037037036,9.171188888888889,23.80704947216152,15.849996126924554,17.763834311174783,True,True,True,True,False,aftershock_0_0p5d,aftershock_0_0p5d,60.0,3.8872629429812156,22.669172122228105
2025-11-09 17:17:06.360000+00:00,39.405896,143.335824,8.72,3.2,cat_005358,0.3843416666666667,9.2242,14.597153477250014,-14.593777699197377,0.3140144728438813,True,True,True,True,False,aftershock_0_0p5d,aftershock_0_0p5d,60.0,-6.493006109840287,-10.850517487869862
2025-11-09 17:19:12.920000+00:00,39.272095,143.758757,8.22,2.3,cat_005359,0.3858064814814815,9.259355555555556,26.188109554993925,21.764846910726533,-14.563977907124531,True,True,True,True,False,aftershock_0_0p5d,aftershock_0_0p5d,60.0,30.251350776556876,3.0475571193856252
2025-11-09 17:21:51.440000+00:00,39.410535,143.3139,13.18,1.6,cat_005360,0.3876412037037037,9.30338888888889,16.497788487092176,-16.476907507415337,0.8298477375484897,True,True,True,True,False,aftershock_0_0p5d,aftershock_0_0p5d,60.0,-8.22246620286211,-11.756734690432122
2025-11-09 17:24:23.980000+00:00,39.325586,143.627197,14.06,1.8,cat_005361,0.3894067129629629,9.34576111111111,13.541310540937411,10.446570669479165,-8.616050085980321,True,True,True,True,False,aftershock_0_0p5d,aftershock_0_0p5d,60.0,17.91561888168192,-0.31561713368105127
2025-11-09 17:27:33.920000+00:00,39.350643,143.541634,8.05,1.6,cat_005362,0.3916050925925926,9.398522222222223,6.598273112678058,3.0903381156726755,-5.829838809047971,True,True,True,True,False,aftershock_0_0p5d,aftershock_0_0p5d,60.0,10.634011540782177,-3.2914069781328266
2025-11-09 17:32:13.400000+00:00,39.385193,143.634001,12.68,2.2,cat_005366,0.39483981481481484,9.476155555555556,11.20456984338798,11.02678782559095,-1.9880540934781374,True,True,True,True,False,aftershock_0_0p5d,aftershock_0_0p5d,60.0,13.82216010553411,4.92943558987187
2025-11-09 17:33:35.640000+00:00,39.542126,143.564079,6.78,1.7,cat_005367,0.3957916666666667,9.499,16.25432738644773,5.012652133560733,15.462099329632645,True,True,True,True,False,aftershock_0_0p5d,aftershock_0_0p5d,60.0,-2.4731793388618506,13.597745402296082
2025-11-09 17:42:24.460000+00:00,39.171257,143.465527,15.9,1.4,cat_005369,0.4019122685185185,9.645894444444444,26.007258198120113,-3.455682851332589,-25.77665192010889,True,True,True,True,False,aftershock_0_0p5d,aftershock_0_0p5d,60.0,19.44123875486367,-22.348124759209572
2025-11-09 17:46:51.600000+00:00,39.615413,143.567887,10.02,2.0,cat_005370,0.40500416666666667,9.7201,24.206837401078573,5.336696754472269,23.61124191863169,True,True,True,True,False,aftershock_0_0p5d,aftershock_0_0p5d,60.0,-7.790966763272003,19.78116409756208
2025-11-09 17:50:02.240000+00:00,39.462781,143.499854,15.22,1.4,cat_005371,0.40721064814814817,9.773055555555556,6.658165259706467,-0.5003571480518961,6.639337875019737,True,True,True,True,False,aftershock_0_0p5d,aftershock_0_0p5d,60.0,-0.49285938879556834,3.3843853322936672
2025-11-09 17:52:40.780000+00:00,39.422786,143.739551,16.99,1.1,cat_005372,0.40904560185185185,9.817094444444445,20.210644889980014,20.091418977644242,2.1920967838708814,True,True,True,True,False,aftershock_0_0p5d,aftershock_0_0p5d,60.0,17.605123941671284,14.166880252475
2025-11-09 17:57:41.920000+00:00,39.565995,143.25332,9.71,1.8,cat_005374,0.41253101851851853,9.900744444444445,28.235488154363757,-21.657491898427466,18.11621103371136,True,True,True,True,False,aftershock_0_0p5d,aftershock_0_0p5d,60.0,-23.796268137159274,-2.6400739009430723
2025-11-09 18:01:18.640000+00:00,39.241296,143.75153,10.66,2.9,cat_005376,0.41503935185185187,9.960944444444445,27.76378845833047,21.14797521438704,-17.988670452850496,True,True,True,True,False,aftershock_0_0p5d,aftershock_0_0p5d,60.0,32.13445061255856,0.12129931629544144
2025-11-09 18:02:54.120000+00:00,39.384375,143.348828,7.42,2.8,cat_005377,0.41614444444444443,9.987466666666666,13.63796711314205,-13.478572200122963,-2.0790115434736562,True,True,True,True,False,aftershock_0_0p5d,aftershock_0_0p5d,60.0,-4.0458248161635275,-11.841254857618745
2025-11-09 18:03:34.720000+00:00,39.408114,143.648226,11.8,2.9,cat_005379,0.4166143518518519,9.998744444444446,12.259972395777424,12.247147912912586,0.5606448201414197,True,True,True,True,False,aftershock_0_0p5d,aftershock_0_0p5d,60.0,12.977741521015016,7.62611913621763
2025-11-09 18:07:36+00:00,39.370015,143.575065,9.19,1.6,cat_005382,0.4194069444444445,10.065766666666669,7.004893991976633,5.962990391015603,-3.6757706900891165,True,True,True,True,False,aftershock_0_0p5d,aftershock_0_0p5d,60.0,11.26753671682999,0.24282368885276595
2025-11-09 18:10:31.420000+00:00,39.445723,143.466553,10.4,1.8,cat_005384,0.42143726851851854,10.114494444444444,5.812642894317646,-3.3607742091141684,4.742574816317,True,True,True,True,False,aftershock_0_0p5d,aftershock_0_0p5d,60.0,-1.2928249794091453,0.04675879268355709
2025-11-09 18:11:04.640000+00:00,39.620215,143.584359,9.79,1.8,cat_005385,0.4218217592592593,10.123722222222224,25.070847897410317,6.749585323550288,24.145199956379425,True,True,True,True,False,aftershock_0_0p5d,aftershock_0_0p5d,60.0,-7.121163775441243,21.13494740821402
2025-11-09 18:13:51.880000+00:00,39.573608,143.642074,11.98,2.9,cat_005386,0.4237574074074074,10.170177777777777,22.28417319267751,11.704668955242525,18.9627380102563,True,True,True,True,False,aftershock_0_0p5d,aftershock_0_0p5d,60.0,0.03699045701250814,20.720708824203477
2025-11-09 18:20:23.820000+00:00,39.541756,143.369124,8.46,1.6,cat_005387,0.42829375000000003,10.279050000000002,19.36991222853239,-11.72125455750399,15.42095720677374,True,True,True,True,False,aftershock_0_0p5d,aftershock_0_0p5d,60.0,-14.68893432149437,2.1609339574998216
2025-11-09 18:22:33.680000+00:00,39.527856,143.560742,9.99,1.8,cat_005388,0.4297967592592593,10.315122222222223,14.658342505094762,4.726706882386261,13.87534772641442,True,True,True,True,False,aftershock_0_0p5d,aftershock_0_0p5d,60.0,-1.6007855046209158,12.241841889887016
2025-11-09 18:24:35+00:00,39.386003,143.642936,15.78,2.9,cat_005389,0.43120092592592596,10.348822222222223,11.94625104410933,11.7945153477933,-1.8979862028958991,True,True,True,True,False,aftershock_0_0p5d,aftershock_0_0p5d,60.0,14.322492986473799,5.518659470507646
2025-11-09 18:28:38.820000+00:00,39.47937,143.33361,11.85,4.1,cat_005390,0.4340229166666667,10.41655,17.038593117021662,-14.776210714921993,8.483950513126688,True,True,True,True,False,aftershock_0_0p5d,aftershock_0_0p5d,60.0,-12.195545024279548,-4.9971264504588
2025-11-09 18:33:22.660000+00:00,39.406673,143.72832,14.98,1.7,cat_005391,0.4373081018518518,10.495394444444443,19.132980285675266,19.128794786799194,0.40041293084663243,True,True,True,True,False,aftershock_0_0p5d,aftershock_0_0p5d,60.0,18.12210054044307,12.199772843534081
2025-11-09 18:37:06.320000+00:00,39.49919,143.319678,11.84,3.4,cat_005392,0.4398967592592593,10.557522222222223,19.216679551381382,-15.97032404212251,10.687833959221367,True,True,True,True,False,aftershock_0_0p5d,aftershock_0_0p5d,60.0,-14.571531790889589,-4.198567894645881
2025-11-09 18:38:53.720000+00:00,39.470496,143.321273,12.57,2.8,cat_005393,0.44113981481481485,10.587355555555556,17.521616076920388,-15.836637779888244,7.497206734082226,True,True,True,True,False,aftershock_0_0p5d,aftershock_0_0p5d,60.0,-12.29881783637473,-6.441946014237556
2025-11-09 18:45:41.820000+00:00,39.555981,143.464388,12.34,2.6,cat_005395,0.44586319444444444,10.700716666666667,17.36811382232595,-3.5439274787149095,17.00270503829295,True,True,True,True,False,aftershock_0_0p5d,aftershock_0_0p5d,60.0,-9.783981830644647,8.8923562008686
2025-11-09 18:49:03.760000+00:00,39.628345,143.456348,11.8,1.7,cat_005396,0.44820046296296295,10.75681111111111,25.404151715566172,-4.231765281606693,25.049214709999834,True,True,True,True,False,aftershock_0_0p5d,aftershock_0_0p5d,60.0,-15.77217946115839,14.310928695342486
2025-11-09 18:50:47.320000+00:00,39.333931,143.706478,19.56,1.6,cat_005397,0.4493990740740741,10.785577777777778,18.895897881821305,17.26116653020915,-7.688128423131646,True,True,True,True,False,aftershock_0_0p5d,aftershock_0_0p5d,60.0,22.269175726619373,5.0085070342324185
2025-11-09 18:51:28.120000+00:00,39.409436,143.338249,7.78,1.8,cat_005398,0.44987129629629624,10.79691111111111,14.40245315149535,-14.385060167049506,0.7076445131657289,True,True,True,True,False,aftershock_0_0p5d,aftershock_0_0p5d,60.0,-6.608611366672935,-10.420234974325176
2025-11-09 18:52:48.240000+00:00,39.572835,143.266357,10.18,1.9,cat_005399,0.45079861111111114,10.819166666666668,27.894924561198952,-20.537648712809574,18.87678433195979,True,True,True,True,False,aftershock_0_0p5d,aftershock_0_0p5d,60.0,-23.495352303901655,-1.3202367277742753
2025-11-09 18:57:21.420000+00:00,39.599772,143.513623,12.56,2.4,cat_005400,0.45396041666666664,10.89505,21.882656763429832,0.6815013262185805,21.87204207098469,True,True,True,True,False,aftershock_0_0p5d,aftershock_0_0p5d,60.0,-10.011532143939856,15.335407696737937
2025-11-09 18:59:43.120000+00:00,39.383557,143.453337,12.91,1.5,cat_005401,0.4556004629629629,10.93441111111111,4.994031652849053,-4.497953743098818,-2.1699689934683852,True,True,True,True,False,aftershock_0_0p5d,aftershock_0_0p5d,60.0,2.587080456284962,-5.786145546047458
2025-11-09 19:00:06.520000+00:00,39.355505,143.748747,18.47,1.6,cat_005402,0.4558712962962963,10.940911111111111,21.5506436537696,20.891501824160166,-5.289209075701815,True,True,True,True,False,aftershock_0_0p5d,aftershock_0_0p5d,60.0,23.29017601663874,9.238365990481428
2025-11-09 19:05:14.360000+00:00,39.419035,143.715592,9.66,1.8,cat_005403,0.4594342592592593,11.026422222222223,18.12077113472897,18.03363130719497,1.7750046140270115,True,True,True,True,False,aftershock_0_0p5d,aftershock_0_0p5d,60.0,16.383801786557903,12.459007842654138
2025-11-09 19:07:48.520000+00:00,39.489555,143.377376,13.21,3.0,cat_005404,0.4612185185185185,11.069244444444445,14.62369280179387,-11.017076292919418,9.616470841001506,True,True,True,True,False,aftershock_0_0p5d,aftershock_0_0p5d,60.0,-10.217061477635168,-1.6060651488318602
2025-11-09 19:10:55.760000+00:00,39.353992,143.368913,12.72,1.5,cat_005405,0.4633856481481481,11.121255555555553,12.960254231666543,-11.755190935594747,-5.457446999715339,True,True,True,True,False,aftershock_0_0p5d,aftershock_0_0p5d,60.0,-0.48194907606948956,-13.1384282554677
2025-11-09 19:11:27.860000+00:00,39.476799,143.443099,6.8,1.7,cat_005406,0.46375717592592597,11.130172222222223,9.802531295409665,-5.37413325563311,8.198068356723171,True,True,True,True,False,aftershock_0_0p5d,aftershock_0_0p5d,60.0,-5.121397365558236,1.2026496794047448
2025-11-09 19:15:02.640000+00:00,39.61213,143.474251,10.47,1.3,cat_005408,0.46624305555555556,11.189833333333333,23.402040675362567,-2.6963365010501055,23.246188974458033,True,True,True,True,False,aftershock_0_0p5d,aftershock_0_0p5d,60.0,-13.419705980538163,14.038326666432043
2025-11-09 19:15:18.660000+00:00,39.415487,143.576579,6.63,2.1,cat_005409,0.4664284722222222,11.194283333333333,6.2455957496769585,6.09111892356283,1.380485014291883,True,True,True,True,False,aftershock_0_0p5d,aftershock_0_0p5d,60.0,7.914676139976535,4.029704281255966
2025-11-09 19:22:17.900000+00:00,39.43927,143.30236,11.54,1.4,cat_005410,0.4712807870370371,11.31073888888889,17.92258629307098,-17.464774859110033,4.025033954679608,True,True,True,True,False,aftershock_0_0p5d,aftershock_0_0p5d,60.0,-11.123271695091502,-10.092275510115357
2025-11-09 19:27:14.160000+00:00,39.491964,143.348633,10.2,1.9,cat_005412,0.4747097222222222,11.393033333333332,16.719539735624004,-13.484917490717514,9.88433941928826,True,True,True,True,False,aftershock_0_0p5d,aftershock_0_0p5d,60.0,-12.205315181133232,-3.092282146214524
2025-11-09 19:29:42.620000+00:00,39.524679,143.516618,5.58,2.1,cat_005413,0.4764280092592592,11.434272222222221,13.554643545039392,0.9389760632750747,13.522081444464561,True,True,True,True,False,aftershock_0_0p5d,aftershock_0_0p5d,60.0,-4.1313727925001,9.401449346164997
2025-11-09 19:30:39.920000+00:00,39.323063,143.629883,10.57,1.6,cat_005414,0.4770912037037037,11.450188888888889,13.898274652884917,10.67767351308523,-8.896594885904944,True,True,True,True,False,aftershock_0_0p5d,aftershock_0_0p5d,60.0,18.275945363629955,-0.3633532363132128
2025-11-09 19:31:03.540000+00:00,39.460527,143.35778,7.86,2.1,cat_005415,0.47736458333333337,11.456750000000001,14.218499307146415,-12.702371995881109,6.38870451036283,True,True,True,True,False,aftershock_0_0p5d,aftershock_0_0p5d,60.0,-9.249937193482582,-5.11653060381474
2025-11-09 19:34:14+00:00,39.288285,143.523649,10.79,1.5,cat_005416,0.4795689814814815,11.509655555555558,12.856920577821361,1.5451710102370753,-12.763732044748936,True,True,True,True,False,aftershock_0_0p5d,aftershock_0_0p5d,60.0,14.229955109491328,-9.418037915155157
2025-11-09 19:36:07.800000+00:00,39.41025,143.729069,18.9,2.4,cat_005417,0.48088611111111107,11.541266666666665,19.209239408583468,19.192655190785533,0.7981571834542126,True,True,True,True,False,aftershock_0_0p5d,aftershock_0_0p5d,60.0,17.89770232184574,12.53432340947293
2025-11-09 19:37:36.440000+00:00,39.428528,143.308366,12.33,1.6,cat_005418,0.481912037037037,11.565888888888889,17.18489352144419,-16.95017763944295,2.830578052663706,True,True,True,True,False,aftershock_0_0p5d,aftershock_0_0p5d,60.0,-9.932549398167296,-10.615453885009869
2025-11-09 19:39:27.800000+00:00,39.410295,143.718783,16.07,1.5,cat_005419,0.4832009259259259,11.596822222222222,18.326522337021956,18.308918879206736,0.8031609551532257,True,True,True,True,False,aftershock_0_0p5d,aftershock_0_0p5d,60.0,17.24768274924658,11.935583514884206
2025-11-09 19:40:24.560000+00:00,39.615816,143.4889,9.77,1.4,cat_005420,0.48385787037037037,11.612588888888888,23.69981300167071,-1.4395407565747103,23.656053474070085,True,True,True,True,False,aftershock_0_0p5d,aftershock_0_0p5d,60.0,-12.779523715999568,15.194912642286818
2025-11-09 19:41:15.800000+00:00,39.427869,143.301986,9.68,1.7,cat_005421,0.4844509259259259,11.626822222222222,17.714236397772876,-17.498331607804115,2.757300596005069,True,True,True,True,False,aftershock_0_0p5d,aftershock_0_0p5d,60.0,-10.283670797884508,-11.042719752292852
2025-11-09 19:41:53.240000+00:00,39.402478,143.663102,14.13,2.1,cat_005422,0.48488425925925926,11.637222222222222,13.525957690843297,13.525798137545092,-0.06604978642681666,True,True,True,True,False,aftershock_0_0p5d,aftershock_0_0p5d,60.0,14.340487255728304,8.039176746455249
2025-11-09 19:48:27.120000+00:00,39.614575,143.546989,11.72,2.8,cat_005423,0.4894430555555555,11.746633333333332,23.78357216971745,3.5438927391595128,23.518060570104158,True,True,True,True,False,aftershock_0_0p5d,aftershock_0_0p5d,60.0,-9.039201320239817,18.490916256321366
2025-11-09 19:52:49+00:00,39.409639,143.454476,14.67,3.5,cat_005424,0.4924740740740741,11.81937777777778,4.459445583113389,-4.399254312176853,0.7302170832744704,True,True,True,True,False,aftershock_0_0p5d,aftershock_0_0p5d,60.0,0.6823774844012194,-3.5968699932001993
2025-11-09 19:55:27.080000+00:00,39.164689,143.618945,14.51,3.0,cat_005425,0.4943037037037037,11.863288888888889,28.24270309239377,9.748369269603522,-26.506980198309726,True,True,True,True,False,aftershock_0_0p5d,aftershock_0_0p5d,60.0,29.600158206621664,-13.881913837018335
2025-11-09 19:59:08.280000+00:00,39.230269,143.732454,9.34,2.1,cat_005426,0.4968638888888889,11.924733333333332,27.382358100057676,19.508598481395822,-19.214816908959886,True,True,True,True,False,aftershock_0_0p5d,aftershock_0_0p5d,60.0,31.770763589176546,-1.8933279329807364
2025-11-09 20:01:41.060000+00:00,39.234212,143.72526,8.17,2.2,cat_005427,0.4986321759259259,11.96717222222222,26.63367872826667,18.8891907190344,-18.776375313200436,True,True,True,True,False,aftershock_0_0p5d,aftershock_0_0p5d,60.0,31.01869293802774,-1.994751523167062
2025-11-09 20:03:16.880000+00:00,39.470605,143.422754,12.74,2.2,cat_005428,0.4997412037037037,11.993788888888888,10.349240498671795,-7.121573460316911,7.509326981086695,True,True,True,True,False,aftershock_0_0p5d,aftershock_0_0p5d,60.0,-5.930475346173395,-0.4924328474188576
2025-11-07 08:07:59.880000+00:00,39.431368,143.484131,15.5,2.9,cat_004567,-1.996983333333333,-47.9276,3.6505205681360136,-1.8511202341262571,3.146371644334149,True,True,True,True,False,foreshock_final2d,foreshock_final2d,80.0,0.8618037397931946,3.7439988746750643
2025-11-07 08:38:48.820000+00:00,39.367342,143.58763,14.06,2.8,cat_004570,-1.975583564814815,-47.41400555555556,8.086290535828768,7.042969244271751,-3.972994729010187,True,True,True,True,False,foreshock_final2d,foreshock_final2d,80.0,9.411104225516453,-3.78591921335672
2025-11-07 14:06:02.040000+00:00,39.390312,143.58667,8.46,1.9,cat_004571,-1.7483472222222223,-41.96033333333334,7.1024816513371345,6.959319068907044,-1.418847263984581,True,True,True,True,False,foreshock_final2d,foreshock_final2d,80.0,9.447710137313319,-1.23066450351725
2025-11-07 14:16:30.970000+00:00,39.397636,143.587467,7.82,1.7,cat_004572,-1.7410679398148148,-41.78563055555556,7.0533824376947285,7.027434859523406,-0.6044556212401665,True,True,True,True,False,foreshock_final2d,foreshock_final2d,80.0,9.55406470449146,-0.42037923600735116
2025-11-07 14:16:56.970000+00:00,39.388924,143.577002,10.29,2.2,cat_004573,-1.7407670138888887,-41.77840833333333,6.3273200288732605,6.128626897391507,-1.5731858221670745,True,True,True,True,False,foreshock_final2d,foreshock_final2d,80.0,8.610676712651056,-1.3457510811760462
2025-11-07 14:22:07.840000+00:00,39.394922,143.57819,9.21,1.9,cat_004574,-1.7371689814814815,-41.692055555555555,6.2960052489857175,6.230442671732123,-0.9062386521532143,True,True,True,True,False,foreshock_final2d,foreshock_final2d,80.0,8.743757215015776,-0.6843324849871956
2025-11-07 15:52:46.340000+00:00,39.365279,143.448193,13.71,3.0,cat_004575,-1.6742233796296295,-40.18136111111111,6.486136414326794,-4.940636449510814,-4.202389862677879,True,True,True,True,False,foreshock_final2d,foreshock_final2d,80.0,-2.5700242952686825,-3.4512747455446093
2025-11-07 16:26:29.910000+00:00,39.366158,143.448975,13.73,3.2,cat_004577,-1.6508024305555553,-39.61925833333333,6.371667883851145,-4.87339790961455,-4.104649522157574,True,True,True,True,False,foreshock_final2d,foreshock_final2d,80.0,-2.4982618764282902,-3.3568059641690535
2025-11-07 16:44:02+00:00,39.365857,143.445622,12.2,1.8,cat_004579,-1.6386254629629629,-39.327011111111105,6.615579542797081,-5.1615759247530715,-4.138119195077623,True,True,True,True,False,foreshock_final2d,foreshock_final2d,80.0,-2.787695421275985,-3.3766808360290215
2025-11-07 17:49:40.980000+00:00,39.394694,143.58138,7.9,1.5,cat_004580,-1.5930354166666667,-38.23285,6.570927990054138,6.504554972390604,-0.9315910954281621,True,True,True,True,False,foreshock_final2d,foreshock_final2d,80.0,9.01637325105094,-0.722552854540205
2025-11-07 18:41:53.840000+00:00,39.383455,143.583805,10.12,1.5,cat_004581,-1.5567754629629629,-37.36261111111111,7.058946373412517,6.71346489591182,-2.181310875986728,True,True,True,True,False,foreshock_final2d,foreshock_final2d,80.0,9.16625702390592,-1.9807172876330128
2025-11-07 19:15:07.720000+00:00,39.389128,143.576644,14.28,2.8,cat_004582,-1.533698148148148,-36.80875555555555,6.291891187192856,6.097855405957916,-1.550502057131969,True,True,True,True,False,foreshock_final2d,foreshock_final2d,80.0,8.58100648399123,-1.3216447456501101
2025-11-07 19:28:15.240000+00:00,39.394145,143.581348,9.35,1.8,cat_004583,-1.5245833333333334,-36.59,6.5771674241801685,6.50183094421281,-0.9926371101559656,True,True,True,True,False,foreshock_final2d,foreshock_final2d,80.0,9.01078024350912,-0.7834031175659123
2025-11-07 20:13:27.800000+00:00,39.396476,143.582048,8.69,1.6,cat_004584,-1.493187962962963,-35.83651111111111,6.60273150465393,6.561869341448055,-0.7334417361477121,True,True,True,True,False,foreshock_final2d,foreshock_final2d,80.0,9.082946371624237,-0.5273193402532365
2025-11-07 20:44:49.480000+00:00,39.416801,143.526042,10.23,1.1,cat_004585,-1.4714092592592591,-35.31382222222222,2.3217816882234232,1.7493363082750737,1.5265951479029114,True,True,True,True,False,foreshock_final2d,foreshock_final2d,80.0,4.382068849062456,1.9566274044504013
2025-11-07 20:53:45+00:00,39.35815,143.443555,13.39,3.9,cat_004586,-1.4652111111111112,-35.16506666666667,7.311732139607754,-5.339515281968436,-4.995098494726832,True,True,True,True,False,foreshock_final2d,foreshock_final2d,80.0,-3.0057555441865444,-4.2243397990971285
2025-11-07 20:58:53.340000+00:00,39.346981,143.43693,12.73,1.1,cat_004587,-1.4616423611111111,-35.07941666666667,8.591944897118287,-5.909393052127369,-6.237034630420179,True,True,True,True,False,foreshock_final2d,foreshock_final2d,80.0,-3.6334309245584535,-5.438090043149511
2025-11-07 21:05:19.560000+00:00,39.371993,143.447266,11.94,1.9,cat_004589,-1.457172222222222,-34.97213333333333,6.094570309188151,-5.020064629162683,-3.4558271251860524,True,True,True,True,False,foreshock_final2d,foreshock_final2d,80.0,-2.6142414299160315,-2.7018018629546674
2025-11-07 21:06:33.720000+00:00,39.369141,143.447803,13.41,2.7,cat_004590,-1.456313888888889,-34.95153333333333,6.243078566976226,-4.97401680448636,-3.7729550559768112,True,True,True,True,False,foreshock_final2d,foreshock_final2d,80.0,-2.5831643235482176,-3.0207450241995093
2025-11-07 21:13:16.240000+00:00,39.358944,143.447493,12.13,1.7,cat_004591,-1.4516550925925926,-34.83972222222222,7.006212737157724,-5.001023881317667,-4.906809722971156,True,True,True,True,False,foreshock_final2d,foreshock_final2d,80.0,-2.663485283953457,-4.152073593353232
2025-11-07 21:19:15.600000+00:00,39.386373,143.580078,8.82,1.9,cat_004592,-1.4474958333333334,-34.739900000000006,6.6572591903646305,6.393061330689638,-1.8568440800377848,True,True,True,True,False,foreshock_final2d,foreshock_final2d,80.0,8.861473237043977,-1.6415359356300585
2025-11-07 21:29:36.440000+00:00,39.360449,143.451742,13.43,2.9,cat_004593,-1.4403101851851852,-34.56744444444445,6.629704093353758,-4.635783216611606,-4.739461358370912,True,True,True,True,False,foreshock_final2d,foreshock_final2d,80.0,-2.290775909199609,-4.002093793847107
2025-11-07 21:39:27.980000+00:00,39.389893,143.581901,10.52,1.9,cat_004594,-1.4334636574074073,-34.403127777777776,6.711488481539223,6.549547496369533,-1.4654379382487441,True,True,True,True,False,foreshock_final2d,foreshock_final2d,80.0,9.036200379064999,-1.257925307882933
2025-11-07 21:50:17.760000+00:00,39.362752,143.448438,12.88,2.1,cat_004595,-1.4259430555555554,-34.222633333333334,6.656112517029235,-4.919669342975279,-4.483379442308746,True,True,True,True,False,foreshock_final2d,foreshock_final2d,80.0,-2.5622999556965347,-3.7329396137759496
2025-11-07 22:11:39.640000+00:00,39.358712,143.451611,11.94,1.6,cat_004596,-1.4111064814814815,-33.86655555555556,6.776883213866762,-4.647100032879591,-4.932606945953139,True,True,True,True,False,foreshock_final2d,foreshock_final2d,80.0,-2.3111670003750344,-4.194493096687846
2025-11-07 22:23:14.200000+00:00,39.39283,143.583285,9.23,1.5,cat_004597,-1.4030675925925926,-33.67362222222222,6.76488338461591,6.668332007385695,-1.1388584386941478,True,True,True,True,False,foreshock_final2d,foreshock_final2d,80.0,9.170217752677335,-0.9372958127382555
2025-11-08 00:03:46.470000+00:00,39.390869,143.570915,10.04,1.9,cat_004600,-1.3332496527777777,-31.997991666666664,5.767393437718849,5.605499037368951,-1.356911689843497,True,True,True,True,False,foreshock_final2d,foreshock_final2d,80.0,8.098303030530676,-1.1051051418492022
2025-11-08 00:09:52.930000+00:00,39.399495,143.586182,6.43,1.5,cat_004601,-1.3290082175925926,-31.89619722222222,6.9283569095557125,6.91693083627767,-0.3977442526075801,True,True,True,True,False,foreshock_final2d,foreshock_final2d,80.0,9.45340806905164,-0.2086979406187729
2025-11-08 00:17:39.500000+00:00,39.388359,143.581885,9.17,1.9,cat_004603,-1.323608101851852,-31.766594444444447,6.749521197854795,6.548244635906174,-1.6360109557214395,True,True,True,True,False,foreshock_final2d,foreshock_final2d,80.0,9.02687411361352,-1.4282481557567754
2025-11-08 00:20:33.420000+00:00,39.36025,143.446712,11.33,1.2,cat_004604,-1.321595138888889,-31.718283333333332,6.954018888550849,-5.068101420247827,-4.7615891487734086,True,True,True,True,False,foreshock_final2d,foreshock_final2d,80.0,-2.723656441973004,-4.003858063998723
2025-11-08 00:22:55.490000+00:00,39.358911,143.461719,12.05,1.6,cat_004605,-1.3199508101851851,-31.678819444444443,6.19585582654879,-3.778336446574716,-4.910479155550643,True,True,True,True,False,foreshock_final2d,foreshock_final2d,80.0,-1.4423243588395929,-4.21326201373492
2025-11-08 00:37:25.980000+00:00,39.356173,143.460059,12.16,1.6,cat_004606,-1.3098756944444443,-31.437016666666665,6.524600946144574,-3.9210861382174422,-5.214930864703533,True,True,True,True,False,foreshock_final2d,foreshock_final2d,80.0,-1.599239343509474,-4.510660744828817
2025-11-08 00:39:37.100000+00:00,39.357324,143.459896,12.67,1.7,cat_004607,-1.3083581018518518,-31.400594444444444,6.431309023510745,-3.9350634062248324,-5.086945504135632,True,True,True,True,False,foreshock_final2d,foreshock_final2d,80.0,-1.6071798831637398,-4.382159521602557
2025-11-08 00:47:52.500000+00:00,39.374227,143.447217,12.49,1.6,cat_004608,-1.3026243055555555,-31.26298333333333,5.960709969089169,-5.024195237976269,-3.2074176590627426,True,True,True,True,False,foreshock_final2d,foreshock_final2d,80.0,-2.6066806920275516,-2.4534731291532395
2025-11-08 01:13:29.880000+00:00,39.369393,143.446126,13.89,4.8,cat_004611,-1.2848305555555555,-30.83593333333333,6.3419075070115465,-5.118130897412845,-3.744933934462021,True,True,True,True,False,foreshock_final2d,foreshock_final2d,80.0,-2.72580054652836,-2.985974880039191
2025-11-08 01:18:04.250000+00:00,39.360339,143.451351,11.96,2.2,cat_004612,-1.281654976851852,-30.759719444444446,6.661966846027117,-4.669391984037767,-4.751692800301746,True,True,True,True,False,foreshock_final2d,foreshock_final2d,80.0,-2.3249229071945274,-4.012730520201965
2025-11-08 01:18:30.480000+00:00,39.372111,143.455745,13.12,3.8,cat_004613,-1.2813513888888888,-30.75243333333333,5.501651788367073,-4.291380753214039,-3.442706123842728,True,True,True,True,False,foreshock_final2d,foreshock_final2d,80.0,-1.885747126202264,-2.7229773487905007
2025-11-08 01:22:55.300000+00:00,39.382532,143.447445,11.8,1.5,cat_004614,-1.2782863425925926,-30.67887222222222,5.50085916154633,-5.004303542293008,-2.283943793279681,True,True,True,True,False,foreshock_final2d,foreshock_final2d,80.0,-2.543364894785798,-1.5319576544263587
2025-11-08 01:25:30.790000+00:00,39.360531,143.443376,11.92,1.8,cat_004615,-1.2764866898148148,-30.635680555555556,7.144936583524146,-5.35480862969043,-4.730343374386166,True,True,True,True,False,foreshock_final2d,foreshock_final2d,80.0,-3.008576180454061,-3.959158343783615
2025-11-08 01:26:11.510000+00:00,39.399642,143.434375,6.62,1.8,cat_004616,-1.2760153935185186,-30.624369444444447,6.1385551638328915,-6.126695405714664,-0.3813985983910142,True,True,True,True,False,foreshock_final2d,foreshock_final2d,80.0,-3.5750060230318095,0.4212853658300528
2025-11-08 01:27:02.620000+00:00,39.401908,143.57832,6.18,2.0,cat_004617,-1.2754238425925926,-30.61017222222222,6.2426421431352646,6.241300399527967,-0.129430894614581,True,True,True,True,False,foreshock_final2d,foreshock_final2d,80.0,8.79114893418738,0.09110429991473867
2025-11-08 01:31:01.630000+00:00,39.376274,143.447949,10.08,1.7,cat_004618,-1.272657523148148,-30.543780555555553,5.78730318358252,-4.961215828267832,-2.9798016442208217,True,True,True,True,False,foreshock_final2d,foreshock_final2d,80.0,-2.533062503399261,-2.2290721074023794
2025-11-08 01:31:24.580000+00:00,39.381702,143.444206,12.36,2.0,cat_004619,-1.2723918981481481,-30.537405555555555,5.792504955036939,-5.282671688385362,-2.376235582394726,True,True,True,True,False,foreshock_final2d,foreshock_final2d,80.0,-2.8257668022404543,-1.6110510281242951
2025-11-08 01:40:28.630000+00:00,39.39034,143.460758,13.0,1.4,cat_004620,-1.2660950231481483,-30.386280555555558,4.111494235636072,-3.860062581482644,-1.4157338060384934,True,True,True,True,False,foreshock_final2d,foreshock_final2d,80.0,-1.3595447859708365,-0.7185414581855277
2025-11-08 01:43:12.380000+00:00,39.370239,143.454704,10.43,1.8,cat_004621,-1.2641997685185185,-30.34079444444444,5.702727789389986,-4.3809023612108575,-3.6508630265212045,True,True,True,True,False,foreshock_final2d,foreshock_final2d,80.0,-1.9849626417535733,-2.9266920902917497
2025-11-08 01:47:57.570000+00:00,39.378031,143.452458,12.46,2.1,cat_004622,-1.2608989583333332,-30.261574999999997,5.3545786048114765,-4.573669337003059,-2.7844321581065783,True,True,True,True,False,foreshock_final2d,foreshock_final2d,80.0,-2.1367537081296035,-2.0521516230369623
2025-11-08 01:55:35.030000+00:00,39.370349,143.430811,12.49,1.6,cat_004624,-1.2556042824074074,-30.134502777777776,7.391854172410765,-6.434273391049787,-3.6386315845903714,True,True,True,True,False,foreshock_final2d,foreshock_final2d,80.0,-4.035484538171558,-2.817870462552195
2025-11-08 02:09:59.890000+00:00,39.356486,143.445833,12.92,1.7,cat_004627,-1.2455943287037037,-29.894263888888887,7.3001544934519975,-5.143787203100522,-5.180126852663958,True,True,True,True,False,foreshock_final2d,foreshock_final2d,80.0,-2.818949113567233,-4.418371578910399
2025-11-08 02:28:18.120000+00:00,39.381311,143.451969,11.54,1.2,cat_004628,-1.2328833333333333,-29.589199999999998,5.211393169850401,-4.615583402450303,-2.4197127987128013,True,True,True,True,False,foreshock_final2d,foreshock_final2d,80.0,-2.1614626268305264,-1.6858642094727583
2025-11-08 02:31:59.170000+00:00,39.37891,143.597021,10.1,1.4,cat_004629,-1.2303248842592593,-29.527797222222226,8.296470600259788,7.84940249405142,-2.6866918175862744,True,True,True,True,False,foreshock_final2d,foreshock_final2d,80.0,10.277160446143782,-2.53898040611695
2025-11-08 02:36:09.950000+00:00,39.360136,143.451807,13.79,4.7,cat_004630,-1.227422337962963,-29.45813611111111,6.650746102105301,-4.630207074718703,-4.774265370411277,True,True,True,True,False,foreshock_final2d,foreshock_final2d,80.0,-2.286843345465284,-4.037121605011825
2025-11-08 02:36:50.270000+00:00,39.361906,143.434001,10.76,4.7,cat_004631,-1.2269556712962963,-29.446936111111114,7.674943426792548,-6.160496069416116,-4.577450350250353,True,True,True,True,False,foreshock_final2d,foreshock_final2d,80.0,-3.806178418817602,-3.7685299179951346
2025-11-08 02:39:22.210000+00:00,39.357349,143.460059,12.74,3.2,cat_004632,-1.2251971064814815,-29.404730555555556,6.4205447470246915,-3.9210531082269178,-5.0841656309694265,True,True,True,True,False,foreshock_final2d,foreshock_final2d,80.0,-1.5930543156575157,-4.380041860761519
2025-11-08 02:53:08.680000+00:00,39.36252,143.475212,14.19,1.8,cat_004633,-1.2156314814814815,-29.175155555555556,5.214367890752493,-2.618579620955606,-4.50917666528994,True,True,True,True,False,foreshock_final2d,foreshock_final2d,80.0,-0.2649718860926882,-3.8669662757069942
2025-11-08 02:57:33.340000+00:00,39.352332,143.456771,11.98,1.2,cat_004635,-1.212568287037037,-29.101638888888886,7.035940688545377,-4.203802594219725,-5.642030577945429,True,True,True,True,False,foreshock_final2d,foreshock_final2d,80.0,-1.901736255947247,-4.9239867390651035
2025-11-08 03:01:36.250000+00:00,39.352096,143.457975,13.07,1.2,cat_004636,-1.2097568287037037,-29.03416388888889,6.995853515593389,-4.100323902387813,-5.668272580632868,True,True,True,True,False,foreshock_final2d,foreshock_final2d,80.0,-1.7996067375255373,-4.955067984780822
2025-11-08 03:07:49.060000+00:00,39.381612,143.469108,15.05,2.8,cat_004640,-1.205441898148148,-28.93060555555555,3.9460223828870915,-3.142759436383104,-2.386243125792753,True,True,True,True,False,foreshock_final2d,foreshock_final2d,80.0,-0.6886948839088869,-1.7217226734218567
2025-11-08 03:11:07.390000+00:00,39.385478,143.468831,13.64,1.3,cat_004641,-1.2031464120370372,-28.875513888888893,3.722085924924248,-3.1664752820257505,-1.9563635393846504,True,True,True,True,False,foreshock_final2d,foreshock_final2d,80.0,-0.6921601790337486,-1.2912033453137628
2025-11-08 03:13:38.720000+00:00,39.386621,143.470801,13.07,1.8,cat_004643,-1.2013949074074075,-28.83347777777778,3.511299889149604,-2.9971664537910963,-1.8292677382300302,True,True,True,True,False,foreshock_final2d,foreshock_final2d,80.0,-0.5170594248472726,-1.1722136488158994
2025-11-08 03:14:18.910000+00:00,39.353215,143.463607,12.03,1.7,cat_004644,-1.2009297453703704,-28.822313888888893,6.619005357012082,-3.6162151742373054,-5.54384545771809,True,True,True,True,False,foreshock_final2d,foreshock_final2d,80.0,-1.3101802115856787,-4.853554215789655
2025-11-08 03:22:49.430000+00:00,39.356726,143.422689,12.07,1.2,cat_004645,-1.195020949074074,-28.680502777777775,8.799846698212402,-7.132977591201356,-5.153440070268694,True,True,True,True,False,foreshock_final2d,foreshock_final2d,80.0,-4.804681363334089,-4.298130085642813
2025-11-08 03:27:07.140000+00:00,39.380819,143.450277,11.73,1.5,cat_004646,-1.1920381944444445,-28.608916666666666,5.365619894999942,-4.760999959749486,-2.4744207026212752,True,True,True,True,False,foreshock_final2d,foreshock_final2d,80.0,-2.3092919753890193,-1.7336702090081388
2025-11-08 03:31:07.480000+00:00,39.386556,143.444629,10.64,1.3,cat_004647,-1.1892564814814814,-28.542155555555553,5.5582993663939115,-5.246139350626785,-1.83649540846185,True,True,True,True,False,foreshock_final2d,foreshock_final2d,80.0,-2.7638820805552236,-1.0736272211701006
2025-11-08 03:42:07.070000+00:00,39.374699,143.444564,13.28,1.3,cat_004649,-1.181622337962963,-28.35893611111111,6.126900082970895,-5.252171077245593,-3.154933653686285,True,True,True,True,False,foreshock_final2d,foreshock_final2d,80.0,-2.8319349108399843,-2.3903217948988464
2025-11-08 03:45:09.090000+00:00,39.373523,143.426562,12.38,1.4,cat_004650,-1.1795156249999998,-28.308374999999998,7.551557082521129,-6.799279612349169,-3.2856988874203923,True,True,True,True,False,foreshock_final2d,foreshock_final2d,80.0,-4.383482374420231,-2.448156334765371
2025-11-08 03:49:09.830000+00:00,39.361198,143.455827,11.61,1.1,cat_004651,-1.1767292824074074,-28.241502777777775,6.327587318188258,-4.284668706549468,-4.656176358314249,True,True,True,True,False,foreshock_final2d,foreshock_final2d,80.0,-1.9361319265454053,-3.9354196910951473
2025-11-08 04:04:36.900000+00:00,39.387891,143.452148,10.29,1.4,cat_004652,-1.1659993055555555,-27.983983333333335,4.8999355576198385,-4.599984353042614,-1.6880501813908608,True,True,True,True,False,foreshock_final2d,foreshock_final2d,80.0,-2.1114587527403215,-0.9557456379346921
2025-11-08 04:17:17.950000+00:00,39.367098,143.413363,12.0,1.5,cat_004653,-1.1571908564814815,-27.772580555555557,8.885297300900069,-7.933946654264102,-4.000126291111696,True,True,True,True,False,foreshock_final2d,foreshock_final2d,80.0,-5.550504247447088,-3.1084106486702225
2025-11-08 04:23:55.520000+00:00,39.374231,143.425651,12.14,1.2,cat_004655,-1.152589351851852,-27.662144444444447,7.588488124450311,-6.877534665958771,-3.206972879355707,True,True,True,True,False,foreshock_final2d,foreshock_final2d,80.0,-4.457947000745777,-2.365835880518329
2025-11-08 04:54:50.520000+00:00,39.377519,143.59834,9.51,1.6,cat_004657,-1.1311194444444446,-27.146866666666668,8.454584981819492,7.962830326002377,-2.8413639605486494,True,True,True,True,False,foreshock_final2d,foreshock_final2d,80.0,10.383185911371143,-2.6988176533185633
2025-11-08 06:01:34.030000+00:00,39.372978,143.407129,11.57,1.9,cat_004659,-1.0847825231481483,-26.034780555555557,9.10646391230095,-8.46935490943207,-3.34630012244116,True,True,True,True,False,foreshock_final2d,foreshock_final2d,80.0,-6.054559475411176,-2.4301194238246753
2025-11-08 06:29:52.060000+00:00,39.386235,143.446891,11.89,1.7,cat_004661,-1.065129398148148,-25.563105555555552,5.387535063120083,-5.05177631501298,-1.872188979914706,True,True,True,True,False,foreshock_final2d,foreshock_final2d,80.0,-2.5714135165082777,-1.1184253518206049
2025-11-08 06:40:37.940000+00:00,39.405416,143.495524,9.45,1.5,cat_004662,-1.0576539351851852,-25.383694444444444,0.9106864207911884,-0.8725915855571966,0.2606409080549335,True,True,True,True,False,foreshock_final2d,foreshock_final2d,80.0,1.7034856048986338,0.8154272371135715
2025-11-08 07:00:22.310000+00:00,39.355762,143.476074,12.81,1.3,cat_004663,-1.043945949074074,-25.054702777777774,5.843742674158128,-2.5446180041275217,-5.260631979554415,True,True,True,True,False,foreshock_final2d,foreshock_final2d,80.0,-0.2264454393291424,-4.621069135401825
2025-11-08 07:14:35.570000+00:00,39.369218,143.463135,14.19,3.1,cat_004664,-1.0340702546296296,-24.81768611111111,5.247824070506928,-3.6563648461689904,-3.7643930466254645,True,True,True,True,False,foreshock_final2d,foreshock_final2d,80.0,-1.2665685832295739,-3.07418328611487
2025-11-08 07:51:37.760000+00:00,39.379903,143.482324,13.59,2.0,cat_004665,-1.008350462962963,-24.20041111111111,3.2658218739702445,-2.007087070650676,-2.5762752554281017,True,True,True,True,False,foreshock_final2d,foreshock_final2d,80.0,0.43677962823378413,-1.9649736859567577
2025-11-08 07:52:53.080000+00:00,39.383785,143.478841,13.72,1.8,cat_004666,-1.0074787037037038,-24.17948888888889,3.1493731798860014,-2.3063329052520825,-2.1446165501934376,True,True,True,True,False,foreshock_final2d,foreshock_final2d,80.0,0.15817313835169022,-1.519714512972373
2025-11-08 08:13:17.480000+00:00,39.379879,143.449642,14.29,4.6,cat_004668,-0.9933074074074073,-23.839377777777777,5.462687800968367,-4.815600471339634,-2.578943933667154,True,True,True,True,False,foreshock_final2d,foreshock_final2d,80.0,-2.368749470581964,-1.835508944072735
2025-11-08 08:59:00.220000+00:00,39.361825,143.494124,13.11,1.7,cat_004669,-0.9615627314814815,-23.077505555555557,4.6927616256672025,-0.9931881567433583,-4.586457139307945,True,True,True,True,False,foreshock_final2d,foreshock_final2d,80.0,1.3549840211937783,-4.020630006125604
2025-11-08 09:48:04.580000+00:00,39.39056,143.449056,12.79,1.9,cat_004673,-0.9274844907407408,-22.25962777777778,5.06058865369488,-4.865585658855146,-1.3912709221768265,True,True,True,True,False,foreshock_final2d,foreshock_final2d,80.0,-2.362803561603007,-0.6467994138005669
2025-11-08 09:52:54.130000+00:00,39.390198,143.448893,12.92,1.8,cat_004674,-0.9241332175925926,-22.17919722222222,5.085253115776293,-4.879604579234307,-1.43152348562245,True,True,True,True,False,foreshock_final2d,foreshock_final2d,80.0,-2.378700697389159,-0.6863478659363694
2025-11-08 09:57:59.290000+00:00,39.381974,143.40109,10.59,1.6,cat_004675,-0.9206012731481481,-22.094430555555554,9.2888906103957,-8.987759946003589,-2.345990562347129,True,True,True,True,False,foreshock_final2d,foreshock_final2d,80.0,-6.525329513637295,-1.4065284073211068
2025-11-08 10:04:39.950000+00:00,39.382218,143.474609,13.22,1.3,cat_004676,-0.9159640046296296,-21.983136111111108,3.536404228794483,-2.670027736690967,-2.3188590002456198,True,True,True,True,False,foreshock_final2d,foreshock_final2d,80.0,-0.21331645678036537,-1.6766534900436132
2025-11-08 10:32:28.440000+00:00,39.38619,143.38571,9.28,1.2,cat_004677,-0.8966527777777779,-21.51966666666667,10.478617255266672,-10.309102042389995,-1.8771927516137192,True,True,True,True,False,foreshock_final2d,foreshock_final2d,80.0,-7.82315324147035,-0.8760852958522426
2025-11-08 10:37:14.890000+00:00,39.394194,143.447477,12.76,1.9,cat_004678,-0.8933373842592593,-21.440097222222224,5.097636528544515,-5.00113566546905,-0.9871885587507069,True,True,True,True,False,foreshock_final2d,foreshock_final2d,80.0,-2.4791928509193175,-0.2367873480543108
2025-11-08 10:41:18.200000+00:00,39.393685,143.43833,10.44,1.5,cat_004679,-0.8905212962962962,-21.37251111111111,5.880496671190333,-5.787119494648175,-1.0437867764128965,True,True,True,True,False,foreshock_final2d,foreshock_final2d,80.0,-3.2669691067199125,-0.25634517948859115
2025-11-08 10:45:56.700000+00:00,39.38304,143.448828,13.91,1.8,cat_004681,-0.8872979166666666,-21.29515,5.369272884696833,-4.885440529719338,-2.2274567705438555,True,True,True,True,False,foreshock_final2d,foreshock_final2d,80.0,-2.421975987189586,-1.4811252571954139
2025-11-08 10:54:17.830000+00:00,39.386947,143.457975,14.6,4.6,cat_004682,-0.881497800925926,-21.155947222222224,4.474279341733311,-4.099300198433451,-1.793018192143775,True,True,True,True,False,foreshock_final2d,foreshock_final2d,80.0,-1.6162673711039854,-1.0841528087282772
2025-11-08 11:00:56.650000+00:00,39.39209,143.458105,13.1,1.9,cat_004683,-0.8768818287037037,-21.045163888888887,4.266469009491361,-4.087978582962678,-1.2211426844103763,True,True,True,True,False,foreshock_final2d,foreshock_final2d,80.0,-1.578053603993224,-0.5134431773697333
2025-11-08 11:02:00.990000+00:00,39.389197,143.477539,10.96,1.6,cat_004684,-0.8761371527777778,-21.027291666666667,2.86838644272484,-2.418122768125861,-1.5428296071931134,True,True,True,True,False,foreshock_final2d,foreshock_final2d,80.0,0.07481897343905874,-0.9133346143949786
2025-11-08 11:14:37.870000+00:00,39.394897,143.450895,12.73,1.6,cat_004685,-0.8673769675925925,-20.81704722222222,4.794381712300707,-4.707417775992289,-0.9090185253194207,True,True,True,True,False,foreshock_final2d,foreshock_final2d,80.0,-2.182122574646896,-0.1725222433647584
2025-11-08 11:18:42.360000+00:00,39.395748,143.45153,12.43,1.4,cat_004686,-0.8645472222222222,-20.749133333333333,4.723561207663506,-4.652826826038795,-0.8143916427452047,True,True,True,True,False,foreshock_final2d,foreshock_final2d,80.0,-2.123140218143158,-0.08056844875134861
2025-11-08 11:23:51.330000+00:00,39.394442,143.447347,11.8,1.4,cat_004687,-0.8609711805555555,-20.663308333333333,5.103329973735543,-5.012297101307921,-0.9596122169429523,True,True,True,True,False,foreshock_final2d,foreshock_final2d,80.0,-2.489044559947013,-0.20871643594378309
2025-11-08 11:35:41.250000+00:00,39.377718,143.397738,10.03,1.5,cat_004689,-0.8527545138888889,-20.466108333333334,9.6950474470063,-9.276091143901187,-2.8192361701461532,True,True,True,True,False,foreshock_final2d,foreshock_final2d,80.0,-6.835605949339739,-1.8656850455502831
2025-11-08 12:05:46.220000+00:00,39.423779,143.464453,10.17,1.0,cat_004690,-0.8318636574074074,-19.964727777777778,4.22436621289378,-3.5417090257821773,2.302513346029054,True,True,True,True,False,foreshock_final2d,foreshock_final2d,80.0,-0.8666135720260195,2.9806111053896007
2025-11-08 12:32:00.820000+00:00,39.375338,143.397087,10.96,1.4,cat_004693,-0.8136391203703703,-19.527338888888888,9.8285378362887,-9.332194554002363,-3.0838800955604553,True,True,True,True,False,foreshock_final2d,foreshock_final2d,80.0,-6.904097782281579,-2.1273964681209048
2025-11-08 12:41:23.840000+00:00,39.335881,143.513411,12.31,1.4,cat_004694,-0.8071226851851852,-19.370944444444444,7.500796685825478,0.6645694440218561,-7.4712983161746696,True,True,True,True,False,foreshock_final2d,foreshock_final2d,80.0,2.87518458206564,-6.98026835115452
2025-11-08 12:44:08.450000+00:00,39.389266,143.518132,10.63,1.4,cat_004695,-0.8052174768518517,-19.325219444444443,1.8712497230808165,1.069985068690836,-1.5351571572550478,True,True,True,True,False,foreshock_final2d,foreshock_final2d,80.0,3.5594254061607735,-1.0697736018135706
2025-11-08 12:47:12.560000+00:00,39.360437,143.385482,11.77,1.0,cat_004696,-0.803086574074074,-19.274077777777777,11.366460124560172,-10.330600299773995,-4.740795697491229,True,True,True,True,False,foreshock_final2d,foreshock_final2d,80.0,-7.979349924220036,-3.7355059719695025
2025-11-08 13:10:15.230000+00:00,39.389726,143.578109,11.28,1.9,cat_004698,-0.787083449074074,-18.890002777777777,6.398194892792229,6.223714506643754,-1.484007490998117,True,True,True,True,False,foreshock_final2d,foreshock_final2d,80.0,8.709854551926245,-1.2611450271367928
2025-11-08 13:13:16.350000+00:00,39.394702,143.453206,12.72,1.5,cat_004699,-0.7849871527777778,-18.839691666666667,4.603904789338035,-4.508850700781154,-0.9307015360148813,True,True,True,True,False,foreshock_final2d,foreshock_final2d,80.0,-1.9847954795691125,-0.2035231120443145
2025-11-08 13:36:28.860000+00:00,39.383032,143.453451,14.12,3.6,cat_004700,-0.7688701388888889,-18.452883333333332,5.010911610201692,-4.488174348402009,-2.2283463299571364,True,True,True,True,False,foreshock_final2d,foreshock_final2d,80.0,-2.0251915474090323,-1.5007037781414532
2025-11-08 13:42:45.440000+00:00,39.401139,143.494775,12.49,1.5,cat_004701,-0.7645115740740741,-18.348277777777778,0.9613108131596908,-0.9369735140939216,-0.21493979320405132,True,True,True,True,False,foreshock_final2d,foreshock_final2d,80.0,1.616800602833219,0.3434020825412598
2025-11-08 14:02:14.530000+00:00,39.356612,143.589225,11.56,1.6,cat_004702,-0.7509804398148148,-18.023530555555553,8.845888801534562,7.180599094832001,-5.1661162919065635,True,True,True,True,False,foreshock_final2d,foreshock_final2d,80.0,9.492449596293492,-4.984194628387287
2025-11-08 14:03:31.610000+00:00,39.396537,143.581771,8.73,1.3,cat_004703,-0.7500883101851852,-18.002119444444446,6.578322745326657,6.538065442853493,-0.7266588456221372,True,True,True,True,False,foreshock_final2d,foreshock_final2d,80.0,9.059487941603667,-0.5194240724837328
2025-11-08 14:12:04.220000+00:00,39.393905,143.443994,12.59,1.2,cat_004704,-0.744155324074074,-17.859727777777778,5.397549033217508,-5.300425986892387,-1.0193238925512296,True,True,True,True,False,foreshock_final2d,foreshock_final2d,80.0,-2.7796636215860957,-0.25480656421560843
2025-11-08 15:25:15.900000+00:00,39.339941,143.521126,13.58,2.5,cat_004705,-0.6933256944444444,-16.639816666666665,7.144305674236653,1.3277249014376922,-7.01984691399747,True,True,True,True,False,foreshock_final2d,foreshock_final2d,80.0,3.558844897085198,-6.560515920672546
2025-11-08 15:25:54.960000+00:00,39.401074,143.505501,12.65,2.8,cat_004706,-0.6928736111111111,-16.628966666666667,0.2226991796614812,-0.015379948388450996,-0.22216746343587152,True,True,True,True,False,foreshock_final2d,foreshock_final2d,80.0,2.537033656428213,0.2928247492986301
2025-11-08 15:58:37.220000+00:00,39.415588,143.474561,14.91,3.3,cat_004709,-0.6701622685185185,-16.083894444444443,3.014057692018295,-2.6735129198782417,1.3917157018830717,True,True,True,True,False,foreshock_final2d,foreshock_final2d,80.0,-0.04222857241506217,2.029976475626372
2025-11-08 16:18:11.590000+00:00,39.340214,143.521663,11.45,1.6,cat_004711,-0.6565700231481482,-15.757680555555556,7.123238881270126,1.3738822746444883,-6.989490699023508,True,True,True,True,False,foreshock_final2d,foreshock_final2d,80.0,3.6063793113021676,-6.532364857567463
2025-11-08 16:40:04.440000+00:00,39.436511,143.467236,8.7,1.7,cat_004713,-0.641375,-15.393,4.972999430686432,-3.302326839624173,3.7182471520675473,True,True,True,True,False,foreshock_final2d,foreshock_final2d,80.0,-0.5608912634875547,4.383515204275884
2025-11-08 16:43:28.510000+00:00,39.419482,143.481055,12.52,2.3,cat_004715,-0.6390130787037037,-15.336313888888888,2.7937540342618274,-2.115537689500247,1.8247087462372622,True,True,True,True,False,foreshock_final2d,foreshock_final2d,80.0,0.5354995817156532,2.436239338929435
2025-11-08 16:45:00.450000+00:00,39.409167,143.510596,9.41,2.3,cat_004716,-0.6379489583333333,-15.310775,0.7985704798264892,0.42236558444827527,0.6777330778980134,True,True,True,True,False,foreshock_final2d,foreshock_final2d,80.0,3.0166315630258165,1.1711344804292405
2025-11-08 16:46:38.880000+00:00,39.394987,143.459847,12.88,1.8,cat_004717,-0.6368097222222222,-15.283433333333333,4.0395214343904104,-3.938211914598225,-0.8990109819213942,True,True,True,True,False,foreshock_final2d,foreshock_final2d,80.0,-1.4132976323007411,-0.19871415345693377
2025-11-08 16:50:57.410000+00:00,39.393929,143.446387,11.82,1.7,cat_004719,-0.6338174768518519,-15.211619444444445,5.195249614729471,-5.094804396083115,-1.0166552143113872,True,True,True,True,False,foreshock_final2d,foreshock_final2d,80.0,-2.5741441628679658,-0.26181459808327845
2025-11-08 17:00:26.080000+00:00,39.37028,143.452067,11.42,1.2,cat_004720,-0.6272356481481481,-15.053655555555554,5.875783121129247,-4.607526076907633,-3.6463040345284363,True,True,True,True,False,foreshock_final2d,foreshock_final2d,80.0,-2.211120933888763,-2.9114763148367424
2025-11-08 17:07:43.960000+00:00,39.393119,143.447119,11.86,1.4,cat_004721,-0.6221675925925926,-14.932022222222223,5.152204709311622,-5.031935851763362,-1.1067231048936252,True,True,True,True,False,foreshock_final2d,foreshock_final2d,80.0,-2.5155826032468216,-0.35474049605342406
2025-11-08 17:08:57.120000+00:00,39.391622,143.434749,11.73,1.0,cat_004722,-0.6213208333333333,-14.9117,6.226469915271964,-6.094910804487641,-1.2731819100805881,True,True,True,True,False,foreshock_final2d,foreshock_final2d,80.0,-3.585211817569628,-0.47100582971153504
2025-11-08 17:24:24.840000+00:00,39.393014,143.521826,9.56,1.4,cat_004727,-0.6105833333333334,-14.654,1.7820233463732362,1.3873686823704456,-1.1183985721910594,True,True,True,True,False,foreshock_final2d,foreshock_final2d,80.0,3.896064576568966,-0.6684082502898628
2025-11-08 17:46:52.720000+00:00,39.428853,143.465072,14.66,3.5,cat_004729,-0.5949828703703703,-14.279588888888888,4.515200311715474,-3.4884053293311448,2.866716403822807,True,True,True,True,False,foreshock_final2d,foreshock_final2d,80.0,-0.7868251716987462,3.5416816763986136
2025-11-08 17:49:36.480000+00:00,39.42939,143.460645,11.72,1.8,cat_004730,-0.5930875,-14.2341,4.850848989963302,-3.8686891483325723,2.926428079431084,True,True,True,True,False,foreshock_final2d,foreshock_final2d,80.0,-1.1638786844212534,3.619218220955851
2025-11-08 18:06:22.800000+00:00,39.342273,143.561507,13.27,2.1,cat_004731,-0.5814402777777778,-13.954566666666668,8.290537033451994,4.798760861430099,-6.760540345062854,True,True,True,True,False,foreshock_final2d,foreshock_final2d,80.0,7.038236837821698,-6.464796251894667
2025-11-08 18:23:20.080000+00:00,39.428748,143.505892,15.77,3.1,cat_004732,-0.5696662037037038,-13.67198888888889,2.8550990204943387,0.018211743663110024,2.8550409365253726,True,True,True,True,False,foreshock_final2d,foreshock_final2d,80.0,2.7153597520179487,3.3650454025393195
2025-11-08 18:34:15.600000+00:00,39.364303,143.458431,13.05,1.6,cat_004733,-0.5620791666666667,-13.4899,5.922321152078849,-4.060774850810222,-4.310916111083126,True,True,True,True,False,foreshock_final2d,foreshock_final2d,80.0,-1.6962427332277246,-3.601075150411027
2025-11-08 18:59:41.680000+00:00,39.433813,143.470801,14.99,3.1,cat_004735,-0.5444162037037037,-13.065988888888889,4.545472024502952,-2.996152506373145,3.418243239980271,True,True,True,True,False,foreshock_final2d,foreshock_final2d,80.0,-0.2691700618398212,4.0694390827407
2025-11-08 19:24:17.600000+00:00,39.393888,143.450179,12.68,1.8,cat_004737,-0.5273337962962963,-12.65601111111111,4.877089099539025,-4.768974784308621,-1.021214206304155,True,True,True,True,False,foreshock_final2d,foreshock_final2d,80.0,-2.2488898248742597,-0.28169765452295814
2025-11-08 19:36:46.560000+00:00,39.42146,143.4646,12.8,2.1,cat_004738,-0.5186652777777778,-12.447966666666668,4.078655026018538,-3.5291393124039865,2.044652311140327,True,True,True,True,False,foreshock_final2d,foreshock_final2d,80.0,-0.8661892122833641,2.7224442389502688
2025-11-08 19:41:54.720000+00:00,39.445903,143.449788,11.11,1.3,cat_004739,-0.5150986111111111,-12.362366666666667,6.762377886656386,-4.800780778512562,4.762589903113053,True,True,True,True,False,foreshock_final2d,foreshock_final2d,80.0,-2.0085533970870824,5.497198433732754
2025-11-08 19:53:40.560000+00:00,39.407153,143.497542,12.15,1.9,cat_004740,-0.5069291666666667,-12.1663,0.8335472333843252,-0.6991986896552461,0.45378649563637025,True,True,True,True,False,foreshock_final2d,foreshock_final2d,80.0,1.8857733096320881,1.000201442711788
2025-11-08 19:56:31.320000+00:00,39.410429,143.455648,11.63,1.5,cat_004741,-0.5049527777777778,-12.118866666666667,4.375686964356556,-4.29853615048668,0.8180610753239017,True,True,True,True,False,foreshock_final2d,foreshock_final2d,80.0,-1.6924408116511804,1.5334085587558355
2025-11-08 20:29:16.200000+00:00,39.432296,143.501839,15.11,5.4,cat_004742,-0.48221111111111115,-11.573066666666668,3.2662686770261913,-0.32995060063393994,3.249560536260501,True,True,True,True,False,foreshock_final2d,foreshock_final2d,80.0,2.386143655979075,3.7755079400144305
2025-11-08 20:34:20.640000+00:00,39.429419,143.522135,13.16,2.1,cat_004743,-0.4786875,-11.4885,3.252843569371189,1.4135509424849992,2.9296527323043255,True,True,True,True,False,foreshock_final2d,foreshock_final2d,80.0,4.1126641152759,3.3739288848837283
2025-11-08 20:34:56.040000+00:00,39.43221,143.514714,11.66,2.1,cat_004744,-0.47827777777777775,-11.478666666666665,3.331640136954691,0.7760415425124705,3.2399977725687203,True,True,True,True,False,foreshock_final2d,foreshock_final2d,80.0,3.490461245585142,3.7139228083862346
2025-11-08 20:39:51.480000+00:00,39.430416,143.484505,7.0,1.5,cat_004745,-0.4748583333333334,-11.396600000000001,3.5430925470061805,-1.8190049935836647,3.040514074168744,True,True,True,True,False,foreshock_final2d,foreshock_final2d,80.0,0.8889032009294888,3.636747613411829
2025-11-08 20:41:23.580000+00:00,39.435551,143.508887,13.16,3.3,cat_004746,-0.47379236111111117,-11.371016666666668,3.6219915532241034,0.2754821325483725,3.611500022488072,True,True,True,True,False,foreshock_final2d,foreshock_final2d,80.0,3.007933948816397,4.10856321745732
2025-11-08 20:42:26.420000+00:00,39.43689,143.479085,14.37,3.1,cat_004747,-0.4730650462962963,-11.353561111111112,4.399937748513174,-2.284495461804376,3.7603900292653063,True,True,True,True,False,foreshock_final2d,foreshock_final2d,80.0,0.45779574542652535,4.377726107391434
2025-11-08 20:49:51.960000+00:00,39.428048,143.468424,11.09,1.8,cat_004748,-0.4679083333333333,-11.2298,4.2374387427195765,-3.2004723037711282,2.777204487873968,True,True,True,True,False,foreshock_final2d,foreshock_final2d,80.0,-0.5034221870632214,3.4387226622004703
2025-11-08 20:51:38.340000+00:00,39.429875,143.466732,13.95,2.1,cat_004749,-0.46667708333333335,-11.20025,4.4807110327932875,-3.3457795227359397,2.9803576188542213,True,True,True,True,False,foreshock_final2d,foreshock_final2d,80.0,-0.6390108831057613,3.648487025274495
2025-11-08 20:53:33.320000+00:00,39.429012,143.463753,12.84,1.2,cat_004750,-0.46534629629629626,-11.16831111111111,4.614330955800069,-3.6017091078638965,2.884396397159689,True,True,True,True,False,foreshock_final2d,foreshock_final2d,80.0,-0.8991717093277498,3.5646726284660244
2025-11-08 20:54:47.640000+00:00,39.435063,143.473145,12.42,1.8,cat_004751,-0.4644861111111111,-11.147666666666666,4.523792594544178,-2.7947747291629232,3.5572368982858427,True,True,True,True,False,foreshock_final2d,foreshock_final2d,80.0,-0.06147611704073119,4.198804733116247
2025-11-08 20:56:56.400000+00:00,39.457365,143.483187,11.95,1.4,cat_004752,-0.4629958333333333,-11.111899999999999,6.33866726125715,-1.9318521733580807,6.037106152313167,True,True,True,True,False,foreshock_final2d,foreshock_final2d,80.0,0.917159867458847,6.635330633702846
2025-11-08 21:02:05.480000+00:00,39.42017,143.502376,14.74,2.6,cat_004753,-0.45941851851851856,-11.026044444444445,1.922282793029596,-0.2838457681619881,1.9012108557683505,True,True,True,True,False,foreshock_final2d,foreshock_final2d,80.0,2.3687624286560562,2.4264822140190745
2025-11-08 21:04:18.600000+00:00,39.368941,143.421224,13.47,5.5,cat_004754,-0.4578777777777778,-10.989066666666666,8.19059156352116,-7.258257428484957,-3.7951940413056717,True,True,True,True,False,foreshock_final2d,foreshock_final2d,80.0,-4.865921883074543,-2.9354940698390535
2025-11-08 21:10:29.420000+00:00,39.377405,143.413428,6.86,2.1,cat_004755,-0.45358587962962965,-10.886061111111111,8.425862078472361,-7.92777491159563,-2.8540401821857277,True,True,True,True,False,foreshock_final2d,foreshock_final2d,80.0,-5.490420104939875,-1.9638839537872217
2025-11-08 21:11:09.360000+00:00,39.414933,143.456396,14.4,3.3,cat_004756,-0.4531236111111111,-10.874966666666666,4.434788183841652,-4.234134438264012,1.3188830249306802,True,True,True,True,False,foreshock_final2d,foreshock_final2d,80.0,-1.6045485377579016,2.030646081409763
2025-11-08 21:13:24.480000+00:00,39.373873,143.378695,13.42,2.9,cat_004757,-0.45155972222222224,-10.837433333333333,11.385616514518357,-10.912868832792617,-3.246780663094295,True,True,True,True,False,foreshock_final2d,foreshock_final2d,80.0,-8.490685674359206,-2.2157516108382898
2025-11-08 21:16:33.780000+00:00,39.372078,143.400798,11.22,2.0,cat_004758,-0.44936875,-10.784849999999999,9.649897409196713,-9.013491590657857,-3.446375556421425,True,True,True,True,False,foreshock_final2d,foreshock_final2d,80.0,-6.602801826284071,-2.50448436886677
2025-11-08 21:18:00.320000+00:00,39.358651,143.58348,13.12,2.4,cat_004759,-0.4483671296296296,-10.76081111111111,8.313233742712248,6.686725120463416,-4.939389836477924,True,True,True,True,False,foreshock_final2d,foreshock_final2d,80.0,9.00978915138706,-4.734484229980286
2025-11-08 21:18:21.520000+00:00,39.428219,143.467122,8.6,3.6,cat_004760,-0.4481217592592593,-10.754922222222223,4.334775532246704,-3.3123163984941213,2.796218820330376,True,True,True,True,False,foreshock_final2d,foreshock_final2d,80.0,-0.6142478813218641,3.4629778030011016
2025-11-08 21:21:01.280000+00:00,39.375045,143.509196,12.25,1.9,cat_004761,-0.4462726851851852,-10.710544444444444,3.1310737281941936,0.30215635390098433,-3.1164602090672235,True,True,True,True,False,foreshock_final2d,foreshock_final2d,80.0,2.7180522771721662,-2.6132021018556864
2025-11-08 21:22:50.420000+00:00,39.368864,143.423405,11.57,1.6,cat_004762,-0.44500949074074075,-10.680227777777779,8.029015843498744,-7.070823379895763,-3.8037560506570176,True,True,True,True,False,foreshock_final2d,foreshock_final2d,80.0,-4.679098191098752,-2.9528646970932293
2025-11-08 21:23:46.080000+00:00,39.359001,143.411279,13.54,2.9,cat_004763,-0.44436527777777785,-10.664766666666669,9.4785987236533,-8.11352127893068,-4.900471612152617,True,True,True,True,False,foreshock_final2d,foreshock_final2d,80.0,-5.772238042586497,-3.9993106806813876
2025-11-08 21:29:07.740000+00:00,39.411804,143.510498,15.1,3.1,cat_004765,-0.4406423611111111,-10.575416666666666,1.0555076883208916,0.41393793966086584,0.9709540994597148,True,True,True,True,False,foreshock_final2d,foreshock_final2d,80.0,3.0220082457130117,1.4644273101500362
2025-11-08 21:31:10.400000+00:00,39.427425,143.518587,9.62,1.9,cat_004766,-0.43922268518518515,-10.541344444444444,2.9261367989888307,1.1087792731354962,2.7079300485746995,True,True,True,True,False,foreshock_final2d,foreshock_final2d,80.0,3.7977986624866222,3.166790125695222
2025-11-08 21:32:31.960000+00:00,39.401811,143.502018,11.07,1.9,cat_004767,-0.4382787037037037,-10.518688888888889,0.34447189475513396,-0.3146428683420504,-0.14021680249873436,True,True,True,True,False,foreshock_final2d,foreshock_final2d,80.0,2.2419575930552327,0.38876391185226566
2025-11-08 21:35:33.560000+00:00,39.36722,143.37946,12.01,1.5,cat_004768,-0.43617685185185184,-10.468244444444444,11.556989034694073,-10.847643136227598,-3.986560510060546,True,True,True,True,False,foreshock_final2d,foreshock_final2d,80.0,-8.460336185826666,-2.9577809377625126
2025-11-08 21:35:52.800000+00:00,39.374178,143.380827,13.81,3.7,cat_004769,-0.4359541666666667,-10.462900000000001,11.200327535797438,-10.729625032674553,-3.2128662104680004,True,True,True,True,False,foreshock_final2d,foreshock_final2d,80.0,-8.306049226085133,-2.1904956739642483
2025-11-08 21:43:14.320000+00:00,39.406616,143.520915,11.71,1.8,cat_004770,-0.43084398148148145,-10.340255555555554,1.3669954533403936,1.3089620358872536,0.394074820028093,True,True,True,True,False,foreshock_final2d,foreshock_final2d,80.0,3.888901188501522,0.8460791383189181
2025-11-08 21:46:51.280000+00:00,39.375838,143.372868,7.04,2.2,cat_004771,-0.4283328703703704,-10.279988888888889,11.80837709312128,-11.413470321298043,-3.0282826322379104,True,True,True,True,False,foreshock_final2d,foreshock_final2d,80.0,-8.980453301871048,-1.9739440203383554
2025-11-08 21:47:35+00:00,39.387069,143.441585,12.66,2.4,cat_004772,-0.4278268518518518,-10.267844444444444,5.788014613496053,-5.507691363281641,-1.7794524110934153,True,True,True,True,False,foreshock_final2d,foreshock_final2d,80.0,-3.0224608098215775,-1.0043423047482802
2025-11-08 21:56:42.360000+00:00,39.381356,143.477848,13.5,1.4,cat_004773,-0.42149166666666665,-10.1158,3.3986869528762518,-2.3917051596753334,-2.4147090270137883,True,True,True,True,False,foreshock_final2d,foreshock_final2d,80.0,0.060188535572407,-1.7854914598252671
2025-11-08 21:57:25.400000+00:00,39.430465,143.472721,14.19,2.7,cat_004774,-0.42099351851851846,-10.103844444444443,4.158616416372222,-2.831289941595203,3.0459626255740027,True,True,True,True,False,foreshock_final2d,foreshock_final2d,80.0,-0.12200451398196499,3.6898145015403156
2025-11-08 22:00:00.640000+00:00,39.374137,143.374723,13.29,2.0,cat_004775,-0.41919675925925926,-10.060722222222221,11.70507084305239,-11.254194278017113,-3.2174252024607686,True,True,True,True,False,foreshock_final2d,foreshock_final2d,80.0,-8.83025210257879,-2.1703705194796465
2025-11-08 22:01:28.960000+00:00,39.424068,143.528678,14.46,2.5,cat_004776,-0.418174537037037,-10.036188888888887,3.0584248355692805,1.9756968820921528,2.334648679828786,True,True,True,True,False,foreshock_final2d,foreshock_final2d,80.0,4.6461947903993,2.7531367307922867
2025-11-08 22:02:57.660000+00:00,39.427865,143.523665,10.9,1.7,cat_004777,-0.4171479166666667,-10.01155,3.160266288227167,1.54500134021849,2.7568558162980334,True,True,True,True,False,foreshock_final2d,foreshock_final2d,80.0,4.235839484530757,3.195139037144803
2025-11-08 22:03:39.160000+00:00,39.420544,143.524023,14.25,2.2,cat_004778,-0.4166675925925926,-10.000022222222222,2.5015452554188196,1.5758380633493363,1.9427977583335005,True,True,True,True,False,foreshock_final2d,foreshock_final2d,80.0,4.228343555415071,2.380531624781567
2025-11-08 22:09:08.760000+00:00,39.381055,143.368359,10.97,1.0,cat_004779,-0.4128527777777778,-9.908466666666667,12.051796639914198,-11.80051928218423,-2.448178699933047,True,True,True,True,False,foreshock_final2d,foreshock_final2d,80.0,-9.33978187945037,-1.3762731713474876
2025-11-08 22:12:53.200000+00:00,39.360999,143.493457,12.88,1.6,cat_004780,-0.41025509259259263,-9.846122222222224,4.79480157139857,-1.0505201343658697,-4.678304148716745,True,True,True,True,False,foreshock_final2d,foreshock_final2d,80.0,1.2933944551929237,-4.1096780502101025
2025-11-08 22:15:08.840000+00:00,39.434147,143.470247,12.99,5.9,cat_004781,-0.4086851851851852,-9.808444444444445,4.604778644711923,-3.0437345514615313,3.455382345479807,True,True,True,True,False,foreshock_final2d,foreshock_final2d,80.0,-0.31495215807406973,4.1087756285536825
2025-11-08 22:19:12.780000+00:00,39.451656,143.435579,13.43,3.8,cat_004782,-0.40586180555555557,-9.740683333333333,8.089326127212718,-6.020998398627506,5.40229431609904,True,True,True,True,False,foreshock_final2d,foreshock_final2d,80.0,-3.1973240816979063,6.193601360092657
2025-11-08 22:20:25.360000+00:00,39.413383,143.454932,12.28,4.0,cat_004783,-0.4050217592592592,-9.720522222222222,4.508190215284117,-4.359959471675032,1.1465308886322134,True,True,True,True,False,foreshock_final2d,foreshock_final2d,80.0,-1.738342794493037,1.8644044055753848
2025-11-08 22:22:19.880000+00:00,39.442273,143.476953,10.5,3.3,cat_004784,-0.4036962962962963,-9.688711111111111,5.0089127757993515,-2.467537769380911,4.358952319393179,True,True,True,True,False,foreshock_final2d,foreshock_final2d,80.0,0.3031163249737765,4.984237095267556
2025-11-08 22:24:01.080000+00:00,39.416488,143.474707,12.26,2.1,cat_004785,-0.402525,-9.6606,3.0505915665353744,-2.6609525136968255,1.4917911358633364,True,True,True,True,False,foreshock_final2d,foreshock_final2d,80.0,-0.024973884693042514,2.1293501745682755
2025-11-08 22:25:37.840000+00:00,39.442948,143.473437,13.54,2.3,cat_004786,-0.4014050925925926,-9.633722222222222,5.227882800159187,-2.7695351074290215,4.434008894878377,True,True,True,True,False,foreshock_final2d,foreshock_final2d,80.0,0.004984529362975554,5.073418450704606
2025-11-08 22:26:26.480000+00:00,39.425439,143.470915,6.7,2.3,cat_004787,-0.4008421296296297,-9.620211111111113,3.886523716097708,-2.9865391238402927,2.487096924258354,True,True,True,True,False,foreshock_final2d,foreshock_final2d,80.0,-0.30337441290306355,3.1388715458179006
2025-11-08 22:27:00.680000+00:00,39.390202,143.451725,14.46,5.0,cat_004788,-0.40044629629629624,-9.61071111111111,4.852097803639102,-4.636255789609269,-1.4310787059154146,True,True,True,True,False,foreshock_final2d,foreshock_final2d,80.0,-2.1356004414399266,-0.6973522649829694
2025-11-08 22:30:31.280000+00:00,39.418608,143.44707,11.55,2.5,cat_004789,-0.39800879629629626,-9.55221111111111,5.323329816879887,-5.0352260342221555,1.7275243803495677,True,True,True,True,False,foreshock_final2d,foreshock_final2d,80.0,-2.3855279811727,2.4765234316271325
2025-11-08 22:31:56.720000+00:00,39.455062,143.44554,12.64,2.6,cat_004790,-0.3970199074074074,-9.528477777777777,7.752467362491666,-5.165318530192262,5.781024236250212,True,True,True,True,False,foreshock_final2d,foreshock_final2d,80.0,-2.32477382148451,6.531655250862464
2025-11-08 22:33:46.840000+00:00,39.389494,143.459147,13.48,5.1,cat_004791,-0.3957453703703704,-9.49788888888889,4.274066914917931,-3.998517012477002,-1.5098047139801,True,True,True,True,False,foreshock_final2d,foreshock_final2d,80.0,-1.5022716052708303,-0.8059944183151694
2025-11-08 22:34:36.840000+00:00,39.408341,143.45389,8.64,4.5,cat_004792,-0.39516666666666667,-9.484,4.488048732042636,-4.449642628502336,0.5858860684900036,True,True,True,True,False,foreshock_final2d,foreshock_final2d,80.0,-1.854302970094774,1.3085996551052075
2025-11-08 22:35:36.400000+00:00,39.360669,143.378255,10.92,4.0,cat_004793,-0.3944773148148148,-9.467455555555555,11.923560423749947,-10.951717628153466,-4.714998474509246,True,True,True,True,False,foreshock_final2d,foreshock_final2d,80.0,-8.598565825664092,-3.680515975373259
2025-11-08 22:40:15.240000+00:00,39.390544,143.491195,13.96,2.9,cat_004794,-0.39125,-9.39,1.8680963546407199,-1.2446668612388214,-1.393050041003388,True,True,True,True,False,foreshock_final2d,foreshock_final2d,80.0,1.2540221086171233,-0.8189277828503804
2025-11-08 22:41:58.980000+00:00,39.45601,143.431494,13.08,2.3,cat_004795,-0.39004930555555556,-9.361183333333333,8.674571934202426,-6.371661353723325,5.8864370267093715,True,True,True,True,False,foreshock_final2d,foreshock_final2d,80.0,-3.5248215742512334,6.693705413950387
2025-11-08 22:43:10.100000+00:00,39.458049,143.425358,13.28,2.4,cat_004796,-0.3892261574074074,-9.341427777777778,9.217428106255655,-6.898567049545522,6.1131634821380105,True,True,True,True,False,foreshock_final2d,foreshock_final2d,80.0,-4.040477164742444,6.9449698361757966
2025-11-08 22:43:23.760000+00:00,39.447799,143.437272,12.56,3.0,cat_004797,-0.38906805555555557,-9.337633333333333,7.698004737939455,-5.875748661325916,4.973415484031372,True,True,True,True,False,foreshock_final2d,foreshock_final2d,80.0,-3.0724123869209157,5.758363945237446
2025-11-08 22:44:08.320000+00:00,39.461711,143.439372,9.91,2.8,cat_004798,-0.3885523148148148,-9.325255555555554,8.657129114380414,-5.694805447978213,6.520359303510217,True,True,True,True,False,foreshock_final2d,foreshock_final2d,80.0,-2.8188913822721755,7.29508211304906
2025-11-08 22:44:43.220000+00:00,39.375789,143.498747,11.23,2.9,cat_004799,-0.3881483796296296,-9.31556111111111,3.091683127212648,-0.5958017161143825,-3.033731183643959,True,True,True,True,False,foreshock_final2d,foreshock_final2d,80.0,1.8249806152961319,-2.4883189808697677
2025-11-08 22:46:13.720000+00:00,39.383053,143.434082,13.26,1.7,cat_004800,-0.3871009259259259,-9.29042222222222,6.542907328965911,-6.152602168078253,-2.2260112364979654,True,True,True,True,False,foreshock_final2d,foreshock_final2d,80.0,-3.687666496280248,-1.4200659213412696
2025-11-08 22:46:31.580000+00:00,39.403739,143.489795,13.98,2.9,cat_004801,-0.386894212962963,-9.285461111111111,1.3668506209802425,-1.364836942154487,0.0741670160719177,True,True,True,True,False,foreshock_final2d,foreshock_final2d,80.0,1.203012382598408,0.6523182022831369
2025-11-08 22:48:55.640000+00:00,39.459534,143.429215,13.95,2.8,cat_004802,-0.38522685185185185,-9.245444444444445,9.08545204284918,-6.5672332389936345,6.278287948204657,True,True,True,True,False,foreshock_final2d,foreshock_final2d,80.0,-3.70174172567965,7.09432339532845
2025-11-08 22:51:10.860000+00:00,39.461401,143.422721,13.75,3.6,cat_004803,-0.3836618055555555,-9.207883333333331,9.6348650955617,-7.124878086784496,6.485888876250524,True,True,True,True,False,foreshock_final2d,foreshock_final2d,80.0,-4.249002218171421,7.3279296344379
2025-11-08 22:52:44+00:00,39.343705,143.395166,12.41,2.9,cat_004804,-0.3825837962962963,-9.18201111111111,11.56790671944652,-9.499432521230695,-6.6013092101077095,True,True,True,True,False,foreshock_final2d,foreshock_final2d,80.0,-7.23663297016154,-5.633062804549542
2025-11-08 22:54:27.840000+00:00,39.373775,143.404443,11.5,1.8,cat_004805,-0.38138194444444445,-9.153166666666667,9.290039435151023,-8.700136849197444,-3.257677765905602,True,True,True,True,False,foreshock_final2d,foreshock_final2d,80.0,-6.280916507953267,-2.3307377372897697
2025-11-08 22:55:01.800000+00:00,39.34318,143.393001,14.48,3.5,cat_004806,-0.38098888888888893,-9.143733333333333,11.75421478614508,-9.685565461365078,-6.659686546596462,True,True,True,True,False,foreshock_final2d,foreshock_final2d,80.0,-7.425306250116631,-5.68261861399282
2025-11-08 22:56:58.760000+00:00,39.408789,143.458822,12.01,2.3,cat_004807,-0.37963518518518524,-9.111244444444445,4.07576759728114,-4.025886939217844,0.6357013956266182,True,True,True,True,False,foreshock_final2d,foreshock_final2d,80.0,-1.4286728713136099,1.3384236392495041
2025-11-08 23:04:40.200000+00:00,39.419381,143.486198,13.87,2.6,cat_004809,-0.37429444444444443,-8.983066666666666,2.4677893269848883,-1.6737029489417514,1.8134780586460733,True,True,True,True,False,foreshock_final2d,foreshock_final2d,80.0,0.976316717255375,2.404234349900878
2025-11-08 23:05:13.720000+00:00,39.436023,143.464063,9.86,2.7,cat_004810,-0.3739064814814815,-8.973755555555556,5.119050744671499,-3.574899000369836,3.6639840278645286,True,True,True,True,False,foreshock_final2d,foreshock_final2d,80.0,-0.8357144914074954,4.342135706242487
2025-11-08 23:08:29.880000+00:00,39.468363,143.422103,7.66,1.6,cat_004811,-0.3716361111111111,-8.919266666666667,10.209107168336747,-7.177595964747379,7.260027955549316,True,True,True,True,False,foreshock_final2d,foreshock_final2d,80.0,-4.26524125951437,8.103691699952032
2025-11-08 23:08:51.680000+00:00,39.397005,143.441113,10.78,2.0,cat_004812,-0.3713837962962963,-8.913211111111112,5.5887215283231955,-5.547855269269356,-0.6746196199527156,True,True,True,True,False,foreshock_final2d,foreshock_final2d,80.0,-3.010601829113452,0.10115667774808684
2025-11-08 23:13:05.460000+00:00,39.379309,143.45083,13.82,3.5,cat_004813,-0.36844652777777775,-8.842716666666666,5.403632120693395,-4.713529475351839,-2.6423250418549182,True,True,True,True,False,foreshock_final2d,foreshock_final2d,80.0,-2.2697733507502713,-1.9036219443011193
2025-11-08 23:15:11.900000+00:00,39.356108,143.39432,13.44,2.4,cat_004814,-0.36698310185185185,-8.807594444444444,10.903243977206209,-9.57130171748717,-5.222158534935353,True,True,True,True,False,foreshock_final2d,foreshock_final2d,80.0,-7.243538501726715,-4.252058068919458
2025-11-08 23:16:49.480000+00:00,39.455823,143.4229,11.81,1.6,cat_004815,-0.3658537037037037,-8.780488888888888,9.217096351810495,-7.109789375566438,5.865643575427191,True,True,True,True,False,foreshock_final2d,foreshock_final2d,80.0,-4.263110527605552,6.707661258648388
2025-11-08 23:20:32.940000+00:00,39.432377,143.424642,11.61,1.6,cat_004816,-0.3632673611111111,-8.718416666666666,7.686257931271421,-6.961343722809235,3.258567325318883,True,True,True,True,False,foreshock_final2d,foreshock_final2d,80.0,-4.237482818911592,4.096487977104552
2025-11-08 23:22:21.700000+00:00,39.392021,143.402132,9.99,1.2,cat_004817,-0.3620085648148148,-8.688205555555555,8.98202927506829,-8.897576787314708,-1.2288151343492322,True,True,True,True,False,foreshock_final2d,foreshock_final2d,80.0,-6.3826871242207295,-0.29483281599454203
2025-11-08 23:25:25.560000+00:00,39.408557,143.460465,13.82,2.4,cat_004818,-0.35988055555555554,-8.637133333333333,3.932318260370942,-3.8847321853006016,0.6099041726454251,True,True,True,True,False,foreshock_final2d,foreshock_final2d,80.0,-1.2888880840446224,1.3060141573785682
2025-11-08 23:29:35.240000+00:00,39.458883,143.430908,13.62,2.2,cat_004819,-0.3569907407407407,-8.567777777777778,8.930479146366396,-6.4218591216442045,6.2059000509593005,True,True,True,True,False,foreshock_final2d,foreshock_final2d,80.0,-3.5599341708933325,7.015176322936253
2025-11-08 23:34:37.080000+00:00,39.386613,143.376139,5.76,1.9,cat_004821,-0.35349722222222224,-8.483933333333333,11.280956628508154,-11.131510704175312,-1.830157297643311,True,True,True,True,False,foreshock_final2d,foreshock_final2d,80.0,-8.642438404915918,-0.7904105512206344
2025-11-08 23:36:23.720000+00:00,39.40505,143.575,9.13,1.5,cat_004822,-0.35226296296296294,-8.45431111111111,5.959968145921341,5.9559085690499485,0.21994356490306455,True,True,True,True,False,foreshock_final2d,foreshock_final2d,80.0,8.522509929824366,0.4535185590184483
2025-11-08 23:41:25.760000+00:00,39.455859,143.530062,14.9,3.1,cat_004823,-0.34876712962962964,-8.37041111111111,6.232019559910181,2.094115000896028,5.869646592785769,True,True,True,True,False,foreshock_final2d,foreshock_final2d,80.0,4.930790736686113,6.278649210252313
2025-11-08 23:43:18.680000+00:00,39.423596,143.521208,10.72,2.3,cat_004824,-0.3474601851851852,-8.339044444444443,2.6434373693415805,1.3339736077908897,2.2821646744531194,True,True,True,True,False,foreshock_final2d,foreshock_final2d,80.0,4.002712909353499,2.7309016151873684
2025-11-08 23:46:30.760000+00:00,39.378271,143.520557,11.49,1.7,cat_004825,-0.345237037037037,-8.285688888888888,3.039675526635992,1.278463073700037,-2.757745375712104,True,True,True,True,False,foreshock_final2d,foreshock_final2d,80.0,3.7101541812839782,-2.3008161952409765
2025-11-08 23:47:31.560000+00:00,39.381852,143.373161,9.81,1.4,cat_004826,-0.34453333333333336,-8.2688,11.629680439502026,-11.387799996134799,-2.359556343397489,True,True,True,True,False,foreshock_final2d,foreshock_final2d,80.0,-8.923350232039418,-1.3071659055234846
2025-11-08 23:49:24.280000+00:00,39.457031,143.420671,12.01,1.1,cat_004827,-0.3432287037037037,-8.237488888888889,9.450220679177393,-7.30116991987939,5.999967046813631,True,True,True,True,False,foreshock_final2d,foreshock_final2d,80.0,-4.447959720414626,6.850839761310834
2025-11-08 23:50:20.240000+00:00,39.413338,143.378027,10.6,1.6,cat_004828,-0.3425810185185185,-8.221944444444444,11.026420211868942,-10.967172815059278,1.1415271169332002,True,True,True,True,False,foreshock_final2d,foreshock_final2d,80.0,-8.338475411293928,2.1702518240164363
2025-11-08 23:54:21+00:00,39.463005,143.520215,10.83,1.6,cat_004830,-0.33979444444444445,-8.155066666666666,6.780151687374883,1.2483143590295307,6.664245538588439,True,True,True,True,False,foreshock_final2d,foreshock_final2d,80.0,4.1233096714415325,7.112160181820156
2025-11-08 23:55:58.340000+00:00,39.451489,143.441569,13.93,2.9,cat_004831,-0.3386678240740741,-8.128027777777778,7.701056349029634,-5.506521888018002,5.383724763349667,True,True,True,True,False,foreshock_final2d,foreshock_final2d,80.0,-2.684290879234055,6.150848097902175
2025-11-09 00:04:50.740000+00:00,39.461422,143.496924,16.03,3.5,cat_004833,-0.33250578703703704,-7.980138888888889,6.531658193594018,-0.7520030753285784,6.488223969709695,True,True,True,True,False,foreshock_final2d,foreshock_final2d,80.0,2.116925996703813,7.030441269360999
2025-11-09 00:07:16.330000+00:00,39.413086,143.380843,10.56,1.8,cat_004834,-0.3308207175925926,-7.939697222222222,10.78290530489602,-10.725258525489593,1.1135059954184099,True,True,True,True,False,foreshock_final2d,foreshock_final2d,80.0,-8.098147285365457,2.1308805319794586
2025-11-09 00:09:36.760000+00:00,39.369792,143.380859,12.55,2.0,cat_004835,-0.3291953703703704,-7.900688888888889,11.347565774867032,-10.727212117862416,-3.7005671587314555,True,True,True,True,False,foreshock_final2d,foreshock_final2d,80.0,-8.326583560491674,-2.6777701122487167
2025-11-09 00:24:31.620000+00:00,39.376371,143.381136,9.94,1.7,cat_004840,-0.31883819444444444,-7.652116666666666,11.107076166531677,-10.702901987635999,-2.9690157363366687,True,True,True,True,False,foreshock_final2d,foreshock_final2d,80.0,-8.267883482643125,-1.948172437567639
2025-11-09 00:25:10.960000+00:00,39.361361,143.402441,13.23,2.0,cat_004841,-0.31838287037037033,-7.6411888888888875,10.012051703383776,-8.872974466611652,-4.638051585271121,True,True,True,True,False,foreshock_final2d,foreshock_final2d,80.0,-6.518504371901945,-3.701451686327816
2025-11-09 00:27:12.800000+00:00,39.390853,143.475586,11.76,1.9,cat_004842,-0.3169726851851852,-7.607344444444444,2.9211259020862714,-2.585911050447389,-1.3586908086700584,True,True,True,True,False,foreshock_final2d,foreshock_final2d,80.0,-0.08412044881278158,-0.7215058760365823
2025-11-09 00:27:29.760000+00:00,39.472799,143.4146,10.61,2.0,cat_004843,-0.31677638888888887,-7.602633333333333,11.013288498739673,-7.821704848558932,7.753288650145182,True,True,True,True,False,foreshock_final2d,foreshock_final2d,80.0,-4.8854307811078606,8.626709218151756
2025-11-09 00:31:48.480000+00:00,39.357117,143.600358,12.38,1.6,cat_004844,-0.3137819444444444,-7.530766666666666,9.608829761539745,8.137438528680393,-5.109962853950619,True,True,True,True,False,foreshock_final2d,foreshock_final2d,80.0,10.450871343873754,-4.973119226508457
2025-11-09 00:31:59.100000+00:00,39.366593,143.386426,13.11,2.1,cat_004845,-0.31365902777777777,-7.527816666666666,11.022508027584198,-10.249014780387576,-4.05627972906685,True,True,True,True,False,foreshock_final2d,foreshock_final2d,80.0,-7.865650727099708,-3.0555862704048926
2025-11-09 00:33:04.800000+00:00,39.359347,143.397445,11.93,1.9,cat_004846,-0.3128986111111111,-7.509566666666666,10.496447502153265,-9.302494667206009,-4.861998167533555,True,True,True,True,False,foreshock_final2d,foreshock_final2d,80.0,-6.958084848913814,-3.904942911336804
2025-11-09 00:33:48.390000+00:00,39.374858,143.381917,11.3,1.8,cat_004847,-0.3123940972222222,-7.497458333333333,11.088945849651484,-10.635900721082304,-3.137253660349403,True,True,True,True,False,foreshock_final2d,foreshock_final2d,80.0,-8.208871396156333,-2.11937624139334
2025-11-09 00:36:13.490000+00:00,39.435649,143.501807,4.05,1.7,cat_004848,-0.31071469907407406,-7.457152777777777,3.6376427174195154,-0.3326914715772459,3.6223971252993787,True,True,True,True,False,foreshock_final2d,foreshock_final2d,80.0,2.400946441980532,4.1480606369933515
2025-11-09 00:38:28.280000+00:00,39.452039,143.46556,0.89,1.6,cat_004849,-0.30915462962962964,-7.419711111111111,6.443682057018157,-3.445910784721576,5.4448819730038345,True,True,True,True,False,foreshock_final2d,foreshock_final2d,80.0,-0.6230842538704642,6.114993239396933
2025-11-09 00:41:52.320000+00:00,39.432597,143.427409,11.33,2.0,cat_004851,-0.3067930555555555,-7.363033333333332,7.482355175786895,-6.723641683245254,3.28303020918055,True,True,True,True,False,foreshock_final2d,foreshock_final2d,80.0,-3.998893094895288,4.109740746382322
2025-11-09 00:48:33.660000+00:00,39.424089,143.46766,9.01,1.7,cat_004853,-0.3021479166666667,-7.25155,4.016158783210318,-3.2661963711808593,2.3369837732887473,True,True,True,True,False,foreshock_final2d,foreshock_final2d,80.0,-0.5897842815255663,3.0020814831679856
2025-11-09 00:52:28.870000+00:00,39.37782,143.391195,9.74,1.2,cat_004854,-0.2994255787037037,-7.186213888888888,10.231208536143704,-9.838362439193702,-2.8078942876286006,True,True,True,True,False,foreshock_final2d,foreshock_final2d,80.0,-7.396721049464644,-1.8279028775237887
2025-11-09 00:57:29.920000+00:00,39.447978,143.460628,10.86,1.5,cat_004856,-0.2959412037037037,-7.102588888888889,6.317222428521246,-3.8696335037968903,4.993319375900271,True,True,True,True,False,foreshock_final2d,foreshock_final2d,80.0,-1.0675821846092552,5.683865287006434
2025-11-09 01:02:03.260000+00:00,39.344535,143.403857,13.16,1.3,cat_004858,-0.29277754629629626,-7.02666111111111,10.907362436692667,-8.752329734267887,-6.509017420992666,True,True,True,True,False,foreshock_final2d,foreshock_final2d,80.0,-6.486015449485824,-5.576021711640222
2025-11-09 01:02:42.580000+00:00,39.426473,143.527165,11.78,1.9,cat_004859,-0.2923224537037037,-7.0157388888888885,3.1901947351238467,1.845687249921086,2.602072478409295,True,True,True,True,False,foreshock_final2d,foreshock_final2d,80.0,4.528910446204737,3.0263808983628606
2025-11-09 01:03:49.270000+00:00,39.408435,143.490592,9.61,1.4,cat_004860,-0.2915505787037037,-6.997213888888889,1.426903112889104,-1.2963151715183312,0.5963383915942755,True,True,True,True,False,foreshock_final2d,foreshock_final2d,80.0,1.296024566569352,1.1706876767885137
2025-11-09 01:05:23.740000+00:00,39.434639,143.424544,9.81,2.0,cat_004861,-0.2904571759259259,-6.970972222222222,7.8036359823841925,-6.969649057086507,3.5100902493882806,True,True,True,True,False,foreshock_final2d,foreshock_final2d,80.0,-4.233945706822683,4.348123127168981
2025-11-09 01:12:21.430000+00:00,39.357385,143.605176,12.35,1.3,cat_004862,-0.28562280092592596,-6.854947222222223,9.946686229614256,8.55152231324923,-5.0801626136100575,True,True,True,True,False,foreshock_final2d,foreshock_final2d,80.0,10.865898609669795,-4.9628331381815665
2025-11-09 01:13:21.970000+00:00,39.355351,143.406462,15.18,3.2,cat_004863,-0.2849221064814815,-6.838130555555555,10.043889706637689,-8.527752901337806,-5.306333094405297,True,True,True,True,False,foreshock_final2d,foreshock_final2d,80.0,-6.205105312844219,-4.385234644847921
2025-11-09 01:15:01.330000+00:00,39.356197,143.394255,12.03,1.6,cat_004864,-0.2837721064814815,-6.810530555555555,10.903408860503584,-9.576882309502334,-5.212262186463691,True,True,True,True,False,foreshock_final2d,foreshock_final2d,80.0,-7.248647326738644,-4.241910131823192
2025-11-09 01:15:31.080000+00:00,39.415662,143.460758,13.27,2.5,cat_004865,-0.2834277777777778,-6.802266666666666,4.105425375712346,-3.8593619222854327,1.3999441264545365,True,True,True,True,False,foreshock_final2d,foreshock_final2d,80.0,-1.2263773720212114,2.0939857239610737
2025-11-09 01:18:46.540000+00:00,39.351819,143.6,11.09,2.3,cat_004867,-0.28116550925925926,-6.747972222222222,9.909716932299963,8.10697658037396,-5.699073575313864,True,True,True,True,False,foreshock_final2d,foreshock_final2d,80.0,10.392727583048485,-5.560144503133612
2025-11-09 01:19:25.990000+00:00,39.352205,143.407064,15.02,3.2,cat_004868,-0.280708912037037,-6.737013888888889,10.190095273181468,-8.476202206764862,-5.656152333629189,True,True,True,True,False,foreshock_final2d,foreshock_final2d,80.0,-6.170069438490404,-4.73709180585278
2025-11-09 01:21:46.620000+00:00,39.361466,143.392269,10.62,1.2,cat_004869,-0.27908125,-6.6979500000000005,10.789412486067071,-9.747209391022764,-4.626376117973687,True,True,True,True,False,foreshock_final2d,foreshock_final2d,80.0,-7.391221971330002,-3.6486595349675395
2025-11-09 01:28:20.590000+00:00,39.477596,143.427035,10.8,2.0,cat_004871,-0.27452141203703706,-6.5885138888888894,10.690190444536208,-6.753588019490311,8.286690713258729,True,True,True,True,False,foreshock_final2d,foreshock_final2d,80.0,-3.7934020220800573,9.109269588395302
2025-11-09 01:37:16.660000+00:00,39.380815,143.371208,11.71,1.5,cat_004873,-0.2683168981481482,-6.4396055555555565,11.817759856084933,-11.555713678661933,-2.474865482328311,True,True,True,True,False,foreshock_final2d,foreshock_final2d,80.0,-9.096502865245967,-1.414447627705922
2025-11-09 01:41:09.570000+00:00,39.470219,143.579281,3.04,1.5,cat_004875,-0.26562118055555556,-6.374908333333334,9.782605154488612,6.320772501251805,7.46640573940202,True,True,True,True,False,foreshock_final2d,foreshock_final2d,80.0,9.227889860226497,7.67479122311664
2025-11-09 01:42:11.260000+00:00,39.401477,143.499756,12.29,1.5,cat_004876,-0.26490717592592594,-6.357772222222223,0.539011655376473,-0.5089974918128132,-0.17735590799827017,True,True,True,True,False,foreshock_final2d,foreshock_final2d,80.0,2.0460709160583823,0.36080961706775594
2025-11-09 01:45:27.140000+00:00,39.360095,143.602523,12.34,1.6,cat_004878,-0.2626400462962963,-6.30336111111111,9.597662647172399,8.323339621583218,-4.778824362403255,True,True,True,True,False,foreshock_final2d,foreshock_final2d,80.0,10.652145465693046,-4.651093381563364
2025-11-09 01:48:46.590000+00:00,39.39786,143.461247,11.57,1.8,cat_004879,-0.26033159722222227,-6.247958333333335,3.8615750749665976,-3.8178379416966144,-0.5795479576714642,True,True,True,True,False,foreshock_final2d,foreshock_final2d,80.0,-1.278027361401675,0.11473196795139134
2025-11-09 01:50:35.080000+00:00,39.379431,143.369938,12.32,1.6,cat_004880,-0.25907592592592593,-6.217822222222223,11.957498247055613,-11.664965518379748,-2.628759260804559,True,True,True,True,False,foreshock_final2d,foreshock_final2d,80.0,-9.21287388028827,-1.563031093789626
2025-11-09 01:51:50.360000+00:00,39.355042,143.411914,14.57,2.0,cat_004881,-0.25820462962962965,-6.1969111111111115,9.668156502714561,-8.059173218003407,-5.340692326738627,True,True,True,True,False,foreshock_final2d,foreshock_final2d,80.0,-5.738660964011301,-4.441600821959178
2025-11-09 01:52:23.340000+00:00,39.355298,143.391618,4.86,2.2,cat_004882,-0.2578229166666667,-6.18775,11.15034356950827,-9.803593306622915,-5.312226425517592,True,True,True,True,False,foreshock_final2d,foreshock_final2d,80.0,-7.479810246142235,-4.3310977430584
2025-11-09 01:53:36.100000+00:00,39.481807,143.498763,13.0,2.3,cat_004883,-0.25698078703703703,-6.167538888888888,8.775058402084161,-0.5939749023050509,8.754932549359529,True,True,True,True,False,foreshock_final2d,foreshock_final2d,80.0,2.381419680747702,9.287205275549553
2025-11-09 01:58:00.180000+00:00,39.434696,143.421891,11.07,1.4,cat_004884,-0.25392430555555556,-6.0941833333333335,8.010609032254743,-7.1975409938740285,3.5164283602076103,True,True,True,True,False,foreshock_final2d,foreshock_final2d,80.0,-4.461287114604615,4.365175716686563
2025-11-09 02:00:27.450000+00:00,39.433655,143.414925,9.81,1.7,cat_004885,-0.2522197916666667,-6.053275000000001,8.50540681042506,-7.795984084424769,3.4006744415705423,True,True,True,True,False,foreshock_final2d,foreshock_final2d,80.0,-5.064513357946068,4.277704569146828
2025-11-09 02:01:56.010000+00:00,39.41805,143.483805,12.03,1.8,cat_004886,-0.25119479166666664,-6.028675,2.511095238916714,-1.8793040476119285,1.6654776112821197,True,True,True,True,False,foreshock_final2d,foreshock_final2d,80.0,0.763980390394484,2.2660705757430364
2025-11-09 02:03:53.300000+00:00,39.436344,143.412158,9.56,1.6,cat_004887,-0.2498372685185185,-5.996094444444444,8.844490977942481,-8.033518381597908,3.6996775993173845,True,True,True,True,False,foreshock_final2d,foreshock_final2d,80.0,-5.287717610199218,4.587551777383778
2025-11-09 02:05:05.090000+00:00,39.43068,143.416081,11.52,1.4,cat_004888,-0.24900636574074075,-5.976152777777778,8.286466868383005,-7.69684627211603,3.0698695348030602,True,True,True,True,False,foreshock_final2d,foreshock_final2d,80.0,-4.981048502819102,3.9426018831990137
2025-11-09 02:06:21.090000+00:00,39.392529,143.496029,12.93,1.8,cat_004889,-0.24812673611111113,-5.955041666666667,1.4359864759881331,-0.8292791836679549,-1.1723281116134066,True,True,True,True,False,foreshock_final2d,foreshock_final2d,80.0,1.6793340031492057,-0.6179927556378885
2025-11-09 02:10:33.220000+00:00,39.394462,143.577865,10.68,1.4,cat_004890,-0.24520856481481482,-5.885005555555556,6.275990788052034,6.202537404035263,-0.9573883184101453,True,True,True,True,False,foreshock_final2d,foreshock_final2d,80.0,8.713476438662301,-0.7341126708733453
2025-11-09 02:15:57.620000+00:00,39.446012,143.568294,13.42,2.1,cat_004892,-0.24145393518518518,-5.794894444444444,7.19182908086509,5.378155238615991,4.774710150117523,True,True,True,True,False,foreshock_final2d,foreshock_final2d,80.0,8.159681746440974,5.030422891201545
2025-11-09 02:17:47.390000+00:00,39.356364,143.405794,15.09,2.4,cat_004893,-0.24018344907407405,-5.764402777777777,10.03386519717918,-8.585104977091287,-5.193692633714318,True,True,True,True,False,foreshock_final2d,foreshock_final2d,80.0,-6.257094553933475,-4.270020701295623
2025-11-09 02:19:54.970000+00:00,39.411271,143.494727,9.72,1.6,cat_004894,-0.23870682870370372,-5.728963888888889,1.310232748803141,-0.9410293855997811,0.911687203558473,True,True,True,True,False,foreshock_final2d,foreshock_final2d,80.0,1.6657529748400512,1.468972384744868
2025-11-09 02:21:40.220000+00:00,39.35142,143.413037,13.84,1.7,cat_004895,-0.2374886574074074,-5.6997277777777775,9.8180546923158,-7.962858118028353,-5.74344035104522,True,True,True,True,False,foreshock_final2d,foreshock_final2d,80.0,-5.661400360845836,-4.848434164698656
2025-11-09 02:25:51.910000+00:00,39.366394,143.377686,13.28,2.4,cat_004896,-0.2345755787037037,-5.629813888888889,11.73188451305098,-11.000169956889643,-4.078407519469346,True,True,True,True,False,foreshock_final2d,foreshock_final2d,80.0,-8.617015186067896,-3.04235040649692
2025-11-09 02:30:00.980000+00:00,39.386434,143.503353,13.32,1.4,cat_004897,-0.23169282407407404,-5.560627777777777,1.8608359761237994,-0.1999603109340347,-1.85006118951221,True,True,True,True,False,foreshock_final2d,foreshock_final2d,80.0,2.2760711277101513,-1.3245825748597708
2025-11-09 02:30:20.780000+00:00,39.369824,143.375895,11.63,1.8,cat_004898,-0.2314636574074074,-5.555127777777778,11.75055457147767,-11.153819513699977,-3.697008921078332,True,True,True,True,False,foreshock_final2d,foreshock_final2d,80.0,-8.7525511736813,-2.654145469351215
2025-11-09 02:31:45.160000+00:00,39.392334,143.467904,10.85,1.6,cat_004899,-0.23048703703703705,-5.531688888888889,3.45861373271674,-3.2459739122406788,-1.1940111223096572,True,True,True,True,False,foreshock_final2d,foreshock_final2d,80.0,-0.7357048385391698,-0.5259549525322483
2025-11-09 02:32:38.600000+00:00,39.351811,143.413981,16.02,4.7,cat_004900,-0.2298685185185185,-5.516844444444444,9.726803894126935,-7.881697286261637,-5.699963134727145,True,True,True,True,False,foreshock_final2d,foreshock_final2d,80.0,-5.578283951260684,-4.8088234160373755
2025-11-09 02:39:25.060000+00:00,39.387569,143.487305,11.91,1.4,cat_004901,-0.22516412037037037,-5.403938888888889,2.3376894012661693,-1.578960389126166,-1.7238549477708707,True,True,True,True,False,foreshock_final2d,foreshock_final2d,80.0,0.9045355600196463,-1.133639081469024
2025-11-09 02:40:00.230000+00:00,39.383085,143.517025,12.02,1.8,cat_004902,-0.22475706018518515,-5.394169444444444,2.426878089690578,0.974905103348809,-2.222452998844842,True,True,True,True,False,foreshock_final2d,foreshock_final2d,80.0,3.43211592237604,-1.751835233203674
2025-11-09 02:43:45.520000+00:00,39.38936,143.535042,9.02,2.0,cat_004903,-0.22214953703703705,-5.33158888888889,2.9479569178744884,2.52303890305833,-1.524704834149986,True,True,True,True,False,foreshock_final2d,foreshock_final2d,80.0,5.01136202514364,-1.1276938149085698
2025-11-09 02:48:09.980000+00:00,39.390902,143.488216,12.92,1.1,cat_004904,-0.21908865740740738,-5.258127777777777,2.0206910748990565,-1.5006424777248983,-1.3532422572647997,True,True,True,True,False,foreshock_final2d,foreshock_final2d,80.0,1.0002027459236522,-0.7671213449928559
2025-11-09 02:52:46.430000+00:00,39.386991,143.489095,13.18,1.5,cat_004905,-0.21588900462962965,-5.181336111111111,2.2865806711994794,-1.425151920174599,-1.7881256153711258,True,True,True,True,False,foreshock_final2d,foreshock_final2d,80.0,1.0551500135818044,-1.205074718326129
2025-11-09 02:53:19.860000+00:00,39.379765,143.379492,8.69,1.7,cat_004906,-0.21550208333333334,-5.1720500000000005,11.149306397592389,-10.84391821079217,-2.591620155305023,True,True,True,True,False,foreshock_final2d,foreshock_final2d,80.0,-8.390988453017698,-1.5645604382186606
2025-11-09 02:55:44.620000+00:00,39.377002,143.543115,9.98,1.4,cat_004907,-0.21382662037037037,-5.131838888888889,4.33042711124671,3.2170263065554243,-2.8988517376241196,True,True,True,True,False,foreshock_final2d,foreshock_final2d,80.0,5.639932304883846,-2.532968746004798
2025-11-09 03:05:56.350000+00:00,39.422123,143.637321,14.65,2.4,cat_004909,-0.20674641203703703,-4.961913888888889,11.505776469731318,11.309085183708367,2.118374547505209,True,True,True,True,False,foreshock_final2d,foreshock_final2d,80.0,13.95907335442384,2.0979996910892136
2025-11-09 03:08:31.210000+00:00,39.353646,143.402507,14.86,2.3,cat_004910,-0.20495405092592592,-4.918897222222222,10.432777899949766,-8.867792085093592,-5.495920444334401,True,True,True,True,False,foreshock_final2d,foreshock_final2d,80.0,-6.5536873764881305,-4.55861444369483
2025-11-09 03:09:16.990000+00:00,39.436108,143.387174,9.22,2.2,cat_004911,-0.2044241898148148,-4.906180555555555,10.822175910775483,-10.179655492544287,3.673435596629156,True,True,True,True,False,foreshock_final2d,foreshock_final2d,80.0,-7.432712905624473,4.662306872794623
2025-11-09 03:10:24.750000+00:00,39.389274,143.587679,12.3,1.7,cat_004912,-0.20363993055555557,-4.887358333333333,7.211180015448782,7.046072969559405,-1.534267597841767,True,True,True,True,False,foreshock_final2d,foreshock_final2d,80.0,9.528937863754924,-1.350038492322314
2025-11-09 03:15:01.840000+00:00,39.419491,143.640902,16.05,3.4,cat_004913,-0.2004328703703704,-4.810388888888889,11.759530158533597,11.616942903020192,1.8257095005769066,True,True,True,True,False,foreshock_final2d,foreshock_final2d,80.0,14.252821345365696,1.7911751111562353
2025-11-09 03:17:35.140000+00:00,39.430941,143.563721,13.47,2.3,cat_004914,-0.1986585648148148,-4.767805555555555,5.870463585335808,4.985901831384755,3.098891410656705,True,True,True,True,False,foreshock_final2d,foreshock_final2d,80.0,7.689021428721445,3.374913891426338
2025-11-09 03:22:51.310000+00:00,39.470211,143.427751,9.59,1.5,cat_004916,-0.19499918981481482,-4.679980555555556,10.026110449265985,-6.692456740174775,7.4655161799887395,True,True,True,True,False,foreshock_final2d,foreshock_final2d,80.0,-3.7709717446248687,8.286128330739471
2025-11-09 03:33:42.050000+00:00,39.430253,143.443506,12.06,1.1,cat_004920,-0.18746747685185186,-4.499219444444445,6.136835417784413,-5.340965699674699,3.0223893011256164,True,True,True,True,False,foreshock_final2d,foreshock_final2d,80.0,-2.6300103601937446,3.784338507406429
2025-11-09 03:45:55.850000+00:00,39.411251,143.488102,8.52,1.2,cat_004921,-0.1789744212962963,-4.295386111111111,1.7629185062350254,-1.510217923136746,0.909463305025666,True,True,True,True,False,foreshock_final2d,foreshock_final2d,80.0,1.0970900706408557,1.4935292244415692
2025-11-09 03:47:25.660000+00:00,39.471057,143.461328,8.81,1.8,cat_004922,-0.1779349537037037,-4.270438888888889,8.464921835061222,-3.8088778114562283,7.559587087930347,True,True,True,True,False,foreshock_final2d,foreshock_final2d,80.0,-0.8861600909648053,8.244433045902404
2025-11-09 03:50:29.080000+00:00,39.424231,143.522933,11.24,1.6,cat_004923,-0.17581203703703704,-4.219488888888889,2.7807074151336484,1.4821575119686057,2.3527734528719138,True,True,True,True,False,foreshock_final2d,foreshock_final2d,80.0,4.154054619537659,2.794460688541837
2025-11-09 03:52:11.840000+00:00,39.457495,143.412451,8.28,1.2,cat_004924,-0.17462268518518517,-4.190944444444444,10.036711636975419,-8.007134586625442,6.051561492776807,True,True,True,True,False,foreshock_final2d,foreshock_final2d,80.0,-5.150715342511756,6.93559017817698
2025-11-09 03:53:38.020000+00:00,39.356075,143.403467,14.63,1.6,cat_004925,-0.17362523148148148,-4.167005555555556,10.221922779265697,-8.785126559804498,-5.2258279675148405,True,True,True,True,False,foreshock_final2d,foreshock_final2d,80.0,-6.458406505694678,-4.292710154961667
2025-11-09 04:00:38.430000+00:00,39.4066,143.49598,12.27,1.3,cat_004929,-0.168759375,-4.050224999999999,0.9211192584919252,-0.8334055270491455,0.3922957012015314,True,True,True,True,False,foreshock_final2d,foreshock_final2d,80.0,1.748822157879305,0.9450926862652274
2025-11-09 04:04:29.150000+00:00,39.41154,143.376025,9.69,0.9,cat_004930,-0.16608900462962964,-3.9861361111111115,11.179040657083434,-11.139316138739238,0.9415986388261884,True,True,True,True,False,foreshock_final2d,foreshock_final2d,80.0,-8.519834038080539,1.9786434506716253
2025-11-09 04:05:40.570000+00:00,39.430587,143.50485,9.89,1.0,cat_004931,-0.16526238425925927,-3.9662972222222224,3.0603590844187427,-0.0712997540955447,3.059528406625152,True,True,True,True,False,foreshock_final2d,foreshock_final2d,80.0,2.635567770705121,3.5735176390049435
2025-11-09 04:05:57.530000+00:00,39.359261,143.403613,13.58,2.4,cat_004932,-0.16506608796296296,-3.961586111111111,10.03427616498312,-8.772377771718011,-4.871560931225336,True,True,True,True,False,foreshock_final2d,foreshock_final2d,80.0,-6.42900484302995,-3.939435181560532
2025-11-09 04:12:56.770000+00:00,39.34362,143.402588,14.0,1.2,cat_004933,-0.16021377314814814,-3.8451305555555555,11.055664356640552,-8.86146636266106,-6.610760778872338,True,True,True,True,False,foreshock_final2d,foreshock_final2d,80.0,-6.599817890852793,-5.672517923320153
2025-11-09 04:22:35.580000+00:00,39.441626,143.405355,13.97,3.1,cat_004934,-0.15351458333333334,-3.6843500000000002,9.625014799153353,-8.617567993446096,4.287009201854068,True,True,True,True,False,foreshock_final2d,foreshock_final2d,80.0,-5.843488664935182,5.201710466287552
2025-11-09 04:24:15.640000+00:00,39.460498,143.423779,10.33,2.2,cat_004935,-0.15235648148148148,-3.6565555555555553,9.50012156203591,-7.0340580482819455,6.3854798574903775,True,True,True,True,False,foreshock_final2d,foreshock_final2d,80.0,-4.163006627851985,7.223359041594636
2025-11-09 04:28:21.480000+00:00,39.409436,143.521842,11.76,1.6,cat_004936,-0.14951111111111112,-3.5882666666666667,1.558497749725288,1.3885800265156178,0.7076445131657289,True,True,True,True,False,foreshock_final2d,foreshock_final2d,80.0,3.983183345978279,1.1555558768109369
2025-11-09 04:30:47.380000+00:00,39.339555,143.608285,11.35,1.8,cat_004937,-0.1478224537037037,-3.5477388888888886,11.299231351766638,8.819862104626397,-7.062768155682937,True,True,True,True,False,foreshock_final2d,foreshock_final2d,80.0,11.04066680199347,-6.9558677736172765
2025-11-09 04:31:23.760000+00:00,39.432861,143.520426,9.54,2.0,cat_004938,-0.14740138888888887,-3.537633333333333,3.5463293838332617,1.2667096691882571,3.312385669814866,True,True,True,True,False,foreshock_final2d,foreshock_final2d,80.0,3.9839916482575495,3.763146378362975
2025-11-09 04:32:17.790000+00:00,39.359176,143.594515,12.43,1.8,cat_004939,-0.14677604166666666,-3.5226249999999997,9.0619785868719,7.635128433776402,-4.8810124999899624,True,True,True,True,False,foreshock_final2d,foreshock_final2d,80.0,9.959888746144195,-4.720790502919764
2025-11-09 04:33:16.900000+00:00,39.465763,143.424349,9.15,1.8,cat_004940,-0.14609189814814816,-3.506205555555556,9.868217151011864,-6.98483973768182,6.970921146274136,True,True,True,True,False,foreshock_final2d,foreshock_final2d,80.0,-4.08629990718359,7.805836529327354
2025-11-09 04:35:12.580000+00:00,39.368168,143.373112,15.02,3.2,cat_004942,-0.14475300925925927,-3.4740722222222225,12.036055531717569,-11.393127778994867,-3.8811477196021773,True,True,True,True,False,foreshock_final2d,foreshock_final2d,80.0,-9.000257522965459,-2.8268217777567672
2025-11-09 04:37:08.730000+00:00,39.358333,143.490902,12.97,2.0,cat_004943,-0.14340868055555556,-3.4418083333333334,5.134333767352572,-1.2701368756516629,-4.974749823150898,True,True,True,True,False,foreshock_final2d,foreshock_final2d,80.0,1.0600741905697748,-4.3954632931109465
2025-11-09 04:40:24.890000+00:00,39.420805,143.508659,12.9,1.2,cat_004945,-0.1411383101851852,-3.3873194444444445,1.9883585517926683,0.2559239385192666,1.9718196341879353,True,True,True,True,False,foreshock_final2d,foreshock_final2d,80.0,2.911256340237989,2.471618582251436
2025-11-09 04:45:19.620000+00:00,39.390234,143.474056,11.09,1.5,cat_004947,-0.13772708333333333,-3.30545,3.0695337162578578,-2.717392632075144,-1.4275204682630813,True,True,True,True,False,foreshock_final2d,foreshock_final2d,80.0,-0.21869462970093556,-0.7840735848432011
2025-11-09 04:47:18.050000+00:00,39.378304,143.600212,10.6,1.6,cat_004948,-0.13635636574074075,-3.2725527777777783,8.577804235655469,8.123656832985949,-2.754075943132617,True,True,True,True,False,foreshock_final2d,foreshock_final2d,80.0,10.547940923536753,-2.6191925988490787
2025-11-09 05:09:23.060000+00:00,39.418229,143.410889,13.49,3.2,cat_004951,-0.12102060185185186,-2.9044944444444445,8.316155962914642,-8.143583145979647,1.6853815031510186,True,True,True,True,False,foreshock_final2d,foreshock_final2d,80.0,-5.492425894773429,2.5806642534761353
2025-11-09 05:15:30.770000+00:00,39.391361,143.490885,14.84,2.6,cat_004952,-0.11676469907407407,-2.8023527777777777,1.8198711426737377,-1.2712970921328526,-1.3022037859342328,True,True,True,True,False,foreshock_final2d,foreshock_final2d,80.0,1.231695355161365,-0.7269292647227213
2025-11-09 05:20:19.110000+00:00,39.367952,143.604541,13.84,1.6,cat_004953,-0.11342743055555554,-2.722258333333333,9.350799527521136,8.496301885774718,-3.9051658237568083,True,True,True,True,False,foreshock_final2d,foreshock_final2d,80.0,10.866018704961139,-3.78653949399529
2025-11-09 05:25:31.070000+00:00,39.41991,143.534814,8.41,1.1,cat_004954,-0.10981678240740742,-2.6356027777777777,3.1257016415787224,2.5028989189120616,1.8723001748410697,True,True,True,True,False,foreshock_final2d,foreshock_final2d,80.0,5.15106122285963,2.266497220408865
2025-11-09 05:25:54.460000+00:00,39.375313,143.506136,12.24,1.3,cat_004955,-0.10954606481481483,-2.629105555555556,3.08690871548935,0.03918743822156934,-3.0866599687266616,True,True,True,True,False,foreshock_final2d,foreshock_final2d,80.0,2.4567765399705634,-2.5710631164891447
2025-11-09 05:31:31.800000+00:00,39.396598,143.50127,15.04,3.4,cat_004956,-0.10564166666666668,-2.5354,0.8135147700570531,-0.3789259701639225,-0.7198759550973525,True,True,True,True,False,foreshock_final2d,foreshock_final2d,80.0,2.150474791070631,-0.187229097924967
2025-11-09 05:34:23.980000+00:00,39.436987,143.440885,11.56,1.4,cat_004958,-0.10364884259259259,-2.487572222222222,6.723127990549301,-5.565849988785452,3.7711759371502493,True,True,True,True,False,foreshock_final2d,foreshock_final2d,80.0,-2.81941791500242,4.5428760133738875
2025-11-09 05:41:22.830000+00:00,39.423185,143.480811,10.93,1.2,cat_004960,-0.09880104166666666,-2.371225,3.092920613415465,-2.1364430341530207,2.2364635596014475,True,True,True,True,False,foreshock_final2d,foreshock_final2d,80.0,0.5339889700729752,2.8485217394949833
2025-11-09 05:49:10.260000+00:00,39.462504,143.521615,8.73,1.7,cat_004962,-0.09339097222222222,-2.2413833333333333,6.7487557810368735,1.368555956762934,6.608536880339531,True,True,True,True,False,foreshock_final2d,foreshock_final2d,80.0,4.240797234001654,7.050856274334118
2025-11-09 05:50:21.360000+00:00,39.460685,143.539111,6.88,1.4,cat_004963,-0.09256805555555556,-2.221633333333333,7.020270936804495,2.8712137707975582,6.406273308772557,True,True,True,True,False,foreshock_final2d,foreshock_final2d,80.0,5.732275387798594,6.778122016843764
2025-11-09 05:50:45.550000+00:00,39.363818,143.595475,10.16,1.4,cat_004964,-0.0922880787037037,-2.214913888888889,8.866218940796582,7.717381207426605,-4.3648456505054725,True,True,True,True,False,foreshock_final2d,foreshock_final2d,80.0,10.066334237477443,-4.209064900028215
2025-11-09 05:51:29.270000+00:00,39.37122,143.600407,8.06,1.2,cat_004965,-0.09178206018518519,-2.2027694444444443,8.877909209515643,8.14082747080924,-3.541780803482558,True,True,True,True,False,foreshock_final2d,foreshock_final2d,80.0,10.528033864771402,-3.4068330541543475
2025-11-09 05:54:17.580000+00:00,39.398946,143.523779,11.14,0.9,cat_004966,-0.08983402777777777,-2.1560166666666665,1.6213812613161167,1.5551169397870146,-0.45879026733538353,True,True,True,True,False,foreshock_final2d,foreshock_final2d,80.0,4.094659288044472,-0.017422279415809427
2025-11-09 05:55:21.790000+00:00,39.443624,143.465592,11.08,1.6,cat_004967,-0.08909085648148148,-2.1381805555555555,5.673576539794383,-3.443370187424571,4.50917666528994,True,True,True,True,False,foreshock_final2d,foreshock_final2d,80.0,-0.6645680427016654,5.180204507766739
2025-11-09 05:59:24.850000+00:00,39.368286,143.594027,8.95,3.3,cat_004968,-0.08627766203703705,-2.0706638888888893,8.521183688899526,7.592690611196689,-3.8680267182580628,True,True,True,True,False,foreshock_final2d,foreshock_final2d,80.0,9.965155256351581,-3.706929848467421
2025-11-09 06:01:20.710000+00:00,39.373271,143.590169,9.61,1.5,cat_004969,-0.08493668981481481,-2.038480555555555,7.981286881009694,7.260868227598588,-3.3137200089343923,True,True,True,True,False,foreshock_final2d,foreshock_final2d,80.0,9.65977843727539,-3.137625869358836
2025-11-09 06:02:28.860000+00:00,39.469401,143.428076,6.89,0.9,cat_004970,-0.08414791666666667,-2.01955,9.940518640612803,-6.664584843916912,7.375448289406502,True,True,True,True,False,foreshock_final2d,foreshock_final2d,80.0,-3.7473680814428496,8.19484889932509
2025-11-09 06:08:17.590000+00:00,39.353373,143.450423,11.07,1.6,cat_004971,-0.08011168981481481,-1.9226805555555555,7.286728301443369,-4.749387392094364,-5.526276659308362,True,True,True,True,False,foreshock_final2d,foreshock_final2d,80.0,-2.441271124364813,-4.782693189624983
2025-11-09 06:15:48.250000+00:00,39.353646,143.445882,11.31,1.2,cat_004973,-0.07489571759259259,-1.797497222222222,7.524722503554102,-5.139680256505501,-5.495920444334401,True,True,True,True,False,foreshock_final2d,foreshock_final2d,80.0,-2.8297036684833072,-4.73400871091329
2025-11-09 06:18:11.830000+00:00,39.468986,143.425879,9.99,1.3,cat_004974,-0.07323391203703704,-1.7576138888888888,10.034248006924198,-6.853282295711021,7.329302394849374,True,True,True,True,False,foreshock_final2d,foreshock_final2d,80.0,-3.9380275879881426,8.157631639055516
2025-11-09 06:19:24.740000+00:00,39.374003,143.595508,9.17,1.1,cat_004975,-0.07239004629629629,-1.737361111111111,8.369048734811829,7.719654041041819,-3.2323253226306545,True,True,True,True,False,foreshock_final2d,foreshock_final2d,80.0,10.121885566915463,-3.07790553520821
2025-11-09 06:20:33.150000+00:00,39.369975,143.596354,6.6,0.8,cat_004976,-0.07159826388888889,-1.7183583333333332,8.617908210643511,7.792582628378224,-3.680218487155521,True,True,True,True,False,foreshock_final2d,foreshock_final2d,80.0,10.173661636566703,-3.5287337777690024
2025-11-09 06:23:57.750000+00:00,39.37465,143.613477,9.1,1.6,cat_004978,-0.06923020833333333,-1.6615250000000001,9.788085730217919,9.263834092472884,-3.1603822050915436,True,True,True,True,False,foreshock_final2d,foreshock_final2d,80.0,11.667740420287746,-3.0786902034504444
2025-11-09 06:30:12.560000+00:00,39.418766,143.421582,12.45,1.6,cat_004979,-0.06489212962962963,-1.557411111111111,7.432675563928724,-7.224909729604325,1.745093178759296,True,True,True,True,False,foreshock_final2d,foreshock_final2d,80.0,-4.571960501318173,2.5970895269872725
2025-11-09 06:34:51.820000+00:00,39.375773,143.372754,10.25,1.9,cat_004980,-0.0616599537037037,-1.479838888888889,11.819705815365426,-11.423272464441496,-3.035510302469731,True,True,True,True,False,foreshock_final2d,foreshock_final2d,80.0,-8.99058462706471,-1.9807025317872617
2025-11-09 06:36:10.580000+00:00,39.401371,143.517546,11.17,1.6,cat_004981,-0.06074837962962963,-1.457961111111111,1.0369385203485713,1.0195423408765203,-0.18914257022285824,True,True,True,True,False,foreshock_final2d,foreshock_final2d,80.0,3.5723636837146158,0.27712369875047915
2025-11-09 06:39:26.740000+00:00,39.418555,143.420801,11.54,1.2,cat_004982,-0.05847800925925926,-1.4034722222222222,7.492497558103604,-7.292016942327794,1.7216310492372735,True,True,True,True,False,foreshock_final2d,foreshock_final2d,80.0,-4.640097215442147,2.5768105302268567
2025-11-09 06:40:23.700000+00:00,39.464726,143.510563,12.38,1.3,cat_004983,-0.05781875,-1.38765,6.868426414777722,0.4193631736722227,6.855612007343315,True,True,True,True,False,foreshock_final2d,foreshock_final2d,80.0,3.304279484624188,7.342313926414815
2025-11-09 06:44:49.550000+00:00,39.3927,143.48138,11.88,1.1,cat_004984,-0.0547417824074074,-1.3138027777777777,2.385361776333538,-2.0880177664762245,-1.1533137791577883,True,True,True,True,False,foreshock_final2d,foreshock_final2d,80.0,0.42288377164384716,-0.5397803497227475
2025-11-09 06:52:16.410000+00:00,39.357837,143.60848,10.89,1.5,cat_004985,-0.04956979166666667,-1.189675,10.16687659607633,8.83546723007163,-5.029902506766407,True,True,True,True,False,foreshock_final2d,foreshock_final2d,80.0,11.151893673082732,-4.925987272298867
2025-11-09 06:59:56.060000+00:00,39.393136,143.531055,9.95,1.5,cat_004986,-0.044249768518518515,-1.0619944444444442,2.4443243585704515,2.1803821089108095,-1.1048327911406999,True,True,True,True,False,foreshock_final2d,foreshock_final2d,80.0,4.68883812435476,-0.6921659231540088
2025-11-09 07:20:01.030000+00:00,39.41672,143.618278,9.0,1.3,cat_004988,-0.030303356481481483,-0.7272805555555556,9.791819871948594,9.673503783788549,1.5175883588445296,True,True,True,True,False,foreshock_final2d,foreshock_final2d,80.0,12.297038194368334,1.5748269787003069
2025-11-09 07:21:41.860000+00:00,39.42653,143.576432,14.8,1.9,cat_004989,-0.029136342592592592,-0.6992722222222222,6.614075045869438,6.078008420898638,2.608410589227834,True,True,True,True,False,foreshock_final2d,foreshock_final2d,80.0,8.75684337332305,2.8335964857608356
2025-11-09 07:22:03.940000+00:00,39.441785,143.567936,6.23,2.3,cat_004990,-0.028880787037037038,-0.693138888888889,6.864897807829849,5.347567416397028,4.30468919519095,True,True,True,True,False,foreshock_final2d,foreshock_final2d,80.0,8.107014996729283,4.562361435393665
2025-11-09 07:25:40.900000+00:00,39.405717,143.620443,12.54,1.5,cat_004991,-0.02636967592592593,-0.6328722222222223,9.864665518068831,9.860280822578277,0.29411058097498227,True,True,True,True,False,foreshock_final2d,foreshock_final2d,80.0,12.426048182074897,0.34391676335898547
2025-11-09 07:32:20.020000+00:00,39.44939,143.471924,8.04,1.2,cat_004992,-0.02175023148148148,-0.5220055555555556,5.910343363312784,-2.899361299133971,5.150326612322607,True,True,True,True,False,foreshock_final2d,foreshock_final2d,80.0,-0.0909977313865169,5.795050848812214
2025-11-09 07:34:35.290000+00:00,39.41449,143.606852,6.58,1.2,cat_004993,-0.02018460648148148,-0.48443055555555553,8.784249552908715,8.692013840672065,1.269623672427465,True,True,True,True,False,foreshock_final2d,foreshock_final2d,80.0,11.304969202809342,1.37331243794497
2025-11-09 07:35:26.070000+00:00,39.413969,143.383447,10.47,1.3,cat_004994,-0.019596875,-0.470325,10.571144014802744,-10.501471719950537,1.2116911156457493,True,True,True,True,False,foreshock_final2d,foreshock_final2d,80.0,-7.869989020748686,2.218428567105871
2025-11-09 07:36:20.930000+00:00,39.462683,143.416699,12.34,4.4,cat_004995,-0.018961921296296296,-0.4550861111111111,10.116146472135952,-7.642003210316571,6.62844077220843,True,True,True,True,False,foreshock_final2d,foreshock_final2d,80.0,-4.7588481769556426,7.49465256249717
2025-11-09 07:38:28.820000+00:00,39.391036,143.500293,10.03,2.5,cat_004996,-0.017481712962962963,-0.4195611111111111,1.4161317269663452,-0.46289242232251154,-1.338342137094124,True,True,True,True,False,foreshock_final2d,foreshock_final2d,80.0,2.037504702722241,-0.8010601353451362
2025-11-09 07:40:29.780000+00:00,39.414852,143.59707,8.8,1.6,cat_004997,-0.016081712962962964,-0.38596111111111114,7.960102912875735,7.851590192761924,1.3098762358730884,True,True,True,True,False,foreshock_final2d,foreshock_final2d,80.0,10.467369890518125,1.45305934308751
2025-11-09 07:43:38.520000+00:00,39.456628,143.554508,10.26,1.7,cat_004998,-0.013897222222222222,-0.33353333333333335,7.283613330036098,4.193703676033287,5.95515549137603,True,True,True,True,False,foreshock_final2d,foreshock_final2d,80.0,7.032077433683693,6.265285321456311
2025-11-09 07:47:28.840000+00:00,39.376925,143.590104,13.11,2.8,cat_004999,-0.011231481481481481,-0.26955555555555555,7.815971584033573,7.255092260109568,-2.907413746975466,True,True,True,True,False,foreshock_final2d,foreshock_final2d,80.0,9.673124115340611,-2.7314977698822673
2025-11-09 07:51:21.740000+00:00,39.378682,143.587695,9.8,1.4,cat_005000,-0.00853587962962963,-0.2048611111111111,7.551770653440973,7.0479828045078055,-2.712044260861222,True,True,True,True,False,foreshock_final2d,foreshock_final2d,80.0,9.475435423459292,-2.5266008596897156
2025-11-09 07:52:08.070000+00:00,39.371354,143.607438,13.37,2.0,cat_005001,-0.007999652777777777,-0.19199166666666667,9.429474525378756,8.74506240500508,-3.526880683312672,True,True,True,True,False,foreshock_final2d,foreshock_final2d,80.0,11.132300729605362,-3.42037651558271
2025-11-09 07:56:33.700000+00:00,39.437813,143.427718,10.17,1.7,cat_005002,-0.004925231481481482,-0.11820555555555556,7.731151539099804,-6.696847376520601,3.8630229465582593,True,True,True,True,False,foreshock_final2d,foreshock_final2d,80.0,-3.9448418828771663,4.687830684681818
2025-11-09 07:57:06.410000+00:00,39.377527,143.585075,10.0,1.7,cat_005003,-0.0045466435185185184,-0.10911944444444444,7.390541337338655,6.822888813848339,-2.8404744011353684,True,True,True,True,False,foreshock_final2d,foreshock_final2d,80.0,9.244548501632758,-2.644298926331906
2025-11-09 07:57:25.740000+00:00,39.456673,143.560205,12.25,2.9,cat_005004,-0.004322916666666667,-0.10375000000000001,7.579841698295412,4.683001947625885,5.9601592630750435,True,True,True,True,False,foreshock_final2d,foreshock_final2d,80.0,7.5210693170968685,6.247263826769284
2025-11-09 07:59:47.330000+00:00,39.37607,143.591585,9.92,1.4,cat_005005,-0.0026841435185185184,-0.06441944444444445,7.969622192172126,7.382409255354263,-3.0024854092567175,True,True,True,True,False,foreshock_final2d,foreshock_final2d,80.0,9.795827352941068,-2.8324539669650837
2025-11-09 08:06:34.230000+00:00,39.617057,143.464583,11.58,4.6,cat_005007,0.0020253472222222222,0.04860833333333334,24.05383031191513,-3.525642320711823,23.79404637803601,True,True,True,True,False,aftershock_0_0p5d,aftershock_0_0p5d,80.0,-14.453950164978698,13.904077287051532
2025-11-09 08:07:55.290000+00:00,39.525269,143.454801,9.99,4.5,cat_005008,0.002963541666666667,0.07112500000000001,14.272422719291143,-4.367705304106749,13.587686451185132,True,True,True,True,False,aftershock_0_0p5d,aftershock_0_0p5d,80.0,-8.133110425819485,5.8464201823903315
2025-11-09 08:09:11.810000+00:00,39.337878,143.519564,12.09,4.0,cat_005009,0.003849189814814815,0.09238055555555555,7.346828623948011,1.1934743528546987,-7.249242047665161,True,True,True,True,False,aftershock_0_0p5d,aftershock_0_0p5d,80.0,10.110564908344246,-5.654563199252612
2025-11-09 08:09:47.420000+00:00,39.423771,143.42277,10.38,4.0,cat_005010,0.004261342592592593,0.10227222222222222,7.485237984818459,-7.122592285990024,2.301623786615773,True,True,True,True,False,aftershock_0_0p5d,aftershock_0_0p5d,80.0,-2.481117205888511,-4.303436239913908
2025-11-09 08:10:50.740000+00:00,39.411121,143.440202,11.73,4.1,cat_005011,0.004994212962962963,0.11986111111111111,5.6963140303122515,-5.625562711479494,0.8950079645620256,True,True,True,True,False,aftershock_0_0p5d,aftershock_0_0p5d,80.0,-0.4269817416201178,-4.317332723137587
2025-11-09 08:11:26.280000+00:00,39.565186,143.388509,7.06,5.1,cat_005012,0.005405555555555556,0.12973333333333334,20.641264393804477,-10.055653603123686,18.026254338055487,True,True,True,True,False,aftershock_0_0p5d,aftershock_0_0p5d,80.0,-15.321966849310778,5.23487781993751
2025-11-09 08:12:00.100000+00:00,39.456885,143.390951,8.48,4.5,cat_005013,0.005796990740740741,0.13912777777777777,11.52828102640796,-9.85374256047539,5.983732587523429,True,True,True,True,False,aftershock_0_0p5d,aftershock_0_0p5d,80.0,-6.987246576615545,-3.4596915286331296
2025-11-09 08:14:33.020000+00:00,39.601017,143.507406,8.17,3.5,cat_005014,0.007566898148148148,0.18160555555555555,22.010977918676275,0.14808771919794206,22.01047975465686,True,True,True,True,False,aftershock_0_0p5d,aftershock_0_0p5d,80.0,-10.5471951627304,15.093475310664912
2025-11-09 08:14:52.570000+00:00,39.480794,143.520817,6.13,6.1,cat_005015,0.007793171296296297,0.18703611111111113,8.739497821204722,1.2998501490680217,8.64229208866855,True,True,True,True,False,aftershock_0_0p5d,aftershock_0_0p5d,80.0,-0.6146635327429371,6.072399233652772
2025-11-09 08:17:24.570000+00:00,39.598971,143.511865,8.65,4.0,cat_005016,0.009552430555555555,0.22925833333333334,21.789437959245348,0.53066977108556,21.782974934742096,True,True,True,True,False,aftershock_0_0p5d,aftershock_0_0p5d,80.0,-10.11195407359683,15.186709766960925
2025-11-09 08:17:41.330000+00:00,39.452881,143.458105,9.82,3.9,cat_005017,0.009746412037037038,0.23391388888888892,6.8827372903239326,-4.0861967881325665,5.538508101238405,True,True,True,True,False,aftershock_0_0p5d,aftershock_0_0p5d,80.0,-2.454734006287314,0.13462883536809556
2025-11-09 08:19:57.250000+00:00,39.371798,143.391602,10.84,3.3,cat_005018,0.011319560185185184,0.2716694444444444,10.402294893816137,-9.803809581504465,-3.477510135882303,True,True,True,True,False,aftershock_0_0p5d,aftershock_0_0p5d,80.0,-0.5187674875365715,-10.36450039258692
2025-11-09 08:20:31.580000+00:00,39.349829,143.410221,11.67,3.4,cat_005019,0.011716898148148148,0.28120555555555554,10.117926925320536,-8.204992658690449,-5.920351479336455,True,True,True,True,False,aftershock_0_0p5d,aftershock_0_0p5d,80.0,2.3144552380110626,-11.069155179986964
2025-11-09 08:21:06.560000+00:00,39.538472,143.525179,7.03,3.3,cat_005020,0.01212175925925926,0.2909222222222222,15.148540506670871,1.6737319237365187,15.055793067672928,True,True,True,True,False,aftershock_0_0p5d,aftershock_0_0p5d,80.0,-4.700433316894893,11.030147478575085
2025-11-09 08:22:10.640000+00:00,39.537646,143.443018,9.95,4.0,cat_005021,0.012863425925925927,0.30872222222222223,15.901272358917572,-5.3787380043750375,14.963946058264918,True,True,True,True,False,aftershock_0_0p5d,aftershock_0_0p5d,80.0,-9.810185530919107,6.168439931701284
2025-11-09 08:23:44.550000+00:00,39.617647,143.469466,10.47,2.5,cat_005022,0.013950347222222222,0.3348083333333333,24.06106125528275,-3.106724795173891,23.859651384755793,True,True,True,True,False,aftershock_0_0p5d,aftershock_0_0p5d,80.0,-14.191320452802687,14.23697598694667
2025-11-09 08:25:24.910000+00:00,39.445744,143.41473,14.82,2.8,cat_005023,0.015111921296296297,0.36268611111111115,9.140152980992001,-7.812057358531859,4.744909909776171,True,True,True,True,False,aftershock_0_0p5d,aftershock_0_0p5d,80.0,-4.647735333298641,-2.980267673229714
2025-11-09 08:25:33.870000+00:00,39.454403,143.383626,6.52,2.8,cat_005024,0.015215625000000002,0.365175,11.936193744612556,-10.483052362329508,5.707746779591575,True,True,True,True,False,aftershock_0_0p5d,aftershock_0_0p5d,80.0,-7.261156053815958,-4.089907833713588
2025-11-09 08:26:06.830000+00:00,39.380286,143.597542,7.76,3.4,cat_005025,0.015597106481481481,0.37433055555555556,8.290737624115774,7.8940968681699974,-2.5336875985233074,True,True,True,True,False,aftershock_0_0p5d,aftershock_0_0p5d,80.0,11.819028591060384,2.3589221660807427
2025-11-09 08:26:47.080000+00:00,39.36051,143.412679,12.16,3.1,cat_005026,0.016062962962962963,0.38551111111111114,9.289134218327627,-7.993108504849825,-4.732678467846127,True,True,True,True,False,aftershock_0_0p5d,aftershock_0_0p5d,80.0,1.6624549247972302,-10.054089828179345
2025-11-09 08:27:10.430000+00:00,39.336853,143.591797,9.44,3.3,cat_005027,0.016333217592592594,0.3919972222222222,10.441121203611795,7.402707087077986,-7.363216847476458,True,True,True,True,False,aftershock_0_0p5d,aftershock_0_0p5d,80.0,14.741817771206424,-1.5170448218948873
2025-11-09 08:29:16.130000+00:00,39.367094,143.367773,12.16,2.5,cat_005028,0.017788078703703705,0.4269138888888889,12.509032838813749,-11.85206205363018,-4.000571070817942,True,True,True,True,False,aftershock_0_0p5d,aftershock_0_0p5d,80.0,-1.6653468481114713,-12.140531558171718
2025-11-09 08:29:52.830000+00:00,39.405135,143.535254,11.22,2.7,cat_005029,0.01821284722222222,0.4371083333333333,2.55130216000232,2.5409684461157713,0.22939513366769176,True,True,True,True,False,aftershock_0_0p5d,aftershock_0_0p5d,80.0,6.0147383577005495,0.7462148228654673
2025-11-09 08:30:24.630000+00:00,39.569491,143.393327,10.93,3.4,cat_005030,0.01858090277777778,0.4459416666666667,20.866207605652175,-9.641872819615694,18.504948497260557,True,True,True,True,False,aftershock_0_0p5d,aftershock_0_0p5d,80.0,-15.343926995204479,5.867238782402669
2025-11-09 08:31:03.180000+00:00,39.45778,143.408545,9.13,3.4,cat_005031,0.019027083333333333,0.45665,10.324958077613555,-8.342591118929704,6.083252046870294,True,True,True,True,False,aftershock_0_0p5d,aftershock_0_0p5d,80.0,-5.946641967730201,-2.359407542545502
2025-11-09 08:32:40.550000+00:00,39.58501,143.515967,10.45,2.7,cat_005032,0.020154050925925926,0.4836972222222222,20.24983066755991,0.8827078687327304,20.2305825638572,True,True,True,True,False,aftershock_0_0p5d,aftershock_0_0p5d,80.0,-8.798440116173696,14.287524591910046
2025-11-09 08:34:03.560000+00:00,39.433468,143.476807,15.47,5.9,cat_005033,0.021114814814814815,0.5067555555555556,4.1922740761871475,-2.4802352530619083,3.379880990287573,True,True,True,True,False,aftershock_0_0p5d,aftershock_0_0p5d,80.0,0.19051646420606705,-0.35672989775159447
2025-11-09 08:35:19.340000+00:00,39.469751,143.400326,7.3,4.5,cat_005034,0.021991898148148146,0.5278055555555555,11.697604366154158,-9.047715424503606,7.414366513732599,True,True,True,True,False,aftershock_0_0p5d,aftershock_0_0p5d,80.0,-7.368677613734064,-1.862536702491897
2025-11-09 08:37:52.540000+00:00,39.421175,143.684489,6.04,3.1,cat_005035,0.023765046296296298,0.5703611111111111,15.49264939678854,15.361323297020244,2.0129617570460496,True,True,True,True,False,aftershock_0_0p5d,aftershock_0_0p5d,80.0,14.204533311644708,10.769680641407968
2025-11-09 08:38:06.690000+00:00,39.466646,143.406852,6.58,3.4,cat_005036,0.023928819444444444,0.5742916666666666,11.045775685821395,-8.487457021300866,7.069106266500685,True,True,True,True,False,aftershock_0_0p5d,aftershock_0_0p5d,80.0,-6.723079511412589,-1.7348761880137058
2025-11-09 08:38:35.050000+00:00,39.464608,143.427148,7.5,3.7,cat_005037,0.024257060185185184,0.5821694444444444,9.607711576338518,-6.744512931608675,6.8424910059992,True,True,True,True,False,aftershock_0_0p5d,aftershock_0_0p5d,80.0,-5.2907711130530135,-0.7161999744533196
2025-11-09 08:40:12.130000+00:00,39.46995,143.384277,12.04,3.1,cat_005038,0.025380671296296294,0.6091361111111111,12.806340603353453,-10.425975537660925,7.436494304134304,True,True,True,True,False,aftershock_0_0p5d,aftershock_0_0p5d,80.0,-8.394518593960827,-2.783265143410217
2025-11-09 08:40:49.830000+00:00,39.416125,143.355957,7.86,2.7,cat_005039,0.02581701388888889,0.6196083333333333,12.944663375941099,-12.863036523223661,1.4514273774913489,True,True,True,True,False,aftershock_0_0p5d,aftershock_0_0p5d,80.0,-6.1131122094543535,-8.829377718650646
2025-11-09 08:41:33.150000+00:00,39.321313,143.591976,10.7,3.3,cat_005040,0.026318402777777777,0.6316416666666667,11.734138101812535,7.418919486512892,-9.09118600753227,True,True,True,True,False,aftershock_0_0p5d,aftershock_0_0p5d,80.0,15.928400545842502,-2.7732938334114623
2025-11-09 08:42:34.120000+00:00,39.454594,143.379574,7.11,3.1,cat_005041,0.027024074074074075,0.6485777777777778,12.252879255438684,-10.831058297244637,5.72898501058079,True,True,True,True,False,aftershock_0_0p5d,aftershock_0_0p5d,80.0,-7.530817123134177,-4.310910324391539
2025-11-09 08:44:49.940000+00:00,39.606791,143.432894,11.06,2.6,cat_005042,0.028596064814814814,0.6863055555555555,23.49749239425561,-6.244649463894731,22.65251926110281,True,True,True,True,False,aftershock_0_0p5d,aftershock_0_0p5d,80.0,-15.672012139162069,11.218484423190368
2025-11-09 08:45:27.960000+00:00,39.467428,143.413216,12.16,3.0,cat_005043,0.02903611111111111,0.6968666666666666,10.689551839023247,-7.940865153985699,7.1560606991368365,True,True,True,True,False,aftershock_0_0p5d,aftershock_0_0p5d,80.0,-6.381328656344282,-1.2995256443936978
2025-11-09 08:47:09.980000+00:00,39.467277,143.427572,10.76,3.7,cat_005045,0.030216898148148146,0.7252055555555554,9.79622522475126,-6.707970319658283,7.139270265214024,True,True,True,True,False,aftershock_0_0p5d,aftershock_0_0p5d,80.0,-5.465725098852573,-0.4737038012028869
2025-11-09 08:48:12+00:00,39.592098,143.522314,8.16,2.9,cat_005046,0.030934722222222225,0.7424333333333334,21.06713474396837,1.427259079527826,21.01873220391418,True,True,True,True,False,aftershock_0_0p5d,aftershock_0_0p5d,80.0,-8.93486621625816,15.235735431078263
2025-11-09 08:49:52.390000+00:00,39.363953,143.383415,14.5,5.5,cat_005047,0.03209664351851852,0.7703194444444446,11.372722699748993,-10.50798709031559,-4.349834335408433,True,True,True,True,False,aftershock_0_0p5d,aftershock_0_0p5d,80.0,-0.4421864543658538,-11.482959519400614
2025-11-09 08:54:22.190000+00:00,39.453731,143.423324,11.87,2.2,cat_005048,0.0352193287037037,0.8452638888888888,9.042402935381682,-7.073479142898332,5.633023788886257,True,True,True,True,False,aftershock_0_0p5d,aftershock_0_0p5d,80.0,-4.7098213312551,-1.8268426120601042
2025-11-09 08:54:38.490000+00:00,39.452779,143.401465,13.86,6.6,cat_005049,0.03540798611111111,0.8497916666666666,10.519969081269206,-8.95098917373758,5.527166218720852,True,True,True,True,False,aftershock_0_0p5d,aftershock_0_0p5d,80.0,-6.014799904049971,-3.180829563847152
2025-11-09 08:59:23.020000+00:00,39.48265,143.359391,8.15,3.4,cat_005050,0.038701157407407406,0.9288277777777778,15.36564698825461,-12.562016570890181,8.848669872520464,True,True,True,True,False,aftershock_0_0p5d,aftershock_0_0p5d,80.0,-10.921076430441698,-3.199698367952866
2025-11-09 09:00:19.900000+00:00,39.457552,143.325065,10.74,3.4,cat_005051,0.03935949074074074,0.9446277777777776,16.65332976048389,-15.512426625061044,6.057899603595347,True,True,True,True,False,aftershock_0_0p5d,aftershock_0_0p5d,80.0,-11.187672340456803,-7.252135264738811
2025-11-09 09:00:58.190000+00:00,39.464038,143.43042,9.46,3.5,cat_005052,0.039802662037037036,0.9552638888888889,9.36661980733725,-6.463532313798556,6.779109897812226,True,True,True,True,False,aftershock_0_0p5d,aftershock_0_0p5d,80.0,-5.041616349782942,-0.5716690905571806
2025-11-09 09:01:31.300000+00:00,39.451652,143.447282,10.06,3.7,cat_005053,0.04018587962962963,0.964461111111111,7.3714627346352195,-5.015823947939633,5.4018495363927945,True,True,True,True,False,aftershock_0_0p5d,aftershock_0_0p5d,80.0,-3.0436085975760916,-0.5975657667228302
2025-11-09 09:02:07.080000+00:00,39.570325,143.647803,9.99,4.0,cat_005054,0.040600000000000004,0.9744000000000002,22.24028751210067,12.196591754165482,18.597685066081848,True,True,True,True,False,aftershock_0_0p5d,aftershock_0_0p5d,80.0,0.6090790009287166,20.78128366294498
2025-11-09 09:04:37.670000+00:00,39.484847,143.388704,9.9,3.2,cat_005055,0.042342939814814816,1.0162305555555555,13.549104869249383,-10.044714730580898,9.092965126358832,True,True,True,True,False,aftershock_0_0p5d,aftershock_0_0p5d,80.0,-9.240994253650353,-1.3092453520065528
2025-11-09 09:04:58.930000+00:00,39.492037,143.347786,9.86,3.2,cat_005056,0.04258900462962963,1.0221361111111111,16.783030122659728,-13.557638453733084,9.892456648933361,True,True,True,True,False,aftershock_0_0p5d,aftershock_0_0p5d,80.0,-12.360830682020305,-3.111033474836142
2025-11-09 09:05:18.710000+00:00,39.487919,143.35376,7.31,3.3,cat_005057,0.04281793981481481,1.0276305555555556,16.09920513135241,-13.045063991896427,9.434555941010467,True,True,True,True,False,aftershock_0_0p5d,aftershock_0_0p5d,80.0,-11.673629121577612,-3.0983981050926412
2025-11-09 09:06:07.090000+00:00,39.59351,143.52251,9.49,3.4,cat_005058,0.04337789351851852,1.0410694444444446,21.224920492129353,1.4440619416133464,21.17573944033651,True,True,True,True,False,aftershock_0_0p5d,aftershock_0_0p5d,80.0,-9.02927849277552,15.362305295208918
2025-11-09 09:10:49.640000+00:00,39.473267,143.375114,10.21,5.5,cat_005059,0.04664814814814815,1.1195555555555554,13.66184047726624,-11.212618408487227,7.805327875814604,True,True,True,True,False,aftershock_0_0p5d,aftershock_0_0p5d,80.0,-9.222169566698494,-3.047535983925564
2025-11-09 09:13:01.140000+00:00,39.54078,143.337695,9.09,3.6,cat_005060,0.04817013888888889,1.1560833333333334,21.032816854279538,-14.419057072660108,15.312430958368495,True,True,True,True,False,aftershock_0_0p5d,aftershock_0_0p5d,80.0,-16.677143335193037,0.2783040167736739
2025-11-09 09:13:45.390000+00:00,39.609587,143.536654,9.1,4.1,cat_005061,0.04868229166666666,1.168375,23.116664049962985,2.6573500584413834,22.963420276000605,True,True,True,True,False,aftershock_0_0p5d,aftershock_0_0p5d,80.0,-9.354754050989685,17.498174318731184
2025-11-09 09:14:56.310000+00:00,39.399719,143.460954,11.96,3.2,cat_005062,0.049503124999999995,1.188075,3.8610058427455174,-3.8429623092720644,-0.3728365890396678,True,True,True,True,False,aftershock_0_0p5d,aftershock_0_0p5d,80.0,1.7422494346854838,-4.035321890382202
2025-11-09 09:15:23.860000+00:00,39.458822,143.339469,12.66,4.2,cat_005063,0.049821990740740736,1.1957277777777777,15.563092207934144,-14.275184476847347,6.199117160433726,True,True,True,True,False,aftershock_0_0p5d,aftershock_0_0p5d,80.0,-10.376296122533033,-6.307477038360846
2025-11-09 09:16:59.470000+00:00,39.466219,143.344743,11.1,5.1,cat_005064,0.05092858796296296,1.222286111111111,15.502795386454185,-13.821488411200926,7.021626032824031,True,True,True,True,False,aftershock_0_0p5d,aftershock_0_0p5d,80.0,-10.602712010215184,-5.395831925968465
2025-11-09 09:18:57.990000+00:00,39.424483,143.362435,11.59,3.1,cat_005065,0.052300347222222224,1.2552083333333335,12.53394842763038,-12.305759525949954,2.3807945743867043,True,True,True,True,False,aftershock_0_0p5d,aftershock_0_0p5d,80.0,-6.336206659710609,-7.7689486052157175
2025-11-09 09:20:15.750000+00:00,39.454102,143.322575,13.53,3.7,cat_005066,0.05320034722222222,1.2768083333333333,16.719017801820787,-15.726673837565665,5.674277106671526,True,True,True,True,False,aftershock_0_0p5d,aftershock_0_0p5d,80.0,-11.084007619008077,-7.679126732732055
2025-11-09 09:21:35.680000+00:00,39.458781,143.318424,13.55,5.0,cat_005067,0.05412546296296296,1.2990111111111111,17.234392842842652,-16.08265837323897,6.194558168441748,True,True,True,True,False,aftershock_0_0p5d,aftershock_0_0p5d,80.0,-11.698775003304318,-7.53956156486827
2025-11-09 09:24:04.050000+00:00,39.403414,143.254411,12.13,4.1,cat_005068,0.05584270833333334,1.3402250000000002,21.589073588395564,-21.589047066129442,0.03802866491202652,True,True,True,True,False,aftershock_0_0p5d,aftershock_0_0p5d,80.0,-11.551811944875539,-15.797985980244437
2025-11-09 09:26:21.510000+00:00,39.467521,143.415234,11.65,3.5,cat_005069,0.05743368055555556,1.3784083333333335,10.568451575646858,-7.7675528889524745,7.166401827314743,True,True,True,True,False,aftershock_0_0p5d,aftershock_0_0p5d,80.0,-6.261253682626583,-1.1741219728779386
2025-11-09 09:27:07.280000+00:00,39.558643,143.425944,10.21,3.3,cat_005070,0.057963425925925925,1.3911222222222221,18.60311198645852,-6.843291534331106,17.298705933020067,True,True,True,True,False,aftershock_0_0p5d,aftershock_0_0p5d,80.0,-12.471466214810606,6.885102918341066
2025-11-09 09:27:40.140000+00:00,39.488436,143.298747,14.76,2.9,cat_005071,0.05834374999999999,1.4002499999999998,20.145240856020173,-17.76885338866521,9.49204371808594,True,True,True,True,False,aftershock_0_0p5d,aftershock_0_0p5d,80.0,-15.177076413137305,-6.2675223034795255
2025-11-09 09:28:24.900000+00:00,39.608146,143.555078,10.14,5.9,cat_005072,0.058861805555555556,1.4126833333333333,23.193670452602177,4.2380428494580284,22.803188386705816,True,True,True,True,False,aftershock_0_0p5d,aftershock_0_0p5d,80.0,-8.086566830648138,18.45523499187649
2025-11-09 09:31:14.900000+00:00,39.5962,143.46709,12.43,3.1,cat_005073,0.060829398148148146,1.4599055555555556,21.728609805267713,-3.3110678558927558,21.474853793010507,True,True,True,True,False,aftershock_0_0p5d,aftershock_0_0p5d,80.0,-12.719970886833673,12.349081367329129
2025-11-09 09:32:05.190000+00:00,39.490755,143.357731,11.01,3.0,cat_005074,0.06141145833333333,1.4738749999999998,16.013982758652485,-12.703823549147327,9.749904752974667,True,True,True,True,False,aftershock_0_0p5d,aftershock_0_0p5d,80.0,-11.637745422944727,-2.6351462587420222
2025-11-09 09:33:45.080000+00:00,39.485209,143.332926,9.63,2.7,cat_005075,0.06256759259259259,1.5016222222222222,17.42046833339151,-14.834326175664792,9.133217689803665,True,True,True,True,False,aftershock_0_0p5d,aftershock_0_0p5d,80.0,-12.780997898346529,-4.535756201094197
2025-11-09 09:34:16.490000+00:00,39.618469,143.565023,7.98,3.5,cat_005076,0.06293113425925925,1.510347222222222,24.486118047362528,5.090884159144045,23.951053614457557,True,True,True,True,False,aftershock_0_0p5d,aftershock_0_0p5d,80.0,-8.241435622552304,19.876835687530043
2025-11-09 09:35:17.790000+00:00,39.41381,143.261051,11.05,2.5,cat_005077,0.063640625,1.5273750000000001,21.050854407413524,-21.016971310569847,1.1940111223088672,True,True,True,True,False,aftershock_0_0p5d,aftershock_0_0p5d,80.0,-11.918108770850045,-14.561299784320296
2025-11-09 09:35:47.600000+00:00,39.397575,143.294857,14.66,4.4,cat_005078,0.06398564814814814,1.5356555555555553,18.124987970146268,-18.11468261720527,-0.6112385117649513,True,True,True,True,False,aftershock_0_0p5d,aftershock_0_0p5d,80.0,-8.562378587517896,-13.91223827904587
2025-11-09 09:37:51.040000+00:00,39.407792,143.404541,7.97,3.8,cat_005079,0.06541435185185185,1.5699444444444444,8.705430937527668,-8.689596006508467,0.5248400537622002,True,True,True,True,False,aftershock_0_0p5d,aftershock_0_0p5d,80.0,-2.4224600998374513,-6.671773301516719
2025-11-09 09:39:11.660000+00:00,39.424845,143.655469,13.18,3.0,cat_005080,0.06634745370370371,1.592338888888889,13.093675121993963,12.867902043626174,2.421047137831538,True,True,True,True,False,aftershock_0_0p5d,aftershock_0_0p5d,80.0,12.098469180522159,9.37390949236988
2025-11-09 09:39:20.950000+00:00,39.310413,143.716504,4.49,3.5,cat_005081,0.06645497685185185,1.5949194444444443,20.84971489299264,18.126081358222983,-10.303210707958693,True,True,True,True,False,aftershock_0_0p5d,aftershock_0_0p5d,80.0,24.604843486249955,3.616671512605662
2025-11-09 09:40:26.130000+00:00,39.586719,143.511637,8.32,2.3,cat_005082,0.067209375,1.613025,20.427011056342273,0.5111525363692621,20.42061469349334,True,True,True,True,False,aftershock_0_0p5d,aftershock_0_0p5d,80.0,-9.200119995871598,14.1743042335479
2025-11-09 09:40:48.960000+00:00,39.554598,143.523779,5.81,2.8,cat_005083,0.06747361111111111,1.6193666666666666,16.920377480935098,1.5533803425441433,16.848922454743068,True,True,True,True,False,aftershock_0_0p5d,aftershock_0_0p5d,80.0,-6.0076870824430095,12.263389180079825
2025-11-09 09:42:21.220000+00:00,39.456824,143.440771,8.75,2.4,cat_005084,0.06854143518518518,1.6449944444444444,8.173301737102902,-5.574849042738219,5.976949696997854,True,True,True,True,False,aftershock_0_0p5d,aftershock_0_0p5d,80.0,-3.844549957458394,-0.5558262246503052
2025-11-09 09:43:22.180000+00:00,39.423726,143.484131,8.07,2.8,cat_005085,0.06924699074074074,1.6619277777777777,2.9498279826261986,-1.8512216946526907,2.29662001491676,True,True,True,True,False,aftershock_0_0p5d,aftershock_0_0p5d,80.0,1.3882398835741623,-0.7235691106516704
2025-11-09 09:44:30.620000+00:00,39.405542,143.240039,11.56,2.4,cat_005086,0.07003912037037037,1.680938888888889,22.825186178686277,-22.823541944818448,0.2746514688115385,True,True,True,True,False,aftershock_0_0p5d,aftershock_0_0p5d,80.0,-12.61803346423932,-16.463673315620618
2025-11-09 09:45:21.450000+00:00,39.542415,143.344482,11.21,2.2,cat_005087,0.07062743055555555,1.6950583333333333,20.772938912215483,-13.836329738265023,15.494234663432378,True,True,True,True,False,aftershock_0_0p5d,aftershock_0_0p5d,80.0,-16.373370791663923,0.8077810939205581
2025-11-09 09:45:58.680000+00:00,39.467118,143.423763,11.83,3.5,cat_005088,0.07105833333333333,1.7054,10.010476129803601,-7.035097963591034,7.121590271877142,True,True,True,True,False,aftershock_0_0p5d,aftershock_0_0p5d,80.0,-5.6936172525397755,-0.7090551213121932
2025-11-09 09:48:25.080000+00:00,39.298877,143.722217,9.32,1.9,cat_005089,0.07275277777777778,1.7460666666666667,21.929292605888914,18.618806788256276,-11.58595538173027,True,True,True,True,False,aftershock_0_0p5d,aftershock_0_0p5d,80.0,25.838226197992,3.0108833203580083
2025-11-09 09:48:44.390000+00:00,39.487553,143.35415,12.18,2.4,cat_005090,0.07297627314814814,1.7514305555555554,16.0482532623288,-13.011609670139432,9.3938585978586,True,True,True,True,False,aftershock_0_0p5d,aftershock_0_0p5d,80.0,-11.62142764161779,-3.1055023906897903
2025-11-09 09:49:21.990000+00:00,39.490019,143.353613,8.41,2.2,cat_005091,0.07341145833333333,1.7618749999999999,16.247134647264946,-13.05748970599268,9.668065286963891,True,True,True,True,False,aftershock_0_0p5d,aftershock_0_0p5d,80.0,-11.841484252170234,-2.9355924904716124
2025-11-09 09:50:36.720000+00:00,39.460152,143.552734,14.6,3.4,cat_005092,0.07427638888888888,1.782633333333333,7.52436616286869,4.041237460130171,6.347006412871316,True,True,True,True,False,aftershock_0_0p5d,aftershock_0_0p5d,80.0,2.9561956394383238,6.252692037783935
2025-11-09 09:52:44.970000+00:00,39.390658,143.4486,14.11,5.2,cat_005093,0.07576076388888889,1.8182583333333333,5.095307069601658,-4.904765370370001,-1.380373819365519,True,True,True,True,False,aftershock_0_0p5d,aftershock_0_0p5d,80.0,1.648471816654495,-5.496062377055337
2025-11-09 09:54:01.330000+00:00,39.358272,143.294189,10.94,3.7,cat_005094,0.07664456018518519,1.8394694444444446,18.847440185552202,-18.177198223356616,-4.981532713676473,True,True,True,True,False,aftershock_0_0p5d,aftershock_0_0p5d,80.0,-5.637251731270306,-17.1598547106974
2025-11-09 09:54:19.610000+00:00,39.437882,143.325391,9.89,4.0,cat_005095,0.07685613425925926,1.8445472222222223,15.962999764754478,-15.486612953282734,3.870695396497115,True,True,True,True,False,aftershock_0_0p5d,aftershock_0_0p5d,80.0,-9.681854982063344,-8.838654307284418
2025-11-09 09:55:25.570000+00:00,39.448376,143.434554,10.48,3.2,cat_005096,0.07761956018518519,1.8628694444444447,7.918284599240819,-6.109179762532632,5.037574956705263,True,True,True,True,False,aftershock_0_0p5d,aftershock_0_0p5d,80.0,-3.597823761887083,-1.6079956051374475
2025-11-09 09:58:16.350000+00:00,39.453817,143.316732,15.15,3.9,cat_005098,0.07959618055555555,1.910308333333333,17.181520493603,-16.228555446440126,5.642586552578039,True,True,True,True,False,aftershock_0_0p5d,aftershock_0_0p5d,80.0,-11.430537549195005,-8.043552922830697
2025-11-09 10:00:04.480000+00:00,39.561381,143.559391,6.91,2.2,cat_005099,0.08084768518518519,1.9403444444444444,18.19669556908392,4.609621712135107,17.60315764217296,True,True,True,True,False,aftershock_0_0p5d,aftershock_0_0p5d,80.0,-4.2790164630925585,14.894202726675475
2025-11-09 10:02:02.940000+00:00,39.443998,143.335547,13.95,2.2,cat_005100,0.08221875,1.9732499999999997,15.305756296553515,-14.613583322733465,4.550763567855089,True,True,True,True,False,aftershock_0_0p5d,aftershock_0_0p5d,80.0,-9.503904234884379,-7.7464057160335
2025-11-09 10:03:56.710000+00:00,39.388619,143.289958,13.62,3.7,cat_005101,0.08353553240740741,2.004852777777778,18.60634354669844,-18.536812506467545,-1.6071002747941585,True,True,True,True,False,aftershock_0_0p5d,aftershock_0_0p5d,80.0,-8.194965232905634,-14.929559133705197
2025-11-09 10:04:29.810000+00:00,39.420516,143.439258,9.51,4.0,cat_005102,0.08391863425925926,2.014047222222222,6.026942096509733,-5.7062823344545235,1.9396843003874127,True,True,True,True,False,aftershock_0_0p5d,aftershock_0_0p5d,80.0,-1.1963631622021564,-3.606054624339409
2025-11-09 10:06:22.540000+00:00,39.412451,143.299056,12.66,2.0,cat_005103,0.08522337962962963,2.045361111111111,17.782599696607516,-17.751995863439124,1.0428972169988255,True,True,True,True,False,aftershock_0_0p5d,aftershock_0_0p5d,80.0,-9.420888796567404,-12.452557864883897
2025-11-09 10:07:14.900000+00:00,39.426192,143.432585,11.2,2.3,cat_005104,0.08582939814814815,2.0599055555555554,6.7851873139156,-6.279300973657718,2.570826704022053,True,True,True,True,False,aftershock_0_0p5d,aftershock_0_0p5d,80.0,-2.0456653529359157,-3.5327273895979507
2025-11-09 10:07:37.760000+00:00,39.46436,143.605078,4.75,2.8,cat_005105,0.08609398148148148,2.0662555555555553,10.923172954644828,8.536549299198192,6.814914664191445,True,True,True,True,False,aftershock_0_0p5d,aftershock_0_0p5d,80.0,5.934910314578314,9.651813328091805
2025-11-09 10:08:58.580000+00:00,39.467896,143.367334,12.71,3.1,cat_005106,0.08702939814814815,2.088705555555556,13.896745495224197,-11.88119960781309,7.208099924807048,True,True,True,True,False,aftershock_0_0p5d,aftershock_0_0p5d,80.0,-9.306496171614466,-3.9400442859934133
2025-11-09 10:09:38.020000+00:00,39.576343,143.256624,9.64,3.0,cat_005107,0.08748587962962963,2.099661111111111,28.774778282502442,-21.37235288980324,19.266856134629307,True,True,True,True,False,aftershock_0_0p5d,aftershock_0_0p5d,80.0,-24.464863729380923,-1.5484998197932547
2025-11-09 10:10:00.460000+00:00,39.582536,143.446289,10.64,3.2,cat_005108,0.08774560185185186,2.1058944444444445,20.595966553050104,-5.096319222153631,19.95548631533863,True,True,True,True,False,aftershock_0_0p5d,aftershock_0_0p5d,80.0,-12.996368256750083,10.02116288360883
2025-11-09 10:11:22.430000+00:00,39.416366,143.300488,12.89,3.6,cat_005109,0.0886943287037037,2.1286638888888887,17.69033683536989,-17.628471437902807,1.4782253548121866,True,True,True,True,False,aftershock_0_0p5d,aftershock_0_0p5d,80.0,-9.626238518851,-12.049320511909032
2025-11-09 10:13:39.220000+00:00,39.501595,143.278646,11.91,2.4,cat_005110,0.0902775462962963,2.166661111111111,22.360583441035214,-19.493037318166756,10.955257757801876,True,True,True,True,False,aftershock_0_0p5d,aftershock_0_0p5d,80.0,-17.43628006601154,-6.366539491951709
2025-11-09 10:16:04.800000+00:00,39.466724,143.370247,11.24,2.6,cat_005111,0.0919625,2.2071,13.615360240291878,-11.631128053533216,7.077779470779186,True,True,True,True,False,aftershock_0_0p5d,aftershock_0_0p5d,80.0,-9.034503600609211,-3.8656181862975965
2025-11-09 10:16:22.720000+00:00,39.395573,143.267676,13.77,2.6,cat_005112,0.09216990740740741,2.212077777777778,20.467453706374044,-20.450466943937005,-0.8338507549078582,True,True,True,True,False,aftershock_0_0p5d,aftershock_0_0p5d,80.0,-10.124078505625357,-15.663391612590907
2025-11-09 10:17:31.210000+00:00,39.442228,143.318717,13.7,2.9,cat_005113,0.09296261574074074,2.231102777777778,16.63914379369562,-16.05940101330328,4.3539485476941655,True,True,True,True,False,aftershock_0_0p5d,aftershock_0_0p5d,80.0,-10.43045129703022,-8.873630400004926
2025-11-09 10:19:16.650000+00:00,39.449325,143.308577,12.25,2.9,cat_005114,0.0941829861111111,2.2603916666666666,17.69350596051181,-16.929525911176118,5.143098942090786,True,True,True,True,False,aftershock_0_0p5d,aftershock_0_0p5d,80.0,-11.605063004612026,-8.8863983006278
2025-11-09 10:21:31.040000+00:00,39.405078,143.446696,11.98,2.5,cat_005115,0.09573842592592592,2.297722222222222,5.072754613946466,-5.067848247509845,0.22305702284915233,True,True,True,True,False,aftershock_0_0p5d,aftershock_0_0p5d,80.0,0.4388386653482095,-4.430992365346114
2025-11-09 10:21:48.260000+00:00,39.628654,143.53501,8.48,3.3,cat_005116,0.09593773148148149,2.302505555555556,25.209437076952504,2.515961235298373,25.083573942332375,True,True,True,True,False,aftershock_0_0p5d,aftershock_0_0p5d,80.0,-10.899751031186844,18.956950072351827
2025-11-09 10:22:34.680000+00:00,39.405924,143.216585,11.14,2.5,cat_005117,0.096475,2.3154000000000003,24.840625983551185,-24.838612218754275,0.31712793078996904,True,True,True,True,False,aftershock_0_0p5d,aftershock_0_0p5d,80.0,-14.124736090245749,-17.80238898950636
2025-11-09 10:23:30.810000+00:00,39.562655,143.547363,11.68,2.7,cat_005118,0.09712465277777778,2.330991666666667,18.10181716894344,3.5773138087865415,17.744819978718375,True,True,True,True,False,aftershock_0_0p5d,aftershock_0_0p5d,80.0,-5.132401461863369,14.296321577295132
2025-11-09 10:24:04.560000+00:00,39.495475,143.344743,11.53,2.8,cat_005119,0.09751527777777777,2.3403666666666663,17.2198583021362,-13.818585862755059,10.274744806736866,True,True,True,True,False,aftershock_0_0p5d,aftershock_0_0p5d,80.0,-12.81208993528375,-3.0080632256561093
2025-11-09 10:25:04.180000+00:00,39.570182,143.522184,11.18,4.6,cat_005120,0.09820532407407408,2.356927777777778,18.63568308065399,1.4163278095865937,18.581784191572318,True,True,True,True,False,aftershock_0_0p5d,aftershock_0_0p5d,80.0,-7.286218487094446,13.441077866905417
2025-11-09 10:27:49.230000+00:00,39.324264,143.721419,24.5,2.5,cat_005121,0.100115625,2.402775,20.512807730401114,18.546820934078116,-8.76304977900463,True,True,True,True,False,aftershock_0_0p5d,aftershock_0_0p5d,80.0,23.86638981791242,5.032229232194035
2025-11-09 10:28:52.820000+00:00,39.433061,143.333724,6.86,2.0,cat_005122,0.10085162037037038,2.420438888888889,15.14304450371058,-14.771328862370776,3.3346246551437266,True,True,True,True,False,aftershock_0_0p5d,aftershock_0_0p5d,80.0,-8.79284791873051,-8.745543557146492
2025-11-09 10:31:44.990000+00:00,39.359151,143.378809,13.75,2.9,cat_005124,0.1028443287037037,2.468263888888889,11.947947361942715,-10.904221905732447,-4.883792373156169,True,True,True,True,False,aftershock_0_0p5d,aftershock_0_0p5d,80.0,-0.36978931663298553,-12.143922354567563
2025-11-09 10:32:45.230000+00:00,39.450505,143.405892,11.86,3.5,cat_005125,0.10354155092592593,2.4849972222222223,10.063725233681257,-8.570895566640546,5.274308955531139,True,True,True,True,False,aftershock_0_0p5d,aftershock_0_0p5d,80.0,-5.564148933163757,-3.1078799364105363
2025-11-09 10:35:14.140000+00:00,39.441756,143.340007,12.97,2.1,cat_005126,0.1052650462962963,2.526361111111111,14.866604061198482,-14.230720266180928,4.301464542317708,True,True,True,True,False,aftershock_0_0p5d,aftershock_0_0p5d,80.0,-9.053641115198541,-7.668963820024833
2025-11-09 10:35:43.810000+00:00,39.578866,143.634294,9.19,2.2,cat_005127,0.10560844907407407,2.5346027777777778,22.44788032573472,11.03660992949165,19.547400934553142,True,True,True,True,False,aftershock_0_0p5d,aftershock_0_0p5d,80.0,-0.887264262472983,20.689224429447382
2025-11-09 10:36:48.800000+00:00,39.241781,143.609473,9.01,2.8,cat_005129,0.10636064814814815,2.5526555555555555,20.03417007656721,8.928225265170306,-17.93474091342736,True,True,True,True,False,aftershock_0_0p5d,aftershock_0_0p5d,80.0,23.047253793440802,-8.233000395693804
2025-11-09 10:37:24.750000+00:00,39.21606,143.644336,10.51,2.9,cat_005130,0.10677673611111112,2.562641666666667,23.973554213524473,11.929316865728348,-20.794785621652533,True,True,True,True,False,aftershock_0_0p5d,aftershock_0_0p5d,80.0,27.192506277447634,-8.290344722545072
2025-11-09 10:37:39.270000+00:00,39.572957,143.645719,8.09,2.7,cat_005131,0.10694479166666668,2.566675,22.388965958642494,12.017521362528251,18.890350113010943,True,True,True,True,False,aftershock_0_0p5d,aftershock_0_0p5d,80.0,0.2787940959611914,20.87418638844705
2025-11-09 10:39:21.440000+00:00,39.202181,143.64266,8.33,2.3,cat_005132,0.10812731481481483,2.5950555555555557,25.256783396137944,11.78629023526354,-22.338060008551892,True,True,True,True,False,aftershock_0_0p5d,aftershock_0_0p5d,80.0,28.13674761572159,-9.519393438168795
2025-11-09 10:40:19.510000+00:00,39.634696,143.555908,11.39,3.1,cat_005133,0.1087994212962963,2.6111861111111114,26.11328803915883,4.308428400816323,25.755413689118882,True,True,True,True,False,aftershock_0_0p5d,aftershock_0_0p5d,80.0,-10.041902832773872,20.66820798783439
2025-11-09 10:42:54+00:00,39.492692,143.339665,12.69,2.4,cat_005134,0.1105875,2.6541,17.39277280174246,-14.254884683936247,9.965289325884962,True,True,True,True,False,aftershock_0_0p5d,aftershock_0_0p5d,80.0,-12.921694579991938,-3.5316147301442244
2025-11-09 10:43:33.630000+00:00,39.473669,143.644613,9.79,2.3,cat_005135,0.11104618055555555,2.6651083333333334,14.281961095987565,11.931116969798023,7.850028236325842,True,True,True,True,False,aftershock_0_0p5d,aftershock_0_0p5d,80.0,7.720760821385035,12.71861748630546
2025-11-09 10:45:43.270000+00:00,39.363721,143.405664,12.18,2.8,cat_005137,0.11254664351851852,2.7011194444444446,9.645431470464114,-8.595825326680018,-4.375631558390417,True,True,True,True,False,aftershock_0_0p5d,aftershock_0_0p5d,80.0,0.977705658592972,-10.201969865039267
2025-11-09 10:47:43.780000+00:00,39.437154,143.667692,12.68,2.2,cat_005138,0.1139414351851852,2.7345944444444448,14.423487709191807,13.916712835302226,3.7897454898996226,True,True,True,True,False,aftershock_0_0p5d,aftershock_0_0p5d,80.0,11.937197055137243,11.090688615397612
2025-11-09 10:49:14.420000+00:00,39.493363,143.348568,7.47,4.2,cat_005139,0.11499050925925926,2.7597722222222223,16.816341886954987,-13.490363231656618,10.039901121663915,True,True,True,True,False,aftershock_0_0p5d,aftershock_0_0p5d,80.0,-12.41172630417221,-2.9571651425191927
2025-11-09 10:50:21.560000+00:00,39.470723,143.330241,9.59,3.0,cat_005140,0.11576759259259259,2.778422222222222,16.839984362735635,-15.066452838939384,7.52244798243081,True,True,True,True,False,aftershock_0_0p5d,aftershock_0_0p5d,80.0,-11.856217303827362,-5.87487631893046
2025-11-09 10:51:39.990000+00:00,39.592257,143.395068,10.73,3.3,cat_005141,0.11667534722222223,2.8002083333333334,23.078296192260485,-9.490910228854005,21.036412197250268,True,True,True,True,False,aftershock_0_0p5d,aftershock_0_0p5d,80.0,-16.95413037687085,7.826407799574301
2025-11-09 10:51:59.470000+00:00,39.583293,143.396745,9.43,3.5,cat_005142,0.11690081018518518,2.8056194444444444,22.11257068089131,-9.347620211691257,20.039660874808572,True,True,True,True,False,aftershock_0_0p5d,aftershock_0_0p5d,80.0,-16.171440594484046,7.192813345404233
2025-11-09 10:52:47.140000+00:00,39.420382,143.66097,5.92,3.2,cat_005143,0.1174525462962963,2.818861111111111,13.479036664675785,13.340902641120172,1.9247841802167367,True,True,True,True,False,aftershock_0_0p5d,aftershock_0_0p5d,80.0,12.782726864731169,9.331507724350265
2025-11-09 10:53:28.630000+00:00,39.405831,143.336361,7.02,2.3,cat_005144,0.11793275462962963,2.8303861111111113,14.550878555552297,-14.54764622826092,0.30678680261206104,True,True,True,True,False,aftershock_0_0p5d,aftershock_0_0p5d,80.0,-6.5704438279875355,-10.814058976348093
2025-11-09 10:54:31.400000+00:00,39.597355,143.508708,10.24,3.6,cat_005145,0.11865925925925926,2.8478222222222223,21.604846089259375,0.25980383948596447,21.603283933284654,True,True,True,True,False,aftershock_0_0p5d,aftershock_0_0p5d,80.0,-10.188447710459618,14.870788997739274
2025-11-09 10:56:30.610000+00:00,39.364901,143.376383,12.5,2.5,cat_005146,0.12003900462962964,2.8809361111111116,11.895279579107147,-11.11227235595842,-4.244421544949273,True,True,True,True,False,aftershock_0_0p5d,aftershock_0_0p5d,80.0,-0.9570223016706461,-11.816451032029299
2025-11-09 10:57:33.630000+00:00,39.356718,143.778223,20.09,1.7,cat_005147,0.12076840277777777,2.8984416666666664,23.985107969399277,23.424747539371438,-5.154329629681975,True,True,True,True,False,aftershock_0_0p5d,aftershock_0_0p5d,80.0,24.990550103706333,10.994887425869026
2025-11-09 10:58:41.920000+00:00,39.489579,143.516195,8.74,1.9,cat_005148,0.1215587962962963,2.9174111111111114,9.661421061339805,0.9028910810088718,9.619139519240559,True,True,True,True,False,aftershock_0_0p5d,aftershock_0_0p5d,80.0,-1.569860049263804,6.518949364271862
2025-11-09 10:59:22.890000+00:00,39.477226,143.635286,9.91,2.1,cat_005149,0.1220329861111111,2.9287916666666662,13.851454271156415,11.129860177777934,8.245548590400615,True,True,True,True,False,aftershock_0_0p5d,aftershock_0_0p5d,80.0,6.864250212705027,12.463983681667585
2025-11-09 11:01:29.480000+00:00,39.460986,143.336458,15.27,3.4,cat_005150,0.12349814814814815,2.9639555555555557,15.896369924731582,-14.533561281629762,6.439742981692606,True,True,True,True,False,aftershock_0_0p5d,aftershock_0_0p5d,80.0,-10.729366482956474,-6.306652601254991
2025-11-09 11:05:14.580000+00:00,39.549817,143.482503,11.72,2.7,cat_005151,0.12610347222222223,3.0264833333333336,16.438110648727093,-1.9892775003281684,16.317299510455292,True,True,True,True,False,aftershock_0_0p5d,aftershock_0_0p5d,80.0,-8.244423593049971,9.465165220373295
2025-11-09 11:07:15.890000+00:00,39.399613,143.406055,9.29,1.6,cat_005152,0.12750752314814814,3.0601805555555552,8.5686552780148,-8.560019026465502,-0.3846232512634658,True,True,True,True,False,aftershock_0_0p5d,aftershock_0_0p5d,80.0,-1.7091666556218978,-7.250674121506098
2025-11-09 11:07:35.150000+00:00,39.491744,143.350342,9.61,2.2,cat_005153,0.1277304398148148,3.065530555555555,16.586875672528883,-13.338194439350264,9.859876535425803,True,True,True,True,False,aftershock_0_0p5d,aftershock_0_0p5d,80.0,-12.177744934658042,-2.985746810113138
2025-11-09 11:09:31.540000+00:00,39.435181,143.299365,11.6,2.1,cat_005154,0.12907754629629628,3.0978611111111105,18.078617058052025,-17.72255909635855,3.570357899629957,True,True,True,True,False,aftershock_0_0p5d,aftershock_0_0p5d,80.0,-11.117496359972902,-10.578939226713995
2025-11-09 11:11:09.620000+00:00,39.354537,143.615055,13.16,2.0,cat_005155,0.13021273148148146,3.125105555555555,10.839784466405982,9.400798361740181,-5.396845764693781,True,True,True,True,False,aftershock_0_0p5d,aftershock_0_0p5d,80.0,14.870431132943631,1.2833913191852415
2025-11-09 11:11:26.180000+00:00,39.279061,143.60485,12.08,4.9,cat_005156,0.13040439814814817,3.1297055555555557,16.21354093198893,8.528283195406646,-13.789394048118705,True,True,True,True,False,aftershock_0_0p5d,aftershock_0_0p5d,80.0,19.93588814051663,-5.464741363974615
2025-11-09 11:15:10.640000+00:00,39.57804,143.508008,8.9,3.1,cat_005157,0.1330023148148148,3.192055555555555,19.45657952969732,0.19977125767653423,19.45555392514513,True,True,True,True,False,aftershock_0_0p5d,aftershock_0_0p5d,80.0,-8.772423894604735,13.25486057987124
2025-11-09 11:18:19.760000+00:00,39.224992,143.609977,11.87,2.9,cat_005158,0.13519120370370372,3.244588888888889,21.739627727315618,8.972655729828167,-19.80159253686317,True,True,True,True,False,aftershock_0_0p5d,aftershock_0_0p5d,80.0,24.34894519035862,-9.571921064480703
2025-11-09 11:25:45.690000+00:00,39.445028,143.433415,9.98,2.0,cat_005162,0.14035243055555557,3.3684583333333338,7.764908397826064,-6.2071602523783955,4.665294342298994,True,True,True,True,False,aftershock_0_0p5d,aftershock_0_0p5d,80.0,-3.4166008586434433,-1.9476296605457226
2025-11-09 11:30:09.120000+00:00,39.622636,143.567367,9.19,2.9,cat_005164,0.14340138888888887,3.441633333333333,24.98131758822072,5.291811225777012,24.414402873785708,True,True,True,True,False,aftershock_0_0p5d,aftershock_0_0p5d,80.0,-8.409068314843928,20.35324255429493
2025-11-09 11:31:50.340000+00:00,39.486723,143.328483,14.88,3.6,cat_005165,0.14457291666666666,3.46975,17.833559750118145,-15.215679655594034,9.301566808743553,True,True,True,True,False,aftershock_0_0p5d,aftershock_0_0p5d,80.0,-13.17512325980699,-4.671539491508156
2025-11-09 11:33:23+00:00,39.225395,143.295622,11.27,2.3,cat_005166,0.14564537037037037,3.4954888888888886,26.774950729566605,-18.07120712237099,-19.756780981425567,True,True,True,True,False,aftershock_0_0p5d,aftershock_0_0p5d,80.0,4.4848602145274565,-27.923778030930084
2025-11-09 11:34:54.560000+00:00,39.365011,143.736475,16.96,2.4,cat_005167,0.1467050925925926,3.5209222222222225,20.281848979707043,19.835378062303867,-4.23219010301844,True,True,True,True,False,aftershock_0_0p5d,aftershock_0_0p5d,80.0,21.7312718532066,9.231079092926086
2025-11-09 11:37:39.070000+00:00,39.423474,143.294417,12.89,3.1,cat_005168,0.1486091435185185,3.566619444444444,18.290349482246015,-18.149118551947442,2.26859889340197,True,True,True,True,False,aftershock_0_0p5d,aftershock_0_0p5d,80.0,-10.545379216719102,-11.823612458467245
2025-11-09 11:38:51.190000+00:00,39.420951,143.654378,3.04,2.3,cat_005169,0.14944386574074076,3.586652777777778,12.928304111179571,12.774534396230832,1.9880540934781374,True,True,True,True,False,aftershock_0_0p5d,aftershock_0_0p5d,80.0,12.324348073748935,8.992885582840291
2025-11-09 11:40:24.920000+00:00,39.256779,143.611637,10.45,2.5,cat_005170,0.15052870370370372,3.612688888888889,18.645921294442196,9.113394288961235,-16.267039403612433,True,True,True,True,False,aftershock_0_0p5d,aftershock_0_0p5d,80.0,22.049332191772926,-6.884049555175408
2025-11-09 11:42:21.990000+00:00,39.39681,143.437337,9.02,1.9,cat_005171,0.15188368055555557,3.6452083333333336,5.913449920813362,-5.872312522640321,-0.6963026306481763,True,True,True,True,False,aftershock_0_0p5d,aftershock_0_0p5d,80.0,0.47384590147997807,-5.652122757998081
2025-11-09 11:43:07.110000+00:00,39.33162,143.673258,9.65,1.7,cat_005172,0.1524059027777778,3.6577416666666673,16.451420023775086,14.405719319996262,-7.945099898607093,True,True,True,True,False,aftershock_0_0p5d,aftershock_0_0p5d,80.0,20.273307596053655,2.8169358584044204
2025-11-09 11:44:07.040000+00:00,39.378634,143.826286,26.31,2.2,cat_005174,0.15309953703703702,3.6743888888888883,27.685046823267495,27.551379043367227,-2.717381617340117,True,True,True,True,False,aftershock_0_0p5d,aftershock_0_0p5d,80.0,26.360304050993193,15.587444154807661
2025-11-09 11:45:30.200000+00:00,39.409766,143.731494,21.29,3.2,cat_005175,0.15406203703703703,3.6974888888888886,19.415336708231155,19.40106844555015,0.7443388389582293,True,True,True,True,False,aftershock_0_0p5d,aftershock_0_0p5d,80.0,18.02965458782842,12.585552937538738
2025-11-09 11:49:24.380000+00:00,39.388993,143.439144,13.54,2.1,cat_005176,0.15677245370370368,3.7625388888888884,5.927826458552162,-5.7173679592215345,-1.5655133722290087,True,True,True,True,False,aftershock_0_0p5d,aftershock_0_0p5d,80.0,1.1783794614953687,-6.1842576974867205
2025-11-09 11:54:06.130000+00:00,39.437716,143.314583,9.97,1.6,cat_005177,0.16003344907407407,3.840802777777778,16.86098204299416,-16.415026982113023,3.8522370386741063,True,True,True,True,False,aftershock_0_0p5d,aftershock_0_0p5d,80.0,-10.350193704685962,-9.483337696046359
2025-11-09 11:54:26.890000+00:00,39.455485,143.306348,14.09,2.5,cat_005178,0.16027372685185184,3.8465694444444445,18.0850241425869,-17.12022195052698,5.8280596902214095,True,True,True,True,False,aftershock_0_0p5d,aftershock_0_0p5d,80.0,-12.210561026392421,-8.513694193427737
2025-11-09 11:55:49.140000+00:00,39.460588,143.401221,7.55,2.0,cat_005179,0.16122569444444443,3.869416666666666,11.017668915203345,-8.971443512335838,6.395487400888404,True,True,True,True,False,aftershock_0_0p5d,aftershock_0_0p5d,80.0,-6.6200953285412005,-2.5579190530526015
2025-11-09 11:57:36.260000+00:00,39.426628,143.7396,16.69,2.7,cat_005181,0.16246550925925926,3.899172222222222,20.265057603948677,20.095074775675535,2.6193076920391416,True,True,True,True,False,aftershock_0_0p5d,aftershock_0_0p5d,80.0,17.264005065638898,14.432424290786875
2025-11-09 11:59:09.610000+00:00,39.558423,143.432048,10.12,2.2,cat_005182,0.16354594907407408,3.925102777777778,18.393873626509613,-6.319429607292522,17.2742430491584,True,True,True,True,False,aftershock_0_0p5d,aftershock_0_0p5d,80.0,-12.070642464947499,7.223289365191154
2025-11-09 11:59:52.890000+00:00,39.22865,143.665674,13.7,2.3,cat_005183,0.164046875,3.937125,23.782437835991296,13.763900715119338,-19.39484149519721,True,True,True,True,False,aftershock_0_0p5d,aftershock_0_0p5d,80.0,27.586268789851566,-6.016473015199128
2025-11-09 12:05:44.370000+00:00,39.491117,143.349414,8.23,1.9,cat_005185,0.16811493055555554,4.034758333333333,16.60987934785496,-13.417938146550043,9.79015731642029,True,True,True,True,False,aftershock_0_0p5d,aftershock_0_0p5d,80.0,-12.188832038256349,-3.0910886558844335
2025-11-09 12:06:17.380000+00:00,39.260543,143.62443,12.02,3.3,cat_005186,0.16849699074074073,4.043927777777777,18.854425874683255,10.213449274768431,-15.848501699722672,True,True,True,True,False,aftershock_0_0p5d,aftershock_0_0p5d,80.0,22.571571761950423,-5.829269666896624
2025-11-09 12:06:29.880000+00:00,39.567957,143.263688,9.94,3.6,cat_005187,0.16864166666666666,4.0474,27.70259647467886,-20.767418959586895,18.334375479787862,True,True,True,True,False,aftershock_0_0p5d,aftershock_0_0p5d,80.0,-23.38730215243416,-1.8211282839501197
2025-11-09 12:09:46.520000+00:00,39.325195,143.601188,13.79,2.6,cat_005189,0.1709175925925926,4.102022222222223,11.933238896839939,8.210652536960598,-8.659527302298397,True,True,True,True,False,aftershock_0_0p5d,aftershock_0_0p5d,80.0,16.21560096587175,-1.918491879909695
2025-11-09 12:11:15.510000+00:00,39.413281,143.416243,13.28,3.2,cat_005190,0.17194756944444445,4.126741666666667,7.767289960668466,-7.683888635174829,1.1351890061138707,True,True,True,True,False,aftershock_0_0p5d,aftershock_0_0p5d,80.0,-2.099809295324527,-5.540460074006866
2025-11-09 12:12:56.180000+00:00,39.399084,143.640609,11.07,2.1,cat_005191,0.17311273148148149,4.154705555555555,11.601943989999151,11.593467373669002,-0.4434453674584623,True,True,True,True,False,aftershock_0_0p5d,aftershock_0_0p5d,80.0,13.111129288568321,6.406752511955234
2025-11-09 12:14:07.120000+00:00,39.562264,143.658252,8.99,2.4,cat_005192,0.1739337962962963,4.174411111111111,22.017979296492143,13.09405409111979,17.701342762400298,True,True,True,True,False,aftershock_0_0p5d,aftershock_0_0p5d,80.0,1.8766098969020883,20.734022692011457
2025-11-09 12:15:47.400000+00:00,39.198966,143.450765,13.88,4.5,cat_005193,0.17509444444444444,4.202266666666667,23.182225643783646,-4.7252080050362055,-22.695551697714638,True,True,True,True,False,aftershock_0_0p5d,aftershock_0_0p5d,80.0,16.27045379125623,-21.006274882612157
2025-11-09 12:20:45+00:00,39.377922,143.44235,13.12,2.0,cat_005194,0.17853888888888889,4.284933333333333,6.118779103451481,-5.442311550642006,-2.796552405111048,True,True,True,True,False,aftershock_0_0p5d,aftershock_0_0p5d,80.0,2.2169764349339856,-6.900099478290245
2025-11-09 12:22:00.940000+00:00,39.475244,143.418262,13.94,2.5,cat_005195,0.17941782407407408,4.3060277777777785,10.989066220412138,-7.507090409394508,8.025160245791303,True,True,True,True,False,aftershock_0_0p5d,aftershock_0_0p5d,80.0,-6.654027447699459,-0.36725426746872825
2025-11-09 12:23:03.200000+00:00,39.413416,143.449495,12.06,1.9,cat_005196,0.1801384259259259,4.323322222222222,4.962215916315951,-4.827072297490546,1.1502003212109104,True,True,True,True,False,aftershock_0_0p5d,aftershock_0_0p5d,80.0,-0.014861755655916298,-3.587355191090798
2025-11-09 12:24:35.090000+00:00,39.57172,143.26307,11.09,2.1,cat_005197,0.1812019675925926,4.348847222222222,28.020247211055374,-20.81989153755557,18.752801988751262,True,True,True,True,False,aftershock_0_0p5d,aftershock_0_0p5d,80.0,-23.710235899225417,-1.5499311047145379
2025-11-09 12:26:11.340000+00:00,39.401611,143.410693,9.32,1.6,cat_005198,0.18231597222222223,4.375583333333333,8.163010379198578,-8.161394043032576,-0.1624557878275943,True,True,True,True,False,aftershock_0_0p5d,aftershock_0_0p5d,80.0,-1.5678521465934558,-6.816749624888909
2025-11-09 12:28:18.780000+00:00,39.60887,143.562142,8.55,2.0,cat_005199,0.18379097222222224,4.410983333333334,23.39077421277862,4.844065120916775,22.883693513597063,True,True,True,True,False,aftershock_0_0p5d,aftershock_0_0p5d,80.0,-7.696846170339276,18.926257152595305
2025-11-09 12:29:21.150000+00:00,39.466646,143.289648,6.48,1.6,cat_005200,0.18451284722222222,4.428308333333334,19.85417375688963,-18.55306507493115,7.069106266500685,True,True,True,True,False,aftershock_0_0p5d,aftershock_0_0p5d,80.0,-14.105067143111734,-8.577589399507207
2025-11-09 12:34:47.990000+00:00,39.485734,143.351432,9.96,1.9,cat_005201,0.1882957175925926,4.519097222222222,16.12203079815266,-13.245172438178457,9.191595026292417,True,True,True,True,False,aftershock_0_0p5d,aftershock_0_0p5d,80.0,-11.655218531320381,-3.412618483999582
2025-11-09 12:36:28.670000+00:00,39.287309,143.533317,11.4,2.1,cat_005202,0.18946099537037037,4.547063888888889,13.089805487260236,2.376547909875854,-12.872258293154182,True,True,True,True,False,aftershock_0_0p5d,aftershock_0_0p5d,80.0,14.800805345407944,-8.974144404900194
2025-11-09 12:38:15.650000+00:00,39.439209,143.441032,13.31,2.1,cat_005203,0.19069918981481482,4.576780555555556,6.854461130348701,-5.553134266940007,4.018251064154033,True,True,True,True,False,aftershock_0_0p5d,aftershock_0_0p5d,80.0,-2.497079328123637,-1.977548690138002
2025-11-09 12:40:04.840000+00:00,39.550968,143.412549,9.19,1.8,cat_005204,0.19196296296296295,4.607111111111111,18.284991753875193,-7.993349880846391,16.44528487102319,True,True,True,True,False,aftershock_0_0p5d,aftershock_0_0p5d,80.0,-12.734739024530194,5.4773923170057985
2025-11-09 12:40:21.190000+00:00,39.179541,143.656966,13.48,2.2,cat_005205,0.19215219907407408,4.611652777777778,28.058849457477237,13.019338898313476,-24.855513147785,True,True,True,True,False,aftershock_0_0p5d,aftershock_0_0p5d,80.0,30.75244253398023,-10.52742092205988
2025-11-09 12:41:31.500000+00:00,39.406612,143.67749,17.64,2.0,cat_005206,0.1929659722222222,4.6311833333333325,14.766831799568887,14.761586730246131,0.3936300403218476,True,True,True,True,False,aftershock_0_0p5d,aftershock_0_0p5d,80.0,14.865534075648759,9.174375921832109
2025-11-09 12:43:57.460000+00:00,39.413643,143.304753,11.98,1.8,cat_005207,0.1946553240740741,4.671727777777779,17.302363000949818,-17.26239346585116,1.1754415695594942,True,True,True,True,False,aftershock_0_0p5d,aftershock_0_0p5d,80.0,-9.151925825165746,-12.022514340186223
2025-11-09 12:45:40.130000+00:00,39.456327,143.339893,12.68,2.9,cat_005208,0.19584363425925924,4.700247222222222,15.421285932633065,-14.239023778069235,5.921685818455981,True,True,True,True,False,aftershock_0_0p5d,aftershock_0_0p5d,80.0,-10.161175393747437,-6.486359171885823
2025-11-09 12:47:13.890000+00:00,39.319373,143.584554,9.94,2.3,cat_005209,0.19692881944444446,4.726291666666667,11.515189197495758,6.78093981074367,-9.306904165223239,True,True,True,True,False,aftershock_0_0p5d,aftershock_0_0p5d,80.0,15.607162070135452,-3.3652044955705414
2025-11-09 12:47:55.900000+00:00,39.482149,143.360726,13.31,2.5,cat_005210,0.1974150462962963,4.737961111111112,15.239895160855019,-12.447423246615907,8.792961214271557,True,True,True,True,False,aftershock_0_0p5d,aftershock_0_0p5d,80.0,-10.799163788132942,-3.1626525555387746
2025-11-09 12:48:25.360000+00:00,39.199284,143.450114,12.34,3.4,cat_005211,0.1977560185185185,4.746144444444444,23.1591064772859,-4.781212994842099,-22.660191711041666,True,True,True,True,False,aftershock_0_0p5d,aftershock_0_0p5d,80.0,16.205342335839532,-21.018415142666626
2025-11-09 12:56:54.770000+00:00,39.35944,143.585189,13.39,2.6,cat_005212,0.20365196759259258,4.887647222222222,8.380707525264137,6.833570986811492,-4.851657039355646,True,True,True,True,False,aftershock_0_0p5d,aftershock_0_0p5d,80.0,12.617034149645525,-0.06200422729247146
2025-11-09 12:57:18.350000+00:00,39.150102,143.461507,10.12,2.8,cat_005213,0.20392488425925925,4.894197222222222,28.38479222008356,-3.8022297475603994,-28.12898059327456,True,True,True,True,False,aftershock_0_0p5d,aftershock_0_0p5d,80.0,20.64106007097378,-24.363630862333718
2025-11-09 13:00:58.070000+00:00,39.452844,143.340365,14.79,2.3,cat_005214,0.20646793981481484,4.9552305555555565,15.239306785874101,-14.198839755500689,5.534393888952673,True,True,True,True,False,aftershock_0_0p5d,aftershock_0_0p5d,80.0,-9.868419551814249,-6.7430765482789585
2025-11-09 13:04:44.820000+00:00,39.471631,143.320508,7.08,2.3,cat_005216,0.20909236111111112,5.018216666666667,17.63508955122626,-15.90220545423105,7.6234129758243565,True,True,True,True,False,aftershock_0_0p5d,aftershock_0_0p5d,80.0,-12.537784669343983,-6.368983888312425
2025-11-09 13:05:42.320000+00:00,39.467847,143.298568,5.96,2.1,cat_005217,0.2097578703703704,5.034188888888889,19.189842706902162,-17.786852374287967,7.2026513734009985,True,True,True,True,False,aftershock_0_0p5d,aftershock_0_0p5d,80.0,-13.633922053136638,-7.958769149033537
2025-11-09 13:06:41.520000+00:00,39.344312,143.585563,11.51,2.0,cat_005218,0.21044305555555554,5.050633333333333,9.478342155250663,6.866459176497475,-6.533813889634214,True,True,True,True,False,aftershock_0_0p5d,aftershock_0_0p5d,80.0,13.784703012775696,-1.2733186901947473
2025-11-09 13:07:23.390000+00:00,39.559965,143.432243,12.4,3.2,cat_005219,0.21092766203703706,5.062263888888889,18.54927589043746,-6.302623963289436,17.445705626044376,True,True,True,True,False,aftershock_0_0p5d,aftershock_0_0p5d,80.0,-12.174879603764209,7.360462481486013
2025-11-09 13:09:24.810000+00:00,39.487256,143.388916,11.19,2.1,cat_005220,0.2123329861111111,5.0959916666666665,13.716871747043616,-10.026336904969195,9.360833704645586,True,True,True,True,False,aftershock_0_0p5d,aftershock_0_0p5d,80.0,-9.409616255339708,-1.1003005261460979
2025-11-09 13:11:35.980000+00:00,39.331482,143.584115,10.98,2.0,cat_005221,0.21385115740740743,5.132427777777778,10.432233681766911,6.742613656203831,-7.960444798484015,True,True,True,True,False,aftershock_0_0p5d,aftershock_0_0p5d,80.0,14.663715986628915,-2.403783043803532
2025-11-09 13:12:20.350000+00:00,39.537923,143.587386,10.05,2.0,cat_005222,0.21436469907407407,5.144752777777778,16.553860143849427,7.013409922844997,14.994747052945124,True,True,True,True,False,aftershock_0_0p5d,aftershock_0_0p5d,80.0,-0.7428823069690935,14.615350088458179
2025-11-09 13:12:50.490000+00:00,39.564742,143.697933,11.26,2.3,cat_005223,0.21471354166666667,5.153125,24.400687433405892,16.499268107264843,17.976883790625905,True,True,True,True,False,aftershock_0_0p5d,aftershock_0_0p5d,80.0,4.18663422851089,23.25100360996885
2025-11-09 13:14:33.330000+00:00,39.636308,143.443359,14.12,3.9,cat_005224,0.21590381944444445,5.181691666666667,26.479854240930536,-5.345672744222231,25.934659910870078,True,True,True,True,False,aftershock_0_0p5d,aftershock_0_0p5d,80.0,-17.243950175695083,14.236698662880546
2025-11-09 13:18:05.380000+00:00,39.212215,143.504199,21.1,1.8,cat_005225,0.21835810185185184,5.240594444444444,21.22271263941088,-0.12742184717360366,-21.222330114600677,True,True,True,True,False,aftershock_0_0p5d,aftershock_0_0p5d,80.0,18.640898540662363,-16.800206519354298
2025-11-09 13:18:41.110000+00:00,39.619576,143.466406,12.54,2.8,cat_005226,0.2187716435185185,5.250519444444444,24.308762187317665,-3.369189148616735,24.074146398253596,True,True,True,True,False,aftershock_0_0p5d,aftershock_0_0p5d,80.0,-14.52962455280286,14.215857663938765
2025-11-09 13:22:41.820000+00:00,39.470418,143.285026,12.05,1.8,cat_005227,0.2215576388888889,5.317383333333334,20.37550419604655,-18.949494482446394,7.488533529804516,True,True,True,True,False,aftershock_0_0p5d,aftershock_0_0p5d,80.0,-14.68093473383304,-8.539483989100443
2025-11-09 13:23:16.830000+00:00,39.363212,143.3757,12.5,2.3,cat_005228,0.22196284722222223,5.327108333333333,12.018246893576533,-11.171107123422733,-4.432229776052606,True,True,True,True,False,aftershock_0_0p5d,aftershock_0_0p5d,80.0,-0.8724968230379169,-11.994183710495165
2025-11-09 13:25:06.230000+00:00,39.47686,143.286133,10.46,1.6,cat_005229,0.22322905092592593,5.357497222222222,20.561512366480535,-18.85355486859881,8.204851247248746,True,True,True,True,False,aftershock_0_0p5d,aftershock_0_0p5d,80.0,-15.097534669338897,-7.948924952622084
2025-11-09 13:28:47.170000+00:00,39.582865,143.638558,8.59,1.5,cat_005230,0.22578622685185185,5.418869444444445,23.01504487351025,11.402183887949619,19.992069446204766,True,True,True,True,False,aftershock_0_0p5d,aftershock_0_0p5d,80.0,-0.9214476578299688,21.263859878962087
2025-11-09 13:30:21.690000+00:00,39.502356,143.263249,15.99,2.6,cat_005231,0.22688020833333333,5.445125,23.561377005529675,-20.814903068863543,11.039877096978065,True,True,True,True,False,aftershock_0_0p5d,aftershock_0_0p5d,80.0,-18.463244600837726,-7.203099913939881
2025-11-09 13:32:52.310000+00:00,39.466321,143.34891,12.02,1.5,cat_005232,0.22862349537037036,5.486963888888889,15.18984382887214,-13.463610928591478,7.032967915341584,True,True,True,True,False,aftershock_0_0p5d,aftershock_0_0p5d,80.0,-10.347959601093146,-5.144224809804324
2025-11-09 13:34:01.210000+00:00,39.355233,143.722428,14.56,1.8,cat_005233,0.2294209490740741,5.5061027777777785,19.374005457590112,18.629431636725943,-5.319454095749411,True,True,True,True,False,aftershock_0_0p5d,aftershock_0_0p5d,80.0,21.585980490491636,7.613877747646563
2025-11-09 13:38:38.990000+00:00,39.43855,143.466048,12.81,2.0,cat_005236,0.23263599537037036,5.583263888888888,5.210782087379992,-3.404325851854384,3.9449736074953967,True,True,True,True,False,aftershock_0_0p5d,aftershock_0_0p5d,80.0,-0.8713560060304459,-0.5705053822048654
2025-11-09 13:39:32.540000+00:00,39.361906,143.758805,17.18,1.6,cat_005237,0.23325578703703703,5.598138888888888,22.231330398362893,21.754984968686387,-4.577450350250353,True,True,True,True,False,aftershock_0_0p5d,aftershock_0_0p5d,80.0,23.373798683944308,10.282839961021507
2025-11-09 13:42:05.130000+00:00,39.56335,143.654183,12.32,2.9,cat_005238,0.235021875,5.640525,21.91016691800292,12.744744335810946,17.82210045273638,True,True,True,True,False,aftershock_0_0p5d,aftershock_0_0p5d,80.0,1.5383381781711112,20.585120142550345
2025-11-09 13:43:18.800000+00:00,39.379366,143.444564,14.13,2.8,cat_005239,0.23587453703703706,5.660988888888889,5.876383320892175,-5.2519954375679845,-2.635986931036379,True,True,True,True,False,aftershock_0_0p5d,aftershock_0_0p5d,80.0,2.247397617681568,-6.652963794908291
2025-11-09 13:46:32.320000+00:00,39.353243,143.540446,10.83,1.8,cat_005240,0.23811435185185187,5.714744444444445,6.295146878425555,2.9881708348292326,-5.540731999772003,True,True,True,True,False,aftershock_0_0p5d,aftershock_0_0p5d,80.0,10.265307964859378,-3.1815090889218247
2025-11-09 13:46:51.790000+00:00,39.564937,143.643408,9.51,2.6,cat_005241,0.23833969907407407,5.720152777777778,21.53271318987096,11.819883237335622,17.998566801321367,True,True,True,True,False,aftershock_0_0p5d,aftershock_0_0p5d,80.0,0.7400931280935672,20.085807351123364
2025-11-09 13:48:48.100000+00:00,39.564034,143.661768,12.23,3.2,cat_005242,0.23968587962962964,5.752461111111112,22.355908961009547,13.395634238806164,17.89815778256122,True,True,True,True,False,aftershock_0_0p5d,aftershock_0_0p5d,80.0,1.9639878453404935,21.08338186502138
2025-11-09 13:50:18.200000+00:00,39.44198,143.307194,13.98,3.6,cat_005243,0.2407287037037037,5.777488888888889,17.589570678765543,-17.049212628307295,4.32637220588641,True,True,True,True,False,aftershock_0_0p5d,aftershock_0_0p5d,80.0,-11.137619712821255,-9.566739568557724
2025-11-09 13:55:07.970000+00:00,39.453829,143.440755,14.55,2.4,cat_005244,0.24408252314814816,5.857980555555556,7.934068164523634,-5.576343076597135,5.643920891697565,True,True,True,True,False,aftershock_0_0p5d,aftershock_0_0p5d,80.0,-3.619248946899929,-0.8010809329399606
2025-11-09 13:56:09.900000+00:00,39.210238,143.633594,11.49,2.2,cat_005245,0.24479930555555554,5.875183333333333,24.101635299826047,11.005582970529472,-21.442162484577377,True,True,True,True,False,aftershock_0_0p5d,aftershock_0_0p5d,80.0,26.955145755971074,-9.393087255793008
2025-11-09 13:57:36.010000+00:00,39.621057,143.472103,11.58,2.0,cat_005246,0.24579594907407407,5.899102777777777,24.409374097406566,-2.88043128549328,24.238826084613997,True,True,True,True,False,aftershock_0_0p5d,aftershock_0_0p5d,80.0,-14.283126912349308,14.668894705598271
2025-11-09 13:59:52.850000+00:00,39.461377,143.302572,12.77,1.2,cat_005247,0.24737974537037039,5.93711388888889,18.609621260023196,-17.443797390182667,6.483220198010682,True,True,True,True,False,aftershock_0_0p5d,aftershock_0_0p5d,80.0,-12.893252555721341,-8.253178105829273
2025-11-09 14:05:22.830000+00:00,39.367944,143.394938,7.24,1.3,cat_005248,0.25119895833333333,6.0287749999999996,10.287746829231274,-9.517378110303673,-3.9060553831700893,True,True,True,True,False,aftershock_0_0p5d,aftershock_0_0p5d,80.0,-0.017372462399236177,-10.484070645721767
2025-11-09 14:06:04.600000+00:00,39.31617,143.60708,10.91,1.7,cat_005249,0.25168240740740744,6.0403777777777785,13.01436532145247,8.717740465598805,-9.66306151526567,True,True,True,True,False,aftershock_0_0p5d,aftershock_0_0p5d,80.0,17.269706547781563,-2.3097469196893776
2025-11-09 14:06:33.780000+00:00,39.398275,143.435937,9.96,2.0,cat_005250,0.2520201388888889,6.048483333333333,6.016235694106988,-5.992543367885113,-0.5334020631143367,True,True,True,True,False,aftershock_0_0p5d,aftershock_0_0p5d,80.0,0.27492851193913914,-5.614387851222228
2025-11-09 14:08:11.390000+00:00,39.583842,143.652051,11.41,2.0,cat_005251,0.2531498842592593,6.075597222222223,23.702101780718152,12.559922116267975,20.100706889536376,True,True,True,True,False,aftershock_0_0p5d,aftershock_0_0p5d,80.0,-0.14623026690155516,22.130576612506268
2025-11-09 14:08:53.940000+00:00,39.490706,143.334993,7.37,2.2,cat_005252,0.2536423611111111,6.087416666666666,17.600001437544776,-14.656255148900884,9.744456201569408,True,True,True,True,False,aftershock_0_0p5d,aftershock_0_0p5d,80.0,-13.065929688598741,-3.9664270487209663
2025-11-09 14:10:50.890000+00:00,39.513428,143.580648,3.69,2.1,cat_005253,0.2549959490740741,6.119902777777778,13.856492265355302,6.436171806015285,12.271027324786468,True,True,True,True,False,aftershock_0_0p5d,aftershock_0_0p5d,80.0,0.685393883867627,12.225396088111996
2025-11-09 14:14:32.050000+00:00,39.451782,143.364339,10.73,2.3,cat_005255,0.2575556712962963,6.181336111111111,13.293284306058899,-12.139814914003198,5.416304876856435,True,True,True,True,False,aftershock_0_0p5d,aftershock_0_0p5d,80.0,-8.278078951305218,-5.42993333938885
2025-11-09 14:16:06.330000+00:00,39.574211,143.273372,13.65,3.6,cat_005256,0.258646875,6.207525,27.560009067029554,-19.93545497350252,19.029788551022758,True,True,True,True,False,aftershock_0_0p5d,aftershock_0_0p5d,80.0,-23.24990005631232,-0.7455428258078685
2025-11-09 14:19:21.980000+00:00,39.336637,143.640283,10.22,1.4,cat_005257,0.26091134259259263,6.261872222222223,13.727734590342216,11.5706320840139,-7.387234951631089,True,True,True,True,False,aftershock_0_0p5d,aftershock_0_0p5d,80.0,17.81484819431023,1.2987427532053497
2025-11-09 14:20:19.960000+00:00,39.442061,143.34152,14.14,2.5,cat_005258,0.2615824074074074,6.277977777777778,14.752151234720598,-14.100728105361801,4.335378994944793,True,True,True,True,False,aftershock_0_0p5d,aftershock_0_0p5d,80.0,-8.981361959636716,-7.5557212677633725
2025-11-09 14:22:01.730000+00:00,39.513554,143.596647,11.56,2.2,cat_005259,0.26276030092592595,6.306247222222223,14.557257332688652,7.809714955492796,12.285037885543863,True,True,True,True,False,aftershock_0_0p5d,aftershock_0_0p5d,80.0,1.6832082472264966,13.169421286697325
2025-11-09 14:23:22.220000+00:00,39.442961,143.317497,9.23,1.8,cat_005260,0.26369189814814814,6.328605555555555,16.761609682241183,-16.164109311001127,4.435454428924268,True,True,True,True,False,aftershock_0_0p5d,aftershock_0_0p5d,80.0,-10.562651629266433,-8.88503690860798
2025-11-09 14:24:19.670000+00:00,39.303048,143.734798,12.25,2.7,cat_005261,0.2643568287037037,6.344563888888889,22.622809767121314,19.699988684470405,-11.122161342695874,True,True,True,True,False,aftershock_0_0p5d,aftershock_0_0p5d,80.0,26.315858722678193,4.086023485502494
2025-11-09 14:25:24.630000+00:00,39.298763,143.719759,7.78,2.4,cat_005262,0.26510868055555553,6.362608333333332,21.75690336396517,18.407472117434338,-11.59863160336735,True,True,True,True,False,aftershock_0_0p5d,aftershock_0_0p5d,80.0,25.69185350306499,2.8579190635323926
2025-11-09 14:28:03.710000+00:00,39.182865,143.593343,9.52,1.9,cat_005264,0.26694988425925925,6.406797222222222,25.621663607580246,7.543905030010463,-24.48590121161857,True,True,True,True,False,aftershock_0_0p5d,aftershock_0_0p5d,80.0,26.48556334060242,-13.97861361135382
2025-11-09 14:29:34.840000+00:00,39.631429,143.449805,11.88,1.7,cat_005265,0.2680046296296296,6.4321111111111104,25.84052660868483,-4.792926221735316,25.392139863770996,True,True,True,True,False,aftershock_0_0p5d,aftershock_0_0p5d,80.0,-16.469761766537076,14.214584713636746
2025-11-09 14:29:52.070000+00:00,39.304891,143.740462,14.22,2.6,cat_005266,0.2682040509259259,6.436897222222222,22.949709612051645,20.186723616809314,-10.91722909288985,True,True,True,True,False,aftershock_0_0p5d,aftershock_0_0p5d,80.0,26.53350862773712,4.567206029031831
2025-11-09 14:32:43.500000+00:00,39.305855,143.714893,7.83,1.7,cat_005267,0.2701881944444444,6.484516666666666,20.98643318717137,17.988158683695907,-10.810037183604129,True,True,True,True,False,aftershock_0_0p5d,aftershock_0_0p5d,80.0,24.84823908940583,3.1512101061193
2025-11-09 14:35:32.740000+00:00,39.434574,143.427995,12.36,2.7,cat_005269,0.2721469907407407,6.531527777777777,7.536693631550804,-6.673208433254408,3.5028625791564605,True,True,True,True,False,aftershock_0_0p5d,aftershock_0_0p5d,80.0,-2.968160461196762,-3.116966960386261
2025-11-09 14:36:12.400000+00:00,39.376318,143.687435,3.98,2.7,cat_005270,0.2726060185185185,6.542544444444444,15.900210122243065,15.619433208638352,-2.9749090674489627,True,True,True,True,False,aftershock_0_0p5d,aftershock_0_0p5d,80.0,17.784638315850792,7.287106270747288
2025-11-09 14:39:14.380000+00:00,39.220634,143.659684,10.78,1.5,cat_005271,0.2747122685185185,6.593094444444444,24.229609998918114,13.249354311865073,-20.28618002718054,True,True,True,True,False,aftershock_0_0p5d,aftershock_0_0p5d,80.0,27.814848996004883,-7.01996365743502
2025-11-09 14:39:16+00:00,39.489343,143.28776,7.43,1.6,cat_005272,0.2747310185185185,6.5935444444444435,21.027796538790565,-18.712159560089642,9.59289751655233,True,True,True,True,False,aftershock_0_0p5d,aftershock_0_0p5d,80.0,-15.937446583401934,-6.834827535153142
2025-11-09 14:49:06.310000+00:00,39.491146,143.304834,15.4,3.6,cat_005277,0.28156331018518516,6.757519444444444,19.83252565072661,-17.24584134634766,9.793381969292742,True,True,True,True,False,aftershock_0_0p5d,aftershock_0_0p5d,80.0,-14.998359222345444,-5.690975250963417
2025-11-09 14:53:19.850000+00:00,39.377966,143.268408,14.32,1.7,cat_005278,0.2844978009259259,6.827947222222222,20.580355336220418,-20.39014273021971,-2.7916598283383984,True,True,True,True,False,aftershock_0_0p5d,aftershock_0_0p5d,80.0,-8.74889694300672,-17.058214557842856
2025-11-09 14:56:15.670000+00:00,39.533789,143.282161,14.9,3.3,cat_005280,0.2865327546296296,6.876786111111111,24.07074828616387,-19.186803196359374,14.53506722619646,True,True,True,True,False,aftershock_0_0p5d,aftershock_0_0p5d,80.0,-19.64528650913521,-3.5329718288095773
2025-11-09 14:57:54.830000+00:00,39.415295,143.726237,7.4,2.3,cat_005281,0.28768043981481484,6.904330555555556,18.997332265445255,18.948656059845657,1.3591355883763039,True,True,True,True,False,aftershock_0_0p5d,aftershock_0_0p5d,80.0,17.279915432964092,12.72888196285175
2025-11-09 14:59:05.110000+00:00,39.566191,143.624089,7.29,1.8,cat_005282,0.2884938657407407,6.9238527777777765,20.790615908341785,10.161825742649388,18.138005239333975,True,True,True,True,False,aftershock_0_0p5d,aftershock_0_0p5d,80.0,-0.5706967506798479,19.060903634969616
2025-11-09 14:59:58.920000+00:00,39.196745,143.461296,12.16,2.3,cat_005283,0.2891166666666667,6.9388000000000005,23.258216851175774,-3.819119716081511,-22.94251562979206,True,True,True,True,False,aftershock_0_0p5d,aftershock_0_0p5d,80.0,17.10285615169363,-20.5714260796171
2025-11-09 15:04:12.140000+00:00,39.194067,143.466911,12.69,1.8,cat_005284,0.2920474537037037,7.00913888888889,23.47850910402527,-3.3360283974868823,-23.240295643346528,True,True,True,True,False,aftershock_0_0p5d,aftershock_0_0p5d,80.0,17.659583310336924,-20.461403221069617
2025-11-09 15:06:21.160000+00:00,39.475972,143.344938,14.65,2.7,cat_005285,0.2935407407407407,7.044977777777778,16.00790752536054,-13.80377520305702,8.106110152388007,True,True,True,True,False,aftershock_0_0p5d,aftershock_0_0p5d,80.0,-11.32696583475488,-4.588443567761074
2025-11-09 15:08:08.570000+00:00,39.330599,143.749365,8.31,2.3,cat_005286,0.2947839120370371,7.07481388888889,22.44492449615019,20.948354643381393,-8.058629918711352,True,True,True,True,False,aftershock_0_0p5d,aftershock_0_0p5d,80.0,25.148771268287163,7.181431249741551
2025-11-09 15:09:02.730000+00:00,39.43833,143.441992,11.81,2.0,cat_005287,0.2954107638888889,7.089858333333334,6.730455540141464,-5.470706676951499,3.92051072363373,True,True,True,True,False,aftershock_0_0p5d,aftershock_0_0p5d,80.0,-2.370183013228938,-1.993195000325513
2025-11-09 15:10:05.050000+00:00,39.543099,143.542399,9.59,2.3,cat_005288,0.2961320601851852,7.107169444444445,15.88607640254345,3.1517369582061963,15.57029199325722,True,True,True,True,False,aftershock_0_0p5d,aftershock_0_0p5d,80.0,-3.966245551061503,12.412238774707752
2025-11-09 15:12:32.130000+00:00,39.537349,143.54375,5.06,1.8,cat_005290,0.297834375,7.148025,15.284342598981269,3.2678336608822502,14.930921165051116,True,True,True,True,False,aftershock_0_0p5d,aftershock_0_0p5d,80.0,-3.44645026312973,12.022256263590734
2025-11-09 15:14:33.400000+00:00,39.503923,143.27946,11.6,2.2,cat_005292,0.29923796296296296,7.181711111111111,22.42770683600237,-19.422822912756192,11.214119547030247,True,True,True,True,False,aftershock_0_0p5d,aftershock_0_0p5d,80.0,-17.56076286984414,-6.128961041330348
2025-11-09 15:16:32.110000+00:00,39.543197,143.69694,10.5,2.1,cat_005294,0.30061192129629627,7.21468611111111,22.63354563601576,16.416590486379015,15.58118909606853,True,True,True,True,False,aftershock_0_0p5d,aftershock_0_0p5d,80.0,5.754619637664877,21.437826725270092
2025-11-09 15:19:37.010000+00:00,39.307406,143.499821,12.26,1.8,cat_005295,0.3027519675925926,7.266047222222222,10.649494978197742,-0.5037519268973967,-10.637573852378507,True,True,True,True,False,aftershock_0_0p5d,aftershock_0_0p5d,80.0,11.169266910541472,-9.293315668720233
2025-11-09 15:22:04.550000+00:00,39.382861,143.387842,8.52,1.4,cat_005296,0.3044596064814815,7.307030555555556,10.372526799129135,-10.126139443209608,-2.247360662413545,True,True,True,True,False,aftershock_0_0p5d,aftershock_0_0p5d,80.0,-1.5914294717032442,-9.681448026698378
2025-11-09 15:23:06.020000+00:00,39.392318,143.638737,15.66,3.5,cat_005297,0.3051710648148148,7.324105555555556,11.495536912224376,11.433174512164225,-1.1957902411354289,True,True,True,True,False,aftershock_0_0p5d,aftershock_0_0p5d,80.0,13.505025043748347,5.74602356265109
2025-11-09 15:25:35.210000+00:00,39.218982,143.614925,7.65,2.2,cat_005298,0.30689780092592595,7.365547222222222,22.524469473811514,9.398735085142569,-20.469874045997347,True,True,True,True,False,aftershock_0_0p5d,aftershock_0_0p5d,80.0,25.1157315783721,-9.772376614748186
2025-11-09 15:26:51.340000+00:00,39.156763,143.470068,12.1,1.8,cat_005299,0.3077789351851852,7.386694444444444,27.55929836147949,-3.0651884340243627,-27.388311186895027,True,True,True,True,False,aftershock_0_0p5d,aftershock_0_0p5d,80.0,20.678081334488766,-23.319384486494524
2025-11-09 15:28:34.040000+00:00,39.388871,143.638704,14.79,2.3,cat_005300,0.3089675925925926,7.415222222222223,11.539175410912545,11.430621324126179,-1.5790791532793682,True,True,True,True,False,aftershock_0_0p5d,aftershock_0_0p5d,80.0,13.763716668392814,5.463188712817396
2025-11-09 15:30:17.140000+00:00,39.393445,143.459473,12.01,1.7,cat_005301,0.3101608796296296,7.4438611111111115,4.112167865642197,-3.97039184104718,-1.0704735588073704,True,True,True,True,False,aftershock_0_0p5d,aftershock_0_0p5d,80.0,2.123055687219447,-4.633587905785156
2025-11-09 15:30:56.510000+00:00,39.461564,143.419206,13.88,3.8,cat_005302,0.31061655092592594,7.454797222222222,9.872123997766478,-7.4267528173434165,6.504013649293651,True,True,True,True,False,aftershock_0_0p5d,aftershock_0_0p5d,80.0,-5.561016378250299,-1.4282292430428754
2025-11-09 15:33:09.340000+00:00,39.201282,143.636556,9.3,3.1,cat_005303,0.3121539351851852,7.491694444444445,25.105338698740358,11.261150728474723,-22.438024247605792,True,True,True,True,False,aftershock_0_0p5d,aftershock_0_0p5d,80.0,27.819573858530717,-9.949701651464164
2025-11-09 15:35:21.800000+00:00,39.473014,143.343164,11.91,2.3,cat_005304,0.31368703703703704,7.528488888888889,15.97705065628755,-13.956414399228155,7.7771955593734505,True,True,True,True,False,aftershock_0_0p5d,aftershock_0_0p5d,80.0,-11.215309632085578,-4.9334311416114565
2025-11-09 15:36:39.890000+00:00,39.306702,143.514014,11.4,1.5,cat_005305,0.3145908564814815,7.550180555555556,10.739785814335256,0.7165539701292987,-10.715855080736159,True,True,True,True,False,aftershock_0_0p5d,aftershock_0_0p5d,80.0,12.117440034647302,-8.521148484909176
2025-11-09 15:37:14.610000+00:00,39.551868,143.529313,10.62,1.9,cat_005306,0.3149927083333333,7.559825,16.669231845126113,2.0283859905228288,16.54536030500346,True,True,True,True,False,aftershock_0_0p5d,aftershock_0_0p5d,80.0,-5.452959089742691,12.363674764691272
2025-11-09 15:39:04.320000+00:00,39.465243,143.413379,12.77,2.5,cat_005307,0.3162625,7.5903,10.517989805447948,-7.9269909219500425,6.913099784418784,True,True,True,True,False,aftershock_0_0p5d,aftershock_0_0p5d,80.0,-6.205985918886135,-1.468278199384416
2025-11-09 15:43:17.660000+00:00,39.35083,143.572282,9.67,1.9,cat_005309,0.31919467592592593,7.660672222222223,8.155739952890334,5.724604314214063,-5.809045357765002,True,True,True,True,False,aftershock_0_0p5d,aftershock_0_0p5d,80.0,12.454575552265334,-1.5180284981395498
2025-11-09 15:44:23.280000+00:00,39.488635,143.352376,14.93,4.9,cat_005310,0.31995416666666665,7.6789,16.242103950529536,-13.163837608445705,9.514171508488435,True,True,True,True,False,aftershock_0_0p5d,aftershock_0_0p5d,80.0,-11.814859721476472,-3.120752706973289
2025-11-09 15:46:48+00:00,39.492594,143.320508,12.63,5.0,cat_005311,0.32162916666666663,7.719099999999999,18.75883034206061,-15.899812451408891,9.954392223073654,True,True,True,True,False,aftershock_0_0p5d,aftershock_0_0p5d,80.0,-14.120655499277389,-4.6578468647765146
2025-11-09 15:50:27.650000+00:00,39.47526,143.347868,9.98,2.4,cat_005312,0.32417141203703703,7.780113888888889,15.75101789876247,-13.552229696665195,8.026939364617077,True,True,True,True,False,aftershock_0_0p5d,aftershock_0_0p5d,80.0,-11.088664402823667,-4.475502950790371
2025-11-09 15:50:48.050000+00:00,39.366435,143.733382,16.01,3.2,cat_005313,0.32440752314814814,7.785780555555555,19.988887818013993,19.569354530594765,-4.073848527476579,True,True,True,True,False,aftershock_0_0p5d,aftershock_0_0p5d,80.0,21.428531234311997,9.166358990644207
2025-11-09 15:53:54.270000+00:00,39.182121,143.646175,8.16,1.6,cat_005314,0.32656284722222223,7.837508333333334,27.382410383513577,12.090466538072942,-24.568630237041837,True,True,True,True,False,aftershock_0_0p5d,aftershock_0_0p5d,80.0,29.876193259100532,-10.94848252606587
2025-11-09 15:58:11.490000+00:00,39.48964,143.292188,15.65,4.4,cat_005315,0.3295399305555556,7.908958333333334,20.705473264298014,-18.331900926490473,9.625922409766133,True,True,True,True,False,aftershock_0_0p5d,aftershock_0_0p5d,80.0,-15.681020479462516,-6.552103420127661
2025-11-09 16:03:59.220000+00:00,39.357536,143.532682,12.35,1.6,cat_005316,0.33356458333333333,8.00555,5.5698958184205045,2.3207762698500884,-5.063372179686456,True,True,True,True,False,aftershock_0_0p5d,aftershock_0_0p5d,80.0,9.451334807150355,-3.2851218377754785
2025-11-09 16:06:51.580000+00:00,39.441833,143.463542,14.72,3.1,cat_005317,0.33555949074074076,8.053427777777777,5.628243247187392,-3.6195020270951903,4.3100265516698455,True,True,True,True,False,aftershock_0_0p5d,aftershock_0_0p5d,80.0,-1.277330533002739,-0.44905941935999283
2025-11-09 16:10:25.710000+00:00,39.410461,143.408968,9.16,1.6,cat_005319,0.33803784722222224,8.112908333333333,8.349603336562051,-8.309080844354662,0.8216193129762348,True,True,True,True,False,aftershock_0_0p5d,aftershock_0_0p5d,80.0,-2.3451490363998495,-6.195440731982875
2025-11-09 16:16:39.590000+00:00,39.347559,143.583545,9.66,1.8,cat_005320,0.34236516203703704,8.216763888888888,9.104787457891968,6.692843422039676,-6.172763962819924,True,True,True,True,False,aftershock_0_0p5d,aftershock_0_0p5d,80.0,13.411929660554492,-1.1265552488262565
2025-11-09 16:18:25.690000+00:00,39.403341,143.655225,9.04,1.6,cat_005321,0.3435931712962963,8.246236111111111,12.848955151610859,12.848921805351383,0.029911435266925496,True,True,True,True,False,aftershock_0_0p5d,aftershock_0_0p5d,80.0,13.71007017787779,7.607378308708957
2025-11-09 16:18:43.580000+00:00,39.249345,143.77762,8.14,2.0,cat_005322,0.3438002314814815,8.251205555555556,28.971114440472867,23.39088660721418,-17.09366248828847,True,True,True,True,False,aftershock_0_0p5d,aftershock_0_0p5d,80.0,33.0822092733923,2.2157150529762237
2025-11-09 16:20:41.880000+00:00,39.631685,143.490869,8.27,1.7,cat_005323,0.3451694444444444,8.284066666666666,25.45233393262866,-1.2704769478165834,25.420605764992033,True,True,True,True,False,aftershock_0_0p5d,aftershock_0_0p5d,80.0,-13.905794161451803,16.630061750359765
2025-11-09 16:21:11.160000+00:00,39.401811,143.655924,15.09,2.5,cat_005324,0.3455083333333333,8.2922,12.909881541360669,12.909121548586281,-0.14021680249873436,True,True,True,True,False,aftershock_0_0p5d,aftershock_0_0p5d,80.0,13.869874979696846,7.523532905219146
2025-11-09 16:22:15.920000+00:00,39.400785,143.657715,12.58,2.3,cat_005325,0.34625787037037037,8.310188888888888,13.06557572917794,13.06310222090125,-0.2543027972363941,True,True,True,True,False,aftershock_0_0p5d,aftershock_0_0p5d,80.0,14.060359364919462,7.5445414898505065
2025-11-09 16:25:31.010000+00:00,39.48313,143.395296,11.62,1.6,cat_005326,0.3485158564814815,8.364380555555556,13.003597262883309,-9.478777343619276,8.902043437310201,True,True,True,True,False,aftershock_0_0p5d,aftershock_0_0p5d,80.0,-8.696152339911956,-1.0645342849417145
2025-11-09 16:28:11.940000+00:00,39.40588,143.659082,14.31,2.1,cat_005328,0.35037847222222224,8.409083333333333,13.183772042866265,13.18007573127887,0.31223535401810976,True,True,True,True,False,aftershock_0_0p5d,aftershock_0_0p5d,80.0,13.761007247341873,8.039553195428008
2025-11-09 16:29:11.170000+00:00,39.420703,143.660205,13.47,2.8,cat_005329,0.3510640046296296,8.42553611111111,13.419130599304106,13.275151234228343,1.9604777516703824,True,True,True,True,False,aftershock_0_0p5d,aftershock_0_0p5d,80.0,12.71024073756368,9.31298638747546
2025-11-09 16:29:23.870000+00:00,39.466956,143.437305,5.04,2.9,cat_005330,0.35121099537037037,8.429063888888889,9.216421705228843,-5.872106919726572,7.103576693761168,True,True,True,True,False,aftershock_0_0p5d,aftershock_0_0p5d,80.0,-4.828448729769413,0.06834830311610096
2025-11-09 16:32:44.740000+00:00,39.333492,143.733252,15.49,1.8,cat_005331,0.3535358796296296,8.484861111111112,21.037180747325145,19.562797124124224,-7.736942995928616,True,True,True,True,False,aftershock_0_0p5d,aftershock_0_0p5d,80.0,23.91393480729746,6.475434769530831
2025-11-09 16:34:44.190000+00:00,39.289913,143.534863,11.27,2.4,cat_005332,0.3549184027777778,8.518041666666667,12.83050315784513,2.5094440638307844,-12.582706704171967,True,True,True,True,False,aftershock_0_0p5d,aftershock_0_0p5d,80.0,14.701429260703245,-8.671446693962528
2025-11-09 16:37:23.120000+00:00,39.450415,143.357959,13.46,2.4,cat_005334,0.3567578703703704,8.562188888888889,13.736669880162596,-12.687919204536444,5.264301412133112,True,True,True,True,False,aftershock_0_0p5d,aftershock_0_0p5d,80.0,-8.576717936781952,-5.91401816970506
2025-11-09 16:40:03.050000+00:00,39.314323,143.549528,11.13,1.6,cat_005335,0.35860891203703704,8.606613888888889,10.563979931553222,3.76982778615779,-9.86843854477794,True,True,True,True,False,aftershock_0_0p5d,aftershock_0_0p5d,80.0,13.78058856285133,-5.8240143106061275
2025-11-09 16:41:01.310000+00:00,39.566728,143.252604,12.89,2.2,cat_005337,0.3592832175925926,8.622797222222221,28.334836365277003,-21.718824434651328,18.197716914941463,True,True,True,True,False,aftershock_0_0p5d,aftershock_0_0p5d,80.0,-23.992148680341884,-2.568128028934299
2025-11-09 16:45:54.330000+00:00,39.179175,143.638997,9.33,2.1,cat_005340,0.3626746527777778,8.704191666666667,27.412595945217937,11.472996443769734,-24.896210490936866,True,True,True,True,False,aftershock_0_0p5d,aftershock_0_0p5d,80.0,29.64604135415894,-11.60848876903066
2025-11-09 16:46:24.740000+00:00,39.383443,143.433268,14.47,3.8,cat_005341,0.36302662037037037,8.71263888888889,6.59422968937301,-6.222533911668787,-2.182645215106254,True,True,True,True,False,aftershock_0_0p5d,aftershock_0_0p5d,80.0,1.2274303880700685,-6.980271741085932
2025-11-09 16:49:43.050000+00:00,39.388403,143.415104,11.34,2.2,cat_005342,0.365321875,8.767725,7.952213151967682,-7.783132591079174,-1.6311183789495802,True,True,True,True,False,aftershock_0_0p5d,aftershock_0_0p5d,80.0,-0.2920267610884384,-7.636701524878181
2025-11-09 16:50:20.420000+00:00,39.383093,143.437533,13.75,1.3,cat_005343,0.36575439814814814,8.778105555555555,6.263276218653665,-5.856047092918345,-2.2215634394315615,True,True,True,True,False,aftershock_0_0p5d,aftershock_0_0p5d,80.0,1.5226641578653655,-6.759672018341521
2025-11-09 16:51:09.580000+00:00,39.352934,143.726514,19.78,2.4,cat_005344,0.36632337962962963,8.79176111111111,19.782752044879334,18.98093478193058,-5.575091232105333,True,True,True,True,False,aftershock_0_0p5d,aftershock_0_0p5d,80.0,22.017553372879824,7.665352535262996
2025-11-09 16:52:54.190000+00:00,39.484875,143.307715,8.69,1.8,cat_005345,0.36753414351851854,8.820819444444446,19.279836409037575,-16.999226780757322,9.096078584304921,True,True,True,True,False,aftershock_0_0p5d,aftershock_0_0p5d,80.0,-14.343460608894807,-6.034717248364401
2025-11-09 16:54:26.430000+00:00,39.521285,143.52583,7.72,1.6,cat_005346,0.3686017361111111,8.846441666666665,13.25801865853911,1.7298252899793092,13.144685863432914,True,True,True,True,False,aftershock_0_0p5d,aftershock_0_0p5d,80.0,-3.3601030577614246,9.666698906649565
2025-11-09 16:55:25.100000+00:00,39.459729,143.313053,14.75,2.2,cat_005347,0.36928078703703704,8.862738888888888,17.702770378861135,-16.543839232528487,6.299970958900907,True,True,True,True,False,aftershock_0_0p5d,aftershock_0_0p5d,80.0,-12.10865991747986,-7.775769097556611
2025-11-09 17:01:06.300000+00:00,39.375521,143.67959,9.89,1.4,cat_005349,0.3732298611111111,8.957516666666667,15.256096276615722,14.945344789693383,-3.063531423984521,True,True,True,True,False,aftershock_0_0p5d,aftershock_0_0p5d,80.0,17.35051700115805,6.763858907865173
2025-11-09 17:01:44.520000+00:00,39.487077,143.40485,18.91,1.9,cat_005350,0.3736722222222222,8.968133333333332,12.736403803066478,-8.658121076430028,9.340929812775897,True,True,True,True,False,aftershock_0_0p5d,aftershock_0_0p5d,80.0,-8.392653455567654,-0.1847693239162307
2025-11-09 17:05:10+00:00,39.386214,143.434489,14.18,2.5,cat_005351,0.37605046296296296,9.025211111111112,6.398242696902323,-6.117489016122478,-1.8745240733738768,True,True,True,True,False,aftershock_0_0p5d,aftershock_0_0p5d,80.0,1.0950047580957447,-6.682888956465333
2025-11-09 17:06:05.520000+00:00,39.441276,143.309782,12.94,2.4,cat_005352,0.37669305555555554,9.040633333333332,17.3549415258732,-16.826997991480543,4.2480909775287605,True,True,True,True,False,aftershock_0_0p5d,aftershock_0_0p5d,80.0,-10.921433896272635,-9.473086014132736
2025-11-09 17:08:04.880000+00:00,39.391589,143.603109,10.71,1.7,cat_005353,0.37807453703703703,9.073788888888888,8.46862604919281,8.371814935989878,-1.2768513426592851,True,True,True,True,False,aftershock_0_0p5d,aftershock_0_0p5d,80.0,11.314969506148042,3.6054278280386756
2025-11-09 17:08:30.960000+00:00,39.445398,143.311442,12.39,2.1,cat_005354,0.3783763888888889,9.081033333333334,17.335035414153673,-16.6839160405625,4.7064364651571085,True,True,True,True,False,aftershock_0_0p5d,aftershock_0_0p5d,80.0,-11.128087833177753,-9.039672607476463
2025-11-09 17:10:09.820000+00:00,39.159188,143.455778,11.49,2.0,cat_005356,0.3795206018518519,9.108494444444446,27.456684735495195,-4.295079908240303,-27.118663489781706,True,True,True,True,False,aftershock_0_0p5d,aftershock_0_0p5d,80.0,19.59278520013944,-23.957722343490317
2025-11-09 17:13:55.520000+00:00,39.562826,143.690365,10.75,2.1,cat_005357,0.38213287037037036,9.171188888888889,23.80704947216152,15.849996126924554,17.763834311174783,True,True,True,True,False,aftershock_0_0p5d,aftershock_0_0p5d,80.0,3.8552999243169195,22.653373486887954
2025-11-09 17:17:06.360000+00:00,39.405896,143.335824,8.72,3.2,cat_005358,0.3843416666666667,9.2242,14.597153477250014,-14.593777699197377,0.3140144728438813,True,True,True,True,False,aftershock_0_0p5d,aftershock_0_0p5d,80.0,-6.609189507373289,-10.840118987028783
2025-11-09 17:19:12.920000+00:00,39.272095,143.758757,8.22,2.3,cat_005359,0.3858064814814815,9.259355555555556,26.188109554993925,21.764846910726533,-14.563977907124531,True,True,True,True,False,aftershock_0_0p5d,aftershock_0_0p5d,80.0,30.16998470867827,2.965553208452702
2025-11-09 17:21:51.440000+00:00,39.410535,143.3139,13.18,1.6,cat_005360,0.3876412037037037,9.30338888888889,16.497788487092176,-16.476907507415337,0.8298477375484897,True,True,True,True,False,aftershock_0_0p5d,aftershock_0_0p5d,80.0,-8.340921952705722,-11.741986255177357
2025-11-09 17:24:23.980000+00:00,39.325586,143.627197,14.06,1.8,cat_005361,0.3894067129629629,9.34576111111111,13.541310540937411,10.446570669479165,-8.616050085980321,True,True,True,True,False,aftershock_0_0p5d,aftershock_0_0p5d,80.0,17.825838299859697,-0.3666040321914824
2025-11-09 17:27:33.920000+00:00,39.350643,143.541634,8.05,1.6,cat_005362,0.3916050925925926,9.398522222222223,6.598273112678058,3.0903381156726755,-5.829838809047971,True,True,True,True,False,aftershock_0_0p5d,aftershock_0_0p5d,80.0,10.536774186508104,-3.3240818456056918
2025-11-09 17:32:13.400000+00:00,39.385193,143.634001,12.68,2.2,cat_005366,0.39483981481481484,9.476155555555556,11.20456984338798,11.02678782559095,-1.9880540934781374,True,True,True,True,False,aftershock_0_0p5d,aftershock_0_0p5d,80.0,13.74557611851127,4.888721205729498
2025-11-09 17:33:35.640000+00:00,39.542126,143.564079,6.78,1.7,cat_005367,0.3957916666666667,9.499,16.25432738644773,5.012652133560733,15.462099329632645,True,True,True,True,False,aftershock_0_0p5d,aftershock_0_0p5d,80.0,-2.527923683198045,13.597962666156668
2025-11-09 17:42:24.460000+00:00,39.171257,143.465527,15.9,1.4,cat_005369,0.4019122685185185,9.645894444444444,26.007258198120113,-3.455682851332589,-25.77665192010889,True,True,True,True,False,aftershock_0_0p5d,aftershock_0_0p5d,80.0,19.29607370594185,-22.402876768684873
2025-11-09 17:46:51.600000+00:00,39.615413,143.567887,10.02,2.0,cat_005370,0.40500416666666667,9.7201,24.206837401078573,5.336696754472269,23.61124191863169,True,True,True,True,False,aftershock_0_0p5d,aftershock_0_0p5d,80.0,-7.830152022314818,19.7947283138189
2025-11-09 17:50:02.240000+00:00,39.462781,143.499854,15.22,1.4,cat_005371,0.40721064814814817,9.773055555555556,6.658165259706467,-0.5003571480518961,6.639337875019737,True,True,True,True,False,aftershock_0_0p5d,aftershock_0_0p5d,80.0,-0.5732817050681254,3.379657241014854
2025-11-09 17:52:40.780000+00:00,39.422786,143.739551,16.99,1.1,cat_005372,0.40904560185185185,9.817094444444445,20.210644889980014,20.091418977644242,2.1920967838708814,True,True,True,True,False,aftershock_0_0p5d,aftershock_0_0p5d,80.0,17.551746715635048,14.116628046707422
2025-11-09 17:57:41.920000+00:00,39.565995,143.25332,9.71,1.8,cat_005374,0.41253101851851853,9.900744444444445,28.235488154363757,-21.657491898427466,18.11621103371136,True,True,True,True,False,aftershock_0_0p5d,aftershock_0_0p5d,80.0,-23.89175957431381,-2.5862088493147732
2025-11-09 18:01:18.640000+00:00,39.241296,143.75153,10.66,2.9,cat_005376,0.41503935185185187,9.960944444444445,27.76378845833047,21.14797521438704,-17.988670452850496,True,True,True,True,False,aftershock_0_0p5d,aftershock_0_0p5d,80.0,32.04572332224464,0.034571397510869684
2025-11-09 18:02:54.120000+00:00,39.384375,143.348828,7.42,2.8,cat_005377,0.41614444444444443,9.987466666666666,13.63796711314205,-13.478572200122963,-2.0790115434736562,True,True,True,True,False,aftershock_0_0p5d,aftershock_0_0p5d,80.0,-4.164506204867886,-11.837004321653417
2025-11-09 18:03:34.720000+00:00,39.408114,143.648226,11.8,2.9,cat_005379,0.4166143518518519,9.998744444444446,12.259972395777424,12.247147912912586,0.5606448201414197,True,True,True,True,False,aftershock_0_0p5d,aftershock_0_0p5d,80.0,12.907938430594818,7.587518715509579
2025-11-09 18:07:36+00:00,39.370015,143.575065,9.19,1.6,cat_005382,0.4194069444444445,10.065766666666669,7.004893991976633,5.962990391015603,-3.6757706900891165,True,True,True,True,False,aftershock_0_0p5d,aftershock_0_0p5d,80.0,11.179180800817418,0.20854526435645093
2025-11-09 18:10:31.420000+00:00,39.445723,143.466553,10.4,1.8,cat_005384,0.42143726851851854,10.114494444444444,5.812642894317646,-3.3607742091141684,4.742574816317,True,True,True,True,False,aftershock_0_0p5d,aftershock_0_0p5d,80.0,-1.3816340353051766,0.04405199244664049
2025-11-09 18:11:04.640000+00:00,39.620215,143.584359,9.79,1.8,cat_005385,0.4218217592592593,10.123722222222224,25.070847897410317,6.749585323550288,24.145199956379425,True,True,True,True,False,aftershock_0_0p5d,aftershock_0_0p5d,80.0,-7.156948358262001,21.146823769551446
2025-11-09 18:13:51.880000+00:00,39.573608,143.642074,11.98,2.9,cat_005386,0.4237574074074074,10.170177777777777,22.28417319267751,11.704668955242525,18.9627380102563,True,True,True,True,False,aftershock_0_0p5d,aftershock_0_0p5d,80.0,0.00014205556587931767,20.71459416809904
2025-11-09 18:20:23.820000+00:00,39.541756,143.369124,8.46,1.6,cat_005387,0.42829375000000003,10.279050000000002,19.36991222853239,-11.72125455750399,15.42095720677374,True,True,True,True,False,aftershock_0_0p5d,aftershock_0_0p5d,80.0,-14.772386990246934,2.1918921709393357
2025-11-09 18:22:33.680000+00:00,39.527856,143.560742,9.99,1.8,cat_005388,0.4297967592592593,10.315122222222223,14.658342505094762,4.726706882386261,13.87534772641442,True,True,True,True,False,aftershock_0_0p5d,aftershock_0_0p5d,80.0,-1.6589407261245146,12.239870637868238
2025-11-09 18:24:35+00:00,39.386003,143.642936,15.78,2.9,cat_005389,0.43120092592592596,10.348822222222223,11.94625104410933,11.7945153477933,-1.8979862028958991,True,True,True,True,False,aftershock_0_0p5d,aftershock_0_0p5d,80.0,14.24738845828071,5.47668561699604
2025-11-09 18:28:38.820000+00:00,39.47937,143.33361,11.85,4.1,cat_005390,0.4340229166666667,10.41655,17.038593117021662,-14.776210714921993,8.483950513126688,True,True,True,True,False,aftershock_0_0p5d,aftershock_0_0p5d,80.0,-12.29699765970288,-4.972412865397325
2025-11-09 18:33:22.660000+00:00,39.406673,143.72832,14.98,1.7,cat_005391,0.4373081018518518,10.495394444444443,19.132980285675266,19.128794786799194,0.40041293084663243,True,True,True,True,False,aftershock_0_0p5d,aftershock_0_0p5d,80.0,18.063777272920383,12.148227409033789
2025-11-09 18:37:06.320000+00:00,39.49919,143.319678,11.84,3.4,cat_005392,0.4398967592592593,10.557522222222223,19.216679551381382,-15.97032404212251,10.687833959221367,True,True,True,True,False,aftershock_0_0p5d,aftershock_0_0p5d,80.0,-14.670969709688181,-4.167884688105413
2025-11-09 18:38:53.720000+00:00,39.470496,143.321273,12.57,2.8,cat_005393,0.44113981481481485,10.587355555555556,17.521616076920388,-15.836637779888244,7.497206734082226,True,True,True,True,False,aftershock_0_0p5d,aftershock_0_0p5d,80.0,-12.403901761167992,-6.416968284440091
2025-11-09 18:45:41.820000+00:00,39.555981,143.464388,12.34,2.6,cat_005395,0.44586319444444444,10.700716666666667,17.36811382232595,-3.5439274787149095,17.00270503829295,True,True,True,True,False,aftershock_0_0p5d,aftershock_0_0p5d,80.0,-9.850530276968293,8.910964342747496
2025-11-09 18:49:03.760000+00:00,39.628345,143.456348,11.8,1.7,cat_005396,0.44820046296296295,10.75681111111111,25.404151715566172,-4.231765281606693,25.049214709999834,True,True,True,True,False,aftershock_0_0p5d,aftershock_0_0p5d,80.0,-15.82508917794515,14.344571310381204
2025-11-09 18:50:47.320000+00:00,39.333931,143.706478,19.56,1.6,cat_005397,0.4493990740740741,10.785577777777778,18.895897881821305,17.26116653020915,-7.688128423131646,True,True,True,True,False,aftershock_0_0p5d,aftershock_0_0p5d,80.0,22.19276380531668,4.946560466226704
2025-11-09 18:51:28.120000+00:00,39.409436,143.338249,7.78,1.8,cat_005398,0.44987129629629624,10.79691111111111,14.40245315149535,-14.385060167049506,0.7076445131657289,True,True,True,True,False,aftershock_0_0p5d,aftershock_0_0p5d,80.0,-6.723712865562357,-10.409547253982156
2025-11-09 18:52:48.240000+00:00,39.572835,143.266357,10.18,1.9,cat_005399,0.45079861111111114,10.819166666666668,27.894924561198952,-20.537648712809574,18.87678433195979,True,True,True,True,False,aftershock_0_0p5d,aftershock_0_0p5d,80.0,-23.587527224601395,-1.2671322102328024
2025-11-09 18:57:21.420000+00:00,39.599772,143.513623,12.56,2.4,cat_005400,0.45396041666666664,10.89505,21.882656763429832,0.6815013262185805,21.87204207098469,True,True,True,True,False,aftershock_0_0p5d,aftershock_0_0p5d,80.0,-10.061884986672366,15.354567442736721
2025-11-09 18:59:43.120000+00:00,39.383557,143.453337,12.91,1.5,cat_005401,0.4556004629629629,10.93441111111111,4.994031652849053,-4.497953743098818,-2.1699689934683852,True,True,True,True,False,aftershock_0_0p5d,aftershock_0_0p5d,80.0,2.483597890084378,-5.798586228226033
2025-11-09 19:00:06.520000+00:00,39.355505,143.748747,18.47,1.6,cat_005402,0.4558712962962963,10.940911111111111,21.5506436537696,20.891501824160166,-5.289209075701815,True,True,True,True,False,aftershock_0_0p5d,aftershock_0_0p5d,80.0,23.224392800959592,9.173839732767817
2025-11-09 19:05:14.360000+00:00,39.419035,143.715592,9.66,1.8,cat_005403,0.4594342592592593,11.026422222222223,18.12077113472897,18.03363130719497,1.7750046140270115,True,True,True,True,False,aftershock_0_0p5d,aftershock_0_0p5d,80.0,16.326135608468096,12.411830877309518
2025-11-09 19:07:48.520000+00:00,39.489555,143.377376,13.21,3.0,cat_005404,0.4612185185185185,11.069244444444445,14.62369280179387,-11.017076292919418,9.616470841001506,True,True,True,True,False,aftershock_0_0p5d,aftershock_0_0p5d,80.0,-10.309996785764605,-1.5863352787636642
2025-11-09 19:10:55.760000+00:00,39.353992,143.368913,12.72,1.5,cat_005405,0.4633856481481481,11.121255555555553,12.960254231666543,-11.755190935594747,-5.457446999715339,True,True,True,True,False,aftershock_0_0p5d,aftershock_0_0p5d,80.0,-0.6039022235588432,-13.14313157548591
2025-11-09 19:11:27.860000+00:00,39.476799,143.443099,6.8,1.7,cat_005406,0.46375717592592597,11.130172222222223,9.802531295409665,-5.37413325563311,8.198068356723171,True,True,True,True,False,aftershock_0_0p5d,aftershock_0_0p5d,80.0,-5.207288946123201,1.2095625077670127
2025-11-09 19:15:02.640000+00:00,39.61213,143.474251,10.47,1.3,cat_005408,0.46624305555555556,11.189833333333333,23.402040675362567,-2.6963365010501055,23.246188974458033,True,True,True,True,False,aftershock_0_0p5d,aftershock_0_0p5d,80.0,-13.473308325506666,14.066057100166965
2025-11-09 19:15:18.660000+00:00,39.415487,143.576579,6.63,2.1,cat_005409,0.4664284722222222,11.194283333333333,6.2455957496769585,6.09111892356283,1.380485014291883,True,True,True,True,False,aftershock_0_0p5d,aftershock_0_0p5d,80.0,7.835849301396615,4.003841452260465
2025-11-09 19:22:17.900000+00:00,39.43927,143.30236,11.54,1.4,cat_005410,0.4712807870370371,11.31073888888889,17.92258629307098,-17.464774859110033,4.025033954679608,True,True,True,True,False,aftershock_0_0p5d,aftershock_0_0p5d,80.0,-11.237534592276875,-10.070241034467697
2025-11-09 19:27:14.160000+00:00,39.491964,143.348633,10.2,1.9,cat_005412,0.4747097222222222,11.393033333333332,16.719539735624004,-13.484917490717514,9.88433941928826,True,True,True,True,False,aftershock_0_0p5d,aftershock_0_0p5d,80.0,-12.30197987828115,-3.067550020761302
2025-11-09 19:29:42.620000+00:00,39.524679,143.516618,5.58,2.1,cat_005413,0.4764280092592592,11.434272222222221,13.554643545039392,0.9389760632750747,13.522081444464561,True,True,True,True,False,aftershock_0_0p5d,aftershock_0_0p5d,80.0,-4.196659467815268,9.405847805906774
2025-11-09 19:30:39.920000+00:00,39.323063,143.629883,10.57,1.6,cat_005414,0.4770912037037037,11.450188888888889,13.898274652884917,10.67767351308523,-8.896594885904944,True,True,True,True,False,aftershock_0_0p5d,aftershock_0_0p5d,80.0,18.18604365682299,-0.41524568001002216
2025-11-09 19:31:03.540000+00:00,39.460527,143.35778,7.86,2.1,cat_005415,0.47736458333333337,11.456750000000001,14.218499307146415,-12.702371995881109,6.38870451036283,True,True,True,True,False,aftershock_0_0p5d,aftershock_0_0p5d,80.0,-9.351699261376362,-5.099220552491968
2025-11-09 19:34:14+00:00,39.288285,143.523649,10.79,1.5,cat_005416,0.4795689814814815,11.509655555555558,12.856920577821361,1.5451710102370753,-12.763732044748936,True,True,True,True,False,aftershock_0_0p5d,aftershock_0_0p5d,80.0,14.117306847600952,-9.45973198643569
2025-11-09 19:36:07.800000+00:00,39.41025,143.729069,18.9,2.4,cat_005417,0.48088611111111107,11.541266666666665,19.209239408583468,19.192655190785533,0.7981571834542126,True,True,True,True,False,aftershock_0_0p5d,aftershock_0_0p5d,80.0,17.84022067030466,12.48334095263741
2025-11-09 19:37:36.440000+00:00,39.428528,143.308366,12.33,1.6,cat_005418,0.481912037037037,11.565888888888889,17.18489352144419,-16.95017763944295,2.830578052663706,True,True,True,True,False,aftershock_0_0p5d,aftershock_0_0p5d,80.0,-10.048131087950884,-10.596410687951026
2025-11-09 19:39:27.800000+00:00,39.410295,143.718783,16.07,1.5,cat_005419,0.4832009259259259,11.596822222222222,18.326522337021956,18.308918879206736,0.8031609551532257,True,True,True,True,False,aftershock_0_0p5d,aftershock_0_0p5d,80.0,17.188698192822038,11.886236801363097
2025-11-09 19:40:24.560000+00:00,39.615816,143.4889,9.77,1.4,cat_005420,0.48385787037037037,11.612588888888888,23.69981300167071,-1.4395407565747103,23.656053474070085,True,True,True,True,False,aftershock_0_0p5d,aftershock_0_0p5d,80.0,-12.830220955088214,15.22103029699102
2025-11-09 19:41:15.800000+00:00,39.427869,143.301986,9.68,1.7,cat_005421,0.4844509259259259,11.626822222222222,17.714236397772876,-17.498331607804115,2.757300596005069,True,True,True,True,False,aftershock_0_0p5d,aftershock_0_0p5d,80.0,-10.400325329474889,-11.022792646905415
2025-11-09 19:41:53.240000+00:00,39.402478,143.663102,14.13,2.1,cat_005422,0.48488425925925926,11.637222222222222,13.525957690843297,13.525798137545092,-0.06604978642681666,True,True,True,True,False,aftershock_0_0p5d,aftershock_0_0p5d,80.0,14.271718098380688,7.997149701383861
2025-11-09 19:48:27.120000+00:00,39.614575,143.546989,11.72,2.8,cat_005423,0.4894430555555555,11.746633333333332,23.78357216971745,3.5438927391595128,23.518060570104158,True,True,True,True,False,aftershock_0_0p5d,aftershock_0_0p5d,80.0,-9.08162572915382,18.507622039214663
2025-11-09 19:52:49+00:00,39.409639,143.454476,14.67,3.5,cat_005424,0.4924740740740741,11.81937777777778,4.459445583113389,-4.399254312176853,0.7302170832744704,True,True,True,True,False,aftershock_0_0p5d,aftershock_0_0p5d,80.0,0.5844037725564717,-3.6045300390310446
2025-11-09 19:55:27.080000+00:00,39.164689,143.618945,14.51,3.0,cat_005425,0.4943037037037037,11.863288888888889,28.24270309239377,9.748369269603522,-26.506980198309726,True,True,True,True,False,aftershock_0_0p5d,aftershock_0_0p5d,80.0,29.476241248435862,-13.96222746824071
2025-11-09 19:59:08.280000+00:00,39.230269,143.732454,9.34,2.1,cat_005426,0.4968638888888889,11.924733333333332,27.382358100057676,19.508598481395822,-19.214816908959886,True,True,True,True,False,aftershock_0_0p5d,aftershock_0_0p5d,80.0,31.676973596205762,-1.9791353448051074
2025-11-09 20:01:41.060000+00:00,39.234212,143.72526,8.17,2.2,cat_005427,0.4986321759259259,11.96717222222222,26.63367872826667,18.8891907190344,-18.776375313200436,True,True,True,True,False,aftershock_0_0p5d,aftershock_0_0p5d,80.0,30.924650388292775,-2.0786682529369815
2025-11-09 20:03:16.880000+00:00,39.470605,143.422754,12.74,2.2,cat_005428,0.4997412037037037,11.993788888888888,10.349240498671795,-7.121573460316911,7.509326981086695,True,True,True,True,False,aftershock_0_0p5d,aftershock_0_0p5d,80.0,-6.020625033135559,-0.4834810123536073
