region,cell_id,along_km,across_km,x_km,y_km,event_count,cumulative_energy,first_activation_hours,peak_rate_time_30m_hours,peak_rate_time_1h_hours,first_nonzero_bin_30m_hours,first_nonzero_bin_1h_hours,longitude,latitude,distance_to_Mw6.4_km,distance_to_Mw7.1_km
Region_A,0,0.25,-3.75,-5.279021854791858,-16.567022831302662,0,0.0,,,,,,-117.60198480857827,35.53552617121932,21.121707746404855,26.71950574413247
Region_A,1,0.75,-3.75,-4.964364268015993,-16.178447738065348,0,0.0,,,,,,-117.59851757812397,35.53903003899635,20.63177980743653,26.32295641910471
Region_A,2,1.25,-3.75,-4.649706681240128,-15.78987264482803,0,0.0,,,,,,-117.59505004586173,35.54253380489491,20.14234688214242,25.929984228175755
Region_A,3,1.75,-3.75,-4.335049094464263,-15.401297551590714,0,0.0,,,,,,-117.5915822117349,35.54603746889348,19.653445952772742,25.540754286136522
Region_A,4,2.25,-3.75,-4.020391507688399,-15.012722458353398,1,1364583.136588924,24.796633333333336,24.75,24.5,24.75,24.5,-117.5881140756869,35.549541030970616,19.16511773291691,25.155440304955086
Region_A,5,2.75,-3.75,-3.7057339209125333,-14.624147365116082,1,7943282.347242805,3.5192222222222225,3.75,3.5,3.75,3.5,-117.58464563766113,35.55304449110482,18.677407143781306,24.774225000340905
Region_A,6,3.25,-3.75,-3.3910763341366685,-14.235572271878766,0,0.0,,,,,,-117.58117689760091,35.55654784927461,18.190363864216128,24.397300502286605
Region_A,7,3.75,-3.75,-3.076418747360804,-13.84699717864145,0,0.0,,,,,,-117.57770785544963,35.560051105458506,17.704042967937767,24.024868766139637
Region_A,8,4.25,-3.75,-2.761761160584938,-13.458422085404132,0,0.0,,,,,,-117.57423851115068,35.563554259634984,17.218505664214693,23.65714197999389
Region_A,9,4.75,-3.75,-2.4471035738090734,-13.069846992166816,0,0.0,,,,,,-117.5707688646474,35.56705731178258,16.73382016177419,23.294342963323672
Region_A,10,5.25,-3.75,-2.1324459870332086,-12.6812718989295,0,0.0,,,,,,-117.5672989158831,35.57056026187977,16.25006268002087,22.936705550804476
Region_A,11,5.75,-3.75,-1.817788400257343,-12.292696805692184,0,0.0,,,,,,-117.56382866480115,35.57406310990506,15.767318637061091,22.584474954172887
Region_A,12,6.25,-3.75,-1.5031308134814791,-11.904121712454868,0,0.0,,,,,,-117.56035811134487,35.577565855836916,15.285684050791474,22.23790809377132
Region_A,13,6.75,-3.75,-1.1884732267056135,-11.515546619217552,1,5069907.082747044,22.355847222222224,22.25,22.5,22.25,22.5,-117.55688725545754,35.58106849965385,14.805267197812666,21.897273890107368
Region_A,14,7.25,-3.75,-0.8738156399297488,-11.126971525980236,0,0.0,,,,,,-117.5534160970825,35.58457104133431,14.326190585659347,21.5628535043425
Region_A,15,7.75,-3.75,-0.559158053153884,-10.738396432742919,0,0.0,,,,,,-117.54994463616308,35.588073480856785,13.848593307431672,21.234940515129612
Region_A,16,8.25,-3.75,-0.24450046637801837,-10.349821339505604,0,0.0,,,,,,-117.54647287264251,35.59157581819976,13.37263386519829,20.913841017671785
Region_A,17,8.75,-3.75,0.07015712039784638,-9.961246246268288,1,8511380.38202376,5.609872222222222,5.75,5.5,5.75,5.5,-117.54300080646411,35.59507805334166,12.898493570594011,20.599873629316484
Region_A,18,9.25,-3.75,0.38481470717371113,-9.57267115303097,0,0.0,,,,,,-117.53952843757115,35.598580186260975,12.426380659253194,20.293369384485324
Region_A,19,9.75,-3.75,0.6994722939495759,-9.184096059793655,0,0.0,,,,,,-117.5360557659069,35.60208221693615,11.956535291909136,19.99467150034038
Region_A,20,10.25,-3.75,1.0141298807254415,-8.795520966556339,0,0.0,,,,,,-117.5325827914146,35.60558414534564,11.489235661464845,19.704134993393687
Region_A,21,10.75,-3.75,1.3287874675013063,-8.406945873319023,1,1412537.5446227554,12.718491666666669,12.75,12.5,12.75,12.5,-117.52910951403754,35.609085971467884,11.024805485027041,19.422126126385837
Region_A,22,11.25,-3.75,1.643445054277171,-8.018370780081707,0,0.0,,,,,,-117.5256359337189,35.61258769528134,10.56362323640375,19.149021664320006
Region_A,23,11.75,-3.75,1.9581026410530358,-7.629795686844391,0,0.0,,,,,,-117.52216205040196,35.61608931676442,10.106133572177642,18.885207918684788
Region_A,24,12.25,-3.75,2.2727602278289014,-7.241220593607073,0,0.0,,,,,,-117.51868786402996,35.61959083589559,9.65286152789435,18.63107955979235
Region_A,25,12.75,-3.75,2.5874178146047653,-6.852645500369757,0,0.0,,,,,,-117.51521337454606,35.62309225265326,9.204430214560254,18.38703817896373
Region_A,26,13.25,-3.75,2.902075401380631,-6.464070407132441,0,0.0,,,,,,-117.51173858189351,35.62659356701584,8.761582931908853,18.15349058517473
Region_A,27,13.75,-3.75,3.2167329881564966,-6.075495313895125,0,0.0,,,,,,-117.5082634860155,35.63009477896176,8.325210830406842,17.930846824882124
Region_A,28,14.25,-3.75,3.5313905749323604,-5.686920220657809,0,0.0,,,,,,-117.5047880868552,35.63359588846945,7.896387482180077,17.71951791919698
Region_A,29,14.75,-3.75,3.846048161708226,-5.298345127420493,0,0.0,,,,,,-117.50131238435583,35.6370968955173,7.476411917941458,17.51991331942315
Region_A,30,15.25,-3.75,4.160705748484092,-4.909770034183177,1,1927524.913190937,14.05649722222222,14.25,14.5,14.25,14.5,-117.49783637846052,35.640597800083725,7.066861755032703,17.332438090224304
Region_A,31,15.75,-3.75,4.4753633352599556,-4.521194940945861,0,0.0,,,,,,-117.49436006911249,35.64409860214711,6.669657784530683,17.15748983921646
Region_A,32,16.25,-3.75,4.790020922035821,-4.132619847708543,2,20891609.42119974,7.714355555555556,7.75,7.5,7.75,7.5,-117.49088345625485,35.64759930168589,6.287140435902283,16.995455422381998
Region_A,33,16.75,-3.75,5.104678508811685,-3.744044754471228,0,0.0,,,,,,-117.48740653983079,35.6510998986784,5.922156259232308,16.84670746601636
Region_A,34,17.25,-3.75,5.419336095587551,-3.355469661233912,1,660693.4480075964,11.877205555555555,11.75,11.5,11.75,11.5,-117.48392931978341,35.65460039310308,5.578147959383225,16.71160075746453
Region_A,35,17.75,-3.75,5.733993682363416,-2.966894567996596,1,1109174.8152624008,31.18166666666667,31.25,31.5,31.25,31.5,-117.48045179605586,35.65810078493829,5.259233266815428,16.59046856807386
Region_A,36,18.25,-3.75,6.04865126913928,-2.57831947475928,2,16216214.225109227,11.537444444444445,11.75,11.5,11.75,11.5,-117.47697396859127,35.6616010741624,4.970244908732859,16.483618981874226
Region_A,37,18.75,-3.75,6.363308855915146,-2.189744381521964,5,13964987.853620075,8.192063888888889,8.25,8.5,8.25,8.5,-117.47349583733275,35.6651012607538,4.716686798038613,16.391331311731882
Region_A,38,19.25,-3.75,6.6779664426910115,-1.801169288284648,10,447703574.3875265,3.643611111111111,33.25,33.5,3.75,3.5,-117.47001740222339,35.66860134469085,4.504545953678193,16.313852690346316
Region_A,39,19.75,-3.75,6.992624029466875,-1.412594195047332,5,1342530017.540374,1.8913666666666664,1.75,1.5,1.75,1.5,-117.46653866320634,35.67210132595191,4.339900246181404,16.251394925780293
Region_A,40,20.25,-3.75,7.307281616242741,-1.0240191018100142,1,9772372.209558113,9.002458333333333,9.25,9.5,9.25,9.5,-117.46305962022463,35.67560120451535,4.228301555567228,16.20413170969167
Region_A,41,20.75,-3.75,7.621939203018605,-0.6354440085727,1,933254300796.9886,1.7952,1.75,1.5,1.75,1.5,-117.45958027322139,35.679100980359514,4.174006940916495,16.172196260755456
Region_A,42,21.25,-3.75,7.9365967897944705,-0.24686891533538224,2,19911894.24336821,7.453758333333333,7.25,7.5,7.25,7.5,-117.45610062213967,35.68260065346277,4.179250392214603,16.155679475891766
Region_A,43,21.75,-3.75,8.251254376570337,0.14170617790193196,0,0.0,,,,,,-117.45262066692253,35.68610022380345,4.243811227992212,16.154628648133887
Region_A,44,22.25,-3.75,8.565911963346199,0.5302812711392497,0,0.0,,,,,,-117.44914040751303,35.689599691359895,4.365058262708479,16.169046792883794
Region_A,45,22.75,-3.75,8.880569550122065,0.9188563643765675,0,0.0,,,,,,-117.44565984385422,35.69309905611044,4.538450565429396,16.198892604799358
Region_A,46,23.25,-3.75,9.19522713689793,1.3074314576138817,0,0.0,,,,,,-117.44217897588915,35.69659831803342,4.758291020193411,16.244081046743798
Region_A,47,23.75,-3.75,9.509884723673796,1.6960065508511994,0,0.0,,,,,,-117.43869780356084,35.700097477107185,5.018479185057968,16.30448455132939
Region_A,48,24.25,-3.75,9.824542310449662,2.0845816440885137,0,0.0,,,,,,-117.43521632681234,35.70359653331003,5.313090741636824,16.37993479583776
Region_A,49,24.75,-3.75,10.139199897225524,2.4731567373258314,0,0.0,,,,,,-117.43173454558661,35.70709548662028,5.636730712644852,16.470224993826104
Region_A,50,0.25,-3.25,-5.667596948029175,-16.252365244526796,0,0.0,,,,,,-117.60627168443804,35.53836004022209,21.028733379358222,26.42023473222366
Region_A,51,0.75,-3.25,-5.352939361253309,-15.863790151289482,0,0.0,,,,,,-117.60280451865965,35.54186402986886,20.53658753148004,26.019124711203393
Region_A,52,1.25,-3.25,-5.038281774477445,-15.475215058052164,0,0.0,,,,,,-117.59933705105438,35.54536791764894,20.044830439196744,25.621492894999555
Region_A,53,1.75,-3.25,-4.72362418770158,-15.08663996481485,0,0.0,,,,,,-117.59586928156561,35.54887170354084,19.55349143335162,25.22750375284623
Region_A,54,2.25,-3.25,-4.408966600925716,-14.698064871577532,0,0.0,,,,,,-117.59240121013674,35.552375387523114,19.062602842533387,24.83733063417299
Region_A,55,2.75,-3.25,-4.09430901414985,-14.309489778340218,1,5821032.17770871,3.2202777777777776,3.25,3.5,3.25,3.5,-117.58893283671112,35.555878969574245,18.572200382027138,24.45115621934034
Region_A,56,3.25,-3.25,-3.779651427373985,-13.9209146851029,0,0.0,,,,,,-117.58546416123212,35.55938244967278,18.082323604232275,24.069172979019104
Region_A,57,3.75,-3.25,-3.46499384059812,-13.532339591865586,0,0.0,,,,,,-117.58199518364313,35.56288582779722,17.59301642204038,23.691583639033105
Region_A,58,4.25,-3.25,-3.1503362538222546,-13.143764498628268,0,0.0,,,,,,-117.57852590388747,35.56638910392605,17.10432771915311,23.318601646682392
Region_A,59,4.75,-3.25,-2.83567866704639,-12.75518940539095,0,0.0,,,,,,-117.57505632190848,35.56989227803779,16.616312064420196,22.95045163363929
Region_A,60,5.25,-3.25,-2.521021080270525,-12.366614312153636,0,0.0,,,,,,-117.57158643764949,35.57339535011094,16.12903055115846,22.587369869450807
Region_A,61,5.75,-3.25,-2.2063634934946594,-11.978039218916319,0,0.0,,,,,,-117.56811625105385,35.576898320124,15.642551787295123,22.229604698481072
Region_A,62,6.25,-3.25,-1.8917059067187956,-11.589464125679005,0,0.0,,,,,,-117.56464576206483,35.580401188055426,15.156953068351724,21.877416951781342
Region_A,63,6.75,-3.25,-1.57704831994293,-11.200889032441687,1,638263.4861905483,29.495016666666665,29.25,29.5,29.25,29.5,-117.5611749706258,35.58390395388372,14.672321773128598,21.531080323881735
Region_A,64,7.25,-3.25,-1.2623907331670652,-10.812313939204373,0,0.0,,,,,,-117.55770387668,35.587406617587355,14.18875703196832,21.190881702864676
Region_A,65,7.75,-3.25,-0.9477331463912004,-10.423738845967055,1,1862087.1366628653,24.30731111111111,24.25,24.5,24.25,24.5,-117.55423248017074,35.59090917914482,13.70637173033904,20.857121440317755
Region_A,66,8.25,-3.25,-0.6330755596153348,-10.035163752729739,0,0.0,,,,,,-117.5507607810413,35.594411638534574,13.22529492707985,20.530113545899354
Region_A,67,8.75,-3.25,-0.31841797283947004,-9.646588659492423,0,0.0,,,,,,-117.54728877923496,35.597913995735084,12.745674788187987,20.210185789321134
Region_A,68,9.25,-3.25,-0.003760386063605292,-9.258013566255105,0,0.0,,,,,,-117.543816474695,35.60141625072481,12.267682165114065,19.897679690613064
Region_A,69,9.75,-3.25,0.31089720071225946,-8.86943847301779,1,72443596.0074989,1.146961111111111,1.25,1.5,1.25,1.5,-117.54034386736464,35.6049184034822,11.791514983337153,19.59295037766373
Region_A,70,10.25,-3.25,0.6255547874881251,-8.480863379780473,0,0.0,,,,,,-117.53687095718715,35.608420453985715,11.317403655444625,19.296366288318403
Region_A,71,10.75,-3.25,0.9402123742639898,-8.092288286543159,0,0.0,,,,,,-117.53339774410577,35.61192240221379,10.845617796985023,19.00830869289292
Region_A,72,11.25,-3.25,1.2548699610398546,-7.703713193305842,0,0.0,,,,,,-117.52992422806373,35.61542424814488,10.376474608280263,18.729171011971307
Region_A,73,11.75,-3.25,1.5695275478157193,-7.315138100068526,1,6918309.709189363,30.287277777777778,30.25,30.5,30.25,30.5,-117.52645040900427,35.618925991757436,9.91034939819439,18.45935790397445
Region_A,74,12.25,-3.25,1.884185134591585,-6.926563006831208,1,1109174.8152624008,30.569619444444445,30.75,30.5,30.75,30.5,-117.52297628687057,35.622427633029844,9.447688875714457,18.199284097413877
Region_A,75,12.75,-3.25,2.198842721367449,-6.537987913593892,0,0.0,,,,,,-117.51950186160583,35.625929171940584,8.989028033681146,17.94937294419332
Region_A,76,13.25,-3.25,2.5135003081433145,-6.149412820356576,0,0.0,,,,,,-117.51602713315329,35.62943060846804,8.535011709910677,17.710054673012642
Region_A,77,13.75,-3.25,2.82815789491918,-5.76083772711926,0,0.0,,,,,,-117.51255210145614,35.63293194259068,8.086422248826684,17.481764326075748
Region_A,78,14.25,-3.25,3.142815481695044,-5.372262633881944,0,0.0,,,,,,-117.5090767664575,35.63643317428685,7.644215112379168,17.264939368089664
Region_A,79,14.75,-3.25,3.4574730684709096,-4.983687540644628,0,0.0,,,,,,-117.50560112810061,35.63993430353502,7.20956479840031,17.06001696409385
Region_A,80,15.25,-3.25,3.7721306552467753,-4.595112447407312,0,0.0,,,,,,-117.5021251863286,35.64343533031358,6.78392397365564,16.867430932021854
Region_A,81,15.75,-3.25,4.086788242022639,-4.206537354169996,1,3349654.3915782725,13.405072222222223,13.25,13.5,13.25,13.5,-117.49864894108465,35.64693625460091,6.3690991810731425,16.687608387000374
Region_A,82,16.25,-3.25,4.401445828798504,-3.8179622609326787,0,0.0,,,,,,-117.49517239231187,35.65043707637543,5.967346502119128,16.520966107018165
Region_A,83,16.75,-3.25,4.716103415574368,-3.4293871676953627,0,0.0,,,,,,-117.49169553995341,35.65393779561551,5.581489422578907,16.367906663364156
Region_A,84,17.25,-3.25,5.030761002350234,-3.0408120744580467,0,0.0,,,,,,-117.48821838395243,35.65743841229957,5.21505743711103,16.22881437357512
Region_A,85,17.75,-3.25,5.3454185891260995,-2.6522369812207307,0,0.0,,,,,,-117.48474092425202,35.660938926405976,4.872435117102525,16.10405114880464
Region_A,86,18.25,-3.25,5.660076175901963,-2.2636618879834147,1,342767.78654645046,14.941061111111113,14.75,14.5,14.75,14.5,-117.48126316079534,35.66443933791309,4.558993734189677,15.993952320632747
Region_A,87,18.75,-3.25,5.974733762677829,-1.8750867947460987,5,510238002.40972024,7.622725,13.25,13.5,7.75,7.5,-117.47778509352543,35.66793964679931,4.281147482438274,15.898822543384506
Region_A,88,19.25,-3.25,6.289391349453695,-1.4865117015087828,2,3909108.8574191895,2.8501777777777777,2.75,2.5,2.75,2.5,-117.47430672238542,35.671439853043005,4.046235740091575,15.81893187599558
Region_A,89,19.75,-3.25,6.6040489362295585,-1.0979366082714668,9,1367072339104.3616,1.2214277777777778,1.25,1.5,1.25,1.5,-117.47082804731839,35.67493995662252,3.862100925972966,15.754512151404331
Region_A,90,20.25,-3.25,6.918706523005424,-0.709361515034149,0,0.0,,,,,,-117.46734906826745,35.67843995751621,3.736257948858466,15.705753740591517
Region_A,91,20.75,-3.25,7.233364109781288,-0.3207864217968348,1,758577.5750291835,31.75988611111111,31.75,31.5,31.75,31.5,-117.46386978517562,35.681939855702474,3.674700444718577,15.672802812243317
Region_A,92,21.25,-3.25,7.548021696557154,0.06778867144048295,1,3349654.3915782725,33.53835277777778,33.75,33.5,33.75,33.5,-117.46039019798603,35.68543965115962,3.680655275412483,15.655759177466281
Region_A,93,21.75,-3.25,7.862679283333019,0.45636376467779716,0,0.0,,,,,,-117.45691030664167,35.68893934386601,3.7538011607474076,15.654674792348048
Region_A,94,22.25,-3.25,8.177336870108883,0.8449388579151149,0,0.0,,,,,,-117.45343011108561,35.692438933800005,3.8903499909950785,15.66955297018824
Region_A,95,22.75,-3.25,8.491994456884749,1.2335139511524327,0,0.0,,,,,,-117.4499496112609,35.695938420939896,4.083946981835372,15.700348331068733
Region_A,96,23.25,-3.25,8.806652043660614,1.6220890443897469,0,0.0,,,,,,-117.44646880711056,35.69943780526406,4.326941512020827,15.746967490544028
Region_A,97,23.75,-3.25,9.121309630436478,2.0106641376270646,0,0.0,,,,,,-117.4429876985776,35.702937086750794,4.611531496851768,15.80927046323163
Region_A,98,24.25,-3.25,9.435967217212344,2.399239230864379,0,0.0,,,,,,-117.43950628560506,35.70643626537844,4.9305195106056265,15.887072732601364
Region_A,99,24.75,-3.25,9.750624803988208,2.7878143241016966,0,0.0,,,,,,-117.43602456813592,35.709935341125316,5.277672076064368,15.980147916784858
Region_A,100,0.25,-2.75,-6.056172041266491,-15.937707657750932,0,0.0,,,,,,-117.61055886232377,35.54119375503201,20.947284238194946,26.127105071187408
Region_A,101,0.75,-2.75,-5.741514454490625,-15.549132564513616,0,0.0,,,,,,-117.60709176126372,35.544697866551815,20.45317864914247,25.721424276898517
Region_A,102,1.25,-2.75,-5.426856867714761,-15.1605574712763,0,0.0,,,,,,-117.60362435835788,35.548201876216716,19.959366642049144,25.3191175648675
Region_A,103,1.75,-2.75,-5.112199280938896,-14.771982378038985,0,0.0,,,,,,-117.6001566535496,35.551705784005264,19.465870559770785,24.92034834617967
Region_A,104,2.25,-2.75,-4.797541694163032,-14.383407284801669,0,0.0,,,,,,-117.5966886467823,35.55520958989598,18.972715054724187,24.52528917518196
Region_A,105,2.75,-2.75,-4.482884107387166,-13.994832191564353,1,2371373.7056616554,27.409205555555555,27.25,27.5,27.25,27.5,-117.59322033799933,35.558713293867356,18.47992739287048,24.13412224543613
Region_A,106,3.25,-2.75,-4.1682265206113005,-13.606257098327037,0,0.0,,,,,,-117.58975172714403,35.56221689589795,17.98753780659742,23.747039899511954
Region_A,107,3.75,-2.75,-3.853568933835436,-13.21768200508972,0,0.0,,,,,,-117.58628281415976,35.56572039596623,17.495579905844174,23.36424514980894
Region_A,108,4.25,-2.75,-3.5389113470595706,-12.829106911852403,0,0.0,,,,,,-117.58281359898983,35.56922379405074,17.004091158888357,22.98595220676594
Region_A,109,4.75,-2.75,-3.224253760283706,-12.440531818615087,0,0.0,,,,,,-117.57934408157763,35.57272709012995,16.51311345681946,22.612387009846742
Region_A,110,5.25,-2.75,-2.909596173507841,-12.05195672537777,0,0.0,,,,,,-117.57587426186645,35.57623028418239,16.02269377900604,22.243787755560955
Region_A,111,5.75,-2.75,-2.5949385867319754,-11.663381632140455,0,0.0,,,,,,-117.57240413979957,35.57973337618651,15.532884981026728,21.880405415480794
Region_A,112,6.25,-2.75,-2.2802809999561116,-11.274806538903139,0,0.0,,,,,,-117.56893371532036,35.58323636612084,15.04374673184219,21.522504235733322
Region_A,113,6.75,-2.75,-1.965623413180246,-10.886231445665823,0,0.0,,,,,,-117.56546298837206,35.586739253963835,14.555346633791286,21.170362207778034
Region_A,114,7.25,-2.75,-1.6509658264043812,-10.497656352428507,0,0.0,,,,,,-117.56199195889798,35.59024203969399,14.067761567777094,20.8242714984192
Region_A,115,7.75,-2.75,-1.3363082396285164,-10.10908125919119,0,0.0,,,,,,-117.55852062684141,35.59374472328978,13.581079317411891,20.48453882495849
Region_A,116,8.25,-2.75,-1.0216506528526508,-9.720506165953875,0,0.0,,,,,,-117.55504899214561,35.59724730472966,13.095400540794463,20.151485759183853
Region_A,117,8.75,-2.75,-0.706993066076786,-9.331931072716557,1,1035142.1666793432,19.89915,19.75,19.5,19.75,19.5,-117.55157705475385,35.60074978399211,12.610841178202456,19.825448941548515
Region_A,118,9.25,-2.75,-0.3923354793009213,-8.943355979479241,0,0.0,,,,,,-117.54810481460939,35.604252161055584,12.127535409960819,19.506780184471882
Region_A,119,9.75,-2.75,-0.07767789252505652,-8.554780886241925,0,0.0,,,,,,-117.54463227165546,35.60775443589853,11.645639313402265,19.195846441265946
Region_A,120,10.25,-2.75,0.23697969425080911,-8.16620579300461,0,0.0,,,,,,-117.5411594258353,35.611256608499424,11.165335414391597,18.893029614861142
Region_A,121,10.75,-2.75,0.5516372810266739,-7.777630699767293,0,0.0,,,,,,-117.53768627709216,35.61475867883669,10.686838391866608,18.598726178407432
Region_A,122,11.25,-2.75,0.8662948678025386,-7.389055606529977,0,0.0,,,,,,-117.53421282536924,35.618260646888764,10.210402279630362,18.313346578130815
Region_A,123,11.75,-2.75,1.1809524545784034,-7.000480513292661,0,0.0,,,,,,-117.53073907060976,35.62176251263412,9.736329627220298,18.037314387737805
Region_A,124,12.25,-2.75,1.495610041354269,-6.6119054200553435,0,0.0,,,,,,-117.52726501275691,35.625264276051155,9.264983243799987,17.771065183422486
Region_A,125,12.75,-2.75,1.8102676281301329,-6.223330326818028,0,0.0,,,,,,-117.52379065175391,35.62876593711832,8.796801373561948,17.51504510941404
Region_A,126,13.25,-2.75,2.1249252149059985,-5.834755233580712,0,0.0,,,,,,-117.52031598754395,35.63226749581402,8.332317462981607,17.26970910629841
Region_A,127,13.75,-2.75,2.439582801681864,-5.446180140343396,0,0.0,,,,,,-117.51684102007019,35.635768952116706,7.87218611326708,17.035518778350248
Region_A,128,14.25,-2.75,2.754240388457728,-5.05760504710608,0,0.0,,,,,,-117.5133657492758,35.63927030600477,7.417217409508899,16.812939882093247
Region_A,129,14.75,-2.75,3.0688979752335936,-4.669029953868764,0,0.0,,,,,,-117.50989017510395,35.64277155745662,6.968422633417747,16.602439426489088
Region_A,130,15.25,-2.75,3.3835555620094593,-4.280454860631448,0,0.0,,,,,,-117.50641429749783,35.646272706450674,6.527075447391088,16.404482385665112
Region_A,131,15.75,-2.75,3.698213148785323,-3.8918797673941317,0,0.0,,,,,,-117.5029381164005,35.64977375296531,6.094793991099487,16.21952803792252
Region_A,132,16.25,-2.75,4.012870735561188,-3.503304674156814,0,0.0,,,,,,-117.49946163175518,35.65327469697896,5.6736508256984965,16.048025959734495
Region_A,133,16.75,-2.75,4.327528322337052,-3.114729580919498,0,0.0,,,,,,-117.49598484350496,35.65677553847,5.266318789245108,15.890411720143375
Region_A,134,17.25,-2.75,4.642185909112918,-2.726154487682182,1,2818382931.264449,16.712530555555556,16.75,16.5,16.75,16.5,-117.49250775159294,35.66027627741682,4.876260194858648,15.74710233874879
Region_A,135,17.75,-2.75,4.9568434958887835,-2.337579394444866,2,17339152.03279238,7.598958333333333,7.75,7.5,7.75,7.5,-117.48903035596229,35.66377691379779,4.50796111185198,15.61849158844686
Region_A,136,18.25,-2.75,5.271501082664647,-1.94900430120755,2,1848755.504173023,31.249038888888887,31.25,31.5,31.25,31.5,-117.48555265655607,35.66727744759131,4.167194893927637,15.504945241107528
Region_A,137,18.75,-2.75,5.586158669440513,-1.560429207970234,1,3845917.8204535353,18.083630555555555,18.25,18.5,18.25,18.5,-117.48207465331738,35.670777878775745,3.861257979206182,15.406796369171
Region_A,138,19.25,-2.75,5.900816256216379,-1.171854114732918,7,896400335.2285857,1.2488555555555556,14.25,14.5,1.25,1.5,-117.47859634618932,35.67427820732946,3.599043356225408,15.324340827339308
Region_A,139,19.75,-2.75,6.2154738429922425,-0.783279021495602,8,514877267.35139346,7.700927777777778,7.75,7.5,7.75,7.5,-117.47511773511496,35.67777843323082,3.3907098044505486,15.257833044827041
Region_A,140,20.25,-2.75,6.530131429768108,-0.39470392825828426,1,3126079.3671239493,17.90493611111111,17.75,17.5,17.75,17.5,-117.47163882003738,35.68127855645819,3.2466464045232746,15.20748225891366
Region_A,141,20.75,-2.75,6.844789016543972,-0.006128835020970058,6,35160005906.23456,9.132988888888889,9.25,9.5,9.25,9.5,-117.46815960089963,35.684778576989935,3.1756121888559923,15.173449314066048
Region_A,142,21.25,-2.75,7.159446603319838,0.3824462582163477,3,273920275.4520282,0.8147,0.75,0.5,0.75,0.5,-117.46468007764474,35.68827849480439,3.1825010089578254,15.155844137423987
Region_A,143,21.75,-2.75,7.474104190095703,0.7710213514536619,2,502187233.6272715,1.13705,1.25,1.5,1.25,1.5,-117.46120025021582,35.6917783098799,3.2668199475980337,15.154723981295298
Region_A,144,22.25,-2.75,7.788761776871567,1.1595964446909797,1,2818382.931264455,30.51267222222222,30.75,30.5,30.75,30.5,-117.45772011855586,35.69527802219482,3.422851511244863,15.170092497430737
Region_A,145,22.75,-2.75,8.103419363647433,1.5481715379282974,0,0.0,,,,,,-117.45423968260786,35.69877763172748,3.6413887963300597,15.201899677736398
Region_A,146,23.25,-2.75,8.418076950423298,1.9367466311656116,0,0.0,,,,,,-117.4507589423149,35.702277138456225,3.9119703812842093,15.250042663655723
Region_A,147,23.75,-2.75,8.732734537199162,2.3253217244029294,0,0.0,,,,,,-117.44727789761995,35.70577654235937,4.224607929980219,15.314367393878124
Region_A,148,24.25,-2.75,9.047392123975028,2.7138968176402436,3,194634807.991064,16.267802777777778,16.25,16.5,16.25,16.5,-117.44379654846604,35.70927584341524,4.570679605929362,15.394671029484037
Region_A,149,24.75,-2.75,9.362049710750892,3.1024719108775614,1,6025595.860743568,5.21956111111111,5.25,5.5,5.25,5.5,-117.44031489479616,35.71277504160217,4.943168210577646,15.490705069085548
Region_A,150,0.25,-2.25,-6.444747134503807,-15.623050070975067,0,0.0,,,,,,-117.61484634227189,35.54402731562259,20.877495213059593,25.840325762186826
Region_A,151,0.75,-2.25,-6.130089547727942,-15.23447497773775,0,0.0,,,,,,-117.61137930597263,35.547531549018714,20.381697825974488,25.430070446762308
Region_A,152,1.25,-2.25,-5.815431960952077,-14.845899884500435,0,0.0,,,,,,-117.60791196780866,35.55103568057176,19.886110885925884,25.023079953487965
Region_A,153,1.75,-2.25,-5.500774374176212,-14.457324791263119,0,0.0,,,,,,-117.60444432772337,35.55453971026023,19.390750528675955,24.619516197318116
Region_A,154,2.25,-2.25,-5.186116787400348,-14.068749698025803,0,0.0,,,,,,-117.60097638566009,35.5580436380627,18.895634574243694,24.219550475212518
Region_A,155,2.75,-2.25,-4.871459200624482,-13.680174604788487,2,2612058.318919549,5.980311111111111,5.75,5.5,5.75,5.5,-117.59750814156222,35.56154746395762,18.400782751322307,23.823364007896206
Region_A,156,3.25,-2.25,-4.556801613848617,-13.291599511551171,1,2137962.0895022326,19.30892777777778,19.25,19.5,19.25,19.5,-117.5940395953731,35.56505118792357,17.906216958346263,23.431148501174288
Region_A,157,3.75,-2.25,-4.242144027072753,-12.903024418313855,1,1621810.09735893,10.080505555555556,10.25,10.5,10.25,10.5,-117.59057074703601,35.56855480993904,17.411961568340722,23.043106724472718
Region_A,158,4.25,-2.25,-3.927486440296887,-12.514449325076537,0,0.0,,,,,,-117.58710159649435,35.572058329982525,16.918043786306413,22.659453103435602
Region_A,159,4.75,-2.25,-3.6128288535210222,-12.125874231839221,0,0.0,,,,,,-117.5836321436914,35.57556174803253,16.42449406993676,22.280414322407808
Region_A,160,5.25,-2.25,-3.2981712667451575,-11.737299138601905,1,1148153.6214968818,4.805944444444445,4.75,4.5,4.75,4.5,-117.5801623885705,35.57906506406756,15.931346627055564,21.906229931449015
Region_A,161,5.75,-2.25,-2.983513679969292,-11.34872404536459,0,0.0,,,,,,-117.57669233107491,35.58256827806609,15.438640006470825,21.537152951141675
Region_A,162,6.25,-2.25,-2.668856093193428,-10.960148952127273,0,0.0,,,,,,-117.57322197114794,35.586071390006644,14.946417803186433,21.173450466851833
Region_A,163,6.75,-2.25,-2.3541985064175623,-10.571573858889957,1,12882495.516931323,22.776855555555557,22.75,22.5,22.75,22.5,-117.56975130873293,35.58957439986767,14.454729504401499,20.815404202262943
Region_A,164,7.25,-2.25,-2.0395409196416976,-10.182998765652641,0,0.0,,,,,,-117.56628034377309,35.59307730762766,13.963631509869561,20.46331105991754
Region_A,165,7.75,-2.25,-1.7248833328658328,-9.794423672415324,0,0.0,,,,,,-117.56280907621172,35.59658011326509,13.47318836955191,20.117483614167583
Region_A,166,8.25,-2.25,-1.4102257460899672,-9.40584857917801,0,0.0,,,,,,-117.55933750599206,35.60008281675846,12.983474293864326,19.77825053935911
Region_A,167,8.75,-2.25,-1.0955681593141025,-9.017273485940693,0,0.0,,,,,,-117.55586563305742,35.60358541808617,12.494575008276293,19.445956953285084
Region_A,168,9.25,-2.25,-0.7809105725382377,-8.628698392703376,1,83176377.11026709,29.994338888888887,29.75,29.5,29.75,29.5,-117.55239345735097,35.607087917226735,12.006590046114232,19.120964652976436
Region_A,169,9.75,-2.25,-0.46625298576237295,-8.24012329946606,0,0.0,,,,,,-117.548920978816,35.610590314158586,11.519635603327746,18.803652216836277
Region_A,170,10.25,-2.25,-0.1515953989865073,-7.851548206228744,0,0.0,,,,,,-117.54544819739571,35.61409260886019,11.033848119829411,18.49441494406053
Region_A,171,10.75,-2.25,0.16306218778935744,-7.462973112991428,0,0.0,,,,,,-117.54197511303335,35.617594801309984,10.549388808337186,18.193664599372145
Region_A,172,11.25,-2.25,0.4777197745652222,-7.074398019754112,0,0.0,,,,,,-117.53850172567209,35.62109689148642,10.066449430036227,17.90182892851468
Region_A,173,11.75,-2.25,0.7923773613410869,-6.685822926516796,0,0.0,,,,,,-117.53502803525515,35.624598879367916,9.585259726553245,17.619350907941033
Region_A,174,12.25,-2.25,1.1070349481169526,-6.297247833279478,0,0.0,,,,,,-117.53155404172576,35.628100764932924,9.106097074130627,17.34668769098355
Region_A,175,12.75,-2.25,1.4216925348928164,-5.908672740042162,0,0.0,,,,,,-117.52807974502703,35.63160254815988,8.6292991500757,17.084309212838484
Region_A,176,13.25,-2.25,1.736350121668682,-5.520097646804846,0,0.0,,,,,,-117.5246051451022,35.6351042290272,8.155280725977741,16.832696418317404
Region_A,177,13.75,-2.25,2.0510077084445477,-5.13152255356753,0,0.0,,,,,,-117.52113024189443,35.6386058075133,7.684556175701423,16.592339079906523
Region_A,178,14.25,-2.25,2.3656652952204116,-4.742947460330214,0,0.0,,,,,,-117.51765503534683,35.642107283596594,7.2177699821702355,16.36373317962472
Region_A,179,14.75,-2.25,2.680322881996277,-4.354372367092898,0,0.0,,,,,,-117.51417952540262,35.6456086572555,6.755738554260708,16.147377836828756
Region_A,180,15.25,-2.25,2.994980468772143,-3.9657972738555824,0,0.0,,,,,,-117.51070371200493,35.64910992846842,6.299508180130526,15.94377177573319
Region_A,181,15.75,-2.25,3.3096380555480067,-3.5772221806182665,0,0.0,,,,,,-117.50722759509686,35.65261109721376,5.850436155496293,15.753409341092611
Region_A,182,16.25,-2.25,3.6242956423238724,-3.1886470873809487,1,758577.5750291835,16.461391666666668,16.25,16.5,16.25,16.5,-117.50375117462158,35.65611216346991,5.410305269348955,15.576776088118542
Region_A,183,16.75,-2.25,3.938953229099736,-2.8000719941436327,3,16615390.738504289,11.993980555555556,11.75,11.5,11.75,11.5,-117.50027445052217,35.65961312721528,4.981486023823805,15.414343992876871
Region_A,184,17.25,-2.25,4.253610815875602,-2.4114969009063167,4,8339881.900058543,19.906927777777774,19.75,19.5,19.75,19.5,-117.49679742274175,35.66311398842823,4.567165740758566,15.266566351413044
Region_A,185,17.75,-2.25,4.5682684026514675,-2.0229218076690008,0,0.0,,,,,,-117.49332009122344,35.66661474708717,4.171666669517781,15.133872458609352
Region_A,186,18.25,-2.25,4.882925989427331,-1.6343467144316848,2,3818382.931264455,12.688380555555556,12.75,12.5,12.75,12.5,-117.4898424559103,35.67011540317046,3.800868676970096,15.016662179885792
Region_A,187,18.75,-2.25,5.197583576203197,-1.2457716211943688,1,3019951.720402019,14.188905555555555,14.25,14.5,14.25,14.5,-117.48636451674548,35.6736159566565,3.462716072330973,14.91530054863696
Region_A,188,19.25,-2.25,5.512241162979063,-0.8571965279570528,10,24473829.916701015,4.7874333333333325,4.75,4.5,4.75,4.5,-117.48288627367198,35.677116407523634,3.1676809333621465,14.830112537925249
Region_A,189,19.75,-2.25,5.8268987497549265,-0.46862143471973683,14,357554552.6206141,3.376644444444445,8.25,8.5,3.25,3.5,-117.4794077266329,35.68061675575024,2.92882269753444,14.761378164618822
Region_A,190,20.25,-2.25,6.141556336530792,-0.08004634148241907,15,3099218764.4845066,3.5857166666666664,24.75,24.5,3.75,3.5,-117.47592887557131,35.68411700131467,2.760761179747307,14.709328086294187
Region_A,191,20.75,-2.25,6.456213923306656,0.30852875175489514,8,203780252.32863295,0.2735,0.25,0.5,0.25,0.5,-117.47244972043025,35.68761714419529,2.67686424564388,14.674139844692794
Region_A,192,21.25,-2.25,6.770871510082522,0.6971038449922129,2,320702341.48530316,1.481888888888889,1.25,1.5,1.25,1.5,-117.46897026115276,35.69111718437045,2.6850329770066907,14.655934893856424
Region_A,193,21.75,-2.25,7.085529096858387,1.085678938229527,1,86099375.21846,1.59115,1.75,1.5,1.75,1.5,-117.4654904976819,35.6946171218185,2.784457215620354,14.654776526590776
Region_A,194,22.25,-2.25,7.400186683634251,1.4742540314668449,3,83815314.84806359,2.746355555555555,2.75,2.5,2.75,2.5,-117.46201042996067,35.698116956517765,2.9659740193783017,14.670668780790933
Region_A,195,22.75,-2.25,7.714844270410117,1.8628291247041626,0,0.0,,,,,,-117.45853005793205,35.7016166884466,3.2157117068596053,14.703556369362868
Region_A,196,23.25,-2.25,8.029501857185982,2.251404217941477,0,0.0,,,,,,-117.45504938153915,35.705116317583325,3.519176278568716,14.753325636560358
Region_A,197,23.75,-2.25,8.344159443961846,2.6399793111787946,0,0.0,,,,,,-117.4515684007249,35.7086158439063,3.863728973109732,14.819806502439452
Region_A,198,24.25,-2.25,8.658817030737712,3.028554404416109,3,96618843.45990111,32.37283055555556,32.75,32.5,32.25,32.5,-117.44808711543227,35.71211526739381,4.239363333763033,14.902775318748667
Region_A,199,24.75,-2.25,8.973474617513576,3.4171294976534266,1,2630267.9918953814,32.03974166666667,32.25,32.5,32.25,32.5,-117.4446055256043,35.71561458802419,4.638534399318522,15.001958526554526
Region_A,200,0.25,-1.75,-6.833322227741123,-15.308392484199203,0,0.0,,,,,,-117.61913412431892,35.5468607219673,20.81948356196479,25.56011055514051
Region_A,201,0.75,-1.75,-6.518664640965258,-14.919817390961887,0,0.0,,,,,,-117.61566715282288,35.550365077243036,20.322270928341865,25.145283832606925
Region_A,202,1.25,-1.75,-6.204007054189393,-14.531242297724571,0,0.0,,,,,,-117.61219987944325,35.553869330687505,19.825198500467426,24.733607631191223
Region_A,203,1.75,-1.75,-5.889349467413528,-14.142667204487255,1,555904.2572704037,29.392888888888887,29.25,29.5,29.25,29.5,-117.60873230412341,35.55737348227923,19.32827709551326,24.325241908048486
Region_A,204,2.25,-1.75,-5.574691880637664,-13.754092111249939,14,414814138.34119076,18.63152222222222,27.25,27.5,18.75,18.5,-117.60526442680664,35.56087753199674,18.831518668948334,23.920356212156126
Region_A,205,2.75,-1.75,-5.260034293861798,-13.365517018012623,7,82252525.54251078,5.085222222222222,5.25,5.5,5.25,5.5,-117.60179624743635,35.56438147981853,18.334936467764386,23.519130271925317
Region_A,206,3.25,-1.75,-4.945376707085933,-12.976941924775307,3,25011277.063473497,2.661088888888889,2.75,5.5,2.75,2.5,-117.59832776595584,35.567885325723154,17.83854520903998,23.121754608574832
Region_A,207,3.75,-1.75,-4.630719120310069,-12.588366831537991,1,7413102.413009162,13.325822222222222,13.25,13.5,13.25,13.5,-117.59485898230847,35.57138906968908,17.342361288849048,22.728431173543612
Region_A,208,4.25,-1.75,-4.316061533534203,-12.199791738300673,5,20113548.786440175,10.20256388888889,16.75,16.5,10.25,10.5,-117.59138989643753,35.57489271169486,16.846403027678544,22.339374007385857
Region_A,209,4.75,-1.75,-4.001403946758338,-11.811216645063357,0,0.0,,,,,,-117.58792050828633,35.57839625171897,16.350690959986483,21.95480991658148
Region_A,210,5.25,-1.75,-3.6867463599824735,-11.422641551826041,1,3845917.8204535353,4.989383333333333,4.75,4.5,4.75,4.5,-117.58445081779819,35.58189968973993,15.855248177401403,21.57497916347967
Region_A,211,5.75,-1.75,-3.372088773206608,-11.034066458588725,0,0.0,,,,,,-117.58098082491642,35.58540302573619,15.360100737462544,21.20013616314621
Region_A,212,6.25,-1.75,-3.057431186430744,-10.64549136535141,0,0.0,,,,,,-117.57751052958426,35.58890625968627,14.865278152897247,20.830550179179077
Region_A,213,6.75,-1.75,-2.7427735996548783,-10.256916272114093,0,0.0,,,,,,-117.574039931745,35.59240939156866,14.370813980460921,20.46650600856568
Region_A,214,7.25,-1.75,-2.4281160128790136,-9.868341178876777,2,3401596.937042653,10.78818888888889,10.75,10.5,10.75,10.5,-117.57056903134192,35.595912421361824,13.876746533644615,20.108304643356007
Region_A,215,7.75,-1.75,-2.113458426103149,-9.47976608563946,0,0.0,,,,,,-117.56709782831828,35.59941534904424,13.383119750529945,19.756263894303764
Region_A,216,8.25,-1.75,-1.7988008393272832,-9.091190992402144,0,0.0,,,,,,-117.56362632261732,35.60291817459439,12.889984257361665,19.410718958676625
Region_A,217,8.75,-1.75,-1.4841432525514184,-8.702615899164828,0,0.0,,,,,,-117.5601545141823,35.60642089799072,12.397398680894245,19.072022911167178
Region_A,218,9.25,-1.75,-1.1694856657755537,-8.314040805927512,0,0.0,,,,,,-117.55668240295643,35.60992351921172,11.905431279506224,18.740547093279947
Region_A,219,9.75,-1.75,-0.8548280789996889,-7.925465712690196,0,0.0,,,,,,-117.55320998888295,35.61342603823581,11.414161986280552,18.41668137278813
Region_A,220,10.25,-1.75,-0.5401704922238233,-7.53689061945288,0,0.0,,,,,,-117.5497372719051,35.61692845504147,10.923684989373271,18.100834240944778
Region_A,221,10.75,-1.75,-0.22551290544795854,-7.148315526215564,0,0.0,,,,,,-117.54626425196604,35.62043076960714,10.434112019959615,17.793432711242552
Region_A,222,11.25,-1.75,0.0891446813279062,-6.759740432978248,0,0.0,,,,,,-117.54279092900902,35.62393298191127,9.945576581730824,17.4949219798453
Region_A,223,11.75,-1.75,0.40380226810377096,-6.371165339740932,0,0.0,,,,,,-117.53931730297718,35.62743509193228,9.45823944722692,17.205764804629638
Region_A,224,12.25,-1.75,0.7184598548796366,-5.982590246503614,0,0.0,,,,,,-117.53584337381376,35.63093709964863,8.972295878931222,16.926440557411635
Region_A,225,12.75,-1.75,1.0331174416555005,-5.594015153266298,0,0.0,,,,,,-117.53236914146191,35.634439005038715,8.487985228373873,16.65744390280055
Region_A,226,13.25,-1.75,1.347775028431366,-5.205440060028982,1,501187.2336272715,12.415880555555557,12.25,12.5,12.25,12.5,-117.52889460586479,35.63794080808099,8.005603858242043,16.39928305769203
Region_A,227,13.75,-1.75,1.6624326152072317,-4.816864966791666,2,9811576.98312042,17.158705555555553,17.25,17.5,17.25,17.5,-117.52541976696557,35.64144250875388,7.525522774738425,16.15247758821112
Region_A,228,14.25,-1.75,1.9770902019830956,-4.42828987355435,2,26758855.966146618,20.238275,20.25,20.5,20.25,20.5,-117.5219446247074,35.64494410703576,7.048212037893977,15.917555706483965
Region_A,229,14.75,-1.75,2.2917477887589612,-4.039714780317034,3,64068381.547122054,0.8188666666666666,0.75,0.5,0.75,0.5,-117.51846917903342,35.6484456029051,6.574275080122554,15.695051038476363
Region_A,230,15.25,-1.75,2.606405375534827,-3.6511396870797177,11,22723235569.90556,8.524980555555556,9.75,9.5,8.75,8.5,-117.51499342988674,35.65194699634024,6.104497745689422,15.485498846719006
Region_A,231,15.75,-1.75,2.9210629623106907,-3.2625645938424017,23,8982495078.194944,1.2618166666666666,9.75,9.5,1.25,1.5,-117.51151737721051,35.65544828731964,5.63991955839213,15.28943170831059
Region_A,232,16.25,-1.75,3.2357205490865564,-2.873989500605084,8,466770049.67648506,2.111083333333333,2.25,11.5,2.25,2.5,-117.50804102094789,35.658949475821686,5.181939069802046,15.10737466916244
Region_A,233,16.75,-1.75,3.5503781358624202,-2.485414407367768,4,7516089.66624382,4.163277777777777,4.25,4.5,4.25,4.5,-117.50456436104189,35.66245056182474,4.732472125765532,14.939839919684836
Region_A,234,17.25,-1.75,3.865035722638286,-2.096839314130452,8,4387228113.409785,0.5788833333333333,0.75,15.5,0.75,0.5,-117.50108739743567,35.665951545307216,4.294192860032554,14.787321064248463
Region_A,235,17.75,-1.75,4.1796933094141515,-1.708264220893136,2,2096449.1919041846,15.02685,15.25,15.5,15.25,15.5,-117.49761013007233,35.6694524262475,3.8709032818143885,14.650287085532623
Region_A,236,18.25,-1.75,4.494350896190015,-1.31968912765582,2,1190497489.7519853,0.2832333333333333,0.25,0.5,0.25,0.5,-117.49413255889493,35.672953204623965,3.4680963243785836,14.5291761335556
Region_A,237,18.75,-1.75,4.809008482965881,-0.931114034418504,14,58162620.51652802,3.2430055555555555,22.25,7.5,3.25,3.5,-117.49065468384654,35.67645388041498,3.093782799935231,14.424389295607607
Region_A,238,19.25,-1.75,5.123666069741747,-0.5425389411811881,12,545407427.3897395,6.903416666666667,32.25,32.5,6.75,6.5,-117.48717650487026,35.67995445359893,2.759581836290041,14.336284525029386
Region_A,239,19.75,-1.75,5.4383236565176105,-0.15396384794387208,17,3967188061.371937,0.9993833333333334,13.75,13.5,0.75,0.5,-117.48369802190912,35.68345492415416,2.4817517622011973,14.265170921301808
Region_A,240,20.25,-1.75,5.752981243293476,0.23461124529344568,7,72518072422.3586,0.0960833333333333,32.25,32.5,0.25,0.5,-117.48021923490617,35.686955292059054,2.2809848108208826,14.211303558974185
Region_A,241,20.75,-1.75,6.06763883006934,0.6231863385307599,10,3982518641.3544,4.368722222222222,4.25,5.5,4.25,4.5,-117.47674014380446,35.69045555729195,2.1786903417425836,14.17487905686218
Region_A,242,21.25,-1.75,6.382296416845206,1.0117614317680776,6,14905897365.75296,0.7042222222222222,0.75,0.5,0.75,0.5,-117.47326074854702,35.69395571983121,2.188719146717835,14.15603206085758
Region_A,243,21.75,-1.75,6.696954003621071,1.4003365250053919,2,4956345.020766688,6.3091333333333335,6.25,6.5,6.25,6.5,-117.46978104907684,35.697455779655186,2.3096084952251297,14.154832783872278
Region_A,244,22.25,-1.75,7.011611590396935,1.7889116182427096,2,6345620.282867109,5.4581888888888885,5.25,5.5,5.25,5.5,-117.466301045337,35.7009557367422,2.525488328862938,14.171285706340939
Region_A,245,22.75,-1.75,7.326269177172801,2.1774867114800274,3,746433656.5448259,0.5738722222222222,0.75,0.5,0.75,0.5,-117.46282073727049,35.70445559107063,2.814585439674865,14.205329492908662
Region_A,246,23.25,-1.75,7.640926763948666,2.5660618047173416,3,100675687.26698314,11.09008611111111,11.25,11.5,11.25,11.5,-117.45934012482026,35.707955342618746,3.156848285115487,14.256838128893039
Region_A,247,23.75,-1.75,7.95558435072453,2.9546368979546593,1,25703957.82768865,3.4097,3.25,3.5,3.25,3.5,-117.45585920792935,35.71145499136495,3.536875880384187,14.325623227797667
Region_A,248,24.25,-1.75,8.270241937500396,3.3432119911919735,0,0.0,,,,,,-117.45237798654071,35.71495453728752,3.9437660796819904,14.411437412561376
Region_A,249,24.75,-1.75,8.58489952427626,3.7317870844292913,0,0.0,,,,,,-117.44889646059735,35.71845398036478,4.370021829379927,14.5139786319097
Region_A,250,0.25,-1.25,-7.221897320978439,-14.993734897423337,0,0.0,,,,,,-117.62342220850124,35.54969397403962,20.773347953628416,25.286677671969375
Region_A,251,0.75,-1.25,-6.907239734202574,-14.605159804186021,0,0.0,,,,,,-117.61995530185094,35.553198451198284,20.27500394822464,24.867290063805353
Region_A,252,1.25,-1.25,-6.592582147426709,-14.216584710948705,0,0.0,,,,,,-117.6164880932981,35.55670282653747,19.77674353877634,24.450933776622726
Region_A,253,1.75,-1.25,-6.277924560650844,-13.82800961771139,7,1003655571.6805125,8.986502777777778,25.75,25.5,8.75,8.5,-117.61302058278616,35.56020710003573,19.278573206970957,24.037766326764796
Region_A,254,2.25,-1.25,-5.96326697387498,-13.439434524474073,32,1299687908.1210709,2.205288888888889,27.25,27.5,2.25,2.5,-117.6095527702584,35.563711271671565,18.780500120991064,23.627954998507708
Region_A,255,2.75,-1.25,-5.648609387099114,-13.050859431236757,40,314928402.0523438,7.431494444444445,27.75,27.5,7.25,7.5,-117.60608465565817,35.56721534142354,18.28253222867533,23.221677476936566
Region_A,256,3.25,-1.25,-5.333951800323249,-12.662284337999441,7,11407378.450048566,12.443530555555554,12.25,32.5,12.25,12.5,-117.60261623892882,35.57071930927013,17.784678366238705,22.819122513239215
Region_A,257,3.75,-1.25,-5.019294213547385,-12.273709244762125,2,3365621.985236937,12.3543,12.25,12.5,12.25,12.5,-117.59914752001362,35.57422317518986,17.28694838566269,22.420490621428833
Region_A,258,4.25,-1.25,-4.704636626771519,-11.885134151524808,2,8099435.491487056,3.7753111111111113,3.75,3.5,3.75,3.5,-117.59567849885593,35.57772693916124,16.789353304596716,22.02599480470601
Region_A,259,4.75,-1.25,-4.389979039995654,-11.496559058287492,4,13432223.417844092,8.440111111111111,8.25,8.5,8.25,8.5,-117.592209175399,35.58123060116277,16.29190548353935,21.635861308676706
Region_A,260,5.25,-1.25,-4.0753214532197894,-11.107983965050176,2,6970172.887963096,16.464919444444444,16.25,16.5,16.25,16.5,-117.58873954958618,35.58473416117293,15.79461883625516,21.25033039742327
Region_A,261,5.75,-1.25,-3.7606638664439243,-10.71940887181286,4,142323849.4499418,5.675233333333334,5.75,5.5,5.75,5.5,-117.58526962136068,35.58823761917026,15.297509080912265,20.869657146944437
Region_A,262,6.25,-1.25,-3.4460062796680604,-10.330833778575544,5,814348148.7724319,5.183705555555556,5.25,5.5,5.25,5.5,-117.58179939066584,35.59174097513321,14.800594041409283,20.494112248701256
Region_A,263,6.75,-1.25,-3.1313486928921948,-9.942258685338228,3,398681913.2199265,1.8220555555555555,1.75,1.5,1.75,1.5,-117.57832885744489,35.59524422904027,14.303894010954041,20.12398281388961
Region_A,264,7.25,-1.25,-2.81669110611633,-9.553683592100912,1,67608297.53919819,2.5320444444444448,2.75,2.5,2.75,2.5,-117.57485802164109,35.59874738086993,13.807432193373744,19.759573166571236
Region_A,265,7.75,-1.25,-2.5020335193404653,-9.165108498863594,1,77624711.66286911,4.777066666666666,4.75,4.5,4.75,4.5,-117.57138688319772,35.60225043060066,13.31123524217871,19.401205610900572
Region_A,266,8.25,-1.25,-2.1873759325645996,-8.77653340562628,0,0.0,,,,,,-117.56791544205798,35.605753378210935,12.815333923492878,19.049221154362126
Region_A,267,8.75,-1.25,-1.8727183457887349,-8.387958312388964,0,0.0,,,,,,-117.56444369816514,35.60925622367921,12.3197639372122,18.703980165172204
Region_A,268,9.25,-1.25,-1.5580607590128701,-7.999383219151646,3,30503451.62336698,4.394605555555556,4.25,4.5,4.25,4.5,-117.5609716514624,35.61275896698397,11.824566942033906,18.365862937812444
Region_A,269,9.75,-1.25,-1.2434031722370054,-7.61080812591433,3,19081408.169673122,3.3013833333333333,3.25,3.5,3.25,3.5,-117.55749930189299,35.616261608103635,11.329791845601042,18.035270136093626
Region_A,270,10.25,-1.25,-0.9287455854611396,-7.222233032677014,0,0.0,,,,,,-117.55402664940009,35.61976414701671,10.835496442833374,17.712623078280306
Region_A,271,10.75,-1.25,-0.6140879986852749,-6.833657939439698,0,0.0,,,,,,-117.55055369392691,35.62326658370159,10.341749516433936,17.398363823779114
Region_A,272,11.25,-1.25,-0.2994304119094101,-6.445082846202382,0,0.0,,,,,,-117.54708043541669,35.626768918136754,9.848633557944392,17.092955015910604
Region_A,273,11.75,-1.25,0.01522717486645464,-6.056507752965066,1,966050.878989812,9.061883333333332,9.25,9.5,9.25,9.5,-117.54360687381254,35.63027115030063,9.356248332353905,16.79687943063536
Region_A,274,12.25,-1.25,0.3298847616423203,-5.667932659727748,2,1130316677.84523,8.54801111111111,8.75,8.5,8.75,8.5,-117.5401330090577,35.63377328017164,8.864715604839336,16.510639177168727
Region_A,275,12.75,-1.25,0.6445423484181841,-5.279357566490432,3,968645730.8972133,1.2715444444444446,1.25,1.5,1.25,1.5,-117.53665884109527,35.63727530772823,8.374185491896444,16.23475449367857
Region_A,276,13.25,-1.25,0.9591999351940498,-4.890782473253116,1,2065380.155810527,24.222416666666668,24.25,24.5,24.25,24.5,-117.53318436986847,35.640777232948835,7.884845119004921,15.969762080299574
Region_A,277,13.75,-1.25,1.2738575219699153,-4.5022073800158005,3,6302718.1895027645,9.552175,9.75,9.5,9.75,9.5,-117.52970959532038,35.64427905581184,7.396930609969418,15.716212913190374
Region_A,278,14.25,-1.25,1.5885151087457792,-4.1136322867784845,1,41686938.34703346,2.181677777777778,2.25,2.5,2.25,2.5,-117.5262345173942,35.647780776295704,6.910743979247777,15.474669488040433
Region_A,279,14.75,-1.25,1.9031726955216448,-3.7250571935411685,2,2235546.7265450037,11.703155555555556,11.75,11.5,11.75,11.5,-117.52275913603305,35.65128239437882,6.426677387633227,15.245702450049562
Region_A,280,15.25,-1.25,2.2178302822975104,-3.3364821003038525,5,214380640.71620226,7.827233333333334,7.75,7.5,7.75,7.5,-117.51928345118003,35.654783910039576,5.945248703185012,15.029886580636758
Region_A,281,15.75,-1.25,2.5324878690733743,-2.9479070070665365,28,7519499903.835019,1.4980888888888888,9.25,9.5,1.25,1.5,-117.51580746277827,35.6582853232564,5.467154839651966,14.827796129504971
Region_A,282,16.25,-1.25,2.84714545584924,-2.5593319138292188,35,5698120367.194636,0.3950611111111111,2.25,2.5,0.25,0.5,-117.51233117077088,35.66178663400768,4.9933537766451845,14.639999504423496
Region_A,283,16.75,-1.25,3.161803042625104,-2.170756820591903,17,1867753233.049101,0.4330944444444444,2.75,2.5,0.25,0.5,-117.50885457510094,35.66528784227182,4.525194121443142,14.467053359992763
Region_A,284,17.25,-1.25,3.4764606294009694,-1.7821817273545868,9,246597896.41975644,0.3585555555555555,0.25,11.5,0.25,0.5,-117.50537767571154,35.66878894802719,4.06462565739459,14.309496159971376
Region_A,285,17.75,-1.25,3.791118216176835,-1.3936066341172708,11,191704435.74248585,4.810444444444444,10.25,10.5,4.75,4.5,-117.5019004725458,35.67228995125221,3.614551373650295,14.167841324054743
Region_A,286,18.25,-1.25,4.105775802952699,-1.0050315408799548,22,365419148.6249465,2.7058833333333334,15.25,15.5,2.75,2.5,-117.49842296554678,35.67579085192521,3.1794310073917433,14.042570107175926
Region_A,287,18.75,-1.25,4.420433389728565,-0.616456447642639,26,4805197796.798091,5.70205,26.25,13.5,5.75,5.5,-117.4949451546575,35.6792916500246,2.7663299565978945,13.934124394676136
Region_A,288,19.25,-1.25,4.735090976504431,-0.22788135440532298,18,2254235643.974848,1.4220944444444443,2.75,25.5,1.25,1.5,-117.49146703982105,35.68279234552874,2.38670930923264,13.842899626800243
Region_A,289,19.75,-1.25,5.0497485632802945,0.160693738831993,23,22647854168.080467,0.4362777777777777,0.75,0.5,0.25,0.5,-117.48798862098049,35.686292938415995,2.059170032994988,13.769238087455093
Region_A,290,20.25,-1.25,5.36440615005616,0.5492688320693108,18,792899484.4238577,1.0166222222222223,5.75,5.5,1.25,1.5,-117.48450989807884,35.68979342866473,1.8121757979819206,13.713422801780075
Region_A,291,20.75,-1.25,5.679063736832024,0.937843925306625,30,8510045998.107158,1.608488888888889,3.25,3.5,1.75,1.5,-117.48103087105912,35.693293816253295,1.6816007316834305,13.675672282258715
Region_A,292,21.25,-1.25,5.99372132360789,1.3264190185439428,22,27840019634.092323,0.1879444444444444,7.25,7.5,0.25,0.5,-117.47755153986438,35.69679410116006,1.6945739638047912,13.65613634243218
Region_A,293,21.75,-1.25,6.308378910383755,1.714994111781257,22,234551069356.8708,2.5385444444444447,2.75,6.5,2.75,2.5,-117.47407190443761,35.70029428336337,1.8480748948059225,13.654893160858297
Region_A,294,22.25,-1.25,6.623036497159619,2.103569205018575,30,12768056828.010172,0.3681333333333333,2.25,3.5,0.25,0.5,-117.47059196472182,35.70379436284154,2.111677227896998,13.671947727584843
Region_A,295,22.75,-1.25,6.937694083935485,2.4921442982558926,20,915201084.657606,3.048911111111111,8.25,3.5,3.25,3.5,-117.46711172066003,35.707294339572925,2.4500980822868272,13.70723174449057
Region_A,296,23.25,-1.25,7.2523516707113505,2.8807193914932068,15,1835842264.071255,0.5922666666666666,8.25,8.5,0.75,0.5,-117.4636311721952,35.71079421353588,2.836684774667856,13.760604984103269
Region_A,297,23.75,-1.25,7.567009257487214,3.2692944847305245,2,17306136.9317892,4.320611111111111,4.25,4.5,4.25,4.5,-117.46015031927034,35.7142939847087,3.254317195486521,13.831858044380203
Region_A,298,24.25,-1.25,7.88166684426308,3.6578695779678387,0,0.0,,,,,,-117.45666916182839,35.71779365306974,3.6924761755285695,13.920716374929956
Region_A,299,24.75,-1.25,8.196324431038944,4.0464446712051565,0,0.0,,,,,,-117.4531876998123,35.7212932185973,4.144656825945053,14.026845398114315
Region_A,300,0.25,-0.75,-7.610472414215756,-14.679077310647472,0,0.0,,,,,,-117.62771059485537,35.55252707181303,20.73916764525794,25.020249474798284
Region_A,301,0.75,-0.75,-7.295814827439891,-14.290502217410156,0,0.0,,,,,,-117.62424375309324,35.556031670857884,20.23998207795947,24.596319464759393
Region_A,302,1.25,-0.75,-6.981157240664026,-13.90192712417284,2,1950569.9569075955,24.90579444444445,24.75,24.5,24.75,24.5,-117.62077660940972,35.5595361680951,19.7408377333417,24.175296867750337
Region_A,303,1.75,-0.75,-6.6664996538881605,-13.513352030935524,3,15818181.528638998,5.266633333333334,5.25,5.5,5.25,5.5,-117.61730916374817,35.56304056350321,19.24173781944173,23.75733625799022
Region_A,304,2.25,-0.75,-6.351842067112297,-13.124776937698208,1,3981071.7055349695,26.866977777777777,26.75,26.5,26.75,26.5,-117.61384141605188,35.5665448570607,18.74268588570329,23.342602115157913
Region_A,305,2.75,-0.75,-6.037184480336431,-12.736201844460892,6,13235780.04189698,16.93103888888889,22.25,22.5,16.75,16.5,-117.61037336626424,35.57004904874611,18.243685869586443,22.93126950122763
Region_A,306,3.25,-0.75,-5.722526893560566,-12.347626751223576,3,7256980.554379111,22.908272222222223,22.75,22.5,22.75,22.5,-117.60690501432852,35.57355313853798,17.744742151019125,22.5235247767593
Region_A,307,3.75,-0.75,-5.4078693067847015,-11.95905165798626,2,9952700.645795919,8.927838888888889,8.75,8.5,8.75,8.5,-117.60343636018803,35.57705712641481,17.245859616272007,22.11956635652353
Region_A,308,4.25,-0.75,-5.093211720008836,-11.570476564748942,1,21627185.2372702,30.81065,30.75,30.5,30.75,30.5,-117.59996740378608,35.58056101235509,16.747043733213587,21.719605503599862
Region_A,309,4.75,-0.75,-4.778554133232971,-11.181901471511626,7,78826056.88951707,3.771755555555556,3.75,3.5,3.75,3.5,-117.59649814506595,35.584064796337344,16.24830064038007,21.323867160141543
Region_A,310,5.25,-0.75,-4.463896546457106,-10.79332637827431,6,22792028.955743168,12.100275,12.25,24.5,12.25,12.5,-117.5930285839709,35.587568478340074,15.749637252907831,20.93259081181115
Region_A,311,5.75,-0.75,-4.149238959681241,-10.404751285036994,10,380622905416.30597,1.3401666666666667,1.25,10.5,1.25,1.5,-117.58955872044426,35.591072058341744,15.251061389168592,20.546031381414718
Region_A,312,6.25,-0.75,-3.8345813729053764,-10.016176191799678,20,997651694137.8901,1.098661111111111,3.75,3.5,1.25,1.5,-117.58608855442927,35.59457553632088,14.75258192297863,20.16446014544987
Region_A,313,6.75,-0.75,-3.5199237861295107,-9.627601098562362,8,416411246.9627579,3.157688888888889,3.25,23.5,3.25,3.5,-117.58261808586916,35.59807891225594,14.25420896760682,19.788165665083607
Region_A,314,7.25,-0.75,-3.205266199353646,-9.239026005325046,10,85479464.6894438,5.923783333333333,29.75,29.5,5.75,5.5,-117.57914731470721,35.60158218612541,13.755954099596636,19.417454720435202
Region_A,315,7.75,-0.75,-2.8906086125777812,-8.850450912087728,5,1774950626.1793606,0.48465,2.25,2.5,0.25,0.5,-117.57567624088662,35.60508535790778,13.25783063280778,19.05265323390706
Region_A,316,8.25,-0.75,-2.5759510258019156,-8.461875818850414,3,139659463290.8309,6.196144444444444,6.25,23.5,6.25,6.5,-117.57220486435067,35.60858842758151,12.75985395630464,18.694107164635245
Region_A,317,8.75,-0.75,-2.261293439026051,-8.073300725613098,1,2454708.915685029,11.417794444444445,11.25,11.5,11.25,11.5,-117.56873318504255,35.61209139512507,12.262041954104955,18.34218335188656
Region_A,318,9.25,-0.75,-1.946635852250186,-7.684725632375781,1,60953689724.01694,12.592680555555557,12.75,12.5,12.75,12.5,-117.5652612029055,35.615594260516914,11.764415530838617,17.997270280394805
Region_A,319,9.75,-0.75,-1.6319782654743213,-7.296150539138465,4,155231916.99333045,6.211811111111111,6.25,6.5,6.25,6.5,-117.5617889178827,35.61909702373551,11.266999275771864,17.65977873522032
Region_A,320,10.25,-0.75,-1.3173206786984557,-6.907575445901149,0,0.0,,,,,,-117.55831632991736,35.622599684759315,10.769822309502166,17.330142307791284
Region_A,321,10.75,-0.75,-1.002663091922591,-6.519000352663833,1,3349654.3915782725,30.888266666666667,30.75,30.5,30.75,30.5,-117.55484343895269,35.62610224356676,10.272919374562296,17.008817708460963
Region_A,322,11.25,-0.75,-0.6880055051467263,-6.130425259426517,6,18848324.399547897,11.342675,11.25,29.5,11.25,11.5,-117.5513702449318,35.629604700136305,9.776332255721684,16.696284834387942
Region_A,323,11.75,-0.75,-0.37334791837086156,-5.741850166189201,7,115859869.56852257,7.918661111111112,7.75,7.5,7.75,7.5,-117.54789674779794,35.63310705444638,9.280111651929145,16.393046535112703
Region_A,324,12.25,-0.75,-0.058690331594995926,-5.353275072951884,16,145073326503.68384,1.0248333333333333,1.25,8.5,1.25,1.5,-117.54442294749423,35.63660930647542,8.784319676006668,16.099628012278053
Region_A,325,12.75,-0.75,0.25596725518086794,-4.964699979714568,23,2475481089.330268,1.2047555555555556,24.75,24.5,1.25,1.5,-117.54094884396387,35.640111456201865,8.289033240872227,15.816575785077053
Region_A,326,13.25,-0.75,0.5706248419567336,-4.576124886477252,25,20644245052.998005,0.3267444444444444,24.75,24.5,0.25,0.5,-117.53747443714994,35.64361350360413,7.79434871982846,15.544456149908994
Region_A,327,13.75,-0.75,0.8852824287325992,-4.187549793239936,13,3330771761.5109615,0.2430444444444444,33.25,15.5,0.25,0.5,-117.53399972699562,35.64711544866066,7.300388473519638,15.283853062228816
Region_A,328,14.25,-0.75,1.1999400155084632,-3.7989747000026197,9,1770064159.1419585,1.0041888888888888,1.25,1.5,1.25,1.5,-117.53052471344407,35.650617291349825,6.807310170860825,15.035365371654887
Region_A,329,14.75,-0.75,1.5145976022843288,-3.4103996067653037,16,23559154422.882107,0.1611555555555555,14.75,14.5,0.25,0.5,-117.52704939643833,35.65411903165007,6.315320392530538,14.799603349094074
Region_A,330,15.25,-0.75,1.8292551890601945,-3.0218245135279878,25,36368849652.32936,0.2086444444444444,7.75,7.5,0.25,0.5,-117.52357377592158,35.6576206695398,5.824694975560428,14.57718445797659
Region_A,331,15.75,-0.75,2.1439127758360583,-2.6332494202906718,17,2568321419.188114,3.1255777777777776,3.25,3.5,3.25,3.5,-117.52009785183688,35.66112220499742,5.335810290511249,14.368728341548945
Region_A,332,16.25,-0.75,2.458570362611924,-2.244674327053354,42,488256965042.90625,0.0571222222222222,4.25,15.5,0.25,0.5,-117.51662162412738,35.66462363800132,4.849192855964027,14.174851025128607
Region_A,333,16.75,-0.75,2.773227949387788,-1.856099233816038,35,14409350100.197989,0.6898888888888889,2.75,2.5,0.75,0.5,-117.51314509273614,35.66812496852991,4.365600903923697,13.996158366349933
Region_A,334,17.25,-0.75,3.0878855361636535,-1.467524140578722,28,11307813986.050982,2.479077777777778,29.75,3.5,2.25,2.5,-117.50966825760621,35.671626196561554,3.886164066318641,13.833238827089803
Region_A,335,17.75,-0.75,3.402543122939519,-1.078949047341406,31,34784404578.21804,0.2992333333333333,0.25,0.5,0.25,0.5,-117.50619111868072,35.675127322074665,3.412634033756487,13.686655686421815
Region_A,336,18.25,-0.75,3.717200709715383,-0.69037395410409,25,13870127341.181175,0.7933555555555555,6.75,6.5,0.75,0.5,-117.50271367590265,35.67862834504759,2.9478587052909964,13.556938862074293
Region_A,337,18.75,-0.75,4.031858296491248,-0.301798860866774,15,193288623.05442297,6.661697222222222,29.75,29.5,6.75,6.5,-117.49923592921516,35.682129265458734,2.496732032951623,13.444576554930167
Region_A,338,19.25,-0.75,4.346515883267114,0.086776232370542,13,630742185.3212464,2.6283944444444445,2.75,2.5,2.75,2.5,-117.49575787856122,35.68563008328645,2.068204714812724,13.350006972759813
Region_A,339,19.75,-0.75,4.661173470042978,0.475351325607858,26,483785681.908999,0.9816444444444444,3.25,3.5,0.75,0.5,-117.49227952388387,35.68913079850912,1.6796638474350798,13.273610420834766
Region_A,340,20.25,-0.75,4.975831056818843,0.8639264188451757,20,255405554.2277766,0.7690888888888888,4.25,4.5,0.75,0.5,-117.48880086512618,35.69263141110509,1.365675854069056,13.215702063660899
Region_A,341,20.75,-0.75,5.290488643594707,1.2525015120824898,12,453345481.8460591,3.8868888888888886,25.75,11.5,3.75,3.5,-117.48532190223115,35.696131921052725,1.186958481326993,13.176525659930565
Region_A,342,21.25,-0.75,5.605146230370573,1.6410766053198076,17,2420563122.155993,0.3850555555555556,5.75,5.5,0.25,0.5,-117.48184263514179,35.69963232833039,1.2052677438647874,13.156248549573936
Region_A,343,21.75,-0.75,5.919803817146438,2.029651698557122,22,1875912302.738687,0.3238055555555555,4.25,5.5,0.25,0.5,-117.47836306380107,35.70313263291641,1.4129650499597473,13.15495812724328
Region_A,344,22.25,-0.75,6.234461403922302,2.4182267917944396,33,1595483913.964912,1.0953611111111112,26.75,1.5,1.25,1.5,-117.47488318815203,35.706632834789126,1.7436370409046091,13.172659972871145
Region_A,345,22.75,-0.75,6.549118990698168,2.8068018850317573,27,38965822751.340706,0.4767111111111111,0.75,0.5,0.25,0.5,-117.47140300813766,35.710132933926914,2.1410441444354715,13.209277731664184
Region_A,346,23.25,-0.75,6.863776577474034,3.1953769782690715,26,25776465599.26372,0.0756,0.75,0.5,0.25,0.5,-117.46792252370092,35.71363293030808,2.574464978675813,13.264654749506185
Region_A,347,23.75,-0.75,7.178434164249897,3.5839520715063893,3,9999011.00574524,4.5533,4.75,4.5,4.75,4.5,-117.4644417347848,35.71713282391094,3.0284764856995485,13.338557382826474
Region_A,348,24.25,-0.75,7.493091751025763,3.9725271647437035,1,13335214.32163324,1.5632555555555556,1.75,1.5,1.75,1.5,-117.4609606413322,35.72063261471385,3.495063622087861,13.430679822194868
Region_A,349,24.75,-0.75,7.807749337801627,4.361102257981021,1,518800.038928961,18.605061111111112,18.75,18.5,18.75,18.5,-117.45747924328616,35.72413230269513,3.969794657214495,13.540650202913817
Region_A,350,0.25,-0.25,-7.999047507453072,-14.364419723871608,0,0.0,,,,,,-117.6319992834177,35.555360015261016,20.717001810921136,24.76105207530999
Region_A,351,0.75,-0.25,-7.684389920677207,-13.975844630634292,1,1148153.6214968818,30.069166666666668,30.25,30.5,30.25,30.5,-117.62853250658624,35.55886473619537,20.217268953340767,24.332606668985775
Region_A,352,1.25,-0.25,-7.369732333901342,-13.587269537396976,0,0.0,,,,,,-117.62506542781455,35.562369355333885,19.717549640605025,23.906940304834677
Region_A,353,1.75,-0.25,-7.055074747125476,-13.19869444415966,0,0.0,,,,,,-117.62159804704586,35.565873872655104,19.21784492932884,23.484204099144733
Region_A,354,2.25,-0.25,-6.740417160349613,-12.810119350922344,6,39581080.48633242,10.951733333333332,22.25,14.5,10.75,10.5,-117.6181303642236,35.569378288137536,18.71815598892522,23.064559167728394
Region_A,355,2.75,-0.25,-6.425759573573747,-12.421544257685028,3,59355592.71196296,11.170425,11.25,11.5,11.25,11.5,-117.61466237929105,35.57288260175973,18.21848411706484,22.64817734461212
Region_A,356,3.25,-0.25,-6.111101986797882,-12.032969164447712,9,111190098.14834118,9.094219444444445,9.25,9.5,9.25,9.5,-117.61119409219148,35.576386813500164,17.718830757748965,22.23524194751115
Region_A,357,3.75,-0.25,-5.796444400022017,-11.644394071210396,0,0.0,,,,,,-117.6077255028682,35.579890923337395,17.219197522525768,21.825948590971183
Region_A,358,4.25,-0.25,-5.481786813246152,-11.255818977973078,1,1071519.3052376048,14.388055555555557,14.25,14.5,14.25,14.5,-117.60425661126452,35.58339493124989,16.71958621550678,21.420506047408747
Region_A,359,4.75,-0.25,-5.167129226470287,-10.867243884735762,2,5539298.269032586,21.704452777777774,21.75,21.5,21.75,21.5,-117.6007874173237,35.58689883721618,16.219998863001535,21.01913715542178
Region_A,360,5.25,-0.25,-4.852471639694422,-10.478668791498446,7,534178823.11113226,8.030166666666666,8.25,8.5,8.25,8.5,-117.59731792098904,35.59040264121475,15.720437748796249,20.62207977362589
Region_A,361,5.75,-0.25,-4.537814052918557,-10.09009369826113,14,204778600561.9646,6.0036,9.25,6.5,6.25,6.5,-117.59384812220377,35.59390634322412,15.220905456371012,20.229587776846756
Region_A,362,6.25,-0.25,-4.223156466142693,-9.701518605023814,18,2801311281.42114,0.6259666666666667,2.25,2.5,0.75,0.5,-117.59037802091113,35.59740994322276,14.721404919700829,19.841932089706017
Region_A,363,6.75,-0.25,-3.908498879366827,-9.312943511786498,16,562897981.9036677,1.7505666666666666,2.25,2.5,1.75,1.5,-117.58690761705442,35.60091344118912,14.221939484746745,19.459401750410088
Region_A,364,7.25,-0.25,-3.5938412925909624,-8.924368418549182,21,1361440808.06792,2.5512111111111118,2.75,2.5,2.75,2.5,-117.58343691057686,35.60441683710173,13.722512984355504,19.082304994817076
Region_A,365,7.75,-0.25,-3.2791837058150977,-8.535793325311865,6,76821652.05568436,3.225477777777777,3.25,3.5,3.25,3.5,-117.57996590142164,35.607920130939064,13.223129830104982,18.71097034754153
Region_A,366,8.25,-0.25,-2.964526119039232,-8.147218232074549,6,4652734730.393429,0.6876166666666667,0.75,1.5,0.75,0.5,-117.57649458953203,35.61142332267957,12.723795125740551,18.345747702885706
Region_A,367,8.75,-0.25,-2.6498685322633673,-7.758643138837233,10,117182503.2476834,2.01745,26.25,26.5,2.25,2.5,-117.57302297485124,35.614926412301735,12.22451480836053,17.987009373692274
Region_A,368,9.25,-0.25,-2.3352109454875025,-7.370068045599917,2,14756674.726398205,12.879113888888888,12.75,12.5,12.75,12.5,-117.56955105732241,35.61842939978401,11.725295825599996,17.63515108074358
Region_A,369,9.75,-0.25,-2.0205533587116378,-6.981492952362601,7,80375112.93810068,2.938772222222222,2.75,2.5,2.75,2.5,-117.56607883688882,35.621932285104855,11.226146359986563,17.29059284906128
Region_A,370,10.25,-0.25,-1.7058957719357721,-6.592917859125285,8,4597906133.378984,3.8016722222222223,3.75,7.5,3.75,3.5,-117.56260631349363,35.62543506824273,10.727076115785064,16.953779770404203
Region_A,371,10.75,-0.25,-1.3912381851599074,-6.204342765887969,9,585160831.4471785,0.4475111111111111,9.75,9.5,0.25,0.5,-117.55913348707999,35.62893774917608,10.228096689602285,16.625182583500383
Region_A,372,11.25,-0.25,-1.0765805983840426,-5.815767672650653,8,102083436.45381883,2.0303666666666667,2.25,2.5,2.25,2.5,-117.55566035759107,35.632440327883344,9.729222054710236,16.305298015248976
Region_A,373,11.75,-0.25,-0.7619230116081778,-5.427192579413337,10,137138812.66013804,3.4446777777777777,3.25,3.5,3.25,3.5,-117.55218692497007,35.63594280434296,9.230469201934802,15.994648817571452
Region_A,374,12.25,-0.25,-0.44726542483231213,-5.038617486176019,10,825266934.5292982,0.3528,0.25,0.5,0.25,0.5,-117.54871318916013,35.63944517853338,8.731858999426967,15.69378342621044
Region_A,375,12.75,-0.25,-0.13260783805644827,-4.650042392938703,7,295170860.8820601,2.196511111111111,2.25,2.5,2.25,2.5,-117.5452391501044,35.64294745043303,8.233417363639509,15.403275160177953
Region_A,376,13.25,-0.25,0.18204974871941737,-4.261467299701387,12,317436268.265496,0.7590611111111111,1.75,1.5,0.75,0.5,-117.54176480774598,35.64644962002031,7.735176881098932,15.123720874557055
Region_A,377,13.75,-0.25,0.496707335495283,-3.8728922064640705,7,552085548.5712631,3.0016166666666666,3.25,3.5,3.25,3.5,-117.53829016202803,35.64995168727369,7.237179096850804,14.85573897599411
Region_A,378,14.25,-0.25,0.8113649222711469,-3.4843171132267545,11,268543837.5914649,0.6335,0.75,0.5,0.75,0.5,-117.53481521289368,35.65345365217153,6.739477811959993,14.599966710723288
Region_A,379,14.75,-0.25,1.1260225090470124,-3.0957420199894385,10,2670130658.408732,1.6861888888888887,1.75,1.5,1.75,1.5,-117.53133996028602,35.656955514692285,6.242143948669231,14.357056640745897
Region_A,380,15.25,-0.25,1.440680095822878,-2.7071669267521226,10,2026553744.657058,1.3067944444444444,1.25,1.5,1.25,1.5,-117.52786440414816,35.66045727481435,5.745272924232123,14.127672236322004
Region_A,381,15.75,-0.25,1.755337682598742,-2.3185918335148066,5,727968552.1102823,5.694833333333333,5.75,5.5,5.75,5.5,-117.52438854442319,35.663958932516124,5.248996177548768,13.912482533620706
Region_A,382,16.25,-0.25,2.0699952693746075,-1.9300167402774888,13,254461420.0689342,0.8835277777777777,0.75,0.5,0.75,0.5,-117.5209123810542,35.667460487776005,4.753499844317699,13.712155836324895
Region_A,383,16.75,-0.25,2.3846528561504714,-1.5414416470401728,22,2697632091.4983845,1.3527,17.25,1.5,1.25,1.5,-117.51743591398427,35.670961940572404,4.2590563119,13.527352479735882
Region_A,384,17.25,-0.25,2.699310442926337,-1.1528665538028569,18,3924265580.5565786,0.3614666666666666,3.75,3.5,0.25,0.5,-117.51395914315646,35.67446329088371,3.7660802654672763,13.358716725133977
Region_A,385,17.75,-0.25,3.0139680297022027,-0.764291460565541,7,32880145.110351693,1.2026,1.25,1.5,1.25,1.5,-117.51048206851385,35.67796453868828,3.2752344135876603,13.206867909301279
Region_A,386,18.25,-0.25,3.3286256164780665,-0.375716367328225,16,832133016.7725729,2.0555444444444446,2.25,5.5,2.25,2.5,-117.50700468999949,35.681465683964504,2.787644231596949,13.072391036267602
Region_A,387,18.75,-0.25,3.643283203253932,0.012858725909090984,12,800029256.4015428,2.484755555555556,2.25,24.5,2.25,2.5,-117.50352700755639,35.68496672669078,2.305376381409894,12.95582706107361
Region_A,388,19.25,-0.25,3.957940790029798,0.40143381914640697,14,67866823737.59463,0.1787611111111111,9.25,9.5,0.25,0.5,-117.50004902112762,35.688467666845455,1.8326374867849375,12.85766317290218
Region_A,389,19.75,-0.25,4.272598376805662,0.790008912383723,9,12873116.938612929,14.134125,14.75,14.5,14.25,14.5,-117.49657073065617,35.691968504406915,1.3792606918114676,12.7783234306838
Region_A,390,20.25,-0.25,4.587255963581527,1.1785840056210408,9,148419620.3157853,0.4398277777777778,28.75,28.5,0.25,0.5,-117.49309213608512,35.69546923935351,0.9727075377435289,12.718160131501737
Region_A,391,20.75,-0.25,4.901913550357391,1.567159098858355,10,1340996144.01284,2.3410777777777776,2.25,22.5,2.25,2.5,-117.48961323735743,35.69896987166361,0.6999713222625021,12.677446294971158
Region_A,392,21.25,-0.25,5.216571137133257,1.9557341920956728,14,2283831379.865732,1.0822888888888889,1.25,4.5,1.25,1.5,-117.48613403441612,35.702470401315544,0.7305886325400561,12.656369621389683
Region_A,393,21.75,-0.25,5.5312287239091225,2.344309285332987,5,74036332.181534,5.063127777777777,5.25,5.5,5.25,5.5,-117.48265452720418,35.70597082828769,1.0380557056360629,12.655028226937834
Region_A,394,22.25,-0.25,5.845886310684986,2.7328843785703048,4,34322832.23567468,4.249377777777778,4.25,4.5,4.25,4.5,-117.47917471566461,35.70947115255836,1.4564887730464717,12.673428378144209
Region_A,395,22.75,-0.25,6.160543897460852,3.1214594718076225,1,319889510.96913904,2.507311111111111,2.75,2.5,2.75,2.5,-117.47569459974035,35.71297137410592,1.914460614381308,12.711484346342429
Region_A,396,23.25,-0.25,6.475201484236718,3.5100345650449367,0,0.0,,,,,,-117.4722141793744,35.7164714929087,2.389342868243084,12.769020389938547
Region_A,397,23.75,-0.25,6.7898590710125815,3.8986096582822545,0,0.0,,,,,,-117.46873345450969,35.71997150894502,2.8727616051512044,12.845774758652121
Region_A,398,24.25,-0.25,7.104516657788447,4.287184751519568,0,0.0,,,,,,-117.4652524250892,35.72347142219322,3.361035426477643,12.941405510275214
Region_A,399,24.75,-0.25,7.419174244564311,4.675759844756886,0,0.0,,,,,,-117.46177109105587,35.7269712326316,3.8523186571264567,13.055497846223226
Region_A,400,0.25,0.25,-8.387622600690388,-14.049762137095742,0,0.0,,,,,,-117.63628827422471,35.558192804357034,20.70688903358748,24.50931488171961
Region_A,401,0.75,0.25,-8.072965013914523,-13.661187043858426,0,0.0,,,,,,-117.63282156236644,35.561697647184175,20.206906080528814,24.076390165526064
Region_A,402,1.25,0.25,-7.758307427138658,-13.27261195062111,10,52464075.47601927,6.1299777777777775,26.75,7.5,6.25,6.5,-117.62935454854905,35.56520238822728,19.70692399247836,23.646111960193327
Region_A,403,1.75,0.25,-7.443649840362792,-12.884036857383794,14,529292684.99869114,2.7565888888888885,21.25,21.5,2.75,2.5,-117.6258872327158,35.56870702746491,19.206942836988038,23.218627398391913
Region_A,404,2.25,0.25,-7.128992253586929,-12.495461764146478,9,101066815.15108874,0.8323999999999999,8.25,8.5,0.75,0.5,-117.62241961481003,35.57221156487558,18.70696268883147,22.794093658154367
Region_A,405,2.75,0.25,-6.814334666811063,-12.106886670909162,7,66549343.338388585,4.978933333333333,4.75,5.5,4.75,4.5,-117.61895169477508,35.57571600043783,18.206983630995545,22.37267872044094
Region_A,406,3.25,0.25,-6.499677080035198,-11.718311577671846,5,28433760.956117153,7.08435,7.25,7.5,7.25,7.5,-117.61548347255419,35.57922033413015,17.707005755839877,21.954562181000757
Region_A,407,3.75,0.25,-6.185019493259333,-11.32973648443453,5,14210677.002633043,3.5941,3.75,3.5,3.75,3.5,-117.61201494809066,35.582724565931066,17.207029166458497,21.539936118540055
Region_A,408,4.25,0.25,-5.870361906483468,-10.941161391197213,5,20212584.598288924,6.060266666666666,6.25,6.5,6.25,6.5,-117.60854612132779,35.58622869581909,16.707053978285945,21.129006020685022
Region_A,409,4.75,0.25,-5.555704319707603,-10.552586297959897,3,12278070.74594773,18.61655555555556,18.75,18.5,18.75,18.5,-117.60507699220885,35.58973272377272,16.207080321000664,20.721991768493243
Region_A,410,5.25,0.25,-5.241046732931738,-10.16401120472258,15,43236930886.02463,0.5555611111111111,15.75,15.5,0.75,0.5,-117.60160756067707,35.59323664977046,15.70710834079188,20.319128679273117
Region_A,411,5.75,0.25,-4.926389146155873,-9.775436111485265,36,14939936042.46699,5.572677777777778,14.75,14.5,5.75,5.5,-117.5981378266757,35.5967404737908,15.207138203073603,19.920668606154187
Region_A,412,6.25,0.25,-4.611731559380009,-9.386861018247949,11,121161890.34067342,1.6343222222222222,2.25,2.5,1.75,1.5,-117.59466779014804,35.600244195812245,14.707170095752193,19.526881091141377
Region_A,413,6.75,0.25,-4.297073972604143,-8.998285925010633,12,242045503.39397335,0.3757444444444444,10.25,10.5,0.25,0.5,-117.59119745103727,35.60374781581325,14.207204233183752,19.13805456620219
Region_A,414,7.25,0.25,-3.9824163858282784,-8.609710831773317,18,192710218.1730743,2.453655555555556,11.75,2.5,2.25,2.5,-117.58772680928665,35.607251333772325,13.707240860997564,18.754497594184976
Region_A,415,7.75,0.25,-3.6677587990524136,-8.221135738535999,14,1826470258.4605274,0.1317555555555555,0.25,0.5,0.25,0.5,-117.58425586483938,35.61075474966793,13.207280262014887,18.37654013794892
Region_A,416,8.25,0.25,-3.353101212276548,-7.832560645298684,10,157626671.32243758,6.934602777777778,24.75,17.5,6.75,6.5,-117.5807846176387,35.61425806347855,12.707322763564907,18.004534841894845
Region_A,417,8.75,0.25,-3.0384436255006833,-7.443985552061368,3,7213363.81179079,16.424933333333335,16.25,16.5,16.25,16.5,-117.57731306762776,35.617761275182644,12.207368746598167,17.638858305014047
Region_A,418,9.25,0.25,-2.7237860387248185,-7.055410458824051,8,180426936.7146821,0.9895333333333334,0.75,0.5,0.75,0.5,-117.57384121474979,35.62126438475867,11.707418657134822,17.279912318519465
Region_A,419,9.75,0.25,-2.4091284519489538,-6.666835365586735,8,223251568.49380422,3.14795,3.25,3.5,3.25,3.5,-117.57036905894799,35.624767392185106,11.2074730207766,16.92812503401007
Region_A,420,10.25,0.25,-2.094470865173088,-6.278260272349419,4,77436672.4772646,1.0436555555555556,1.25,1.5,1.25,1.5,-117.5668966001655,35.62827029744039,10.707532461283607,16.58395201990274
Region_A,421,10.75,0.25,-1.7798132783972234,-5.889685179112103,4,30371552.910645224,2.664861111111111,2.75,2.5,2.75,2.5,-117.5634238383455,35.63177310050296,10.207597724609306,16.247877154563724
Region_A,422,11.25,0.25,-1.4651556916213586,-5.501110085874787,4,33674321.704348624,3.4390333333333336,3.25,3.5,3.25,3.5,-117.55995077343118,35.6352758013513,9.707669710360767,15.920413294294576
Region_A,423,11.75,0.25,-1.1504981048454939,-5.112534992637471,6,270865274.0970345,5.385533333333333,5.25,5.5,5.25,5.5,-117.55647740536564,35.63877839996381,9.207749513505606,15.60210264331411
Region_A,424,12.25,0.25,-0.8358405180696283,-4.723959899400153,5,342823259244.8773,0.0200666666666666,0.25,0.5,0.25,0.5,-117.55300373409207,35.642280896318944,8.707838480442177,15.293516741543352
Region_A,425,12.75,0.25,-0.5211829312937645,-4.335384806162837,3,45081623.89957928,4.032188888888888,4.25,4.5,4.25,4.5,-117.5495297595536,35.64578329039513,8.207938285554807,14.995255974981703
Region_A,426,13.25,0.25,-0.20652534451789883,-3.9468097129255217,1,14288939.585111007,21.60708055555556,21.75,21.5,21.75,21.5,-117.54605548169332,35.64928558217078,7.708051037550493,14.7079485036691
Region_A,427,13.75,0.25,0.1081322422579668,-3.5582346196882058,4,19745195.63829156,2.079133333333333,2.25,2.5,2.25,2.5,-117.54258090045435,35.65278777162434,7.208179430028782,14.432248494879092
Region_A,428,14.25,0.25,0.42278982903383067,-3.1696595264508898,2,3247136.9047646336,10.829694444444446,10.75,10.5,10.75,10.5,-117.53910601577986,35.65628985873424,6.708326959346637,14.168833545825057
Region_A,429,14.75,0.25,0.7374474158096963,-2.781084433213574,0,0.0,,,,,,-117.53563082761289,35.65979184347884,6.2084982476846795,13.918401182630681
Region_A,430,15.25,0.25,1.052105002585562,-2.392509339976258,3,556982913.8968835,2.313888888888889,2.25,2.5,2.25,2.5,-117.53215533589656,35.663293725836596,5.708699535753355,13.681664332675789
Region_A,431,15.75,0.25,1.366762589361426,-2.003934246738942,6,336370623.20174396,4.068505555555555,4.25,4.5,4.25,4.5,-117.52867954057396,35.66679550578589,5.208939458999059,13.459345687787744
Region_A,432,16.25,0.25,1.6814201761372916,-1.615359153501624,8,3159104145.1734734,7.6502944444444445,19.25,19.5,7.75,7.5,-117.52520344158815,35.670297183305145,4.709230317740281,13.252170907995723
Region_A,433,16.75,0.25,1.9960777629131554,-1.226784060264308,3,9420530.07953391,6.261433333333334,6.25,6.5,6.25,6.5,-117.52172703888218,35.67379875837271,4.209590251263307,13.06086066100109
Region_A,434,17.25,0.25,2.310735349689021,-0.838208967026992,7,79405213.52873522,3.679638888888889,3.75,3.5,3.75,3.5,-117.51825033239915,35.67730023096703,3.710047167023339,12.886121551399533
Region_A,435,17.75,0.25,2.6253929364648867,-0.449633873789676,7,76319343.74522994,11.348505555555557,11.25,11.5,11.25,11.5,-117.51477332208209,35.68080160106643,3.210646333613333,12.728636064747912
Region_A,436,18.25,0.25,2.9400505232407506,-0.061058780552360026,4,129331313.46281922,2.569322222222222,2.75,2.5,2.75,2.5,-117.51129600787404,35.68430286864935,2.711466351912112,12.589051731570526
Region_A,437,18.75,0.25,3.254708110016616,0.32751631268495596,20,465854438.8448799,0.4304111111111111,3.25,3.5,0.25,0.5,-117.50781838971804,35.68780403369412,2.2126567007917,12.467969799911955
Region_A,438,19.25,0.25,3.569365696792482,0.7160914059222719,27,662617915179.3511,0.0341111111111111,9.75,9.5,0.25,0.5,-117.50434046755711,35.69130509617915,1.7145406304795594,12.365933784509533
Region_A,439,19.75,0.25,3.8840232835683457,1.1046664991595878,15,237045848773.5773,1.2937888888888889,16.25,1.5,1.25,1.5,-117.50086224133427,35.694806056082776,1.2179694050230003,12.283418326924794
Region_A,440,20.25,0.25,4.198680870344211,1.4932415923969056,8,144006740.27495086,3.590866666666667,7.25,7.5,3.75,3.5,-117.49738371099252,35.69830691338337,0.726119390719538,12.220818844316021
Region_A,441,20.75,0.25,4.513338457120075,1.8818166856342198,7,19773444647.331654,0.4692277777777778,0.25,0.5,0.25,0.5,-117.49390487647489,35.70180766805932,0.26655068483451605,12.17844245611676
Region_A,442,21.25,0.25,4.827996043895941,2.2703917788715375,6,61327465.16280402,2.0759777777777777,2.25,28.5,2.25,2.5,-117.49042573772434,35.70530832008893,0.33889403298462395,12.156500651433575
Region_A,443,21.75,0.25,5.1426536306718065,2.6589668721088517,1,22387211.385683376,2.118938888888889,2.25,2.5,2.25,2.5,-117.48694629468385,35.70880886945057,0.8115719706836954,12.155104093328967
Region_A,444,22.25,0.25,5.45731121744767,3.0475419653461695,1,3019951.720402019,7.3936222222222225,7.25,7.5,7.25,7.5,-117.48346654729643,35.7123093161226,1.304779276968427,12.174259852287541
Region_A,445,22.75,0.25,5.771968804223536,3.4361170585834873,0,0.0,,,,,,-117.47998649550499,35.715809660083345,1.801734958203645,12.213871228336163
Region_A,446,23.25,0.25,6.086626390999402,3.8246921518208015,2,332361390.2534032,0.5191388888888889,0.75,0.5,0.75,0.5,-117.47650613925256,35.71930990131114,2.3000105994581683,12.273740172161688
Region_A,447,23.75,0.25,6.4012839777752655,4.21326724505812,1,2722701.308077916,5.34725,5.25,5.5,5.25,5.5,-117.47302547848201,35.722810039784314,2.79890133009843,12.353572165373595
Region_A,448,24.25,0.25,6.715941564551131,4.601842338295434,1,1109174.8152624008,7.065080555555555,7.25,7.5,7.25,7.5,-117.46954451313634,35.72631007548121,3.2981280377865243,12.452983284195438
Region_A,449,24.75,0.25,7.030599151326995,4.990417431532752,0,0.0,,,,,,-117.46606324315847,35.72981000838011,3.7975582222844757,12.571509062471721
Region_A,450,0.25,0.75,-8.776197693927704,-13.735104550319878,1,12445146.117713844,17.748033333333332,17.75,17.5,17.75,17.5,-117.64057756731285,35.561025439074555,20.708846970918042,24.26527008022684
Region_A,451,0.75,0.75,-8.461540107151839,-13.346529457082562,2,7953451.875868706,3.952538888888889,3.75,3.5,3.75,3.5,-117.63711092047029,35.56453040379774,20.20891245868783,23.827911773752007
Region_A,452,1.25,0.75,-8.146882520375975,-12.957954363845246,20,367435093.6669009,2.1999222222222223,7.25,7.5,2.25,2.5,-117.6336439716497,35.568035266748744,19.70898126897773,23.393063649916986
Region_A,453,1.75,0.75,-7.832224933600108,-12.56937927060793,21,632059492.3050684,7.538647222222223,14.25,14.5,7.75,7.5,-117.6301767207944,35.57154002790608,19.20905366120158,22.9608683276662
Region_A,454,2.25,0.75,-7.5175673468242445,-12.180804177370614,18,84859049.83372815,8.827358333333335,13.25,9.5,8.75,8.5,-117.6267091678477,35.57504468724828,18.7091299224985,22.531478464401367
Region_A,455,2.75,0.75,-7.202909760048379,-11.792229084133298,12,205138339.97438547,11.815416666666666,11.75,11.5,11.75,11.5,-117.62324131275285,35.578549244753866,18.209210371538234,22.10505754851455
Region_A,456,3.25,0.75,-6.888252173272514,-11.403653990895982,14,283511862.06594324,6.500711111111111,6.75,15.5,6.75,6.5,-117.6197731554532,35.58205370040137,17.709295362970895,21.681780753768773
Region_A,457,3.75,0.75,-6.573594586496649,-11.015078897658666,4,14653047.976941865,3.852833333333333,3.75,3.5,3.75,3.5,-117.61630469589196,35.585558054169276,17.209385292652065,21.26183585878359
Region_A,458,4.25,0.75,-6.258936999720784,-10.626503804421349,4,453615683.06795996,6.477619444444445,6.25,6.5,6.25,6.5,-117.61283593401245,35.58906230603613,16.709480603805613,20.845424234522387
Region_A,459,4.75,0.75,-5.944279412944919,-10.237928711184033,5,59649300.58646869,3.659838888888889,3.75,3.5,3.75,3.5,-117.60936686975792,35.5925664559804,16.209581794326553,20.432761902116194
Region_A,460,5.25,0.75,-5.629621826169054,-9.849353617946717,9,21984955.207467154,8.121047222222222,11.75,11.5,8.25,8.5,-117.60589750307156,35.59607050398062,15.709689425477821,20.02408066254051
Region_A,461,5.75,0.75,-5.314964239393189,-9.4607785247094,2,13690990.289707849,19.227927777777776,19.25,19.5,19.25,19.5,-117.60242783389673,35.59957445001526,15.209804132301525,19.61962929851852
Region_A,462,6.25,0.75,-5.000306652617325,-9.072203431472085,5,60984886.84858479,2.781955555555556,2.75,2.5,2.75,2.5,-117.59895786217656,35.603078294062804,14.709926636152316,19.2196748474745
Region_A,463,6.75,0.75,-4.685649065841459,-8.683628338234769,6,98602723.18626292,14.155130555555557,14.25,14.5,14.25,14.5,-117.59548758785432,35.60658203610177,14.21005775987523,18.82450394230886
Region_A,464,7.25,0.75,-4.370991479065594,-8.295053244997453,13,109053815.62550592,4.353822222222222,4.25,4.5,4.25,4.5,-117.59201701087319,35.61008567611062,13.710198446302556,18.434424214099
Region_A,465,7.75,0.75,-4.05633389228973,-7.906478151760134,9,60608320.256593436,2.852888888888889,2.75,2.5,2.75,2.5,-117.58854613117644,35.61358921406783,13.210349780948416,18.049765747419464
Region_A,466,8.25,0.75,-3.7416763055138644,-7.517903058522819,4,126760514.18415907,1.5774444444444444,1.75,1.5,1.75,1.5,-117.58507494870724,35.61709264995188,12.710513020055906,17.670882574678455
Region_A,467,8.75,0.75,-3.4270187187379997,-7.129327965285503,3,15752294.593031766,2.946655555555555,2.75,2.5,2.75,2.5,-117.5816034634088,35.620595983741225,12.210689625529653,17.298154190532365
Region_A,468,9.25,0.75,-3.112361131962135,-6.740752872048186,1,966050.878989812,22.462369444444445,22.25,22.5,22.25,22.5,-117.57813167522428,35.62409921541434,11.710881308809528,16.93198706090901
Region_A,469,9.75,0.75,-2.79770354518627,-6.35217777881087,3,29557985.026135966,4.386027777777778,4.25,4.5,4.25,4.5,-117.57465958409685,35.627602344949686,11.211090086473805,16.572816093294094
Region_A,470,10.25,0.75,-2.4830459584104045,-5.963602685573554,6,18441560.829292476,14.295697222222223,14.25,14.5,14.25,14.5,-117.57118718996968,35.63110537232569,10.711318351399983,16.221106025592256
Region_A,471,10.75,0.75,-2.16838837163454,-5.575027592336238,3,96203837.30984397,0.9545777777777776,0.75,0.5,0.75,0.5,-117.56771449278594,35.63460829752085,10.211568964808732,15.877352679992438
Region_A,472,11.25,0.75,-1.853730784858675,-5.186452499098922,1,1737800.8287493763,15.471883333333333,15.25,15.5,15.25,15.5,-117.56424149248878,35.63811112051357,9.71184537670631,15.542084015865465
Region_A,473,11.75,0.75,-1.5390731980828103,-4.797877405861606,0,0.0,,,,,,-117.56076818902136,35.641613841282314,9.212151785498248,15.215860901952883
Region_A,474,12.25,0.75,-1.2244156113069447,-4.4093023126242885,5,501972419.64418554,2.6188,13.75,13.5,2.75,2.5,-117.55729458232676,35.6451164598055,8.712493352483282,14.899277513320438
Region_A,475,12.75,0.75,-0.9097580245310807,-4.0207272193869725,4,67909298.2280909,6.724894444444444,6.75,6.5,6.75,6.5,-117.55382067234817,35.64861897606157,8.212876494570718,14.592961243362971
Region_A,476,13.25,0.75,-0.595100437755215,-3.6321521261496565,1,1737800.8287493763,28.58067777777778,28.75,28.5,28.75,28.5,-117.55034645902866,35.65212139002896,7.71330929064037,14.297572006520946
Region_A,477,13.75,0.75,-0.2804428509793494,-3.2435770329123406,0,0.0,,,,,,-117.54687194231134,35.655623701686075,7.213802056550061,14.013800794681261
Region_A,478,14.25,0.75,0.03421473579651446,-2.8550019396750246,4,5774301.109267649,9.058227777777777,9.25,9.5,9.25,9.5,-117.54339712213934,35.65912591101134,6.714368176462528,13.742367341341403
Region_A,479,14.75,0.75,0.3488723225723801,-2.4664268464377086,0,0.0,,,,,,-117.53992199845571,35.66262801798317,6.215025334389198,13.484016744862211
Region_A,480,15.25,0.75,0.6635299093482457,-2.0778517532003926,6,22430280.90907371,3.750288888888889,3.75,13.5,3.75,3.5,-117.53644657120356,35.66613002257997,5.715797390137827,13.239514908299403
Region_A,481,15.75,0.75,0.9781874961241096,-1.6892766599630766,0,0.0,,,,,,-117.53297084032596,35.669631924780134,5.2167173301908205,13.009642671435671
Region_A,482,16.25,0.75,1.2928450828999751,-1.3007015667257589,4,22339367.33226779,12.859886111111113,12.75,12.5,12.75,12.5,-117.52949480576599,35.6731337245621,4.717832086999288,12.795188543737739
Region_A,483,16.75,0.75,1.607502669675839,-0.912126473488443,6,249082372.58027598,0.8043222222222222,0.75,0.5,0.75,0.5,-117.52601846746668,35.67663542190422,4.219210767326859,12.59693999752143
Region_A,484,17.25,0.75,1.9221602564517046,-0.523551380251127,0,0.0,,,,,,-117.52254182537108,35.6801370167849,3.7209594726540276,12.415673349944129
Region_A,485,17.75,0.75,2.2368178432275703,-0.13497628701381104,1,1621810.09735893,16.450041666666667,16.25,16.5,16.25,16.5,-117.51906487942226,35.68363850918253,3.2232498034034798,12.25214234996764
Region_A,486,18.25,0.75,2.551475430003434,0.25359880622350495,2,29570467.584513005,10.393458333333331,10.25,10.5,10.25,10.5,-117.51558762956321,35.68713989907549,2.7263784024136144,12.107065688895398
Region_A,487,18.75,0.75,2.8661330167792998,0.6421738994608209,6,72925036.1625905,9.716769444444443,9.75,9.5,9.75,9.5,-117.51211007573698,35.69064118644215,2.230905442002024,11.981113764028196
Region_A,488,19.25,0.75,3.1807906035551654,1.030748992698137,2,501762673.56460863,1.4608666666666663,1.25,1.5,1.25,1.5,-117.50863221788657,35.69414237126089,1.7380273269316215,11.874895134608288
Region_A,489,19.75,0.75,3.4954481903310293,1.419324085935453,6,300585585.35165536,0.8545611111111111,0.75,0.5,0.75,0.5,-117.50515405595503,35.69764345351008,1.250815288988712,11.788943204940008
Region_A,490,20.25,0.75,3.810105777106895,1.8078991791727708,12,197204952722.36954,2.6836222222222226,13.25,13.5,2.75,2.5,-117.50167558988531,35.70114443316807,0.7799607587403017,11.723703737328867
Region_A,491,20.75,0.75,4.124763363882759,2.196474272410085,8,11979649529.19295,0.2826611111111111,0.25,0.5,0.25,0.5,-117.4981968196204,35.70464531021323,0.39004959066967726,11.679523823855858
Region_A,492,21.25,0.75,4.439420950658625,2.5850493656474027,7,421762510969.0708,0.1080444444444444,0.25,0.5,0.25,0.5,-117.49471774510333,35.70814608462391,0.4426495015115429,11.656642920814477
Region_A,493,21.75,0.75,4.7540785374344905,2.973624458884717,1,555904.2572704037,11.54946111111111,11.75,11.5,11.75,11.5,-117.491238366277,35.71164675637846,0.8600805073917497,11.655186468466814
Region_A,494,22.25,0.75,5.068736124210354,3.3621995521220347,0,0.0,,,,,,-117.48775868308445,35.71514732545523,1.3354918109827876,11.675162484783224
Region_A,495,22.75,0.75,5.38339371098622,3.7507746453593525,0,0.0,,,,,,-117.48427869546857,35.71864779183254,1.8240993051939156,11.716461346219141
Region_A,496,23.25,0.75,5.698051297762086,4.139349738596667,0,0.0,,,,,,-117.48079840337235,35.72214815548875,2.3175716112378826,11.778858769371716
Region_A,497,23.75,0.75,6.0127088845379495,4.527924831833984,0,0.0,,,,,,-117.47731780673871,35.72564841640219,2.8133499731143643,11.86202180659615
Region_A,498,24.25,0.75,6.327366471313815,4.916499925071299,3,35370582.96499661,5.68598888888889,5.75,5.5,5.75,5.5,-117.47383690551061,35.72914857455116,3.310398460794323,11.965517488663844
Region_A,499,24.75,0.75,6.642024058089679,5.305075018308616,0,0.0,,,,,,-117.47035569963091,35.73264862991401,3.8082197766458097,12.088823607071035
Region_A,500,0.25,1.25,-9.16477278716502,-13.420446963544013,0,0.0,,,,,,-117.64486716271857,35.56385791938704,20.7228722015192,24.02915204832291
Region_A,501,0.75,1.25,-8.850115200389155,-13.031871870306697,0,0.0,,,,,,-117.64140058093425,35.56736300600957,20.223284406310068,23.58741604315273
Region_A,502,1.25,1.25,-8.535457613613291,-12.64329677706938,1,1188502.2274370166,7.851286111111111,7.75,7.5,7.75,7.5,-117.63793369715302,35.57086799087174,19.723717501437473,23.148050523189564
Region_A,503,1.75,1.25,-8.220800026837425,-12.254721683832065,3,4124825872.2880855,0.1423444444444444,0.25,0.5,0.25,0.5,-117.63446651131817,35.574372873952065,19.22417311549492,22.711193065435694
Region_A,504,2.25,1.25,-7.906142440061561,-11.866146590594749,2,25787200.105323683,32.701455555555555,32.75,32.5,32.75,32.5,-117.63099902337305,35.57787765522908,18.724653050791744,22.276991221591214
Region_A,505,2.75,1.25,-7.591484853285696,-11.477571497357433,1,1071519.3052376048,32.86333611111111,32.75,32.5,32.75,32.5,-117.62753123326088,35.581382334681315,18.225159307137243,21.84560334067726
Region_A,506,3.25,1.25,-7.276827266509831,-11.088996404120117,2,84067964.50953333,17.272119444444442,17.25,17.5,17.25,17.5,-117.624063140925,35.58488691228729,17.72569410964034,21.417199460937166
Region_A,507,3.75,1.25,-6.962169679733966,-10.7004213108828,0,0.0,,,,,,-117.6205947463086,35.588391388025485,17.226259941337965,20.99196227561695
Region_A,508,4.25,1.25,-6.647512092958101,-10.311846217645483,1,1109174.8152624008,32.79134722222222,32.75,32.5,32.75,32.5,-117.61712604935501,35.59189576187446,16.72685958165943,20.570088177066296
Region_A,509,4.75,1.25,-6.332854506182236,-9.923271124408167,1,3019951.720402019,10.887827777777778,10.75,10.5,10.75,10.5,-117.61365705000745,35.59540003381269,16.22749615198102,20.151788383258697
Region_A,510,5.25,1.25,-6.018196919406371,-9.534696031170851,0,0.0,,,,,,-117.61018774820914,35.59890420381867,15.728173169842881,19.737290150246007
Region_A,511,5.75,1.25,-5.7035393326305055,-9.146120937933535,0,0.0,,,,,,-117.60671814390332,35.602408271870914,15.22889461381135,19.3268380731654
Region_A,512,6.25,1.25,-5.388881745854642,-8.757545844696219,0,0.0,,,,,,-117.60324823703324,35.60591223794789,14.729665001505609,18.920695477114823
Region_A,513,6.75,1.25,-5.074224159078776,-8.368970751458903,4,80754285.85263717,7.018405555555555,7.25,7.5,7.25,7.5,-117.5997780275421,35.60941610202812,14.23048948401235,18.51914589739686
Region_A,514,7.25,1.25,-4.759566572302911,-7.980395658221587,7,56803352.90858428,20.283288888888887,20.25,21.5,20.25,20.5,-117.5963075153731,35.61291986409005,13.731373960845756,18.12249464616913
Region_A,515,7.75,1.25,-4.4449089855270465,-7.591820564984269,7,615843797.0929133,0.8614666666666667,0.75,0.5,0.75,0.5,-117.59283670046946,35.61642352411218,13.232325220859698,17.73107045927533
Region_A,516,8.25,1.25,-4.130251398751181,-7.203245471746954,10,3729407238.6909986,1.7357277777777778,3.25,3.5,1.75,1.5,-117.58936558277435,35.61992708207296,12.733351116206862,17.345227212785193
Region_A,517,8.75,1.25,-3.8155938119753157,-6.814670378509638,4,270455836.16913116,2.248,2.25,2.5,2.25,2.5,-117.58589416223097,35.623430537950895,12.234460778743516,16.965345693339163
Region_A,518,9.25,1.25,-3.500936225199451,-6.426095285272321,1,1000000.0,22.97204166666667,22.75,22.5,22.75,22.5,-117.58242243878247,35.62693389172441,11.735664891458866,16.591835399552977
Region_A,519,9.75,1.25,-3.186278638423586,-6.0375201920350055,7,237814438.95702043,6.816230555555555,6.75,6.5,6.75,6.5,-117.57895041237205,35.630437143372,11.236976031950368,16.225136343255084
Region_A,520,10.25,1.25,-2.8716210516477205,-5.6489450987976895,12,886508703.8479093,3.779166666666667,3.75,11.5,3.75,3.5,-117.57547808294284,35.63394029287208,10.738409111252647,15.865720808982324
Region_A,521,10.75,1.25,-2.5569634648718558,-5.2603700055603735,3,1347017705.2057233,3.011811111111111,3.25,3.5,3.25,3.5,-117.57200545043797,35.63744334020314,10.239981940347391,15.51409501775506
Region_A,522,11.25,1.25,-2.242305878095991,-4.8717949123230575,1,4731512.589614803,6.219894444444444,6.25,6.5,6.25,6.5,-117.56853251480062,35.64094628534359,9.74171596982008,15.170800626575055
Region_A,523,11.75,1.25,-1.9276482913201263,-4.4832198190857415,1,1035142.1666793432,22.11740555555556,22.25,22.5,22.25,22.5,-117.56505927597392,35.644449128271894,9.243637267583274,14.836415978350288
Region_A,524,12.25,1.25,-1.6129907045442606,-4.094644725848424,3,17886630.6343456,3.552283333333333,3.75,3.5,3.75,3.5,-117.56158573390096,35.64795186896649,8.745777828910429,14.511556998268842
Region_A,525,12.75,1.25,-1.2983331177683968,-3.706069632611108,4,9392300.054205058,14.35363611111111,14.25,14.5,14.25,14.5,-117.55811188852488,35.65145450740578,8.248177358099671,14.19687761253731
Region_A,526,13.25,1.25,-0.9836755309925312,-3.317494539373792,1,1035142.1666793432,22.45363333333333,22.25,22.5,22.25,22.5,-117.55463773978876,35.65495704356823,7.750885731880898,13.893069544802572
Region_A,527,13.75,1.25,-0.6690179442166656,-2.928919446136476,3,22125700.289426193,6.121666666666667,6.25,6.5,6.25,6.5,-117.55116328763573,35.65845947743226,7.253966468538556,13.60086132596309
Region_A,528,14.25,1.25,-0.35436035744080174,-2.54034435289916,3,47164420.07646201,22.72806388888889,22.75,22.5,22.75,22.5,-117.54768853200888,35.661961808976244,6.757501714738115,13.321016336580183
Region_A,529,14.75,1.25,-0.039702770664936105,-2.151769259661844,2,39796835.138450064,2.2762388888888885,2.25,2.5,2.25,2.5,-117.54421347285124,35.66546403817864,6.261599581791812,13.054329690596672
Region_A,530,15.25,1.25,0.27495481611092953,-1.7631941664245279,1,2454708.915685029,8.989194444444443,8.75,8.5,8.75,8.5,-117.54073811010595,35.66896616501784,5.766405225155637,12.801623768184701
Region_A,531,15.75,1.25,0.5896124028867934,-1.3746190731872119,0,0.0,,,,,,-117.53726244371603,35.672468189472255,5.2721180865672075,12.563742218523474
Region_A,532,16.25,1.25,0.904269989662659,-0.986043979949894,4,18424569.934301075,3.6223277777777776,3.75,3.5,3.75,3.5,-117.53378647362456,35.67597011152028,4.779019671095307,12.34154228469306
Region_A,533,16.75,1.25,1.218927576438523,-0.597468886712578,2,10643335.799514193,4.375294444444444,4.25,4.5,4.25,4.5,-117.53031019977456,35.67947193114031,4.287520135780442,12.13588535691667
Region_A,534,17.25,1.25,1.5335851632143886,-0.20889379347526205,0,0.0,,,,,,-117.52683362210908,35.68297364831074,3.7982402257795087,11.947625740187133
Region_A,535,17.75,1.25,1.8482427499902543,0.17968129976205394,1,1798870.9151287875,28.440011111111108,28.25,28.5,28.25,28.5,-117.52335674057117,35.686475263009946,3.312163750592112,11.777597728694076
Region_A,536,18.25,1.25,2.162900336766118,0.5682563929993699,1,1364583.136588924,16.418991666666667,16.25,16.5,16.25,16.5,-117.51987955510381,35.68997677521632,2.830941293764893,11.626601209738705
Region_A,537,18.75,1.25,2.477557923541984,0.9568314862366859,2,504536888.01884973,3.367005555555556,3.25,3.5,3.25,3.5,-117.51640206565007,35.69347818490825,2.3575471377578174,11.49538616670424
Region_A,538,19.25,1.25,2.7922155103178494,1.3454065794740018,10,222518152.31588727,5.541677777777778,5.75,5.5,5.75,5.5,-117.51292427215292,35.696979492064074,1.89784836189747,11.384636601710785
Region_A,539,19.75,1.25,3.1068730970937133,1.7339816727113178,7,787503749.8844625,1.7189555555555556,1.75,1.5,1.75,1.5,-117.50944617455532,35.700480696662204,1.4647963349093103,11.29495453662256
Region_A,540,20.25,1.25,3.421530683869579,2.1225567659486355,9,251189381822177.88,0.0,0.25,0.5,0.25,0.5,-117.50596777280033,35.703981798680964,1.090609096225857,11.226844855778857
Region_A,541,20.75,1.25,3.736188270645443,2.5111318591859497,9,232202643.92558163,4.436644444444444,21.25,21.5,4.25,4.5,-117.5024890668309,35.70748279809873,0.8562873926301942,11.180701804765473
Region_A,542,21.25,1.25,4.050845857421308,2.8997069524232675,4,3134301921.037244,0.2406444444444444,0.25,0.5,0.25,0.5,-117.49901005659001,35.71098369489386,0.8814919153255187,11.156797940199667
Region_A,543,21.75,1.25,4.365503444197174,3.2882820456605817,2,2097409.1770205833,10.169283333333333,10.25,10.5,10.25,10.5,-117.49553074202059,35.71448448904469,1.1492727677932169,11.155276227409217
Region_A,544,22.25,1.25,4.6801610309730375,3.6768571388978994,0,0.0,,,,,,-117.4920511230656,35.71798518052959,1.537734630161498,11.17614580887163
Region_A,545,22.75,1.25,4.994818617748903,4.065432232135217,1,616595.0018614822,28.749277777777777,28.75,28.5,28.75,28.5,-117.48857119966802,35.721485769326875,1.9769743778827178,11.219281731577853
Region_A,546,23.25,1.25,5.309476204524769,4.454007325372531,0,0.0,,,,,,-117.48509097177077,35.7249862554149,2.439718751989988,11.284428652079567
Region_A,547,23.75,1.25,5.624133791300633,4.842582418609849,0,0.0,,,,,,-117.48161043931677,35.728486638771976,2.9147945874140815,11.371208266285157
Region_A,548,24.25,1.25,5.938791378076498,5.231157511847163,0,0.0,,,,,,-117.47812960224894,35.73198691937644,3.3970321436255575,11.479129969931936
Region_A,549,24.75,1.25,6.253448964852362,5.619732605084481,1,638263.4861905483,15.765691666666664,15.75,15.5,15.75,15.5,-117.47464846051022,35.73548709720662,3.883764576133843,11.607604072242783
Region_A,550,0.25,1.75,-9.553347880402336,-13.105789376768147,0,0.0,,,,,,-117.64915706047833,35.56669024526796,20.74894025477188,23.80119669799169
Region_A,551,0.75,1.75,-9.238690293626473,-12.717214283530831,0,0.0,,,,,,-117.64569054379477,35.570195453793104,20.249995594915564,23.35514957536877
Region_A,552,1.25,1.75,-8.924032706850607,-12.328639190293515,0,0.0,,,,,,-117.64222372509539,35.57370056056972,19.75110431069885,22.91133036554634
Region_A,553,1.75,1.75,-8.609375120074741,-11.940064097056199,1,1230268.770812381,15.713358333333332,15.75,15.5,15.75,15.5,-117.6387566043236,35.57720556557633,19.252270551550886,22.469871084422437
Region_A,554,2.25,1.75,-8.294717533298877,-11.551489003818883,0,0.0,,,,,,-117.6352891814226,35.58071046879144,18.75349890788704,22.030913598439835
Region_A,555,2.75,1.75,-7.980059946523012,-11.162913910581567,1,595662.1435290109,16.677244444444444,16.75,16.5,16.75,16.5,-117.63182145633569,35.5842152701936,18.254794471210218,21.59461047144122
Region_A,556,3.25,1.75,-7.665402359747147,-10.774338817344251,0,0.0,,,,,,-117.6283534290061,35.58771996976133,17.756162904302666,21.16112588792564
Region_A,557,3.75,1.75,-7.350744772971282,-10.385763724106935,2,5976334.020503849,5.9428,5.75,5.5,5.75,5.5,-117.62488509937714,35.59122456747313,17.25761052353833,20.730636658723107
Region_A,558,4.25,1.75,-7.036087186195417,-9.997188630869617,0,0.0,,,,,,-117.62141646739201,35.59472906330751,16.759144395826045,20.303333315181323
Region_A,559,4.75,1.75,-6.721429599419552,-9.608613537632301,1,812830.5161640996,31.854555555555557,31.75,31.5,31.75,31.5,-117.61794753299398,35.59823345724298,16.260772453304746,19.87942129788263
Region_A,560,5.25,1.75,-6.406772012643687,-9.220038444394985,0,0.0,,,,,,-117.61447829612626,35.60173774925805,15.762503629695422,19.45912224562216
Region_A,561,5.75,1.75,-6.0921144258678215,-8.83146335115767,0,0.0,,,,,,-117.6110087567321,35.6052419393312,15.264348023226153,19.04267538980342
Region_A,562,6.25,1.75,-5.777456839091958,-8.442888257920353,1,8222426.499470695,3.596905555555556,3.75,3.5,3.75,3.5,-117.6075389147547,35.608746027440915,14.766317092361758,18.630339058449326
Region_A,563,6.75,1.75,-5.462799252316092,-8.054313164683037,1,2630267.9918953814,27.77402222222222,27.75,27.5,27.75,27.5,-117.60406877013726,35.61225001356571,14.268423892293846,18.222392292565218
Region_A,564,7.25,1.75,-5.148141665540227,-7.6657380714457215,2,21303685.925679844,17.178505555555557,17.25,17.5,17.25,17.5,-117.60059832282298,35.61575389768405,13.770683362425725,17.819136575476882
Region_A,565,7.75,1.75,-4.8334840787643625,-7.277162978208404,3,817348803.5396014,13.78110277777778,13.75,13.5,13.75,13.5,-117.59712757275506,35.6192576797744,13.273112678124733,17.42089767281972
Region_A,566,8.25,1.75,-4.518826491988497,-6.8885878849710895,3,21153099.818102304,24.843022222222224,24.75,24.5,24.75,24.5,-117.59365651987665,35.62276135981525,12.775731684103356,17.028027576857315
Region_A,567,8.75,1.75,-4.204168905212632,-6.5000127917337736,4,606569620.1313581,1.7532222222222222,1.75,1.5,1.75,1.5,-117.59018516413093,35.62626493778508,12.27856343234864,16.6409065435021
Region_A,568,9.25,1.75,-3.8895113184367673,-6.111437698496456,3,24071005.491803553,1.5087555555555556,1.75,1.5,1.75,1.5,-117.58671350546109,35.62976841366234,11.781634855155545,16.25994520350326
Region_A,569,9.75,1.75,-3.5748537316609026,-5.72286260525914,1,2213094.7096056365,10.86335,10.75,10.5,10.75,10.5,-117.58324154381027,35.63327178742547,11.284977614431625,15.885586720429508
Region_A,570,10.25,1.75,-3.260196144885037,-5.334287512021824,16,1319789284.417125,7.890097222222222,8.75,8.5,7.75,7.5,-117.57976927912163,35.63677505905296,10.788629183368464,15.518308956959325
Region_A,571,10.75,1.75,-2.945538558109172,-4.945712418784508,1,2213094.7096056365,12.288244444444445,12.25,12.5,12.25,12.5,-117.57629671133827,35.640278228523236,10.292634237853619,15.158626597254836
Region_A,572,11.25,1.75,-2.6308809713333074,-4.557137325547192,3,35976900.660212524,2.953938888888889,2.75,2.5,2.75,2.5,-117.57282384040336,35.643781295814755,9.797046465759125,14.807093156536816
Region_A,573,11.75,1.75,-2.3162233845574427,-4.168562232309876,0,0.0,,,,,,-117.56935066626001,35.64728426090596,9.301930947402814,14.46430278920201
Region_A,574,12.25,1.75,-2.001565797781577,-3.7799871390725586,1,1678804.018122559,11.07508611111111,11.25,11.5,11.25,11.5,-117.56587718885133,35.65078712377529,8.80736732788278,14.130891783927675
Region_A,575,12.75,1.75,-1.6869082110057132,-3.3914120458352426,1,342767.78654645046,33.477355555555555,33.25,33.5,33.25,33.5,-117.5624034081204,35.654289884401166,8.313454104417964,13.807539608504927
Region_A,576,13.25,1.75,-1.3722506242298476,-3.0028369525979266,1,6025595.860743568,7.639383333333333,7.75,7.5,7.75,7.5,-117.55892932401036,35.65779254276201,7.820314510572495,13.49496933941645
Region_A,577,13.75,1.75,-1.057593037453982,-2.6142618593606106,5,92411407881.34756,0.9150611111111112,0.75,0.5,0.75,0.5,-117.55545493646426,35.661295098836284,7.328104730575127,13.193947282869813
Region_A,578,14.25,1.75,-0.7429354506781181,-2.2256867661232946,3,11806328.307525825,14.652963888888888,14.75,14.5,14.75,14.5,-117.55198024542523,35.66479755260235,6.837025584293539,12.905281567424456
Region_A,579,14.75,1.75,-0.4282778639022524,-1.8371116728859787,6,19667723028.249294,0.6507388888888889,10.75,10.5,0.75,0.5,-117.54850525083626,35.668299904038655,6.347339500790172,12.629819466875333
Region_A,580,15.25,1.75,-0.11362027712638678,-1.4485365796486627,1,20183663636.8156,0.0826,0.25,0.5,0.25,0.5,-117.54502995264048,35.671802153123615,5.859395756927335,12.368443200226162
Region_A,581,15.75,1.75,0.20103730964947708,-1.0599614864113467,2,664043102.3991748,10.653255555555557,10.75,10.5,10.75,10.5,-117.54155435078091,35.675304299835624,5.373669001185774,12.122063959102775
Region_A,582,16.25,1.75,0.5156948964253427,-0.6713863931740289,1,2137962.0895022326,32.12785555555556,32.25,32.5,32.25,32.5,-117.53807844520061,35.67880634415307,4.890819811883457,11.89161393839945
Region_A,583,16.75,1.75,0.8303524832012066,-0.28281129993671295,0,0.0,,,,,,-117.53460223584263,35.68230828605438,4.411793096952596,11.678036200119168
Region_A,584,17.25,1.75,1.1450100699770722,0.10576379330060304,0,0.0,,,,,,-117.53112572264997,35.68581012551791,3.9379840309891314,11.482272289170444
Region_A,585,17.75,1.75,1.4596676567529379,0.494338886537919,2,3877622.4967627106,15.175177777777778,15.25,15.5,15.25,15.5,-117.52764890556567,35.68931186252207,3.4715296522328942,11.305247646735083
Region_A,586,18.25,1.75,1.7743252435288017,0.882913979775235,1,870963.5899560796,13.958180555555554,13.75,13.5,13.75,13.5,-117.52417178453274,35.69281349704523,3.0158444960473476,11.147855030693878
Region_A,587,18.75,1.75,2.0889828303046674,1.271489073012551,3,6122334.643547775,6.563622222222223,6.75,6.5,6.75,6.5,-117.52069435949417,35.69631502906577,2.5766485834016852,11.010936346048164
Region_A,588,19.25,1.75,2.403640417080533,1.660064166249867,2,108842799.5317297,1.0752111111111111,1.25,1.5,1.25,1.5,-117.51721663039294,35.699816458562076,2.1640050416652783,10.895263496037265
Region_A,589,19.75,1.75,2.718298003856397,2.048639259487183,2,108945324.23813055,9.783355555555556,9.75,9.5,9.75,9.5,-117.51373859717205,35.7033177855125,1.7963066882800338,10.801519063513235
Region_A,590,20.25,1.75,3.0329555906322625,2.4372143527245007,5,135091529.82460064,2.896522222222222,2.75,2.5,2.75,2.5,-117.5102602597745,35.70681900989542,1.5068236845651235,10.730277792806554
Region_A,591,20.75,1.75,3.3476131774081264,2.825789445961815,7,87117034.6423013,2.986166666666667,2.75,2.5,2.75,2.5,-117.50678161814326,35.71032013168917,1.3469660405419472,10.681989933629183
Region_A,592,21.25,1.75,3.662270764183992,3.2143645391991327,6,66590239.00013589,1.1635333333333333,1.25,1.5,1.25,1.5,-117.50330267222127,35.71382115087213,1.3631278048591355,10.656967503634084
Region_A,593,21.75,1.75,3.9769283509598576,3.602939632436447,0,0.0,,,,,,-117.49982342195148,35.71732206742265,1.549812024210328,10.655374409417558
Region_A,594,22.25,1.75,4.2915859377357215,3.9915147256737646,0,0.0,,,,,,-117.49634386727685,35.72082288131906,1.856264315337057,10.677221138303176
Region_A,595,22.75,1.75,4.606243524511587,4.380089818911083,0,0.0,,,,,,-117.49286400814029,35.7243235925397,2.2337227013218532,10.722364415910599
Region_A,596,23.25,1.75,4.920901111287453,4.768664912148397,0,0.0,,,,,,-117.48938384448475,35.72782420106292,2.6520401588979423,10.790511855280247
Region_A,597,23.75,1.75,5.235558698063317,5.157240005385715,0,0.0,,,,,,-117.48590337625313,35.73132470686705,3.0946917297873573,10.881231250658228
Region_A,598,24.25,1.75,5.550216284839182,5.545815098623029,0,0.0,,,,,,-117.48242260338837,35.734825109930405,3.552592968582397,10.993963842111675
Region_A,599,24.75,1.75,5.864873871615046,5.934390191860347,1,1035142.1666793432,17.36833888888889,17.25,17.5,17.25,17.5,-117.47894152583335,35.738325410231326,4.020536866940525,11.128040635844952
Region_A,600,0.25,2.25,-9.941922973639652,-12.791131789992283,1,1513561.2484362072,33.572291666666665,33.75,33.5,33.75,33.5,-117.65344726062854,35.56952241669075,20.787005823631475,23.58164074765706
Region_A,601,0.75,2.25,-9.627265386863787,-12.402556696754967,0,0.0,,,,,,-117.64998080908829,35.5730277471218,20.28899728941023,23.131360266593003
Region_A,602,1.25,2.25,-9.312607800087923,-12.013981603517651,0,0.0,,,,,,-117.64651405551339,35.57653297581614,19.791089179418663,22.683162813291165
Region_A,603,1.75,2.25,-8.997950213312057,-11.625406510280335,0,0.0,,,,,,-117.64304699984716,35.580038102752304,19.293289268699347,22.23717434040649
Region_A,604,2.25,2.25,-8.683292626536193,-11.23683141704302,0,0.0,,,,,,-117.63957964203284,35.58354312790881,18.795606154197745,21.793530463809454
Region_A,605,2.75,2.25,-8.368635039760328,-10.848256323805703,0,0.0,,,,,,-117.63611198201372,35.58704805126419,18.298049366031425,21.352377326853986
Region_A,606,3.25,2.25,-8.053977452984462,-10.459681230568387,2,11388967.184589915,1.9091944444444449,1.75,1.5,1.75,1.5,-117.63264401973304,35.590552872796955,17.800629497288288,20.91387254765855
Region_A,607,3.75,2.25,-7.739319866208598,-10.071106137331071,1,86099375.21846,1.0890888888888888,1.25,1.5,1.25,1.5,-117.62917575513407,35.59405759248564,17.303358356045706,20.478186256870103
Region_A,608,4.25,2.25,-7.424662279432733,-9.682531044093754,2,26516374.5604439,18.124166666666667,18.25,18.5,18.25,18.5,-117.62570718815999,35.597562210308745,16.8062491441649,20.045502233728673
Region_A,609,4.75,2.25,-7.110004692656868,-9.293955950856438,0,0.0,,,,,,-117.6222383187541,35.601066726244746,16.309316668510373,19.61601914848624
Region_A,610,5.25,2.25,-6.795347105881003,-8.905380857619122,0,0.0,,,,,,-117.61876914685958,35.60457114027219,15.81257759164385,19.189951919302366
Region_A,611,5.75,2.25,-6.4806895191051375,-8.516805764381806,0,0.0,,,,,,-117.61529967241964,35.60807545236955,15.316050730843248,18.76753319156501
Region_A,612,6.25,2.25,-6.166031932329274,-8.12823067114449,0,0.0,,,,,,-117.61182989537751,35.61157966251532,14.819757416630372,18.349014947071463
Region_A,613,6.75,2.25,-5.851374345553408,-7.739655577907174,1,12445146.117713844,7.029802777777778,7.25,7.5,7.25,7.5,-117.60835981567637,35.61508377068798,14.323721925036724,17.934670249525347
Region_A,614,7.25,2.25,-5.536716758777543,-7.351080484669858,0,0.0,,,,,,-117.60488943325942,35.618587776866015,13.82797200184411,17.52479513120103
Region_A,615,7.75,2.25,-5.2220591720016785,-6.96250539143254,1,2213094.7096056365,7.777430555555555,7.75,7.5,7.75,7.5,-117.60141874806979,35.62209168102792,13.332539502352557,17.119710623194685
Region_A,616,8.25,2.25,-4.907401585225813,-6.573930298195224,4,11064418.764703834,6.643638888888889,6.75,6.5,6.75,6.5,-117.5979477600507,35.62559548315217,12.837461177343368,16.71976492817057
Region_A,617,8.75,2.25,-4.592743998449948,-6.185355204957908,7,9209999234.001312,4.220777777777777,4.25,4.5,4.25,4.5,-117.5944764691453,35.6290991832172,12.342779645517659,16.32533572961488
Region_A,618,9.25,2.25,-4.278086411674083,-5.796780111720592,2,188492904.62042895,3.128588888888889,3.25,3.5,3.25,3.5,-117.59100487529675,35.632602781201506,11.84854460580758,15.93683262496027
Region_A,619,9.75,2.25,-3.9634288248982186,-5.408205018483276,1,7943282347.242789,2.8223277777777778,2.75,2.5,2.75,2.5,-117.58753297844818,35.63610627708352,11.354814361046099,15.554699661110647
Region_A,620,10.25,2.25,-3.648771238122353,-5.01962992524596,3,4097633.8632078688,7.137838888888889,7.25,7.5,7.25,7.5,-117.58406077854272,35.639609670841736,10.86165774970955,15.179417939391264
Region_A,621,10.75,2.25,-3.334113651346488,-4.631054832008644,6,1616361464.106719,9.323419444444443,26.25,18.5,9.25,9.5,-117.58058827552354,35.64311296245458,10.36915661805879,14.811508242244306
Region_A,622,11.25,2.25,-3.0194560645706234,-4.242479738771328,1,6918309.709189363,11.047908333333334,11.25,11.5,11.25,11.5,-117.57711546933369,35.646616151900496,9.877409015923115,14.451533615551973
Region_A,623,11.75,2.25,-2.7047984777947587,-3.8539046455340116,6,42302403.76779822,3.695161111111111,21.25,21.5,3.75,3.5,-117.57364235991633,35.65011923915793,9.386533373181287,14.100101817816295
Region_A,624,12.25,2.25,-2.390140891018893,-3.465329552296694,1,595662.1435290109,10.4997,10.25,10.5,10.25,10.5,-117.5701689472146,35.653622224205314,8.896674022568932,13.75786752022798
Region_A,625,12.75,2.25,-2.075483304243029,-3.076754459059378,4,12210250.846508525,16.501475,16.75,16.5,16.75,16.5,-117.5666952311715,35.65712510702111,8.408008596680888,13.42553410987815
Region_A,626,13.25,2.25,-1.7608257174671635,-2.688179365822062,6,163536128.5690598,7.427291666666667,23.75,23.5,7.25,7.5,-117.5632212117302,35.6606278875837,7.92075807356004,13.103854912462186
Region_A,627,13.75,2.25,-1.446168130691298,-2.299604272584746,9,218394389.51987842,3.5684166666666663,3.75,25.5,3.75,3.5,-117.55974688883369,35.664130565871545,7.435200626605403,12.793633612004726
Region_A,628,14.25,2.25,-1.131510543915434,-1.9110291793474299,7,354820266.500007,8.556219444444444,8.75,8.5,8.75,8.5,-117.55627226242513,35.66763314186304,6.951691035703488,12.495723605681055
Region_A,629,14.75,2.25,-0.8168529571395684,-1.522454086110114,3,218367289.38436946,1.183366666666667,1.25,1.5,1.25,1.5,-117.55279733244751,35.67113561553662,6.47068838330877,12.21102599542448
Region_A,630,15.25,2.25,-0.5021953703637028,-1.133878992872798,0,0.0,,,,,,-117.54932209884393,35.674637986870685,5.992796346605973,11.940485890125666
Region_A,631,15.75,2.25,-0.1875377835878389,-0.7453038996354819,1,4897788.193684456,19.99213333333333,19.75,19.5,19.75,19.5,-117.54584656155741,35.67814025584363,5.518823058397573,11.685086680194024
Region_A,632,16.25,2.25,0.12711980318802674,-0.3567288063981642,1,758577.5750291835,13.730019444444444,13.75,13.5,13.75,13.5,-117.542370720531,35.68164242243386,5.04987206252867,11.445841959200967
Region_A,633,16.75,2.25,0.4417773899638906,0.031846286839151805,0,0.0,,,,,,-117.53889457570772,35.68514448661979,4.587483814240047,11.223784815576389
Region_A,634,17.25,2.25,0.7564349767397562,0.4204213800764678,1,660693.4480075964,32.31464166666667,32.25,32.5,32.25,32.5,-117.53541812703058,35.6886464483798,4.1338611060268144,11.019954311054143
Region_A,635,17.75,2.25,1.0710925635156219,0.8089964733137838,0,0.0,,,,,,-117.53194137444258,35.692148307692264,3.6922361167628583,10.835379109614877
Region_A,636,18.25,2.25,1.3857501502914857,1.1975715665510998,0,0.0,,,,,,-117.52846431788674,35.695650064535585,3.2674772286788647,10.671058423625846
Region_A,637,18.75,2.25,1.7004077370673514,1.5861466597884157,2,2975738.4228929253,9.590263888888888,9.75,9.5,9.75,9.5,-117.52498695730608,35.69915171888811,2.8670903958441465,10.527940696631694
Region_A,638,19.25,2.25,2.015065323843217,1.9747217530257317,6,585386835.1863258,0.51075,18.25,18.5,0.75,0.5,-117.5215092926435,35.70265327072826,2.5027998793248685,10.406900727072951
Region_A,639,19.75,2.25,2.329722910619081,2.3632968462630477,0,0.0,,,,,,-117.51803132384208,35.706154720034355,2.192671232527899,10.308716223396061
Region_A,640,20.25,2.25,2.6443804973949465,2.7518719395003655,4,91747764.71642634,2.138233333333333,2.25,2.5,2.25,2.5,-117.51455305084471,35.7096560667848,1.9625511539733806,10.234045026570229
Region_A,641,20.75,2.25,2.9590380841708104,3.1404470327376797,4,12454581.000556901,6.886633333333334,31.25,31.5,6.75,6.5,-117.51107447359438,35.713157310957925,1.8426629995658683,10.18340439328737
Region_A,642,21.25,2.25,3.273695670946676,3.5290221259749974,8,481473442.39830154,2.331788888888889,2.25,2.5,2.25,2.5,-117.50759559203405,35.7166584525321,1.8545098619246863,10.15715375824262
Region_A,643,21.75,2.25,3.5883532577225417,3.9175972192123116,4,102836354.32470483,1.4972222222222222,1.25,1.5,1.25,1.5,-117.50411640610662,35.720159491485674,1.9957471598333154,10.1554822583637
Region_A,644,22.25,2.25,3.9030108444984055,4.306172312449629,0,0.0,,,,,,-117.50063691575507,35.72366042779698,2.2420541081761574,10.178402002834115
Region_A,645,22.75,2.25,4.217668431274271,4.694747405686947,0,0.0,,,,,,-117.4971571209223,35.72716126144437,2.563319434248573,10.225747638322353
Region_A,646,23.25,2.25,4.532326018050137,5.083322498924261,0,0.0,,,,,,-117.49367702155122,35.7306619924062,2.9350309061410664,10.297182245352992
Region_A,647,23.75,2.25,4.846983604826001,5.471897592161579,0,0.0,,,,,,-117.49019661758477,35.734162620660754,3.340390144580434,10.39220908302804
Region_A,648,24.25,2.25,5.161641191601866,5.860472685398893,0,0.0,,,,,,-117.48671590896582,35.7376631461864,3.768554924107769,10.51018825029924
Region_A,649,24.75,2.25,5.47629877837773,6.249047778636211,1,1513561.2484362072,9.256333333333334,9.25,9.5,9.25,9.5,-117.48323489563728,35.741163568961454,4.212577134489499,10.650357012236064
Region_A,650,0.25,2.75,-10.330498066876968,-12.476474203216418,0,0.0,,,,,,-117.65773776320572,35.57235443362887,20.83700315609912,23.370720922697895
Region_A,651,0.75,2.75,-10.015840480101105,-12.087899109979102,0,0.0,,,,,,-117.65427137685131,35.5758598859691,20.340218790005466,22.916296469499315
Region_A,652,1.25,2.75,-9.701182893325239,-11.699324016741786,0,0.0,,,,,,-117.65080468844342,35.57936523658445,19.84359595243005,22.463808477400807
Region_A,653,1.75,2.75,-9.386525306549373,-11.31074892350447,0,0.0,,,,,,-117.64733769792531,35.58287048545344,19.347147082226492,22.01337635940253
Region_A,654,2.25,2.75,-9.07186771977351,-10.922173830267154,0,0.0,,,,,,-117.64387040524026,35.58637563255461,18.850885923990734,21.565128939379424
Region_A,655,2.75,2.75,-8.757210132997644,-10.533598737029838,0,0.0,,,,,,-117.64040281033152,35.5898806778665,18.354827703286098,21.119205326039555
Region_A,656,3.25,2.75,-8.44255254622178,-10.145023643792522,0,0.0,,,,,,-117.63693491314231,35.59338562136762,17.858989330735536,20.67575587577816
Region_A,657,3.75,2.75,-8.127894959445914,-9.756448550555206,0,0.0,,,,,,-117.63346671361589,35.59689046303647,17.36338964065866,20.234943253346003
Region_A,658,4.25,2.75,-7.813237372670049,-9.367873457317888,0,0.0,,,,,,-117.62999821169548,35.60039520285157,16.868049671237614,19.79694359989669
Region_A,659,4.75,2.75,-7.498579785894185,-8.979298364080572,0,0.0,,,,,,-117.62652940732433,35.60389984079142,16.372992994848136,19.361947818565366
Region_A,660,5.25,2.75,-7.183922199118319,-8.590723270843256,0,0.0,,,,,,-117.62306030044557,35.60740437683453,15.878246109295354,18.930162988210267
Region_A,661,5.75,2.75,-6.8692646123424534,-8.20214817760594,0,0.0,,,,,,-117.61959089100249,35.610908810959394,15.383838903386886,18.50181391625058
Region_A,662,6.25,2.75,-6.55460702556659,-7.813573084368624,0,0.0,,,,,,-117.61612117893823,35.61441314314451,14.889805213748321,18.077144841565033
Region_A,663,6.75,2.75,-6.239949438790724,-7.424997991131308,2,2878144.3850251315,12.668608333333331,12.75,12.5,12.75,12.5,-117.61265116419602,35.617917373368364,14.39618349429367,17.65642129805128
Region_A,664,7.25,2.75,-5.92529185201486,-7.036422897893992,0,0.0,,,,,,-117.60918084671897,35.62142150160941,13.903017625658842,17.239932148521834
Region_A,665,7.75,2.75,-5.6106342652389944,-6.647847804656674,1,23988329.190194897,25.59027777777778,25.75,25.5,25.75,25.5,-117.6057102264503,35.62492552784618,13.41035789967543,16.827991796913683
Region_A,666,8.25,2.75,-5.295976678463129,-6.259272711419359,4,18311100.015735935,8.699144444444444,8.75,8.5,8.75,8.5,-117.60223930333318,35.6284294520571,12.9182622242852,16.420942584040418
Region_A,667,8.75,2.75,-4.981319091687265,-5.870697618182043,3,7680801115.123486,0.7489333333333333,0.75,0.5,0.75,0.5,-117.59876807731071,35.631933274220664,12.426797608129009,16.019157367967566
Region_A,668,9.25,2.75,-4.666661504911399,-5.482122524944726,2,43205354.968392774,12.648416666666668,12.75,12.5,12.75,12.5,-117.59529654832606,35.635436994315334,11.93604200274981,15.623042284109305
Region_A,669,9.75,2.75,-4.352003918135535,-5.09354743170741,1,555904.2572704037,15.720775,15.75,15.5,15.75,15.5,-117.59182471632239,35.638940612319566,11.446086605884762,15.233039671793183
Region_A,670,10.25,2.75,-4.03734633135967,-4.704972338470094,0,0.0,,,,,,-117.58835258124279,35.64244412821182,10.957038764530378,14.849631142684409
Region_A,671,10.75,2.75,-3.7226887445838046,-4.316397245232778,1,1364583.136588924,31.002166666666668,31.25,31.5,31.25,31.5,-117.5848801430304,35.645947541970536,10.469025665525336,14.473340751365606
Region_A,672,11.25,2.75,-3.40803115780794,-3.9278221519954624,1,3845917.8204535353,23.055308333333333,23.25,23.5,23.25,23.5,-117.58140740162831,35.64945085357418,9.98219907051723,14.104738208719013
Region_A,673,11.75,2.75,-3.093373571032075,-3.5392470587581464,1,758577.5750291835,9.154216666666668,9.25,9.5,9.25,9.5,-117.57793435697964,35.652954063001175,9.496741450699913,13.74444205371232
Region_A,674,12.25,2.75,-2.7787159842562095,-3.1506719655208286,0,0.0,,,,,,-117.57446100902746,35.65645717022996,9.012874018838204,13.393122667967068
Region_A,675,12.75,2.75,-2.4640583974803456,-2.7620968722835126,1,3845917.8204535353,6.320955555555555,6.25,6.5,6.25,6.5,-117.57098735771487,35.65996017523901,8.530867363724251,13.051504979525197
Region_A,676,13.25,2.75,-2.14940081070448,-2.3735217790461967,1,260015956.31652668,7.989194444444444,7.75,7.5,7.75,7.5,-117.56751340298496,35.663463078006686,8.051055699438578,12.720370657411232
Region_A,677,13.75,2.75,-1.8347432239286143,-1.9849466858088807,4,105387328.41733578,4.859733333333334,4.75,4.5,4.75,4.5,-117.56403914478076,35.666965878511455,7.573856202323175,12.400559547588422
Region_A,678,14.25,2.75,-1.5200856371527505,-1.5963715925715647,2,5969307.498922061,5.1627777777777775,5.25,5.5,5.25,5.5,-117.56056458304538,35.67046857673171,7.099795607725343,12.092970045635772
Region_A,679,14.75,2.75,-1.2054280503768848,-1.2077964993342487,0,0.0,,,,,,-117.5570897177218,35.673971172645906,6.629547312560859,11.798558045625818
Region_A,680,15.25,2.75,-0.8907704636010192,-0.8192214060969327,0,0.0,,,,,,-117.55361454875312,35.677473666232416,6.163983895784425,11.518334054339602
Region_A,681,15.75,2.75,-0.5761128768251553,-0.43064631285961674,1,501187.2336272715,24.29992222222222,24.25,24.5,24.25,24.5,-117.55013907608233,35.680976057469664,5.704252568522591,11.253358024106275
Region_A,682,16.25,2.75,-0.2614552900492897,-0.04207121962229898,0,0.0,,,,,,-117.54666329965251,35.684478346336036,5.251885115223238,11.004731448339605
Region_A,683,16.75,2.75,0.05320229672657417,0.346503873615017,0,0.0,,,,,,-117.54318721940662,35.687980532809945,4.808960091486542,10.773586296189045
Region_A,684,17.25,2.75,0.3678598835024398,0.735078966852333,2,21509556.31040189,4.364766666666666,4.25,4.5,4.25,4.5,-117.53971083528772,35.69148261686977,4.378344100172699,10.56107045297919
Region_A,685,17.75,2.75,0.6825174702783054,1.123654060089649,0,0.0,,,,,,-117.53623414723876,35.69498459849391,3.96405057454164,10.368329496314619
Region_A,686,18.25,2.75,0.9971750570541693,1.512229153326965,0,0.0,,,,,,-117.53275715520275,35.698486477660744,3.5717638297528502,10.196484883306866
Region_A,687,18.75,2.75,1.311832643830035,1.900804246564281,1,841395.1416451947,33.130338888888886,33.25,33.5,33.25,33.5,-117.5292798591227,35.70198825434864,3.2095633275474684,10.046608950629217
Region_A,688,19.25,2.75,1.6264902306059006,2.289379339801597,0,0.0,,,,,,-117.52580225894154,35.70548992853599,2.8887880939148878,9.919697517476065
Region_A,689,19.75,2.75,1.9411478173817645,2.677954433038913,2,3577677.8461945606,15.50076111111111,15.75,15.5,15.75,15.5,-117.52232435460228,35.708991500201144,2.624670750694504,9.81664129270182
Region_A,690,20.25,2.75,2.25580540415763,3.0665295262762307,6,14866687.546508543,8.786244444444444,8.75,8.5,8.75,8.5,-117.51884614604782,35.71249296932248,2.4357127186016996,9.738197661833329
Region_A,691,20.75,2.75,2.570462990933494,3.455104619513545,12,744978870.960418,0.53125,14.75,3.5,0.75,0.5,-117.51536763322116,35.71599433587835,2.3401915189926052,9.68496469442681
Region_A,692,21.25,2.75,2.8851205777093596,3.8436797127508626,14,448120274.85411525,1.9444444444444444,5.25,5.5,1.75,1.5,-117.51188881606522,35.71949559984712,2.349531068867095,9.657359295565815
Region_A,693,21.75,2.75,3.1997781644852252,4.232254805988177,5,56979074.30136137,2.5985555555555555,2.75,2.5,2.75,2.5,-117.50840969452292,35.72299676120712,2.462538556363855,9.655601275684967
Region_A,694,22.25,2.75,3.514435751261089,4.620829899225495,1,2290867.65276777,25.49265,25.25,25.5,25.25,25.5,-117.50493026853721,35.726497819936725,2.666063772602865,9.679704717932609
Region_A,695,22.75,2.75,3.8290933380369547,5.009404992462812,0,0.0,,,,,,-117.501450538051,35.72999877601424,2.9413765378802257,9.729477419559824
Region_A,696,23.25,2.75,4.143750924812821,5.3979800857001266,1,154881661.89124796,17.66135277777778,17.75,17.5,17.75,17.5,-117.49797050300717,35.73349962941804,3.2703968926720632,9.80452845827285
Region_A,697,23.75,2.75,4.458408511588685,5.786555178937444,0,0.0,,,,,,-117.49449016334864,35.73700038012644,3.638584303490292,9.904283200738954
Region_A,698,24.25,2.75,4.77306609836455,6.1751302721747585,0,0.0,,,,,,-117.49100951901829,35.74050102811778,4.0352317940377045,10.028004445142491
Region_A,699,24.75,2.75,5.087723685140414,6.563705365412076,0,0.0,,,,,,-117.48752856995903,35.74400157337035,4.452740227053404,10.174817963145834
Region_A,700,0.25,3.25,-10.719073160114284,-12.161816616440554,0,0.0,,,,,,-117.66202856824621,35.57518629605579,20.89884661752606,23.16867308547683
Region_A,701,0.75,3.25,-10.40441557333842,-11.773241523203236,0,0.0,,,,,,-117.65856224712024,35.578691870308454,20.40356806641641,22.71020607509003
Region_A,702,1.25,3.25,-10.089757986562555,-11.384666429965922,0,0.0,,,,,,-117.65509562392194,35.58219734284808,19.90852555411611,22.253527976579665
Region_A,703,1.75,3.25,-9.77510039978669,-10.996091336728604,0,0.0,,,,,,-117.65162869859455,35.585702713653184,19.413737137318538,21.798751221934054
Region_A,704,2.25,3.25,-9.460442813010825,-10.60751624349129,0,0.0,,,,,,-117.64816147108135,35.58920798270232,18.919222751870855,21.345997335967443
Region_A,705,2.75,3.25,-9.14578522623496,-10.218941150253972,0,0.0,,,,,,-117.64469394132556,35.59271314997399,18.425004462222383,20.895397811443715
Region_A,706,3.25,3.25,-8.831127639459096,-9.830366057016658,0,0.0,,,,,,-117.64122610927042,35.596218215446726,17.931106751422835,20.447095078026233
Region_A,707,3.75,3.25,-8.51647005268323,-9.44179096377934,0,0.0,,,,,,-117.6377579748592,35.59972317909903,17.437556859518146,20.00124357536806
Region_A,708,4.25,3.25,-8.201812465907365,-9.053215870542022,0,0.0,,,,,,-117.63428953803505,35.60322804090942,16.94438517996257,19.55801094162082
Region_A,709,4.75,3.25,-7.887154879131501,-8.664640777304708,1,901571.137605957,14.251413888888887,14.25,14.5,14.25,14.5,-117.6308207987412,35.606732800856406,16.451625725895358,19.117579329609633
Region_A,710,5.25,3.25,-7.572497292355635,-8.27606568406739,1,707945.7843841374,17.087005555555557,17.25,17.5,17.25,17.5,-117.62735175692086,35.61023745891849,15.95931668095313,18.68014686385723
Region_A,711,5.75,3.25,-7.257839705579769,-7.887490590830075,0,0.0,,,,,,-117.62388241251722,35.61374201507415,15.467501052883613,18.245929252483496
Region_A,712,6.25,3.25,-6.943182118803906,-7.498915497592759,0,0.0,,,,,,-117.62041276547347,35.617246469301925,14.976227452832124,17.815161568674885
Region_A,713,6.75,3.25,-6.62852453202804,-7.110340404355443,0,0.0,,,,,,-117.61694281573277,35.620750821580245,14.485551029110676,17.388100216796207
Region_A,714,7.25,3.25,-6.313866945252176,-6.721765311118127,0,0.0,,,,,,-117.6134725632383,35.62425507188763,13.995534591968118,16.965025098145478
Region_A,715,7.75,3.25,-5.99920935847631,-6.3331902178808095,0,0.0,,,,,,-117.61000200793322,35.627759220202556,13.506249975954946,16.54624199061719
Region_A,716,8.25,3.25,-5.684551771700445,-5.944615124643494,2,69330439.20209797,10.048119444444444,10.25,10.5,10.25,10.5,-117.60653114976067,35.631263266503474,13.017779699741038,16.132085154852774
Region_A,717,8.75,3.25,-5.369894184924581,-5.556040031406178,4,4575886074.093306,0.2167944444444444,0.25,0.5,0.25,0.5,-117.60305998866379,35.63476721076887,12.5302190008394,15.722920176442383
Region_A,718,9.25,3.25,-5.055236598148715,-5.1674649381688615,5,2622693679.767576,0.20395,0.25,26.5,0.25,0.5,-117.59958852458571,35.63827105297723,12.043678346211491,15.319147048910283
Region_A,719,9.75,3.25,-4.740579011372851,-4.778889844931546,3,5995600.070470452,11.767952777777776,11.75,11.5,11.75,11.5,-117.59611675746957,35.64177479310699,11.55828655143185,14.921203494942834
Region_A,720,10.25,3.25,-4.425921424596986,-4.39031475169423,0,0.0,,,,,,-117.59264468725848,35.6452784311366,11.074194684175334,14.529568512824184
Region_A,721,10.75,3.25,-4.11126383782112,-4.001739658456914,1,1927524.913190937,20.73915,20.75,20.5,20.75,20.5,-117.58917231389556,35.64878196704454,10.59158098685102,14.144766120378577
Region_A,722,11.25,3.25,-3.796606251045256,-3.6131645652195976,0,0.0,,,,,,-117.58569963732387,35.65228540080922,10.11065713487659,13.767369248755092
Region_A,723,11.75,3.25,-3.481948664269391,-3.2245894719822816,1,841395.1416451947,32.40969166666667,32.25,32.5,32.25,32.5,-117.58222665748657,35.65578873240911,9.631676261016965,13.398003711856665
Region_A,724,12.25,3.25,-3.1672910774935255,-2.836014378744964,0,0.0,,,,,,-117.57875337432665,35.65929196182264,9.154943336528335,13.03735214275823
Region_A,725,12.75,3.25,-2.8526334907176616,-2.447439285507648,2,9219326.166407896,3.948555555555555,3.75,3.5,3.75,3.5,-117.57527978778724,35.662795089028236,8.680828727319264,12.686157744787835
Region_A,726,13.25,3.25,-2.537975903941796,-2.058864192270332,0,0.0,,,,,,-117.5718058978114,35.666298114004356,8.209786068531763,12.345227651080315
Region_A,727,13.75,3.25,-2.2233183171659303,-1.670289099033016,0,0.0,,,,,,-117.56833170434221,35.66980103672938,7.742376068692677,12.015435622080279
Region_A,728,14.25,3.25,-1.9086607303900665,-1.2817140057957,1,518800.038928961,29.26053333333333,29.25,29.5,29.25,29.5,-117.56485720732266,35.67330385718175,7.279298529877169,11.697723736681139
Region_A,729,14.75,3.25,-1.5940031436142008,-0.893138912558384,0,0.0,,,,,,-117.56138240669583,35.676806575339896,6.821435844826127,11.393102652529338
Region_A,730,15.25,3.25,-1.2793455568383352,-0.504563819321068,3,44843739.55860268,5.733711111111111,5.75,5.5,5.75,5.5,-117.55790730240476,35.68030919118221,6.36991262758647,11.102649930643977
Region_A,731,15.75,3.25,-0.9646879700624713,-0.11598872608375199,2,8032397.692085107,14.261822222222222,14.25,14.5,14.25,14.5,-117.55443189439244,35.683811704687095,5.92617809225241,10.827505849168885
Region_A,732,16.25,3.25,-0.6500303832866057,0.27258636715356577,0,0.0,,,,,,-117.55095618260188,35.687314115832955,5.492120417388828,10.56886608606354
Region_A,733,16.75,3.25,-0.3353727965107418,0.6611614603908818,0,0.0,,,,,,-117.54748016697614,35.69081642459819,5.070225495686171,10.327970651415587
Region_A,734,17.25,3.25,-0.020715209734876172,1.0497365536281977,0,0.0,,,,,,-117.5440038474582,35.69431863096122,4.663795286578615,10.106088521671449
Region_A,735,17.75,3.25,0.29394237704098947,1.4383116468655137,1,7413102.413009162,21.22565,21.25,21.5,21.25,21.5,-117.540527223991,35.697820734900375,4.2772405091507,9.904497596507207
Region_A,736,18.25,3.25,0.6085999638168533,1.8268867401028297,0,0.0,,,,,,-117.53705029651758,35.70132273639408,3.916450723694424,9.72445988580213
Region_A,737,18.75,3.25,0.923257550592719,2.2154618333401457,1,1513561.2484362072,18.457344444444445,18.25,18.5,18.25,18.5,-117.53357306498087,35.70482463542071,3.589204113607,9.567192247568375
Region_A,738,19.25,3.25,1.2379151373685846,2.6040369265774617,3,2627523936.7121363,0.1929333333333333,0.25,0.5,0.25,0.5,-117.53009552932384,35.70832643195862,3.305478190389439,9.433833522661406
Region_A,739,19.75,3.25,1.5525727241444485,2.9926120198147776,2,1643195.2534519013,27.85841111111111,27.75,27.5,27.75,27.5,-117.5266176894895,35.71182812598621,3.0773342303277817,9.325409501177296
Region_A,740,20.25,3.25,1.867230310920314,3.3811871130520954,12,91602242.4117437,6.206438888888889,6.75,6.5,6.25,6.5,-117.52313954542072,35.7153297174818,2.917839245598344,9.242797725581008
Region_A,741,20.75,3.25,2.181887897696178,3.7697622062894096,25,3480070446.2585444,0.4975055555555555,11.25,11.5,0.25,0.5,-117.51966109706048,35.71883120642379,2.838588691790473,9.186694575709106
Region_A,742,21.25,3.25,2.4965454844720436,4.158337299526727,18,12288519209.228493,0.31455,5.75,5.5,0.25,0.5,-117.51618234435169,35.72233259279053,2.846293319243044,9.157587272787564
Region_A,743,21.75,3.25,2.8112030712479092,4.546912392764042,8,308010225.8711486,1.8363333333333332,1.75,1.5,1.75,1.5,-117.51270328723731,35.72583387656036,2.940269640215742,9.155733290680681
Region_A,744,22.25,3.25,3.125860658023773,4.935487486001359,3,19277415.550943006,3.741811111111111,3.75,3.5,3.75,3.5,-117.50922392566021,35.729335057711616,3.1127135196129525,9.181149139483365
Region_A,745,22.75,3.25,3.4405182447996387,5.324062579238677,0,0.0,,,,,,-117.50574425956331,35.732836136222666,3.351534775768871,9.23360963831555
Region_A,746,23.25,3.25,3.7551758315755044,5.712637672475991,1,30549211.13215509,3.5202444444444443,3.75,3.5,3.75,3.5,-117.50226428888952,35.73633711207183,3.643704879815998,9.312657750833083
Region_A,747,23.75,3.25,4.069833418351369,6.101212765713309,1,785235.634610071,22.338672222222225,22.25,22.5,22.25,22.5,-117.49878401358173,35.73983798523744,3.977484776740417,9.41762400053799
Region_A,748,24.25,3.25,4.384491005127234,6.489787858950623,0,0.0,,,,,,-117.49530343358278,35.74333875569785,4.343291959701602,9.547653599019334
Region_A,749,24.75,3.25,4.699148591903098,6.878362952187941,0,0.0,,,,,,-117.49182254883554,35.746839423431354,4.733707315119454,9.701738848176884
Region_A,750,0.25,3.75,-11.107648253351602,-11.847159029664688,0,0.0,,,,,,-117.66631967578654,35.578018003944926,20.972431412654004,22.975731297104947
Region_A,751,0.75,3.75,-10.792990666575736,-11.458583936427372,1,1364583.136588924,10.559211111111113,10.75,10.5,10.75,10.5,-117.66285341993158,35.58152370011331,20.478932571217747,22.513335516269585
Region_A,752,1.25,3.75,-10.47833307979987,-11.070008843190056,0,0.0,,,,,,-117.65938686198542,35.58502929458048,19.98575690721995,22.05258088069247
Region_A,753,1.75,3.75,-10.163675493024005,-10.68143374995274,0,0.0,,,,,,-117.65592000189135,35.58853478732499,19.492928950070503,21.593572444846654
Region_A,754,2.25,3.75,-9.849017906248143,-10.292858656715424,0,0.0,,,,,,-117.65245283959258,35.592040178325334,19.000475755898947,21.136423972900396
Region_A,755,2.75,3.75,-9.534360319472277,-9.904283563478108,0,0.0,,,,,,-117.64898537503235,35.59554546756007,18.508427238652953,20.68125880582602
Region_A,756,3.25,3.75,-9.219702732696412,-9.515708470240792,0,0.0,,,,,,-117.64551760815391,35.599050655007716,18.016816554167313,20.22821082609418
Region_A,757,3.75,3.75,-8.905045145920546,-9.127133377003476,0,0.0,,,,,,-117.64204953890044,35.60255574064676,17.52568054725762,19.777425531556716
Region_A,758,4.25,3.75,-8.59038755914468,-8.738558283766158,0,0.0,,,,,,-117.63858116721514,35.60606072445573,17.035060274109128,19.329061231410833
Region_A,759,4.75,3.75,-8.275729972368817,-8.349983190528842,0,0.0,,,,,,-117.63511249304126,35.60956560641315,16.5450016150056,18.883290378506253
Region_A,760,5.25,3.75,-7.961072385592952,-7.961408097291526,0,0.0,,,,,,-117.63164351632196,35.61307038649748,16.05555599593314,18.440301053679804
Region_A,761,5.75,3.75,-7.646414798817086,-7.5728330040542104,0,0.0,,,,,,-117.6281742370004,35.61657506468726,15.566781242008624,18.00029861923691
Region_A,762,6.25,3.75,-7.331757212041222,-7.1842579108168945,0,0.0,,,,,,-117.62470465501978,35.62007964096095,15.078742591295812,17.563507560082066
Region_A,763,6.75,3.75,-7.017099625265357,-6.7956828175795785,0,0.0,,,,,,-117.62123477032326,35.62358411529708,14.591513904751803,17.130173532233044
Region_A,764,7.25,3.75,-6.702442038489492,-6.4071077243422625,2,3362386.9580053748,3.739155555555555,3.75,3.5,3.75,3.5,-117.61776458285398,35.62708848767409,14.105179117280718,16.700565639396025
Region_A,765,7.75,3.75,-6.387784451713627,-6.018532631104945,0,0.0,,,,,,-117.61429409255513,35.63059275807047,13.619833986821531,16.27497895873088
Region_A,766,8.25,3.75,-6.073126864937762,-5.629957537867629,0,0.0,,,,,,-117.61082329936983,35.634096926464714,13.135588213954703,15.853737336618472
Region_A,767,8.75,3.75,-5.758469278161897,-5.241382444630313,1,160324539.06900418,0.2796777777777778,0.25,0.5,0.25,0.5,-117.60735220324118,35.63760099283526,12.652568024894887,15.43719647377231
Region_A,768,9.25,3.75,-5.443811691386032,-4.852807351392997,0,0.0,,,,,,-117.60388080411232,35.641104957160614,12.170919337609604,15.025747315897666
Region_A,769,9.75,3.75,-5.129154104610167,-4.464232258155681,1,17579236.139586896,19.9821,19.75,19.5,19.75,19.5,-117.6004091019264,35.6446088194192,11.690811666458675,14.61981976060456
Region_A,770,10.25,3.75,-4.814496517834302,-4.075657164918365,0,0.0,,,,,,-117.59693709662649,35.648112579589494,11.212442968354981,14.219886682527441
Region_A,771,10.75,3.75,-4.499838931058437,-3.6870820716810484,0,0.0,,,,,,-117.5934647881557,35.65161623764996,10.736045697398083,13.826468265442154
Region_A,772,11.25,3.75,-4.185181344282572,-3.2985069784437324,0,0.0,,,,,,-117.5899921764571,35.65511979357902,10.261894421335015,13.440136611159748
Region_A,773,11.75,3.75,-3.8705237575067075,-2.9099318852064164,0,0.0,,,,,,-117.5865192614738,35.658623247355116,9.79031547053687,13.061520568371598
Region_A,774,12.25,3.75,-3.555866170730842,-2.5213567919690987,0,0.0,,,,,,-117.58304604314885,35.662126598956704,9.321699250171097,12.69131068839432
Region_A,775,12.75,3.75,-3.241208583954978,-2.1327816987317827,0,0.0,,,,,,-117.57957252142532,35.66562984836222,8.856516064946037,12.3302641667042
Region_A,776,13.25,3.75,-2.9265509971791124,-1.7442066054944667,0,0.0,,,,,,-117.57609869624628,35.66913299555008,8.395336604726106,11.979209567081933
Region_A,777,13.75,3.75,-2.6118934104032467,-1.3556315122571507,0,0.0,,,,,,-117.57262456755475,35.67263604049872,7.938858646219927,11.639051047376027
Region_A,778,14.25,3.75,-2.297235823627383,-0.9670564190198347,0,0.0,,,,,,-117.56915013529378,35.67613898318654,7.487942073939124,11.310771711726069
Region_A,779,14.75,3.75,-1.9825782368515172,-0.5784813257825188,3,18177432.347253382,3.0437833333333337,3.25,3.5,3.25,3.5,-117.56567539940642,35.67964182359197,7.043655045548054,10.995435605110893
Region_A,780,15.25,3.75,-1.6679206500756516,-0.18990623254520278,0,0.0,,,,,,-117.56220035983566,35.68314456169341,6.60733503756858,10.694187747440104
Region_A,781,15.75,3.75,-1.3532630632997877,0.1986688606921132,0,0.0,,,,,,-117.55872501652449,35.6866471974693,6.180669558930346,10.408251486626162
Region_A,782,16.25,3.75,-1.038605476523922,0.587243953929431,0,0.0,,,,,,-117.55524936941599,35.690149730898,5.76580229410401,10.138922351029885
Region_A,783,16.75,3.75,-0.7239478897480582,0.975819047166747,0,0.0,,,,,,-117.55177341845311,35.693652161957935,5.365470714923521,9.88755752810425
Region_A,784,17.25,3.75,-0.4092903029721926,1.364394140404063,0,0.0,,,,,,-117.54829716357882,35.69715449062747,4.983179295460754,9.655560123728126
Region_A,785,17.75,3.75,-0.09463271619632696,1.752969233641379,0,0.0,,,,,,-117.54482060473616,35.70065671688503,4.623405215716612,9.444357507754903
Region_A,786,18.25,3.75,0.2200248705795369,2.141544326878695,2,1913918.8820854183,13.250913888888888,13.25,13.5,13.25,13.5,-117.54134374186803,35.70415884070897,4.291814964175694,9.255373367165912
Region_A,787,18.75,3.75,0.5346824573554025,2.530119420116011,0,0.0,,,,,,-117.53786657491744,35.70766086207768,3.9954318395799526,9.08999359719256
Region_A,788,19.25,3.75,0.8493400441312682,2.918694513353327,3,3818129.747161123,9.278052777777775,9.25,9.5,9.25,9.5,-117.53438910382732,35.71116278096954,3.7426294877714086,8.94952686058651
Region_A,789,19.75,3.75,1.163997630907132,3.307269606590643,5,948477849.4450347,7.465833333333333,7.25,7.5,7.25,7.5,-117.53091132854064,35.71466459736289,3.5427496920814088,8.835161484642887
Region_A,790,20.25,3.75,1.4786552176829977,3.6958446998279606,15,907340722.0128683,8.146658333333333,23.25,23.5,8.25,8.5,-117.5274332490003,35.71816631123614,3.405124855089715,8.747921232560039
Region_A,791,20.75,3.75,1.7933128044588615,4.084419793065274,12,2172604333.522701,0.7238888888888889,23.75,23.5,0.75,0.5,-117.52395486514928,35.72166792256761,3.3374653821060947,8.688623212133924
Region_A,792,21.25,3.75,2.107970391234727,4.472994886302592,4,534460045.3709261,1.1401555555555556,1.25,1.5,1.25,1.5,-117.5204761769304,35.725169431335694,3.3440207946069083,8.657841575923534
Region_A,793,21.75,3.75,2.422627978010593,4.861569979539906,6,743675193.2186524,0.5351777777777778,0.75,0.5,0.75,0.5,-117.51699718428671,35.7286708375187,3.4243649006451164,8.65588055515716
Region_A,794,22.25,3.75,2.7372855647864567,5.250145072777224,1,98855309.46569373,0.6058166666666667,0.75,0.5,0.75,0.5,-117.513517887161,35.73217214109501,3.573524152818487,8.682759677458858
Region_A,795,22.75,3.75,3.0519431515623223,5.638720166014542,1,2454708.915685029,23.62597777777778,23.75,23.5,23.75,23.5,-117.51003828549622,35.73567334204298,3.7833681777992383,8.738212806281563
Region_A,796,23.25,3.75,3.366600738338188,6.027295259251856,0,0.0,,,,,,-117.50655837923524,35.73917444034089,4.04446222219849,8.821701110285977
Region_A,797,23.75,3.75,3.681258325114052,6.415870352489174,1,1412537.5446227554,33.43066944444445,33.25,33.5,33.25,33.5,-117.50307816832094,35.74267543596711,4.347582611612756,8.932438519831997
Region_A,798,24.25,3.75,3.9959159118899175,6.804445445726488,0,0.0,,,,,,-117.49959765269618,35.74617632889997,4.684578365531354,9.069426957748552
Region_A,799,24.75,3.75,4.310573498665781,7.193020538963806,0,0.0,,,,,,-117.49611683230384,35.74967711911779,5.048670553800402,9.231497861847437
Region_B,0,0.25,-3.75,-19.956766636056187,20.915603841941877,0,0.0,,,,,,-117.7647607282369,35.87316035690398,30.837019336961678,18.89330737783229
Region_B,1,0.75,-3.75,-19.622200305384634,20.544032354363818,0,0.0,,,,,,-117.76104688355477,35.869818308158024,30.3455479163789,18.40691942472568
Region_B,2,1.25,-3.75,-19.28763397471308,20.172460866785755,0,0.0,,,,,,-117.75733335078968,35.866476142729525,29.85435973358577,17.921280694845297
Region_B,3,1.75,-3.75,-18.953067644041525,19.800889379207696,0,0.0,,,,,,-117.75362012988784,35.86313386064211,29.363469002477323,17.436453790221393
Region_B,4,2.25,-3.75,-18.618501313369972,19.429317891629637,0,0.0,,,,,,-117.7499072207956,35.859791461919336,28.872890894687806,16.952508363472862
Region_B,5,2.75,-3.75,-18.28393498269842,19.057746404051578,0,0.0,,,,,,-117.74619462345919,35.85644894658483,28.38264162078022,16.469522119621704
Region_B,6,3.25,-3.75,-17.949368652026862,18.686174916473515,0,0.0,,,,,,-117.74248233782492,35.853106314662156,27.89273851974282,15.987581989900782
Region_B,7,3.75,-3.75,-17.61480232135531,18.314603428895456,0,0.0,,,,,,-117.73877036383904,35.849763566174914,27.40320015778895,15.506785512119885
Region_B,8,4.25,-3.75,-17.280235990683757,17.943031941317397,0,0.0,,,,,,-117.73505870144791,35.84642070114666,26.914046437593584,15.027242460078378
Region_B,9,4.75,-3.75,-16.9456696600122,17.571460453739338,0,0.0,,,,,,-117.73134735059777,35.843077719600984,26.425298719258468,14.549076774458019
Region_B,10,5.25,-3.75,-16.611103329340647,17.199888966161275,0,0.0,,,,,,-117.72763631123496,35.83973462156147,25.936979954480872,14.07242886015648
Region_B,11,5.75,-3.75,-16.276536998669094,16.828317478583216,0,0.0,,,,,,-117.72392558330577,35.83639140705164,25.44911483561348,13.597458330851996
Region_B,12,6.25,-3.75,-15.941970667997541,16.456745991005157,0,0.0,,,,,,-117.72021516675655,35.833048076095096,24.961729961549974,13.124347301650763
Region_B,13,6.75,-3.75,-15.607404337325987,16.085174503427098,0,0.0,,,,,,-117.71650506153361,35.82970462871537,24.474854022658462,12.653304356152939
Region_B,14,7.25,-3.75,-15.272838006654432,15.713603015849039,0,0.0,,,,,,-117.71279526758329,35.82636106493602,23.98851800732051,12.184569346699549
Region_B,15,7.75,-3.75,-14.938271675982879,15.342031528270976,0,0.0,,,,,,-117.70908578485192,35.82301738478058,23.50275543302614,11.718419227849017
Region_B,16,8.25,-3.75,-14.603705345311324,14.970460040692917,0,0.0,,,,,,-117.70537661328586,35.81967358827259,23.017602605435243,11.255175175656433
Region_B,17,8.75,-3.75,-14.26913901463977,14.598888553114854,0,0.0,,,,,,-117.70166775283145,35.81632967543562,22.5330989093564,10.795211311956987
Region_B,18,9.25,-3.75,-13.934572683968216,14.227317065536795,0,0.0,,,,,,-117.69795920343508,35.812985646293164,22.04928713623046,10.338965436874979
Region_B,19,9.75,-3.75,-13.600006353296664,13.855745577958736,0,0.0,,,,,,-117.69425096504303,35.809641500868764,21.56621385345693,9.886952277622601
Region_B,20,10.25,-3.75,-13.265440022625109,13.484174090380677,0,0.0,,,,,,-117.69054303760176,35.80629723918594,21.08392982178932,9.439779890181656
Region_B,21,10.75,-3.75,-12.930873691953554,13.112602602802617,0,0.0,,,,,,-117.68683542105762,35.80295286126822,20.602490468077793,8.998170003404544
Region_B,22,11.25,-3.75,-12.596307361282001,12.741031115224558,0,0.0,,,,,,-117.68312811535698,35.79960836713909,20.121956421887408,8.562983267837247
Region_B,23,11.75,-3.75,-12.261741030610446,12.369459627646496,0,0.0,,,,,,-117.67942112044622,35.79626375682209,19.642394126008043,8.13525054809942
Region_B,24,12.25,-3.75,-11.927174699938892,11.997888140068437,0,0.0,,,,,,-117.67571443627173,35.79291903034071,19.163876532646903,7.716211539054849
Region_B,25,12.75,-3.75,-11.592608369267339,11.626316652490377,0,0.0,,,,,,-117.67200806277997,35.78957418771846,18.68648389921534,7.307362010365608
Region_B,26,13.25,-3.75,-11.258042038595784,11.254745164912318,0,0.0,,,,,,-117.66830199991729,35.786229228978826,18.21030470016176,6.9105107326178
Region_B,27,13.75,-3.75,-10.923475707924231,10.883173677334256,0,0.0,,,,,,-117.66459624763012,35.78288415414528,17.7354366743487,6.527846323307336
Region_B,28,14.25,-3.75,-10.588909377252676,10.511602189756196,0,0.0,,,,,,-117.66089080586487,35.77953896324134,17.26198803113165,6.162012386859376
Region_B,29,14.75,-3.75,-10.254343046581122,10.140030702178137,0,0.0,,,,,,-117.65718567456798,35.776193656290474,16.7900788426985,5.816185665098707
Region_B,30,15.25,-3.75,-9.919776715909569,9.768459214600078,0,0.0,,,,,,-117.65348085368589,35.772848233316154,16.319842655526163,5.4941454955243945
Region_B,31,15.75,-3.75,-9.585210385238014,9.396887727022015,0,0.0,,,,,,-117.64977634316502,35.76950269434186,15.851428360189834,5.200312852231323
Region_B,32,16.25,-3.75,-9.250644054566461,9.025316239443956,0,0.0,,,,,,-117.64607214295184,35.76615703939105,15.385002366438883,4.939723959511664
Region_B,33,16.75,-3.75,-8.916077723894906,8.653744751865897,0,0.0,,,,,,-117.64236825299275,35.762811268487205,14.920751139685613,4.7178906124734254
Region_B,34,17.25,-3.75,-8.581511393223353,8.282173264287838,0,0.0,,,,,,-117.63866467323423,35.75946538165375,14.45888416612876,4.540496764271084
Region_B,35,17.75,-3.75,-8.246945062551799,7.910601776709776,0,0.0,,,,,,-117.63496140362278,35.75611937891416,13.999637426970326,4.412904927759885
Region_B,36,18.25,-3.75,-7.912378731880244,7.539030289131717,0,0.0,,,,,,-117.63125844410484,35.75277326029189,13.543277477912344,4.339510218508393
Region_B,37,18.75,-3.75,-7.577812401208691,7.167458801553656,0,0.0,,,,,,-117.62755579462687,35.74942702581038,13.090106248645471,4.323073903096045
Region_B,38,19.25,-3.75,-7.243246070537136,6.795887313975597,0,0.0,,,,,,-117.62385345513538,35.746080675493054,12.640466698580656,4.364239567979897
Region_B,39,19.75,-3.75,-6.908679739865583,6.424315826397536,0,0.0,,,,,,-117.62015142557681,35.74273420936335,12.19474948963799,4.461413009553438
Region_B,40,20.25,-3.75,-6.5741134091940285,6.052744338819477,0,0.0,,,,,,-117.61644970589774,35.739387627444735,11.753400864095696,4.611054659934531
Region_B,41,20.75,-3.75,-6.239547078522474,5.681172851241416,0,0.0,,,,,,-117.61274829604459,35.73604092976061,11.316931944181022,4.808268306989041
Region_B,42,21.25,-3.75,-5.904980747850921,5.309601363663357,0,0.0,,,,,,-117.60904719596391,35.73269411633435,10.885929697840432,5.047480871393823
Region_B,43,21.75,-3.75,-5.570414417179366,4.938029876085296,0,0.0,,,,,,-117.60534640560218,35.72934718718946,10.46106983742216,5.3230331750025615
Region_B,44,22.25,-3.75,-5.235848086507813,4.566458388507237,0,0.0,,,,,,-117.60164592490594,35.72600014234928,10.04313192687038,5.629591567535708
Region_B,45,22.75,-3.75,-4.9012817558362585,4.194886900929178,0,0.0,,,,,,-117.59794575382172,35.722652981837264,9.633016955119643,5.962375386736433
Region_B,46,23.25,-3.75,-4.566715425164704,3.823315413351115,0,0.0,,,,,,-117.59424589229604,35.71930570567679,9.23176756719546,6.3172414302013
Region_B,47,23.75,-3.75,-4.232149094493151,3.451743925773056,0,0.0,,,,,,-117.59054634027542,35.71595831389126,8.84059099675024,6.690676970422578
Region_B,48,24.25,-3.75,-3.8975827638215956,3.080172438194997,0,0.0,,,,,,-117.58684709770645,35.71261080650407,8.460884464931596,7.079744159052241
Region_B,49,24.75,-3.75,-3.5630164331500427,2.7086009506169377,0,0.0,,,,,,-117.58314816453563,35.7092631835386,8.094262331183753,7.4820048377908455
Region_B,50,25.25,-3.75,-3.2284501024784897,2.337029463038875,0,0.0,,,,,,-117.57944954070956,35.705915445018256,7.742583512182461,7.8954426999261385
Region_B,51,25.75,-3.75,-2.8938837718069332,1.965457975460816,0,0.0,,,,,,-117.57575122617477,35.70256759096641,7.407976525355562,8.318391338648853
Region_B,52,26.25,-3.75,-2.5593174411353803,1.5938864878827568,0,0.0,,,,,,-117.57205322087786,35.69921962140643,7.092857883626213,8.74947161250321
Region_B,53,26.75,-3.75,-2.2247511104638273,1.2223150003046976,0,0.0,,,,,,-117.56835552476537,35.695871536361686,6.7999374787138995,9.18753898131
Region_B,54,27.25,-3.75,-1.8901847797922708,0.850743512726635,0,0.0,,,,,,-117.56465813778388,35.69252333585554,6.532202268111218,9.63164012866875
Region_B,55,27.75,-3.75,-1.555618449120718,0.4791720251485758,0,0.0,,,,,,-117.56096105988,35.689175019911374,6.292867647473351,10.080977661083942
Region_B,56,28.25,-3.75,-1.221052118449165,0.10760053757051669,2,8032397.692085107,14.261822222222222,14.25,14.5,14.25,14.5,-117.55726429100031,35.68582658855252,6.085285530335961,10.534881567363001
Region_B,57,28.75,-3.75,-0.8864857877776084,-0.26397095000754245,1,758577.5750291835,25.91355555555556,25.75,25.5,25.75,25.5,-117.5535678310914,35.68247804180236,5.912801091091735,10.992786210668159
Region_B,58,29.25,-3.75,-0.5519194571060555,-0.6355424375856051,0,0.0,,,,,,-117.54987168009991,35.67912937968422,5.778558081382851,11.45421178905591
Region_B,59,29.75,-3.75,-0.21735312643450255,-1.0071139251636643,0,0.0,,,,,,-117.54617583797243,35.67578060222145,5.685266067389853,11.91874937833826
Region_B,60,30.25,-3.75,0.1172132042370504,-1.3786854127417234,1,660693448.0075965,10.653255555555557,10.75,10.5,10.75,10.5,-117.54248030465558,35.67243170943738,5.6349593622415695,12.38604883644215
Region_B,61,30.75,-3.75,0.4517795349086069,-1.7502569003197825,2,2162413.213637161,7.732705555555556,7.75,7.5,7.75,7.5,-117.53878508009598,35.669082701355364,5.628790613552196,12.855808991028967
Region_B,62,31.25,-3.75,0.7863458655801598,-2.1218283878978452,2,17646057.59807762,3.750288888888889,3.75,3.5,3.75,3.5,-117.53509016424024,35.665733577998715,5.666903963215961,13.327769650204516
Region_B,63,31.75,-3.75,1.1209121962517128,-2.4933998754759044,4,208561220.04647976,2.313888888888889,2.25,2.5,2.25,2.5,-117.53139555703505,35.662384339390755,5.748418676941703,13.80170507162082
Region_B,64,32.25,-3.75,1.4554785269232693,-2.8649713630539635,20,2317159293.5003853,0.7716999999999999,1.25,1.5,0.75,0.5,-117.527701258427,35.65903498555481,5.87152740285793,14.277418601382223
Region_B,65,32.75,-3.75,1.7900448575948222,-3.2365428506320226,15,146186866.9004817,4.107361111111112,7.75,7.5,4.25,4.5,-117.52400726836277,35.6556855165142,6.033684678503759,14.754738254343463
Region_B,66,33.25,-3.75,2.124611188266375,-3.6081143382100853,3,12412216.443338957,15.053880555555557,15.25,15.5,15.25,15.5,-117.52031358678902,35.652335932292246,6.231843030493505,15.233513054751283
Region_B,67,33.75,-3.75,2.4591775189379317,-3.9796858257881444,3,51641529.09867391,0.8188666666666666,0.75,0.5,0.75,0.5,-117.51662021365237,35.64898623291223,6.4626917235630135,15.713609993390095
Region_B,68,34.25,-3.75,2.7937438496094846,-4.351257313366204,0,0.0,,,,,,-117.51292714889954,35.64563641839748,6.722864052686868,16.19491148662012
Region_B,69,34.75,-3.75,3.1283101802810376,-4.722828800944263,0,0.0,,,,,,-117.50923439247715,35.642286488771276,7.009095364453868,16.67731324568054
Region_B,70,35.25,-3.75,3.4628765109525905,-5.094400288522325,0,0.0,,,,,,-117.50554194433192,35.6389364440569,7.318328674301815,17.160722482740724
Region_B,71,35.75,-3.75,3.797442841624147,-5.4659717761003845,0,0.0,,,,,,-117.50184980441055,35.63558628427767,7.647774273748381,17.64505639449005
Region_B,72,36.25,-3.75,4.1320091722956995,-5.837543263678444,0,0.0,,,,,,-117.49815797265966,35.632236009456854,7.9949339021224555,18.1302408753945
Region_B,73,36.75,-3.75,4.4665755029672525,-6.209114751256503,0,0.0,,,,,,-117.49446644902602,35.62888561961773,8.357600424548089,18.616209421762445
Region_B,74,37.25,-3.75,4.801141833638809,-6.5806862388345655,0,0.0,,,,,,-117.4907752334563,35.6255351147836,8.733842316730128,19.10290219495478
Region_B,75,37.75,-3.75,5.135708164310362,-6.952257726412625,0,0.0,,,,,,-117.48708432589723,35.622184494977674,9.121979958901756,19.59026521783458
Region_B,76,38.25,-3.75,5.470274494981915,-7.323829213990684,0,0.0,,,,,,-117.48339372629552,35.61883376022328,9.52055855124607,20.078249683181816
Region_B,77,38.75,-3.75,5.804840825653471,-7.695400701568743,1,9120108.393559096,17.465600000000002,17.25,17.5,17.25,17.5,-117.47970343459788,35.61548291054364,9.928320698124336,20.566811356534632
Region_B,78,39.25,-3.75,6.139407156325024,-8.066972189146806,0,0.0,,,,,,-117.47601345075107,35.612131945962034,10.344180423885868,21.055910058944814
Region_B,79,39.75,-3.75,6.473973486996577,-8.438543676724866,0,0.0,,,,,,-117.47232377470176,35.60878086650169,10.767199515147986,21.545509217594848
Region_B,80,40.25,-3.75,6.80853981766813,-8.810115164302925,0,0.0,,,,,,-117.46863440639679,35.60542967218589,11.196566534259619,22.03557547423157
Region_B,81,40.75,-3.75,7.143106148339687,-9.181686651880984,0,0.0,,,,,,-117.46494534578281,35.60207836303783,11.63157852198926,22.52607834301495
Region_B,82,41.25,-3.75,7.47767247901124,-9.553258139459047,0,0.0,,,,,,-117.46125659280665,35.5987269390808,12.071625229036119,23.016989910731997
Region_B,83,41.75,-3.75,7.812238809682793,-9.924829627037106,0,0.0,,,,,,-117.45756814741505,35.59537540033801,12.516175631054429,23.508284573439845
Region_B,84,42.25,-3.75,8.146805140354349,-10.296401114615165,0,0.0,,,,,,-117.45388000955474,35.592023746832666,12.964766453141381,23.999938804524504
Region_B,85,42.75,-3.75,8.481371471025902,-10.667972602193224,0,0.0,,,,,,-117.45019217917252,35.588671978588025,13.416992432792066,24.491930949927415
Region_B,86,43.25,-3.75,8.815937801697455,-11.039544089771283,0,0.0,,,,,,-117.44650465621518,35.585320095627296,13.87249806987548,24.984241046930034
Region_B,87,43.75,-3.75,9.150504132369008,-11.411115577349342,0,0.0,,,,,,-117.44281744062951,35.58196809797369,14.33097063899715,25.476850663419818
Region_B,88,44.25,-3.75,9.485070463040564,-11.782687064927408,0,0.0,,,,,,-117.43913053236226,35.57861598565043,14.79213426835012,25.96974275500792
Region_B,89,44.75,-3.75,9.819636793712117,-12.154258552505468,0,0.0,,,,,,-117.43544393136024,35.57526375868071,15.255744916915638,26.46290153774483
Region_B,90,45.25,-3.75,10.15420312438367,-12.525830040083527,0,0.0,,,,,,-117.4317576375703,35.57191141708775,15.721586107231571,26.956312374497163
Region_B,91,45.75,-3.75,10.488769455055227,-12.897401527661586,0,0.0,,,,,,-117.42807165093922,35.56855896089473,16.189465293338017,27.449961673316782
Region_B,92,46.25,-3.75,10.82333578572678,-13.268973015239645,0,0.0,,,,,,-117.4243859714138,35.56520639012484,16.659210762857153,27.943836796360866
Region_B,93,46.75,-3.75,11.157902116398333,-13.640544502817704,0,0.0,,,,,,-117.42070059894088,35.56185370480129,17.130668988641247,28.437925978114908
Region_B,94,47.25,-3.75,11.49246844706989,-14.012115990395763,0,0.0,,,,,,-117.41701553346729,35.55850090494724,17.60370235931903,28.93221825183534
Region_B,95,47.75,-3.75,11.827034777741442,-14.383687477973822,0,0.0,,,,,,-117.41333077493987,35.55514799058588,18.078187229713983,29.426703383269512
Region_B,96,48.25,-3.75,12.161601108412999,-14.755258965551889,0,0.0,,,,,,-117.40964632330542,35.551794961740384,18.554012241822345,29.921371810831417
Region_B,97,48.75,-3.75,12.496167439084548,-15.126830453129948,1,1412537.5446227554,26.773394444444445,26.75,26.5,26.75,26.5,-117.40596217851086,35.54844181843392,19.031076875121723,30.4162145915153
Region_B,98,49.25,-3.75,12.830733769756105,-15.498401940708007,0,0.0,,,,,,-117.40227834050296,35.54508856068968,19.509290191698216,30.911223351918625
Region_B,99,49.75,-3.75,13.165300100427661,-15.869973428286066,0,0.0,,,,,,-117.39859480922864,35.541735188530765,19.98856974725785,31.406390243822845
Region_B,100,50.25,-3.75,13.49986643109921,-16.241544915864125,0,0.0,,,,,,-117.39491158463476,35.538381701980384,20.468840643722128,31.90170790384712
Region_B,101,0.25,-3.25,-19.585195148478128,21.250170172613434,0,0.0,,,,,,-117.76065445274129,35.87618310817928,30.7497295326086,18.785242333206078
Region_B,102,0.75,-3.25,-19.250628817806575,20.878598685035374,0,0.0,,,,,,-117.7569406389548,35.87284093452288,30.256840269361916,18.295981759729894
Region_B,103,1.25,-3.25,-18.916062487135022,20.50702719745731,0,0.0,,,,,,-117.75322713711233,35.86949864419411,29.764188210713566,17.807317810031368
Region_B,104,1.75,-3.25,-18.581496156463466,20.135455709879253,0,0.0,,,,,,-117.74951394716011,35.86615623721657,29.271785333318494,17.319300985390594
Region_B,105,2.25,-3.25,-18.246929825791913,19.763884222301193,0,0.0,,,,,,-117.74580106904436,35.862813713613825,28.7796444272159,16.83198757300049
Region_B,106,2.75,-3.25,-17.91236349512036,19.392312734723134,0,0.0,,,,,,-117.74208850271141,35.859471073409516,28.287779165464347,16.34544048634769
Region_B,107,3.25,-3.25,-17.577797164448803,19.02074124714507,0,0.0,,,,,,-117.73837624810749,35.85612831662719,27.796204180988056,15.859730253942702
Region_B,108,3.75,-3.25,-17.24323083377725,18.649169759567013,0,0.0,,,,,,-117.7346643051789,35.852785443290465,27.30493515151203,15.374936187279504
Region_B,109,4.25,-3.25,-16.908664503105697,18.277598271988953,0,0.0,,,,,,-117.73095267387191,35.8494424534229,26.81398889358644,14.89114776630761
Region_B,110,4.75,-3.25,-16.57409817243414,17.906026784410894,0,0.0,,,,,,-117.72724135413281,35.846099347048074,26.323383466843243,14.40846629010525
Region_B,111,5.25,-3.25,-16.239531841762588,17.53445529683283,0,0.0,,,,,,-117.7235303459079,35.84275612418954,25.833138289793123,13.927006852450049
Region_B,112,5.75,-3.25,-15.904965511091033,17.162883809254772,0,0.0,,,,,,-117.71981964914353,35.839412784870895,25.34327426866298,13.446900717387702
Region_B,113,6.25,-3.25,-15.57039918041948,16.791312321676713,0,0.0,,,,,,-117.71610926378591,35.83606932911567,24.853813940998563,12.96829818975386
Region_B,114,6.75,-3.25,-15.235832849747926,16.419740834098654,0,0.0,,,,,,-117.71239918978146,35.83272575694744,24.364781636018698,12.491372101313152
Region_B,115,7.25,-3.25,-14.901266519076371,16.048169346520595,0,0.0,,,,,,-117.70868942707642,35.829382068389734,23.87620365401446,12.016322066612387
Region_B,116,7.75,-3.25,-14.566700188404818,15.67659785894253,0,0.0,,,,,,-117.70497997561716,35.82603826346611,23.388108467447143,11.543379706292567
Region_B,117,8.25,-3.25,-14.232133857733263,15.305026371364471,0,0.0,,,,,,-117.70127083535,35.82269434220011,22.900526946823128,11.072815092772858
Region_B,118,8.75,-3.25,-13.897567527061709,14.933454883786409,0,0.0,,,,,,-117.6975620062213,35.819350304615284,22.413492614924422,10.604944748268593
Region_B,119,9.25,-3.25,-13.563001196390156,14.56188339620835,0,0.0,,,,,,-117.69385348817738,35.81600615073514,21.927041933566212,10.140141623711227
Region_B,120,9.75,-3.25,-13.228434865718603,14.19031190863029,0,0.0,,,,,,-117.69014528116462,35.81266188058322,21.44121462775536,9.678847616530197
Region_B,121,10.25,-3.25,-12.893868535047048,13.818740421052231,0,0.0,,,,,,-117.68643738512934,35.80931749418304,20.95605405295973,9.221589354287232
Region_B,122,10.75,-3.25,-12.559302204375493,13.44716893347417,0,0.0,,,,,,-117.68272980001795,35.80597299155813,20.47160761219473,8.768998189884341
Region_B,123,11.25,-3.25,-12.22473587370394,13.075597445896111,0,0.0,,,,,,-117.67902252577679,35.80262837273198,19.987927230825328,8.32183563219595
Region_B,124,11.75,-3.25,-11.890169543032385,12.70402595831805,0,0.0,,,,,,-117.67531556235225,35.799283637728124,19.50506989841021,7.881025778690072
Region_B,125,12.25,-3.25,-11.55560321236083,12.332454470739991,0,0.0,,,,,,-117.6716089096907,35.79593878657005,19.023098288632365,7.4476967150568605
Region_B,126,12.75,-3.25,-11.221036881689278,11.96088298316193,0,0.0,,,,,,-117.66790256773857,35.79259381928126,18.54208147043009,7.023233257877746
Region_B,127,13.25,-3.25,-10.886470551017723,11.589311495583871,1,451855.9443749217,10.16788888888889,10.25,10.5,10.25,10.5,-117.6641965364422,35.789248735885266,18.06209572594405,6.609343721554459
Region_B,128,13.75,-3.25,-10.55190422034617,11.21774000800581,0,0.0,,,,,,-117.66049081574805,35.78590353640554,17.58322549392647,6.208143318637438
Region_B,129,14.25,-3.25,-10.217337889674615,10.846168520427751,0,0.0,,,,,,-117.65678540560246,35.78255822086557,17.10556446093976,5.822255791343587
Region_B,130,14.75,-3.25,-9.88277155900306,10.47459703284969,0,0.0,,,,,,-117.6530803059519,35.77921278928885,16.62921682715288,5.4549318542879375
Region_B,131,15.25,-3.25,-9.548205228331508,10.103025545271631,0,0.0,,,,,,-117.6493755167428,35.77586724169884,16.154298779011242,5.110176177982178
Region_B,132,15.75,-3.25,-9.213638897659953,9.73145405769357,0,0.0,,,,,,-117.64567103792152,35.77252157811903,15.680940207738294,4.792861317116095
Region_B,133,16.25,-3.25,-8.8790725669884,9.359882570115511,0,0.0,,,,,,-117.64196686943454,35.769175798572874,15.209286720808539,4.508784607873738
Region_B,134,16.75,-3.25,-8.544506236316845,8.98831108253745,1,407380.2778041122,19.954997222222225,19.75,19.5,19.75,19.5,-117.63826301122832,35.76582990308384,14.73950200355705,4.264593494729648
Region_B,135,17.25,-3.25,-8.209939905645292,8.616739594959391,0,0.0,,,,,,-117.63455946324923,35.76248389167538,14.271770600383183,4.06747792991944
Region_B,136,17.75,-3.25,-7.875373574973738,8.24516810738133,0,0.0,,,,,,-117.63085622544381,35.75913776437095,13.80630120007025,3.924537647350708
Region_B,137,18.25,-3.25,-7.540807244302183,7.873596619803271,0,0.0,,,,,,-117.62715329775847,35.75579152119402,13.343330528176262,3.841824407825574
Region_B,138,18.75,-3.25,-7.20624091363063,7.50202513222521,1,3715352.290971728,11.948591666666667,11.75,11.5,11.75,11.5,-117.62345068013967,35.752445162167994,12.883127971935233,3.823249117655771
Region_B,139,19.25,-3.25,-6.871674582959075,7.130453644647151,0,0.0,,,,,,-117.6197483725339,35.74909868731634,12.426001090389438,3.869735501393722
Region_B,140,19.75,-3.25,-6.537108252287522,6.75888215706909,0,0.0,,,,,,-117.61604637488763,35.74575209666249,11.972302195294725,3.97900388110369
Region_B,141,20.25,-3.25,-6.202541921615968,6.387310669491031,0,0.0,,,,,,-117.61234468714733,35.74240539022988,11.522436227315746,4.146093452990359
Region_B,142,20.75,-3.25,-5.867975590944413,6.01573918191297,0,0.0,,,,,,-117.60864330925952,35.73905856804193,11.07687019738237,4.364368219573231
Region_B,143,21.25,-3.25,-5.53340926027286,5.644167694334911,0,0.0,,,,,,-117.60494224117066,35.73571163012204,10.63614451419109,4.626589347576908
Region_B,144,21.75,-3.25,-5.198842929601305,5.27259620675685,1,660693.4480075964,17.089497222222224,17.25,17.5,17.25,17.5,-117.60124148282726,35.73236457649369,10.200886573423732,4.925743398331202
Region_B,145,22.25,-3.25,-4.864276598929752,4.901024719178791,0,0.0,,,,,,-117.59754103417586,35.7290174071802,9.771827036995488,5.255527286704418
Region_B,146,22.75,-3.25,-4.529710268258198,4.529453231600732,0,0.0,,,,,,-117.59384089516293,35.72567012220507,9.349819270876601,5.610542406611502
Region_B,147,23.25,-3.25,-4.195143937586643,4.157881744022669,0,0.0,,,,,,-117.590141065735,35.72232272159163,8.935862418096802,5.986301456782587
Region_B,148,23.75,-3.25,-3.8605776069150903,3.7863102564446103,0,0.0,,,,,,-117.58644154583861,35.71897520536332,8.531128525128098,6.379139766972394
Region_B,149,24.25,-3.25,-3.5260112762435356,3.414738768866551,1,518800.038928961,19.456208333333336,19.25,19.5,19.25,19.5,-117.58274233542029,35.71562757354353,8.136993957804917,6.786091894578197
Region_B,150,24.75,-3.25,-3.1914449455719827,3.043167281288492,0,0.0,,,,,,-117.5790434344266,35.71227982615564,7.7550749465400495,7.204766633052814
Region_B,151,25.25,-3.25,-2.8568786149004297,2.6715957937104293,0,0.0,,,,,,-117.57534484280401,35.708931963223044,7.387266353906064,7.633235308297689
Region_B,152,25.75,-3.25,-2.522312284228873,2.30002430613237,0,0.0,,,,,,-117.57164656049916,35.705583984769106,7.035781473344094,8.069938060910617
Region_B,153,26.25,-3.25,-2.1877459535573203,1.928452818554311,0,0.0,,,,,,-117.56794858745855,35.702235890817214,6.703188621674868,8.513607892193832
Region_B,154,26.75,-3.25,-1.8531796228857673,1.556881330976252,0,0.0,,,,,,-117.56425092362876,35.698887681390744,6.39243728595368,8.963210271834326
Region_B,155,27.25,-3.25,-1.5186132922142108,1.1853098433981892,0,0.0,,,,,,-117.56055356895637,35.69553935651305,6.106862632477519,9.417895593613666
Region_B,156,27.75,-3.25,-1.1840469615426579,0.8137383558201301,0,0.0,,,,,,-117.5568565233879,35.69219091620751,5.850152815871538,9.876961903707992
Region_B,157,28.25,-3.25,-0.8494806308711049,0.44216686824207097,0,0.0,,,,,,-117.55315978687003,35.68884236049746,5.626260278919659,10.339825698839912
Region_B,158,28.75,-3.25,-0.5149143001995484,0.07059538066401183,0,0.0,,,,,,-117.54946335934928,35.685493689406265,5.439239053695702,10.805999005991143
Region_B,159,29.25,-3.25,-0.18034796952799548,-0.30097610691405086,2,1259764.808656455,13.730019444444444,13.75,13.5,13.75,13.5,-117.54576724077226,35.682144902957276,5.292998983595969,11.275071332482687
Region_B,160,29.75,-3.25,0.15421836114355747,-0.67254759449211,2,7035750.283186689,19.99213333333333,19.75,19.5,19.75,19.5,-117.54207143108557,35.67879600117383,5.1909878633500375,11.746695390094365
Region_B,161,30.25,-3.25,0.4887846918151104,-1.0441190820701691,2,9806196.681924835,7.035769444444445,7.25,7.5,7.25,7.5,-117.53837593023582,35.675446984079265,5.135841873981987,12.220575748415271
Region_B,162,30.75,-3.25,0.8233510224866669,-1.4156905696482283,0,0.0,,,,,,-117.53468073816961,35.672097851696925,5.12907287057283,12.696459768685393
Region_B,163,31.25,-3.25,1.1579173531582199,-1.787262057226291,4,281797520.0028899,12.928341666666666,12.75,12.5,12.75,12.5,-117.53098585483357,35.66874860405013,5.170870842396439,13.174130320174388
Region_B,164,31.75,-3.25,1.4924836838297728,-2.15883354480435,4,424226777.4026,4.068505555555555,4.25,4.5,4.25,4.5,-117.52729128017434,35.66539924116222,5.260078138758499,13.653399896290644
Region_B,165,32.25,-3.25,1.8270500145013293,-2.530405032382409,10,3271945833.471995,3.3897,3.25,3.5,3.25,3.5,-117.52359701413853,35.662049763056494,5.394343220721544,14.134105835287942
Region_B,166,32.75,-3.25,2.1616163451728823,-2.9019765199604683,15,36150688318.97631,0.2086444444444444,4.75,0.5,0.25,0.5,-117.51990305667277,35.65870016975628,5.570408920361583,14.616106417175947
Region_B,167,33.25,-3.25,2.496182675844435,-3.273548007538531,19,5041827369.396566,7.740038888888889,26.25,10.5,7.75,7.5,-117.51620940772372,35.6553504612849,5.784459550998983,15.099277659322095
Region_B,168,33.75,-3.25,2.8307490065159917,-3.64511949511659,9,22708700949.899204,8.524980555555556,9.75,9.5,8.75,8.5,-117.51251606723804,35.65200063766563,6.03245298815024,15.583510672130162
Region_B,169,34.25,-3.25,3.1653153371875447,-4.01669098269465,0,0.0,,,,,,-117.50882303516235,35.64865069892181,6.310388721096522,16.068709466023893
Region_B,170,34.75,-3.25,3.4998816678590976,-4.388262470272709,0,0.0,,,,,,-117.50513031144337,35.645300645076716,6.61449337201585,16.554789123953743
Region_B,171,35.25,-3.25,3.8344479985306505,-4.759833957850772,0,0.0,,,,,,-117.50143789602772,35.641950476153646,6.941328354540006,17.041674271434378
Region_B,172,35.75,-3.25,4.1690143292022075,-5.131405445428831,1,1927524.913190937,14.05649722222222,14.25,14.5,14.25,14.5,-117.49774578886208,35.638600192175886,7.287836172873295,17.529297789950395
Region_B,173,36.25,-3.25,4.50358065987376,-5.50297693300689,1,732824.5331389045,27.258944444444445,27.25,27.5,27.25,27.5,-117.49405398989316,35.63524979316673,7.651344511897232,18.01759973037061
Region_B,174,36.75,-3.25,4.838146990545313,-5.874548420584949,0,0.0,,,,,,-117.4903624990676,35.63189927914945,8.029544793874637,18.506526391490716
Region_B,175,37.25,-3.25,5.17271332121687,-6.246119908163012,0,0.0,,,,,,-117.48667131633215,35.62854865014731,8.420457609532795,18.996029535511724
Region_B,176,37.75,-3.25,5.507279651888423,-6.617691395741071,0,0.0,,,,,,-117.48298044163347,35.625197906183594,8.822393275695557,19.486065717561484
Region_B,177,38.25,-3.25,5.841845982559976,-6.98926288331913,0,0.0,,,,,,-117.4792898749183,35.621847047281584,9.233912489737898,19.97659571058633
Region_B,178,38.75,-3.25,6.176412313231532,-7.360834370897189,0,0.0,,,,,,-117.47559961613328,35.6184960734645,9.65378975455945,20.46758401031513
Region_B,179,39.25,-3.25,6.510978643903085,-7.732405858475252,0,0.0,,,,,,-117.47190966522521,35.61514498475564,10.080980774822283,20.958998407710208
Region_B,180,39.75,-3.25,6.845544974574638,-8.10397734605331,0,0.0,,,,,,-117.46822002214077,35.61179378117823,10.51459415001054,21.450809618508348
Region_B,181,40.25,-3.25,7.180111305246191,-8.47554883363137,0,0.0,,,,,,-117.4645306868267,35.60844246275552,10.95386721192727,21.94299096122909
Region_B,182,40.75,-3.25,7.514677635917748,-8.84712032120943,0,0.0,,,,,,-117.46084165922977,35.60509102951077,11.398145623461506,22.435518076471354
Region_B,183,41.25,-3.25,7.849243966589301,-9.218691808787492,0,0.0,,,,,,-117.45715293929668,35.601739481467206,11.846866269640008,22.928368681499432
Region_B,184,41.75,-3.25,8.183810297260854,-9.590263296365551,0,0.0,,,,,,-117.45346452697417,35.598387818648064,12.29954296581111,23.421522355087326
Region_B,185,42.25,-3.25,8.51837662793241,-9.96183478394361,0,0.0,,,,,,-117.44977642220907,35.595036041076575,12.755754541575852,23.914960348387506
Region_B,186,42.75,-3.25,8.852942958603963,-10.33340627152167,1,251188643.1509572,4.130077777777778,4.25,4.5,4.25,4.5,-117.44608862494805,35.59168414877596,13.215134909717433,24.408665418249274
Region_B,187,43.25,-3.25,9.187509289275516,-10.704977759099728,0,0.0,,,,,,-117.44240113513793,35.588332141769456,13.677364784165544,24.902621679958298
Region_B,188,43.75,-3.25,9.522075619947069,-11.076549246677788,1,2371373.7056616554,28.630133333333333,28.75,28.5,28.75,28.5,-117.43871395272546,35.58498002008025,14.142164763438133,25.396814476824066
Region_B,189,44.25,-3.25,9.856641950618625,-11.448120734255854,0,0.0,,,,,,-117.43502707765744,35.58162778373156,14.609289543072613,25.89123026442181
Region_B,190,44.75,-3.25,10.191208281290178,-11.819692221833913,0,0.0,,,,,,-117.43134050988066,35.57827543274662,15.078523061309093,26.385856507614136
Region_B,191,45.25,-3.25,10.525774611961731,-12.191263709411972,0,0.0,,,,,,-117.42765424934191,35.57492296714861,15.549674416769296,26.880681588745002
Region_B,192,45.75,-3.25,10.860340942633288,-12.562835196990031,0,0.0,,,,,,-117.42396829598796,35.571570386960715,16.022574425623024,27.375694725624513
Region_B,193,46.25,-3.25,11.19490727330484,-12.93440668456809,0,0.0,,,,,,-117.42028264976564,35.56821769220616,16.497072709475713,27.87088589811377
Region_B,194,46.75,-3.25,11.529473603976394,-13.30597817214615,0,0.0,,,,,,-117.41659731062178,35.56486488290811,16.973035224697668,28.366245782280888
Region_B,195,47.25,-3.25,11.86403993464795,-13.677549659724209,0,0.0,,,,,,-117.41291227850317,35.56151195908976,17.450342159852546,28.8617656912369
Region_B,196,47.75,-3.25,12.198606265319503,-14.049121147302268,0,0.0,,,,,,-117.40922755335662,35.55815892077429,17.92888614089081,29.357437521877667
Region_B,197,48.25,-3.25,12.53317259599106,-14.420692634880334,0,0.0,,,,,,-117.40554313512901,35.55480576798487,18.408570694383805,29.853253706858194
Region_B,198,48.75,-3.25,12.867738926662609,-14.792264122458393,0,0.0,,,,,,-117.40185902376713,35.551452500744674,18.889308927730138,30.3492071712118
Region_B,199,49.25,-3.25,13.202305257334165,-15.163835610036452,0,0.0,,,,,,-117.39817521921783,35.54809911907685,19.37102239233451,30.845291293100555
Region_B,200,49.75,-3.25,13.536871588005722,-15.535407097614511,0,0.0,,,,,,-117.394491721428,35.54474562300459,19.85364010153867,31.341499868246835
Region_B,201,50.25,-3.25,13.871437918677271,-15.90697858519257,0,0.0,,,,,,-117.39080853034446,35.54139201255104,20.3370976798196,31.837827077651003
Region_B,202,0.25,-2.75,-19.213623660900065,21.584736503284986,0,0.0,,,,,,-117.75654786614264,35.87920571834964,30.670343510776238,18.689932995099348
Region_B,203,0.75,-2.75,-18.879057330228513,21.213165015706927,0,0.0,,,,,,-117.7528340832902,35.87586341977675,30.176157605402874,18.198110187500088
Region_B,204,1.25,-2.75,-18.54449099955696,20.841593528128865,0,0.0,,,,,,-117.74912061240869,35.87252100454164,29.682166440191207,17.70674542177319
Region_B,205,1.75,-2.75,-18.209924668885403,20.470022040550806,0,0.0,,,,,,-117.74540745344439,35.86917847266792,29.188379902630984,17.215877917392916
Region_B,206,2.25,-2.75,-17.87535833821385,20.098450552972746,0,0.0,,,,,,-117.74169460634353,35.865835824179186,28.694808556556218,16.725551455831535
Region_B,207,2.75,-2.75,-17.540792007542297,19.726879065394687,0,0.0,,,,,,-117.73798207105236,35.86249305909903,28.201463700569008,16.235815056126988
Region_B,208,3.25,-2.75,-17.206225676870744,19.355307577816625,0,0.0,,,,,,-117.73426984751715,35.85915017745105,27.70835743257999,15.746723772640804
Region_B,209,3.75,-2.75,-16.871659346199188,18.983736090238565,0,0.0,,,,,,-117.73055793568417,35.8558071792588,27.215502721219575,15.25833964122382
Region_B,210,4.25,-2.75,-16.537093015527635,18.612164602660506,0,0.0,,,,,,-117.72684633549969,35.852464064545885,26.722913484981564,14.770732806534468
Region_B,211,4.75,-2.75,-16.202526684856082,18.240593115082447,0,0.0,,,,,,-117.72313504690999,35.849120833335874,26.23060468008523,14.2839828716337
Region_B,212,5.25,-2.75,-15.867960354184529,17.869021627504384,0,0.0,,,,,,-117.71942406986133,35.845777485652334,25.738592398186977,13.79818052180128
Region_B,213,5.75,-2.75,-15.533394023512974,17.497450139926325,0,0.0,,,,,,-117.71571340430005,35.84243402151881,25.246893975241946,13.313429488576842
Region_B,214,6.25,-2.75,-15.198827692841421,17.125878652348266,0,0.0,,,,,,-117.71200305017243,35.839090440958906,24.755528113013614,12.829848938409166
Region_B,215,6.75,-2.75,-14.864261362169866,16.754307164770207,0,0.0,,,,,,-117.70829300742474,35.835746743996154,24.264515014961802,12.347576394478802
Region_B,216,7.25,-2.75,-14.529695031498312,16.382735677192148,0,0.0,,,,,,-117.7045832760033,35.83240293065409,23.773876538511896,11.86677133227827
Region_B,217,7.75,-2.75,-14.195128700826759,16.011164189614085,0,0.0,,,,,,-117.7008738558545,35.829059000956285,23.283636366029807,11.387619632200256
Region_B,218,8.25,-2.75,-13.860562370155204,15.639592702036026,0,0.0,,,,,,-117.69716474692459,35.82571495492627,22.793820197207072,10.910339129594643
Region_B,219,8.75,-2.75,-13.52599603948365,15.268021214457963,0,0.0,,,,,,-117.69345594915988,35.822370792587584,22.30445596601057,10.435186579925402
Region_B,220,9.25,-2.75,-13.191429708812096,14.896449726879904,0,0.0,,,,,,-117.68974746250677,35.81902651396375,21.81557408588653,9.96246646132104
Region_B,221,9.75,-2.75,-12.856863378140543,14.524878239301845,0,0.0,,,,,,-117.68603928691157,35.8156821190783,21.32720772754613,9.492542179418423
Region_B,222,10.25,-2.75,-12.522297047468989,14.153306751723786,0,0.0,,,,,,-117.68233142232063,35.812337607954774,20.839393134422192,9.02585043434297
Region_B,223,10.75,-2.75,-12.187730716797434,13.781735264145725,0,0.0,,,,,,-117.67862386868028,35.808992980616665,20.35216998180052,8.562919776467629
Region_B,224,11.25,-2.75,-11.853164386125881,13.410163776567666,0,0.0,,,,,,-117.67491662593693,35.80564823708752,19.865581786728566,8.104394741947837
Region_B,225,11.75,-2.75,-11.518598055454326,13.038592288989605,0,0.0,,,,,,-117.6712096940369,35.80230337739081,19.37967637713027,7.651067452872379
Region_B,226,12.25,-2.75,-11.184031724782772,12.667020801411546,0,0.0,,,,,,-117.66750307292662,35.79895840155006,18.894506430161133,7.20391922522
Region_B,227,12.75,-2.75,-10.849465394111219,12.295449313833485,0,0.0,,,,,,-117.6637967625524,35.79561330958878,18.410130091786424,6.764175577155403
Region_B,228,13.25,-2.75,-10.514899063439664,11.923877826255426,0,0.0,,,,,,-117.66009076286065,35.79226810153044,17.926611691939982,6.333379056528744
Region_B,229,13.75,-2.75,-10.180332732768111,11.552306338677365,1,309029.5432513592,8.337305555555556,8.25,8.5,8.25,8.5,-117.6563850737978,35.78892277739855,17.444022572523195,5.913485377403772
Region_B,230,14.25,-2.75,-9.845766402096556,11.180734851099306,0,0.0,,,,,,-117.65267969531018,35.78557733721659,16.96244204906234,5.50698904519153
Region_B,231,14.75,-2.75,-9.511200071425002,10.809163363521245,2,3248558.1354837567,2.9721666666666664,2.75,2.5,2.75,2.5,-117.64897462734423,35.782231781008036,16.48195853122127,5.117083874527641
Region_B,232,15.25,-2.75,-9.176633740753449,10.437591875943186,0,0.0,,,,,,-117.64526986984637,35.77888610879638,16.002670832770292,4.747859140080097
Region_B,233,15.75,-2.75,-8.842067410081894,10.066020388365125,0,0.0,,,,,,-117.64156542276298,35.775540320605074,15.524689708303237,4.404518753409208
Region_B,234,16.25,-2.75,-8.507501079410341,9.694448900787066,0,0.0,,,,,,-117.63786128604053,35.77219441645761,15.04813966230364,4.093580887710014
Region_B,235,16.75,-2.75,-8.172934748738786,9.322877413209005,0,0.0,,,,,,-117.6341574596254,35.76884839637742,14.57316108650746,3.8229600467852136
Region_B,236,17.25,-2.75,-7.838368418067233,8.951305925630946,0,0.0,,,,,,-117.63045394346406,35.765502260388004,14.099912794425173,3.6017554823179356
Region_B,237,17.75,-2.75,-7.5038020873956786,8.579734438052885,0,0.0,,,,,,-117.62675073750293,35.762156008512804,13.628575038040262,3.439514731687974
Region_B,238,18.25,-2.75,-7.169235756724124,8.208162950474826,1,1862087.1366628653,29.663500000000003,29.75,29.5,29.75,29.5,-117.62304784168848,35.758809640775226,13.159353111935006,3.3448289380160965
Region_B,239,18.75,-2.75,-6.834669426052571,7.836591462896765,0,0.0,,,,,,-117.61934525596712,35.75546315719877,12.69248167545232,3.323477043651903
Region_B,240,19.25,-2.75,-6.500103095381016,7.465019975318706,0,0.0,,,,,,-117.61564298028536,35.75211655780684,12.228229955263043,3.3768504104820045
Region_B,241,19.75,-2.75,-6.165536764709463,7.093448487740645,1,1188502.2274370166,32.11234722222222,32.25,32.5,32.25,32.5,-117.61194101458962,35.7487698426229,11.766908030399993,3.5015336254081277
Region_B,242,20.25,-2.75,-5.8309704340379085,6.721877000162586,0,0.0,,,,,,-117.60823935882638,35.745423011670354,11.308874451199431,3.6903057820396237
Region_B,243,20.75,-2.75,-5.496404103366354,6.350305512584525,0,0.0,,,,,,-117.60453801294216,35.74207606497266,10.85454550453821,3.933951677390862
Region_B,244,21.25,-2.75,-5.161837772694801,5.978734025006466,0,0.0,,,,,,-117.60083697688341,35.7387290025532,10.404406512011635,4.222984114952088
Region_B,245,21.75,-2.75,-4.827271442023246,5.607162537428405,0,0.0,,,,,,-117.5971362505966,35.73538182443543,9.959025636290404,4.5487595968823165
Region_B,246,22.25,-2.75,-4.492705111351693,5.2355910498503455,0,0.0,,,,,,-117.59343583402826,35.732034530642736,9.51907077300032,4.903960940435829
Region_B,247,22.75,-2.75,-4.158138780680138,4.864019562272286,0,0.0,,,,,,-117.58973572712489,35.72868712119853,9.085330216260077,5.282655765844633
Region_B,248,23.25,-2.75,-3.8235724500085833,4.492448074694224,0,0.0,,,,,,-117.58603592983299,35.72533959612623,8.658737892764034,5.680147091009428
Region_B,249,23.75,-2.75,-3.4890061193370303,4.120876587116165,0,0.0,,,,,,-117.58233644209905,35.72199195544923,8.240404034553595,6.09275717640168
Region_B,250,24.25,-2.75,-3.1544397886654756,3.749305099538105,0,0.0,,,,,,-117.57863726386965,35.71864419919091,7.831652150714215,6.517615288254244
Region_B,251,24.75,-2.75,-2.8198734579939226,3.377733611960046,1,298538.26189179573,29.50051111111111,29.75,29.5,29.75,29.5,-117.57493839509128,35.71529632737468,7.434062964953016,6.952476399152804
Region_B,252,25.25,-2.75,-2.4853071273223697,3.006162124381983,0,0.0,,,,,,-117.57123983571047,35.71194834002391,7.04952543962964,7.395576185522536
Region_B,253,25.75,-2.75,-2.150740796650813,2.634590636803924,0,0.0,,,,,,-117.56754158567377,35.70860023716199,6.68029383194219,7.845518857982521
Region_B,254,26.25,-2.75,-1.8161744659792602,2.263019149225865,0,0.0,,,,,,-117.56384364492772,35.70525201881229,6.329047514293466,8.301191793113242
Region_B,255,26.75,-2.75,-1.4816081353077073,1.8914476616478058,1,2540972.705549301,18.485516666666665,18.25,18.5,18.25,18.5,-117.56014601341887,35.70190368499818,5.998946507119707,8.761700989028439
Region_B,256,27.25,-2.75,-1.1470418046361508,1.519876174069743,0,0.0,,,,,,-117.55644869109379,35.69855523574304,5.693669814134214,9.22632230394285
Region_B,257,27.75,-2.75,-0.8124754739645978,1.148304686491684,0,0.0,,,,,,-117.55275167789902,35.6952066710702,5.417415685498258,9.694464518029067
Region_B,258,28.25,-2.75,-0.4779091432930449,0.7767331989136248,0,0.0,,,,,,-117.54905497378115,35.69185799100306,5.174834245324385,10.1656412157038
Region_B,259,28.75,-2.75,-0.1433428126214884,0.40516171133556567,0,0.0,,,,,,-117.54535857868677,35.68850919556495,4.970857694973916,10.639449250854442
Region_B,260,29.25,-2.75,0.19122351805006454,0.03359022375750298,0,0.0,,,,,,-117.54166249256245,35.685160284779215,4.810399461664368,11.115552140878943
Region_B,261,29.75,-2.75,0.5257898487216175,-0.33798126382055615,0,0.0,,,,,,-117.53796671535477,35.68181125866922,4.69792078880437,11.593667169264855
Region_B,262,30.25,-2.75,0.8603561793931704,-0.7095527513986153,2,1496742.1634455288,9.584297222222222,9.75,9.5,9.75,9.5,-117.53427124701037,35.67846211725827,4.6369145447139415,12.07355529522191
Region_B,263,30.75,-2.75,1.194922510064727,-1.0811242389766744,4,195749848.6967974,0.8043222222222222,0.75,0.5,0.75,0.5,-117.53057608747577,35.67511286056974,4.629416081114237,12.555013201979213
Region_B,264,31.25,-2.75,1.5294888407362799,-1.452695726554737,5,138885127.32166085,11.733719444444445,12.75,12.5,11.75,11.5,-117.52688123669762,35.67176348862692,4.675682838813872,13.037866985706046
Region_B,265,31.75,-2.75,1.8640551714078328,-1.8242672141327962,8,3041428224.306473,5.694833333333333,5.75,9.5,5.75,5.5,-117.52318669462255,35.668414001453165,4.774151942102176,13.521967111779814
Region_B,266,32.25,-2.75,2.1986215020793893,-2.1958387017108554,27,321078258868.13324,0.0571222222222222,0.75,0.5,0.25,0.5,-117.51949246119716,35.66506439907179,4.921691124336978,14.007184356862954
Region_B,267,32.75,-2.75,2.5331878327509423,-2.5674101892889145,33,1317796481.617006,1.282622222222222,2.75,11.5,1.25,1.5,-117.5157985363681,35.6617146815061,5.114055169870267,14.493406523044797
Region_B,268,33.25,-2.75,2.8677541634224952,-2.938981676866977,35,12652450088.526596,1.2618166666666666,2.25,2.5,1.25,1.5,-117.51210492008197,35.658364848779414,5.3464078630026215,14.980535760690566
Region_B,269,33.75,-2.75,3.2023204940940517,-3.3105531644450363,5,9589936.794021368,7.814022222222222,7.75,7.5,7.75,7.5,-117.50841161228544,35.655014900915056,5.613786048174233,15.46848637431666
Region_B,270,34.25,-2.75,3.5368868247656047,-3.6821246520230955,0,0.0,,,,,,-117.50471861292515,35.651664837936295,5.9114389577982696,15.957183014163602
Region_B,271,34.75,-2.75,3.8714531554371576,-4.053696139601154,1,3349654.3915782725,13.405072222222223,13.25,13.5,13.25,13.5,-117.50102592194771,35.64831465986645,6.2350322620556256,16.446559177609238
Region_B,272,35.25,-2.75,4.20601948610871,-4.425267627179217,0,0.0,,,,,,-117.49733353929985,35.64496436672883,6.580740388890444,16.936555960929425
Region_B,273,35.75,-2.75,4.540585816780267,-4.796839114757276,0,0.0,,,,,,-117.49364146492816,35.64161395854669,6.945261753387943,17.427121014464362
Region_B,274,36.25,-2.75,4.87515214745182,-5.168410602335335,0,0.0,,,,,,-117.48994969877934,35.63826343534333,7.325788529583199,17.91820766393438
Region_B,275,36.75,-2.75,5.2097184781233725,-5.539982089913394,0,0.0,,,,,,-117.48625824080008,35.63491279714202,7.719954296320165,18.4097741681686
Region_B,276,37.25,-2.75,5.544284808794929,-5.911553577491457,1,83176377.11026709,1.4867,1.25,1.5,1.25,1.5,-117.48256709093707,35.63156204396608,8.125774491971315,18.901783089382317
Region_B,277,37.75,-2.75,5.878851139466482,-6.283125065069516,0,0.0,,,,,,-117.47887624913697,35.628211175838715,8.541588134034038,19.394200756750728
Region_B,278,38.25,-2.75,6.213417470138035,-6.654696552647575,0,0.0,,,,,,-117.47518571534648,35.624860192783224,8.96600494136438,19.88699680766912
Region_B,279,38.75,-2.75,6.547983800809591,-7.026268040225634,0,0.0,,,,,,-117.47149548951231,35.62150909482288,9.397859403378511,20.380143793980775
Region_B,280,39.25,-2.75,6.882550131481144,-7.397839527803697,1,575439.9373371566,11.423116666666669,11.25,11.5,11.25,11.5,-117.46780557158117,35.61815788198093,9.836171924217743,20.873616842761688
Region_B,281,39.75,-2.75,7.217116462152697,-7.769411015381756,0,0.0,,,,,,-117.46411596149973,35.614806554280605,10.280116481823967,21.36739336310154
Region_B,282,40.25,-2.75,7.55168279282425,-8.140982502959815,0,0.0,,,,,,-117.46042665921479,35.61145511174519,10.728993971336184,21.861452791811594
Region_B,283,40.75,-2.75,7.886249123495807,-8.512553990537874,0,0.0,,,,,,-117.45673766467303,35.608103554397914,11.182210353685338,22.355776372197372
Region_B,284,41.25,-2.75,8.22081545416736,-8.884125478115937,0,0.0,,,,,,-117.45304897782117,35.604751882261986,11.639258788735951,22.850346961015486
Region_B,285,41.75,-2.75,8.555381784838913,-9.255696965693996,0,0.0,,,,,,-117.44936059860598,35.60140009536069,12.099705033936425,23.345148859535698
Region_B,286,42.25,-2.75,8.88994811551047,-9.627268453272055,0,0.0,,,,,,-117.44567252697415,35.59804819371722,12.563175500858287,23.840167665286504
Region_B,287,42.75,-2.75,9.224514446182022,-9.998839940850115,0,0.0,,,,,,-117.44198476287251,35.59469617735483,13.029347467255038,24.335390141603717
Region_B,288,43.25,-2.75,9.559080776853575,-10.370411428428174,0,0.0,,,,,,-117.43829730624778,35.59134404629671,13.497941034823226,24.830804102548807
Region_B,289,43.75,-2.75,9.893647107525128,-10.741982916006233,0,0.0,,,,,,-117.43461015704669,35.58799180056609,13.968712501038315,25.326398311134685
Region_B,290,44.25,-2.75,10.228213438196684,-11.113554403584299,0,0.0,,,,,,-117.43092331521606,35.584639440186194,14.441448877926469,25.822162389105557
Region_B,291,44.75,-2.75,10.562779768868237,-11.485125891162358,0,0.0,,,,,,-117.42723678070263,35.58128696518021,14.915963343038326,26.318086736775314
Region_B,292,45.25,-2.75,10.89734609953979,-11.856697378740417,0,0.0,,,,,,-117.4235505534532,35.57793437557134,15.392091450090936,26.814162461645527
Region_B,293,45.75,-2.75,11.231912430211347,-12.228268866318476,0,0.0,,,,,,-117.41986463341456,35.574581671382795,15.86968796054484,27.310381314705428
Region_B,294,46.25,-2.75,11.5664787608829,-12.599840353896536,0,0.0,,,,,,-117.41617902053349,35.57122885263777,16.34862418438204,27.806735633470222
Region_B,295,46.75,-2.75,11.901045091554453,-12.971411841474595,0,0.0,,,,,,-117.4124937147568,35.567875919359444,16.82878573989403,28.303218290943413
Region_B,296,47.25,-2.75,12.23561142222601,-13.342983329052654,0,0.0,,,,,,-117.4088087160313,35.56452287157101,17.310070659484904,28.799822649799168
Region_B,297,47.75,-2.75,12.570177752897562,-13.714554816630713,0,0.0,,,,,,-117.4051240243038,35.561169709295626,17.79238778223596,29.296542521174345
Region_B,298,48.25,-2.75,12.904744083569119,-14.08612630420878,0,0.0,,,,,,-117.40143963952112,35.55781643255649,18.27565538498029,29.793372127539843
Region_B,299,48.75,-2.75,13.239310414240668,-14.457697791786838,0,0.0,,,,,,-117.39775556163006,35.55446304137678,18.75980001246438,30.290306069189185
Region_B,300,49.25,-2.75,13.573876744912225,-14.829269279364897,0,0.0,,,,,,-117.39407179057748,35.55110953577962,19.244755474278126,30.787339293941116
Region_B,301,49.75,-2.75,13.908443075583781,-15.200840766942957,0,0.0,,,,,,-117.39038832631023,35.54775591578821,19.73046198196731,31.28446706970317
Region_B,302,50.25,-2.75,14.24300940625533,-15.572412254521016,0,0.0,,,,,,-117.38670516877514,35.5444021814257,20.216865404383455,31.78168495958691
Region_B,303,0.25,-2.25,-18.842052173322006,21.91930283395654,0,0.0,,,,,,-117.75244096839711,35.88222818738905,30.59892278838337,18.60757537148053
Region_B,304,0.75,-2.25,-18.507485842650453,21.54773134637848,0,0.0,,,,,,-117.74872721651703,35.87888576389363,30.103564449522363,18.113516506753186
Region_B,305,1.25,-2.25,-18.1729195119789,21.176159858800418,0,0.0,,,,,,-117.74501377663489,35.87554322374614,29.608362151994257,17.619792827258536
Region_B,306,1.75,-2.25,-17.838353181307344,20.80458837122236,0,0.0,,,,,,-117.7413006486969,35.872200566970214,29.113323858342685,17.12643332134869
Region_B,307,2.25,-2.25,-17.50378685063579,20.4330168836443,0,0.0,,,,,,-117.73758783264927,35.86885779358944,28.61845807932085,16.63347039392844
Region_B,308,2.75,-2.25,-17.169220519964238,20.06144539606624,0,0.0,,,,,,-117.73387532843826,35.8655149036274,28.123773921629798,16.140940380931507
Region_B,309,3.25,-2.25,-16.834654189292685,19.689873908488178,0,0.0,,,,,,-117.73016313601012,35.86217189710771,27.62928114070367,15.648884158810704
Region_B,310,3.75,-2.25,-16.50008785862113,19.31830242091012,0,0.0,,,,,,-117.7264512553111,35.85882877405392,27.13499019917168,15.157347869959567
Region_B,311,4.25,-2.25,-16.165521527949576,18.94673093333206,0,0.0,,,,,,-117.7227396862875,35.85548553448964,26.640912331717217,14.66638379035743
Region_B,312,4.75,-2.25,-15.830955197278021,18.575159445754,0,0.0,,,,,,-117.71902842888551,35.85214217843842,26.147059617160433,14.176051372690154
Region_B,313,5.25,-2.25,-15.496388866606468,18.203587958175937,0,0.0,,,,,,-117.71531748305146,35.848798705923826,25.653445058713682,13.686418507273613
Region_B,314,5.75,-2.25,-15.161822535934913,17.83201647059788,0,0.0,,,,,,-117.71160684873165,35.845455116969454,25.160082673503695,13.197563055023947
Region_B,315,6.25,-2.25,-14.82725620526336,17.46044498301982,0,0.0,,,,,,-117.70789652587231,35.84211141159885,24.66698759262347,12.709574722484792
Region_B,316,6.75,-2.25,-14.492689874591806,17.08887349544176,0,0.0,,,,,,-117.70418651441977,35.83876758983555,24.174176173175784,12.222557369941677
Region_B,317,7.25,-2.25,-14.15812354392025,16.7173020078637,0,0.0,,,,,,-117.7004768143203,35.835423651703124,23.681666124004852,11.736631871904603
Region_B,318,7.75,-2.25,-13.823557213248698,16.345730520285638,0,0.0,,,,,,-117.69676742552025,35.832079597225125,23.18947664709013,11.251939687524914
Region_B,319,8.25,-2.25,-13.488990882577143,15.974159032707579,0,0.0,,,,,,-117.6930583479659,35.828735426425084,22.697628596904963,10.768647350841679
Region_B,320,8.75,-2.25,-13.154424551905588,15.602587545129516,0,0.0,,,,,,-117.68934958160357,35.825391139326534,22.206144660434354,10.286952162904267
Region_B,321,9.25,-2.25,-12.819858221234036,15.231016057551457,0,0.0,,,,,,-117.68564112637956,35.822046735953016,21.715049561012673,9.807089468184335
Region_B,322,9.75,-2.25,-12.485291890562483,14.859444569973398,0,0.0,,,,,,-117.68193298224026,35.81870221632806,21.22437028970085,9.329342038539664
Region_B,323,10.25,-2.25,-12.150725559890928,14.487873082395339,0,0.0,,,,,,-117.67822514913198,35.815357580475194,20.734136368593596,8.854052287351521
Region_B,324,10.75,-2.25,-11.816159229219373,14.116301594817278,0,0.0,,,,,,-117.67451762700105,35.81201282841791,20.24438015125519,8.381638320892042
Region_B,325,11.25,-2.25,-11.48159289854782,13.744730107239219,0,0.0,,,,,,-117.6708104157938,35.80866796017975,19.755137166459626,7.912615242594404
Region_B,326,11.75,-2.25,-11.147026567876265,13.373158619661158,0,0.0,,,,,,-117.66710351545662,35.805322975784215,19.266446512596293,7.447623715818931
Region_B,327,12.25,-2.25,-10.81246023720471,13.001587132083099,0,0.0,,,,,,-117.66339692593588,35.801977875254806,18.778351311545784,6.987468643759332
Region_B,328,12.75,-2.25,-10.477893906533158,12.630015644505038,0,0.0,,,,,,-117.6596906471779,35.79863265861503,18.290899232594683,6.533172053651365
Region_B,329,13.25,-2.25,-10.143327575861603,12.258444156926979,1,5432503.314924325,1.9599444444444445,1.75,1.5,1.75,1.5,-117.65598467912909,35.79528732588839,17.804143099122523,6.0860460167256765
Region_B,330,13.75,-2.25,-9.80876124519005,11.886872669348918,0,0.0,,,,,,-117.65227902173582,35.79194187709835,17.318141593460066,5.647793830584981
Region_B,331,14.25,-2.25,-9.474194914518495,11.515301181770859,0,0.0,,,,,,-117.64857367494449,35.788596312268425,16.832960078614544,5.22065074371817
Region_B,332,14.75,-2.25,-9.13962858384694,11.143729694192798,0,0.0,,,,,,-117.64486863870145,35.78525063142207,16.34867155965066,4.807578727694052
Region_B,333,15.25,-2.25,-8.805062253175388,10.772158206614739,0,0.0,,,,,,-117.64116391295316,35.781904834582804,15.865357812618974,4.412531275590879
Region_B,334,15.75,-2.25,-8.470495922503833,10.400586719036678,0,0.0,,,,,,-117.63745949764596,35.778558921774064,15.383110715311426,4.040798348489932
Region_B,335,16.25,-2.25,-8.13592959183228,10.029015231458619,0,0.0,,,,,,-117.63375539272631,35.77521289301932,14.902033822154234,3.699414862954717
Region_B,336,16.75,-2.25,-7.801363261160725,9.657443743880558,1,4570881.896148752,21.917641666666665,21.75,21.5,21.75,21.5,-117.6300515981406,35.77186674834204,14.42224423568427,3.397541664695454
Region_B,337,17.25,-2.25,-7.466796930489172,9.285872256302499,0,0.0,,,,,,-117.62634811383528,35.768520487765706,13.943874839901124,3.146570895186197
Region_B,338,17.75,-2.25,-7.132230599817618,8.914300768724438,1,1071519.3052376048,31.34932222222222,31.25,31.5,31.25,31.5,-117.62264493975674,35.76517411131375,13.467076977129334,2.9594809398818835
Region_B,339,18.25,-2.25,-6.797664269146063,8.542729281146379,0,0.0,,,,,,-117.61894207585145,35.761827619009615,12.992023670892323,2.8488851273112874
Region_B,340,18.75,-2.25,-6.46309793847451,8.171157793568318,0,0.0,,,,,,-117.61523952206583,35.758481010876764,12.518913524029387,2.8237856688684353
Region_B,341,19.25,-2.25,-6.128531607802955,7.7995863059902595,0,0.0,,,,,,-117.61153727834633,35.75513428693861,12.047975455620136,2.886413785097009
Region_B,342,19.75,-2.25,-5.793965277131402,7.428014818412199,0,0.0,,,,,,-117.60783534463941,35.75178744721864,11.579474484462786,3.0313369284672644
Region_B,343,20.25,-2.25,-5.459398946459848,7.056443330834139,1,1566751.07010815,18.292058333333333,18.25,18.5,18.25,18.5,-117.60413372089154,35.74844049174024,11.113718823752206,3.247556405819711
Region_B,344,20.75,-2.25,-5.124832615788293,6.6848718432560785,0,0.0,,,,,,-117.60043240704915,35.74509342052685,10.651068624815235,3.5219655938228502
Region_B,345,21.25,-2.25,-4.79026628511674,6.313300355678019,0,0.0,,,,,,-117.59673140305878,35.74174623360189,10.191946801648003,3.8421166925489434
Region_B,346,21.75,-2.25,-4.455699954445185,5.9417288680999585,0,0.0,,,,,,-117.59303070886685,35.73839893098878,9.736852487571248,4.197556397983777
Region_B,347,22.25,-2.25,-4.121133623773632,5.570157380521899,0,0.0,,,,,,-117.58933032441985,35.73505151271093,9.28637782570911,4.580076282044419
Region_B,348,22.75,-2.25,-3.786567293102078,5.19858589294384,0,0.0,,,,,,-117.58563024966429,35.73170397879177,8.841228980120425,4.983444369553765
Region_B,349,23.25,-2.25,-3.4520009624305232,4.8270144053657775,0,0.0,,,,,,-117.58193048454667,35.728356329254666,8.402252473951295,5.4029933203298
Region_B,350,23.75,-2.25,-3.1174346317589703,4.455442917787718,0,0.0,,,,,,-117.57823102901347,35.725008564123044,7.970468204134566,5.835234001702051
Region_B,351,24.25,-2.25,-2.7828683010874156,4.083871430209659,0,0.0,,,,,,-117.57453188301123,35.721660683420296,7.547110715381053,6.277545291729165
Region_B,352,24.75,-2.25,-2.4483019704158626,3.7122999426316,1,288403.1503126605,23.40617222222222,23.25,23.5,23.25,23.5,-117.57083304648646,35.718312687169814,7.133680460135493,6.7279412842861746
Region_B,353,25.25,-2.25,-2.1137356397443097,3.3407284550535374,2,4075181.846268502,16.30368611111111,16.25,16.5,16.25,16.5,-117.56713451938565,35.714964575394966,6.7320066595643215,7.184901736272642
Region_B,354,25.75,-2.25,-1.7791693090727532,2.9691569674754783,0,0.0,,,,,,-117.56343630165534,35.71161634811914,6.3443226921017954,7.647249962894173
Region_B,355,26.25,-2.25,-1.4446029784012002,2.597585479897419,2,145367573.73967403,1.4696888888888888,1.25,1.5,1.25,1.5,-117.5597383932421,35.70826800536573,5.9733530934155565,8.114065012684838
Region_B,356,26.75,-2.25,-1.1100366477296473,2.22601399231936,1,707945.7843841374,7.571563888888889,7.75,7.5,7.75,7.5,-117.55604079409245,35.70491954715809,5.6224073078812635,8.584618224776655
Region_B,357,27.25,-2.25,-0.7754703170580908,1.8544425047412971,1,6683439.175686149,2.7904944444444446,2.75,2.5,2.75,2.5,-117.55234350415292,35.70157097351958,5.29546793898481,9.058327058583105
Region_B,358,27.75,-2.25,-0.4409039863865378,1.482871017163238,0,0.0,,,,,,-117.54864652337008,35.69822228447359,4.997248988184946,9.534721188128687
Region_B,359,28.25,-2.25,-0.10633765571498488,1.1112995295851789,0,0.0,,,,,,-117.5449498516905,35.69487348004345,4.733182249503488,10.013417357248294
Region_B,360,28.75,-2.25,0.22822867495657162,0.7397280420071197,0,0.0,,,,,,-117.54125348906072,35.69152456025253,4.509271666701209,10.494100542949486
Region_B,361,29.25,-2.25,0.5627950056281246,0.36815655442905704,2,21553654.756548002,4.364766666666666,4.25,4.5,4.25,4.5,-117.53755743542733,35.68817552512417,4.331748806338352,10.976509702114969
Region_B,362,29.75,-2.25,0.8973613362996775,-0.0034149331490020973,0,0.0,,,,,,-117.5338616907369,35.68482637468173,4.206490755762238,11.460426880169662
Region_B,363,30.25,-2.25,1.2319276669712305,-0.37498642072706123,1,870963.5899560796,11.165525,11.25,11.5,11.25,11.5,-117.53016625493599,35.681477108948506,4.138246154521574,11.945668809690254
Region_B,364,30.75,-2.25,1.566493997642787,-0.7465579083051204,3,70422059.18540034,10.477330555555556,10.25,10.5,10.25,10.5,-117.52647112797125,35.678127727947896,4.12984236896664,12.43208037079466
Region_B,365,31.25,-2.25,1.90106032831434,-1.118129395883183,4,12308933.053115975,13.708005555555555,13.75,13.5,13.75,13.5,-117.52277630978926,35.6747782317032,4.181640198488082,12.919529456640023
Region_B,366,31.75,-2.25,2.235626658985893,-1.4897008834612422,13,75220046.3263082,1.543388888888889,32.75,6.5,1.75,1.5,-117.51908180033658,35.67142862023773,4.291460300027354,13.407902908959347
Region_B,367,32.25,-2.25,2.5701929896574494,-1.8612723710393013,31,14058857615.721188,0.6898888888888889,2.75,2.5,0.75,0.5,-117.51538759955984,35.668078893574815,4.455013834300661,13.897103275545296
Region_B,368,32.75,-2.25,2.9047593203290023,-2.2328438586173602,41,172806769032.84277,0.3950611111111111,2.25,2.5,0.25,0.5,-117.51169370740568,35.66472905173779,4.66665458555802,14.387046204355608
Region_B,369,33.25,-2.25,3.2393256510005553,-2.604415346195423,7,348205745.2390522,0.9385277777777776,0.75,17.5,0.75,0.5,-117.5080001238207,35.661379094749954,4.920181071668923,14.87765833460879
Region_B,370,33.75,-2.25,3.5738919816721118,-2.975986833773482,0,0.0,,,,,,-117.50430684875153,35.65802902263461,5.209481599459639,15.368875578793842
Region_B,371,34.25,-2.25,3.9084583123436647,-3.347558321351541,1,758577.5750291835,16.461391666666668,16.25,16.5,16.25,16.5,-117.5006138821448,35.65467883541507,5.528943415536821,15.860641714367581
Region_B,372,34.75,-2.25,4.243024643015218,-3.7191298089296003,0,0.0,,,,,,-117.49692122394717,35.65132853311462,5.873647252713376,16.352907222467454
Region_B,373,35.25,-2.25,4.577590973686771,-4.090701296507663,2,20891609.42119974,7.714355555555556,7.75,7.5,7.75,7.5,-117.49322887410527,35.647978115756565,6.239410934247466,16.84562832493106
Region_B,374,35.75,-2.25,4.9121573043583275,-4.462272784085722,0,0.0,,,,,,-117.48953683256572,35.644627583364205,6.622746074213192,17.33876618150239
Region_B,375,36.25,-2.25,5.2467236350298805,-4.833844271663781,1,2454708.915685029,20.66250277777777,20.75,20.5,20.75,20.5,-117.48584509927524,35.64127693596079,7.020775051275013,17.8322862171933
Region_B,376,36.75,-2.25,5.581289965701433,-5.20541575924184,0,0.0,,,,,,-117.48215367418048,35.63792617356963,7.431137132209651,18.326157555990655
Region_B,377,37.25,-2.25,5.91585629637299,-5.576987246819903,0,0.0,,,,,,-117.47846255722808,35.634575296214,7.851898868095828,18.820352541918147
Region_B,378,37.75,-2.25,6.250422627044543,-5.948558734397962,0,0.0,,,,,,-117.47477174836476,35.63122430391716,8.28147526663601,19.314846332217506
Region_B,379,38.25,-2.25,6.584988957716096,-6.320130221976021,0,0.0,,,,,,-117.47108124753717,35.62787319670238,8.718563491137939,19.809616550359255
Region_B,380,38.75,-2.25,6.919555288387652,-6.6917017095540805,0,0.0,,,,,,-117.46739105469199,35.624521974592916,9.162088523153592,20.304642988916566
Region_B,381,39.25,-2.25,7.254121619059205,-7.063273197132143,1,2917427.014001166,19.222391666666667,19.25,19.5,19.25,19.5,-117.46370116977597,35.62117063761205,9.611159288202556,20.799907354179492
Region_B,382,39.75,-2.25,7.588687949730758,-7.434844684710202,0,0.0,,,,,,-117.46001159273577,35.61781918578299,10.065033513123623,21.295393045857157
Region_B,383,40.25,-2.25,7.923254280402311,-7.8064161722882615,0,0.0,,,,,,-117.4563223235181,35.61446761912902,10.523089678293209,21.79108496639469
Region_B,384,40.75,-2.25,8.257820611073868,-8.177987659866321,0,0.0,,,,,,-117.45263336206969,35.61111593767338,10.984804647079551,22.286969355381718
Region_B,385,41.25,-2.25,8.59238694174542,-8.549559147444384,0,0.0,,,,,,-117.44894470833725,35.6077641414393,11.449735800078534,22.783033645298758
Region_B,386,41.75,-2.25,8.926953272416974,-8.921130635022443,0,0.0,,,,,,-117.44525636226751,35.60441223045002,11.917506729542861,23.27926633547343
Region_B,387,42.25,-2.25,9.26151960308853,-9.292702122600502,0,0.0,,,,,,-117.44156832380722,35.60106020472877,12.387795744433262,23.775656881629956
Region_B,388,42.75,-2.25,9.596085933760083,-9.664273610178562,0,0.0,,,,,,-117.43788059290308,35.59770806429876,12.860326596276558,24.272195598834667
Region_B,389,43.25,-2.25,9.930652264431636,-10.03584509775662,0,0.0,,,,,,-117.43419316950187,35.594355809183234,13.334860963654538,24.768873575986056
Region_B,390,43.75,-2.25,10.265218595103189,-10.40741658533468,0,0.0,,,,,,-117.43050605355035,35.5910034394054,13.811192333650887,25.26568260028356
Region_B,391,44.25,-2.25,10.599784925774745,-10.778988072912746,0,0.0,,,,,,-117.42681924499524,35.58765095498846,14.28914099707175,25.76261509034677
Region_B,392,44.75,-2.25,10.934351256446298,-11.150559560490805,0,0.0,,,,,,-117.42313274378334,35.58429835595564,14.7685499352948,26.25966403685421
Region_B,393,45.25,-2.25,11.268917587117851,-11.522131048068864,0,0.0,,,,,,-117.41944654986139,35.58094564233013,15.24928142400144,26.756822949736495
Region_B,394,45.75,-2.25,11.603483917789408,-11.893702535646923,0,0.0,,,,,,-117.41576066317619,35.57759281413513,15.731214215866963,27.254085811096964
Region_B,395,46.25,-2.25,11.93805024846096,-12.265274023224983,0,0.0,,,,,,-117.41207508367452,35.57423987139382,16.214241192932658,27.75144703314997
Region_B,396,46.75,-2.25,12.272616579132514,-12.636845510803042,0,0.0,,,,,,-117.40838981130318,35.57088681412943,16.698267401730444,28.248901420565357
Region_B,397,47.25,-2.25,12.60718290980407,-13.0084169983811,0,0.0,,,,,,-117.40470484600893,35.5675336423651,17.1832084017157,28.74644413669125
Region_B,398,47.75,-2.25,12.941749240475623,-13.37998848595916,0,0.0,,,,,,-117.40102018773861,35.56418035612404,17.668988871293468,29.244070673198046
Region_B,399,48.25,-2.25,13.27631557114718,-13.751559973537226,0,0.0,,,,,,-117.39733583643898,35.56082695542939,18.155541426545014,29.741776822747052
Region_B,400,48.75,-2.25,13.610881901818729,-14.123131461115285,0,0.0,,,,,,-117.39365179205693,35.55747344030438,18.642805616325333,30.2395586543386
Region_B,401,49.25,-2.25,13.945448232490286,-14.494702948693345,0,0.0,,,,,,-117.38996805453921,35.55411981077213,19.13072706420723,30.73741249103893
Region_B,402,49.75,-2.25,14.280014563161842,-14.866274436271404,0,0.0,,,,,,-117.38628462383268,35.5507660668558,19.61925673317647,31.235334889822575
Region_B,403,50.25,-2.25,14.614580893833391,-15.237845923849463,0,0.0,,,,,,-117.38260149988417,35.547412208578564,20.108350293333107,31.733322623300236
Region_B,404,0.25,-1.75,-18.470480685743947,22.253869164628092,0,0.0,,,,,,-117.74833375946083,35.88525051527152,30.535523256526652,18.538342079305643
Region_B,405,0.75,-1.75,-18.135914355072394,21.882297677050033,0,0.0,,,,,,-117.74462003859155,35.8819079668475,30.03911944959405,18.04238748293711
Region_B,406,1.25,-1.75,-17.80134802440084,21.51072618947197,0,0.0,,,,,,-117.74090662974716,35.87856530178163,29.542836933241176,17.546662506571924
Region_B,407,1.75,-1.75,-17.466781693729285,21.13915470189391,0,0.0,,,,,,-117.73719353287382,35.87522252009746,29.046681924467347,17.051187177279715
Region_B,408,2.25,-1.75,-17.132215363057732,20.767583214315852,0,0.0,,,,,,-117.7334807479178,35.8718796218186,28.550661070775185,16.555983908838506
Region_B,409,2.75,-1.75,-16.79764903238618,20.396011726737793,0,0.0,,,,,,-117.72976827482532,35.868536606968654,28.054781487927816,16.0610778662209
Region_B,410,3.25,-1.75,-16.463082701714622,20.02444023915973,0,0.0,,,,,,-117.72605611354263,35.86519347557122,27.559050801732567,15.56649739857692
Region_B,411,3.75,-1.75,-16.12851637104307,19.65286875158167,0,0.0,,,,,,-117.72234426401594,35.86185022764986,27.063477194358747,15.072274556117712
Region_B,412,4.25,-1.75,-15.793950040371517,19.281297264003612,0,0.0,,,,,,-117.71863272619154,35.85850686322817,26.568069455771067,14.578445710365859
Region_B,413,4.75,-1.75,-15.459383709699962,18.909725776425553,0,0.0,,,,,,-117.71492150001566,35.85516338232973,26.072837040946943,14.085052302536047
Region_B,414,5.25,-1.75,-15.124817379028409,18.53815428884749,0,0.0,,,,,,-117.7112105854346,35.85181978497808,25.577790133646698,13.592141751772134
Region_B,415,5.75,-1.75,-14.790251048356854,18.16658280126943,0,0.0,,,,,,-117.70749998239458,35.84847607119682,25.08293971762428,13.09976856419069
Region_B,416,6.25,-1.75,-14.455684717685301,17.795011313691372,0,0.0,,,,,,-117.7037896908419,35.845132241009495,24.58829765630539,12.607995696003783
Region_B,417,6.75,-1.75,-14.121118387013746,17.423439826113313,0,0.0,,,,,,-117.70007971072285,35.84178829443966,24.093876782123974,12.116896240603085
Region_B,418,7.25,-1.75,-13.786552056342192,17.051868338535254,0,0.0,,,,,,-117.69637004198371,35.83844423151086,23.59969099690231,11.626555532083977
Region_B,419,7.75,-1.75,-13.451985725670639,16.68029685095719,0,0.0,,,,,,-117.69266068457077,35.83510005224666,23.10575538488996,11.137073788734803
Region_B,420,8.25,-1.75,-13.117419394999084,16.308725363379132,0,0.0,,,,,,-117.68895163843032,35.831755756670596,22.612086340350615,10.648569463116399
Region_B,421,8.75,-1.75,-12.78285306432753,15.937153875801071,0,0.0,,,,,,-117.6852429035087,35.82841134480619,22.11870171191271,10.161183525845125
Region_B,422,9.25,-1.75,-12.448286733655976,15.565582388223012,0,0.0,,,,,,-117.68153447975216,35.82506681667699,21.625620966290647,9.675084996060638
Region_B,423,9.75,-1.75,-12.113720402984423,15.194010900644953,0,0.0,,,,,,-117.67782636710709,35.82172217230652,21.132865374453345,9.190478154921482
Region_B,424,10.25,-1.75,-11.779154072312869,14.822439413066894,1,2290867.65276777,4.566944444444444,4.75,4.5,4.75,4.5,-117.67411856551978,35.81837741171831,20.640458223883225,8.707612057916927
Region_B,425,10.75,-1.75,-11.444587741641314,14.450867925488833,0,0.0,,,,,,-117.67041107493657,35.81503253493588,20.14842506125399,8.226793226176987
Region_B,426,11.25,-1.75,-11.110021410969761,14.079296437910774,0,0.0,,,,,,-117.66670389530378,35.81168754198272,19.65679397068778,7.748402791631504
Region_B,427,11.75,-1.75,-10.775455080298206,13.707724950332713,0,0.0,,,,,,-117.66299702656778,35.80834243288238,19.165595893766696,7.272919967692079
Region_B,428,12.25,-1.75,-10.440888749626652,13.336153462754654,0,0.0,,,,,,-117.65929046867491,35.80499720765834,18.674864998715954,6.800954630898919
Region_B,429,12.75,-1.75,-10.106322418955099,12.964581975176593,1,467735.1412871981,12.915188888888888,12.75,12.5,12.75,12.5,-117.65558422157152,35.8016518663341,18.18463910770202,6.333293213379336
Region_B,430,13.25,-1.75,-9.771756088283544,12.593010487598534,0,0.0,,,,,,-117.65187828520396,35.79830640893315,17.694960193073765,5.870964312762261
Region_B,431,13.75,-1.75,-9.437189757611991,12.221439000020473,0,0.0,,,,,,-117.64817265951861,35.794960835479024,17.205874955711046,5.415333876763219
Region_B,432,14.25,-1.75,-9.102623426940436,11.849867512442414,0,0.0,,,,,,-117.64446734446187,35.79161514599515,16.717435501555375,4.96824516624438
Region_B,433,14.75,-1.75,-8.768057096268882,11.478296024864353,1,234422.88153199223,12.909738888888889,12.75,12.5,12.75,12.5,-117.64076233998007,35.78826934050507,16.229700136039586,4.53222672281539
Region_B,434,15.25,-1.75,-8.433490765597329,11.106724537286293,1,707945.7843841374,22.883133333333333,22.75,22.5,22.75,22.5,-117.63705764601964,35.78492341903219,15.742734300713545,4.1108026104513025
Region_B,435,15.75,-1.75,-8.098924434925774,10.735153049708233,0,0.0,,,,,,-117.63335326252697,35.78157738160003,15.256611682151519,3.708950948338968
Region_B,436,16.25,-1.75,-7.764358104254221,10.363581562130173,1,1927524.913190937,6.308066666666667,6.25,6.5,6.25,6.5,-117.62964918944841,35.77823122823207,14.771415530580056,3.33375706557569
Region_B,437,16.75,-1.75,-7.429791773582666,9.992010074552113,0,0.0,,,,,,-117.62594542673045,35.774884958951766,14.287240235054533,2.99525544943451
Region_B,438,17.25,-1.75,-7.095225442911113,9.620438586974053,0,0.0,,,,,,-117.62224197431941,35.771538573782536,13.804193214065808,2.7072447695874176
Region_B,439,17.75,-1.75,-6.7606591122395585,9.248867099395992,0,0.0,,,,,,-117.61853883216179,35.76819207274788,13.322397196013933,2.4873265321524882
Region_B,440,18.25,-1.75,-6.426092781568004,8.877295611817933,0,0.0,,,,,,-117.61483600020397,35.76484545587124,12.841992984169528,2.3546575786387742
Region_B,441,18.75,-1.75,-6.091526450896451,8.505724124239872,0,0.0,,,,,,-117.61113347839236,35.76149872317604,12.363142827071067,2.324227043068796
Region_B,442,19.25,-1.75,-5.756960120224896,8.134152636661813,0,0.0,,,,,,-117.60743126667343,35.75815187468575,11.886034549826034,2.399927161982965
Region_B,443,19.75,-1.75,-5.422393789553343,7.762581149083752,0,0.0,,,,,,-117.60372936499364,35.754804910423786,11.41088664726618,2.572405375891388
Region_B,444,20.25,-1.75,-5.0878274588817884,7.391009661505693,0,0.0,,,,,,-117.6000277732994,35.75145783041359,10.937954600100378,2.8239844994273966
Region_B,445,20.75,-1.75,-4.753261128210234,7.019438173927632,0,0.0,,,,,,-117.59632649153718,35.74811063467857,10.46753875516859,3.135682938069075
Region_B,446,21.25,-1.75,-4.418694797538681,6.647866686349573,1,2137962.0895022326,5.407444444444444,5.25,5.5,5.25,5.5,-117.59262551965344,35.74476332324218,9.99999421740112,3.4914361691414033
Region_B,447,21.75,-1.75,-4.084128466867126,6.276295198771512,0,0.0,,,,,,-117.58892485759465,35.74141589612782,9.535743343083187,3.879142374066735
Region_B,448,22.25,-1.75,-3.7495621361955727,5.904723711193453,1,638263.4861905483,15.83738611111111,15.75,15.5,15.75,15.5,-117.58522450530728,35.7380683533589,9.075291613069782,4.29014738597305
Region_B,449,22.75,-1.75,-3.414995805524018,5.533152223615394,0,0.0,,,,,,-117.58152446273782,35.73472069495883,8.619247914949085,4.718366627177533
Region_B,450,23.25,-1.75,-3.080429474852463,5.161580736037331,0,0.0,,,,,,-117.57782472983276,35.73137292095102,8.168350590936551,5.159515739248598
Region_B,451,23.75,-1.75,-2.7458631441809103,4.790009248459272,0,0.0,,,,,,-117.57412530653856,35.72802503135887,7.723501028261275,5.610545579410731
Region_B,452,24.25,-1.75,-2.4112968135093555,4.418437760881213,0,0.0,,,,,,-117.57042619280176,35.72467702620577,7.285807085742277,6.069253721318345
Region_B,453,24.75,-1.75,-2.0767304828378026,4.046866273303154,1,2213094.7096056365,7.947922222222222,7.75,7.5,7.75,7.5,-117.56672738856882,35.72132890551511,6.856639238559357,6.534023245201065
Region_B,454,25.25,-1.75,-1.7421641521662496,3.6752947857250913,1,3981071.7055349695,13.532558333333332,13.75,13.5,13.75,13.5,-117.5630288937863,35.71798066931028,6.4377028826166915,7.003647535671623
Region_B,455,25.75,-1.75,-1.4075978214946931,3.303723298147032,0,0.0,,,,,,-117.55933070840068,35.71463231761467,6.031130504470174,7.477211902775693
Region_B,456,26.25,-1.75,-1.0730314908231402,2.932151810568973,0,0.0,,,,,,-117.55563283235851,35.71128385045163,5.639596786921038,7.954012627227955
Region_B,457,26.75,-1.75,-0.7384651601515873,2.560580322990914,0,0.0,,,,,,-117.5519352656063,35.707935267844555,5.266456937652631,8.433500809817536
Region_B,458,27.25,-1.75,-0.40389882948003075,2.189008835412851,1,251188.6431509582,26.72655,26.75,26.5,26.75,26.5,-117.54823800809059,35.70458656981679,4.915901283920266,8.915242842698364
Region_B,459,27.75,-1.75,-0.0693324988084778,1.8174373478347918,0,0.0,,,,,,-117.54454105975792,35.70123775639173,4.593103764378545,9.398892167664
Region_B,460,28.25,-1.75,0.26523383186307514,1.4458658602567327,1,7413102.413009162,21.22565,21.25,21.5,21.25,21.5,-117.54084442055485,35.697888827592706,4.304313992664544,9.884168807465146
Region_B,461,28.75,-1.75,0.5998001625346316,1.0742943726786736,1,616595.0018614822,33.20217777777778,33.25,33.5,33.25,33.5,-117.53714809042792,35.69453978344308,4.056801166503874,10.370844326744002
Region_B,462,29.25,-1.75,0.9343664932061846,0.7027228851006109,0,0.0,,,,,,-117.5334520693237,35.69119062396622,3.858516873313713,10.858730638737182
Region_B,463,29.75,-1.75,1.2689328238777375,0.33115139752255174,1,3589219.34645005,15.175177777777778,15.25,15.5,15.25,15.5,-117.52975635718876,35.687841349185454,3.7173470672975992,11.347671572606465
Region_B,464,30.25,-1.75,1.6034991545492905,-0.040420090055507396,0,0.0,,,,,,-117.52606095396968,35.684491959124095,3.6399431281059167,11.837536447877664
Region_B,465,30.75,-1.75,1.938065485220847,-0.41199157763356653,0,0.0,,,,,,-117.52236585961302,35.68114245380553,3.630386030843675,12.328215125877852
Region_B,466,31.25,-1.75,2.2726318158924,-0.7835630652116292,7,79405213.52873524,3.679638888888889,3.75,3.5,3.75,3.5,-117.51867107406535,35.67779283325305,3.689203096882081,12.819614160535988
Region_B,467,31.75,-1.75,2.607198146563953,-1.1551345527896884,15,6043340008.282547,0.3614666666666666,3.75,3.5,0.25,0.5,-117.5149765972733,35.67444309748999,3.813231732683415,13.311653776300902
Region_B,468,32.25,-1.75,2.9417644772355094,-1.5267060403677475,28,11794994002.975811,2.479077777777778,29.75,2.5,2.25,2.5,-117.51128242918347,35.6710932465397,3.996405010036291,13.80426547467113
Region_B,469,32.75,-1.75,3.2763308079070623,-1.8982775279458066,12,83667489.17434883,2.610733333333333,2.75,2.5,2.75,2.5,-117.50758856974242,35.667743280425455,4.2310483052480725,14.297390123036044
Region_B,470,33.25,-1.75,3.6108971385786153,-2.269849015523869,7,110446939.85321532,4.163277777777777,4.25,4.5,4.25,4.5,-117.50389501889683,35.66439319917059,4.509133677153743,14.790976416902975
Region_B,471,33.75,-1.75,3.9454634692501718,-2.641420503101928,4,17803892.965941302,11.993980555555556,11.75,11.5,11.75,11.5,-117.50020177659324,35.661043002798415,4.823152835598458,15.284979633629588
Region_B,472,34.25,-1.75,4.280029799921724,-3.0129919906799874,0,0.0,,,,,,-117.49650884277833,35.65769269133223,5.166557851475281,15.779360615549749
Region_B,473,34.75,-1.75,4.614596130593277,-3.3845634782580465,0,0.0,,,,,,-117.49281621739868,35.65434226479532,5.533880807330448,16.274084934971114
Region_B,474,35.25,-1.75,4.94916246126483,-3.756134965836109,0,0.0,,,,,,-117.48912390040097,35.65099172321099,5.920671714158769,16.769122204389387
Region_B,475,35.75,-1.75,5.283728791936387,-4.127706453414168,0,0.0,,,,,,-117.4854318917318,35.647641066602546,6.323359099714262,17.264445503428032
Region_B,476,36.25,-1.75,5.61829512260794,-4.499277940992227,0,0.0,,,,,,-117.48174019133785,35.64429029499324,6.7390939347243535,17.76003090019631
Region_B,477,36.75,-1.75,5.952861453279493,-4.870849428570287,1,16982436.52461746,2.445511111111111,2.25,2.5,2.25,2.5,-117.4780487991658,35.64093940840639,7.165605614191865,18.25585704947919
Region_B,478,37.25,-1.75,6.287427783951049,-5.242420916148349,0,0.0,,,,,,-117.47435771516224,35.63758840686524,7.601080224233753,18.751904853803797
Region_B,479,37.75,-1.75,6.621994114622602,-5.613992403726408,0,0.0,,,,,,-117.47066693927388,35.634237290393074,8.044062240705056,19.24815717623902
Region_B,480,38.25,-1.75,6.956560445294155,-5.9855638913044675,0,0.0,,,,,,-117.46697647144738,35.63088605901315,8.4933770721331,19.74459859597791
Region_B,481,38.75,-1.75,7.2911267759657115,-6.357135378882527,0,0.0,,,,,,-117.46328631162943,35.62753471274875,8.94807078908832,20.24121519947318
Region_B,482,39.25,-1.75,7.625693106637264,-6.728706866460589,0,0.0,,,,,,-117.45959645976671,35.624183251623116,9.407363477810089,20.737994401254806
Region_B,483,39.75,-1.75,7.960259437308817,-7.1002783540386485,0,0.0,,,,,,-117.4559069158059,35.62083167565952,9.870613170453725,21.23492478963763
Region_B,484,40.25,-1.75,8.29482576798037,-7.471849841616708,0,0.0,,,,,,-117.4522176796937,35.617479984881165,10.337287899533123,21.731995993388598
Region_B,485,40.75,-1.75,8.629392098651927,-7.843421329194767,0,0.0,,,,,,-117.44852875137684,35.61412817931134,10.806943965568312,22.229198566114555
Region_B,486,41.25,-1.75,8.96395842932348,-8.21499281677283,0,0.0,,,,,,-117.44484013080202,35.61077625897326,11.27920895417905,22.726523885690057
Region_B,487,41.75,-1.75,9.298524759995033,-8.586564304350889,0,0.0,,,,,,-117.44115181791591,35.60742422389018,11.753768390994107,23.22396406649674
Region_B,488,42.25,-1.75,9.63309109066659,-8.958135791928948,0,0.0,,,,,,-117.43746381266533,35.60407207408532,12.230355192970958,23.72151188261455
Region_B,489,42.75,-1.75,9.967657421338142,-9.329707279507007,0,0.0,,,,,,-117.43377611499689,35.6007198095819,12.70874127926645,24.219160700406498
Region_B,490,43.25,-1.75,10.302223752009695,-9.701278767085066,0,0.0,,,,,,-117.43008872485741,35.59736743040317,13.188730858594031,24.71690441918659
Region_B,491,43.75,-1.75,10.636790082681248,-10.072850254663125,0,0.0,,,,,,-117.42640164219357,35.59401493657229,13.670155025365652,25.214737418864726
Region_B,492,44.25,-1.75,10.971356413352805,-10.444421742241191,0,0.0,,,,,,-117.4227148669522,35.59066232811252,14.152867383489093,25.712654513631776
Region_B,493,44.75,-1.75,11.305922744024357,-10.81599322981925,0,0.0,,,,,,-117.41902839907996,35.58730960504706,14.636740481805669,26.210650910888877
Region_B,494,45.25,-1.75,11.64048907469591,-11.18756471739731,0,0.0,,,,,,-117.41534223852369,35.58395676739911,15.121662894299298,26.7087221747423
Region_B,495,45.75,-1.75,11.975055405367467,-11.559136204975369,0,0.0,,,,,,-117.41165638523012,35.58060381519185,15.607536815459628,27.206864193483643
Region_B,496,46.25,-1.75,12.30962173603902,-11.930707692553428,0,0.0,,,,,,-117.407970839146,35.5772507484485,16.094276069554265,27.70507315055771
Region_B,497,46.75,-1.75,12.644188066710573,-12.302279180131487,0,0.0,,,,,,-117.40428560021815,35.57389756719224,16.581804454284413,28.203345498590142
Region_B,498,47.25,-1.75,12.97875439738213,-12.673850667709546,0,0.0,,,,,,-117.40060066839332,35.570544271446245,17.070054356012633,28.70167793610569
Region_B,499,47.75,-1.75,13.313320728053682,-13.045422155287605,0,0.0,,,,,,-117.39691604361832,35.5671908612337,17.55896558668321,29.200067386617917
Region_B,500,48.25,-1.75,13.647887058725239,-13.416993642865672,0,0.0,,,,,,-117.39323172583995,35.56383733657778,18.048484402614665,29.698510979813772
Region_B,501,48.75,-1.75,13.982453389396788,-13.78856513044373,0,0.0,,,,,,-117.389547715005,35.560483697501674,18.538562673209707,30.197006034592405
Region_B,502,49.25,-1.75,14.317019720068345,-14.16013661802179,1,2065380.155810527,15.030316666666666,15.25,15.5,15.25,15.5,-117.38586401106029,35.55712994402853,19.02915717381155,30.695550043749037
Region_B,503,49.75,-1.75,14.651586050739901,-14.531708105599849,0,0.0,,,,,,-117.38218061395261,35.553776076181514,19.520228981820964,31.19414066012066
Region_B,504,50.25,-1.75,14.98615238141145,-14.903279593177908,0,0.0,,,,,,-117.37849752362885,35.550422093983784,20.011742959068368,31.692775684033798
Region_B,505,0.25,-1.25,-18.098909198165888,22.58843549529965,0,0.0,,,,,,-117.74422623929001,35.88827270197106,30.48019496804955,18.482380606766544
Region_B,506,0.75,-1.25,-17.764342867494335,22.21686400772159,0,0.0,,,,,,-117.7405125494699,35.88493002861242,29.982875146446723,17.984882872247773
Region_B,507,1.25,-1.25,-17.429776536822782,21.845292520143527,0,0.0,,,,,,-117.7367991717016,35.88158723862208,29.485645979094844,17.487527868843056
Region_B,508,1.75,-1.25,-17.095210206151226,21.473721032565468,0,0.0,,,,,,-117.73308610593135,35.87824433202363,28.98851213087024,16.990328130988342
Region_B,509,2.25,-1.25,-16.760643875479673,21.10214954498741,0,0.0,,,,,,-117.72937335210531,35.87490130884066,28.49147859130359,16.493297700391672
Region_B,510,2.75,-1.25,-16.42607754480812,20.73057805740935,0,0.0,,,,,,-117.72566091016974,35.87155816909678,27.994550703231695,15.996452358846211
Region_B,511,3.25,-1.25,-16.091511214136563,20.359006569831287,0,0.0,,,,,,-117.72194878007087,35.86821491281559,27.497734194527908,15.499809905412636
Region_B,512,3.75,-1.25,-15.756944883465009,19.987435082253228,0,0.0,,,,,,-117.71823696175491,35.86487154002066,27.001035213302636,15.003390488120308
Region_B,513,4.25,-1.25,-15.422378552793456,19.61586359467517,0,0.0,,,,,,-117.7145254551681,35.86152805073554,26.50446036702329,14.507217003068172
Region_B,514,4.75,-1.25,-15.0878122221219,19.24429210709711,0,0.0,,,,,,-117.71081426025671,35.858184444983834,26.00801676607057,14.011315577389642
Region_B,515,5.25,-1.25,-14.753245891450348,18.872720619519047,0,0.0,,,,,,-117.70710337696697,35.85484072278912,25.51171207232684,13.51571615728493
Region_B,516,5.75,-1.25,-14.418679560778793,18.501149131940988,0,0.0,,,,,,-117.70339280524516,35.851496884174956,25.01555455348545,13.020453228647002
Region_B,517,6.25,-1.25,-14.08411323010724,18.12957764436293,0,0.0,,,,,,-117.6996825450375,35.848152929164904,24.51955314387899,12.525566706320136
Region_B,518,6.75,-1.25,-13.749546899435686,17.75800615678487,0,0.0,,,,,,-117.6959725962903,35.8448088577825,24.023717512754047,12.031103039603925
Region_B,519,7.25,-1.25,-13.41498056876413,17.38643466920681,0,0.0,,,,,,-117.69226295894983,35.84146467005132,23.52805814107286,11.537116597515086
Region_B,520,7.75,-1.25,-13.080414238092578,17.014863181628748,0,0.0,,,,,,-117.68855363296235,35.83812036599492,23.032586408104592,11.043671419403482
Region_B,521,8.25,-1.25,-12.745847907421023,16.64329169405069,0,0.0,,,,,,-117.68484461827418,35.83477594563682,22.53731468928594,10.55084344755625
Region_B,522,8.75,-1.25,-12.411281576749468,16.271720206472626,0,0.0,,,,,,-117.68113591483159,35.83143140900056,22.04225646709073,10.058723402595973
Region_B,523,9.25,-1.25,-12.076715246077915,15.900148718894567,0,0.0,,,,,,-117.67742752258093,35.82808675610969,21.547426456960064,9.567420526193214
Region_B,524,9.75,-1.25,-11.742148915406363,15.528577231316508,0,0.0,,,,,,-117.67371944146842,35.82474198698772,21.052840750720602,9.077067508844173
Region_B,525,10.25,-1.25,-11.407582584734808,15.157005743738448,0,0.0,,,,,,-117.67001167144043,35.82139710165818,20.5585169803734,8.58782705899495
Region_B,526,10.75,-1.25,-11.073016254063253,14.785434256160386,0,0.0,,,,,,-117.6663042124433,35.81805210014459,20.06447450568793,8.099900779040265
Region_B,527,11.25,-1.25,-10.7384499233917,14.413862768582327,0,0.0,,,,,,-117.66259706442332,35.814706982470476,19.570734629709236,7.613541335370054
Region_B,528,11.75,-1.25,-10.403883592720145,14.042291281004267,0,0.0,,,,,,-117.65889022732684,35.811361748659344,19.077320847110574,7.12906941335822
Region_B,529,12.25,-1.25,-10.06931726204859,13.670719793426208,0,0.0,,,,,,-117.65518370110017,35.80801639873467,18.584259131337443,6.646897752754364
Region_B,530,12.75,-1.25,-9.734750931377038,13.299148305848146,1,154881661.89124796,0.3662444444444444,0.25,0.5,0.25,0.5,-117.65147748568968,35.804670932719986,18.091578267741003,6.167565870800433
Region_B,531,13.25,-1.25,-9.400184600705483,12.927576818270087,0,0.0,,,,,,-117.6477715810417,35.8013253506388,17.599310241452585,5.691791265125031
Region_B,532,13.75,-1.25,-9.06561827003393,12.556005330692027,0,0.0,,,,,,-117.64406598710264,35.79797965251458,17.107490690688607,5.220546603646491
Region_B,533,14.25,-1.25,-8.731051939362375,12.184433843113968,0,0.0,,,,,,-117.6403607038188,35.79463383837081,16.61615943860364,4.755178847944229
Region_B,534,14.75,-1.25,-8.39648560869082,11.812862355535906,2,8748819.331496676,2.5856944444444445,2.75,2.5,2.75,2.5,-117.63665573113656,35.79128790823098,16.125361119869414,4.297597574346333
Region_B,535,15.25,-1.25,-8.061919278019268,11.441290867957846,0,0.0,,,,,,-117.63295106900233,35.78794186211858,15.635145922033974,3.8505796896206155
Region_B,536,15.75,-1.25,-7.727352947347713,11.069719380379787,0,0.0,,,,,,-117.62924671736246,35.78459570005707,15.145570466654437,3.4182719290907926
Region_B,537,16.25,-1.25,-7.39278661667616,10.698147892801728,0,0.0,,,,,,-117.62554267616338,35.78124942206991,14.656698861527262,3.0070254432414423
Region_B,538,16.75,-1.25,-7.058220286004605,10.326576405223665,0,0.0,,,,,,-117.62183894535144,35.777903028180596,14.168603963503033,2.626751044806623
Region_B,539,17.25,-1.25,-6.723653955333052,9.955004917645606,0,0.0,,,,,,-117.61813552487304,35.77455651841255,13.681368901966401,2.292910832650059
Region_B,540,17.75,-1.25,-6.389087624661498,9.583433430067547,5,229237599.7697494,7.402258333333334,7.25,7.5,7.25,7.5,-117.61443241467462,35.77120989278926,13.195088926899766,2.028560849857672
Region_B,541,18.25,-1.25,-6.054521293989943,9.211861942489488,6,9760940817.422184,11.743383333333334,11.75,13.5,11.75,11.5,-117.61072961470256,35.76786315133414,12.709873663647967,1.8635123172833
Region_B,542,18.75,-1.25,-5.71995496331839,8.840290454911425,0,0.0,,,,,,-117.6070271249033,35.764516294070674,12.225849880601004,1.8249101873127567
Region_B,543,19.25,-1.25,-5.385388632646835,8.468718967333366,0,0.0,,,,,,-117.60332494522328,35.76116932102229,11.74316490815364,1.9203948101495105
Region_B,544,19.75,-1.25,-5.050822301975282,8.097147479755307,1,354813.3892335753,31.74043333333333,31.75,31.5,31.75,31.5,-117.59962307560887,35.75782223221241,11.26199089047716,2.1320260931659516
Region_B,545,20.25,-1.25,-4.7162559713037275,7.725575992177247,0,0.0,,,,,,-117.59592151600657,35.75447502766448,10.78253011005719,2.429640775306458
Region_B,546,20.75,-1.25,-4.381689640632173,7.354004504599186,1,1621810.09735893,32.662283333333335,32.75,32.5,32.75,32.5,-117.59222026636279,35.75112770740191,10.305021704556925,2.7858164570055703
Region_B,547,21.25,-1.25,-4.04712330996062,6.982433017021127,1,683911647.2814307,31.305325,31.25,31.5,31.25,31.5,-117.58851932662402,35.74778027144815,9.829750204785917,3.1809420565634894
Region_B,548,21.75,-1.25,-3.7125569792890656,6.610861529443066,1,1071519.3052376048,28.702822222222224,28.75,28.5,28.75,28.5,-117.58481869673666,35.744432719826605,9.357056473356788,3.602223119450774
Region_B,549,22.25,-1.25,-3.3779906486175126,6.239290041865007,1,660693.4480075964,32.73836111111111,32.75,32.5,32.75,32.5,-117.58111837664723,35.741085052560685,8.887351832952694,4.041488641255467
Region_B,550,22.75,-1.25,-3.043424317945958,5.867718554286948,1,1462177.1744567184,32.59312222222222,32.75,32.5,32.75,32.5,-117.57741836630215,35.73773726967381,8.42113646485954,4.49346742199031
Region_B,551,23.25,-1.25,-2.708857987274403,5.496147066708885,1,3126079.3671239493,11.645566666666667,11.75,11.5,11.75,11.5,-117.57371866564792,35.734389371189366,7.959023565544107,4.954681473876961
Region_B,552,23.75,-1.25,-2.3742916566028502,5.124575579130826,2,96378117.90644959,1.206388888888889,1.25,1.5,1.25,1.5,-117.57001927463101,35.73104135713077,7.501771315761756,5.422774893232325
Region_B,553,24.25,-1.25,-2.0397253259312955,4.753004091552767,1,25703957.82768865,6.032877777777778,6.25,6.5,6.25,6.5,-117.56632019319792,35.7276932275214,7.050325498236609,5.89610944418115
Region_B,554,24.75,-1.25,-1.7051589952597426,4.381432603974708,5,64331123602.678345,0.1035888888888889,30.75,30.5,0.25,0.5,-117.56262142129512,35.72434498238467,6.605876655538213,6.37351752275409
Region_B,555,25.25,-1.25,-1.3705926645881896,4.009861116396645,5,365415593.62936795,12.56255,12.75,12.5,12.75,12.5,-117.55892295886915,35.72099662174395,6.169937045487916,6.854147988477106
Region_B,556,25.75,-1.25,-1.0360263339166331,3.638289628818586,2,2298796.8830462783,33.24831666666667,33.25,33.5,33.25,33.5,-117.55522480586649,35.717648145622626,5.744444264015759,7.337367626270068
Region_B,557,26.25,-1.25,-0.7014600032450802,3.266718141240527,3,104822072.91539036,9.742625,9.75,9.5,9.75,9.5,-117.55152696223364,35.71429955404407,5.331899910865075,7.822696639786521
Region_B,558,26.75,-1.25,-0.36689367257352723,2.8951466536624677,6,26238851906.25306,0.1943666666666667,2.25,2.5,0.25,0.5,-117.54782942791715,35.71095084703166,4.935551987020542,8.309765445138545
Region_B,559,27.25,-1.25,-0.03232734190197073,2.523575166084405,2,3358464880.308346,1.4559833333333334,1.25,1.5,1.25,1.5,-117.54413220286354,35.70760202460876,4.559626100206224,8.798285104968466
Region_B,560,27.75,-1.25,0.3022389887695822,2.152003678506346,2,1913918.8820854183,13.250913888888888,13.25,13.5,13.25,13.5,-117.54043528701929,35.70425308679873,4.209597003369949,9.288026691574547
Region_B,561,28.25,-1.25,0.6368053194411352,1.7804321909282868,0,0.0,,,,,,-117.53673868033103,35.70090403362494,3.892457281445833,9.778806617297047
Region_B,562,28.75,-1.25,0.9713716501126917,1.4088607033502276,0,0.0,,,,,,-117.5330423827452,35.69755486511074,3.6168688730696457,10.270476030524769
Region_B,563,29.25,-1.25,1.3059379807842446,1.037289215772165,0,0.0,,,,,,-117.52934639420843,35.69420558127946,3.392971736115632,10.762913031734259
Region_B,564,29.75,-1.25,1.6405043114557976,0.6657177281941058,2,1159366.74026874,13.958180555555554,13.75,13.5,13.75,13.5,-117.52565071466722,35.69085618215449,3.231528115176929,11.256016878264106
Region_B,565,30.25,-1.25,1.9750706421273505,0.29414624061604666,1,1798870.9151287875,28.440011111111108,28.25,28.5,28.25,28.5,-117.52195534406818,35.687506667759116,3.14217929410121,11.749703613234576
Region_B,566,30.75,-1.25,2.309636972798907,-0.07742524696201247,0,0.0,,,,,,-117.51826028235784,35.68415703811671,3.131103235822445,12.243902728866683
Region_B,567,31.25,-1.25,2.64420330347046,-0.44899673454007516,8,77941153.84258889,11.348505555555557,11.25,11.5,11.25,11.5,-117.5145655294828,35.68080729325059,3.1991130380899686,12.738554591045263
Region_B,568,31.75,-1.25,2.978769634142013,-0.8205682221181343,10,56813870.49523716,1.2026,11.25,1.5,1.25,1.5,-117.51087108538962,35.67745743318409,3.341383095003722,13.233608430965894
Region_B,569,32.25,-1.25,3.3133359648135694,-1.1921397096961934,27,21530338384.214516,0.2992333333333333,16.25,16.5,0.25,0.5,-117.50717695002491,35.674107457940515,3.548993905978998,13.72902076403204
Region_B,570,32.75,-1.25,3.6479022954851223,-1.5637111972742526,11,381880260.35383636,0.3585555555555555,10.25,10.5,0.25,0.5,-117.50348312333524,35.6707573675432,3.811282527152177,14.224754134054978
Region_B,571,33.25,-1.25,3.9824686261566753,-1.9352826848523152,9,4307250918.902415,0.5788833333333333,0.75,15.5,0.75,0.5,-117.49978960526724,35.66740716201546,4.117813893181057,14.720776107576853
Region_B,572,33.75,-1.25,4.317034956828232,-2.3068541724303744,3,7151379.672621526,19.906927777777774,19.75,19.5,19.75,19.5,-117.4960963957675,35.664056841380585,4.459473961800242,15.217058462281626
Region_B,573,34.25,-1.25,4.651601287499785,-2.6784256600084335,1,2818382931.264449,16.712530555555556,16.75,16.5,16.75,16.5,-117.4924034947826,35.660706405661884,4.828811942193831,15.713576527308737
Region_B,574,34.75,-1.25,4.986167618171338,-3.0499971475864927,0,0.0,,,,,,-117.48871090225917,35.65735585488267,5.219956085080906,16.21030864341205
Region_B,575,35.25,-1.25,5.320733948842891,-3.4215686351645553,1,660693.4480075964,11.877205555555555,11.75,11.5,11.75,11.5,-117.4850186181439,35.65400518906622,5.628361954181042,16.70723571838773
Region_B,576,35.75,-1.25,5.655300279514448,-3.7931401227426145,2,9801419.672361847,14.761991666666669,14.75,14.5,14.75,14.5,-117.48132664238334,35.65065440823584,6.0505351039699,17.204340858773463
Region_B,577,36.25,-1.25,5.9898666101860005,-4.164711610320674,0,0.0,,,,,,-117.47763497492416,35.6473035124148,6.4837868411501205,17.70160906301891
Region_B,578,36.75,-1.25,6.3244329408575535,-4.536283097898733,0,0.0,,,,,,-117.47394361571301,35.643952501626394,6.926038446223849,18.199026964512267
Region_B,579,37.25,-1.25,6.65899927152911,-4.907854585476795,0,0.0,,,,,,-117.47025256469652,35.64060137589389,7.37567117730111,18.696582615283894
Region_B,580,37.75,-1.25,6.993565602200663,-5.279426073054855,0,0.0,,,,,,-117.46656182182132,35.63725013524055,7.83141379782538,19.194265303085377
Region_B,581,38.25,-1.25,7.328131932872216,-5.650997560632914,0,0.0,,,,,,-117.46287138703414,35.63389877968967,8.292258970260708,19.69206539599944
Region_B,582,38.75,-1.25,7.662698263543772,-6.022569048210973,0,0.0,,,,,,-117.45918126028162,35.630547309264486,8.757401189106766,20.189974209874805
Region_B,583,39.25,-1.25,7.997264594215325,-6.3941405357890355,0,0.0,,,,,,-117.4554914415104,35.627195723988265,9.226190565128602,20.68798389477576
Region_B,584,39.75,-1.25,8.331830924886878,-6.765712023367095,0,0.0,,,,,,-117.45180193066722,35.62384402388426,9.69809822084554,21.18608733734458
Region_B,585,40.25,-1.25,8.666397255558431,-7.137283510945154,1,380189396.3205612,20.36378333333333,20.25,20.5,20.25,20.5,-117.44811272769871,35.62049220897572,10.172690197694356,21.684278076539318
Region_B,586,40.75,-1.25,9.000963586229988,-7.508854998523213,0,0.0,,,,,,-117.44442383255159,35.61714027928589,10.649607627296241,22.18255023066047
Region_B,587,41.25,-1.25,9.33552991690154,-7.880426486101276,0,0.0,,,,,,-117.44073524517258,35.61378823483802,11.128551539731744,22.680898433943625
Region_B,588,41.75,-1.25,9.670096247573094,-8.251997973679334,0,0.0,,,,,,-117.43704696550833,35.61043607565532,11.609271128264908,23.179317781288507
Region_B,589,42.25,-1.25,10.00466257824465,-8.623569461257393,0,0.0,,,,,,-117.43335899350558,35.60708380176106,12.091554610002165,23.677803779933832
Region_B,590,42.75,-1.25,10.339228908916203,-8.995140948835452,0,0.0,,,,,,-117.42967132911107,35.6037314131784,12.575222051469469,24.176352307081814
Region_B,591,43.25,-1.25,10.673795239587756,-9.366712436413511,0,0.0,,,,,,-117.42598397227148,35.600378909930654,13.060119693205854,24.67495957263621
Region_B,592,43.75,-1.25,11.008361570259309,-9.73828392399157,0,0.0,,,,,,-117.42229692293358,35.597026292040944,13.546115426865473,25.173622086349088
Region_B,593,44.25,-1.25,11.342927900930865,-10.109855411569637,1,901571.137605957,24.12071111111111,24.25,24.5,24.25,24.5,-117.41861018104409,35.59367355953253,14.033095165182283,25.672336628780293
Region_B,594,44.75,-1.25,11.677494231602418,-10.481426899147696,0,0.0,,,,,,-117.41492374654975,35.59032071242862,14.520959908771932,26.171100225563798
Region_B,595,45.25,-1.25,12.012060562273971,-10.852998386725755,0,0.0,,,,,,-117.4112376193973,35.58696775075243,15.009623360673016,26.669910124550416
Region_B,596,45.75,-1.25,12.346626892945528,-11.224569874303814,0,0.0,,,,,,-117.4075517995335,35.58361467452713,15.499009974393868,27.168763775458906
Region_B,597,46.25,-1.25,12.68119322361708,-11.596141361881873,0,0.0,,,,,,-117.40386628690511,35.58026148377593,15.989053347320471,27.667658811720578
Region_B,598,46.75,-1.25,13.015759554288634,-11.967712849459932,0,0.0,,,,,,-117.40018108145892,35.57690817852201,16.479694891003273,28.166593034246624
Region_B,599,47.25,-1.25,13.35032588496019,-12.339284337037991,0,0.0,,,,,,-117.39649618314169,35.57355475878856,16.970882724762987,28.665564396885017
Region_B,600,47.75,-1.25,13.684892215631743,-12.71085582461605,0,0.0,,,,,,-117.3928115919002,35.57020122459876,17.462570750458198,29.164570993365444
Region_B,601,48.25,-1.25,14.0194585463033,-13.082427312194117,0,0.0,,,,,,-117.38912730768122,35.566847575975785,17.95471787502822,29.6636110455579
Region_B,602,48.75,-1.25,14.354024876974849,-13.453998799772176,0,0.0,,,,,,-117.38544333043156,35.56349381294282,18.44728735421436,30.16268289289326
Region_B,603,49.25,-1.25,14.688591207646406,-13.825570287350235,0,0.0,,,,,,-117.381759660098,35.56013993552301,18.940246236151648,30.661784982814147
Region_B,604,49.75,-1.25,15.023157538317962,-14.197141774928294,0,0.0,,,,,,-117.37807629662738,35.556785943739534,19.433564887666805,31.160915862140808
Region_B,605,50.25,-1.25,15.357723868989511,-14.568713262506353,0,0.0,,,,,,-117.37439323996648,35.55343183761554,19.927216589384862,31.66007416925156
Region_B,606,0.25,-0.75,-17.727337710587825,22.923001825971202,0,0.0,,,,,,-117.74011840784075,35.891294747461664,30.432981944442215,18.43981178693008
Region_B,607,0.75,-0.75,-17.392771379916272,22.551430338393143,0,0.0,,,,,,-117.73640474910822,35.88795194916237,29.934877764705256,17.941133681361855
Region_B,608,1.25,-0.75,-17.05820504924472,22.17985885081508,0,0.0,,,,,,-117.73269140245445,35.884609034241535,29.436837865928208,17.44253126147659
Region_B,609,1.75,-0.75,-16.723638718573163,21.80828736323702,0,0.0,,,,,,-117.72897836782563,35.881266002722775,28.938865566950685,16.944011208762795
Region_B,610,2.25,-0.75,-16.38907238790161,21.43671587565896,0,0.0,,,,,,-117.72526564516802,35.87792285462965,28.44096441858369,16.44558101368786
Region_B,611,2.75,-0.75,-16.054506057230057,21.065144388080903,0,0.0,,,,,,-117.72155323442776,35.874579589985814,27.943138224190978,15.947249101737327
Region_B,612,3.25,-0.75,-15.719939726558504,20.69357290050284,0,0.0,,,,,,-117.71784113555108,35.871236208814814,27.445391062496128,15.44902498373128
Region_B,613,3.75,-0.75,-15.38537339588695,20.32200141292478,0,0.0,,,,,,-117.71412934848424,35.86789271114025,26.94772731290047,14.950919436042872
Region_B,614,4.25,-0.75,-15.050807065215396,19.95042992534672,0,0.0,,,,,,-117.71041787317343,35.86454909698569,26.45015168363957,14.4529447178814
Region_B,615,4.75,-0.75,-14.716240734543842,19.578858437768663,0,0.0,,,,,,-117.70670670956488,35.861205366374726,25.952669243155714,13.955114834827665
Region_B,616,5.25,-0.75,-14.381674403872289,19.2072869501906,0,0.0,,,,,,-117.70299585760486,35.85786151933092,25.455285455121892,13.457445860501108
Region_B,617,5.75,-0.75,-14.047108073200734,18.83571546261254,0,0.0,,,,,,-117.69928531723963,35.85451755587784,24.958006217621623,12.959956331848101
Region_B,618,6.25,-0.75,-13.712541742529181,18.46414397503448,0,0.0,,,,,,-117.69557508841537,35.85117347603905,24.460837907069724,12.462667738429884
Region_B,619,6.75,-0.75,-13.377975411857626,18.092572487456422,0,0.0,,,,,,-117.6918651710784,35.8478292798381,23.9637874275549,11.965605132779217
Region_B,620,7.25,-0.75,-13.043409081186072,17.721000999878363,0,0.0,,,,,,-117.68815556517497,35.84448496729854,23.466862266398927,11.468797898153216
Region_B,621,7.75,-0.75,-12.708842750514519,17.3494295123003,0,0.0,,,,,,-117.68444627065136,35.84114053844393,22.970070556862407,10.97228072297528
Region_B,622,8.25,-0.75,-12.374276419842964,16.97785802472224,0,0.0,,,,,,-117.68073728745382,35.837795993297796,22.473421149089354,10.476094849650142
Region_B,623,8.75,-0.75,-12.03971008917141,16.60628653714418,0,0.0,,,,,,-117.67702861552867,35.834451331883685,21.976923690576804,9.980289691885575
Region_B,624,9.25,-0.75,-11.705143758499856,16.23471504956612,0,0.0,,,,,,-117.67332025482216,35.83110655422514,21.480588717689642,9.484924953263931
Region_B,625,9.75,-0.75,-11.370577427828303,15.86314356198806,0,0.0,,,,,,-117.66961220528063,35.82776166034568,20.984427760023262,8.990073437082708
Region_B,626,10.25,-0.75,-11.036011097156749,15.491572074410001,0,0.0,,,,,,-117.66590446685034,35.82441665026882,20.48845345975958,8.495824823949198
Region_B,627,10.75,-0.75,-10.701444766485194,15.12000058683194,0,0.0,,,,,,-117.66219703947762,35.82107152401811,19.992679708579182,8.002290826652246
Region_B,628,11.25,-0.75,-10.366878435813641,14.748429099253881,1,177827.94100389228,28.65589444444445,28.75,28.5,28.75,28.5,-117.65848992310882,35.81772628161704,19.49712180520328,7.509612340821196
Region_B,629,11.75,-0.75,-10.032312105142086,14.37685761167582,0,0.0,,,,,,-117.65478311769016,35.81438092308912,19.0017966372665,7.017969545709449
Region_B,630,12.25,-0.75,-9.697745774470532,14.005286124097761,0,0.0,,,,,,-117.65107662316808,35.811035448457865,18.506722891996088,6.527596462680316
Region_B,631,12.75,-0.75,-9.363179443798979,13.6337146365197,0,0.0,,,,,,-117.64737043948884,35.807689857746794,18.011921301133633,6.038802415602607
Region_B,632,13.25,-0.75,-9.028613113127424,13.262143148941641,0,0.0,,,,,,-117.64366456659882,35.804344150979354,17.51741492673308,5.552004471339984
Region_B,633,13.75,-0.75,-8.694046782455871,12.89057166136358,0,0.0,,,,,,-117.63995900444434,35.80099832817908,17.023229495969037,5.067777884326667
Region_B,634,14.25,-0.75,-8.359480451784316,12.519000173785521,0,0.0,,,,,,-117.63625375297174,35.79765238936944,16.529393794980194,4.586937073904739
Region_B,635,14.75,-0.75,-8.024914121112761,12.14742868620746,0,0.0,,,,,,-117.63254881212742,35.794306334573925,16.035940134168285,4.110670353488961
Region_B,636,15.25,-0.75,-7.6903477904412085,11.775857198629401,0,0.0,,,,,,-117.62884418185773,35.79096016381602,15.542904900427352,3.640773240692747
Region_B,637,15.75,-0.75,-7.355781459769654,11.40428571105134,0,0.0,,,,,,-117.62513986210904,35.787613877119185,15.050329215695847,3.180070569222585
Region_B,638,16.25,-0.75,-7.021215129098101,11.032714223473281,1,575439.9373371566,29.325666666666667,29.25,29.5,29.25,29.5,-117.62143585282772,35.7842674745069,14.558259726283476,2.733215662974102
Region_B,639,16.75,-0.75,-6.686648798426546,10.66114273589522,0,0.0,,,,,,-117.61773215396012,35.780920956002625,14.066749554002403,2.3082649101475012
Region_B,640,17.25,-0.75,-6.352082467754993,10.289571248317161,0,0.0,,,,,,-117.61402876545269,35.77757432162981,13.575859448746746,1.9198192442283606
Region_B,641,17.75,-0.75,-6.0175161370834385,9.9179997607391,9,75903671483.81953,6.736719444444444,9.75,9.5,6.75,6.5,-117.61032568725182,35.77422757141193,13.085659193530363,1.5947805383816445
Region_B,642,18.25,-0.75,-5.682949806411884,9.546428273161041,4,559319921.6786867,10.22176111111111,10.25,10.5,10.25,10.5,-117.60662291930385,35.770880705372406,12.596229328109468,1.3787472577278774
Region_B,643,18.75,-0.75,-5.348383475740331,9.17485678558298,3,251655345.7205867,5.249477777777778,5.25,5.5,5.25,5.5,-117.60292046155523,35.76753372353472,12.107663277586825,1.326108229287279
Region_B,644,19.25,-0.75,-5.013817145068776,8.803285298004921,1,3715352.290971728,7.157961111111111,7.25,7.5,7.25,7.5,-117.5992183139524,35.76418662592229,11.620069999811703,1.454710304794304
Region_B,645,19.75,-0.75,-4.679250814397223,8.43171381042686,0,0.0,,,,,,-117.59551647644174,35.76083941255856,11.133577302808986,1.7244712540271692
Region_B,646,20.25,-0.75,-4.344684483725668,8.060142322848801,1,367282.3004980842,32.01468333333333,32.25,32.5,32.25,32.5,-117.5918149489697,35.75749208346697,10.648336035020813,2.0812064148126517
Region_B,647,20.75,-0.75,-4.010118153054114,7.68857083527074,1,6237348.354824191,19.580672222222223,19.75,19.5,19.75,19.5,-117.58811373148268,35.75414463867093,10.164525422852865,2.487777959575298
Region_B,648,21.25,-0.75,-3.6755518223825603,7.316999347692681,2,47865731933.57188,0.0528666666666666,0.25,0.5,0.25,0.5,-117.58441282392715,35.75079707819388,9.682359930766964,2.9234668137743456
Region_B,649,21.75,-0.75,-3.3409854917110056,6.94542786011462,5,24549052.299046855,18.479275,18.25,18.5,18.25,18.5,-117.58071222624955,35.74744940205921,9.202098162159597,3.3770219493410507
Region_B,650,22.25,-0.75,-3.0064191610394526,6.573856372536561,2,6116237.505942183,28.774555555555555,28.75,28.5,28.75,28.5,-117.57701193839632,35.74410161029038,8.724054524309238,3.8421213257030966
Region_B,651,22.75,-0.75,-2.671852830367898,6.202284884958502,6,373699575.085573,17.86986388888889,17.75,32.5,17.75,17.5,-117.57331196031393,35.740753702910766,8.248614677642538,4.315033640252856
Region_B,652,23.25,-0.75,-2.337286499696343,5.830713397380439,3,6466782.045263467,17.295358333333333,17.25,17.5,17.25,17.5,-117.56961229194884,35.73740567994377,7.776256223744129,4.793447021883639
Region_B,653,23.75,-0.75,-2.00272016902479,5.45914190980238,1,575439.9373371566,31.559719444444447,31.75,31.5,31.75,31.5,-117.56591293324752,35.73405754141282,7.307576726550242,5.275865178972679
Region_B,654,24.25,-0.75,-1.6681538383532355,5.087570422224321,1,758577.5750291835,33.466008333333335,33.25,33.5,33.25,33.5,-117.56221388415644,35.730709287341284,6.843332110274802,5.761282185571864
Region_B,655,24.75,-0.75,-1.3335875076816825,4.715998934646262,11,18759314842.554268,3.9824888888888887,3.75,8.5,3.75,3.5,-117.55851514462208,35.72736091775256,6.384489887893755,6.2489992364281015
Region_B,656,25.25,-0.75,-0.9990211770101296,4.344427447068199,27,37966206245.91656,0.2310222222222222,0.25,0.5,0.25,0.5,-117.55481671459094,35.72401243267005,5.932303758719461,6.738516935644691
Region_B,657,25.75,-0.75,-0.6644548463385731,3.97285595949014,12,3342250112.387121,1.1766166666666666,1.25,6.5,1.25,1.5,-117.55111859400951,35.72066383211711,5.488419138769965,7.229469519063042
Region_B,658,26.25,-0.75,-0.32988851566702015,3.6012844719120807,14,1319195972051.2522,0.5217666666666666,0.75,19.5,0.75,0.5,-117.54742078282429,35.71731511611714,5.055023382726916,7.721583293739238
Region_B,659,26.75,-0.75,0.004677815004532793,3.2297129843340215,4,2545688300.7464333,1.3980222222222225,1.25,1.5,1.25,1.5,-117.54372328098181,35.7139662846935,4.63505967135433,8.214649572394686
Region_B,660,27.25,-0.75,0.3392441456760893,2.858141496755959,0,0.0,,,,,,-117.54002608842855,35.71061733786956,4.232528194131104,8.70850656727866
Region_B,661,27.75,-0.75,0.6738104763476422,2.4865700091778997,1,1513561.2484362072,18.457344444444445,18.25,18.5,18.25,18.5,-117.53632920511103,35.70726827566868,3.852896530042579,9.203026983956248
Region_B,662,28.25,-0.75,1.0083768070191952,2.1149985215998406,0,0.0,,,,,,-117.53263263097578,35.70391909811423,3.5036164784852777,9.698109336490184
Region_B,663,28.75,-0.75,1.3429431376907517,1.7434270340217817,1,841395.1416451947,33.130338888888886,33.25,33.5,33.25,33.5,-117.52893636596936,35.70056980522955,3.194658852743589,10.193671749551749
Region_B,664,29.25,-0.75,1.6775094683623046,1.371855546443719,3,5041118.578703453,9.590263888888888,9.75,9.5,9.75,9.5,-117.52524041003831,35.69722039703801,2.9387687800356836,10.689647457830437
Region_B,665,29.75,-0.75,2.0120757990338576,1.0002840588656599,1,467735.1412871981,27.93972777777778,27.75,27.5,27.75,27.5,-117.5215447631291,35.69387087356293,2.7507960119957726,11.185981486118775
Region_B,666,30.25,-0.75,2.3466421297054105,0.6287125712876007,1,1364583.136588924,16.418991666666667,16.25,16.5,16.25,16.5,-117.51784942518837,35.69052123482766,2.645259052854989,11.682628165052728
Region_B,667,30.75,-0.75,2.681208460376967,0.2571410837095416,5,37980437.125073746,3.844433333333333,3.75,3.5,3.75,3.5,-117.51415439616265,35.687171480855554,2.6320927441506847,12.179549247733865
Region_B,668,31.25,-0.75,3.01577479104852,-0.1144304038685211,4,151787923.59588906,2.569322222222222,2.75,2.5,2.75,2.5,-117.51045967599845,35.68382161166992,2.71264243329454,12.676712464715207
Region_B,669,31.75,-0.75,3.350341121720073,-0.48600189144658024,15,776332113.452388,2.0555444444444446,2.25,2.5,2.25,2.5,-117.50676526464242,35.6804716272941,2.8790529220577983,13.174090403066057
Region_B,670,32.25,-0.75,3.6849074523916294,-0.8575733790246394,34,14528019291.699982,0.3373111111111111,12.25,14.5,0.25,0.5,-117.5030711620411,35.67712152775139,3.1176052484413357,13.671659627976718
Region_B,671,32.75,-0.75,4.019473783063182,-1.2291448666026985,10,160242700.8371088,6.565591666666667,27.75,27.5,6.75,6.5,-117.49937736814105,35.673771313065124,3.413206592371517,14.169399987943729
Region_B,672,33.25,-0.75,4.354040113734735,-1.6007163541807612,2,2679173.962250308,12.67568888888889,12.75,12.5,12.75,12.5,-117.4956838828889,35.670420983258644,3.752398699406531,14.667294060372251
Region_B,673,33.75,-0.75,4.688606444406291,-1.9722878417588203,0,0.0,,,,,,-117.4919907062312,35.66707053835521,4.124440902280846,15.165326705630921
Region_B,674,34.25,-0.75,5.023172775077844,-2.3438593293368797,2,17339152.03279238,7.598958333333333,7.75,7.5,7.75,7.5,-117.4882978381146,35.66371997837816,4.521230973253485,15.663484705633472
Region_B,675,34.75,-0.75,5.357739105749397,-2.715430816914939,0,0.0,,,,,,-117.48460527848566,35.66036930335077,4.936805269666414,16.161756468858975
Region_B,676,35.25,-0.75,5.69230543642095,-3.0870023044930015,0,0.0,,,,,,-117.48091302729104,35.65701851329636,5.3668019366942845,16.660131788008048
Region_B,677,35.75,-0.75,6.026871767092507,-3.4585737920710606,0,0.0,,,,,,-117.4772210844773,35.653667608238194,5.808018576485869,17.158601639670046
Region_B,678,36.25,-0.75,6.36143809776406,-3.8301452796491198,0,0.0,,,,,,-117.47352944999115,35.65031658819957,6.258082497211454,17.65715801775526
Region_B,679,36.75,-0.75,6.696004428435613,-4.201716767227179,0,0.0,,,,,,-117.46983812377911,35.646965453203784,6.715215059773124,18.155793794242932
Region_B,680,37.25,-0.75,7.030570759107169,-4.573288254805242,0,0.0,,,,,,-117.46614710578793,35.64361420327408,7.178065899398196,18.654502602164484
Region_B,681,37.75,-0.75,7.365137089778722,-4.944859742383301,0,0.0,,,,,,-117.46245639596415,35.64026283843375,7.645596563591532,19.15327873679211
Region_B,682,38.25,-0.75,7.699703420450275,-5.31643122996136,0,0.0,,,,,,-117.45876599425452,35.63691135870606,8.116998433553013,19.652117071815546
Region_B,683,38.75,-0.75,8.034269751121832,-5.688002717539419,0,0.0,,,,,,-117.45507590060562,35.63355976411427,8.591634322257988,20.15101298792285
Region_B,684,39.25,-0.75,8.368836081793384,-6.059574205117482,0,0.0,,,,,,-117.45138611496415,35.63020805468163,9.068996476154402,20.64996231169749
Region_B,685,39.75,-0.75,8.703402412464937,-6.431145692695541,0,0.0,,,,,,-117.44769663727679,35.626856230431414,9.548676025585975,21.148961263135785
Region_B,686,40.25,-0.75,9.03796874313649,-6.8027171802736,0,0.0,,,,,,-117.44400746749021,35.62350429138686,10.030340502629995,21.648006410399763
Region_B,687,40.75,-0.75,9.372535073808047,-7.174288667851659,0,0.0,,,,,,-117.44031860555106,35.62015223757122,10.513717104611441,22.14709463066884
Region_B,688,41.25,-0.75,9.7071014044796,-7.545860155429722,0,0.0,,,,,,-117.43663005140601,35.6168000690077,10.998580095307696,22.64622307615316
Region_B,689,41.75,-0.75,10.041667735151153,-7.917431643007781,1,1927524.913190937,29.976044444444444,29.75,29.5,29.75,29.5,-117.43294180500182,35.613447785719586,11.484741219113213,23.145389144492327
Region_B,690,42.25,-0.75,10.37623406582271,-8.28900313058584,0,0.0,,,,,,-117.42925386628518,35.61009538773008,11.97204233316511,23.644590452893755
Region_B,691,42.75,-0.75,10.710800396494262,-8.6605746181639,0,0.0,,,,,,-117.42556623520275,35.6067428750624,12.46034968948291,24.14382481547126
Region_B,692,43.25,-0.75,11.045366727165815,-9.032146105741958,0,0.0,,,,,,-117.42187891170128,35.603390247739796,12.949549457077504,24.64309022333151
Region_B,693,43.75,-0.75,11.379933057837368,-9.403717593320017,0,0.0,,,,,,-117.41819189572747,35.600037505785465,13.439544184919207,25.142384827027612
Region_B,694,44.25,-0.75,11.714499388508925,-9.775289080898084,0,0.0,,,,,,-117.41450518722809,35.596684649222624,13.930249985391335,25.64170692105812
Region_B,695,44.75,-0.75,12.049065719180478,-10.146860568476143,0,0.0,,,,,,-117.41081878614979,35.59333167807447,14.4215942743025,26.141054930138743
Region_B,696,45.25,-0.75,12.38363204985203,-10.518432056054202,0,0.0,,,,,,-117.40713269243938,35.58997859236423,14.913513944396003,26.640427397014907
Region_B,697,45.75,-0.75,12.718198380523587,-10.890003543632261,0,0.0,,,,,,-117.40344690604356,35.5866253921151,15.405953879159625,27.139822971617072
Region_B,698,46.25,-0.75,13.05276471119514,-11.26157503121032,0,0.0,,,,,,-117.39976142690911,35.583272077350266,15.89886573576533,27.63924040138956
Region_B,699,46.75,-0.75,13.387331041866693,-11.63314651878838,0,0.0,,,,,,-117.39607625498276,35.5799186480929,16.392206942355024,28.138678522647368
Region_B,700,47.25,-0.75,13.72189737253825,-12.004718006366438,0,0.0,,,,,,-117.3923913902113,35.57656510436621,16.885939867182156,28.63813625283579
Region_B,701,47.75,-0.75,14.056463703209802,-12.376289493944498,0,0.0,,,,,,-117.38870683254149,35.573211446193376,17.38003112641606,29.13761258358479
Region_B,702,48.25,-0.75,14.391030033881359,-12.747860981522564,0,0.0,,,,,,-117.38502258192007,35.56985767359757,17.87445100450055,29.63710657446456
Region_B,703,48.75,-0.75,14.725596364552908,-13.119432469100623,0,0.0,,,,,,-117.38133863829387,35.56650378660196,18.369172966396448,30.136617347361025
Region_B,704,49.25,-0.75,15.060162695224465,-13.491003956678682,0,0.0,,,,,,-117.37765500160965,35.56314978522972,18.864173245241613,30.636144081400857
Region_B,705,49.75,-0.75,15.394729025896021,-13.862575444256741,0,0.0,,,,,,-117.37397167181422,35.559795669504005,19.359430492232693,31.135686008364168
Region_B,706,50.25,-0.75,15.72929535656757,-14.2341469318348,0,0.0,,,,,,-117.37028864885437,35.55644143944798,19.854925478094554,31.63524240853127
Region_B,707,0.25,-0.25,-17.355766223009766,23.257568156642755,0,0.0,,,,,,-117.73601026506924,35.89431665171733,30.393922003768758,18.410728518487012
Region_B,708,0.75,-0.25,-17.021199892338213,22.885996669064696,0,0.0,,,,,,-117.73229663746267,35.89097372847132,29.895167026264932,17.91124070567202
Region_B,709,1.25,-0.25,-16.68663356166666,22.514425181486633,0,0.0,,,,,,-117.72858332196185,35.88763068861396,29.396454348873053,17.411782293941467
Region_B,710,1.75,-0.25,-16.352067230995104,22.142853693908574,0,0.0,,,,,,-117.72487031851293,35.88428753216884,28.897786161615855,16.912355888128207
Region_B,711,2.25,-0.25,-16.01750090032355,21.771282206330515,0,0.0,,,,,,-117.72115762706208,35.88094425915956,28.399164808134348,16.4129644099351
Region_B,712,2.75,-0.25,-15.682934569651998,21.399710718752456,0,0.0,,,,,,-117.71744524755555,35.877600869609715,27.900592799377506,15.913611147595871
Region_B,713,3.25,-0.25,-15.348368238980443,21.028139231174393,0,0.0,,,,,,-117.71373317993948,35.874257363542895,27.40207282878022,15.414299815170935
Region_B,714,3.75,-0.25,-15.013801908308888,20.656567743596334,0,0.0,,,,,,-117.71002142416016,35.870913740982694,26.903607789121416,14.91503462373018
Region_B,715,4.25,-0.25,-14.679235577637336,20.284996256018275,0,0.0,,,,,,-117.70630998016374,35.86757000195268,26.405200791283033,14.415820367296527
Region_B,716,4.75,-0.25,-14.34466924696578,19.913424768440215,0,0.0,,,,,,-117.70259884789647,35.86422614647643,25.906855185164286,13.916662527245988
Region_B,717,5.25,-0.25,-14.010102916294228,19.541853280862153,0,0.0,,,,,,-117.69888802730456,35.86088217457752,25.408574583045247,13.417567399955326
Region_B,718,5.75,-0.25,-13.675536585622673,19.170281793284094,0,0.0,,,,,,-117.69517751833425,35.85753808627951,24.91036288574039,12.918542253963302
Region_B,719,6.25,-0.25,-13.34097025495112,18.798710305706035,0,0.0,,,,,,-117.69146732093182,35.854193881605966,24.412224311937898,12.419595524916526
Region_B,720,6.75,-0.25,-13.006403924279565,18.427138818127975,0,0.0,,,,,,-117.68775743504347,35.850849560580464,23.914163431185948,11.92073705932724
Region_B,721,7.25,-0.25,-12.67183759360801,18.055567330549916,0,0.0,,,,,,-117.68404786061545,35.847505123226505,23.416185201064895,11.421978422003308
Region_B,722,7.75,-0.25,-12.337271262936458,17.683995842971854,0,0.0,,,,,,-117.68033859759409,35.844160569567684,22.918295009177058,10.92333328740822
Region_B,723,8.25,-0.25,-12.002704932264903,17.312424355393794,0,0.0,,,,,,-117.67662964592559,35.84081589962753,22.42049872069686,10.424817942913524
Region_B,724,8.75,-0.25,-11.668138601593348,16.94085286781573,0,0.0,,,,,,-117.6729210055562,35.83747111342959,21.922802732357667,9.926451943065205
Region_B,725,9.25,-0.25,-11.333572270921795,16.569281380237673,0,0.0,,,,,,-117.66921267643228,35.834126210997375,21.425214033912667,9.428258970407757
Region_B,726,9.75,-0.25,-10.999005940250242,16.197709892659613,0,0.0,,,,,,-117.66550465850007,35.830781192354436,20.927740278302092,8.930267982998362
Region_B,727,10.25,-0.25,-10.664439609578688,15.826138405081556,0,0.0,,,,,,-117.66179695170587,35.82743605752428,20.43038986199645,8.432514766263797
Region_B,728,10.75,-0.25,-10.329873278907133,15.454566917503495,0,0.0,,,,,,-117.65808955599593,35.82409080653044,19.93317201727479,7.935044065306017
Region_B,729,11.25,-0.25,-9.99530694823558,15.082995429925436,0,0.0,,,,,,-117.65438247131661,35.82074543939644,19.4360969185525,7.437912566939703
Region_B,730,11.75,-0.25,-9.660740617564025,14.711423942347375,2,2998330.3442157074,21.48626944444445,21.25,21.5,21.25,21.5,-117.65067569761422,35.81739995614576,18.939175805310683,6.9411931530919695
Region_B,731,12.25,-0.25,-9.32617428689247,14.339852454769316,0,0.0,,,,,,-117.64696923483507,35.81405435680195,18.442421124721257,6.444981103434062
Region_B,732,12.75,-0.25,-8.991607956220918,13.968280967191255,0,0.0,,,,,,-117.64326308292544,35.81070864138847,17.94584669773662,5.94940336997866
Region_B,733,13.25,-0.25,-8.657041625549363,13.596709479613196,1,309029.5432513592,28.844244444444445,28.75,28.5,28.75,28.5,-117.63955724183171,35.807362809928854,17.449467913256374,5.454632846838066
Region_B,734,13.75,-0.25,-8.32247529487781,13.225137992035135,0,0.0,,,,,,-117.63585171150018,35.80401686244656,16.95330195604571,4.960911058353701
Region_B,735,14.25,-0.25,-7.987908964206255,12.853566504457076,1,204173.79446695276,16.038708333333332,16.25,16.5,16.25,16.5,-117.63214649187721,35.80067079896509,16.457368075423318,4.468585633507243
Region_B,736,14.75,-0.25,-7.653342633534701,12.481995016879015,0,0.0,,,,,,-117.62844158290915,35.79732461950793,15.961687903447492,3.9781750337408006
Region_B,737,15.25,-0.25,-7.318776302863148,12.110423529300956,1,2722701.308077916,19.881611111111116,19.75,19.5,19.75,19.5,-117.62473698454234,35.79397832409856,15.466285833520647,3.49048644663891
Region_B,738,15.75,-0.25,-6.984209972191593,11.738852041722895,0,0.0,,,,,,-117.62103269672315,35.790631912760446,14.971189473160136,3.0068446367016066
Region_B,739,16.25,-0.25,-6.64964364152004,11.367280554144836,0,0.0,,,,,,-117.61732871939795,35.78728538551707,14.476430188356533,2.5295718421014493
Region_B,740,16.75,-0.25,-6.315077310848485,10.995709066566775,0,0.0,,,,,,-117.61362505251306,35.78393874239188,13.982043761748843,2.063093003100881
Region_B,741,17.25,-0.25,-5.980510980176932,10.624137578988716,0,0.0,,,,,,-117.60992169601494,35.78059198340836,13.4880711931899,1.6167782082076418
Region_B,742,17.75,-0.25,-5.6459446495053776,10.252566091410655,1,5623413.251903491,23.81385555555556,23.75,23.5,23.75,23.5,-117.60621864984991,35.77724510858993,12.994559679714376,1.2130914267384827
Region_B,743,18.25,-0.25,-5.311378318833823,9.880994603832596,4,7439938.580379268,25.579344444444445,25.75,25.5,25.75,25.5,-117.60251591396438,35.77389811796007,12.501563823248594,0.9106096006070346
Region_B,744,18.75,-0.25,-4.97681198816227,9.509423116254535,5,2818382947017382.5,7.600002777777777,7.75,7.5,7.75,7.5,-117.59881348830476,35.77055101154222,12.009147129744786,0.8287513980736336
Region_B,745,19.25,-0.25,-4.642245657490715,9.137851628676476,4,3965812717.8502207,30.34115555555556,30.75,30.5,30.25,30.5,-117.59511137281747,35.76720378935983,11.517383884413892,1.0219823456891501
Region_B,746,19.75,-0.25,-4.307679326819162,8.766280141098415,1,2371373.7056616554,6.402511111111111,6.25,6.5,6.25,6.5,-117.59140956744884,35.76385645143631,11.026361516749587,1.3791544329739136
Region_B,747,20.25,-0.25,-3.973112996147608,8.394708653520356,0,0.0,,,,,,-117.58770807214538,35.760508997795114,10.536183609597723,1.805460048043958
Region_B,748,20.75,-0.25,-3.638546665476053,8.023137165942295,4,33342260.16178099,6.687477777777778,6.75,6.5,6.75,6.5,-117.58400688685346,35.757161428459675,10.046973763888065,2.2621461093780377
Region_B,749,21.25,-0.25,-3.3039803348045003,7.651565678364235,7,6303703825.03,17.60556111111111,17.75,17.5,17.75,17.5,-117.58030601151948,35.7538137434534,9.558880612778598,2.7340307341479333
Region_B,750,21.75,-0.25,-2.9694140041329455,7.279994190786174,35,1812607559.9018924,17.659477777777777,18.75,18.5,17.75,17.5,-117.57660544608994,35.750465942799714,9.072084398111272,3.2144273347451477
Region_B,751,22.25,-0.25,-2.6348476734613926,6.908422703208115,24,81829291639.48279,5.654372222222222,17.75,17.5,5.75,5.5,-117.57290519051125,35.74711802652204,8.586805697321525,3.7000219087794712
Region_B,752,22.75,-0.25,-2.300281342789838,6.536851215630056,18,1242199228.484824,5.67875,17.75,20.5,5.75,5.5,-117.56920524472987,35.74376999464376,8.103317150442331,4.189007180769613
Region_B,753,23.25,-0.25,-1.9657150121182831,6.165279728051993,8,64466648.988929756,10.377647222222222,10.25,20.5,10.25,10.5,-117.56550560869222,35.740421847188315,7.621959432964217,4.680320522745285
Region_B,754,23.75,-0.25,-1.6311486814467302,5.793708240473934,9,55172314.070680924,14.049811111111111,23.25,23.5,14.25,14.5,-117.56180628234479,35.737073584179086,7.1431633297056605,5.173298679829146
Region_B,755,24.25,-0.25,-1.2965823507751755,5.422136752895875,7,39149282.063523054,2.0866666666666664,2.25,2.5,2.25,2.5,-117.55810726563404,35.73372520563948,6.667480717028814,5.667507235620725
Region_B,756,24.75,-0.25,-0.9620160201036225,5.0505652653178155,7,7039948382.691178,0.1513277777777777,0.25,0.5,0.25,0.5,-117.55440855850641,35.73037671159287,6.195628771081311,6.1626501848559085
Region_B,757,25.25,-0.25,-0.6274496894320696,4.678993777739753,11,8415594358.598596,1.327322222222222,1.25,1.5,1.25,1.5,-117.55071016090841,35.72702810206265,5.72855414796351,6.658519079795137
Region_B,758,25.75,-0.25,-0.2928833587605131,4.307422290161694,28,39070526284.33297,1.7700111111111112,8.75,11.5,1.75,1.5,-117.54701207278652,35.72367937707221,5.267527824629818,7.154962988799256
Region_B,759,26.25,-0.25,0.04168297191103987,3.935850802583635,14,1802629013584.2502,10.70221388888889,16.75,14.5,10.75,10.5,-117.54331429408721,35.720330536644916,4.814287708513979,7.651869994071936
Region_B,760,26.75,-0.25,0.3762493025825928,3.564279315005576,8,939463102.3367714,4.51,4.75,6.5,4.75,4.5,-117.53961682475702,35.71698158080415,4.371256443798306,8.14915538207916
Region_B,761,27.25,-0.25,0.7108156332541493,3.192707827427513,4,4716549.975038482,13.511688888888887,13.75,13.5,13.75,13.5,-117.53591966474241,35.71363250957329,3.9418776813274667,8.646753869306162
Region_B,762,27.75,-0.25,1.0453819639257023,2.821136339849454,1,966050.878989812,9.278052777777775,9.25,9.5,9.25,9.5,-117.53222281398989,35.71028332297566,3.531135286511555,9.144614344599358
Region_B,763,28.25,-0.25,1.3799482945972552,2.449564852271395,3,2627523936.7121363,0.1929333333333333,0.25,0.5,0.25,0.5,-117.528526272446,35.70693402103466,3.1463364678219765,9.64269622805487
Region_B,764,28.75,-0.25,1.7145146252688117,2.0779933646933357,4,492020517.6555871,0.51075,18.25,18.5,0.75,0.5,-117.52483004005724,35.70358460377363,2.7982047683909554,10.140966895796225
Region_B,765,29.25,-0.25,2.0490809559403647,1.706421877115273,1,92257142.71547627,17.670416666666668,17.75,17.5,17.75,17.5,-117.52113411677014,35.70023507121592,2.50209246091053,10.639399824084359
Region_B,766,29.75,-0.25,2.3836472866119176,1.334850389537214,4,613619252.5054512,1.0752111111111111,1.25,1.5,1.25,1.5,-117.51743850253126,35.69688542338487,2.278372980888937,11.137973229085153
Region_B,767,30.25,-0.25,2.7182136172834706,0.9632789019591547,9,518131034.65445715,1.4608666666666663,24.25,24.5,1.25,1.5,-117.5137431972871,35.69353566030384,2.1497674751340354,11.636669054626793
Region_B,768,30.75,-0.25,3.052779947955027,0.5917074143810955,10,226925707.91709027,6.378122222222222,6.25,19.5,6.25,6.5,-117.51004820098424,35.69018578199615,2.133545629754278,12.135472208447437
Region_B,769,31.25,-0.25,3.38734627862658,0.22013592680303287,19,440274212.3671036,0.4304111111111111,3.25,3.5,0.25,0.5,-117.50635351356921,35.686835788485126,2.232158979854037,12.634369978637299
Region_B,770,31.75,-0.25,3.721912609298133,-0.15143556077502626,11,815494102.1802329,5.223400000000001,5.25,5.5,5.25,5.5,-117.50265913498856,35.6834856797941,2.43167647281509,13.13335158260003
Region_B,771,32.25,-0.25,4.05647893996969,-0.5230070483530854,18,12973473351.963179,4.479405555555556,18.75,7.5,4.25,4.5,-117.49896506518887,35.68013545594641,2.709901700346685,13.63240781473596
Region_B,772,32.75,-0.25,4.391045270641243,-0.8945785359311446,20,1657538335.2465112,0.2832333333333333,26.25,26.5,0.25,0.5,-117.49527130411674,35.67678511696535,3.0453380736202793,14.131530768546106
Region_B,773,33.25,-0.25,4.725611601312796,-1.2661500235092071,1,4897788.193684456,10.043675,10.25,10.5,10.25,10.5,-117.4915778517187,35.67343466287426,3.42119872847818,14.630713615454875
Region_B,774,33.75,-0.25,5.060177931984352,-1.6377215110872663,2,3818382.931264455,12.688380555555556,12.75,12.5,12.75,12.5,-117.48788470794135,35.67008409369642,3.825587209415064,15.129950427299752
Region_B,775,34.25,-0.25,5.394744262655905,-2.0092929986653254,3,2191523.2907194737,14.941061111111113,14.75,14.5,14.75,14.5,-117.48419187273126,35.66673340945515,4.250368719762975,15.629236032757301
Region_B,776,34.75,-0.25,5.729310593327458,-2.3808644862433845,0,0.0,,,,,,-117.48049934603505,35.66338261017374,4.690005438273923,16.128565900374728
Region_B,777,35.25,-0.25,6.063876923999011,-2.7524359738214472,2,1476457.115760485,11.537444444444445,11.75,11.5,11.75,11.5,-117.47680712779933,35.66003169587551,5.14068748010793,16.627936042630843
Region_B,778,35.75,-0.25,6.398443254670568,-3.1240074613995064,0,0.0,,,,,,-117.47311521797069,35.65668066658372,5.599748612682345,17.12734293674629
Region_B,779,36.25,-0.25,6.733009585342121,-3.4955789489775655,2,18263147.786868326,2.1685944444444445,2.25,2.5,2.25,2.5,-117.46942361649577,35.65332952232168,6.065286578747722,17.62678345892989
Region_B,780,36.75,-0.25,7.0675759160136735,-3.8671504365556246,0,0.0,,,,,,-117.46573232332116,35.649978263112644,6.5359175361563935,18.126254829475826
Region_B,781,37.25,-0.25,7.40214224668523,-4.238721924133688,0,0.0,,,,,,-117.46204133839349,35.64662688897991,7.010615864282976,18.625754566679632
Region_B,782,37.75,-0.25,7.736708577356783,-4.610293411711747,0,0.0,,,,,,-117.45835066165938,35.643275399946766,7.488608118578214,19.125280447964112
Region_B,783,38.25,-0.25,8.071274908028336,-4.981864899289806,0,0.0,,,,,,-117.45466029306552,35.63992379603643,7.969301620012568,19.624830476933287
Region_B,784,38.75,-0.25,8.405841238699892,-5.353436386867865,0,0.0,,,,,,-117.4509702325585,35.6365720772722,8.452235507120847,20.124402855326192
Region_B,785,39.25,-0.25,8.740407569371445,-5.725007874445928,0,0.0,,,,,,-117.44728048008501,35.63322024367733,8.937046594089898,20.62399595904131
Region_B,786,39.75,-0.25,9.074973900042998,-6.096579362023987,0,0.0,,,,,,-117.44359103559171,35.629868295275074,9.423445154614805,21.1236083175589
Region_B,787,40.25,-0.25,9.409540230714551,-6.468150849602046,0,0.0,,,,,,-117.43990189902524,35.626516232088676,9.911197472512221,21.62323859621252
Region_B,788,40.75,-0.25,9.744106561386108,-6.839722337180105,0,0.0,,,,,,-117.43621307033226,35.623164054141384,10.400113080934846,22.122885580860064
Region_B,789,41.25,-0.25,10.07867289205766,-7.211293824758168,0,0.0,,,,,,-117.43252454945947,35.61981176145644,10.890035300830366,22.622548164583883
Region_B,790,41.75,-0.25,10.413239222729214,-7.582865312336227,0,0.0,,,,,,-117.42883633635356,35.61645935405708,11.380834135090053,23.122225336113495
Region_B,791,42.25,-0.25,10.74780555340077,-7.954436799914286,0,0.0,,,,,,-117.42514843096119,35.61310683196653,11.872400867875477,23.621916169716208
Region_B,792,42.75,-0.25,11.082371884072323,-8.326008287492344,0,0.0,,,,,,-117.42146083322909,35.609754195208026,12.36464391418652,24.121619816343
Region_B,793,43.25,-0.25,11.416938214743876,-8.697579775070404,0,0.0,,,,,,-117.41777354310393,35.606401443804764,12.857485597181476,24.62133549585161
Region_B,794,43.75,-0.25,11.751504545415429,-9.069151262648463,0,0.0,,,,,,-117.41408656053245,35.603048577780015,13.350859621718316,25.121062490157012
Region_B,795,44.25,-0.25,12.086070876086985,-9.440722750226529,0,0.0,,,,,,-117.41039988546136,35.59969559715693,13.844709075886287,25.620800137182783
Region_B,796,44.75,-0.25,12.420637206758538,-9.812294237804588,0,0.0,,,,,,-117.40671351783733,35.596342501958745,14.338984836906254,26.120547825506197
Region_B,797,45.25,-0.25,12.755203537430091,-10.183865725382647,0,0.0,,,,,,-117.40302745760715,35.592989292208685,14.833644289591378,26.620304989606108
Region_B,798,45.75,-0.25,13.089769868101648,-10.555437212960706,0,0.0,,,,,,-117.39934170471753,35.589635967929915,15.328650288503106,27.12007110563575
Region_B,799,46.25,-0.25,13.4243361987732,-10.927008700538765,0,0.0,,,,,,-117.39565625911519,35.586282529145635,15.823970311660906,27.619845687654202
Region_B,800,46.75,-0.25,13.758902529444754,-11.298580188116825,0,0.0,,,,,,-117.39197112074686,35.58292897587906,16.319575765975816,28.119628284259406
Region_B,801,47.25,-0.25,14.09346886011631,-11.670151675694884,0,0.0,,,,,,-117.38828628955937,35.57957530815334,16.815441413728173,28.619418475573763
Region_B,802,47.75,-0.25,14.428035190787863,-12.041723163272943,0,0.0,,,,,,-117.38460176549941,35.576221525991684,17.311544896271503,29.11921587053992
Region_B,803,48.25,-0.25,14.76260152145942,-12.41329465085101,0,0.0,,,,,,-117.38091754851376,35.57286762941726,17.807866336333603,29.619020104490218
Region_B,804,48.75,-0.25,15.09716785213097,-12.784866138429068,0,0.0,,,,,,-117.37723363854923,35.56951361845325,18.304388004241577,30.118830836957912
Region_B,805,49.25,-0.25,15.431734182802526,-13.156437626007127,0,0.0,,,,,,-117.37355003555251,35.566159493122804,18.801094036436346,30.618647749702767
Region_B,806,49.75,-0.25,15.766300513474082,-13.528009113585187,0,0.0,,,,,,-117.36986673947047,35.562805253449085,19.297970196992786,31.118470544926684
Region_B,807,50.25,-0.25,16.10086684414563,-13.899580601163246,0,0.0,,,,,,-117.36618375024985,35.559450899455264,19.795003674693298,31.61829894365857
Region_B,808,0.25,0.25,-16.984194735431707,23.59213448731431,0,0.0,,,,,,-117.73190181093156,35.897338414712024,30.363046611162254,18.39519476454263
Region_B,809,0.75,0.25,-16.649628404760154,23.220562999736252,0,0.0,,,,,,-117.72818821448945,35.89399536651328,29.86377598812165,17.895273383230222
Region_B,810,1.25,0.25,-16.3150620740886,22.84899151215819,0,0.0,,,,,,-117.72447493017997,35.89065220171337,29.36453018568168,17.395356521084565
Region_B,811,1.75,0.25,-15.980495743417045,22.47742002458013,0,0.0,,,,,,-117.72076195794935,35.887308920335855,28.865310491711497,16.89544457925658
Region_B,812,2.25,0.25,-15.645929412745492,22.10584853700207,0,0.0,,,,,,-117.71704929774373,35.883965522404374,28.36611828467211,16.395538007818526
Region_B,813,2.75,0.25,-15.311363082073939,21.734277049424012,0,0.0,,,,,,-117.71333694950933,35.88062200794251,27.86695504171758,15.895637313455325
Region_B,814,3.25,0.25,-14.976796751402384,21.36270556184595,0,0.0,,,,,,-117.7096249131923,35.87727837697385,27.367822347680647,15.395743068653893
Region_B,815,3.75,0.25,-14.64223042073083,20.99113407426789,0,0.0,,,,,,-117.7059131887389,35.87393462952199,26.86872190505733,14.89585592274226
Region_B,816,4.25,0.25,-14.307664090059276,20.61956258668983,0,0.0,,,,,,-117.70220177609528,35.87059076561047,26.36965554512245,14.395976615227848
Region_B,817,4.75,0.25,-13.973097759387722,20.247991099111772,0,0.0,,,,,,-117.69849067520768,35.86724678526294,25.870625240328202,13.896105992013673
Region_B,818,5.25,0.25,-13.638531428716169,19.87641961153371,0,0.0,,,,,,-117.69477988602227,35.86390268850291,25.371633118161824,13.396245025243811
Region_B,819,5.75,0.25,-13.303965098044614,19.50484812395565,0,0.0,,,,,,-117.69106940848536,35.86055847535397,24.87268147666643,12.896394837762253
Region_B,820,6.25,0.25,-12.969398767373061,19.13327663637759,0,0.0,,,,,,-117.68735924254312,35.85721414583967,24.373772801862348,12.39655673348661
Region_B,821,6.75,0.25,-12.634832436701506,18.761705148799532,0,0.0,,,,,,-117.6836493881418,35.85386969998358,23.87490978734588,11.89673223543522
Region_B,822,7.25,0.25,-12.300266106029952,18.390133661221473,0,0.0,,,,,,-117.67993984522762,35.85052513780925,23.376095356389264,11.396923133755655
Region_B,823,7.75,0.25,-11.965699775358399,18.01856217364341,0,0.0,,,,,,-117.67623061374687,35.84718045934024,22.877332686921854,10.89713154696345
Region_B,824,8.25,0.25,-11.631133444686844,17.64699068606535,0,0.0,,,,,,-117.67252169364578,35.84383566460005,22.37862523983997,10.397360000832776
Region_B,825,8.75,0.25,-11.29656711401529,17.27541919848729,0,0.0,,,,,,-117.6688130848706,35.840490753612265,21.879976791173746,9.897611531172993
Region_B,826,9.25,0.25,-10.962000783343736,16.90384771090923,0,0.0,,,,,,-117.66510478736762,35.8371457264004,21.38139146873751,9.397889819374344
Region_B,827,9.75,0.25,-10.627434452672183,16.53227622333117,3,136261140.1436184,27.80588333333333,27.75,28.5,27.75,27.5,-117.66139680108311,35.83380058298798,20.88287379400883,8.898199373591899
Region_B,828,10.25,0.25,-10.292868122000629,16.16070473575311,0,0.0,,,,,,-117.65768912596336,35.83045532339855,20.38442873012634,8.39854577455422
Region_B,829,10.75,0.25,-9.958301791329074,15.789133248175048,1,211348.90398366432,28.95597777777778,28.75,28.5,28.75,28.5,-117.65398176195463,35.82710994765563,19.88606173707352,7.898936014576508
Region_B,830,11.25,0.25,-9.623735460657521,15.417561760596989,0,0.0,,,,,,-117.6502747090032,35.8237644557827,19.38777883533333,7.399378973769699
Region_B,831,11.75,0.25,-9.289169129985966,15.045990273018928,0,0.0,,,,,,-117.6465679670554,35.82041884780331,18.889586679567618,6.899886102868395
Region_B,832,12.25,0.25,-8.954602799314411,14.674418785440869,0,0.0,,,,,,-117.64286153605755,35.81707312374094,18.39149264420911,6.400472425348593
Region_B,833,12.75,0.25,-8.620036468642859,14.302847297862808,0,0.0,,,,,,-117.63915541595593,35.81372728361911,17.893504923270264,5.901158047598709
Region_B,834,13.25,0.25,-8.285470137971304,13.931275810284749,0,0.0,,,,,,-117.63544960669684,35.810381327461315,17.395632647196155,5.4019705050870375
Region_B,835,13.75,0.25,-7.950903807299751,13.559704322706688,0,0.0,,,,,,-117.63174410822666,35.807035255291034,16.897886020248098,4.90294853867768
Region_B,836,14.25,0.25,-7.616337476628196,13.188132835128629,3,42012086.20942093,26.48355555555556,26.25,26.5,26.25,26.5,-117.62803892049168,35.8036890671318,16.400276482742463,4.404148431650879
Region_B,837,14.75,0.25,-7.281771145956641,12.816561347550568,1,1148153.6214968818,27.500322222222223,27.75,27.5,27.75,27.5,-117.62433404343821,35.800342763007016,15.902816903539287,3.90565518743068
Region_B,838,15.25,0.25,-6.9472048152850885,12.444989859972509,1,407380.2778041122,25.439944444444446,25.25,25.5,25.25,25.5,-117.62062947701266,35.796996342940226,15.405521809552392,3.407603480188898
Region_B,839,15.75,0.25,-6.612638484613534,12.073418372394448,2,2272138.8234653906,13.793338888888888,13.75,13.5,13.75,13.5,-117.61692522116131,35.793649806954875,14.908407660836678,2.9102200111480885
Region_B,840,16.25,0.25,-6.278072153941981,11.701846884816389,5,21859714339.871468,20.26454166666667,20.25,20.5,20.25,20.5,-117.61322127583058,35.790303155074454,14.411493182137415,2.4139178835200843
Region_B,841,16.75,0.25,-5.943505823270426,11.330275397238328,3,55954752.01320373,24.4781,24.25,24.5,24.25,24.5,-117.60951764096676,35.78695638732241,13.914799764850827,1.9195360333865512
Region_B,842,17.25,0.25,-5.608939492598873,10.958703909660269,8,221489159.42740962,12.982286111111112,18.25,18.5,12.75,12.5,-117.60581431651629,35.78360950372221,13.418351957412359,1.4290687942015516
Region_B,843,17.75,0.25,-5.274373161927318,10.587132422082208,4,66827608.65576975,20.836977777777776,20.75,20.5,20.75,20.5,-117.60211130242547,35.78026250429732,12.922178067574038,0.948607744882979
Region_B,844,18.25,0.25,-4.939806831255764,10.215560934504149,10,408065273.3372918,19.19393611111111,20.25,20.5,19.25,19.5,-117.59840859864072,35.776915389071185,12.426310907392866,0.5074206230961331
Region_B,845,18.75,0.25,-4.605240500584211,9.843989446926088,4,3599553489.357049,18.146491666666662,18.25,18.5,18.25,18.5,-117.59470620510845,35.773568158067235,11.930788721802525,0.3392561330832004
Region_B,846,19.25,0.25,-4.270674169912656,9.472417959348029,3,3157422170.7878904,6.285572222222223,6.25,6.5,6.25,6.5,-117.591004121775,35.770220811308924,11.435656355513213,0.6875418234012115
Region_B,847,19.75,0.25,-3.9361078392411026,9.100846471769968,2,556612203.0547867,30.70158888888889,30.75,30.5,30.75,30.5,-117.58730234858679,35.7668733488197,10.940966732354557,1.1534005349474923
Region_B,848,20.25,0.25,-3.601541508569548,8.729274984191909,4,8998977.717363268,7.616172222222223,7.75,23.5,7.75,7.5,-117.58360088549021,35.763525770622984,10.446782748558935,1.6394974318700404
Region_B,849,20.75,0.25,-3.266975177897993,8.357703496613848,7,24123010.236527216,8.819491666666666,8.75,8.5,8.75,8.5,-117.57989973243171,35.760178076742214,9.953179720706745,2.132034442545373
Region_B,850,21.25,0.25,-2.9324088472264402,7.9861320090357895,12,1007595975.2528032,15.124794444444444,20.25,15.5,15.25,15.5,-117.57619888935766,35.75683026720079,9.460248586046111,2.627392224105691
Region_B,851,21.75,0.25,-2.5978425165548855,7.6145605214577285,15,87004514.82099359,15.876858333333336,18.25,18.5,15.75,15.5,-117.57249835621451,35.75348234202215,8.968100136979228,3.1242293344731196
Region_B,852,22.25,0.25,-2.2632761858833326,7.242989033879669,24,4250356177.3049307,11.023924999999998,17.75,18.5,11.25,11.5,-117.56879813294869,35.75013430122971,8.476870697609247,3.621937046591732
Region_B,853,22.75,0.25,-1.9287098552117778,6.87141754630161,21,2411157721.3872685,5.944772222222222,17.75,17.5,5.75,5.5,-117.56509821950661,35.74678614484688,7.986729842750768,4.120199874346502
Region_B,854,23.25,0.25,-1.5941435245402231,6.499846058723548,26,129062415289.59926,6.891455555555556,9.25,9.5,6.75,6.5,-117.56139861583475,35.74343787289705,7.497891059370302,4.6188381698925385
Region_B,855,23.75,0.25,-1.2595771938686702,6.1282745711454885,44,85469513553.0804,4.628211111111112,21.75,21.5,4.75,4.5,-117.55769932187951,35.740089485403644,7.010626726283788,5.117742185255871
Region_B,856,24.25,0.25,-0.9250108631971155,5.756703083567429,23,3342130146.1473055,6.515663888888889,10.25,10.5,6.75,6.5,-117.55400033758738,35.73674098239004,6.525289560807549,5.616841114882887
Region_B,857,24.75,0.25,-0.5904445325255625,5.38513159598937,12,2496215861.5482183,5.600411111111111,5.75,33.5,5.75,5.5,-117.5503016629048,35.73339236387964,6.042343966498714,6.116087241442041
Region_B,858,25.25,0.25,-0.25587820185400956,5.0135601084113075,15,1052301913.0616744,0.6308333333333334,2.25,2.5,0.75,0.5,-117.54660329777828,35.730043629895825,5.562412908673971,6.615447239606816
Region_B,859,25.75,0.25,0.07868812881754694,4.641988620833248,19,3778150554.3278375,2.646455555555556,31.25,31.5,2.75,2.5,-117.54290524215423,35.72669478046197,5.08634978385111,7.114897133136412
Region_B,860,26.25,0.25,0.4132544594890999,4.270417133255189,11,592422012.2732304,0.8293277777777778,3.25,3.5,0.75,0.5,-117.53920749597914,35.72334581560147,4.615351652992615,7.6144192326272675
Region_B,861,26.75,0.25,0.7478207901606528,3.8988456456771297,14,1399974433.4017563,1.4348222222222222,7.25,7.5,1.25,1.5,-117.53551005919954,35.71999673533769,4.151142931516705,8.114000202446098
Region_B,862,27.25,0.25,1.0823871208322093,3.527274158099067,8,444982281.73012984,7.465833333333333,30.25,30.5,7.25,7.5,-117.53181293176189,35.716647539693994,3.6962825101688996,8.613629799357915
Region_B,863,27.75,0.25,1.4169534515037623,3.155702670521008,5,905593914.4456812,12.419402777777778,12.25,12.5,12.25,12.5,-117.52811611361267,35.71329822869375,3.2546921747040742,9.113300025538386
Region_B,864,28.25,0.25,1.7515197821753152,2.7841311829429487,1,1364583.136588924,19.237436111111112,19.25,19.5,19.25,19.5,-117.52441960469841,35.709948802360316,2.8325850224096305,9.613004545435793
Region_B,865,28.75,0.25,2.0860861128468717,2.4125596953648896,2,3322269.5248680376,15.50076111111111,15.75,15.5,15.75,15.5,-117.52072340496562,35.70659926071704,2.440093167540694,10.11273827534662
Region_B,866,29.25,0.25,2.4206524435184247,2.040988207786827,1,105925372.51772854,9.783355555555556,9.75,9.5,9.75,9.5,-117.51702751436082,35.70324960378729,2.093936824113422,10.61249708884539
Region_B,867,29.75,0.25,2.7552187741899776,1.6694167202087677,6,991083473.4904801,1.7189555555555556,5.75,5.5,1.75,1.5,-117.51333193283051,35.699899831594415,1.8207383613461967,11.11227760163699
Region_B,868,30.25,0.25,3.0897851048615306,1.2978452326307086,1,616595.0018614822,28.177777777777777,28.25,28.5,28.25,28.5,-117.50963666032125,35.69654994416172,1.6569867041038862,11.61207701192747
Region_B,869,30.75,0.25,3.424351435533087,0.9262737450526496,14,1082488613.4634495,1.1319222222222225,7.25,7.5,1.25,1.5,-117.5059416967795,35.69319994151257,1.6358855995076411,12.111892980291136
Region_B,870,31.25,0.25,3.75891776620464,0.5547022574745869,21,661647447305.6548,0.0341111111111111,9.75,9.5,0.25,0.5,-117.5022470421519,35.6898498236703,1.7625658716132877,12.611723538086183
Region_B,871,31.75,0.25,4.0934840968761925,0.18313076989652774,16,68011401339.472206,0.1787611111111111,9.25,27.5,0.25,0.5,-117.49855269638493,35.68649959065822,2.0092673313611935,13.111567016806507
Region_B,872,32.25,0.25,4.428050427547749,-0.1884407176815314,23,1158401149.1075933,2.6283944444444445,10.75,11.5,2.75,2.5,-117.49485865942518,35.68314924249967,2.338305362003592,13.611421992991755
Region_B,873,32.75,0.25,4.762616758219302,-0.5600122052595905,17,4049465322.932884,3.2430055555555555,26.25,20.5,3.25,3.5,-117.4911649312192,35.679798779217954,2.7199611620525337,14.111287244840241
Region_B,874,33.25,0.25,5.097183088890855,-0.9315836928376532,4,108836808.486386,7.479163888888889,7.25,7.5,7.25,7.5,-117.48747151171357,35.67644820083639,3.1350766306700715,14.611161717723961
Region_B,875,33.75,0.25,5.431749419562411,-1.3031551804157124,3,9588570.848933471,14.188905555555555,14.25,14.5,14.25,14.5,-117.48377840085479,35.6730975073783,3.5720053523578366,15.11104449654535
Region_B,876,34.25,0.25,5.766315750233964,-1.6747266679937716,5,1162420070.035293,7.622725,13.25,13.5,7.75,7.5,-117.48008559858953,35.66974669886696,4.023647473918714,15.610934783403101
Region_B,877,34.75,0.25,6.100882080905517,-2.0462981555718307,4,16430426.420462497,9.171830555555555,9.25,9.5,9.25,9.5,-117.47639310486431,35.66639577532569,4.485560806796833,16.110831879414423
Region_B,878,35.25,0.25,6.43544841157707,-2.4178696431498934,2,20746720.1182956,8.192063888888889,8.25,8.5,8.25,8.5,-117.47270091962577,35.663044736777785,4.954873611765622,16.610735169818565
Region_B,879,35.75,0.25,6.770014742248627,-2.7894411307279525,0,0.0,,,,,,-117.46900904282049,35.65969358324652,5.429667509679642,17.110644111690792
Region_B,880,36.25,0.25,7.10458107292018,-3.1610126183060117,1,7161434.102129027,12.08292222222222,12.25,12.5,12.25,12.5,-117.46531747439505,35.656342314755214,5.908621330121785,17.61055822374833
Region_B,881,36.75,0.25,7.439147403591733,-3.532584105884071,0,0.0,,,,,,-117.46162621429607,35.65299093132711,6.390799854468105,18.110477077844227
Region_B,882,37.25,0.25,7.773713734263289,-3.9041555934621335,0,0.0,,,,,,-117.45793526247019,35.649639432985516,6.875524673577211,18.610400291831787
Region_B,883,37.75,0.25,8.108280064934842,-4.275727081040192,0,0.0,,,,,,-117.45424461886402,35.646287819753695,7.362292869349088,19.110327523548722
Region_B,884,38.25,0.25,8.442846395606395,-4.647298568618251,0,0.0,,,,,,-117.45055428342417,35.642936091654896,7.850724364742901,19.61025846572133
Region_B,885,38.75,0.25,8.777412726277952,-5.01887005619631,0,0.0,,,,,,-117.44686425609729,35.639584248712396,8.34052695027522,20.110192841628507
Region_B,886,39.25,0.25,9.111979056949504,-5.390441543774373,0,0.0,,,,,,-117.44317453683,35.636232290949465,8.831472502667193,20.61013040139673
Region_B,887,39.75,0.25,9.446545387621057,-5.762013031352432,0,0.0,,,,,,-117.43948512556898,35.63288021838935,9.323380466465268,21.1100709188214
Region_B,888,40.25,0.25,9.78111171829261,-6.133584518930491,0,0.0,,,,,,-117.43579602226087,35.629528031055294,9.816106156698059,21.610014188629314
Region_B,889,40.75,0.25,10.115678048964167,-6.5051560065085505,0,0.0,,,,,,-117.43210722685234,35.62617572897056,10.309532328707494,22.109960024112475
Region_B,890,41.25,0.25,10.45024437963572,-6.876727494086613,0,0.0,,,,,,-117.42841873929001,35.622823312158346,10.803563004572354,22.60990825507576
Region_B,891,41.75,0.25,10.784810710307273,-7.248298981664672,0,0.0,,,,,,-117.42473055952058,35.61947078064194,11.298118885498763,23.10985872605097
Region_B,892,42.25,0.25,11.11937704097883,-7.6198704692427315,0,0.0,,,,,,-117.42104268749075,35.61611813444454,11.793133896804669,23.609811294737735
Region_B,893,42.75,0.25,11.453943371650382,-7.991441956820791,0,0.0,,,,,,-117.4173551231472,35.61276537358939,12.288552553700645,24.109765830638356
Region_B,894,43.25,0.25,11.788509702321935,-8.36301344439885,0,0.0,,,,,,-117.41366786643663,35.60941249809971,12.784327930015015,24.60972221385906
Region_B,895,43.75,0.25,12.123076032993488,-8.73458493197691,0,0.0,,,,,,-117.40998091730566,35.606059507998694,13.280420075406553,25.109680334054424
Region_B,896,44.25,0.25,12.457642363665045,-9.106156419554976,0,0.0,,,,,,-117.40629427570107,35.60270640330958,13.776794770060306,25.60964008949542
Region_B,897,44.75,0.25,12.792208694336598,-9.477727907133035,0,0.0,,,,,,-117.40260794156956,35.59935318405558,14.27342253607944,26.109601386244528
Region_B,898,45.25,0.25,13.12677502500815,-9.849299394711094,0,0.0,,,,,,-117.39892191485781,35.59599985025988,14.770277846085355,26.60956413742385
Region_B,899,45.75,0.25,13.461341355679707,-10.220870882289153,0,0.0,,,,,,-117.39523619551255,35.59264640194569,15.267338484741185,27.109528262564158
Region_B,900,46.25,0.25,13.79590768635126,-10.592442369867213,0,0.0,,,,,,-117.39155078348054,35.589292839136206,15.76458502989402,27.60949368702469
Region_B,901,46.75,0.25,14.130474017022813,-10.964013857445272,0,0.0,,,,,,-117.3878656787085,35.585939161854625,16.262000428048758,28.109460341474847
Region_B,902,47.25,0.25,14.46504034769437,-11.33558534502333,0,0.0,,,,,,-117.38418088114318,35.58258537012411,16.759569644801665,28.609428161430255
Region_B,903,47.75,0.25,14.799606678365922,-11.70715683260139,0,0.0,,,,,,-117.38049639073127,35.57923146396786,17.25727937526819,29.109397086836577
Region_B,904,48.25,0.25,15.134173009037479,-12.078728320179456,0,0.0,,,,,,-117.37681220741959,35.575877443409034,17.755117802852126,29.609367061695554
Region_B,905,48.75,0.25,15.468739339709028,-12.450299807757515,0,0.0,,,,,,-117.37312833115487,35.572523308470835,18.25307439721473,30.109338033728218
Region_B,906,49.25,0.25,15.803305670380585,-12.821871295335574,0,0.0,,,,,,-117.36944476188387,35.5691690591764,18.751139744222357,30.60930995407123
Region_B,907,49.75,0.25,16.13787200105214,-13.193442782913634,0,0.0,,,,,,-117.3657614995534,35.56581469554892,19.249305402129572,31.109282777002356
Region_B,908,50.25,0.25,16.47243833172369,-13.565014270491693,0,0.0,,,,,,-117.36207854411019,35.56246021761152,19.747563779402107,31.609256459692094
Region_B,909,0.25,0.75,-16.612623247853648,23.926700817985864,1,812830.5161640996,15.369394444444444,15.25,15.5,15.25,15.5,-117.7277930453839,35.90036003641977,30.340380753247718,18.39324485427958
Region_B,910,0.75,0.75,-16.278056917182095,23.555129330407805,0,0.0,,,,,,-117.72407948014465,35.89701686326224,29.840730906081106,17.893268994361357
Region_B,911,1.25,0.75,-15.94349058651054,23.183557842829742,0,0.0,,,,,,-117.72036622706499,35.89367357351372,29.341092988609738,17.393294522305563
Region_B,912,1.75,0.75,-15.608924255838984,22.811986355251683,0,0.0,,,,,,-117.7166532860911,35.8903301671978,28.841467620829263,16.893321561337665
Region_B,913,2.25,0.75,-15.27435792516743,22.440414867673624,0,0.0,,,,,,-117.71294065716914,35.886986644338094,28.34185546643766,16.393350249715503
Region_B,914,2.75,0.75,-14.939791594495878,22.068843380095565,0,0.0,,,,,,-117.70922834024529,35.883643004958174,27.842257236753305,15.893380743093607
Region_B,915,3.25,0.75,-14.605225263824323,21.697271892517502,0,0.0,,,,,,-117.70551633526574,35.88029924908165,27.3426736950621,15.39341321734819
Region_B,916,3.75,0.75,-14.270658933152768,21.325700404939443,0,0.0,,,,,,-117.70180464217668,35.87695537673212,26.84310566144947,14.893447871971123
Region_B,917,4.25,0.75,-13.936092602481216,20.954128917361384,4,2655836.6238742727,8.126222222222223,8.25,8.5,8.25,8.5,-117.69809326092428,35.87361138793311,26.343554018181372,14.393484934171171
Region_B,918,4.75,0.75,-13.60152627180966,20.582557429783325,0,0.0,,,,,,-117.69438219145476,35.87026728270827,25.844019715708686,13.893524663860639
Region_B,919,5.25,0.75,-13.266959941138108,20.210985942205262,0,0.0,,,,,,-117.69067143371434,35.8669230610811,25.344503779380624,13.393567359758755
Region_B,920,5.75,0.75,-12.932393610466553,19.839414454627203,0,0.0,,,,,,-117.6869609876492,35.86357872307521,24.84500731696689,12.893613366914892
Region_B,921,6.25,0.75,-12.597827279795,19.467842967049144,0,0.0,,,,,,-117.68325085320556,35.860234268714166,24.34553152710447,12.393663086052394
Region_B,922,6.75,0.75,-12.263260949123445,19.096271479471085,0,0.0,,,,,,-117.67954103032967,35.85688969802149,23.84607770880438,11.893716985268695
Region_B,923,7.25,0.75,-11.92869461845189,18.724699991893026,0,0.0,,,,,,-117.67583151896774,35.85354501102077,23.346647272176718,11.393775614815326
Region_B,924,7.75,0.75,-11.594128287780338,18.353128504314963,0,0.0,,,,,,-117.67212231906602,35.850200207735554,22.847241750560087,10.893839625946931
Region_B,925,8.25,0.75,-11.259561957108783,17.981557016736904,0,0.0,,,,,,-117.66841343057074,35.84685528818936,22.347862814274553,10.393909795209062
Region_B,926,8.75,0.75,-10.924995626437228,17.60998552915884,1,1071519.3052376048,24.856544444444445,24.75,24.5,24.75,24.5,-117.66470485342818,35.84351025240575,21.848512286257264,9.89398705608786
Region_B,927,9.25,0.75,-10.590429295765675,17.238414041580782,0,0.0,,,,,,-117.66099658758455,35.840165100408235,21.349192159888254,9.394072540763428
Region_B,928,9.75,0.75,-10.255862965094122,16.866842554002723,1,1462177.1744567184,28.9093,28.75,28.5,28.75,28.5,-117.65728863298615,35.83681983222038,20.84990461937257,8.894167635940802
Region_B,929,10.25,0.75,-9.921296634422568,16.495271066424664,0,0.0,,,,,,-117.65358098957923,35.833474447865676,20.350652063116627,8.394274058625205
Region_B,930,10.75,0.75,-9.586730303751013,16.1236995788466,0,0.0,,,,,,-117.64987365731007,35.83012894736766,19.85143713062438,7.894393960678637
Region_B,931,11.25,0.75,-9.25216397307946,15.752128091268544,1,260015.9563165272,15.28582777777778,15.25,15.5,15.25,15.5,-117.64616663612495,35.82678333074984,19.352262733547,7.394530075771596
Region_B,932,11.75,0.75,-8.917597642407905,15.380556603690483,1,234422.88153199223,27.272855555555555,27.25,27.5,27.25,27.5,-117.64245992597014,35.823437598035746,18.853132091653396,6.8946859302351085
Region_B,933,12.25,0.75,-8.58303131173635,15.008985116112424,0,0.0,,,,,,-117.63875352679199,35.82009174924889,18.354048774655435,6.394866152756699
Region_B,934,12.75,0.75,-8.248464981064798,14.637413628534363,0,0.0,,,,,,-117.63504743853673,35.81674578441273,17.855016751029112,5.89507694154746
Region_B,935,13.25,0.75,-7.913898650393243,14.265842140956304,1,269153.4803926914,27.693516666666667,27.75,27.5,27.75,27.5,-117.6313416611507,35.813399703550786,17.356040445234896,5.395326791016079
Region_B,936,13.75,0.75,-7.57933231972169,13.894270653378243,2,2611436.5604723664,7.119308333333333,7.25,7.5,7.25,7.5,-117.6276361945802,35.810053506686565,16.857124805070672,4.895627663226357
Region_B,937,14.25,0.75,-7.244765989050135,13.522699165800184,1,407380.2778041122,27.097094444444444,27.25,27.5,27.25,27.5,-117.62393103877156,35.80670719384355,16.3582753813117,4.395996957692129
Region_B,938,14.75,0.75,-6.9101996583785805,13.151127678222123,2,968990.0127929337,21.69875555555556,21.75,21.5,21.75,21.5,-117.62022619367112,35.80336076504522,15.859498422331262,3.8964609952018954
Region_B,939,15.25,0.75,-6.575633327707028,12.779556190644064,0,0.0,,,,,,-117.61652165922517,35.800014220315056,15.360800987091372,3.397061571744182
Region_B,940,15.75,0.75,-6.241066997035473,12.407984703066003,0,0.0,,,,,,-117.61281743538005,35.79666755967652,14.86219108079716,2.8978692788516773
Region_B,941,16.25,0.75,-5.90650066636392,12.036413215487944,1,29512092.26666384,5.786433333333333,5.75,5.5,5.75,5.5,-117.60911352208214,35.79332078315312,14.363677818693446,2.399013420638502
Region_B,942,16.75,0.75,-5.571934335692365,11.664841727909883,0,0.0,,,,,,-117.60540991927776,35.78997389076827,13.865271625046711,1.9007589083034537
Region_B,943,17.25,0.75,-5.237368005020812,11.293270240331823,2,93260809.32058902,14.911997222222222,14.75,14.5,14.75,14.5,-117.60170662691327,35.78662688254546,13.366984476441385,1.4037462244245713
Region_B,944,17.75,0.75,-4.9028016743492575,10.921698752753763,5,5967346.181758909,17.813741666666665,26.25,26.5,17.75,17.5,-117.59800364493505,35.78327975850815,12.86883020132461,0.9100123612773252
Region_B,945,18.25,0.75,-4.568235343677703,10.550127265175703,1,1927524.913190937,19.87697777777777,19.75,19.5,19.75,19.5,-117.59430097328945,35.779932518679786,12.370824851545823,0.43097741561343
Region_B,946,18.75,0.75,-4.23366901300615,10.178555777597643,2,3779845.779713786,27.709633333333333,27.75,27.5,27.75,27.5,-117.59059861192286,35.77658516308381,11.872987166872674,0.20823200488908555
Region_B,947,19.25,0.75,-3.8991026823345956,9.806984290019583,1,1000000.0,32.78035833333333,32.75,32.5,32.75,32.5,-117.58689656078161,35.77323769174366,11.375339160738138,0.6332295025908263
Region_B,948,19.75,0.75,-3.5645363516630426,9.435412802441522,2,1112471.733707409,23.135855555555555,23.25,23.5,23.25,23.5,-117.58319481981216,35.76989010468278,10.877906865703626,1.121872826145068
Region_B,949,20.25,0.75,-3.229970020991488,9.063841314863463,4,13884875.49453332,10.506555555555556,10.75,10.5,10.75,10.5,-117.57949338896084,35.7665424019246,10.380721291703265,1.6174726189750535
Region_B,950,20.75,0.75,-2.895403690319933,8.692269827285402,6,40663064.84584667,4.754722222222222,4.75,28.5,4.75,4.5,-117.57579226817411,35.763194583492584,9.88381967121623,2.115144606930061
Region_B,951,21.25,0.75,-2.56083735964838,8.320698339707343,22,9797201592.231186,17.693447222222222,20.25,22.5,17.75,17.5,-117.5720914573983,35.7598466494101,9.387247096471912,2.6137053665852643
Region_B,952,21.75,0.75,-2.2262710289768255,7.949126852129282,23,7209845794322.664,14.62212777777778,17.75,18.5,14.75,14.5,-117.56839095657989,35.75649859970059,8.89105870002666,3.112727867708309
Region_B,953,22.25,0.75,-1.8917046983052725,7.577555364551223,15,325497543.89090985,6.2362,17.75,21.5,6.25,6.5,-117.56469076566528,35.75315043438747,8.395322600378094,3.6120207382432348
Region_B,954,22.75,0.75,-1.5571383676337178,7.205983876973164,17,76617283861.83968,4.694722222222223,17.75,19.5,4.75,4.5,-117.56099088460084,35.74980215349416,7.900123943427635,4.111485479554865
Region_B,955,23.25,0.75,-1.222572036962163,6.834412389395101,24,815709678799.3433,1.6267999999999998,4.75,4.5,1.75,1.5,-117.55729131333307,35.74645375704405,7.405570543760825,4.611066241519614
Region_B,956,23.75,0.75,-0.8880057062906102,6.462840901817042,15,2198343766.7386417,2.105211111111111,6.75,2.5,2.25,2.5,-117.55359205180838,35.74310524506056,6.911800911174847,5.110729000717325
Region_B,957,24.25,0.75,-0.5534393756190554,6.091269414238983,16,214653336.46057767,1.3186444444444445,31.75,31.5,1.25,1.5,-117.54989309997323,35.73975661756705,6.4189959178065275,5.6104518493490705
Region_B,958,24.75,0.75,-0.21887304494750248,5.719697926660924,17,2207040745.8905478,1.5489111111111111,18.25,18.5,1.75,1.5,-117.54619445777404,35.73640787458695,5.927396169475793,6.110220044233733
Region_B,959,25.25,0.75,0.11569328572405047,5.348126439082861,45,956119785.8535254,2.416655555555556,19.75,19.5,2.25,2.5,-117.54249612515726,35.73305901614364,5.437328581851176,6.610023299811203
Region_B,960,25.75,0.75,0.45025961639560697,4.976554951504802,25,850710472.1781756,0.8003555555555556,13.25,13.5,0.75,0.5,-117.53879810206939,35.72971004226048,4.94924831303857,7.109854222073635
Region_B,961,26.25,0.75,0.7848259470671599,4.604983463926743,15,224243480.09465396,4.310388888888888,7.75,7.5,4.25,4.5,-117.53510038845685,35.72636095296087,4.463807301084419,7.6097073593029565
Region_B,962,26.75,0.75,1.1193922777387129,4.233411976348684,7,451442316.4021653,4.846266666666667,4.75,4.5,4.75,4.5,-117.53140298426615,35.72301174826817,3.981970916306898,8.109578603683477
Region_B,963,27.25,0.75,1.4539586084102694,3.8618404887706212,13,254397719.97800493,9.525694444444444,9.75,23.5,9.75,9.5,-117.52770588944377,35.71966242820577,3.505225974942756,8.609464801276106
Region_B,964,27.75,0.75,1.7885249390818223,3.490269001192562,15,493601496.3253639,6.206438888888889,6.75,6.5,6.25,6.5,-117.52400910393617,35.71631299279701,3.0359719848036852,9.109363490359987
Region_B,965,28.25,0.75,2.1230912697533753,3.118697513614503,5,13714456.691216834,8.786244444444444,8.75,8.5,8.75,8.5,-117.52031262768985,35.71296344206527,2.5783022804962688,9.609272721418346
Region_B,966,28.75,0.75,2.4576576004249318,2.747126026036444,2,55766917.901926585,30.116166666666665,30.25,30.5,30.25,30.5,-117.51661646065136,35.70961377603387,2.139663386309088,10.109190930518924
Region_B,967,29.25,0.75,2.7922239310964847,2.375554538458381,2,1718489.9354070614,6.333644444444444,6.25,6.5,6.25,6.5,-117.51292060276714,35.706263994726214,1.7345535920838822,10.609116848483543
Region_B,968,29.75,0.75,3.1267902617680376,2.003983050880322,7,75610178.40255831,6.884238888888889,6.75,6.5,6.75,6.5,-117.50922505398368,35.7029140981656,1.3925490730708656,11.10904943457669
Region_B,969,30.25,0.75,3.4613565924395906,1.6324115633022627,8,234494410.42882657,8.2663,8.25,8.5,8.25,8.5,-117.5055298142476,35.699564086375396,1.170345965093208,11.608987827324135
Region_B,970,30.75,0.75,3.795922923111147,1.2608400757242035,14,2607004060.786499,0.8545611111111111,1.75,1.5,0.75,0.5,-117.50183488350531,35.69621395937892,1.1402747191398088,12.108931307512288
Region_B,971,31.25,0.75,4.1304892537827005,0.8892685881461408,8,234485010646.7054,7.19725,7.25,24.5,7.25,7.5,-117.49814026170341,35.69286371719953,1.3155771327477537,12.608879269988376
Region_B,972,31.75,0.75,4.465055584454253,0.5176971005680817,22,241580350.2419516,0.9816444444444444,4.25,14.5,0.75,0.5,-117.49444594878842,35.689513359860534,1.6313368595444115,13.108831201912468
Region_B,973,32.25,0.75,4.79962191512581,0.14612561299002258,22,2559048265.5359077,0.9421222222222222,9.25,14.5,0.75,0.5,-117.49075194470691,35.68616288738526,2.0228140563105756,13.608786665802548
Region_B,974,32.75,0.75,5.134188245797363,-0.22544587458803655,22,22528279386.316246,0.9993833333333334,1.25,6.5,0.75,0.5,-117.48705824940538,35.68281229979702,2.4540361577423964,14.108745286183902
Region_B,975,33.25,0.75,5.468754576468916,-0.5970173621660992,17,519263278.7488665,7.900394444444444,32.25,32.5,7.75,7.5,-117.48336486283038,35.679461597119136,2.9073717032066093,14.608706738979594
Region_B,976,33.75,0.75,5.803320907140472,-0.9685888497441584,12,243783232.69464618,1.2488555555555556,14.25,14.5,1.25,1.5,-117.47967178492853,35.67611077937492,3.373918638275963,15.108670743007114
Region_B,977,34.25,0.75,6.137887237812025,-1.3401603373222175,3,9157183.459916912,2.8501777777777777,2.75,2.5,2.75,2.5,-117.47597901564632,35.672759846587674,3.848875645536673,15.608637053109103
Region_B,978,34.75,0.75,6.472453568483578,-1.7117318249002766,4,10352895.0708359,22.302983333333334,22.25,22.5,22.25,22.5,-117.47228655493038,35.66940879878069,4.329475775645911,16.108605454563147
Region_B,979,35.25,0.75,6.807019899155131,-2.083303312478339,5,267662819.10098356,3.643611111111111,33.25,33.5,3.75,3.5,-117.46859440272732,35.66605763597727,4.814029211482228,16.60857575850118
Region_B,980,35.75,0.75,7.141586229826688,-2.4548748000563982,1,2137962.0895022326,7.289163888888889,7.25,7.5,7.25,7.5,-117.46490255898362,35.66270635820071,5.301452065812123,17.108547798131912
Region_B,981,36.25,0.75,7.476152560498241,-2.8264462876344574,4,25999578.141043898,4.444066666666666,4.25,4.5,4.25,4.5,-117.46121102364597,35.659354965474286,5.7910198379217315,17.608521425606853
Region_B,982,36.75,0.75,7.810718891169794,-3.1980177752125165,0,0.0,,,,,,-117.45751979666092,35.656003457821285,6.282231094149788,18.10849650940538
Region_B,983,37.25,0.75,8.14528522184135,-3.569589262790579,0,0.0,,,,,,-117.45382887797507,35.65265183526498,6.774728354510011,18.608472932141375
Region_B,984,37.75,0.75,8.479851552512903,-3.9411607503686383,1,1995262.3149688789,22.824547222222225,22.75,22.5,22.75,22.5,-117.45013826753507,35.64930009782866,7.268250204450953,19.108450588714135
Region_B,985,38.25,0.75,8.814417883184456,-4.3127322379466975,0,0.0,,,,,,-117.4464479652875,35.64594824553557,7.762601225852113,19.608429384742184
Region_B,986,38.75,0.75,9.148984213856012,-4.684303725524757,0,0.0,,,,,,-117.44275797117899,35.64259627840898,8.257632502642641,20.10840923523072
Region_B,987,39.25,0.75,9.483550544527565,-5.055875213102819,0,0.0,,,,,,-117.4390682851562,35.63924419647217,8.753228621817188,20.608390063432985
Region_B,988,39.75,0.75,9.818116875199118,-5.427446700680878,0,0.0,,,,,,-117.43537890716571,35.63589199974836,9.249298787632446,21.108371799873495
Region_B,989,40.25,0.75,10.152683205870671,-5.799018188258938,0,0.0,,,,,,-117.43168983715424,35.632539688260835,9.74577061191153,21.608354381506842
Region_B,990,40.75,0.75,10.487249536542228,-6.170589675836997,0,0.0,,,,,,-117.42800107506835,35.629187262032815,10.242585688052499,22.108337750990625
Region_B,991,41.25,0.75,10.82181586721378,-6.542161163415059,0,0.0,,,,,,-117.42431262085476,35.62583472108755,10.739696379981947,22.60832185605488
Region_B,992,41.75,0.75,11.156382197885334,-6.9137326509931185,0,0.0,,,,,,-117.42062447446008,35.62248206544828,11.237063454982211,23.108306648953313
Region_B,993,42.25,0.75,11.49094852855689,-7.285304138571178,0,0.0,,,,,,-117.41693663583102,35.61912929513822,11.734654313118737,23.60829208598435
Region_B,994,42.75,0.75,11.825514859228443,-7.656875626149237,0,0.0,,,,,,-117.41324910491426,35.61577641018062,12.23244164529288,24.10827812707167
Region_B,995,43.25,0.75,12.160081189899996,-8.028447113727296,0,0.0,,,,,,-117.40956188165644,35.612423410598694,12.730402403796784,24.608264735395988
Region_B,996,43.75,0.75,12.494647520571549,-8.400018601305355,0,0.0,,,,,,-117.40587496600425,35.60907029641565,13.228517003795035,25.108251877070714
Region_B,997,44.25,0.75,12.829213851243106,-8.771590088883421,0,0.0,,,,,,-117.40218835790441,35.605717067654716,13.726768697577516,25.608239520855715
Region_B,998,44.75,0.75,13.163780181914658,-9.14316157646148,0,0.0,,,,,,-117.39850205730357,35.60236372433909,14.225143079557876,26.108227637903877
Region_B,999,45.25,0.75,13.498346512586211,-9.51473306403954,0,0.0,,,,,,-117.39481606414851,35.59901026649197,14.723627691265245,26.6082162015363
Region_B,1000,45.75,0.75,13.832912843257768,-9.886304551617599,0,0.0,,,,,,-117.39113037838587,35.59565669413658,15.22221170356306,27.108205187042362
Region_B,1001,46.25,0.75,14.16747917392932,-10.257876039195658,0,0.0,,,,,,-117.38744499996241,35.5923030072961,15.720885659058512,27.60819457150144
Region_B,1002,46.75,0.75,14.502045504600874,-10.629447526773717,0,0.0,,,,,,-117.38375992882484,35.588949205993714,16.21964126182484,28.108184333623772
Region_B,1003,47.25,0.75,14.83661183527243,-11.001019014351776,0,0.0,,,,,,-117.38007516491987,35.58559529025261,16.7184712046105,28.60817445360791
Region_B,1004,47.75,0.75,15.171178165943983,-11.372590501929835,0,0.0,,,,,,-117.3763907081943,35.582241260096,17.217369025971703,29.108164913012903
Region_B,1005,48.25,0.75,15.50574449661554,-11.744161989507901,0,0.0,,,,,,-117.37270655859476,35.57888711554701,17.7163289914584,29.608155694643447
Region_B,1006,48.75,0.75,15.84031082728709,-12.11573347708596,0,0.0,,,,,,-117.3690227160681,35.575532856628854,18.21534599426233,30.10814678244641
Region_B,1007,49.25,0.75,16.174877157958644,-12.48730496466402,0,0.0,,,,,,-117.36533918056102,35.57217848336469,18.714415471710257,30.608138161417617
Region_B,1008,49.75,0.75,16.5094434886302,-12.858876452242079,0,0.0,,,,,,-117.36165595202033,35.56882399577767,19.213533334732777,31.10812981751749
Region_B,1009,50.25,0.75,16.84400981930175,-13.230447939820138,0,0.0,,,,,,-117.35797303039273,35.56546939389095,19.71269590801793,31.608121737594782
Region_B,1010,0.25,1.25,-16.241051760275585,24.261267148657417,0,0.0,,,,,,-117.72368396838243,35.90338151681451,30.32594283765102,18.404883105130217
Region_B,1011,0.75,1.25,-15.906485429604034,23.889695661079358,0,0.0,,,,,,-117.71997043438448,35.90003821869218,29.826051125644792,17.905232228278944
Region_B,1012,1.25,1.25,-15.571919098932481,23.518124173501295,0,0.0,,,,,,-117.71625721257307,35.896694803989035,29.326163105777685,17.40560140252816
Region_B,1013,1.75,1.25,-15.237352768260925,23.146552685923236,0,0.0,,,,,,-117.71254430289436,35.89335127272868,28.82627897013029,16.905992405617056
Region_B,1014,2.25,1.25,-14.902786437589372,22.774981198345177,0,0.0,,,,,,-117.7088317052945,35.89000762493471,28.326398924340438,16.406407231745554
Region_B,1015,2.75,1.25,-14.568220106917819,22.403409710767118,0,0.0,,,,,,-117.70511941971968,35.886663860630726,27.826523188820673,15.90684812553902
Region_B,1016,3.25,1.25,-14.233653776246264,22.031838223189055,1,501187.2336272715,8.198863888888889,8.25,8.5,8.25,8.5,-117.70140744611602,35.88331997984033,27.32665200010923,15.407317622612167
Region_B,1017,3.75,1.25,-13.89908744557471,21.660266735610996,0,0.0,,,,,,-117.69769578442974,35.87997598258707,26.826785612372074,14.90781859827744
Region_B,1018,4.25,1.25,-13.564521114903156,21.288695248032937,0,0.0,,,,,,-117.693984434607,35.87663186889456,26.3269242990759,14.40835432637045
Region_B,1019,4.75,1.25,-13.229954784231602,20.917123760454878,0,0.0,,,,,,-117.69027339659402,35.87328763878639,25.82706835485538,13.908928550730622
Region_B,1020,5.25,1.25,-12.895388453560049,20.545552272876815,0,0.0,,,,,,-117.68656267033694,35.86994329228608,25.327218097601474,13.409545572629249
Region_B,1021,5.75,1.25,-12.560822122888494,20.173980785298756,0,0.0,,,,,,-117.68285225578202,35.86659882941724,24.827373870801782,12.910210358453186
Region_B,1022,6.25,1.25,-12.226255792216941,19.802409297720697,0,0.0,,,,,,-117.67914215287543,35.86325425020343,24.32753604616938,12.410928673334775
Region_B,1023,6.75,1.25,-11.891689461545386,19.430837810142638,0,0.0,,,,,,-117.67543236156338,35.85990955466819,23.82770502660233,11.911707248320646
Region_B,1024,7.25,1.25,-11.557123130873832,19.05926632256458,0,0.0,,,,,,-117.67172288179215,35.8565647428351,23.327881249523486,11.412553991319642
Region_B,1025,7.75,1.25,-11.222556800202279,18.687694834986516,0,0.0,,,,,,-117.66801371350786,35.85321981472766,22.828065190658815,10.913478255802646
Region_B,1026,8.25,1.25,-10.887990469530724,18.316123347408457,0,0.0,,,,,,-117.66430485665684,35.84987477036947,22.32825736832295,10.414491186561563
Region_B,1027,8.75,1.25,-10.55342413885917,17.944551859830394,0,0.0,,,,,,-117.66059631118527,35.846529609784035,21.82845834829312,9.915606169572271
Region_B,1028,9.25,1.25,-10.218857808187616,17.572980372252335,0,0.0,,,,,,-117.65688807703941,35.8431843329949,21.328668749368,9.416839424411517
Region_B,1029,9.75,1.25,-9.884291477516063,17.201408884674276,0,0.0,,,,,,-117.65318015416553,35.8398389400256,20.828889249726366,8.91821079478627
Region_B,1030,10.25,1.25,-9.549725146844509,16.829837397096217,0,0.0,,,,,,-117.64947254250987,35.836493430899644,20.329120594223102,8.419744818896453
Region_B,1031,10.75,1.25,-9.215158816172954,16.458265909518158,0,0.0,,,,,,-117.64576524201867,35.83314780564057,19.829363602787794,7.921472202212474
Region_B,1032,11.25,1.25,-8.880592485501401,16.0866944219401,0,0.0,,,,,,-117.64205825263826,35.82980206427189,19.32961918012522,7.423431880573585
Region_B,1033,11.75,1.25,-8.546026154829846,15.715122934362036,0,0.0,,,,,,-117.63835157431485,35.82645620681713,18.82988832695946,6.925673968691244
Region_B,1034,12.25,1.25,-8.211459824158291,15.343551446783977,0,0.0,,,,,,-117.63464520699475,35.82311023329976,18.330172153115846,6.42826407015913
Region_B,1035,12.75,1.25,-7.8768934934867385,14.971979959205918,0,0.0,,,,,,-117.63093915062429,35.81976414374332,17.830471892800904,5.931289740923987
Region_B,1036,13.25,1.25,-7.542327162815184,14.600408471627858,0,0.0,,,,,,-117.62723340514968,35.81641793817129,17.330788922523475,5.434870470018714
Region_B,1037,13.75,1.25,-7.207760832143631,14.228836984049796,0,0.0,,,,,,-117.62352797051729,35.81307161660715,16.831124782205194,4.939173621262237
Region_B,1038,14.25,1.25,-6.873194501472076,13.857265496471737,0,0.0,,,,,,-117.6198228466734,35.809725179074434,16.331481200162504,4.444440920528027
Region_B,1039,14.75,1.25,-6.538628170800521,13.485694008893677,0,0.0,,,,,,-117.61611803356429,35.80637862559657,15.831860122814396,3.9510345646621867
Region_B,1040,15.25,1.25,-6.204061840128968,13.114122521315618,0,0.0,,,,,,-117.61241353113635,35.803031956197074,15.332263750192277,3.4595221008466797
Region_B,1041,15.75,1.25,-5.869495509457414,12.742551033737556,0,0.0,,,,,,-117.60870933933587,35.799685170899416,14.832694578617856,2.9708436851066233
Region_B,1042,16.25,1.25,-5.534929178785861,12.370979546159496,2,786749195.8585073,29.5617,29.75,29.5,29.75,29.5,-117.60500545810916,35.79633826972706,14.333155452295179,2.4866707133091035
Region_B,1043,16.75,1.25,-5.200362848114306,11.999408058581437,1,3235936.569296281,30.86678055555556,30.75,30.5,30.75,30.5,-117.60130188740258,35.79299125270347,13.833649626066087,2.010261244594967
Region_B,1044,17.25,1.25,-4.865796517442753,11.627836571003378,4,62341505.87125307,12.500666666666667,24.75,24.5,12.75,12.5,-117.59759862716248,35.78964411985212,13.33418084225116,1.5487960829663163
Region_B,1045,17.75,1.25,-4.531230186771198,11.256265083425316,0,0.0,,,,,,-117.59389567733523,35.78629687119644,12.834753425405461,1.1208873010713851
Region_B,1046,18.25,1.25,-4.196663856099644,10.884693595847256,0,0.0,,,,,,-117.59019303786711,35.782949506759905,12.33537240005573,0.7835862280530416
Region_B,1047,18.75,1.25,-3.8620975254280903,10.513122108269197,6,10384173.620875645,31.511955555555552,31.75,31.5,31.75,31.5,-117.58649070870457,35.779602026565975,11.836043638190766,0.6867506184093982
Region_B,1048,19.25,1.25,-3.5275311947565355,10.141550620691138,0,0.0,,,,,,-117.58278868979392,35.776254430638055,11.336774045655824,0.9106291489827179
Region_B,1049,19.75,1.25,-3.1929648640849826,9.769979133113075,1,367282300.49808425,19.09845555555556,19.25,19.5,19.25,19.5,-117.57908698108157,35.7729067189996,10.837571799963078,1.2987934716760339
Region_B,1050,20.25,1.25,-2.858398533413428,9.398407645535016,2,5208294.666768936,25.499977777777776,25.25,25.5,25.25,25.5,-117.57538558251387,35.76955889167406,10.3384466568462,1.7448448404255272
Region_B,1051,20.75,1.25,-2.523832202741873,9.026836157956957,7,572711724.3959264,0.2630444444444444,0.25,18.5,0.25,0.5,-117.57168449403724,35.76621094868483,9.839410349891592,2.2140692293265993
Region_B,1052,21.25,1.25,-2.18926587207032,8.655264670378898,13,92328827.11933374,5.977344444444444,5.75,19.5,5.75,5.5,-117.56798371559806,35.76286289005537,9.340477117934245,2.6943870522518054
Region_B,1053,21.75,1.25,-1.8546995413987655,8.283693182800835,10,260332851.2520625,18.448544444444444,29.25,26.5,18.25,18.5,-117.56428324714271,35.759514715809075,8.841664410491534,3.1807767325660383
Region_B,1054,22.25,1.25,-1.5201332107272125,7.912121695222777,5,9041376414.960285,10.628925,10.75,10.5,10.75,10.5,-117.56058308861763,35.75616642596937,8.342993845428154,3.670825473585576
Region_B,1055,22.75,1.25,-1.1855668800556578,7.540550207644718,8,212767594.22305527,19.59283611111111,21.25,21.5,19.75,19.5,-117.55688323996924,35.75281802055966,7.844492530556167,4.16324136852718
Region_B,1056,23.25,1.25,-0.8510005493841031,7.168978720066655,15,162000372545.42627,3.708744444444444,13.75,13.5,3.75,3.5,-117.55318370114392,35.74946949960336,7.3461949211173865,4.657273636765117
Region_B,1057,23.75,1.25,-0.5164342187125501,6.797407232488596,7,38403624.05677592,10.071627777777778,10.25,10.5,10.25,10.5,-117.54948447208811,35.746120863123856,6.84814548444689,5.152457351866065
Region_B,1058,24.25,1.25,-0.1818678880409954,6.425835744910537,11,1638052913.2598405,2.6389444444444448,32.75,5.5,2.75,2.5,-117.54578555274826,35.74277211114457,6.350402611901844,5.648489691757432
Region_B,1059,24.75,1.25,0.15269844263055754,6.054264257332478,33,816461619.0632176,1.9171333333333331,8.75,8.5,1.75,1.5,-117.54208694307077,35.73942324368887,5.853044514639299,6.145165159129675
Region_B,1060,25.25,1.25,0.4872647733021105,5.682692769754415,15,937744232.415163,3.118033333333333,26.75,26.5,3.25,3.5,-117.53838864300211,35.73607426078017,5.356178380846609,6.642339487565549
Region_B,1061,25.75,1.25,0.821831103973667,5.311121282176356,17,550438839.6228397,0.4798111111111111,4.75,4.5,0.25,0.5,-117.53469065248872,35.7327251624418,4.859955103141182,7.139908466021387
Region_B,1062,26.25,1.25,1.15639743464522,4.939549794598297,7,818176964.5887165,0.9287111111111112,0.75,0.5,0.75,0.5,-117.53099297147706,35.72937594869719,4.364593951520285,7.637794965711972
Region_B,1063,26.75,1.25,1.4909637653167729,4.567978307020238,12,2617587379.7213264,0.7123333333333334,28.75,28.5,0.75,0.5,-117.52729559991361,35.726026619569694,3.8704259608920166,8.135940693819396
Region_B,1064,27.25,1.25,1.8255300959883294,4.196406819442175,13,936088832.6921995,1.1401555555555556,1.25,1.5,1.25,1.5,-117.52359853774482,35.722677175082694,3.3779748187111,8.634300782833419
Region_B,1065,27.75,1.25,2.1600964266598823,3.824835331864116,23,8728886512.846405,0.4975055555555555,0.25,0.5,0.25,0.5,-117.51990178491717,35.71932761525954,2.888118874448509,9.132840141135127
Region_B,1066,28.25,1.25,2.4946627573314353,3.453263844286057,18,2681376071.161178,0.53125,14.75,27.5,0.75,0.5,-117.51620534137713,35.71597794012358,2.4024461263564585,9.631530931197819
Region_B,1067,28.75,1.25,2.8292290880029918,3.0816923567079977,3,38569463.37855589,2.138233333333333,2.25,2.5,2.25,2.5,-117.5125092070712,35.712628149698205,1.9241268531842095,10.130350789272386
Region_B,1068,29.25,1.25,3.1637954186745447,2.710120869129935,11,96203209.31615184,2.896522222222222,2.75,2.5,2.75,2.5,-117.50881338194587,35.709278244006725,1.4604043632651857,10.629281544337932
Region_B,1069,29.75,1.25,3.4983617493460977,2.338549381551876,9,251188952268478.38,0.0,0.25,21.5,0.25,0.5,-117.50511786594764,35.70592822307254,1.0311632563970752,11.128308280412357
Region_B,1070,30.25,1.25,3.8329280800176506,1.9669778939738167,13,208630253426.76407,0.4037,13.25,13.5,0.25,0.5,-117.50142265902298,35.702578086918955,0.7027193027396111,11.627418639534122
Region_B,1071,30.75,1.25,4.167494410689207,1.5954064063957576,7,91788644.20365949,3.590866666666667,7.25,7.5,3.75,3.5,-117.4977277611185,35.699227835569296,0.6514070736047204,12.12660229635972
Region_B,1072,31.25,1.25,4.50206074136076,1.223834918817695,8,177388929.7860769,0.4398277777777778,28.75,28.5,0.25,0.5,-117.49403317218061,35.69587746904689,0.9245798681788903,12.625850557058254
Region_B,1073,31.75,1.25,4.836627072032313,0.8522634312396358,13,160221200.1603534,0.7690888888888888,11.75,11.5,0.75,0.5,-117.49033889215593,35.69252698737512,1.3361753963238194,13.125156049520305
Region_B,1074,32.25,1.25,5.171193402703869,0.48069194366157664,17,1301138012.7817326,0.4362777777777777,5.75,5.5,0.25,0.5,-117.48664492099091,35.68917639057726,1.7932878873288973,13.624512481529413
Region_B,1075,32.75,1.25,5.505759733375422,0.1091204560835175,12,76084827581.8249,0.0960833333333333,0.25,19.5,0.25,0.5,-117.48295125863211,35.68582567867666,2.2685674342941535,14.123914450124726
Region_B,1076,33.25,1.25,5.840326064046975,-0.2624510314945452,15,181024688.32316804,3.376644444444445,8.25,13.5,3.25,3.5,-117.4792579050261,35.68247485169659,2.7526196542638055,14.623357289949984
Region_B,1077,33.75,1.25,6.1748923947185315,-0.6340225190726043,8,513446516.1275846,8.494419444444445,8.25,26.5,8.25,8.5,-117.47556486011942,35.679123909660404,3.241516885369999,15.122836951598225
Region_B,1078,34.25,1.25,6.509458725390084,-1.0055940066506635,6,1366839230215.3113,1.2214277777777778,1.25,1.5,1.25,1.5,-117.4718721238586,35.67577285259139,3.733356194530363,15.622349903254502
Region_B,1079,34.75,1.25,6.844025056061637,-1.3771654942287226,5,245824774.37625673,1.9236888888888888,1.75,3.5,1.75,1.5,-117.46817969619023,35.672421680512855,4.2271107428523385,16.1218930505945
Region_B,1080,35.25,1.25,7.17859138673319,-1.7487369818067853,12,1371943482.8090136,1.8913666666666664,1.75,17.5,1.75,1.5,-117.46448757706086,35.669070393448074,4.722179792155005,16.62146367110606
Region_B,1081,35.75,1.25,7.513157717404747,-2.1203084693848444,3,116336008.2134772,12.339022222222225,12.25,12.5,12.25,12.5,-117.4607957664171,35.665718991420356,5.218189221036021,17.121059359893298
Region_B,1082,36.25,1.25,7.8477240480763,-2.4918799569629035,1,1462177.1744567184,9.083244444444444,9.25,9.5,9.25,9.5,-117.4571042642055,35.66236747445299,5.714894181315691,17.620677984688363
Region_B,1083,36.75,1.25,8.182290378747853,-2.8634514445409627,0,0.0,,,,,,-117.45341307037263,35.659015842569254,6.212127836799186,18.120317648296687
Region_B,1084,37.25,1.25,8.51685670941941,-3.2350229321190254,0,0.0,,,,,,-117.44972218486512,35.65566409579242,6.709772650234492,18.619976657081605
Region_B,1085,37.75,1.25,8.851423040090962,-3.6065944196970845,0,0.0,,,,,,-117.44603160762955,35.65231223414576,7.207743459289753,19.119653494385172
Region_B,1086,38.25,1.25,9.185989370762515,-3.9781659072751436,1,2917427.014001166,14.701066666666666,14.75,14.5,14.75,14.5,-117.44234133861255,35.648960257652554,7.705977065371634,19.61934679800646
Region_B,1087,38.75,1.25,9.520555701434072,-4.349737394853203,1,5432503.314924325,3.688055555555556,3.75,3.5,3.75,3.5,-117.43865137776069,35.64560816633606,8.204425591662895,20.11905534103273
Region_B,1088,39.25,1.25,9.855122032105625,-4.7213088824312655,0,0.0,,,,,,-117.43496172502064,35.642255960219536,8.703052110968455,20.61877801545545
Region_B,1089,39.75,1.25,10.189688362777177,-5.092880370009325,0,0.0,,,,,,-117.43127238033897,35.63890363932623,9.20182768820042,21.118513818110408
Region_B,1090,40.25,1.25,10.52425469344873,-5.464451857587384,0,0.0,,,,,,-117.42758334366235,35.635551203679405,9.700729331366343,21.618261838566287
Region_B,1091,40.75,1.25,10.858821024120287,-5.836023345165443,0,0.0,,,,,,-117.4238946149374,35.632198653302304,10.199738541625994,22.118021248653843
Region_B,1092,41.25,1.25,11.19338735479184,-6.2075948327435055,0,0.0,,,,,,-117.42020619411078,35.62884598821817,10.698840267740714,22.61779129338217
Region_B,1093,41.75,1.25,11.527953685463393,-6.579166320321565,0,0.0,,,,,,-117.41651808112913,35.62549320845023,11.198022139276633,23.117571283032426
Region_B,1094,42.25,1.25,11.86252001613495,-6.950737807899624,0,0.0,,,,,,-117.41283027593909,35.62214031402171,11.697273895606148,23.617360586254698
Region_B,1095,42.75,1.25,12.197086346806502,-7.322309295477683,0,0.0,,,,,,-117.40914277848731,35.61878730495586,12.196586954797167,24.117158624022608
Region_B,1096,43.25,1.25,12.531652677478055,-7.693880783055742,0,0.0,,,,,,-117.40545558872054,35.61543418127589,12.695954083999666,24.616964864323936
Region_B,1097,43.75,1.25,12.866219008149608,-8.065452270633802,0,0.0,,,,,,-117.40176870658536,35.612080943005004,13.19536914451912,25.116778817484747
Region_B,1098,44.25,1.25,13.200785338821165,-8.437023758211868,0,0.0,,,,,,-117.3980821320285,35.608727590166446,13.694826892561542,25.616600032040594
Region_B,1099,44.75,1.25,13.535351669492718,-8.808595245789927,0,0.0,,,,,,-117.39439586499665,35.60537412278341,14.194322821970982,26.11642809108155
Region_B,1100,45.25,1.25,13.86991800016427,-9.180166733367987,0,0.0,,,,,,-117.39070990543647,35.60202054087909,14.693853038989658,26.61626260900889
Region_B,1101,45.75,1.25,14.204484330835827,-9.551738220946046,0,0.0,,,,,,-117.38702425329471,35.59866684447671,15.193414161686144,27.11610322865024
Region_B,1102,46.25,1.25,14.53905066150738,-9.923309708524105,0,0.0,,,,,,-117.38333890851804,35.59531303359944,15.69300323856541,27.61594961868788
Region_B,1103,46.75,1.25,14.873616992178933,-10.294881196102164,0,0.0,,,,,,-117.37965387105315,35.59195910827049,16.19261768222556,28.11580147136123
Region_B,1104,47.25,1.25,15.20818332285049,-10.666452683680223,1,1109174.8152624008,15.467208333333332,15.25,15.5,15.25,15.5,-117.37596914084678,35.588605068513026,16.692255214913992,28.615658500410046
Region_B,1105,47.75,1.25,15.542749653522042,-11.038024171258282,0,0.0,,,,,,-117.3722847178457,35.58525091435026,17.191913823566086,29.115520439229332
Region_B,1106,48.25,1.25,15.877315984193599,-11.409595658836349,0,0.0,,,,,,-117.36860060199658,35.58189664580535,17.69159172245455,29.615387039211097
Region_B,1107,48.75,1.25,16.21188231486515,-11.781167146414408,0,0.0,,,,,,-117.36491679324617,35.578542262901465,18.19128732198801,30.115258068251112
Region_B,1108,49.25,1.25,16.546448645536707,-12.152738633992467,0,0.0,,,,,,-117.36123329154124,35.57518776566178,18.69099920250978,30.615133309401987
Region_B,1109,49.75,1.25,16.881014976208263,-12.524310121570526,0,0.0,,,,,,-117.3575500968285,35.57183315410946,19.190726092186313,31.11501255965593
Region_B,1110,50.25,1.25,17.215581306879812,-12.895881609148585,0,0.0,,,,,,-117.35386720905473,35.56847842826766,19.69046684825984,31.614895628843023
Region_B,1111,0.25,1.75,-15.869480272697526,24.595833479328974,0,0.0,,,,,,-117.71957457988323,35.906402855870255,30.319744618530517,18.430083775108926
Region_B,1112,0.75,1.75,-15.534913942025973,24.224261991750915,0,0.0,,,,,,-117.71586107716504,35.90305943277707,29.819749001123565,17.931135128391194
Region_B,1113,1.25,1.75,-15.20034761135442,23.852690504172852,0,0.0,,,,,,-117.71214788666038,35.89971589311327,29.319753533191733,17.43224672920034
Region_B,1114,1.75,1.75,-14.865781280682864,23.481119016594793,0,0.0,,,,,,-117.70843500831529,35.89637223690244,28.819758222514785,16.93342390253097
Region_B,1115,2.25,1.75,-14.53121495001131,23.109547529016734,0,0.0,,,,,,-117.704722442076,35.89302846416819,28.31976307742189,16.43467261912748
Region_B,1116,2.75,1.75,-14.196648619339758,22.737976041438674,0,0.0,,,,,,-117.70101018788863,35.88968457493413,27.819768106840996,15.935999596291094
Region_B,1117,3.25,1.75,-13.862082288668203,22.36640455386061,1,2290867.65276777,7.235680555555556,7.25,7.5,7.25,7.5,-117.69729824569933,35.88634056922381,27.319773320353647,15.437412418150947
Region_B,1118,3.75,1.75,-13.527515957996648,21.994833066282553,0,0.0,,,,,,-117.6935866154543,35.88299644706085,26.819778728255873,14.938919679922385
Region_B,1119,4.25,1.75,-13.192949627325095,21.623261578704494,0,0.0,,,,,,-117.68987529709968,35.87965220846882,26.319784341626086,14.440531161915883
Region_B,1120,4.75,1.75,-12.85838329665354,21.251690091126434,0,0.0,,,,,,-117.68616429058164,35.876307853471296,25.819790172400808,13.942258040696098
Region_B,1121,5.25,1.75,-12.523816965981988,20.88011860354837,0,0.0,,,,,,-117.6824535958464,35.872963382091854,25.319796233459396,13.444113146966826
Region_B,1122,5.75,1.75,-12.189250635310433,20.508547115970313,0,0.0,,,,,,-117.67874321284012,35.86961879435407,24.81980253871904,12.946111282680121
Region_B,1123,6.25,1.75,-11.85468430463888,20.136975628392253,0,0.0,,,,,,-117.67503314150902,35.866274090281486,24.319809103241404,12.448269613831027
Region_B,1124,6.75,1.75,-11.520117973967325,19.765404140814194,0,0.0,,,,,,-117.67132338179928,35.86292926989767,23.819815943352772,11.950608160830987
Region_B,1125,7.25,1.75,-11.18555164329577,19.393832653236135,0,0.0,,,,,,-117.66761393365711,35.85958433322619,23.3198230767796,11.453150415881714
Region_B,1126,7.75,1.75,-10.850985312624218,19.022261165658072,0,0.0,,,,,,-117.6639047970287,35.85623928029057,22.819830522801908,10.955924127334159
Region_B,1127,8.25,1.75,-10.516418981952663,18.650689678080013,0,0.0,,,,,,-117.66019597186036,35.852894111114374,22.31983830242731,10.4589623060318
Region_B,1128,8.75,1.75,-10.181852651281108,18.27911819050195,0,0.0,,,,,,-117.65648745809823,35.849548825721136,21.819846438588893,9.962304530282402
Region_B,1129,9.25,1.75,-9.847286320609555,17.90754670292389,0,0.0,,,,,,-117.65277925568856,35.84620342413439,21.319854956371067,9.465998657784429
Region_B,1130,9.75,1.75,-9.512719989938002,17.535975215345832,0,0.0,,,,,,-117.64907136457762,35.84285790637766,20.81986388326781,8.970103099979841
Region_B,1131,10.25,1.75,-9.178153659266448,17.164403727767773,0,0.0,,,,,,-117.6453637847116,35.83951227247448,20.319873249479162,8.474689885733827
Region_B,1132,10.75,1.75,-8.843587328594893,16.79283224018971,0,0.0,,,,,,-117.64165651603682,35.83616652244838,19.819883088252517,7.979848851604301
Region_B,1133,11.25,1.75,-8.50902099792334,16.42126075261165,0,0.0,,,,,,-117.63794955849951,35.83282065632286,19.319893436276963,7.485693470183094
Region_B,1134,11.75,1.75,-8.174454667251785,16.049689265033592,1,1364583.136588924,10.177130555555555,10.25,10.5,10.25,10.5,-117.63424291204593,35.82947467412144,18.819904334140414,6.992369109581753
Region_B,1135,12.25,1.75,-7.8398883365802305,15.678117777455531,0,0.0,,,,,,-117.63053657662232,35.82612857586763,18.319915826861664,6.500064984269341
Region_B,1136,12.75,1.75,-7.505322005908678,15.30654628987747,0,0.0,,,,,,-117.62683055217502,35.82278236158492,17.819927964511972,6.009031855034194
Region_B,1137,13.25,1.75,-7.170755675237123,14.934974802299411,0,0.0,,,,,,-117.62312483865026,35.81943603129682,17.319940802944316,5.519608941755474
Region_B,1138,13.75,1.75,-6.83618934456557,14.56340331472135,0,0.0,,,,,,-117.61941943599436,35.81608958502683,16.81995440465267,5.032266080504715
Region_B,1139,14.25,1.75,-6.501623013894015,14.191831827143291,1,660693.4480075964,32.53763333333333,32.75,32.5,32.75,32.5,-117.61571434415362,35.81274302279842,16.319968839789315,4.547672035238423
Region_B,1140,14.75,1.75,-6.1670566832224605,13.82026033956523,0,0.0,,,,,,-117.6120095630743,35.8093963446351,15.819984187374954,4.066809557279622
Region_B,1141,15.25,1.75,-5.8324903525509075,13.448688851987171,0,0.0,,,,,,-117.60830509270274,35.80604955056032,15.320000536745848,3.5911779418837178
Region_B,1142,15.75,1.75,-5.497924021879353,13.07711736440911,0,0.0,,,,,,-117.60460093298524,35.80270264059757,14.82001798929382,3.123167950233139
Region_B,1143,16.25,1.75,-5.1633576912078,12.705545876831051,0,0.0,,,,,,-117.60089708386815,35.79935561477033,14.320036660570807,2.6667952828169565
Region_B,1144,16.75,1.75,-4.828791360536245,12.33397438925299,1,1109174.8152624008,11.189347222222224,11.25,11.5,11.25,11.5,-117.59719354529778,35.796008473102056,13.820056682850158,2.229218723128366
Region_B,1145,17.25,1.75,-4.494225029864692,11.962402901674931,0,0.0,,,,,,-117.59349031722046,35.7926612156162,13.320078208264798,1.8240162144666818
Region_B,1146,17.75,1.75,-4.1596586991931375,11.59083141409687,0,0.0,,,,,,-117.5897873995825,35.78931384233624,12.820101412679625,1.47805757185864
Region_B,1147,18.25,1.75,-3.825092368521583,11.219259926518811,0,0.0,,,,,,-117.5860847923303,35.78596635328561,12.320126500506786,1.241882933621345
Region_B,1148,18.75,1.75,-3.4905260378500302,10.84768843894075,0,0.0,,,,,,-117.58238249541016,35.78261874848777,11.820153710742893,1.1831704255563744
Region_B,1149,19.25,1.75,-3.1559597071784755,10.476116951362691,1,1462177.1744567184,29.587355555555558,29.75,29.5,29.75,29.5,-117.57868050876849,35.779271027966146,11.32018332460603,1.3257116168317122
Region_B,1150,19.75,1.75,-2.8213933765069226,10.10454546378463,0,0.0,,,,,,-117.57497883235162,35.7759231917442,10.820215675289834,1.6171364587114614
Region_B,1151,20.25,1.75,-2.486827045835368,9.732973976206571,2,30453168.41844162,17.98581111111111,17.75,17.5,17.75,17.5,-117.57127746610591,35.77257523984535,10.3202511605526,1.9931756975202024
Region_B,1152,20.75,1.75,-2.152260715163813,9.36140248862851,6,3898305507.1004896,17.923758333333332,17.75,18.5,17.75,17.5,-117.56757640997778,35.76922717229302,9.820290259151543,2.4146155793990163
Region_B,1153,21.25,1.75,-1.8176943844922602,8.989831001050451,4,23025416.97258641,18.09361388888889,18.25,18.5,18.25,18.5,-117.56387566391356,35.765878989110654,9.320333552565923,2.8614659584499234
Region_B,1154,21.75,1.75,-1.4831280538207054,8.61825951347239,8,1522672867.6146045,17.738408333333332,17.75,17.5,17.75,17.5,-117.56017522785966,35.76253069032167,8.820381754107105,3.3234931121425606
Region_B,1155,22.25,1.75,-1.1485617231491525,8.246688025894331,5,38387137.0192223,6.874266666666667,6.75,6.5,6.75,6.5,-117.5564751017625,35.75918227594944,8.320435748522128,3.7951581655512503
Region_B,1156,22.75,1.75,-0.8139953924775978,7.875116538316272,4,242883474.71703082,5.7088833333333335,5.75,5.5,5.75,5.5,-117.55277528556846,35.75583374601744,7.820496646785574,4.273270941169262
Region_B,1157,23.25,1.75,-0.47942906180604306,7.503545050738209,5,15243068.985473631,18.31883888888889,18.25,18.5,18.25,18.5,-117.54907577922394,35.75248510054904,7.320565863338967,4.755887253892059
Region_B,1158,23.75,1.75,-0.1448627311344901,7.13197356316015,1,9440608.762859223,5.8538,5.75,5.5,5.75,5.5,-117.54537658267536,35.74913633956763,6.820645227292153,5.241763310835794
Region_B,1159,24.25,1.75,0.18970359953706462,6.760402075582091,4,650442246259.6193,0.0683888888888888,0.25,0.5,0.25,0.5,-117.54167769586917,35.74578746309665,6.3207371463843245,5.730069950874555
Region_B,1160,24.75,1.75,0.5242699302086176,6.388830588004032,28,34108953749.09263,0.2245833333333333,30.75,26.5,0.25,0.5,-117.53797911875172,35.74243847115944,5.820844855412493,6.220234776678996
Region_B,1161,25.25,1.75,0.8588362608801705,6.017259100425969,15,10595509873.255665,0.1255444444444444,0.25,29.5,0.25,0.5,-117.53428085126953,35.73908936377943,5.3209728046553195,6.711850692029592
Region_B,1162,25.75,1.75,1.193402591551727,5.64568761284791,9,756437898.6361326,0.7867333333333333,0.75,0.5,0.75,0.5,-117.53058289336899,35.735740140979985,4.821127289854616,7.204620652552737
Region_B,1163,26.25,1.75,1.52796892222328,5.274116125269851,10,4119071596.0033307,1.3908111111111112,6.75,6.5,1.25,1.5,-117.52688524499656,35.73239080278448,4.32131751923882,7.6983230500077555
Region_B,1164,26.75,1.75,1.862535252894833,4.902544637691792,15,1500470034.1178188,0.5670777777777778,0.75,0.5,0.75,0.5,-117.52318790609868,35.7290413492163,3.8215575174501537,8.192789318502703
Region_B,1165,27.25,1.75,2.1971015835663894,4.530973150113729,3,751023573.4613067,0.5351777777777778,0.75,0.5,0.75,0.5,-117.51949087662182,35.72569178029881,3.321869747036928,8.687889033157788
Region_B,1166,27.75,1.75,2.5316679142379424,4.15940166253567,17,6851697639.702754,0.31455,5.75,5.5,0.25,0.5,-117.51579415651243,35.722342096055364,2.822292574021803,9.183519743951914
Region_B,1167,28.25,1.75,2.8662342449094953,3.7878301749576107,16,534952474.6057142,1.9444444444444444,5.25,5.5,1.75,1.5,-117.51209774571701,35.71899229650934,2.3228973568537303,9.679599884429411
Region_B,1168,28.75,1.75,3.200800575581052,3.4162586873795515,6,125927228.63158657,3.085166666666667,3.25,3.5,3.25,3.5,-117.508401644182,35.715642381684084,1.8238335690455596,10.176063726104372
Region_B,1169,29.25,1.75,3.5353669062526047,3.044687199801489,7,74003341.41314505,1.1635333333333333,1.25,1.5,1.25,1.5,-117.50470585185388,35.71229235160295,1.3254756296050432,10.672857723816454
Region_B,1170,29.75,1.75,3.8699332369241577,2.6731157122234297,7,3132452092.6220837,0.2406444444444444,0.25,0.5,0.25,0.5,-117.50101036867918,35.70894220628929,0.8290973415566555,11.16993782560672
Region_B,1171,30.25,1.75,4.204499567595711,2.3015442246453706,7,1041247319.1991,0.2826611111111111,0.25,0.5,0.25,0.5,-117.49731519460437,35.70559194576643,0.34339359178024587,11.667267463421375
Region_B,1172,30.75,1.75,4.539065898267268,1.9299727370673116,9,19795676869.264008,0.4692277777777778,0.25,0.5,0.25,0.5,-117.4936203295759,35.702241570057716,0.22008161207870347,12.164816032234206
Region_B,1173,31.25,1.75,4.8736322289388205,1.558401249489249,11,720447918.8800482,2.3410777777777776,2.25,22.5,2.25,2.5,-117.48992577354039,35.698891079186474,0.6920640671748443,12.662557724772421
Region_B,1174,31.75,1.75,5.2081985596103735,1.1868297619111898,16,1133576232.2372622,2.1237222222222223,4.25,4.5,2.25,2.5,-117.48623152644427,35.69554047317605,1.187210777483935,13.160470628677569
Region_B,1175,32.25,1.75,5.54276489028193,0.8152582743331307,26,6643679929.643126,1.608488888888889,24.25,12.5,1.75,1.5,-117.4825375882341,35.692189752049764,1.685225856457655,13.658536019770798
Region_B,1176,32.75,1.75,5.877331220953483,0.44368678675507156,9,3951132851.0444865,5.890816666666666,32.25,32.5,5.75,5.5,-117.47884395885634,35.688838915830914,2.184148104953704,14.156737803550207
Region_B,1177,33.25,1.75,6.211897551625036,0.07211529917700887,12,3145436219.907819,3.5857166666666664,8.75,8.5,3.75,3.5,-117.47515063825762,35.68548796454284,2.6834715764234,14.655062069931976
Region_B,1178,33.75,1.75,6.546463882296592,-0.29945618840105026,3,68821861.18158822,11.686111111111112,11.75,11.5,11.75,11.5,-117.47145762638442,35.682136898208825,3.1830074549978233,15.153496735362774
Region_B,1179,34.25,1.75,6.881030212968145,-0.6710276759791094,0,0.0,,,,,,-117.46776492318328,35.678785716852204,3.682669305771445,15.65203125296335
Region_B,1180,34.75,1.75,7.215596543639698,-1.0425991635571685,4,193054693.02453744,2.5888222222222224,2.75,2.5,2.75,2.5,-117.46407252860078,35.67543442049625,4.182411980277714,16.150656376099167
Region_B,1181,35.25,1.75,7.550162874311251,-1.4141706511352312,7,15874725458.388174,5.647494444444444,5.75,5.5,5.75,5.5,-117.46038044258344,35.672083009164275,4.682209599096348,16.649363964245723
Region_B,1182,35.75,1.75,7.884729204982808,-1.7857421387132904,0,0.0,,,,,,-117.45668866507788,35.66873148287957,5.1820462644566785,17.14814682258743
Region_B,1183,36.25,1.75,8.21929553565436,-2.1573136262913497,0,0.0,,,,,,-117.45299719603061,35.66537984166543,5.681911671617998,17.646998568711528
Region_B,1184,36.75,1.75,8.553861866325914,-2.528885113869409,1,5821032.17770871,8.311022222222222,8.25,8.5,8.25,8.5,-117.44930603538825,35.66202808554511,6.18179884832629,18.145913521209064
Region_B,1185,37.25,1.75,8.88842819699747,-2.9004566014474715,0,0.0,,,,,,-117.44561518309735,35.65867621454191,6.68170290856064,18.644886606098986
Region_B,1186,37.75,1.75,9.222994527669023,-3.2720280890255307,1,1462177.1744567184,22.094294444444447,22.25,22.5,22.25,22.5,-117.44192463910453,35.655324228679106,7.181620326595324,19.14391327783796
Region_B,1187,38.25,1.75,9.557560858340576,-3.64359957660359,1,2454708.915685029,22.11411111111111,22.25,22.5,22.25,22.5,-117.43823440335633,35.65197212797995,7.681548494442154,19.64298945233316
Region_B,1188,38.75,1.75,9.892127189012133,-4.015171064181649,0,0.0,,,,,,-117.4345444757994,35.648619912467716,8.18148544150547,20.142111449884375
Region_B,1189,39.25,1.75,10.226693519683685,-4.386742551759712,0,0.0,,,,,,-117.43085485638036,35.645267582165665,8.68142965108083,20.641275946381185
Region_B,1190,39.75,1.75,10.561259850355238,-4.758314039337771,0,0.0,,,,,,-117.42716554504578,35.641915137097044,9.181379936794077,21.140479931395735
Region_B,1191,40.25,1.75,10.895826181026791,-5.12988552691583,0,0.0,,,,,,-117.42347654174233,35.63856257728513,9.681335357318442,21.639720672061298
Region_B,1192,40.75,1.75,11.230392511698348,-5.501457014493889,0,0.0,,,,,,-117.41978784641658,35.63520990275312,10.181295156214835,22.138995681826408
Region_B,1193,41.25,1.75,11.5649588423699,-5.873028502071952,0,0.0,,,,,,-117.41609945901517,35.63185711352429,10.681258718665282,22.63830269333414
Region_B,1194,41.75,1.75,11.899525173041454,-6.244599989650011,0,0.0,,,,,,-117.4124113794848,35.62850420962188,11.18122553981282,23.137639634805254
Region_B,1195,42.25,1.75,12.23409150371301,-6.61617147722807,0,0.0,,,,,,-117.40872360777206,35.6251511910691,11.681195201230992,23.637004609408578
Region_B,1196,42.75,1.75,12.568657834384563,-6.987742964806129,0,0.0,,,,,,-117.40503614382358,35.621798057889194,12.181167353187515,24.136395877187084
Region_B,1197,43.25,1.75,12.903224165056116,-7.359314452384188,0,0.0,,,,,,-117.40134898758608,35.61844481010538,12.681141701103286,24.63581183917804
Region_B,1198,43.75,1.75,13.237790495727669,-7.730885939962247,0,0.0,,,,,,-117.39766213900619,35.61509144774089,13.181117995092833,25.135251023422786
Region_B,1199,44.25,1.75,13.572356826399226,-8.102457427540314,0,0.0,,,,,,-117.39397559803058,35.61173797081891,13.681096021798098,25.63471207260904
Region_B,1200,44.75,1.75,13.906923157070779,-8.474028915118373,0,0.0,,,,,,-117.3902893646059,35.60838437936267,14.181075597949512,26.134193733127848
Region_B,1201,45.25,1.75,14.241489487742331,-8.845600402696432,0,0.0,,,,,,-117.3866034386789,35.605030673395355,14.681056565242793,26.633694845359894
Region_B,1202,45.75,1.75,14.576055818413888,-9.217171890274491,0,0.0,,,,,,-117.38291782019621,35.601676852940194,15.181038786227969,27.133214335033024
Region_B,1203,46.25,1.75,14.910622149085441,-9.58874337785255,0,0.0,,,,,,-117.37923250910457,35.59832291802037,15.681022140984858,27.632751205515763
Region_B,1204,46.75,1.75,15.245188479756994,-9.96031486543061,0,0.0,,,,,,-117.37554750535062,35.594968868659066,16.181006524414876,28.1323045309307
Region_B,1205,47.25,1.75,15.57975481042855,-10.331886353008668,0,0.0,,,,,,-117.37186280888112,35.591614704879476,16.680991844019832,28.631873449987783
Region_B,1206,47.75,1.75,15.914321141100103,-10.703457840586728,0,0.0,,,,,,-117.36817841964276,35.588260426704785,17.180978018068576,29.13145716045125
Region_B,1207,48.25,1.75,16.24888747177166,-11.075029328164794,0,0.0,,,,,,-117.36449433758226,35.58490603415816,17.68096497407467,29.631054914165613
Region_B,1208,48.75,1.75,16.58345380244321,-11.446600815742853,0,0.0,,,,,,-117.36081056264635,35.58155152726279,18.180952647525224,30.13066601257578
Region_B,1209,49.25,1.75,16.918020133114766,-11.818172303320912,0,0.0,,,,,,-117.35712709478177,35.57819690604183,18.680940980813947,30.630289802685194
Region_B,1210,49.75,1.75,17.252586463786322,-12.189743790898971,0,0.0,,,,,,-117.35344393393525,35.57484217051845,19.180929922340926,31.129925673402628
Region_B,1211,50.25,1.75,17.58715279445787,-12.56131527847703,0,0.0,,,,,,-117.34976108005354,35.5714873207158,19.68091942574972,31.629573052234882
Region_B,1212,0.25,2.25,-15.497908785119467,24.930399810000527,0,0.0,,,,,,-117.71546487984247,35.90942405356094,30.321791148831284,18.468791346527222
Region_B,1213,0.75,2.25,-15.163342454447914,24.558828322422467,0,0.0,,,,,,-117.71175140844257,35.90608050549089,29.821829843764498,17.97091741777949
Region_B,1214,1.25,2.25,-14.828776123776361,24.187256834844405,0,0.0,,,,,,-117.70803824928305,35.9027368408604,29.321869858307846,17.473164907129487
Region_B,1215,1.75,2.25,-14.494209793104805,23.815685347266346,0,0.0,,,,,,-117.7043254023101,35.89939305969309,28.82191126113328,16.975544495150448
Region_B,1216,2.25,2.25,-14.159643462433252,23.444113859688287,0,0.0,,,,,,-117.70061286746984,35.89604916201254,28.321954125761536,16.47806814957154
Region_B,1217,2.75,2.25,-13.825077131761699,23.072542372110227,0,0.0,,,,,,-117.69690064470836,35.892705147842356,27.82199853099774,15.980749324641051
Region_B,1218,3.25,2.25,-13.490510801090144,22.700970884532165,1,154881.66189124796,16.918316666666666,16.75,16.5,16.75,16.5,-117.69318873397191,35.88936101720611,27.322044561414867,15.483603198613254
Region_B,1219,3.75,2.25,-13.15594447041859,22.329399396954106,1,1621810.09735893,3.842133333333333,3.75,3.5,3.75,3.5,-117.68947713520657,35.886016770127426,26.822092307891253,14.98664695811568
Region_B,1220,4.25,2.25,-12.821378139747036,21.957827909376046,0,0.0,,,,,,-117.68576584835851,35.88267240662986,26.322141868209332,14.489900140521648
Region_B,1221,4.75,2.25,-12.486811809075482,21.586256421797987,1,21627185.2372702,6.192783333333334,6.25,6.5,6.25,6.5,-117.68205487337391,35.87932792673699,25.822193347723935,13.993385048564216
Region_B,1222,5.25,2.25,-12.152245478403929,21.214684934219925,0,0.0,,,,,,-117.67834421019894,35.87598333047241,25.32224686010974,13.497127255548559
Region_B,1223,5.75,2.25,-11.817679147732374,20.843113446641865,0,0.0,,,,,,-117.67463385877977,35.87263861785965,24.82230252819905,13.001156225027184
Region_B,1224,6.25,2.25,-11.483112817060821,20.471541959063806,0,0.0,,,,,,-117.6709238190626,35.86929378892231,24.322360484922847,12.505506076231159
Region_B,1225,6.75,2.25,-11.148546486389266,20.099970471485747,0,0.0,,,,,,-117.6672140909936,35.865948843683924,23.822420874370344,12.010216536671841
Region_B,1226,7.25,2.25,-10.813980155717712,19.728398983907688,0,0.0,,,,,,-117.66350467451896,35.86260378216806,23.322483852984767,11.515334137263974
Region_B,1227,7.75,2.25,-10.479413825046159,19.356827496329625,0,0.0,,,,,,-117.65979556958492,35.85925860439827,22.822549590916317,11.020913724729375
Region_B,1228,8.25,2.25,-10.144847494374604,18.985256008751566,0,0.0,,,,,,-117.65608677613763,35.85591331039809,22.322618273556845,10.527020393398105
Region_B,1229,8.75,2.25,-9.81028116370305,18.613684521173504,0,0.0,,,,,,-117.65237829412337,35.85256790019105,21.822690103285463,10.033731977589936
Region_B,1230,9.25,2.25,-9.475714833031496,18.242113033595444,0,0.0,,,,,,-117.64867012348836,35.84922237380071,21.32276530145968,9.541142302324296
Region_B,1231,9.75,2.25,-9.141148502359943,17.870541546017385,0,0.0,,,,,,-117.64496226417877,35.84587673125057,20.822844110693243,9.049365473241396
Region_B,1232,10.25,2.25,-8.806582171688389,17.498970058439326,0,0.0,,,,,,-117.64125471614088,35.8425309725642,20.322926797470185,8.558541610776032
Region_B,1233,10.75,2.25,-8.472015841016834,17.127398570861263,0,0.0,,,,,,-117.63754747932092,35.83918509776507,19.823013655154227,8.068844622278709
Region_B,1234,11.25,2.25,-8.13744951034528,16.755827083283204,0,0.0,,,,,,-117.63384055366514,35.83583910687674,19.323105007465298,7.580492897798095
Region_B,1235,11.75,2.25,-7.802883179673726,16.384255595705145,0,0.0,,,,,,-117.63013393911976,35.83249299992271,18.82320121250979,7.093764276366862
Region_B,1236,12.25,2.25,-7.468316849002171,16.012684108127086,0,0.0,,,,,,-117.62642763563109,35.82914677692647,18.32330266747044,6.609017373539728
Region_B,1237,12.75,2.25,-7.1337505183306185,15.641112620549025,1,260015.9563165272,21.988466666666664,21.75,21.5,21.75,21.5,-117.62272164314537,35.82580043791154,17.823409814085206,6.126722588696281
Region_B,1238,13.25,2.25,-6.799184187659064,15.269541132970966,0,0.0,,,,,,-117.61901596160888,35.82245398290143,17.323523145074397,5.64750818626521
Region_B,1239,13.75,2.25,-6.464617856987511,14.897969645392905,0,0.0,,,,,,-117.6153105909679,35.8191074119196,16.82364321171332,5.172230442374339
Region_B,1240,14.25,2.25,-6.130051526315956,14.526398157814846,0,0.0,,,,,,-117.61160553116868,35.81576072498957,16.323770632795817,4.702083238748029
Region_B,1241,14.75,2.25,-5.795485195644401,14.154826670236785,0,0.0,,,,,,-117.60790078215756,35.81241392213481,15.823906105296079,4.23877409391046
Region_B,1242,15.25,2.25,-5.460918864972848,13.783255182658726,0,0.0,,,,,,-117.6041963438808,35.80906700337881,15.324050417116423,3.7848150356784607
Region_B,1243,15.75,2.25,-5.126352534301294,13.411683695080665,1,13335214.32163324,18.627466666666667,18.75,18.5,18.75,18.5,-117.60049221628472,35.80571996874503,14.824204462412995,3.3440161317477273
Region_B,1244,16.25,2.25,-4.791786203629741,13.040112207502606,0,0.0,,,,,,-117.59678839931564,35.802372818256956,14.324369260128865,2.922338605377607
Region_B,1245,16.75,2.25,-4.457219872958186,12.668540719924545,0,0.0,,,,,,-117.59308489291986,35.79902555193804,13.82454597654564,2.5293639436766764
Region_B,1246,17.25,2.25,-4.122653542286633,12.296969232346486,0,0.0,,,,,,-117.58938169704368,35.79567816981176,13.324735952908174,2.1806652642400044
Region_B,1247,17.75,2.25,-3.788087211615078,11.925397744768425,0,0.0,,,,,,-117.58567881163346,35.79233067190156,12.824940739505312,1.9007682735552545
Region_B,1248,18.25,2.25,-3.453520880943523,11.553826257190366,1,870963.5899560796,30.95525277777778,30.75,30.5,30.75,30.5,-117.58197623663555,35.788983058230905,12.325162138037879,1.7235251854398659
Region_B,1249,18.75,2.25,-3.11895455027197,11.182254769612305,2,771745.4553440614,24.79617777777778,24.75,24.5,24.75,24.5,-117.57827397199621,35.785635328823226,11.825402254723596,1.6817128470511298
Region_B,1250,19.25,2.25,-2.7843882196004155,10.810683282034246,0,0.0,,,,,,-117.57457201766191,35.782287483701985,11.32566356745252,1.7848745432181268
Region_B,1251,19.75,2.25,-2.4498218889288625,10.439111794456185,1,58884365.53555884,1.032238888888889,1.25,1.5,1.25,1.5,-117.57087037357888,35.7789395228906,10.825949011528769,2.0108197756436077
Region_B,1252,20.25,2.25,-2.115255558257308,10.067540306878126,0,0.0,,,,,,-117.56716903969354,35.77559144641253,10.326262090288052,2.3240084348406977
Region_B,1253,20.75,2.25,-1.780689227585753,9.695968819300065,12,269275768751.67365,18.074427777777775,19.25,29.5,18.25,18.5,-117.56346801595228,35.77224325429119,9.826607019435528,2.694185264658318
Region_B,1254,21.25,2.25,-1.4461228969142002,9.324397331722006,19,291034816.4141724,17.717516666666665,18.25,18.5,17.75,17.5,-117.5597673023014,35.768894946549985,9.326988917733258,3.1010084287846267
Region_B,1255,21.75,2.25,-1.1115565662426454,8.952825844143945,3,53047564.30657021,19.51037222222222,19.75,19.5,19.75,19.5,-117.55606689868736,35.76554652321237,8.827414062375142,3.531836959782346
Region_B,1256,22.25,2.25,-0.7769902355710925,8.581254356565886,4,13487938.446416698,15.081033333333334,15.25,15.5,15.25,15.5,-117.55236680505647,35.76219798430174,8.327890236171335,3.9788806649076434
Region_B,1257,22.75,2.25,-0.44242390489953776,8.209682868987827,1,2213094.7096056365,24.894022222222222,24.75,24.5,24.75,24.5,-117.54866702135514,35.758849329841524,7.828427207480267,4.437241302956961
Region_B,1258,23.25,2.25,-0.10785757422798303,7.838111381409763,2,5780287.6101220455,25.48803333333333,25.25,25.5,25.25,25.5,-117.54496754752981,35.75550055985511,7.329037406093427,4.9037464673205235
Region_B,1259,23.75,2.25,0.22670875644356991,7.466539893831704,0,0.0,,,,,,-117.54126838352684,35.75215167436592,6.829736895153144,5.376276448514324
Region_B,1260,24.25,2.25,0.5612750871151246,7.094968406253645,1,7673614.893618186,5.179577777777777,5.25,5.5,5.25,5.5,-117.53756952929264,35.74880267339731,6.330546802142414,5.85337231738603
Region_B,1261,24.75,2.25,0.8958414177866776,6.7233969186755855,14,5041159755.061218,0.1666388888888889,0.25,0.5,0.25,0.5,-117.53387098477364,35.74545355697273,5.831495483254273,6.334002409301119
Region_B,1262,25.25,2.25,1.2304077484582305,6.351825431097523,10,90645834.06528623,1.8652888888888888,22.75,22.5,1.75,1.5,-117.53017274991626,35.74210432511552,5.33262189999576,6.817419273898569
Region_B,1263,25.75,2.25,1.564974079129787,5.980253943519464,9,544124333.8950046,3.544916666666667,6.25,6.5,3.75,3.5,-117.52647482466693,35.738754977849084,4.833981080374002,7.303069532136128
Region_B,1264,26.25,2.25,1.89954040980134,5.608682455941405,8,203496099.98337126,1.897622222222222,1.75,1.5,1.75,1.5,-117.52277720897207,35.7354055151968,4.335653335140305,7.790535516015974
Region_B,1265,26.75,2.25,2.234106740472893,5.237110968363345,5,60135024.91893598,0.7351777777777777,0.75,0.5,0.75,0.5,-117.51907990277812,35.73205593718204,3.8377606230212793,8.279496522216647
Region_B,1266,27.25,2.25,2.5686730711444494,4.865539480785283,3,3439164.9448265955,10.97805,10.75,15.5,10.75,10.5,-117.51538290603153,35.72870624382818,3.3404974714422515,8.769702486201508
Region_B,1267,27.75,2.25,2.9032394018160024,4.493967993207224,6,224506868.65523124,1.8363333333333332,1.75,1.5,1.75,1.5,-117.51168621867878,35.72535643515858,2.8441941062120755,9.260955713725242
Region_B,1268,28.25,2.25,3.2378057324875553,4.1223965056291645,5,85343012.94652832,2.5174333333333334,2.75,2.5,2.75,2.5,-117.50798984066628,35.7220065111966,2.3494588463965353,9.75309795740161
Region_B,1269,28.75,2.25,3.572372063159112,3.7508250180511054,4,428137651.2916171,1.4972222222222222,1.25,1.5,1.25,1.5,-117.50429377194051,35.71865647196559,1.8575450540997276,10.246001112715282
Region_B,1270,29.25,2.25,3.9069383938306648,3.3792535304730427,0,0.0,,,,,,-117.50059801244797,35.71530631748892,1.3714920288174404,10.739560411713978
Region_B,1271,29.75,2.25,4.241504724502217,3.0076820428949835,3,106217056.8364172,5.042761111111111,5.25,5.5,5.25,5.5,-117.49690256213513,35.71195604778991,0.9008369121040759,11.233689370458192
Region_B,1272,30.25,2.25,4.57607105517377,2.6361105553169244,4,421738316389.5841,0.1080444444444444,0.25,0.5,0.25,0.5,-117.49320742094845,35.70860566289192,0.4919592455769394,11.728315987687091
Region_B,1273,30.75,2.25,4.910637385845327,2.2645390677388653,8,73110962.65184253,2.0759777777777777,2.25,2.5,2.25,2.5,-117.48951258883443,35.70525516281829,0.4153801348259883,12.223379849375865
Region_B,1274,31.25,2.25,5.24520371651688,1.8929675801608028,10,2267132964.7472763,1.0822888888888889,1.25,4.5,1.25,1.5,-117.48581806573956,35.70190454759234,0.776567713407839,12.718829898116384
Region_B,1275,31.75,2.25,5.579770047188433,1.5213960925827437,17,527037970.40270185,0.3850555555555556,5.75,5.5,0.25,0.5,-117.48212385161035,35.69855381723742,1.238375617737567,13.21462269655515
Region_B,1276,32.25,2.25,5.914336377859989,1.1498246050046845,29,6883569838.299603,0.1879444444444444,3.25,3.5,0.25,0.5,-117.47842994639332,35.69520297177683,1.7216535446210803,13.710721062271007
Region_B,1277,32.75,2.25,6.248902708531542,0.7782531174266254,6,45743172.88108525,4.368722222222222,4.25,4.5,4.25,4.5,-117.474736350035,35.69185201123389,2.2123760269912864,14.207092984931615
Region_B,1278,33.25,2.25,6.583469039203095,0.4066816298485627,8,231189123.47221363,0.2735,0.25,0.5,0.25,0.5,-117.47104306248184,35.68850093563194,2.706496710122733,14.703710760130738
Region_B,1279,33.75,2.25,6.9180353698746515,0.035110142270503575,4,35094310124.4201,9.132988888888889,9.25,9.5,9.25,9.5,-117.46735008368044,35.68514974499427,3.202443004801898,15.200550291113666
Region_B,1280,34.25,2.25,7.2526017005462045,-0.33646134530755556,1,758577.5750291835,31.75988611111111,31.75,31.5,31.75,31.5,-117.4636574135773,35.68179843934418,3.6994807684463,15.697590521725525
Region_B,1281,34.75,2.25,7.587168031217757,-0.7080328328856147,1,933254300796.9886,1.7952,1.75,1.5,1.75,1.5,-117.45996505211897,35.67844701870498,4.197222261591997,16.19481297276564
Region_B,1282,35.25,2.25,7.92173436188931,-1.0796043204636774,3,7743098040.603422,1.2360444444444445,1.25,1.5,1.25,1.5,-117.45627299925198,35.67509548309998,4.695443692592093,16.692201360454217
Region_B,1283,35.75,2.25,8.256300692560867,-1.4511758080417365,1,23988329.190194897,13.59318611111111,13.75,13.5,13.75,13.5,-117.4525812549229,35.67174383255245,5.194006952960528,17.18974128057316
Region_B,1284,36.25,2.25,8.59086702323242,-1.8227472956197956,0,0.0,,,,,,-117.4488898190783,35.66839206708567,5.6928222336993555,17.687419945490415
Region_B,1285,36.75,2.25,8.925433353903973,-2.194318783197855,2,6478889.897621563,10.797291666666666,10.75,10.5,10.75,10.5,-117.44519869166471,35.66504018672297,6.191828626633745,18.185225964040793
Region_B,1286,37.25,2.25,9.25999968457553,-2.5658902707759177,1,13803842.64602884,10.953216666666668,10.75,10.5,10.75,10.5,-117.44150787262873,35.66168819148757,6.690983373070105,18.68314915634714
Region_B,1287,37.75,2.25,9.594566015247082,-2.937461758353977,0,0.0,,,,,,-117.43781736191694,35.658336081402766,7.190255576528557,19.181180397290625
Region_B,1288,38.25,2.25,9.929132345918635,-3.309033245932036,0,0.0,,,,,,-117.43412715947589,35.65498385649185,7.689622358276082,19.679311483598642
Region_B,1289,38.75,2.25,10.263698676590192,-3.680604733510095,0,0.0,,,,,,-117.4304372652522,35.65163151677807,8.189066416264973,20.177535020502102
Region_B,1290,39.25,2.25,10.598265007261745,-4.052176221088158,0,0.0,,,,,,-117.42674767919245,35.648279062284665,8.68857442432867,20.67584432468672
Region_B,1291,39.75,2.25,10.932831337933298,-4.423747708666217,0,0.0,,,,,,-117.42305840124327,35.64492649303492,9.188135952640105,21.17423334087379
Region_B,1292,40.25,2.25,11.26739766860485,-4.795319196244276,0,0.0,,,,,,-117.41936943135123,35.64157380905207,9.687742721671395,21.67269656985172
Region_B,1293,40.75,2.25,11.601963999276407,-5.166890683822335,0,0.0,,,,,,-117.41568076946295,35.63822101035935,10.187388075380095,22.171229006168193
Region_B,1294,41.25,2.25,11.93653032994796,-5.538462171400398,0,0.0,,,,,,-117.4119924155251,35.63486809698004,10.687066601995891,22.66982608400526
Region_B,1295,41.75,2.25,12.271096660619513,-5.910033658978457,0,0.0,,,,,,-117.40830436948426,35.63151506893734,11.186773856326738,23.168483630012055
Region_B,1296,42.25,2.25,12.60566299129107,-6.281605146556516,0,0.0,,,,,,-117.40461663128706,35.62816192625451,11.686506153239078,23.66719782207492
Region_B,1297,42.75,2.25,12.940229321962622,-6.653176634134575,0,0.0,,,,,,-117.40092920088016,35.62480866895475,12.186260411906282,24.16596515317191
Region_B,1298,43.25,2.25,13.274795652634175,-7.024748121712634,0,0.0,,,,,,-117.39724207821021,35.6214552970613,12.686034036841209,24.66478239959579
Region_B,1299,43.75,2.25,13.609361983305728,-7.3963196092906935,0,0.0,,,,,,-117.39355526322386,35.61810181059737,13.185824825963412,25.1636465929424
Region_B,1300,44.25,2.25,13.943928313977285,-7.76789109686876,0,0.0,,,,,,-117.38986875586774,35.6147482095862,13.685630898796468,25.66255499535448
Region_B,1301,44.75,2.25,14.278494644648838,-8.139462584446818,0,0.0,,,,,,-117.38618255608856,35.61139449405098,14.185450639834887,26.161505077588416
Region_B,1302,45.25,2.25,14.61306097532039,-8.511034072024877,0,0.0,,,,,,-117.38249666383295,35.608040664014894,14.685282653469473,26.66049449953574
Region_B,1303,45.75,2.25,14.947627305991947,-8.882605559602936,0,0.0,,,,,,-117.37881107904761,35.60468671950117,15.185125727809792,27.159521092885033
Region_B,1304,46.25,2.25,15.2821936366635,-9.254177047180995,0,0.0,,,,,,-117.37512580167923,35.601332660533,15.684978805420497,27.658582845654948
Region_B,1305,46.75,2.25,15.616759967335053,-9.625748534759055,0,0.0,,,,,,-117.37144083167449,35.59797848713357,16.18484095947778,28.15767788836731
Region_B,1306,47.25,2.25,15.95132629800661,-9.997320022337114,0,0.0,,,,,,-117.36775616898008,35.59462419932607,16.684711374209897,28.65680448166091
Region_B,1307,47.75,2.25,16.285892628678162,-10.368891509915173,0,0.0,,,,,,-117.36407181354271,35.591269797133684,17.184589328750004,29.15596100517409
Region_B,1308,48.25,2.25,16.62045895934972,-10.740462997493239,0,0.0,,,,,,-117.3603877653091,35.58791528057959,17.684474183726472,29.655145947547172
Region_B,1309,48.75,2.25,16.95502529002127,-11.112034485071298,0,0.0,,,,,,-117.35670402422592,35.584560649686956,18.184365370064125,30.154357897415338
Region_B,1310,49.25,2.25,17.289591620692825,-11.483605972649357,0,0.0,,,,,,-117.35302059023995,35.581205904478956,18.684262379582634,30.653595535279482
Region_B,1311,49.75,2.25,17.62415795136438,-11.855177460227416,0,0.0,,,,,,-117.34933746329789,35.57785104497875,19.18416475706426,31.152857626156827
Region_B,1312,50.25,2.25,17.95872428203593,-12.226748947805476,0,0.0,,,,,,-117.34565464334646,35.574496071209495,19.684072093529977,31.6521430129255
Region_B,1313,0.25,2.75,-15.126337297541406,25.26496614067208,0,0.0,,,,,,-117.7113548682163,35.91244510986057,30.332080759713406,18.520921133830907
Region_B,1314,0.75,2.75,-14.791770966869853,24.89339465309402,0,0.0,,,,,,-117.7076414281731,35.90910143680761,29.8322918993978,18.02448719605292
Region_B,1315,1.25,2.75,-14.4572046361983,24.521823165515958,1,1462177.1744567184,13.653941666666668,13.75,13.5,13.75,13.5,-117.70392830039728,35.905757647204425,29.33251023570903,17.528255980438182
Region_B,1316,1.75,2.75,-14.122638305526744,24.1502516779379,1,5248074.602497723,5.8194,5.75,5.5,5.75,5.5,-117.70021548483491,35.90241374107457,28.832736142882354,17.032245205810604
Region_B,1317,2.25,2.75,-13.78807197485519,23.77868019035984,0,0.0,,,,,,-117.69650298143218,35.899069718441694,28.332970021552168,16.53647470853294
Region_B,1318,2.75,2.75,-13.453505644183638,23.40710870278178,0,0.0,,,,,,-117.69279079013515,35.89572557932939,27.833212301121,16.040966767032494
Region_B,1319,3.25,2.75,-13.118939313512083,23.035537215203718,0,0.0,,,,,,-117.68907891088998,35.89238132376123,27.333463442388208,15.545746487580844
Region_B,1320,3.75,2.75,-12.784372982840528,22.66396572762566,0,0.0,,,,,,-117.68536734364278,35.88903695176079,26.833723940472222,15.050842265176506
Region_B,1321,4.25,2.75,-12.449806652168975,22.2923942400476,0,0.0,,,,,,-117.68165608833976,35.885692463351674,26.333994328065227,14.556286337054336
Region_B,1322,4.75,2.75,-12.11524032149742,21.92082275246954,0,0.0,,,,,,-117.67794514492707,35.88234785855745,25.83427517906533,14.062115451147672
Region_B,1323,5.25,2.75,-11.780673990825868,21.549251264891478,0,0.0,,,,,,-117.67423451335084,35.87900313740172,25.334567112638222,13.568371678152737
Region_B,1324,5.75,2.75,-11.446107660154313,21.17767977731342,0,0.0,,,,,,-117.67052419355723,35.875658299908004,24.834870797768804,13.075103404240773
Region_B,1325,6.25,2.75,-11.11154132948276,20.80610828973536,0,0.0,,,,,,-117.66681418549246,35.87231334609989,24.33518695837304,12.582366552707006
Region_B,1326,6.75,2.75,-10.776974998811205,20.4345368021573,0,0.0,,,,,,-117.66310448910264,35.868968276000935,23.83551637905226,12.09022609804181
Region_B,1327,7.25,2.75,-10.44240866813965,20.06296531457924,0,0.0,,,,,,-117.65939510433401,35.86562308963471,23.335859911586034,11.598757956646159
Region_B,1328,7.75,2.75,-10.107842337468098,19.69139382700118,0,0.0,,,,,,-117.65568603113272,35.86227778702474,22.836218482276514,11.108051367001947
Region_B,1329,8.25,2.75,-9.773276006796543,19.31982233942312,0,0.0,,,,,,-117.65197726944503,35.85893236819458,22.336593100277554,10.618211911948505
Region_B,1330,8.75,2.75,-9.438709676124988,18.948250851845057,0,0.0,,,,,,-117.64826881921708,35.855586833167756,21.836984867065926,10.129365391876057
Region_B,1331,9.25,2.75,-9.104143345453435,18.576679364266997,0,0.0,,,,,,-117.64456068039512,35.852241181967834,21.337394987241662,9.64166283776962
Region_B,1332,9.75,2.75,-8.769577014781882,18.20510787668894,0,0.0,,,,,,-117.64085285292538,35.84889541461833,20.837824780880204,9.155287068809969
Region_B,1333,10.25,2.75,-8.435010684110328,17.83353638911088,0,0.0,,,,,,-117.63714533675402,35.845549531142765,20.33827569770271,8.670461368774463
Region_B,1334,10.75,2.75,-8.100444353438773,17.46196490153282,0,0.0,,,,,,-117.63343813182732,35.84220353156467,19.838749333384502,8.187461107235968
Region_B,1335,11.25,2.75,-7.76587802276722,17.09039341395476,0,0.0,,,,,,-117.62973123809151,35.83885741590754,19.33924744838753,7.706629510855764
Region_B,1336,11.75,2.75,-7.431311692095665,16.718821926376698,0,0.0,,,,,,-117.6260246554928,35.83551118419492,18.839771989784346,7.228399370032359
Region_B,1337,12.25,2.75,-7.0967453614241105,16.34725043879864,0,0.0,,,,,,-117.62231838397747,35.8321648364503,18.340325116642894,6.753323366149107
Region_B,1338,12.75,2.75,-6.7621790307525576,15.975678951220578,0,0.0,,,,,,-117.6186124234918,35.82881837269719,17.84090922966825,6.282117121072068
Region_B,1339,13.25,2.75,-6.427612700081003,15.604107463642519,0,0.0,,,,,,-117.61490677398197,35.82547179295909,17.341527005957726,5.8157213273985295
Region_B,1340,13.75,2.75,-6.09304636940945,15.232535976064458,1,451855.9443749217,15.202208333333331,15.25,15.5,15.25,15.5,-117.61120143539432,35.82212509725948,16.842181439928158,5.355392944784668
Region_B,1341,14.25,2.75,-5.758480038737895,14.860964488486399,0,0.0,,,,,,-117.60749640767509,35.81877828562186,16.342875891732152,4.902841281149198
Region_B,1342,14.75,2.75,-5.42391370806634,14.489393000908338,1,707945.7843841374,21.26182222222222,21.25,21.5,21.25,21.5,-117.60379169077056,35.81543135806972,15.84361414481113,4.460434021844959
Region_B,1343,15.25,2.75,-5.0893473773947875,14.117821513330279,0,0.0,,,,,,-117.60008728462705,35.812084314626546,15.344400474660416,4.031512209869058
Region_B,1344,15.75,2.75,-4.754781046723233,13.746250025752218,0,0.0,,,,,,-117.59638318919077,35.80873715531579,14.845239731437758,3.6208714052579376
Region_B,1345,16.25,2.75,-4.42021471605168,13.374678538174159,0,0.0,,,,,,-117.5926794044081,35.80538988016094,14.346137439776522,3.2354796813619298
Region_B,1346,16.75,2.75,-4.085648385380125,13.003107050596098,1,3349654.3915782725,21.65905555555556,21.75,21.5,21.75,21.5,-117.58897593022533,35.80204248918546,13.847099920129741,2.885471851118494
Region_B,1347,17.25,2.75,-3.7510820547085726,12.631535563018039,0,0.0,,,,,,-117.58527276658873,35.798694982412805,13.348134437259633,2.5852595302384027
Region_B,1348,17.75,2.75,-3.416515724037018,12.259964075439978,0,0.0,,,,,,-117.58156991344465,35.79534735986645,12.849249383222972,2.3539723604536613
Region_B,1349,18.25,2.75,-3.081949393365463,11.888392587861919,0,0.0,,,,,,-117.5778673707394,35.79199962156981,12.35045450456603,2.213324402086392
Region_B,1350,18.75,2.75,-2.74738306269391,11.516821100283858,0,0.0,,,,,,-117.57416513841932,35.788651767546384,11.8517611866952,2.180922727645887
Region_B,1351,19.25,2.75,-2.4128167320223555,11.145249612705799,0,0.0,,,,,,-117.57046321643072,35.78530379781957,11.353182812918773,2.261424988597605
Region_B,1352,19.75,2.75,-2.0782504013508025,10.773678125127738,1,109647.8196143185,30.326200000000004,30.25,30.5,30.25,30.5,-117.56676160471999,35.781955712412845,10.854735222042665,2.4436984294599386
Region_B,1353,20.25,2.75,-1.7436840706792478,10.402106637549679,2,1002972.4065130599,9.297025,9.25,9.5,9.25,9.5,-117.56306030323343,35.77860751134962,10.356437297533986,2.7072644956184595
Region_B,1354,20.75,2.75,-1.409117740007693,10.030535149971618,6,550709643.6984776,15.261258333333332,15.25,15.5,15.25,15.5,-117.5593593119174,35.77525919465333,9.858311734513798,3.0309899512086105
Region_B,1355,21.25,2.75,-1.0745514093361401,9.658963662393559,11,1507830763.2386403,17.61706388888889,17.75,17.5,17.75,17.5,-117.55565863071828,35.7719107623474,9.360386050369499,3.397722637211411
Region_B,1356,21.75,2.75,-0.7399850786645854,9.287392174815498,5,69106568.41364525,10.861308333333334,10.75,10.5,10.75,10.5,-117.55195825958242,35.768562214455265,8.862693934072828,3.795014908338328
Region_B,1357,22.25,2.75,-0.40541874799303246,8.915820687237439,0,0.0,,,,,,-117.54825819845621,35.76521355100031,8.365277074081334,4.214232692863726
Region_B,1358,22.75,2.75,-0.07085241732147773,8.54424919965938,2,12037535.407560263,17.82036111111111,17.75,17.5,17.75,17.5,-117.54455844728601,35.76186477200597,7.868187674633225,4.649449023776124
Region_B,1359,23.25,2.75,0.263713913350077,8.172677712081317,3,48398953.60998589,5.087594444444444,5.25,5.5,5.25,5.5,-117.54085900601822,35.75851587749564,7.37149198197689,5.096567007288736
Region_B,1360,23.75,2.75,0.5982802440216299,7.801106224503258,0,0.0,,,,,,-117.53715987459924,35.75516686749274,6.8752753252105485,5.552712336766182
Region_B,1361,24.25,2.75,0.9328465746931847,7.4295347369251985,0,0.0,,,,,,-117.53346105297544,35.75181774202064,6.379649485241994,6.015831890101871
Region_B,1362,24.75,2.75,1.2674129053647376,7.057963249347139,6,44381720.37250126,3.141511111111112,3.25,3.5,3.25,3.5,-117.52976254109323,35.74846850110276,5.884763743061218,6.4844315375411234
Region_B,1363,25.25,2.75,1.6019792360362906,6.686391761769077,0,0.0,,,,,,-117.52606433889905,35.745119144762455,5.39082192886644,6.9574040704956355
Region_B,1364,25.75,2.75,1.936545566707847,6.3148202741910175,1,451855.9443749217,12.238733333333334,12.25,12.5,12.25,12.5,-117.52236644633926,35.74176967302316,4.898109617581736,7.43391487947236
Region_B,1365,26.25,2.75,2.2711118973794,5.943248786612958,1,13803842.64602884,4.026255555555555,4.25,4.5,4.25,4.5,-117.51866886336035,35.7384200859082,4.4070392082379,7.913324805057091
Region_B,1366,26.75,2.75,2.605678228050953,5.571677299034899,1,933254.3007969904,12.665233333333331,12.75,12.5,12.75,12.5,-117.51497158990868,35.735070383440984,3.918228086781775,8.395137193960746
Region_B,1367,27.25,2.75,2.9402445587225094,5.200105811456837,2,99106498.10884468,0.6058166666666667,0.75,0.5,0.75,0.5,-117.51127462593074,35.73172056564488,3.4326415625790245,8.878960949374338
Region_B,1368,27.75,2.75,3.2748108893940624,4.8285343238787775,3,21317094.560559817,3.741811111111111,3.75,3.5,3.75,3.5,-117.50757797137292,35.72837063254323,2.951871415601364,9.364484319790693
Region_B,1369,28.25,2.75,3.6093772200656153,4.456962836300718,0,0.0,,,,,,-117.50388162618175,35.72502058415942,2.4787217696514126,9.851456014757261
Region_B,1370,28.75,2.75,3.943943550737172,4.085391348722659,0,0.0,,,,,,-117.5001855903036,35.72167042051679,2.018558487743978,10.339671399313827
Region_B,1371,29.25,2.75,4.278509881408725,3.713819861144597,0,0.0,,,,,,-117.496489863685,35.71832014163869,1.5827492301507124,10.828962262418301
Region_B,1372,29.75,2.75,4.613076212080278,3.342248373566538,1,1798870.9151287875,26.97261111111111,26.75,26.5,26.75,26.5,-117.49279444627233,35.71496974754849,1.1981702227321878,11.3191891368583
Region_B,1373,30.25,2.75,4.947642542751831,2.9706768859884787,1,555904.2572704037,11.54946111111111,11.75,11.5,11.75,11.5,-117.48909933801212,35.71161923826951,0.9306603245768702,11.810235465521517
Region_B,1374,30.75,2.75,5.282208873423388,2.5991053984104195,2,23914150.471113537,23.06306111111111,23.25,23.5,23.25,23.5,-117.48540453885089,35.70826861382509,0.8925499408105706,12.3020031208805
Region_B,1375,31.25,2.75,5.616775204094941,2.227533910832357,6,789164775.5535659,5.024711111111111,5.25,5.5,5.25,5.5,-117.48171004873501,35.70491787423857,1.107773512023272,12.794408928170338
Region_B,1376,31.75,2.75,5.9513415347664935,1.8559624232542977,31,226717250410.97202,0.3238055555555555,4.25,2.5,0.25,0.5,-117.47801586761108,35.70156701953328,1.46890398292053,13.28738194138846
Region_B,1377,32.25,2.75,6.28590786543805,1.4843909356762386,13,33717973267.41602,2.5385444444444447,22.25,10.5,2.75,2.5,-117.47432199542554,35.698216049732544,1.8942533273401496,13.780861289898665
Region_B,1378,32.75,2.75,6.620474196109603,1.1128194480981795,4,14796318838.819702,3.485116666666667,3.25,3.5,3.25,3.5,-117.4706284321249,35.694864964859676,2.3491939948072926,14.274794461795894
Region_B,1379,33.25,2.75,6.955040526781156,0.7412479605201168,2,338726001.86403704,1.481888888888889,1.25,1.5,1.25,1.5,-117.4669351776557,35.69151376493799,2.8194377422348014,14.769135924677858
Region_B,1380,33.75,2.75,7.289606857452712,0.36967647294205763,1,165958690.74375564,14.907944444444444,14.75,14.5,14.75,14.5,-117.46324223196441,35.68816244999079,3.298445988558477,15.263846009335309
Region_B,1381,34.25,2.75,7.624173188124265,-0.0018950146360015019,3,23261548.63494648,7.453758333333333,7.25,7.5,7.25,7.5,-117.45954959499761,35.684811020041415,3.7828907857003915,15.758889999990249
Region_B,1382,34.75,2.75,7.958739518795818,-0.37346650221406064,0,0.0,,,,,,-117.45585726670176,35.68145947511313,4.270922552989733,16.254237388043894
Region_B,1383,35.25,2.75,8.293305849467371,-0.7450379897921233,2,2468322.207714107,23.431438888888888,23.25,23.5,23.25,23.5,-117.45216524702343,35.67810781522925,4.761438460248727,16.74986125620076
Region_B,1384,35.75,2.75,8.627872180138928,-1.1166094773701825,2,139732335364.19577,0.0600888888888888,0.25,0.5,0.25,0.5,-117.44847353590917,35.674756040413044,5.253742758056889,17.245737767259094
Region_B,1385,36.25,2.75,8.96243851081048,-1.4881809649482416,1,5248074.602497723,3.3204777777777776,3.25,3.5,3.25,3.5,-117.44478213330555,35.671404150687835,5.7473758990459825,17.74184573746931
Region_B,1386,36.75,2.75,9.297004841482034,-1.8597524525263007,0,0.0,,,,,,-117.44109103915908,35.66805214607688,6.242022627484943,18.238166278638023
Region_B,1387,37.25,2.75,9.63157117215359,-2.2313239401043634,0,0.0,,,,,,-117.43740025341631,35.66470002660348,6.737459702227056,18.734682496438005
Region_B,1388,37.75,2.75,9.966137502825143,-2.6028954276824225,0,0.0,,,,,,-117.43370977602385,35.66134779229087,7.233524728390226,19.23137923492311
Region_B,1389,38.25,2.75,10.300703833496696,-2.9744669152604817,0,0.0,,,,,,-117.43001960692825,35.65799544316236,7.730096813968911,19.728242859224007
Region_B,1390,38.75,2.75,10.635270164168253,-3.346038402838541,0,0.0,,,,,,-117.42632974607608,35.65464297924119,8.227084143876963,20.22526106994949
Region_B,1391,39.25,2.75,10.969836494839805,-3.7176098904166035,0,0.0,,,,,,-117.42264019341394,35.651290400550636,8.724415755082468,20.722422744039985
Region_B,1392,39.75,2.75,11.304402825511358,-4.089181377994663,0,0.0,,,,,,-117.41895094888841,35.64793770711394,9.22203594791468,21.219717797788853
Region_B,1393,40.25,2.75,11.638969156182911,-4.460752865572722,0,0.0,,,,,,-117.4152620124461,35.64458489895435,9.719900399784455,21.717137068520064
Region_B,1394,40.75,2.75,11.973535486854468,-4.832324353150781,0,0.0,,,,,,-117.41157338403364,35.641231976095135,10.217973406641331,22.21467221203094
Region_B,1395,41.25,2.75,12.30810181752602,-5.203895840728844,0,0.0,,,,,,-117.40788506359756,35.63787893855952,10.716225888619972,22.71231561340831
Region_B,1396,41.75,2.75,12.642668148197574,-5.575467328306903,0,0.0,,,,,,-117.40419705108455,35.63452578637074,11.214633924164813,23.210060309231473
Region_B,1397,42.25,2.75,12.97723447886913,-5.947038815884962,0,0.0,,,,,,-117.40050934644121,35.63117251955205,11.713177656388883,23.707899919504754
Region_B,1398,42.75,2.75,13.311800809540683,-6.318610303463021,0,0.0,,,,,,-117.39682194961416,35.62781913812664,12.211840466007864,24.205828587931972
Region_B,1399,43.25,2.75,13.646367140212236,-6.690181791041081,0,0.0,,,,,,-117.39313486055006,35.624465642117755,12.710608338090138,24.703840929366347
Region_B,1400,43.75,2.75,13.98093347088379,-7.06175327861914,0,0.0,,,,,,-117.38944807919552,35.62111203154862,13.209469371682797,25.20193198345173
Region_B,1401,44.25,2.75,14.315499801555346,-7.433324766197206,0,0.0,,,,,,-117.3857616054972,35.61775830644244,13.708413396105529,25.7000971736221
Region_B,1402,44.75,2.75,14.650066132226899,-7.804896253775265,0,0.0,,,,,,-117.38207543940173,35.61440446682243,14.207431667814733,26.198332270751703
Region_B,1403,45.25,2.75,14.984632462898452,-8.176467741353324,0,0.0,,,,,,-117.37838958085581,35.611050512711806,14.706516628784815,26.69663336085285
Region_B,1404,45.75,2.75,15.319198793570008,-8.548039228931383,0,0.0,,,,,,-117.3747040298061,35.60769644413374,15.205661712330173,27.194996816305984
Region_B,1405,46.25,2.75,15.653765124241561,-8.919610716509442,0,0.0,,,,,,-117.37101878619926,35.60434226111145,15.704861185853352,27.693419270180126
Region_B,1406,46.75,2.75,15.988331454913114,-9.291182204087502,0,0.0,,,,,,-117.36733384998199,35.60098796366811,16.204110022584473,28.191897593263832
Region_B,1407,47.25,2.75,16.32289778558467,-9.66275369166556,0,0.0,,,,,,-117.36364922110091,35.597633551826924,16.703403796266254,28.690428873479156
Region_B,1408,47.75,2.75,16.65746411625622,-10.03432517924362,0,0.0,,,,,,-117.35996489950281,35.59427902561109,17.202738594137312,29.189010397395414
Region_B,1409,48.25,2.75,16.992030446927778,-10.405896666821686,0,0.0,,,,,,-117.3562808851343,35.59092438504374,17.702110944611128,29.687639633597502
Region_B,1410,48.75,2.75,17.326596777599327,-10.777468154399745,0,0.0,,,,,,-117.35259717794216,35.58756963014808,18.20151775683611,30.186314217695415
Region_B,1411,49.25,2.75,17.661163108270884,-11.149039641977804,0,0.0,,,,,,-117.34891377787302,35.58421476094728,18.700956269921594,30.6850319387895
Region_B,1412,49.75,2.75,17.99572943894244,-11.520611129555864,0,0.0,,,,,,-117.34523068487364,35.58085977746449,19.20042401007382,31.183790727229155
Region_B,1413,50.25,2.75,18.33029576961399,-11.892182617133923,0,0.0,,,,,,-117.34154789889077,35.577504679722885,19.699918754241565,31.68258864352334
Region_B,1414,0.25,3.25,-14.754765809963347,25.599532471343633,1,197242.27361148532,26.96553888888889,26.75,26.5,26.75,26.5,-117.70724454496084,35.915466024743075,30.3506050673493,18.58636020014704
Region_B,1415,0.75,3.25,-14.420199479291794,25.227960983765573,0,0.0,,,,,,-117.7035311363129,35.9121222267012,29.851126355822966,18.091721988929116
Region_B,1416,1.25,3.25,-14.085633148620241,24.85638949618751,0,0.0,,,,,,-117.69981803995924,35.90877831211927,29.351665395142536,17.59738683895403
Region_B,1417,1.75,3.25,-13.751066817948685,24.48481800860945,0,0.0,,,,,,-117.69610525584595,35.90543428102088,28.852223107162942,17.10338102817346
Region_B,1418,2.25,3.25,-13.416500487277132,24.113246521031392,0,0.0,,,,,,-117.6923927839192,35.90209013342966,28.352800478658306,16.60973394217906
Region_B,1419,2.75,3.25,-13.081934156605579,23.741675033453333,0,0.0,,,,,,-117.68868062412506,35.89874586936919,27.853398567135503,16.116478544181618
Region_B,1420,3.25,3.25,-12.747367825934024,23.37010354587527,0,0.0,,,,,,-117.68496877640969,35.89540148886307,27.35401850728345,15.623651932251873
Region_B,1421,3.75,3.25,-12.41280149526247,22.99853205829721,0,0.0,,,,,,-117.68125724071918,35.89205699193489,26.854661518140663,15.131296003160106
Region_B,1422,4.25,3.25,-12.078235164590916,22.626960570719152,0,0.0,,,,,,-117.67754601699968,35.88871237860824,26.35532891107611,14.639458247159979
Region_B,1423,4.75,3.25,-11.743668833919362,22.255389083141093,0,0.0,,,,,,-117.67383510519734,35.88536764890666,25.85602209869306,14.148192704562362
Region_B,1424,5.25,3.25,-11.409102503247809,21.88381759556303,0,0.0,,,,,,-117.67012450525833,35.882022802853754,25.35674260478272,13.65756112344085
Region_B,1425,5.75,3.25,-11.074536172576254,21.51224610798497,0,0.0,,,,,,-117.66641421712876,35.87867784047308,24.857492075475005,13.167634368997879
Region_B,1426,6.25,3.25,-10.739969841904701,21.140674620406912,0,0.0,,,,,,-117.66270424075482,35.875332761788215,24.35827229175752,12.678494149965347
Region_B,1427,6.75,3.25,-10.405403511233146,20.769103132828853,0,0.0,,,,,,-117.6589945760827,35.8719875668227,23.859085183562705,12.19023514727246
Region_B,1428,7.25,3.25,-10.070837180561591,20.397531645250794,0,0.0,,,,,,-117.65528522305853,35.868642255600115,23.35993284565692,11.702967657004276
Region_B,1429,7.75,3.25,-9.736270849890039,20.02596015767273,0,0.0,,,,,,-117.65157618162851,35.865296828143975,22.86081755560593,11.216820896135383
Region_B,1430,8.25,3.25,-9.401704519218484,19.654388670094672,0,0.0,,,,,,-117.64786745173883,35.861951284477854,22.361741794140272,10.731947169599312
Region_B,1431,8.75,3.25,-9.067138188546929,19.28281718251661,0,0.0,,,,,,-117.64415903333567,35.85860562462528,21.862708268302423,10.248527166679217
Region_B,1432,9.25,3.25,-8.732571857875376,18.91124569493855,0,0.0,,,,,,-117.64045092636523,35.8552598486098,21.363719937829146,9.766776751889708
Region_B,1433,9.75,3.25,-8.398005527203823,18.53967420736049,0,0.0,,,,,,-117.63674313077375,35.85191395645492,20.86478004530836,9.286955752901195
Region_B,1434,10.25,3.25,-8.063439196532268,18.168102719782432,0,0.0,,,,,,-117.63303564650741,35.848567948184204,20.365892150755325,8.809379444174027
Region_B,1435,10.75,3.25,-7.728872865860714,17.796531232204373,0,0.0,,,,,,-117.6293284735124,35.84522182382115,19.867060171381596,8.334433707608886
Region_B,1436,11.25,3.25,-7.394306535189161,17.424959744626314,0,0.0,,,,,,-117.62562161173501,35.84187558338928,19.368288427488796,7.862595262482897
Region_B,1437,11.75,3.25,-7.059740204517606,17.05338825704825,0,0.0,,,,,,-117.62191506112143,35.8385292269121,18.869581695615185,7.394458959025316
Region_B,1438,12.25,3.25,-6.725173873846051,16.681816769470192,0,0.0,,,,,,-117.61820882161791,35.83518275441313,18.370945270306457,6.930775016677505
Region_B,1439,12.75,3.25,-6.390607543174498,16.310245281892133,0,0.0,,,,,,-117.61450289317067,35.83183616591589,17.872385036186262,6.472500395279431
Region_B,1440,13.25,3.25,-6.056041212502944,15.938673794314074,0,0.0,,,,,,-117.61079727572599,35.82848946144383,17.373907552384235,6.020870402357427
Region_B,1441,13.75,3.25,-5.721474881831391,15.567102306736013,0,0.0,,,,,,-117.60709196923011,35.82514264102049,16.875520151861792,5.57749938924918
Region_B,1442,14.25,3.25,-5.386908551159836,15.195530819157954,1,288403.1503126605,16.17195,16.25,16.5,16.25,16.5,-117.6033869736293,35.821795704669334,16.377231058789913,5.1445231530401605
Region_B,1443,14.75,3.25,-5.052342220488281,14.823959331579893,0,0.0,,,,,,-117.59968228886981,35.81844865241386,15.87904952791861,4.724800261096501
Region_B,1444,15.25,3.25,-4.717775889816728,14.452387844001834,0,0.0,,,,,,-117.59597791489794,35.815101484277555,15.380986010889929,4.3221934873798595
Region_B,1445,15.75,3.25,-4.383209559145174,14.080816356423773,1,421696.5034285823,23.4183,23.25,23.5,23.25,23.5,-117.59227385165993,35.81175420028387,14.88305235575993,3.9419507324978276
Region_B,1446,16.25,3.25,-4.048643228473621,13.709244868845714,0,0.0,,,,,,-117.5885700991021,35.80840680045631,14.385262047713647,3.5911828987857835
Region_B,1447,16.75,3.25,-3.7140768978020655,13.337673381267653,1,785235.634610071,28.15525555555556,28.25,28.5,28.25,28.5,-117.58486665717074,35.80505928481831,13.88763050122266,3.2793617744345855
Region_B,1448,17.25,3.25,-3.3795105671305126,12.966101893689594,0,0.0,,,,,,-117.58116352581216,35.801711653393355,13.390175416908825,3.018581236725965
Region_B,1449,17.75,3.25,-3.044944236458958,12.594530406111533,0,0.0,,,,,,-117.57746070497261,35.79836390620489,12.892917220423346,2.8230217352697355
Region_B,1450,18.25,3.25,-2.710377905787403,12.222958918533473,0,0.0,,,,,,-117.57375819459845,35.79501604327638,12.395879606134786,2.706856249027024
Region_B,1451,18.75,3.25,-2.37581157511585,11.851387430955413,0,0.0,,,,,,-117.57005599463602,35.791668064631246,11.899090215931958,2.6804271652085494
Region_B,1452,19.25,3.25,-2.0412452444442954,11.479815943377353,0,0.0,,,,,,-117.56635410503158,35.78831997029297,11.402581493854235,2.7463264232569378
Region_B,1453,19.75,3.25,-1.7066789137727425,11.108244455799293,1,6237348.354824191,18.003805555555555,18.25,18.5,18.25,18.5,-117.56265252573151,35.784971760284975,10.90639177185042,2.89826290356319
Region_B,1454,20.25,3.25,-1.3721125831011878,10.736672968221233,1,1188502.2274370166,20.713666666666665,20.75,20.5,20.75,20.5,-117.5589512566821,35.781623434630674,10.410566662683928,3.123707235523495
Region_B,1455,20.75,3.25,-1.037546252429633,10.365101480643172,3,200966447.88481107,18.12129722222222,18.25,18.5,18.25,18.5,-117.55525029782974,35.77827499335353,9.91516086582993,3.408102980890269
Region_B,1456,21.25,3.25,-0.7029799217580801,9.993529993065113,6,13514871.562449796,19.15331944444444,19.25,19.5,19.25,19.5,-117.55154964912076,35.774926436476946,9.420240535802938,3.738018855415851
Region_B,1457,21.75,3.25,-0.3684135910865254,9.621958505487052,1,933254.3007969904,21.398791666666664,21.25,21.5,21.25,21.5,-117.54784931050153,35.771577764024364,8.925886427099787,4.102487537889144
Region_B,1458,22.25,3.25,-0.033847260414972435,9.250387017908993,0,0.0,,,,,,-117.54414928191838,35.76822897601919,8.432198127806512,4.493108393264848
Region_B,1459,22.75,3.25,0.3007190702565823,8.878815530330934,0,0.0,,,,,,-117.5404495633177,35.76488007248481,7.939299844676675,4.903635597056364
Region_B,1460,23.25,3.25,0.635285400928137,8.507244042752871,0,0.0,,,,,,-117.53675015464586,35.76153105344467,7.44734843959798,5.329470996619611
Region_B,1461,23.75,3.25,0.96985173159969,8.135672555174812,0,0.0,,,,,,-117.53305105584921,35.75818191892216,6.95654479881226,5.767224647861476
Region_B,1462,24.25,3.25,1.3044180622712447,7.764101067596753,0,0.0,,,,,,-117.52935226687421,35.754832668940665,6.467150245276612,6.214378422174837
Region_B,1463,24.75,3.25,1.6389843929427976,7.392529580018694,0,0.0,,,,,,-117.52565378766717,35.75148330352358,5.979510770295574,6.669041775928796
Region_B,1464,25.25,3.25,1.9735507236143506,7.020958092440631,1,707945.7843841374,15.547505555555556,15.75,15.5,15.75,15.5,-117.52195561817456,35.748133822694335,5.494093720458378,7.129778204416657
Region_B,1465,25.75,3.25,2.308117054285907,6.649386604862572,2,2997060.7566789663,16.274375,16.25,16.5,16.25,16.5,-117.51825775834273,35.744784226476256,5.011544928091496,7.595482623195588
Region_B,1466,26.25,3.25,2.64268338495746,6.277815117284513,1,1862087.1366628653,18.786386111111117,18.75,18.5,18.75,18.5,-117.5145602081181,35.741434514892745,4.532780528922511,8.065294496443228
Region_B,1467,26.75,3.25,2.977249715629013,5.906243629706454,0,0.0,,,,,,-117.51086296744712,35.73808468796719,4.059139820267155,8.53853584342472
Region_B,1468,27.25,3.25,3.3118160463005695,5.534672142128391,1,2454708.915685029,23.62597777777778,23.75,23.5,23.75,23.5,-117.50716603627619,35.73473474572294,3.592649835090788,9.014666570902111
Region_B,1469,27.75,3.25,3.6463823769721224,5.163100654550332,0,0.0,,,,,,-117.50346941455173,35.73138468818337,3.1365027649720476,9.493251941228111
Region_B,1470,28.25,3.25,3.9809487076436754,4.791529166972273,0,0.0,,,,,,-117.49977310222022,35.728034515371846,2.695953699857757,9.973938612941359
Region_B,1471,28.75,3.25,4.315515038315231,4.419957679394214,0,0.0,,,,,,-117.49607709922805,35.72468422731172,2.2800620844345785,10.45643679700757
Region_B,1472,29.25,3.25,4.650081368986784,4.048386191816151,1,616595.0018614822,28.749277777777777,28.75,28.5,28.75,28.5,-117.49238140552171,35.721333824026345,1.905045896028641,10.940506822122329
Region_B,1473,29.75,3.25,4.984647699658337,3.6768147042380916,0,0.0,,,,,,-117.48868602104763,35.71798330553907,1.5999114422601624,11.425948912891064
Region_B,1474,30.25,3.25,5.31921403032989,3.3052432166600325,0,0.0,,,,,,-117.48499094575227,35.71463267187324,1.4107563149511035,11.91259533414477
Region_B,1475,30.75,3.25,5.653780361001447,2.9336717290819734,2,8089858.803149063,7.3936222222222225,7.25,7.5,7.25,7.5,-117.48129617958212,35.71128192305217,1.3859113020947074,12.400304295870288
Region_B,1476,31.25,3.25,5.988346691673,2.5621002415039107,14,1043273499.7094798,1.8753111111111112,4.25,2.5,1.75,1.5,-117.47760172248361,35.70793105909922,1.5333841313817178,12.888955181288761
Region_B,1477,31.75,3.25,6.322913022344553,2.1905287539258516,33,6377717371.429861,1.0953611111111112,9.25,16.5,1.25,1.5,-117.47390757440328,35.704580080037715,1.8115693890857967,13.378444778835906
Region_B,1478,32.25,3.25,6.657479353016109,1.8189572663477924,12,5871150807.5449915,3.295027777777778,11.75,11.5,3.25,3.5,-117.47021373528757,35.701228985890964,2.1707833628835744,13.868684282780865
Region_B,1479,32.75,3.25,6.992045683687662,1.4473857787697333,0,0.0,,,,,,-117.466520205083,35.69787777668231,2.577366323530968,14.359596887466733
Region_B,1480,33.25,3.25,7.326612014359215,1.0758142911916706,3,592719112.1606557,1.13705,1.25,1.5,1.25,1.5,-117.46282698373608,35.69452645243505,3.012197523863759,14.851115843788829
Region_B,1481,33.75,3.25,7.6611783450307716,0.7042428036136115,1,1000000.0,17.183958333333333,17.25,17.5,17.25,17.5,-117.45913407119326,35.691175013172504,3.464657368322357,15.343182878422812
Region_B,1482,34.25,3.25,7.9957446757023245,0.33267131603555233,0,0.0,,,,,,-117.4554414674011,35.68782345891797,3.928659750725407,15.83574689984082
Region_B,1483,34.75,3.25,8.330311006373877,-0.0389001715425068,0,0.0,,,,,,-117.45174917230608,35.684471789694754,4.4005549870521135,16.328762932656886
Region_B,1484,35.25,3.25,8.66487733704543,-0.4104716591205695,0,0.0,,,,,,-117.44805718585476,35.68112000552616,4.878052987736876,16.82219123497295
Region_B,1485,35.75,3.25,8.999443667716987,-0.7820431466986286,0,0.0,,,,,,-117.44436550799367,35.677768106435465,5.359656491629673,17.315996563325257
Region_B,1486,36.25,3.25,9.33400999838854,-1.1536146342766878,1,121618600.06463704,1.9867277777777776,1.75,1.5,1.75,1.5,-117.44067413866932,35.67441609244599,5.844350645312746,17.81014755739501
Region_B,1487,36.75,3.25,9.668576329060093,-1.525186121854747,1,1862087.1366628653,12.528969444444444,12.75,12.5,12.75,12.5,-117.43698307782827,35.67106396358096,6.331425686404834,18.30461622245259
Region_B,1488,37.25,3.25,10.00314265973165,-1.8967576094328096,0,0.0,,,,,,-117.43329232541707,35.66771171986371,6.820371542633612,18.799377491990686
Region_B,1489,37.75,3.25,10.337708990403202,-2.2683290970108687,0,0.0,,,,,,-117.42960188138225,35.66435936131748,7.310812864289838,19.29440885649149
Region_B,1490,38.25,3.25,10.672275321074755,-2.639900584588928,0,0.0,,,,,,-117.42591174567039,35.66100688796555,7.8024676541313,19.7896900470055
Region_B,1491,38.75,3.25,11.006841651746312,-3.011472072166987,0,0.0,,,,,,-117.42222191822808,35.65765429983118,8.295120146861326,20.285202764370876
Region_B,1492,39.25,3.25,11.341407982417865,-3.3830435597450497,0,0.0,,,,,,-117.41853239900185,35.65430159693766,8.788602562863113,20.780930446607325
Region_B,1493,39.75,3.25,11.675974313089418,-3.754615047323109,0,0.0,,,,,,-117.41484318793833,35.650948779308195,9.282782544316305,21.276858068376132
Region_B,1494,40.25,3.25,12.01054064376097,-4.1261865349011675,0,0.0,,,,,,-117.41115428498406,35.64759584696607,9.777554322127946,21.7729719674856
Region_B,1495,40.75,3.25,12.345106974432527,-4.497758022479227,0,0.0,,,,,,-117.40746569008566,35.64424279993454,10.272832388356306,22.269259694296196
Region_B,1496,41.25,3.25,12.67967330510408,-4.869329510057289,0,0.0,,,,,,-117.40377740318971,35.64088963823682,10.768546886017711,22.765709880587874
Region_B,1497,41.75,3.25,13.014239635775633,-5.2409009976353484,0,0.0,,,,,,-117.40008942424284,35.63753636189615,11.264640198135986,23.262312125027204
Region_B,1498,42.25,3.25,13.34880596644719,-5.612472485213408,0,0.0,,,,,,-117.39640175319163,35.63418297093579,11.761064388505005,23.759056892841496
Region_B,1499,42.75,3.25,13.683372297118742,-5.984043972791467,0,0.0,,,,,,-117.39271438998274,35.63082946537895,12.25777925676833,24.255935427692133
Region_B,1500,43.25,3.25,14.017938627790295,-6.355615460369526,0,0.0,,,,,,-117.38902733456274,35.627475845248846,12.754750842911804,24.752939674056122
Region_B,1501,43.75,3.25,14.352504958461848,-6.727186947947585,0,0.0,,,,,,-117.38534058687831,35.624122110568706,13.251950264842483,25.25006220868679
Region_B,1502,44.25,3.25,14.687071289133405,-7.098758435525651,0,0.0,,,,,,-117.38165414687606,35.62076826136175,13.749352805821747,25.747296179941777
Region_B,1503,44.75,3.25,15.021637619804958,-7.47032992310371,0,0.0,,,,,,-117.37796801450263,35.617414297651166,14.246937191412677,26.24463525394734
Region_B,1504,45.25,3.25,15.35620395047651,-7.8419014106817695,0,0.0,,,,,,-117.37428218970469,35.61406021946021,14.744685011662918,26.742073566719295
Region_B,1505,45.75,3.25,15.690770281148067,-8.213472898259829,0,0.0,,,,,,-117.37059667242887,35.61070602681201,15.242580255660673,27.239605681487355
Region_B,1506,46.25,3.25,16.025336611819622,-8.585044385837888,0,0.0,,,,,,-117.36691146262186,35.60735171972983,15.740608933816889,27.737226550576565
Region_B,1507,46.75,3.25,16.359902942491175,-8.956615873415947,0,0.0,,,,,,-117.36322656023032,35.60399729823682,16.238758769205713,28.234931481289284
Region_B,1508,47.25,3.25,16.69446927316273,-9.328187360994006,0,0.0,,,,,,-117.35954196520089,35.60064276235618,16.737018943693496,28.732716105307414
Region_B,1509,47.75,3.25,17.029035603834284,-9.699758848572065,0,0.0,,,,,,-117.35585767748026,35.5972881121111,17.23537988785435,29.230576351199154
Region_B,1510,48.25,3.25,17.36360193450584,-10.071330336150131,0,0.0,,,,,,-117.35217369701517,35.59393334752476,17.73383310612102,29.728508419669744
Region_B,1511,48.75,3.25,17.69816826517739,-10.44290182372819,0,0.0,,,,,,-117.34849002375226,35.59057846862032,18.232371030473608,30.226508761242442
Region_B,1512,49.25,3.25,18.032734595848947,-10.81447331130625,0,0.0,,,,,,-117.34480665763826,35.58722347542095,18.73098689738351,30.72457405609649
Region_B,1513,49.75,3.25,18.367300926520503,-11.186044798884309,0,0.0,,,,,,-117.34112359861984,35.583868367949826,19.229674643816836,31.222701195823028
Region_B,1514,50.25,3.25,18.701867257192053,-11.557616286462368,0,0.0,,,,,,-117.33744084664374,35.580513146230096,19.728428818944288,31.72088726688993
Region_B,1515,0.25,3.75,-14.383194322385286,25.93409880201519,0,0.0,,,,,,-117.70313391003224,35.91848679818245,30.377349007025643,18.664968559674445
Region_B,1516,0.75,3.75,-14.048627991713733,25.56252731443713,0,0.0,,,,,,-117.69942053281805,35.915142875145605,29.878317379861628,18.17247012292844
Region_B,1517,1.25,3.75,-13.71406166104218,25.190955826859067,0,0.0,,,,,,-117.69570746792506,35.911798835578914,29.379318681835368,17.68039279551838
Region_B,1518,1.75,3.75,-13.379495330370624,24.819384339281008,0,0.0,,,,,,-117.69199471529937,35.908454679505965,28.880354619809296,17.1887727438264
Region_B,1519,2.25,3.75,-13.04492899969907,24.44781285170295,0,0.0,,,,,,-117.68828227488713,35.9051104069504,28.381427020554124,16.69765035787972
Region_B,1520,2.75,3.75,-12.710362669027518,24.07624136412489,0,0.0,,,,,,-117.68457014663437,35.90176601793576,27.882537841454447,16.20707087999223
Region_B,1521,3.25,3.75,-12.375796338355963,23.704669876546827,0,0.0,,,,,,-117.68085833048728,35.89842151248568,27.383689182380785,15.71708514783143
Region_B,1522,3.75,3.75,-12.041230007684408,23.333098388968768,0,0.0,,,,,,-117.67714682639192,35.89507689062375,26.884883298878904,15.227750476655263
Region_B,1523,4.25,3.75,-11.706663677012855,22.96152690139071,0,0.0,,,,,,-117.67343563429446,35.891732152373514,26.38612261684989,14.7391317116839
Region_B,1524,4.75,3.75,-11.3720973463413,22.58995541381265,0,0.0,,,,,,-117.66972475414097,35.888387297758584,25.887409748921133,14.25130248957818
Region_B,1525,5.25,3.75,-11.037531015669748,22.218383926234587,0,0.0,,,,,,-117.66601418587767,35.88504232680251,25.3887475127395,13.764346758366287
Region_B,1526,5.75,3.75,-10.702964684998193,21.846812438656528,0,0.0,,,,,,-117.66230392945063,35.88169723952888,24.89013895145496,13.278360618677285
Region_B,1527,6.25,3.75,-10.36839835432664,21.47524095107847,0,0.0,,,,,,-117.65859398480606,35.87835203596127,24.39158735670631,12.79345456687642
Region_B,1528,6.75,3.75,-10.033832023655085,21.10366946350041,0,0.0,,,,,,-117.65488435189006,35.8750067161232,23.89309629447248,12.30975624412695
Region_B,1529,7.25,3.75,-9.69926569298353,20.73209797592235,0,0.0,,,,,,-117.65117503064884,35.87166128003827,23.394669634214413,11.827413826568923
Region_B,1530,7.75,3.75,-9.364699362311978,20.360526488344288,0,0.0,,,,,,-117.64746602102855,35.86831572772997,22.896311581805776,11.346600233550356
Region_B,1531,8.25,3.75,-9.030133031640423,19.98895500076623,0,0.0,,,,,,-117.64375732297536,35.86497005922191,22.39802671683898,10.867518387152437
Region_B,1532,8.75,3.75,-8.695566700968868,19.617383513188166,0,0.0,,,,,,-117.64004893643548,35.86162427453759,21.899820034998736,10.390407832717036
Region_B,1533,9.25,3.75,-8.361000370297315,19.245812025610107,0,0.0,,,,,,-117.63634086135504,35.85827837370056,21.401696996323246,9.915553134610235
Region_B,1534,9.75,3.75,-8.026434039625762,18.874240538032048,0,0.0,,,,,,-117.6326330976803,35.85493235673436,20.903663580327994,9.443294605187862
Region_B,1535,10.25,3.75,-7.691867708954208,18.50266905045399,0,0.0,,,,,,-117.6289256453574,35.8515862236625,20.405726349155778,8.974042123561794
Region_B,1536,10.75,3.75,-7.357301378282653,18.131097562875926,0,0.0,,,,,,-117.6252185043326,35.848239974508516,19.907892520147122,8.508293076202344
Region_B,1537,11.25,3.75,-7.0227350476111,17.759526075297867,0,0.0,,,,,,-117.62151167455207,35.84489360929593,19.410170049508302,8.046655833676748
Region_B,1538,11.75,3.75,-6.688168716939545,17.387954587719808,0,0.0,,,,,,-117.61780515596207,35.841547128048234,18.91256772910354,7.589880706620846
Region_B,1539,12.25,3.75,-6.3536023862679905,17.01638310014175,1,683911.6472814293,23.261588888888888,23.25,23.5,23.25,23.5,-117.6140989485088,35.83820053078896,18.415095298831012,7.138901048188486
Region_B,1540,12.75,3.75,-6.0190360555964375,16.644811612563686,0,0.0,,,,,,-117.61039305213849,35.83485381754159,17.917763577582093,6.694888140284192
Region_B,1541,13.25,3.75,-5.684469724924883,16.273240124985627,0,0.0,,,,,,-117.60668746679738,35.83150698832965,17.420584616459543,6.259324743613262
Region_B,1542,13.75,3.75,-5.34990339425333,15.901668637407568,0,0.0,,,,,,-117.60298219243172,35.8281600431766,16.923571878782752,5.834103639900524
Region_B,1543,14.25,3.75,-5.015337063581775,15.530097149829508,2,577431.6699320467,21.288666666666664,21.25,21.5,21.25,21.5,-117.59927722898776,35.824812982105975,16.426740452488612,5.421658815915277
Region_B,1544,14.75,3.75,-4.68077073291022,15.158525662251446,0,0.0,,,,,,-117.59557257641175,35.82146580514122,15.930107301914985,5.0251371475098185
Region_B,1545,15.25,3.75,-4.346204402238667,14.786954174673387,0,0.0,,,,,,-117.59186823464997,35.81811851230584,15.433691567723665,4.648615104133103
Region_B,1546,15.75,3.75,-4.011638071567113,14.415382687095327,0,0.0,,,,,,-117.58816420364866,35.814771103623286,14.937514926008408,4.297352838837617
Region_B,1547,16.25,3.75,-3.67707174089556,14.043811199517268,1,451855.9443749217,24.776466666666668,24.75,24.5,24.75,24.5,-117.5844604833541,35.81142357911706,14.44160202061473,3.9780473170334503
Region_B,1548,16.75,3.75,-3.3425054102240055,13.672239711939206,0,0.0,,,,,,-117.58075707371262,35.808075938810624,13.945980986611263,3.6989835754769596
Region_B,1549,17.25,3.75,-3.0079390795524525,13.300668224361146,0,0.0,,,,,,-117.57705397467043,35.80472818272742,13.450684088031444,3.469884512017599
Region_B,1550,17.75,3.75,-2.673372748880898,12.929096736783087,1,8511380.38202376,0.8444,0.75,0.5,0.75,0.5,-117.57335118617388,35.80138031089093,12.955748499917776,3.30116912045277
Region_B,1551,18.25,3.75,-2.338806418209343,12.557525249205028,1,484172.3675840989,13.807866666666667,13.75,13.5,13.75,13.5,-117.56964870816927,35.7980323233246,12.461217274015455,3.2023954466808466
Region_B,1552,18.75,3.75,-2.00424008753779,12.185953761626966,1,2722701.308077916,12.151325,12.25,12.5,12.25,12.5,-117.56594654060287,35.79468422005186,11.967140540134078,3.1800873623241075
Region_B,1553,19.25,3.75,-1.6696737568662354,11.814382274048906,0,0.0,,,,,,-117.56224468342103,35.79133600109617,11.47357701261555,3.235826736261508
Region_B,1554,19.75,3.75,-1.3351074261946825,11.442810786470847,0,0.0,,,,,,-117.55854313657005,35.78798766648098,10.980595895556826,3.365738210585621
Region_B,1555,20.25,3.75,-1.0005410955231278,11.071239298892788,0,0.0,,,,,,-117.55484189999623,35.7846392162297,10.488279314483327,3.5617148590654195
Region_B,1556,20.75,3.75,-0.665974764851573,10.699667811314725,0,0.0,,,,,,-117.55114097364594,35.78129065036578,9.99672545065224,3.8135851599746267
Region_B,1557,21.25,3.75,-0.3314084341800201,10.328096323736666,3,3704382.131192588,19.91438055555556,19.75,19.5,19.75,19.5,-117.54744035746552,35.777941968912636,9.506052624134671,4.111088761808724
Region_B,1558,21.75,3.75,0.0031578964915346397,9.956524836158607,0,0.0,,,,,,-117.5437400514013,35.774593171893706,9.01640467425443,4.445072535129353
Region_B,1559,22.25,3.75,0.3377242271630876,9.584953348580548,0,0.0,,,,,,-117.54004005539963,35.77124425933237,8.527958138207326,4.807940190731638
Region_B,1560,22.75,3.75,0.6722905578346423,9.213381861002489,1,812830.5161640996,33.03738611111111,33.25,33.5,33.25,33.5,-117.53634036940684,35.76789523125208,8.040931958679666,5.193641103575013
Region_B,1561,23.25,3.75,1.006856888506197,8.841810373424426,0,0.0,,,,,,-117.53264099336936,35.76454608767622,7.555600804781535,5.597457185886747
Region_B,1562,23.75,3.75,1.34142321917775,8.470238885846367,0,0.0,,,,,,-117.52894192723349,35.7611968286282,7.072313643943883,6.015741515634334
Region_B,1563,24.25,3.75,1.6759895498493047,8.098667398268308,0,0.0,,,,,,-117.52524317094567,35.757847454131415,6.591520085337997,6.445678010730739
Region_B,1564,24.75,3.75,2.0105558805208577,7.727095910690248,0,0.0,,,,,,-117.52154472445221,35.75449796420928,6.113808452389859,6.885084171824557
Region_B,1565,25.25,3.75,2.3451222111924106,7.355524423112185,1,251188.6431509582,23.6415,23.75,23.5,23.75,23.5,-117.51784658769954,35.75114835888514,5.639961928028687,7.332257707432299
Region_B,1566,25.75,3.75,2.679688541863967,6.983952935534126,0,0.0,,,,,,-117.51414876063404,35.7477986381824,5.171043154597774,7.785860397110373
Region_B,1567,26.25,3.75,3.01425487253552,6.612381447956067,0,0.0,,,,,,-117.51045124320213,35.74444880212446,4.7085246164602275,8.244831178282729
Region_B,1568,26.75,3.75,3.348821203207073,6.240809960378008,0,0.0,,,,,,-117.5067540353502,35.74109885073469,4.25449419095988,8.708321318915273
Region_B,1569,27.25,3.75,3.6833875338786295,5.869238472799945,1,30549211.13215509,3.5202444444444443,3.75,3.5,3.75,3.5,-117.50305713702468,35.73774878403641,3.811986041161583,9.17564598426539
Region_B,1570,27.75,3.75,4.017953864550183,5.497666985221886,0,0.0,,,,,,-117.49936054817194,35.734398602053055,3.3855212796717424,9.646247885248277
Region_B,1571,28.25,3.75,4.352520195221736,5.126095497643827,1,154881661.89124796,17.66135277777778,17.75,17.5,17.75,17.5,-117.49566426873848,35.73104830480794,2.981991128794588,10.119669821626996
Region_B,1572,28.75,3.75,4.687086525893292,4.754524010065768,0,0.0,,,,,,-117.49196829867067,35.72769789232444,2.6120466782408487,10.595533791831324
Region_B,1573,29.25,3.75,5.021652856564845,4.382952522487705,0,0.0,,,,,,-117.48827263791496,35.72434736462593,2.292008858274431,11.07352497486373
Region_B,1574,29.75,3.75,5.356219187236398,4.011381034909646,0,0.0,,,,,,-117.4845772864178,35.7209967217357,2.045439161526905,11.553379349957398
Region_B,1575,30.25,3.75,5.690785517907951,3.639809547331587,0,0.0,,,,,,-117.48088224412565,35.71764596367715,1.901141267924957,12.034874051651446
Region_B,1576,30.75,3.75,6.025351848579508,3.2682380597535277,1,319889510.96913904,2.507311111111111,2.75,2.5,2.75,2.5,-117.47718751098498,35.714295090473584,1.8827784993744605,12.517819797161351
Region_B,1577,31.25,3.75,6.359918179251061,2.896666572175465,18,24657049275.84534,0.6672277777777778,3.25,7.5,0.75,0.5,-117.47349308694221,35.710944102148346,1.9938334019687207,13.002054895642303
Region_B,1578,31.75,3.75,6.694484509922614,2.525095084597406,39,16352676991.104633,0.3681333333333333,7.25,0.5,0.25,0.5,-117.46979897194383,35.70759299872477,2.2149240149281835,13.48744047417401
Region_B,1579,32.25,3.75,7.02905084059417,2.1535235970193467,5,456214297.8766086,0.5738722222222222,0.75,0.5,0.75,0.5,-117.46610516593634,35.70424178022616,2.5172217123259166,13.973856646591111
Region_B,1580,32.75,3.75,7.363617171265723,1.7819521094412876,1,2630267.9918953814,16.90893611111111,16.75,16.5,16.75,16.5,-117.46241166886618,35.70089044667587,2.8752255400410656,14.461199418256074
Region_B,1581,33.25,3.75,7.698183501937276,1.4103806218632249,3,81201194.46440372,2.746355555555555,2.75,2.5,2.75,2.5,-117.45871848067986,35.69753899809719,3.2706939115734843,14.949378169330693
Region_B,1582,33.75,3.75,8.032749832608832,1.0388091342851657,0,0.0,,,,,,-117.45502560132388,35.69418743451344,3.6916060759923046,15.438313595880622
Region_B,1583,34.25,3.75,8.367316163280385,0.6672376467071066,0,0.0,,,,,,-117.45133303074472,35.69083575594792,4.130190331861562,15.927936015687774
Region_B,1584,34.75,3.75,8.701882493951938,0.2956661591290475,0,0.0,,,,,,-117.44764076888889,35.687483962423954,4.581374131688235,16.4181839664116
Region_B,1585,35.25,3.75,9.036448824623491,-0.07590532844901521,1,1188502.2274370166,23.552766666666667,23.75,23.5,23.75,23.5,-117.44394881570292,35.6841320539648,5.041776045363534,16.909003039506093
Region_B,1586,35.75,3.75,9.371015155295048,-0.44747681602707434,0,0.0,,,,,,-117.4402571711333,35.68078003059378,5.509085445761483,17.400344905349364
Region_B,1587,36.25,3.75,9.7055814859666,-0.8190483036051335,0,0.0,,,,,,-117.43656583512659,35.67742789233417,5.981683643072443,17.89216649431278
Region_B,1588,36.75,3.75,10.040147816638154,-1.1906197911831926,1,3235936.569296281,9.95818888888889,9.75,9.5,9.75,9.5,-117.4328748076293,35.67407563920928,6.458409708504084,18.384429305673326
Region_B,1589,37.25,3.75,10.37471414730971,-1.5621912787612553,0,0.0,,,,,,-117.42918408858799,35.670723271242345,6.93841283868287,18.877098821863267
Region_B,1590,37.75,3.75,10.709280477981263,-1.9337627663393144,0,0.0,,,,,,-117.42549367794916,35.667370788456665,7.421057167081972,19.37014400993144
Region_B,1591,38.25,3.75,11.043846808652816,-2.3053342539173736,0,0.0,,,,,,-117.42180357565941,35.66401819087551,7.90585898142625,19.863536895542396
Region_B,1592,38.75,3.75,11.378413139324373,-2.6769057414954327,0,0.0,,,,,,-117.41811378166526,35.66066547852214,8.392444399059046,20.357252197574834
Region_B,1593,39.25,3.75,11.712979469995926,-3.0484772290734954,1,7943282.347242805,1.9675,1.75,1.5,1.75,1.5,-117.41442429591328,35.657312651419815,8.8805202408641,20.851267013559553
Region_B,1594,39.75,3.75,12.047545800667478,-3.4200487166515545,0,0.0,,,,,,-117.41073511835005,35.65395970959179,9.369853601070638,21.345560547941766
Region_B,1595,40.25,3.75,12.382112131339031,-3.7916202042296137,0,0.0,,,,,,-117.40704624892214,35.65060665306133,9.860257261481355,21.84011387655612
Region_B,1596,40.75,3.75,12.716678462010588,-4.163191691807673,0,0.0,,,,,,-117.40335768757615,35.64725348185167,10.35157910754177,22.334909741837567
Region_B,1597,41.25,3.75,13.05124479268214,-4.5347631793857355,0,0.0,,,,,,-117.39966943425863,35.64390019598604,10.843694332504706,22.829932374212632
Region_B,1598,41.75,3.75,13.385811123353694,-4.906334666963795,0,0.0,,,,,,-117.3959814889162,35.64054679548769,11.336499615573324,23.325167335867352
Region_B,1599,42.25,3.75,13.72037745402525,-5.277906154541854,0,0.0,,,,,,-117.39229385149544,35.63719328037987,11.829908718624736,23.820601383703657
Region_B,1600,42.75,3.75,14.054943784696803,-5.649477642119913,0,0.0,,,,,,-117.38860652194298,35.633839650685786,12.323849116574454,24.316222348802366
Region_B,1601,43.25,3.75,14.389510115368356,-6.021049129697972,0,0.0,,,,,,-117.38491950020544,35.63048590642867,12.818259390619007,24.81201903012907
Region_B,1602,43.75,3.75,14.72407644603991,-6.392620617276031,0,0.0,,,,,,-117.38123278622942,35.62713204763174,13.313087191267536,25.307981100565456
Region_B,1603,44.25,3.75,15.058642776711466,-6.764192104854097,0,0.0,,,,,,-117.37754637996153,35.62377807431821,13.808287631686678,25.804099023637114
Region_B,1604,44.75,3.75,15.393209107383019,-7.1357635924321565,0,0.0,,,,,,-117.37386028134843,35.6204239865113,14.303822009396324,26.300363979549047
Region_B,1605,45.25,3.75,15.727775438054572,-7.507335080010216,0,0.0,,,,,,-117.37017449033675,35.6170697842342,14.799656780938877,26.796767799342
Region_B,1606,45.75,3.75,16.062341768726128,-7.878906567588275,0,0.0,,,,,,-117.36648900687311,35.61371546751012,15.295762733211102,27.293302906151606
Region_B,1607,46.25,3.75,16.39690809939768,-8.250478055166333,0,0.0,,,,,,-117.3628038309042,35.61036103636226,15.792114308976773,27.789962262695408
Region_B,1608,46.75,3.75,16.731474430069234,-8.622049542744392,0,0.0,,,,,,-117.35911896237668,35.6070064908138,16.288689054214533,28.28673932423329
Region_B,1609,47.25,3.75,17.06604076074079,-8.993621030322451,0,0.0,,,,,,-117.35543440123716,35.60365183088794,16.785467162458954,28.7836279963492
Region_B,1610,47.75,3.75,17.400607091412343,-9.36519251790051,0,0.0,,,,,,-117.35175014743237,35.60029705660787,17.28243109689974,29.2806225969891
Region_B,1611,48.25,3.75,17.7351734220839,-9.736764005478577,0,0.0,,,,,,-117.34806620090893,35.596942167996744,17.77956527523063,29.777717822264357
Region_B,1612,48.75,3.75,18.06973975275545,-10.108335493056636,0,0.0,,,,,,-117.34438256161357,35.59358716507776,18.276855805452044,30.27490871559304
Region_B,1613,49.25,3.75,18.404306083427006,-10.479906980634695,0,0.0,,,,,,-117.34069922949297,35.590232047874075,18.774290263293192,30.772190639806304
Region_B,1614,49.75,3.75,18.738872414098562,-10.851478468212754,0,0.0,,,,,,-117.3370162044938,35.58687681640886,19.271857503818488,31.269559251893433
Region_B,1615,50.25,3.75,19.07343874477011,-11.223049955790813,0,0.0,,,,,,-117.33333348656274,35.58352147070526,19.769547501260224,31.767010480099717
