domain,cell_id,x_km,y_km,event_count,cumulative_energy,first_activation_hours,peak_rate_time_30m_hours,peak_rate_time_1h_hours,first_nonzero_bin_30m_hours,first_nonzero_bin_1h_hours,longitude,latitude,distance_to_Mw6.4_km,distance_to_Mw7.1_km
Mw6.4_neighborhood,0,2.7618344179250522,-7.60163687291167,0,0.0,,,,,,-117.51329061399144,35.61634118969524,9.905806378079475,19.14625029468593
Mw6.4_neighborhood,1,3.2618344179250522,-7.60163687291167,1,4731512.589614803,19.566997222222223,19.75,19.5,19.75,19.5,-117.50777175312062,35.61633966531326,9.82980162566875,19.33982658140326
Mw6.4_neighborhood,2,3.7618344179250522,-7.60163687291167,0,0.0,,,,,,-117.50225289247676,35.61633788786597,9.778803607803972,19.544280085251103
Mw6.4_neighborhood,3,4.261834417925052,-7.60163687291167,0,0.0,,,,,,-117.49673403209462,35.616335857353384,9.75320460156558,19.759273162308723
Mw6.4_neighborhood,4,4.761834417925052,-7.60163687291167,0,0.0,,,,,,-117.49121517200902,35.616333573775556,9.75320460156558,19.984465660975893
Mw6.4_neighborhood,5,5.261834417925052,-7.60163687291167,0,0.0,,,,,,-117.48569631225472,35.61633103713251,9.778803607803972,20.219516799535928
Mw6.4_neighborhood,6,5.761834417925052,-7.60163687291167,0,0.0,,,,,,-117.48017745286651,35.61632824742428,9.82980162566875,20.464086870874706
Mw6.4_neighborhood,7,6.261834417925052,-7.60163687291167,0,0.0,,,,,,-117.47465859387921,35.616325204650934,9.905806378079475,20.717838770265043
Mw6.4_neighborhood,8,0.7618344179250522,-7.10163687291167,0,0.0,,,,,,-117.53536558705427,35.620851211965714,9.981232388838565,18.00799954067654
Mw6.4_neighborhood,9,1.2618344179250522,-7.10163687291167,0,0.0,,,,,,-117.52984641584882,35.62085069979809,9.80433577556379,18.158690462392858
Mw6.4_neighborhood,10,1.7618344179250522,-7.10163687291167,1,1109174.8152624008,30.569619444444445,30.75,30.5,30.75,30.5,-117.5243272447312,35.62084993454185,9.650129532809391,18.32179115591563
Mw6.4_neighborhood,11,2.2618344179250522,-7.10163687291167,0,0.0,,,,,,-117.51880807373615,35.620848916196955,9.519716382329886,18.49697334736089
Mw6.4_neighborhood,12,2.7618344179250522,-7.10163687291167,0,0.0,,,,,,-117.51328890289855,35.62084764476346,9.414085191881366,18.683897207621595
Mw6.4_neighborhood,13,3.2618344179250522,-7.10163687291167,0,0.0,,,,,,-117.50776973225315,35.620846120241374,9.334077351297235,18.882214031118302
Mw6.4_neighborhood,14,3.7618344179250522,-7.10163687291167,0,0.0,,,,,,-117.50225056183477,35.62084434263071,9.280355596635292,19.091568782291095
Mw6.4_neighborhood,15,4.261834417925052,-7.10163687291167,0,0.0,,,,,,-117.49673139167818,35.62084231193151,9.253377761660873,19.311602481952207
Mw6.4_neighborhood,16,4.761834417925052,-7.10163687291167,0,0.0,,,,,,-117.49121222181822,35.6208400281438,9.253377761660873,19.541954412825078
Mw6.4_neighborhood,17,5.261834417925052,-7.10163687291167,0,0.0,,,,,,-117.48569305228965,35.620837491267615,9.280355596635292,19.782264130400353
Mw6.4_neighborhood,18,5.761834417925052,-7.10163687291167,0,0.0,,,,,,-117.48017388312728,35.620834701303004,9.334077351297235,20.03217327143801
Mw6.4_neighborhood,19,6.261834417925052,-7.10163687291167,0,0.0,,,,,,-117.47465471436594,35.62083165824999,9.414085191881366,20.291327157899413
Mw6.4_neighborhood,20,6.761834417925052,-7.10163687291167,1,2917427.014001166,19.222391666666667,19.25,19.5,19.25,19.5,-117.46913554604036,35.620828362108625,9.519716382329886,20.559376198729794
Mw6.4_neighborhood,21,7.261834417925052,-7.10163687291167,0,0.0,,,,,,-117.46361637818538,35.62082481287898,9.650129532809391,20.835977095708472
Mw6.4_neighborhood,22,7.761834417925052,-7.10163687291167,0,0.0,,,,,,-117.45809721083582,35.62082101056108,9.80433577556379,21.120793862563
Mw6.4_neighborhood,23,8.261834417925051,-7.10163687291167,0,0.0,,,,,,-117.45257804402642,35.62081695515501,9.981232388838565,21.41349866875728
Mw6.4_neighborhood,24,-0.23816558207494776,-6.60163687291167,0,0.0,,,,,,-117.54640407717218,35.625357929077616,9.956153875869939,17.259698093281745
Mw6.4_neighborhood,25,0.26183441792505224,-6.60163687291167,0,0.0,,,,,,-117.54088459606331,35.62535792308674,9.72753822917186,17.38813302580885
Mw6.4_neighborhood,26,0.7618344179250522,-6.60163687291167,0,0.0,,,,,,-117.53536511497263,35.625357663983955,9.519716382329886,17.529893381741243
Mw6.4_neighborhood,27,1.2618344179250522,-6.60163687291167,0,0.0,,,,,,-117.52984563393503,35.625357151769265,9.334077351297235,17.68465871390246
Mw6.4_neighborhood,28,1.7618344179250522,-6.60163687291167,0,0.0,,,,,,-117.52432615298527,35.62535638644268,9.17196816392207,17.852090792935073
Mw6.4_neighborhood,29,2.2618344179250522,-6.60163687291167,0,0.0,,,,,,-117.51880667215812,35.6253553680042,9.034655499796326,18.031836776412657
Mw6.4_neighborhood,30,2.7618344179250522,-6.60163687291167,0,0.0,,,,,,-117.51328719148846,35.62535409645383,8.923284148787374,18.22353229709265
Mw6.4_neighborhood,31,3.2618344179250522,-6.60163687291167,0,0.0,,,,,,-117.50776771101106,35.62535257179161,8.838834764831844,18.426804422774172
Mw6.4_neighborhood,32,3.7618344179250522,-6.60163687291167,0,0.0,,,,,,-117.50224823076074,35.62535079401758,8.782084035125148,18.6412744491132
Mw6.4_neighborhood,33,4.261834417925052,-6.60163687291167,0,0.0,,,,,,-117.4967287507723,35.625348763131726,8.753570700005799,18.866560495732962
Mw6.4_neighborhood,34,4.761834417925052,-6.60163687291167,0,0.0,,,,,,-117.49120927108055,35.6253464791341,8.753570700005799,19.102279884640538
Mw6.4_neighborhood,35,5.261834417925052,-6.60163687291167,0,0.0,,,,,,-117.48568979172029,35.62534394202474,8.782084035125148,19.348051288001418
Mw6.4_neighborhood,36,5.761834417925052,-6.60163687291167,0,0.0,,,,,,-117.48017031272632,35.62534115180368,8.838834764831844,19.60349663950603
Mw6.4_neighborhood,37,6.261834417925052,-6.60163687291167,0,0.0,,,,,,-117.47465083413348,35.625338108470956,8.923284148787374,19.868242809748303
Mw6.4_neighborhood,38,6.761834417925052,-6.60163687291167,0,0.0,,,,,,-117.46913135597656,35.625334812026644,9.034655499796326,20.141923051166344
Mw6.4_neighborhood,39,7.261834417925052,-6.60163687291167,0,0.0,,,,,,-117.46361187829035,35.625331262470766,9.17196816392207,20.42417822217327
Mw6.4_neighborhood,40,7.761834417925052,-6.60163687291167,0,0.0,,,,,,-117.45809240110968,35.62532745980339,9.334077351297235,20.714657803185837
Mw6.4_neighborhood,41,8.261834417925051,-6.60163687291167,0,0.0,,,,,,-117.45257292446938,35.62532340402456,9.519716382329886,21.013020719427246
Mw6.4_neighborhood,42,8.761834417925051,-6.60163687291167,0,0.0,,,,,,-117.44705344840419,35.625319095134365,9.72753822917186,21.31893598674825
Mw6.4_neighborhood,43,9.261834417925051,-6.60163687291167,0,0.0,,,,,,-117.44153397294896,35.62531453313284,9.956153875869937,21.632083197395957
Mw6.4_neighborhood,44,-0.7381655820749478,-6.10163687291167,5,11665630.76723266,11.342675,11.25,11.5,11.25,11.5,-117.55192401576417,35.62986413059848,9.778803607803972,16.657019569462346
Mw6.4_neighborhood,45,-0.23816558207494776,-6.10163687291167,2,2378588.4236125676,9.061883333333332,9.25,9.5,9.25,9.5,-117.54640422478226,35.62986437774225,9.519716382329886,16.775168934751225
Mw6.4_neighborhood,46,0.26183441792505224,-6.10163687291167,0,0.0,,,,,,-117.54088443378377,35.62986437175083,9.280355596635292,16.907284957716698
Mw6.4_neighborhood,47,0.7618344179250522,-6.10163687291167,0,0.0,,,,,,-117.53536464280349,35.62986411262424,9.06228448019593,17.053043027372688
Mw6.4_neighborhood,48,1.2618344179250522,-6.10163687291167,0,0.0,,,,,,-117.52984485187629,35.629863600362455,8.8670739254841,17.212096570302386
Mw6.4_neighborhood,49,1.7618344179250522,-6.10163687291167,0,0.0,,,,,,-117.52432506103695,35.62986283496552,8.696263565463044,17.384080654363235
Mw6.4_neighborhood,50,2.2618344179250522,-6.10163687291167,0,0.0,,,,,,-117.51880527032029,35.62986181643343,8.551315688243536,17.56861554162413
Mw6.4_neighborhood,51,2.7618344179250522,-6.10163687291167,0,0.0,,,,,,-117.51328547976114,35.62986054476618,8.4335638967165,17.765310126800145
Mw6.4_neighborhood,52,3.2618344179250522,-6.10163687291167,0,0.0,,,,,,-117.50776568939429,35.62985901996382,8.344159634139318,17.973765208029693
Mw6.4_neighborhood,53,3.7618344179250522,-6.10163687291167,0,0.0,,,,,,-117.50224589925458,35.629857242026354,8.284020762890446,18.19357654792948
Mw6.4_neighborhood,54,4.261834417925052,-6.10163687291167,0,0.0,,,,,,-117.49672610937684,35.62985521095383,8.253787009609589,18.42433769385919
Mw6.4_neighborhood,55,4.761834417925052,-6.10163687291167,0,0.0,,,,,,-117.49120631979585,35.62985292674626,8.253787009609589,18.66564253673983
Mw6.4_neighborhood,56,5.261834417925052,-6.10163687291167,1,83176377.11026709,1.4867,1.25,1.5,1.25,1.5,-117.48568653054646,35.629850389403686,8.284020762890446,18.91708759723183
Mw6.4_neighborhood,57,5.761834417925052,-6.10163687291167,0,0.0,,,,,,-117.48016674166348,35.62984759892615,8.344159634139318,19.17827403634991
Mw6.4_neighborhood,58,6.261834417925052,-6.10163687291167,0,0.0,,,,,,-117.47464695318172,35.6298445553137,8.4335638967165,19.448809394544543
Mw6.4_neighborhood,59,6.761834417925052,-6.10163687291167,0,0.0,,,,,,-117.469127165136,35.629841258566366,8.551315688243536,19.728309068881575
Mw6.4_neighborhood,60,7.261834417925052,-6.10163687291167,0,0.0,,,,,,-117.46360737756113,35.62983770868421,8.696263565463044,20.01639754224785
Mw6.4_neighborhood,61,7.761834417925052,-6.10163687291167,0,0.0,,,,,,-117.45808759049196,35.62983390566729,8.8670739254841,20.312709381598918
Mw6.4_neighborhood,62,8.261834417925051,-6.10163687291167,0,0.0,,,,,,-117.45256780396325,35.62982984951566,9.06228448019593,20.61689002428076
Mw6.4_neighborhood,63,8.761834417925051,-6.10163687291167,0,0.0,,,,,,-117.44704801800985,35.629825540229376,9.280355596635292,20.928596372553955
Mw6.4_neighborhood,64,9.261834417925051,-6.10163687291167,0,0.0,,,,,,-117.44152823266658,35.62982097780852,9.519716382329884,21.247497216784602
Mw6.4_neighborhood,65,9.761834417925051,-6.10163687291167,0,0.0,,,,,,-117.43600844796829,35.62981616225316,9.778803607803972,21.57327350749673
Mw6.4_neighborhood,66,-1.7381655820749478,-5.60163687291167,1,7673614.893618186,26.20233333333333,26.25,26.5,26.25,26.5,-117.56296467501755,35.63436932205396,9.956153875869939,15.970768038878992
Mw6.4_neighborhood,67,-1.2381655820749478,-5.60163687291167,8,166034096.9571833,2.0303666666666667,2.25,2.5,2.25,2.5,-117.55744457422624,35.634370075537326,9.650129532809391,16.062858512844766
Mw6.4_neighborhood,68,-0.7381655820749478,-5.60163687291167,14,178327351.344545,3.4446777777777777,4.75,4.5,3.25,3.5,-117.55192447334869,35.63437057586226,9.360822613424528,16.16989225244437
Mw6.4_neighborhood,69,-0.23816558207494776,-5.60163687291167,9,198506971.3050144,7.918661111111112,7.75,7.5,7.75,7.5,-117.54640437241972,35.63437082302876,9.089829481348922,16.29157473382028
Mw6.4_neighborhood,70,0.26183441792505224,-5.60163687291167,5,146659843077.4254,1.2715444444444446,8.75,8.5,1.25,1.5,-117.54088427147413,35.63437081703678,8.838834764831844,16.427580441429658
Mw6.4_neighborhood,71,0.7618344179250522,-5.60163687291167,0,0.0,,,,,,-117.53536417054681,35.63437055788637,8.609587678861281,16.57755684688287
Mw6.4_neighborhood,72,1.2618344179250522,-5.60163687291167,1,501187.2336272715,12.415880555555557,12.25,12.5,12.25,12.5,-117.52984406967255,35.634370045577505,8.403868156985805,16.741128482382067
Mw6.4_neighborhood,73,1.7618344179250522,-5.60163687291167,0,0.0,,,,,,-117.52432396888621,35.6343692801102,8.223442101699263,16.917901013885114
Mw6.4_neighborhood,74,2.2618344179250522,-5.60163687291167,0,0.0,,,,,,-117.51880386822255,35.634368261484475,8.070006195784487,17.107465229180093
Mw6.4_neighborhood,75,2.7618344179250522,-5.60163687291167,0,0.0,,,,,,-117.51328376771646,35.63436698970033,7.945124291035352,17.309400868302657
Mw6.4_neighborhood,76,3.2618344179250522,-5.60163687291167,0,0.0,,,,,,-117.50776366740271,35.6343654647578,7.850159234053791,17.523280237204098
Mw6.4_neighborhood,77,3.7618344179250522,-5.60163687291167,0,0.0,,,,,,-117.50224356731619,35.6343636866569,7.786205751198718,17.748671559403498
Mw6.4_neighborhood,78,4.261834417925052,-5.60163687291167,1,732824.5331389045,27.258944444444445,27.25,27.5,27.25,27.5,-117.49672346749168,35.63436165539766,7.754031209635412,17.985142033789153
Mw6.4_neighborhood,79,4.761834417925052,-5.60163687291167,0,0.0,,,,,,-117.49120336796403,35.6343593709801,7.754031209635412,18.232260579192047
Mw6.4_neighborhood,80,5.261834417925052,-5.60163687291167,0,0.0,,,,,,-117.48568326876807,35.6343568334043,7.786205751198718,18.489600257429885
Mw6.4_neighborhood,81,5.761834417925052,-5.60163687291167,0,0.0,,,,,,-117.48016316993862,35.634354042670246,7.850159234053791,18.75674037596997
Mw6.4_neighborhood,82,6.261834417925052,-5.60163687291167,0,0.0,,,,,,-117.47464307151049,35.63435099877799,7.945124291035352,19.033268279082627
Mw6.4_neighborhood,83,6.761834417925052,-5.60163687291167,0,0.0,,,,,,-117.46912297351851,35.6343477017276,8.070006195784487,19.318780842370046
Mw6.4_neighborhood,84,7.261834417925052,-5.60163687291167,0,0.0,,,,,,-117.46360287599755,35.634344151519116,8.223442101699263,19.612885689961963
Mw6.4_neighborhood,85,7.761834417925052,-5.60163687291167,0,0.0,,,,,,-117.45808277898239,35.6343403481526,8.403868156985805,19.915202156631644
Mw6.4_neighborhood,86,8.261834417925051,-5.60163687291167,0,0.0,,,,,,-117.45256268250787,35.6343362916281,8.609587678861281,20.22536201879948
Mw6.4_neighborhood,87,8.761834417925051,-5.60163687291167,0,0.0,,,,,,-117.44704258660882,35.63433198194569,8.838834764831844,20.543010019067008
Mw6.4_neighborhood,88,9.261834417925051,-5.60163687291167,0,0.0,,,,,,-117.44152249132006,35.63432741910543,9.08982948134892,20.867804208768067
Mw6.4_neighborhood,89,9.761834417925051,-5.60163687291167,0,0.0,,,,,,-117.43600239667643,35.63432260310739,9.360822613424526,21.19941613223037
Mw6.4_neighborhood,90,10.261834417925051,-5.60163687291167,0,0.0,,,,,,-117.43048230271272,35.63431753395164,9.650129532809391,21.537530875182977
Mw6.4_neighborhood,91,10.761834417925051,-5.60163687291167,0,0.0,,,,,,-117.42496220946383,35.634312211638274,9.956153875869937,21.88184699817296
Mw6.4_neighborhood,92,-2.2381655820749478,-5.10163687291167,0,0.0,,,,,,-117.56848616337058,35.63887475708981,9.905806378079475,15.39884912640866
Mw6.4_neighborhood,93,-1.7381655820749478,-5.10163687291167,1,1737800.8287493763,15.471883333333333,15.25,15.5,15.25,15.5,-117.56296575269589,35.63887576382416,9.572094859538323,15.478195833813695
Mw6.4_neighborhood,94,-1.2381655820749478,-5.10163687291167,4,188650574.74181002,5.385533333333333,5.25,5.5,5.25,5.5,-117.55744534190008,35.638876517376794,9.253377761660873,15.57319935407874
Mw6.4_neighborhood,95,-0.7381655820749478,-5.10163687291167,6,342793197636.34784,0.0200666666666666,5.25,5.5,0.25,0.5,-117.55192493101801,35.638877017747724,8.951256894984079,15.683575165563157
Mw6.4_neighborhood,96,-0.23816558207494776,-5.10163687291167,12,1212086649.9066272,0.3528,0.25,0.5,0.25,0.5,-117.54640452008452,35.63887726493692,8.667467911679857,15.809001291222046
Mw6.4_neighborhood,97,0.26183441792505224,-5.10163687291167,16,2346297326.2089157,1.2047555555555556,8.75,1.5,1.25,1.5,-117.54088410913442,35.638877258944405,8.403868156985805,15.949122661696824
Mw6.4_neighborhood,98,0.7618344179250522,-5.10163687291167,1,1566751.07010815,14.282983333333332,14.25,14.5,14.25,14.5,-117.53536369820259,35.63887699977017,8.162413858657255,16.103555679719996
Mw6.4_neighborhood,99,1.2618344179250522,-5.10163687291167,0,0.0,,,,,,-117.52984328732381,35.6388764874142,7.945124291035352,16.271892864133324
Mw6.4_neighborhood,100,1.7618344179250522,-5.10163687291167,1,2137962.0895022326,32.986530555555554,32.75,32.5,32.75,32.5,-117.52432287653296,35.63887572187653,7.754031209635412,16.453707461658112
Mw6.4_neighborhood,101,2.2618344179250522,-5.10163687291167,0,0.0,,,,,,-117.51880246586487,35.638874703157164,7.591113225344488,16.64855792811542
Mw6.4_neighborhood,102,2.7618344179250522,-5.10163687291167,0,0.0,,,,,,-117.51328205535437,35.6388734312561,7.458216945088149,16.855992196776956
Mw6.4_neighborhood,103,3.2618344179250522,-5.10163687291167,0,0.0,,,,,,-117.50776164503628,35.638871906173385,7.3569694847810805,17.07555166868106
Mw6.4_neighborhood,104,3.7618344179250522,-5.10163687291167,0,0.0,,,,,,-117.50224123494546,35.63887012790902,7.2886898685566255,17.306774876960393
Mw6.4_neighborhood,105,4.261834417925052,-5.10163687291167,1,1927524.913190937,14.05649722222222,14.25,14.5,14.25,14.5,-117.49672082511675,35.63886809646304,7.254309064273454,17.549200793591094
Mw6.4_neighborhood,106,4.761834417925052,-5.10163687291167,0,0.0,,,,,,-117.49120041558497,35.63886581183548,7.254309064273454,17.80237176181222
Mw6.4_neighborhood,107,5.261834417925052,-5.10163687291167,1,2454708.915685029,20.66250277777777,20.75,20.5,20.75,20.5,-117.48568000638497,35.63886327402638,7.2886898685566255,18.065836050339882
Mw6.4_neighborhood,108,5.761834417925052,-5.10163687291167,0,0.0,,,,,,-117.48015959755156,35.63886048303577,7.3569694847810805,18.339150036186275
Mw6.4_neighborhood,109,6.261834417925052,-5.10163687291167,1,16982436.52461746,2.445511111111111,2.25,2.5,2.25,2.5,-117.47463918911961,35.63885743886369,7.458216945088149,18.621880031343288
Mw6.4_neighborhood,110,6.761834417925052,-5.10163687291167,0,0.0,,,,,,-117.46911878112392,35.638854141510194,7.591113225344488,18.913603774895275
Mw6.4_neighborhood,111,7.261834417925052,-5.10163687291167,0,0.0,,,,,,-117.46359837359938,35.63885059097534,7.754031209635412,19.21391161647528
Mw6.4_neighborhood,112,7.761834417925052,-5.10163687291167,0,0.0,,,,,,-117.45807796658077,35.63884678725916,7.945124291035352,19.522407419622063
Mw6.4_neighborhood,113,8.261834417925051,-5.10163687291167,0,0.0,,,,,,-117.45255756010299,35.638842730361745,8.162413858657255,19.83870921480794
Mw6.4_neighborhood,114,8.761834417925051,-5.10163687291167,0,0.0,,,,,,-117.44703715420081,35.638838420283136,8.403868156985805,20.162449631969235
Mw6.4_neighborhood,115,9.261834417925051,-5.10163687291167,0,0.0,,,,,,-117.44151674890912,35.63883385702341,8.667467911679857,20.4932761415467
Mw6.4_neighborhood,116,9.761834417925051,-5.10163687291167,0,0.0,,,,,,-117.43599634426269,35.63882904058261,8.951256894984077,20.830851131571126
Mw6.4_neighborhood,117,10.261834417925051,-5.10163687291167,0,0.0,,,,,,-117.4304759402964,35.63882397096084,9.253377761660873,21.174851846416043
Mw6.4_neighborhood,118,10.761834417925051,-5.10163687291167,0,0.0,,,,,,-117.42495553704511,35.63881864815819,9.572094859538323,21.524970210656736
Mw6.4_neighborhood,119,11.261834417925051,-5.10163687291167,0,0.0,,,,,,-117.41943513454362,35.63881307217471,9.905806378079474,21.88091255916103
Mw6.4_neighborhood,120,-2.7381655820749478,-4.60163687291167,3,13383118.102738049,2.953938888888889,2.75,2.5,2.75,2.5,-117.57400827189127,35.64337993535707,9.905806378079475,14.83858743560568
Mw6.4_neighborhood,121,-2.2381655820749478,-4.60163687291167,3,35278747.02295798,3.5008166666666667,3.75,3.5,3.75,3.5,-117.56848755131064,35.64338119538892,9.545941546018392,14.904149386533458
Mw6.4_neighborhood,122,-1.7381655820749478,-4.60163687291167,0,0.0,,,,,,-117.56296683057403,35.64338220221583,9.199184746487049,14.986115600384794
Mw6.4_neighborhood,123,-1.2381655820749478,-4.60163687291167,6,72205473.90619873,2.988672222222222,13.75,13.5,2.75,2.5,-117.55744610971625,35.64338295583774,8.8670739254841,15.084218661902492
Mw6.4_neighborhood,124,-0.7381655820749478,-4.60163687291167,2,4347796.921479234,14.498333333333331,14.25,14.5,14.25,14.5,-117.55192538877222,35.643383456254675,8.551315688243536,15.19814608733836
Mw6.4_neighborhood,125,-0.23816558207494776,-4.60163687291167,6,307898045.83461976,2.196511111111111,2.25,2.5,2.25,2.5,-117.54640466777671,35.64338370346661,8.253787009609589,15.327545020128605
Mw6.4_neighborhood,126,0.26183441792505224,-4.60163687291167,32,20036714131.704678,0.7590611111111111,24.75,24.5,0.75,0.5,-117.54088394676461,35.64338369747354,7.976528066771908,15.472027281389472
Mw6.4_neighborhood,127,0.7618344179250522,-4.60163687291167,15,912876069.1410229,2.967755555555556,2.75,2.5,2.75,2.5,-117.53536322577078,35.64338343827547,7.721722605740251,15.631174621507208
Mw6.4_neighborhood,128,1.2618344179250522,-4.60163687291167,2,4060642.470779406,24.188044444444447,24.25,24.5,24.25,24.5,-117.52984250483003,35.64338292587241,7.4916620318858484,15.804544026957624
Mw6.4_neighborhood,129,1.7618344179250522,-4.60163687291167,3,34432470.85976481,17.158705555555553,17.25,17.5,17.25,17.5,-117.52432178397721,35.64338216026435,7.2886898685566255,15.99167295038367
Mw6.4_neighborhood,130,2.2618344179250522,-4.60163687291167,0,0.0,,,,,,-117.5188010632472,35.64338114145132,7.115124735378854,16.192084350200986
Mw6.4_neighborhood,131,2.7618344179250522,-4.60163687291167,0,0.0,,,,,,-117.5132803426748,35.643379869433325,6.9731628404906765,16.405291446847706
Mw6.4_neighborhood,132,3.2618344179250522,-4.60163687291167,0,0.0,,,,,,-117.5077596222949,35.64337834421039,6.864765108872991,16.63080212461219
Mw6.4_neighborhood,133,3.7618344179250522,-4.60163687291167,0,0.0,,,,,,-117.50223890214231,35.64337656578254,6.791538853603062,16.868122929359874
Mw6.4_neighborhood,134,4.261834417925052,-4.60163687291167,0,0.0,,,,,,-117.49671818225188,35.64337453414979,6.754628043053148,17.1167626323434
Mw6.4_neighborhood,135,4.761834417925052,-4.60163687291167,0,0.0,,,,,,-117.49119746265852,35.643372249312186,6.754628043053148,17.37623534785306
Mw6.4_neighborhood,136,5.261834417925052,-4.60163687291167,0,0.0,,,,,,-117.48567674339697,35.643369711269756,6.791538853603062,17.646063207298365
Mw6.4_neighborhood,137,5.761834417925052,-4.60163687291167,0,0.0,,,,,,-117.48015602450215,35.64336692002256,6.864765108872991,17.925778604232505
Mw6.4_neighborhood,138,6.261834417925052,-4.60163687291167,0,0.0,,,,,,-117.4746353060089,35.6433638755706,6.9731628404906765,18.214926033886353
Mw6.4_neighborhood,139,6.761834417925052,-4.60163687291167,0,0.0,,,,,,-117.46911458795205,35.64336057791396,7.115124735378854,18.513063557173396
Mw6.4_neighborhood,140,7.261834417925052,-4.60163687291167,0,0.0,,,,,,-117.46359387036645,35.643357027052666,7.2886898685566255,18.819763923172165
Mw6.4_neighborhood,141,7.761834417925052,-4.60163687291167,0,0.0,,,,,,-117.45807315328692,35.64335322298678,7.4916620318858484,19.13461538615092
Mw6.4_neighborhood,142,8.261834417925051,-4.60163687291167,0,0.0,,,,,,-117.45255243674836,35.64334916571639,7.72172260574025,19.457222253649526
Mw6.4_neighborhood,143,8.761834417925051,-4.60163687291167,0,0.0,,,,,,-117.44703172078559,35.643344855241516,7.976528066771908,19.787205201339205
Mw6.4_neighborhood,144,9.261834417925051,-4.60163687291167,0,0.0,,,,,,-117.44151100543345,35.64334029156225,8.253787009609589,20.12420138867369
Mw6.4_neighborhood,145,9.761834417925051,-4.60163687291167,0,0.0,,,,,,-117.43599029072679,35.64333547467864,8.551315688243534,20.467864407013426
Mw6.4_neighborhood,146,10.261834417925051,-4.60163687291167,0,0.0,,,,,,-117.43046957670046,35.643330404590785,8.8670739254841,20.81786408918739
Mw6.4_neighborhood,147,10.761834417925051,-4.60163687291167,0,0.0,,,,,,-117.4249488633893,35.64332508129876,9.199184746487049,21.173886206548595
Mw6.4_neighborhood,148,11.261834417925051,-4.60163687291167,0,0.0,,,,,,-117.41942815082814,35.64331950480265,9.54594154601839,21.535632076627323
Mw6.4_neighborhood,149,11.761834417925051,-4.60163687291167,0,0.0,,,,,,-117.41390743905187,35.64331367510252,9.905806378079474,21.90281810160169
Mw6.4_neighborhood,150,-3.2381655820749478,-4.10163687291167,1,3845917.8204535353,23.055308333333333,23.25,23.5,23.25,23.5,-117.57953100071722,35.64788485678568,9.956153875869939,14.29135402088734
Mw6.4_neighborhood,151,-2.7381655820749478,-4.10163687291167,2,16919207.57700639,3.695161111111111,3.75,3.5,3.75,3.5,-117.57400997020807,35.647886370161615,9.572094859538323,14.341993989760407
Mw6.4_neighborhood,152,-2.2381655820749478,-4.10163687291167,1,11614486.138403414,21.31263611111111,21.25,21.5,21.25,21.5,-117.56848893950806,35.647887630309334,9.199184746487049,14.409815524645502
Mw6.4_neighborhood,153,-1.7381655820749478,-4.10163687291167,2,9375250.252321841,3.552283333333333,3.75,3.5,3.75,3.5,-117.56296790865203,35.647888637228796,8.838834764831844,14.494577444903506
Mw6.4_neighborhood,154,-1.2381655820749478,-4.10163687291167,4,56258709.59809633,2.6188,2.75,2.5,2.75,2.5,-117.55744687767482,35.647889390920014,8.492643875731515,14.595984624488214
Mw6.4_neighborhood,155,-0.7381655820749478,-4.10163687291167,5,507227365.7912863,6.724894444444444,6.75,6.5,6.75,6.5,-117.55192584661128,35.64788989138296,8.162413858657255,14.713692908657814
Mw6.4_neighborhood,156,-0.23816558207494776,-4.10163687291167,1,15310874.61682032,33.60380555555555,33.75,33.5,33.75,33.5,-117.5464048154963,35.64789013861762,7.850159234053791,14.84731460104076
Mw6.4_neighborhood,157,0.26183441792505224,-4.10163687291167,9,96512112.6444168,1.529111111111111,4.75,4.5,1.75,1.5,-117.54088378436471,35.647890132624,7.558108228915487,14.996424330961998
Mw6.4_neighborhood,158,0.7618344179250522,-4.10163687291167,9,3363488271.793598,0.2430444444444444,0.25,0.5,0.25,0.5,-117.53536275325138,35.64788987340209,7.2886898685566255,15.16056511368425
Mw6.4_neighborhood,159,1.2618344179250522,-4.10163687291167,8,1016146420.115915,1.1979666666666668,1.25,1.5,1.25,1.5,-117.52984172219115,35.647889360951915,7.044501401802686,15.339254428369419
Mw6.4_neighborhood,160,1.7618344179250522,-4.10163687291167,1,41686938.34703346,2.181677777777778,2.25,2.5,2.25,2.5,-117.52432069121888,35.64788859527346,6.8282501418738315,15.53199015806544
Mw6.4_neighborhood,161,2.2618344179250522,-4.10163687291167,3,64068381.547122054,0.8188666666666666,0.75,0.5,0.75,0.5,-117.51879966036944,35.64788757636676,6.642665127793212,15.738256260533838
Mw6.4_neighborhood,162,2.7618344179250522,-4.10163687291167,0,0.0,,,,,,-117.5132786296777,35.64788630423181,6.490377492873585,15.957528065907436
Mw6.4_neighborhood,163,3.2618344179250522,-4.10163687291167,0,0.0,,,,,,-117.50775759917846,35.647884778868644,6.373774391990981,16.189277124881592
Mw6.4_neighborhood,164,3.7618344179250522,-4.10163687291167,1,3349654.3915782725,13.405072222222223,13.25,13.5,13.25,13.5,-117.50223656890661,35.64788300027727,6.294839156007086,16.432975557646436
Mw6.4_neighborhood,165,4.261834417925052,-4.10163687291167,0,0.0,,,,,,-117.49671553889704,35.647880968457734,6.254998001598402,16.68809987776308
Mw6.4_neighborhood,166,4.761834417925052,-4.10163687291167,2,20891609.42119974,7.714355555555556,7.75,7.5,7.75,7.5,-117.49119450918452,35.64787868341006,6.254998001598402,16.954134285836805
Mw6.4_neighborhood,167,5.261834417925052,-4.10163687291167,0,0.0,,,,,,-117.48567347980399,35.64787614513427,6.294839156007086,17.230573444728353
Mw6.4_neighborhood,168,5.761834417925052,-4.10163687291167,0,0.0,,,,,,-117.48015245079029,35.64787335363042,6.373774391990981,17.516924761103727
Mw6.4_neighborhood,169,6.261834417925052,-4.10163687291167,0,0.0,,,,,,-117.47463142217822,35.64787030889857,6.490377492873585,17.812710207550104
Mw6.4_neighborhood,170,6.761834417925052,-4.10163687291167,0,0.0,,,,,,-117.4691103940027,35.64786701093871,6.642665127793212,18.117467725655
Mw6.4_neighborhood,171,7.261834417925052,-4.10163687291167,0,0.0,,,,,,-117.46358936629855,35.647863459750944,6.8282501418738315,18.43075225383222
Mw6.4_neighborhood,172,7.761834417925052,-4.10163687291167,0,0.0,,,,,,-117.45806833910063,35.64785965533531,7.044501401802686,18.75213642479524
Mw6.4_neighborhood,173,8.261834417925051,-4.10163687291167,0,0.0,,,,,,-117.45254731244381,35.64785559769186,7.2886898685566255,19.081210976930244
Mw6.4_neighborhood,174,8.761834417925051,-4.10163687291167,1,1995262.3149688789,22.824547222222225,22.75,22.5,22.75,22.5,-117.44702628636294,35.647851286820675,7.558108228915486,19.417584921872084
Mw6.4_neighborhood,175,9.261834417925051,-4.10163687291167,1,2917427.014001166,14.701066666666666,14.75,14.5,14.75,14.5,-117.44150526089288,35.647846722721795,7.85015923405379,19.760885507742437
Mw6.4_neighborhood,176,9.761834417925051,-4.10163687291167,2,7887212.230609354,3.688055555555556,3.75,3.5,3.75,3.5,-117.43598423606848,35.64784190539531,8.162413858657253,20.110758014110157
Mw6.4_neighborhood,177,10.261834417925051,-4.10163687291167,0,0.0,,,,,,-117.4304632119246,35.6478368348413,8.492643875731513,20.46686541105127
Mw6.4_neighborhood,178,10.761834417925051,-4.10163687291167,0,0.0,,,,,,-117.42494218849608,35.647831511059834,8.838834764831843,20.828887910929804
Mw6.4_neighborhood,179,11.261834417925051,-4.10163687291167,0,0.0,,,,,,-117.41942116581778,35.647825934050985,9.199184746487049,21.196522437845047
Mw6.4_neighborhood,180,11.761834417925051,-4.10163687291167,0,0.0,,,,,,-117.41390014392458,35.647820103814865,9.572094859538323,21.569482036202434
Mw6.4_neighborhood,181,12.261834417925051,-4.10163687291167,0,0.0,,,,,,-117.40837912285131,35.64781402035153,9.956153875869937,21.947495236633504
Mw6.4_neighborhood,182,-3.2381655820749478,-3.60163687291167,0,0.0,,,,,,-117.57953300952573,35.652391288072174,9.650129532809391,13.793183616139592
Mw6.4_neighborhood,183,-2.7381655820749478,-3.60163687291167,3,13297018.85660522,6.297038888888889,6.25,6.5,6.25,6.5,-117.57401166883979,35.652392801587254,9.253377761660873,13.845645745884609
Mw6.4_neighborhood,184,-2.2381655820749478,-3.60163687291167,3,3504734.932463951,10.4997,10.25,10.5,10.25,10.5,-117.56849032796289,35.652394061850835,8.8670739254841,13.91588653203681
Mw6.4_neighborhood,185,-1.7381655820749478,-3.60163687291167,1,342767.78654645046,33.477355555555555,33.25,33.5,33.25,33.5,-117.56296898692993,35.652395068862894,8.492643875731515,14.003638449507127
Mw6.4_neighborhood,186,-1.2381655820749478,-3.60163687291167,2,7883072.97805843,14.35363611111111,14.25,14.5,14.25,14.5,-117.55744764577575,35.65239582262342,8.131727983645296,14.10857475709383
Mw6.4_neighborhood,187,-0.7381655820749478,-3.60163687291167,2,4368068.820644758,12.961444444444444,12.75,12.5,12.75,12.5,-117.55192630453526,35.65239632313237,7.786205751198718,14.230315299686657
Mw6.4_neighborhood,188,-0.23816558207494776,-3.60163687291167,2,28092782.231139846,2.079133333333333,2.25,2.5,2.25,2.5,-117.54640496324328,35.65239657038976,7.458216945088149,14.368432947976165
Mw6.4_neighborhood,189,0.26183441792505224,-3.60163687291167,4,525844211.8440465,5.284305555555555,5.25,5.5,5.25,5.5,-117.5408836219347,35.65239656439559,7.1501748230375455,14.522460440038317
Mw6.4_neighborhood,190,0.7618344179250522,-3.60163687291167,10,763122711.0237789,0.6335,0.75,0.5,0.75,0.5,-117.53536228064436,35.652396305149864,6.864765108872991,14.691897395655499
Mw6.4_neighborhood,191,1.2618344179250522,-3.60163687291167,13,5797719960.1686,0.8396777777777779,0.75,1.5,0.75,0.5,-117.52984093940715,35.652395792652555,6.604922406811453,14.876217292593562
Mw6.4_neighborhood,192,1.7618344179250522,-3.60163687291167,4,224804635.253229,5.825016666666667,5.75,5.5,5.75,5.5,-117.52431959825793,35.652395026903704,6.373774391990981,15.074874221314438
Mw6.4_neighborhood,193,2.2618344179250522,-3.60163687291167,4,13780684.033368979,12.2651,12.25,12.5,12.25,12.5,-117.51879825723158,35.65239400790332,6.174544517614234,15.28730926750818
Mw6.4_neighborhood,194,2.7618344179250522,-3.60163687291167,12,22737931252.450047,8.524980555555556,9.75,9.5,8.75,8.5,-117.51327691636294,35.652392735651404,6.010407640085654,15.512956407224006
Mw6.4_neighborhood,195,3.2618344179250522,-3.60163687291167,1,1318256.7385564074,15.457494444444446,15.25,15.5,15.25,15.5,-117.50775557568689,35.65239121014797,5.88430114796991,15.751247834518486
Mw6.4_neighborhood,196,3.7618344179250522,-3.60163687291167,0,0.0,,,,,,-117.5022342352383,35.65238943139306,5.798706752371601,16.001618674259618
Mw6.4_neighborhood,197,4.261834417925052,-3.60163687291167,0,0.0,,,,,,-117.496712895052,35.65238739938669,5.755432216610669,16.263511061526813
Mw6.4_neighborhood,198,4.761834417925052,-3.60163687291167,0,0.0,,,,,,-117.49119155516291,35.652385114128904,5.755432216610669,16.536377593064206
Mw6.4_neighborhood,199,5.261834417925052,-3.60163687291167,1,660693.4480075964,11.877205555555555,11.75,11.5,11.75,11.5,-117.48567021560585,35.65238257561973,5.798706752371601,16.819684175167705
Mw6.4_neighborhood,200,5.761834417925052,-3.60163687291167,2,9801419.672361847,14.761991666666669,14.75,14.5,14.75,14.5,-117.48014887641573,35.6523797838592,5.88430114796991,17.112912306336924
Mw6.4_neighborhood,201,6.261834417925052,-3.60163687291167,0,0.0,,,,,,-117.47462753762737,35.65237673884737,6.010407640085654,17.41556084242964
Mw6.4_neighborhood,202,6.761834417925052,-3.60163687291167,0,0.0,,,,,,-117.46910619927567,35.65237344058427,6.174544517614234,17.72714729753097
Mw6.4_neighborhood,203,7.261834417925052,-3.60163687291167,0,0.0,,,,,,-117.4635848613955,35.65236988906998,6.373774391990981,18.0472087359888
Mw6.4_neighborhood,204,7.761834417925052,-3.60163687291167,0,0.0,,,,,,-117.45806352402167,35.652366084304525,6.604922406811453,18.375302310774135
Mw6.4_neighborhood,205,8.261834417925051,-3.60163687291167,0,0.0,,,,,,-117.4525421871891,35.65236202628799,6.86476510887299,18.711005501157125
Mw6.4_neighborhood,206,8.761834417925051,-3.60163687291167,0,0.0,,,,,,-117.44702085093265,35.65235771502042,7.1501748230375455,19.053916099225457
Mw6.4_neighborhood,207,9.261834417925051,-3.60163687291167,0,0.0,,,,,,-117.44149951528716,35.652353150501874,7.458216945088148,19.40365199049689
Mw6.4_neighborhood,208,9.761834417925051,-3.60163687291167,0,0.0,,,,,,-117.4359781802875,35.652348332732444,7.786205751198718,19.75985076918105
Mw6.4_neighborhood,209,10.261834417925051,-3.60163687291167,0,0.0,,,,,,-117.43045684596856,35.65234326171219,8.131727983645296,20.122169223826138
Mw6.4_neighborhood,210,10.761834417925051,-3.60163687291167,0,0.0,,,,,,-117.4249355123652,35.6523379374412,8.492643875731513,20.490282724361972
Mw6.4_neighborhood,211,11.261834417925051,-3.60163687291167,0,0.0,,,,,,-117.41941417951226,35.65233235991955,8.8670739254841,20.86388453707213
Mw6.4_neighborhood,212,11.761834417925051,-3.60163687291167,0,0.0,,,,,,-117.41389284744461,35.65232652914734,9.253377761660873,21.242685089890788
Mw6.4_neighborhood,213,12.261834417925051,-3.60163687291167,0,0.0,,,,,,-117.40837151619715,35.652320445124644,9.650129532809391,21.626411206676416
Mw6.4_neighborhood,214,-3.7381655820749478,-3.10163687291167,1,841395.1416451947,32.40969166666667,32.25,32.5,32.25,32.5,-117.5850566694012,35.65689594905051,9.778803607803972,13.259375435319708
Mw6.4_neighborhood,215,-3.2381655820749478,-3.10163687291167,0,0.0,,,,,,-117.57953501870676,35.656897715979554,9.360822613424528,13.29515057405333
Mw6.4_neighborhood,216,-2.7381655820749478,-3.10163687291167,0,0.0,,,,,,-117.57401336778645,35.65689922963382,8.951256894984079,13.349570054452744
Mw6.4_neighborhood,217,-2.2381655820749478,-3.10163687291167,1,1927524.913190937,16.501475,16.75,16.5,16.75,16.5,-117.56849171667518,35.65690049001329,8.551315688243536,13.422407104939575
Mw6.4_neighborhood,218,-1.7381655820749478,-3.10163687291167,5,115821357.99871826,7.427291666666667,25.25,25.5,7.25,7.5,-117.56297006540778,35.65690149711795,8.162413858657255,13.513363916609485
Mw6.4_neighborhood,219,-1.2381655820749478,-3.10163687291167,1,1035142.1666793432,22.45363333333333,22.25,22.5,22.25,22.5,-117.55744841401913,35.65690225094777,7.786205751198718,13.622077528582569
Mw6.4_neighborhood,220,-0.7381655820749478,-3.10163687291167,2,6814825.672605873,6.121666666666667,6.25,6.5,6.25,6.5,-117.55192676254414,35.656902751502756,7.424621202458749,13.74812671045423
Mw6.4_neighborhood,221,-0.23816558207494776,-3.10163687291167,0,0.0,,,,,,-117.54640511101765,35.6569029987829,7.079901129253148,13.891039554284479
Mw6.4_neighborhood,222,0.26183441792505224,-3.10163687291167,2,4271078.735975624,9.058227777777777,9.25,9.5,9.25,9.5,-117.54088345947453,35.65690299278817,6.754628043053148,14.050301482554985
Mw6.4_neighborhood,223,0.7618344179250522,-3.10163687291167,4,251001558.55355695,2.83585,2.75,2.5,2.75,2.5,-117.53536180794971,35.65690273351859,6.45174395028197,14.225363390883121
Mw6.4_neighborhood,224,1.2618344179250522,-3.10163687291167,19,21402157628.310577,0.1611555555555555,1.25,1.5,0.25,0.5,-117.52984015647799,35.65690222097417,6.174544517614234,14.415649671612744
Mw6.4_neighborhood,225,1.7618344179250522,-3.10163687291167,25,36215667749.63465,0.2086444444444444,7.75,0.5,0.25,0.5,-117.52431850509431,35.656901455154916,5.926634795564849,14.620565902408138
Mw6.4_neighborhood,226,2.2618344179250522,-3.10163687291167,12,690684456.6648797,4.5824444444444445,27.25,27.5,4.75,4.5,-117.5187968538335,35.6569004360608,5.7118298293979315,14.839506028121367
Mw6.4_neighborhood,227,2.7618344179250522,-3.10163687291167,36,15757306160.805386,1.2618166666666666,13.75,11.5,1.25,1.5,-117.51327520273048,35.6568991636919,5.533985905294664,15.071858910255274
Mw6.4_neighborhood,228,3.2618344179250522,-3.10163687291167,4,5836440.861592253,6.69675,6.75,11.5,6.75,6.5,-117.50775355182009,35.65689763804819,5.3967582862307255,15.31701416277442
Mw6.4_neighborhood,229,3.7618344179250522,-3.10163687291167,1,758577.5750291835,16.461391666666668,16.25,16.5,16.25,16.5,-117.50223190113721,35.65689585912971,5.303300858899107,15.574367233201581
Mw6.4_neighborhood,230,4.261834417925052,-3.10163687291167,0,0.0,,,,,,-117.49671025071673,35.65689382693649,5.25594901040716,15.843323722205955
Mw6.4_neighborhood,231,4.761834417925052,-3.10163687291167,0,0.0,,,,,,-117.49118860059352,35.65689154146856,5.25594901040716,16.12330296243933
Mw6.4_neighborhood,232,5.261834417925052,-3.10163687291167,0,0.0,,,,,,-117.48566695080245,35.65688900272596,5.303300858899107,16.41374089811935
Mw6.4_neighborhood,233,5.761834417925052,-3.10163687291167,0,0.0,,,,,,-117.48014530137837,35.65688621070871,5.3967582862307255,16.71409232122961
Mw6.4_neighborhood,234,6.261834417925052,-3.10163687291167,0,0.0,,,,,,-117.47462365235623,35.65688316541688,5.533985905294664,17.02383252897471
Mw6.4_neighborhood,235,6.761834417925052,-3.10163687291167,2,18263147.786868326,2.1685944444444445,2.25,2.5,2.25,2.5,-117.46910200377083,35.65687986685049,5.7118298293979315,17.342458471236668
Mw6.4_neighborhood,236,7.261834417925052,-3.10163687291167,3,21788155.62505798,12.08292222222222,12.25,12.5,12.25,12.5,-117.46358035565706,35.656876315009605,5.926634795564849,17.669489457212944
Mw6.4_neighborhood,237,7.761834417925052,-3.10163687291167,0,0.0,,,,,,-117.45805870804985,35.656872509894285,6.174544517614234,18.004467488113892
Mw6.4_neighborhood,238,8.261834417925051,-3.10163687291167,0,0.0,,,,,,-117.45253706098399,35.65686845150459,6.451743950281969,18.346957278593667
Mw6.4_neighborhood,239,8.761834417925051,-3.10163687291167,0,0.0,,,,,,-117.44701541449442,35.656864139840565,6.754628043053147,18.696546024186713
Mw6.4_neighborhood,240,9.261834417925051,-3.10163687291167,1,1462177.1744567184,22.094294444444447,22.25,22.5,22.25,22.5,-117.441493768616,35.6568595749023,7.079901129253147,19.052842965986017
Mw6.4_neighborhood,241,9.761834417925051,-3.10163687291167,0,0.0,,,,,,-117.43597212338359,35.656854756689846,7.424621202458749,19.415478797560304
Mw6.4_neighborhood,242,10.261834417925051,-3.10163687291167,0,0.0,,,,,,-117.43045047883207,35.65684968520329,7.786205751198718,19.784104952979416
Mw6.4_neighborhood,243,10.761834417925051,-3.10163687291167,0,0.0,,,,,,-117.42492883499634,35.656844360442705,8.162413858657253,20.158392809013705
Mw6.4_neighborhood,244,11.261834417925051,-3.10163687291167,0,0.0,,,,,,-117.41940719191123,35.65683878240817,8.551315688243534,20.538032829228957
Mw6.4_neighborhood,245,11.761834417925051,-3.10163687291167,0,0.0,,,,,,-117.41388554961165,35.656832951099794,8.951256894984077,20.922733672885034
Mw6.4_neighborhood,246,12.261834417925051,-3.10163687291167,1,2137962.0895022326,10.063486111111112,10.25,10.5,10.25,10.5,-117.40836390813247,35.65682686651764,9.360822613424526,21.3122212872912
Mw6.4_neighborhood,247,12.761834417925051,-3.10163687291167,0,0.0,,,,,,-117.40284226750856,35.656820528661804,9.778803607803972,21.70623799856758
Mw6.4_neighborhood,248,-4.238165582074948,-2.60163687291167,0,0.0,,,,,,-117.59058094997204,35.661400353026565,9.956153875869939,12.742455006825713
Mw6.4_neighborhood,249,-3.7381655820749478,-2.60163687291167,0,0.0,,,,,,-117.58505898924662,35.661402373416124,9.519716382329886,12.76009997817292
Mw6.4_neighborhood,250,-3.2381655820749478,-2.60163687291167,0,0.0,,,,,,-117.57953702826036,35.66140414050766,9.089829481348922,12.797270931919801
Mw6.4_neighborhood,251,-2.7381655820749478,-2.60163687291167,2,9219326.166407896,3.948555555555555,3.75,3.5,3.75,3.5,-117.5740150670482,35.66140565430112,8.667467911679857,12.853798471928458
Mw6.4_neighborhood,252,-2.2381655820749478,-2.60163687291167,2,263861874.1369802,6.320955555555555,6.25,6.5,6.25,6.5,-117.56849310564499,35.6614069147965,8.253787009609589,12.929428719357297
Mw6.4_neighborhood,253,-1.7381655820749478,-2.60163687291167,7,130185735.61169088,11.541091666666668,23.75,23.5,11.75,11.5,-117.56297114408562,35.66140792199377,7.850159234053791,13.023828886350287
Mw6.4_neighborhood,254,-1.2381655820749478,-2.60163687291167,5,170192689.53650194,0.9575166666666668,0.75,0.5,0.75,0.5,-117.55744918240497,35.661408675892915,7.458216945088149,13.136594334641039
Mw6.4_neighborhood,255,-0.7381655820749478,-2.60163687291167,2,16629131.355376728,7.867375,7.75,7.5,7.75,7.5,-117.55192722063794,35.66140917649394,7.079901129253148,13.267256783710563
Mw6.4_neighborhood,256,-0.23816558207494776,-2.60163687291167,3,34549079.65787018,15.918858333333333,15.75,15.5,15.75,15.5,-117.54640525881942,35.661409423796805,6.7175144212722016,13.415293303424448
Mw6.4_neighborhood,257,0.26183441792505224,-2.60163687291167,2,1349862.3125343518,27.845277777777778,27.75,27.5,27.75,27.5,-117.54088329698426,35.661409417801536,6.373774391990981,13.580135723507912
Mw6.4_neighborhood,258,0.7618344179250522,-2.60163687291167,0,0.0,,,,,,-117.53536133516738,35.66140915850812,6.051859218455102,13.761180113670726
Mw6.4_neighborhood,259,1.2618344179250522,-2.60163687291167,6,1040034956.7964768,1.412911111111111,1.25,1.5,1.25,1.5,-117.52983937340365,35.661408645916566,5.755432216610669,13.957796028488076
Mw6.4_neighborhood,260,1.7618344179250522,-2.60163687291167,7,1285297992.939824,3.3897,28.25,28.5,3.25,3.5,-117.52431741172796,35.661407880026864,5.488624600025037,14.16933526404356
Mw6.4_neighborhood,261,2.2618344179250522,-2.60163687291167,24,1870975727.601161,1.927266666666667,10.75,10.5,1.75,1.5,-117.51879545017519,35.66140686083905,5.25594901040716,14.395139932520951
Mw6.4_neighborhood,262,2.7618344179250522,-2.60163687291167,37,6377479614.390249,0.3950611111111111,2.25,2.5,0.25,0.5,-117.51327348878024,35.661405588353134,5.062114182829147,14.634549720741333
Mw6.4_neighborhood,263,3.2618344179250522,-2.60163687291167,6,332911140.39325684,0.9385277777777776,0.75,0.5,0.75,0.5,-117.507751527578,35.66140406256913,4.911720676097125,14.886908254598774
Mw6.4_neighborhood,264,3.7618344179250522,-2.60163687291167,4,53983374.50438611,4.163277777777777,4.25,4.5,4.25,4.5,-117.5022295666033,35.66140228348707,4.808846015417836,15.15156854034697
Mw6.4_neighborhood,265,4.261834417925052,-2.60163687291167,6,2838971567.8823814,11.993980555555556,11.75,11.5,11.75,11.5,-117.49670760589109,35.66140025110696,4.756574397610112,15.42789749398222
Mw6.4_neighborhood,266,4.761834417925052,-2.60163687291167,1,16405897.731995389,7.598958333333333,7.75,7.5,7.75,7.5,-117.49118564547622,35.66139796542885,4.756574397610112,15.715279600974773
Mw6.4_neighborhood,267,5.261834417925052,-2.60163687291167,1,933254.3007969904,23.33252777777778,23.25,23.5,23.25,23.5,-117.4856636853936,35.66139542645278,4.808846015417836,16.01311977063822
Mw6.4_neighborhood,268,5.761834417925052,-2.60163687291167,1,1109174.8152624008,31.18166666666667,31.25,31.5,31.25,31.5,-117.48014172567807,35.66139263417878,4.911720676097125,16.320845463418724
Mw6.4_neighborhood,269,6.261834417925052,-2.60163687291167,3,21114002.418793682,8.192063888888889,8.25,8.5,8.25,8.5,-117.47461976636457,35.661389588606895,5.062114182829147,16.63790817659439
Mw6.4_neighborhood,270,6.761834417925052,-2.60163687291167,0,0.0,,,,,,-117.46909780748794,35.66138628973716,5.25594901040716,16.963784375686263
Mw6.4_neighborhood,271,7.261834417925052,-2.60163687291167,1,901571.137605957,29.990022222222223,29.75,29.5,29.75,29.5,-117.4635758490831,35.66138273756964,5.488624600025037,17.297975956647882
Mw6.4_neighborhood,272,7.761834417925052,-2.60163687291167,2,11933462.654965702,4.444066666666666,4.25,4.5,4.25,4.5,-117.45805389118492,35.66137893210442,5.755432216610669,17.640010318839362
Mw6.4_neighborhood,273,8.261834417925051,-2.60163687291167,1,5821032.17770871,8.311022222222222,8.25,8.5,8.25,8.5,-117.45253193382827,35.6613748733415,6.051859218455101,17.989440121936813
Mw6.4_neighborhood,274,8.761834417925051,-2.60163687291167,1,2213094.7096056365,10.797291666666666,10.75,10.5,10.75,10.5,-117.44700997704805,35.66137056128097,6.37377439199098,18.345842792107995
Mw6.4_neighborhood,275,9.261834417925051,-2.60163687291167,1,13803842.64602884,10.953216666666668,10.75,10.5,10.75,10.5,-117.44148802087915,35.66136599592289,6.717514421272201,18.708819834632322
Mw6.4_neighborhood,276,9.761834417925051,-2.60163687291167,0,0.0,,,,,,-117.43596606535645,35.66136117726736,7.079901129253147,19.077996002115174
Mw6.4_neighborhood,277,10.261834417925051,-2.60163687291167,0,0.0,,,,,,-117.43044411051483,35.66135610531442,7.458216945088148,19.453018359851345
Mw6.4_neighborhood,278,10.761834417925051,-2.60163687291167,0,0.0,,,,,,-117.42492215638919,35.66135078006417,7.85015923405379,19.833555282921527
Mw6.4_neighborhood,279,11.261834417925051,-2.60163687291167,0,0.0,,,,,,-117.41940020301442,35.661345201516674,8.253787009609589,20.219295413359372
Mw6.4_neighborhood,280,11.761834417925051,-2.60163687291167,1,7943282.347242805,1.9675,1.75,1.5,1.75,1.5,-117.41387825042537,35.66133936967204,8.667467911679857,20.60994660023859
Mw6.4_neighborhood,281,12.261834417925051,-2.60163687291167,0,0.0,,,,,,-117.40835629865693,35.661333284530336,9.08982948134892,21.00523484078855
Mw6.4_neighborhood,282,12.761834417925051,-2.60163687291167,0,0.0,,,,,,-117.40283434774399,35.66132694609166,9.519716382329886,21.404903236610718
Mw6.4_neighborhood,283,13.261834417925051,-2.60163687291167,0,0.0,,,,,,-117.39731239772148,35.66132035435613,9.956153875869939,21.808710975678018
Mw6.4_neighborhood,284,-4.238165582074948,-2.10163687291167,0,0.0,,,,,,-117.59058358059696,35.66590677382689,9.72753822917186,12.242519108385602
Mw6.4_neighborhood,285,-3.7381655820749478,-2.10163687291167,0,0.0,,,,,,-117.58506130952225,35.66590879440226,9.280355596635292,12.26088357220545
Mw6.4_neighborhood,286,-3.2381655820749478,-2.10163687291167,0,0.0,,,,,,-117.57953903818665,35.665910561656304,8.838834764831844,12.299563318393398
Mw6.4_neighborhood,287,-2.7381655820749478,-2.10163687291167,0,0.0,,,,,,-117.57401676662506,35.66591207558899,8.403868156985805,12.358367597508956
Mw6.4_neighborhood,288,-2.2381655820749478,-2.10163687291167,0,0.0,,,,,,-117.56849449487238,35.6659133362003,7.976528066771908,12.437010956300963
Mw6.4_neighborhood,289,-1.7381655820749478,-2.10163687291167,6,107244083.35718346,4.859733333333334,4.75,4.5,4.75,4.5,-117.56297222296351,35.6659143434902,7.558108228915487,12.535119998593595
Mw6.4_neighborhood,290,-1.2381655820749478,-2.10163687291167,7,92393488626.81705,0.9150611111111112,0.75,0.5,0.75,0.5,-117.55744995093332,35.66591509745867,7.1501748230375455,12.65224190533567
Mw6.4_neighborhood,291,-0.7381655820749478,-2.10163687291167,7,353313414.2282089,9.306733333333332,9.25,9.5,9.25,9.5,-117.55192767881671,35.665915598105734,6.754628043053148,12.787854279867394
Mw6.4_neighborhood,292,-0.23816558207494776,-2.10163687291167,4,5486910849.719601,1.3205555555555557,1.25,1.5,1.25,1.5,-117.5464054066486,35.66591584543134,6.373774391990981,12.94137585170579
Mw6.4_neighborhood,293,0.26183441792505224,-2.10163687291167,6,9452026.936286757,7.732705555555556,7.75,7.5,7.75,7.5,-117.54088313446385,35.665915839435534,6.010407640085654,13.112177576097139
Mw6.4_neighborhood,294,0.7618344179250522,-2.10163687291167,2,17646057.59807762,3.750288888888889,3.75,3.5,3.75,3.5,-117.5353608622974,35.665915580118266,5.667892024377317,13.299593702030734
Mw6.4_neighborhood,295,1.2618344179250522,-2.10163687291167,4,668548926.7423357,4.068505555555555,4.25,4.5,4.25,4.5,-117.5298385901841,35.66591506747956,5.350233639758174,13.50293244043998
Mw6.4_neighborhood,296,1.7618344179250522,-2.10163687291167,5,738220262.308533,5.694833333333333,5.75,5.5,5.75,5.5,-117.52431631815885,35.665914301519436,5.062114182829147,13.721485937866836
Mw6.4_neighborhood,297,2.2618344179250522,-2.10163687291167,32,331474895474.2284,0.0571222222222222,0.75,0.5,0.25,0.5,-117.51879404625657,35.66591328223789,4.808846015417836,13.954539340123995
Mw6.4_neighborhood,298,2.7618344179250522,-2.10163687291167,38,171431508777.535,0.6898888888888889,2.25,2.5,0.75,0.5,-117.51327177451216,35.66591200963494,4.596194077712559,14.201378807955907
Mw6.4_neighborhood,299,3.2618344179250522,-2.10163687291167,12,468118388.28198934,0.4330944444444444,26.25,26.5,0.25,0.5,-117.50774950296048,35.66591048371061,4.430011286667337,14.461298416776069
Mw6.4_neighborhood,300,3.7618344179250522,-2.10163687291167,9,4341901581.075251,0.5788833333333333,9.75,9.5,0.75,0.5,-117.50222723163645,35.66590870446492,4.315669125408017,14.7336059317141
Mw6.4_neighborhood,301,4.261834417925052,-2.10163687291167,3,9864342.149938196,5.322988888888888,5.25,5.5,5.25,5.5,-117.49670496057496,35.6659066718979,4.257346591481601,15.017627495814104
Mw6.4_neighborhood,302,4.761834417925052,-2.10163687291167,0,0.0,,,,,,-117.4911826898109,35.66590438600959,4.257346591481601,15.312711303195874
Mw6.4_neighborhood,303,5.261834417925052,-2.10163687291167,2,1848755.504173023,31.249038888888887,31.25,31.5,31.25,31.5,-117.48566041937914,35.66590184680002,4.315669125408017,15.618230351323852
Mw6.4_neighborhood,304,5.761834417925052,-2.10163687291167,1,342767.78654645046,14.941061111111113,14.75,14.5,14.75,14.5,-117.48013814931463,35.665899054269225,4.430011286667337,15.933584378883632
Mw6.4_neighborhood,305,6.261834417925052,-2.10163687291167,5,17578580.041959375,9.171830555555555,9.25,9.5,9.25,9.5,-117.47461587965225,35.66589600841724,4.596194077712559,16.25820110009085
Mw6.4_neighborhood,306,6.761834417925052,-2.10163687291167,6,97998436.04733709,3.643611111111111,33.25,33.5,3.75,3.5,-117.46909361042687,35.66589270924413,4.808846015417836,16.591536844517638
Mw6.4_neighborhood,307,7.261834417925052,-2.10163687291167,2,10410635.69574866,23.450166666666668,23.25,23.5,23.25,23.5,-117.46357134167337,35.66588915674993,5.062114182829147,16.933076705518616
Mw6.4_neighborhood,308,7.761834417925052,-2.10163687291167,0,0.0,,,,,,-117.45804907342668,35.66588535093471,5.350233639758174,17.282334291610262
Mw6.4_neighborhood,309,8.261834417925051,-2.10163687291167,0,0.0,,,,,,-117.4525268057217,35.66588129179852,5.667892024377316,17.63885116494152
Mw6.4_neighborhood,310,8.761834417925051,-2.10163687291167,1,4265795.188015926,11.989183333333331,11.75,11.5,11.75,11.5,-117.4470045385933,35.66587697934142,6.010407640085654,18.002196040232143
Mw6.4_neighborhood,311,9.261834417925051,-2.10163687291167,0,0.0,,,,,,-117.44148227207641,35.66587241356349,6.37377439199098,18.371963806924416
Mw6.4_neighborhood,312,9.761834417925051,-2.10163687291167,0,0.0,,,,,,-117.43596000620587,35.6658675944648,6.754628043053147,18.747774427246867
Mw6.4_neighborhood,313,10.261834417925051,-2.10163687291167,0,0.0,,,,,,-117.43043774101662,35.66586252204541,7.1501748230375455,19.129271753700465
Mw6.4_neighborhood,314,10.761834417925051,-2.10163687291167,0,0.0,,,,,,-117.42491547654352,35.6658571963054,7.558108228915486,19.516122301290114
Mw6.4_neighborhood,315,11.261834417925051,-2.10163687291167,0,0.0,,,,,,-117.41939321282149,35.66585161724486,7.976528066771907,19.908014002680034
Mw6.4_neighborhood,316,11.761834417925051,-2.10163687291167,0,0.0,,,,,,-117.41387094988544,35.66584578486388,8.403868156985805,20.304654968329185
Mw6.4_neighborhood,317,12.261834417925051,-2.10163687291167,0,0.0,,,,,,-117.4083486877702,35.665839699162554,8.838834764831843,20.705772268497643
Mw6.4_neighborhood,318,12.761834417925051,-2.10163687291167,0,0.0,,,,,,-117.40282642651073,35.66583336014096,9.280355596635292,21.111110749718428
Mw6.4_neighborhood,319,13.261834417925051,-2.10163687291167,0,0.0,,,,,,-117.3973041661419,35.66582676779921,9.72753822917186,21.520431894803316
Mw6.4_neighborhood,320,-4.738165582074948,-1.6016368729116701,0,0.0,,,,,,-117.59610879289544,35.67041091714173,9.981232388838565,11.744717824852355
Mw6.4_neighborhood,321,-4.238165582074948,-1.6016368729116701,0,0.0,,,,,,-117.59058621170975,35.670413191247526,9.519716382329886,11.74258866849195
Mw6.4_neighborhood,322,-3.7381655820749478,-1.6016368729116701,6,10709001.665182022,18.208361111111117,25.75,25.5,18.25,18.5,-117.58506363022819,35.67041521200874,9.06228448019593,11.761733736545239
Mw6.4_neighborhood,323,-3.2381655820749478,-1.6016368729116701,7,64212749.90033255,20.690952777777778,22.75,22.5,20.75,20.5,-117.57954104848571,35.670416979425326,8.609587678861281,11.802049497497345
Mw6.4_neighborhood,324,-2.7381655820749478,-1.6016368729116701,0,0.0,,,,,,-117.57401846651715,35.67041849349725,8.162413858657255,11.863320116787214
Mw6.4_neighborhood,325,-2.2381655820749478,-1.6016368729116701,0,0.0,,,,,,-117.56849588435742,35.67041975422449,7.721722605740251,11.945223147574895
Mw6.4_neighborhood,326,-1.7381655820749478,-1.6016368729116701,1,4897788.193684456,5.1627777777777775,5.25,5.5,5.25,5.5,-117.56297330204147,35.67042076160704,7.2886898685566255,12.047337792946207
Mw6.4_neighborhood,327,-1.2381655820749478,-1.6016368729116701,1,11614486.138403414,8.556219444444444,8.75,8.5,8.75,8.5,-117.55745071960419,35.67042151564486,6.864765108872991,12.169155260302208
Mw6.4_neighborhood,328,-0.7381655820749478,-1.6016368729116701,5,14441522835.329231,0.6507388888888889,0.75,0.5,0.75,0.5,-117.55192813708044,35.67042201633797,6.45174395028197,12.310090641475057
Mw6.4_neighborhood,329,-0.23816558207494776,-1.6016368729116701,2,20188911711.4181,0.0826,0.25,0.5,0.25,0.5,-117.54640555450518,35.670422263686326,6.051859218455102,12.469495717683321
Mw6.4_neighborhood,330,0.26183441792505224,-1.6016368729116701,0,0.0,,,,,,-117.5408829719133,35.67042225768995,5.667892024377317,12.646672103969232
Mw6.4_neighborhood,331,0.7618344179250522,-1.6016368729116701,0,0.0,,,,,,-117.5353603893397,35.670421998348836,5.303300858899107,12.840884204652905
Mw6.4_neighborhood,332,1.2618344179250522,-1.6016368729116701,4,15561466.624199688,12.928341666666666,12.75,12.5,12.75,12.5,-117.52983780681927,35.670421485662985,4.962358310319802,13.051371537478172
Mw6.4_neighborhood,333,1.7618344179250522,-1.6016368729116701,10,3163440030.2682424,6.261433333333334,19.25,19.5,6.25,6.5,-117.52431522438694,35.67042071963241,4.650268809434569,13.277360086300524
Mw6.4_neighborhood,334,2.2618344179250522,-1.6016368729116701,14,85336747.36402987,1.543388888888889,17.25,17.5,1.75,1.5,-117.5187926420776,35.67041970025713,4.373213921133975,13.518072448144267
Mw6.4_neighborhood,335,2.7618344179250522,-1.6016368729116701,32,3807285873.299555,1.3527,12.25,2.5,1.25,1.5,-117.51327005992616,35.67041842753712,4.138236339311712,13.772736640380081
Mw6.4_neighborhood,336,3.2618344179250522,-1.6016368729116701,21,11008480875.561625,0.3585555555555555,29.75,4.5,0.25,0.5,-117.50774747796748,35.670416901472464,3.952847075210474,14.040593520833045
Mw6.4_neighborhood,337,3.7618344179250522,-1.6016368729116701,8,34231816.65044525,4.810444444444444,10.25,10.5,4.75,4.5,-117.50222489623656,35.670415122063126,3.824264635194589,14.32090284406852
Mw6.4_neighborhood,338,4.261834417925052,-1.6016368729116701,2,2679173.962250308,12.67568888888889,12.75,12.5,12.75,12.5,-117.49670231476823,35.67041308930917,3.758324094593227,14.612948029786486
Mw6.4_neighborhood,339,4.761834417925052,-1.6016368729116701,1,1000000.0,12.688380555555556,12.75,12.5,12.75,12.5,-117.4911797335974,35.67041080321062,3.758324094593227,14.916039755016463
Mw6.4_neighborhood,340,5.261834417925052,-1.6016368729116701,3,9684252.47212001,14.188905555555555,14.25,14.5,14.25,14.5,-117.48565715275902,35.6704082637675,3.824264635194589,15.229518502737454
Mw6.4_neighborhood,341,5.761834417925052,-1.6016368729116701,5,1162420070.0352929,7.622725,13.25,13.5,7.75,7.5,-117.48013457228794,35.67040547097987,3.952847075210474,15.552756208377131
Mw6.4_neighborhood,342,6.261834417925052,-1.6016368729116701,2,3909108.8574191895,2.8501777777777777,2.75,2.5,2.75,2.5,-117.47461199221911,35.670402424847744,4.138236339311712,15.885157145247392
Mw6.4_neighborhood,343,6.761834417925052,-1.6016368729116701,8,385878532.1609185,1.9236888888888888,27.25,27.5,1.75,1.5,-117.46908941258738,35.670399125371205,4.373213921133975,16.226158183044905
Mw6.4_neighborhood,344,7.261834417925052,-1.6016368729116701,13,1306753725.1017568,1.8913666666666664,1.75,17.5,1.75,1.5,-117.46356683342772,35.67039557255027,4.650268809434569,16.575228542411896
Mw6.4_neighborhood,345,7.761834417925052,-1.6016368729116701,4,15618461.910395367,5.866433333333333,5.75,5.5,5.75,5.5,-117.45804425477498,35.67039176638502,4.962358310319802,16.931869155092624
Mw6.4_neighborhood,346,8.261834417925051,-1.6016368729116701,1,23988329.190194897,13.59318611111111,13.75,13.5,13.75,13.5,-117.45252167666409,35.670387706875495,5.303300858899106,17.295611724861534
Mw6.4_neighborhood,347,8.761834417925051,-1.6016368729116701,1,5248074.602497723,3.3204777777777776,3.25,3.5,3.25,3.5,-117.44699909912997,35.670383394021776,5.667892024377316,17.66601757015878
Mw6.4_neighborhood,348,9.261834417925051,-1.6016368729116701,0,0.0,,,,,,-117.44147652220747,35.67037882782392,6.051859218455101,18.042676315922467
Mw6.4_neighborhood,349,9.761834417925051,-1.6016368729116701,1,1862087.1366628653,12.528969444444444,12.75,12.5,12.75,12.5,-117.43595394593154,35.67037400828198,6.451743950281969,18.42520448985955
Mw6.4_neighborhood,350,10.261834417925051,-1.6016368729116701,1,3235936.569296281,9.95818888888889,9.75,9.5,9.75,9.5,-117.43043137033709,35.67036893539608,6.86476510887299,18.813244067548034
Mw6.4_neighborhood,351,10.761834417925051,-1.6016368729116701,0,0.0,,,,,,-117.424908795459,35.670363609166245,7.288689868556625,19.206461001369362
Mw6.4_neighborhood,352,11.261834417925051,-1.6016368729116701,0,0.0,,,,,,-117.41938622133216,35.670358029592585,7.72172260574025,19.604543760289683
Mw6.4_neighborhood,353,11.761834417925051,-1.6016368729116701,0,0.0,,,,,,-117.41386364799153,35.67035219667518,8.162413858657253,20.007201900843206
Mw6.4_neighborhood,354,12.261834417925051,-1.6016368729116701,0,0.0,,,,,,-117.40834107547195,35.67034611041413,8.609587678861281,20.414164684186687
Mw6.4_neighborhood,355,12.761834417925051,-1.6016368729116701,0,0.0,,,,,,-117.40281850380838,35.67033977080952,9.06228448019593,20.82517974964648
Mw6.4_neighborhood,356,13.261834417925051,-1.6016368729116701,0,0.0,,,,,,-117.39729593303568,35.670333177861444,9.519716382329886,21.240011851622793
Mw6.4_neighborhood,357,13.761834417925051,-1.6016368729116701,0,0.0,,,,,,-117.39177336318878,35.67032633157001,9.981232388838565,21.658441663911734
Mw6.4_neighborhood,358,-4.738165582074948,-1.1016368729116701,0,0.0,,,,,,-117.59611173496057,35.67491733097332,9.80433577556379,11.24488822992979
Mw6.4_neighborhood,359,-4.238165582074948,-1.1016368729116701,0,0.0,,,,,,-117.59058884331054,35.6749196052883,9.334077351297235,11.24266441532453
Mw6.4_neighborhood,360,-3.7381655820749478,-1.1016368729116701,0,0.0,,,,,,-117.58506595136458,35.674921626235374,8.8670739254841,11.262659322184762
Mw6.4_neighborhood,361,-3.2381655820749478,-1.1016368729116701,6,949106720.1545625,3.3435,3.25,3.5,3.25,3.5,-117.57954305915759,35.674923393814524,8.403868156985805,11.304755055267062
Mw6.4_neighborhood,362,-2.7381655820749478,-1.1016368729116701,2,538493973.5447099,2.462094444444445,2.25,2.5,2.25,2.5,-117.57402016672448,35.674924908025716,7.945124291035352,11.36870611422325
Mw6.4_neighborhood,363,-2.2381655820749478,-1.1016368729116701,0,0.0,,,,,,-117.56849727410018,35.67492616886892,7.4916620318858484,11.454146435399192
Mw6.4_neighborhood,364,-1.7381655820749478,-1.1016368729116701,1,518800.038928961,29.26053333333333,29.25,29.5,29.25,29.5,-117.56297438131959,35.67492717634412,7.044501401802686,11.56059956989943
Mw6.4_neighborhood,365,-1.2381655820749478,-1.1016368729116701,0,0.0,,,,,,-117.55745148841761,35.67492793045131,6.604922406811453,11.68749135903637
Mw6.4_neighborhood,366,-0.7381655820749478,-1.1016368729116701,1,3349654.3915782725,29.04544444444445,29.25,29.5,29.25,29.5,-117.55192859542917,35.67492843119046,6.174544517614234,11.834164360846975
Mw6.4_neighborhood,367,-0.23816558207494776,-1.1016368729116701,0,0.0,,,,,,-117.54640570238922,35.674928678561564,5.755432216610669,11.999893248338987
Mw6.4_neighborhood,368,0.26183441792505224,-1.1016368729116701,2,664043102.3991748,10.653255555555557,10.75,10.5,10.75,10.5,-117.54088280933262,35.67492867256465,5.350233639758174,12.183900435555211
Mw6.4_neighborhood,369,0.7618344179250522,-1.1016368729116701,2,16927827.770855546,3.6223277777777776,3.75,3.5,3.75,3.5,-117.53535991629428,35.67492841319969,4.962358310319802,12.38537127725743
Mw6.4_neighborhood,370,1.2618344179250522,-1.1016368729116701,5,238885480.97046763,0.8043222222222222,0.75,0.5,0.75,0.5,-117.52983702330917,35.674927900466685,4.596194077712559,12.60346831342485
Mw6.4_neighborhood,371,1.7618344179250522,-1.1016368729116701,5,41821025.31977981,10.477330555555556,10.25,10.5,10.25,10.5,-117.52431413041217,35.67492713436563,4.257346591481601,12.837344171575955
Mw6.4_neighborhood,372,2.2618344179250522,-1.1016368729116701,5,60261123.60148884,6.057411111111112,6.25,6.5,6.25,6.5,-117.51879123763817,35.67492611489659,3.952847075210474,13.086152881251467
Mw6.4_neighborhood,373,2.7618344179250522,-1.1016368729116701,14,3888183277.84264,0.3614666666666666,3.75,3.5,0.25,0.5,-117.51326834502211,35.674924842059525,3.69120576505835,13.349059483105053
Mw6.4_neighborhood,374,3.2618344179250522,-1.1016368729116701,25,26044280229.68668,0.2992333333333333,12.25,12.5,0.25,0.5,-117.50774545259894,35.674923315854485,3.48209706929603,13.625247921981744
Mw6.4_neighborhood,375,3.7618344179250522,-1.1016368729116701,26,9136686958.745724,0.3373111111111111,8.75,0.5,0.25,0.5,-117.50222256040351,35.674921536281495,3.3354160160315836,13.913927295607762
Mw6.4_neighborhood,376,4.261834417925052,-1.1016368729116701,13,1417015935.0042605,0.2832333333333333,13.25,13.5,0.25,0.5,-117.49669966847078,35.67491950334056,3.2596012026013246,14.214336588087733
Mw6.4_neighborhood,377,4.761834417925052,-1.1016368729116701,6,20220253.386132788,7.882533333333333,7.75,7.5,7.75,7.5,-117.49117677683563,35.67491721703174,3.2596012026013246,14.52574805273176
Mw6.4_neighborhood,378,5.261834417925052,-1.1016368729116701,1,2722701.308077916,14.562294444444444,14.75,14.5,14.75,14.5,-117.48565388553301,35.67491467735505,3.3354160160315836,14.847469425576582
Mw6.4_neighborhood,379,5.761834417925052,-1.1016368729116701,10,240784902.3504305,1.2488555555555556,14.25,14.5,1.25,1.5,-117.48013099459781,35.67491188431054,3.48209706929603,15.178845153549142
Mw6.4_neighborhood,380,6.261834417925052,-1.1016368729116701,2,6869884.699856653,28.50708888888889,28.75,28.5,28.75,28.5,-117.47460810406494,35.67490883789823,3.69120576505835,15.519256813630387
Mw6.4_neighborhood,381,6.761834417925052,-1.1016368729116701,7,2482181233.43351,1.3606333333333334,1.25,1.5,1.25,1.5,-117.46908521396934,35.6749055381182,3.952847075210474,15.868122885187272
Mw6.4_neighborhood,382,7.261834417925052,-1.1016368729116701,2,181563210.9253167,9.002458333333333,9.25,9.5,9.25,9.5,-117.4635623243459,35.674901984970504,4.257346591481601,16.22489801975331
Mw6.4_neighborhood,383,7.761834417925052,-1.1016368729116701,5,956846330762.2032,1.2360444444444445,1.25,1.5,1.25,1.5,-117.45803943522955,35.67489817845515,4.596194077712559,16.589071933154845
Mw6.4_neighborhood,384,8.261834417925051,-1.1016368729116701,2,96400829.73974963,0.4269888888888889,0.25,0.5,0.25,0.5,-117.45251654665519,35.67489411857225,4.962358310319801,16.96016802556439
Mw6.4_neighborhood,385,8.761834417925051,-1.1016368729116701,1,139636836105.59363,0.0600888888888888,0.25,0.5,0.25,0.5,-117.44699365865775,35.67488980532183,5.350233639758174,17.337741816838996
Mw6.4_neighborhood,386,9.261834417925051,-1.1016368729116701,1,121618600.06463704,1.9867277777777776,1.75,1.5,1.75,1.5,-117.44147077127212,35.67488523870398,5.755432216610669,17.72137926797343
Mw6.4_neighborhood,387,9.761834417925051,-1.1016368729116701,0,0.0,,,,,,-117.43594788453322,35.67488041871875,6.174544517614234,18.110695044954774
Mw6.4_neighborhood,388,10.261834417925051,-1.1016368729116701,0,0.0,,,,,,-117.430424998476,35.67487534536624,6.604922406811452,18.50533076881741
Mw6.4_neighborhood,389,10.761834417925051,-1.1016368729116701,0,0.0,,,,,,-117.42490211313533,35.6748700186465,7.044501401802685,18.90495328519304
Mw6.4_neighborhood,390,11.261834417925051,-1.1016368729116701,0,0.0,,,,,,-117.41937922854615,35.674864438559645,7.491662031885848,19.30925297797204
Mw6.4_neighborhood,391,11.761834417925051,-1.1016368729116701,0,0.0,,,,,,-117.41385634474335,35.67485860510573,7.945124291035351,19.717942144638545
Mw6.4_neighborhood,392,12.261834417925051,-1.1016368729116701,0,0.0,,,,,,-117.40833346176188,35.67485251828488,8.403868156985805,20.130753445196824
Mw6.4_neighborhood,393,12.761834417925051,-1.1016368729116701,0,0.0,,,,,,-117.40281057963662,35.67484617809716,8.8670739254841,20.547438432157296
Mw6.4_neighborhood,394,13.261834417925051,-1.1016368729116701,0,0.0,,,,,,-117.3972876984025,35.674839584542674,9.334077351297235,20.967766165600132
Mw6.4_neighborhood,395,13.761834417925051,-1.1016368729116701,0,0.0,,,,,,-117.39176481809442,35.67483273762153,9.80433577556379,21.391521914704352
Mw6.4_neighborhood,396,-4.738165582074948,-0.6016368729116701,0,0.0,,,,,,-117.59611467757136,35.679423741424856,9.650129532809391,10.74507449121794
Mw6.4_neighborhood,397,-4.238165582074948,-0.6016368729116701,3,830698591.0705515,4.260877777777778,4.25,21.5,4.25,4.5,-117.59059147539942,35.679426015949026,9.17196816392207,10.742747212599454
Mw6.4_neighborhood,398,-3.7381655820749478,-0.6016368729116701,0,0.0,,,,,,-117.5850682729315,35.679428037082005,8.696263565463044,10.763670820208329
Mw6.4_neighborhood,399,-3.2381655820749478,-0.6016368729116701,0,0.0,,,,,,-117.57954507020241,35.67942980482375,8.223442101699263,10.807710274512134
Mw6.4_neighborhood,400,-2.7381655820749478,-0.6016368729116701,0,0.0,,,,,,-117.5740218672472,35.67943131917421,7.754031209635412,10.874584738268677
Mw6.4_neighborhood,401,-2.2381655820749478,-0.6016368729116701,1,7943282.347242805,17.755394444444445,17.75,17.5,17.75,17.5,-117.56849866410069,35.6794325801334,7.2886898685566255,10.963876371146153
Mw6.4_neighborhood,402,-1.7381655820749478,-0.6016368729116701,2,10234150.000010576,3.0437833333333337,3.25,3.5,3.25,3.5,-117.56297546079787,35.679433587701276,6.8282501418738315,11.07504297661042
Mw6.4_neighborhood,403,-1.2381655820749478,-0.6016368729116701,1,933254.3007969904,22.83538055555556,22.75,22.5,22.75,22.5,-117.55745225737365,35.67943434187783,6.373774391990981,11.207433639587553
Mw6.4_neighborhood,404,-0.7381655820749478,-0.6016368729116701,0,0.0,,,,,,-117.55192905386293,35.67943484266304,5.926634795564849,11.360306361967075
Mw6.4_neighborhood,405,-0.23816558207494776,-0.6016368729116701,2,1259764.808656455,13.730019444444444,13.75,13.5,13.75,13.5,-117.54640585030066,35.679435090056906,5.488624600025037,11.53284667763083
Mw6.4_neighborhood,406,0.26183441792505224,-0.6016368729116701,2,7035750.283186689,19.99213333333333,19.75,19.5,19.75,19.5,-117.54088264672174,35.679435084059435,5.062114182829147,11.724186297638374
Mw6.4_neighborhood,407,0.7618344179250522,-0.6016368729116701,2,1496742.1634455288,9.584297222222222,9.75,9.5,9.75,9.5,-117.53535944316113,35.6794348246706,4.650268809434569,11.93342097613766
Mw6.4_neighborhood,408,1.2618344179250522,-0.6016368729116701,1,870963.5899560796,11.165525,11.25,11.5,11.25,11.5,-117.5298362396537,35.67943431189043,4.257346591481601,12.159626969842174
Mw6.4_neighborhood,409,1.7618344179250522,-0.6016368729116701,1,638263.4861905483,22.0164,22.25,22.5,22.25,22.5,-117.52431303623446,35.67943354571893,3.8890872965260113,12.401875660467818
Mw6.4_neighborhood,410,2.2618344179250522,-0.6016368729116701,8,98076265.03988698,3.679638888888889,3.75,3.5,3.75,3.5,-117.51878983293825,35.6794325261561,3.553167600887974,12.659246097208749
Mw6.4_neighborhood,411,2.7618344179250522,-0.6016368729116701,8,37074409.46169497,1.9537166666666668,1.75,1.5,1.75,1.5,-117.51326662980003,35.679431253201955,3.2596012026013246,12.930835379111663
Mw6.4_neighborhood,412,3.2618344179250522,-0.6016368729116701,14,709375138.5277063,2.0555444444444446,2.25,2.5,2.25,2.5,-117.50774342685472,35.67942972685655,3.020761493398643,13.215766926428323
Mw6.4_neighborhood,413,3.7618344179250522,-0.6016368729116701,20,13847715543.596348,0.7933555555555555,6.75,6.5,0.75,0.5,-117.50222022413722,35.679427947119855,2.850438562747845,13.513196783354694
Mw6.4_neighborhood,414,4.261834417925052,-0.6016368729116701,24,4819499218.709068,5.70205,9.75,9.5,5.75,5.5,-117.4966970216825,35.67942591399193,2.7613402542968153,13.82231815426264
Mw6.4_neighborhood,415,4.761834417925052,-0.6016368729116701,17,452990943.6460068,3.2430055555555555,6.75,6.5,3.25,3.5,-117.49117381952543,35.67942362747278,2.7613402542968153,14.142364406620606
Mw6.4_neighborhood,416,5.261834417925052,-0.6016368729116701,10,167099661.36069536,10.665655555555556,32.25,32.5,10.75,10.5,-117.48565061770098,35.67942108756248,2.850438562747845,14.47261078249672
Mw6.4_neighborhood,417,5.761834417925052,-0.6016368729116701,16,448550026.1693876,3.376644444444445,8.25,8.5,3.25,3.5,-117.48012741624409,35.679418294261055,3.020761493398643,14.812375053097703
Mw6.4_neighborhood,418,6.261834417925052,-0.6016368729116701,7,1365091820913.1099,1.2214277777777778,1.25,1.5,1.25,1.5,-117.47460421518961,35.679415247568535,3.2596012026013246,15.16101733280528
Mw6.4_neighborhood,419,6.761834417925052,-0.6016368729116701,1,6025595.860743568,26.42055,26.25,26.5,26.25,26.5,-117.46908101457254,35.679411947484965,3.553167600887974,15.517939245196605
Mw6.4_neighborhood,420,7.261834417925052,-0.6016368729116701,1,758577.5750291835,31.75988611111111,31.75,31.5,31.75,31.5,-117.46355781442776,35.67940839401042,3.8890872965260113,15.882582607044858
Mw6.4_neighborhood,421,7.761834417925052,-0.6016368729116701,0,0.0,,,,,,-117.45803461479018,35.67940458714494,4.257346591481601,16.25442776973692
Mw6.4_neighborhood,422,8.261834417925051,-0.6016368729116701,0,0.0,,,,,,-117.45251141569479,35.67940052688859,4.650268809434568,16.63299173250518
Mw6.4_neighborhood,423,8.761834417925051,-0.6016368729116701,1,1566751.07010815,23.431438888888888,23.25,23.5,23.25,23.5,-117.44698821717644,35.67939621324141,5.062114182829146,17.01782611926613
Mw6.4_neighborhood,424,9.261834417925051,-0.6016368729116701,0,0.0,,,,,,-117.44146501927008,35.6793916462035,5.4886246000250365,17.408515091114676
Mw6.4_neighborhood,425,9.761834417925051,-0.6016368729116701,0,0.0,,,,,,-117.43594182201065,35.67938682577491,5.926634795564849,17.804673249727397
Mw6.4_neighborhood,426,10.261834417925051,-0.6016368729116701,0,0.0,,,,,,-117.43041862543308,35.679381751955724,6.37377439199098,18.205943572953014
Mw6.4_neighborhood,427,10.761834417925051,-0.6016368729116701,0,0.0,,,,,,-117.42489542957225,35.67937642474602,6.828250141873831,18.6119954124629
Mw6.4_neighborhood,428,11.261834417925051,-0.6016368729116701,0,0.0,,,,,,-117.41937223446313,35.67937084414587,7.288689868556625,19.022522574189022
Mw6.4_neighborhood,429,11.761834417925051,-0.6016368729116701,0,0.0,,,,,,-117.41384904014059,35.67936501015538,7.754031209635411,19.43724149506616
Mw6.4_neighborhood,430,12.261834417925051,-0.6016368729116701,0,0.0,,,,,,-117.4083258466396,35.67935892277463,8.223442101699263,19.855889524005534
Mw6.4_neighborhood,431,12.761834417925051,-0.6016368729116701,0,0.0,,,,,,-117.40280265399508,35.6793525820037,8.696263565463044,20.27822331077118
Mw6.4_neighborhood,432,13.261834417925051,-0.6016368729116701,0,0.0,,,,,,-117.39727946224195,35.679345987842716,9.17196816392207,20.70401730325529
Mw6.4_neighborhood,433,13.761834417925051,-0.6016368729116701,0,0.0,,,,,,-117.39175627141512,35.67933914029176,9.650129532809391,21.13306235133672
Mw6.4_neighborhood,434,-4.738165582074948,-0.10163687291167012,0,0.0,,,,,,-117.596117620728,35.68393014849614,9.519716382329886,10.245278929342595
Mw6.4_neighborhood,435,-4.238165582074948,-0.10163687291167012,0,0.0,,,,,,-117.59059410797654,35.68393242322956,9.034655499796326,10.242838092639278
Mw6.4_neighborhood,436,-3.7381655820749478,-0.10163687291167012,0,0.0,,,,,,-117.585070594929,35.68393444454845,8.551315688243536,10.264780759666188
Mw6.4_neighborhood,437,-3.2381655820749478,-0.10163687291167012,0,0.0,,,,,,-117.57954708162029,35.68393621245281,8.070006195784487,10.310951260480481
Mw6.4_neighborhood,438,-2.7381655820749478,-0.10163687291167012,1,1148153.6214968818,20.8683,20.75,20.5,20.75,20.5,-117.57402356808532,35.683937726942595,7.591113225344488,10.381026334038216
Mw6.4_neighborhood,439,-2.2381655820749478,-0.10163687291167012,1,11614486.138403414,18.57438888888889,18.75,18.5,18.75,18.5,-117.56850005435905,35.683938988017765,7.115124735378854,10.474526223175243
Mw6.4_neighborhood,440,-1.7381655820749478,-0.10163687291167012,0,0.0,,,,,,-117.5629765404764,35.68393999567834,6.642665127793212,10.590830536458258
Mw6.4_neighborhood,441,-1.2381655820749478,-0.10163687291167012,4,51942882.9498908,5.733711111111111,5.75,5.5,5.75,5.5,-117.55745302647232,35.683940749924254,6.174544517614234,10.729197700851989
Mw6.4_neighborhood,442,-0.7381655820749478,-0.10163687291167012,0,0.0,,,,,,-117.55192951238172,35.68394125075553,5.7118298293979315,10.888786670513777
Mw6.4_neighborhood,443,-0.23816558207494776,-0.10163687291167012,0,0.0,,,,,,-117.54640599823955,35.68394149817216,5.25594901040716,11.068679551235974
Mw6.4_neighborhood,444,0.26183441792505224,-0.10163687291167012,0,0.0,,,,,,-117.54088248408074,35.683941492174135,4.808846015417836,11.26790392486288
Mw6.4_neighborhood,445,0.7618344179250522,-0.10163687291167012,0,0.0,,,,,,-117.53535896994023,35.68394123276145,4.373213921133975,11.485453874877178
Mw6.4_neighborhood,446,1.2618344179250522,-0.10163687291167012,0,0.0,,,,,,-117.52983545585292,35.68394071993411,3.952847075210474,11.720308979029609
Mw6.4_neighborhood,447,1.7618344179250522,-0.10163687291167012,0,0.0,,,,,,-117.52431194185381,35.683939953692125,3.553167600887974,11.971450806644656
Mw6.4_neighborhood,448,2.2618344179250522,-0.10163687291167012,0,0.0,,,,,,-117.51878842797777,35.6839389340355,3.181980515339464,12.237876705862984
Mw6.4_neighborhood,449,2.7618344179250522,-0.10163687291167012,2,6300175.853559425,3.844433333333333,3.75,3.5,3.75,3.5,-117.51326491425978,35.68393766096426,2.850438562747845,12.518610870216182
Mw6.4_neighborhood,450,3.2618344179250522,-0.10163687291167012,8,214138653.78368735,2.569322222222222,2.75,2.5,2.75,2.5,-117.50774140073472,35.68393613447843,2.57390753524675,12.812712826403535
Mw6.4_neighborhood,451,3.7618344179250522,-0.10163687291167012,13,833205121.2415068,2.484755555555556,2.25,5.5,2.25,2.5,-117.50221788743758,35.68393435457802,2.3717082451262845,13.11928358653309
Mw6.4_neighborhood,452,4.261834417925052,-0.10163687291167012,21,68248754847.19468,0.1787611111111111,10.75,10.5,0.25,0.5,-117.49669437440328,35.68393232126305,2.2638462845343543,13.437469764649423
Mw6.4_neighborhood,453,4.761834417925052,-0.10163687291167012,21,2298487829.113759,1.4220944444444443,2.75,2.5,1.25,1.5,-117.4911708616667,35.68393003453359,2.2638462845343543,13.766465978160783
Mw6.4_neighborhood,454,5.261834417925052,-0.10163687291167012,22,25518395660.69452,0.9993833333333334,6.25,6.5,0.75,0.5,-117.48564734926285,35.683927494389636,2.3717082451262845,14.105515849477083
Mw6.4_neighborhood,455,5.761834417925052,-0.10163687291167012,13,75639560796.64194,0.0960833333333333,13.75,13.5,0.25,0.5,-117.48012383722664,35.68392470083125,2.57390753524675,14.45391190065306
Mw6.4_neighborhood,456,6.261834417925052,-0.10163687291167012,10,68803566.8726259,4.460666666666667,26.75,8.5,4.25,4.5,-117.47460032559297,35.683921653858455,2.850438562747845,14.810994601438184
Mw6.4_neighborhood,457,6.761834417925052,-0.10163687291167012,7,35173650301.56356,9.132988888888889,9.25,11.5,9.25,9.5,-117.46907681439681,35.68391835347132,3.181980515339464,15.176150794447908
Mw6.4_neighborhood,458,7.261834417925052,-0.10163687291167012,1,3349654.3915782725,33.53835277777778,33.75,33.5,33.75,33.5,-117.46355330367308,35.683914799669886,3.553167600887974,15.548811684106692
Mw6.4_neighborhood,459,7.761834417925052,-0.10163687291167012,2,19911894.24336821,7.453758333333333,7.25,7.5,7.25,7.5,-117.4580297934567,35.6839109924542,3.952847075210474,15.928450541085397
Mw6.4_neighborhood,460,8.261834417925051,-0.10163687291167012,0,0.0,,,,,,-117.45250628378264,35.68390693182435,4.373213921133974,16.314580242586523
Mw6.4_neighborhood,461,8.761834417925051,-0.10163687291167012,1,1188502.2274370166,23.552766666666667,23.75,23.5,23.75,23.5,-117.4469827746858,35.683902617780376,4.808846015417836,16.706750741654865
Mw6.4_neighborhood,462,9.261834417925051,-0.10163687291167012,1,3349654.3915782725,7.482963888888888,7.25,7.5,7.25,7.5,-117.44145926620115,35.68389805032231,5.255949010407159,17.104546535812528
Mw6.4_neighborhood,463,9.761834417925051,-0.10163687291167012,0,0.0,,,,,,-117.43593575836356,35.683893229450305,5.711829829397931,17.50758418651092
Mw6.4_neighborhood,464,10.261834417925051,-0.10163687291167012,0,0.0,,,,,,-117.43041225120803,35.683888155164354,6.174544517614234,17.915509925753106
Mw6.4_neighborhood,465,10.761834417925051,-0.10163687291167012,0,0.0,,,,,,-117.42488874476943,35.68388282746461,6.64266512779321,18.327997374283665
Mw6.4_neighborhood,466,11.261834417925051,-0.10163687291167012,0,0.0,,,,,,-117.41936523908277,35.683877246351095,7.115124735378853,18.74474538647404
Mw6.4_neighborhood,467,11.761834417925051,-0.10163687291167012,0,0.0,,,,,,-117.41384173418292,35.68387141182394,7.591113225344487,19.16547602997981
Mw6.4_neighborhood,468,12.261834417925051,-0.10163687291167012,0,0.0,,,,,,-117.40831823010485,35.68386532388319,8.070006195784485,19.58993270299114
Mw6.4_neighborhood,469,12.761834417925051,-0.10163687291167012,0,0.0,,,,,,-117.40279472688346,35.683858982528974,8.551315688243536,20.01787838807381
Mw6.4_neighborhood,470,13.261834417925051,-0.10163687291167012,0,0.0,,,,,,-117.39727122455369,35.683852387761384,9.034655499796326,20.449094038898238
Mw6.4_neighborhood,471,13.761834417925051,-0.10163687291167012,0,0.0,,,,,,-117.39174772315052,35.683845539580524,9.519716382329886,20.883377094322995
Mw6.4_neighborhood,472,-5.238165582074948,0.3983631270883299,0,0.0,,,,,,-117.60164438748797,35.68843402380651,9.905806378079475,9.773682162125459
Mw6.4_neighborhood,473,-4.738165582074948,0.3983631270883299,0,0.0,,,,,,-117.59612056443056,35.688436552186985,9.414085191881366,9.745504340886637
Mw6.4_neighborhood,474,-4.238165582074948,0.3983631270883299,0,0.0,,,,,,-117.59059674104199,35.68843882712967,8.923284148787374,9.742938299621484
Mw6.4_neighborhood,475,-3.7381655820749478,0.3983631270883299,0,0.0,,,,,,-117.58507291735725,35.68844084863453,8.4335638967165,9.766004227022536
Mw6.4_neighborhood,476,-3.2381655820749478,0.3983631270883299,0,0.0,,,,,,-117.57954909341125,35.688442616701536,7.945124291035352,9.814521405255222
Mw6.4_neighborhood,477,-2.7381655820749478,0.3983631270883299,0,0.0,,,,,,-117.57402526923894,35.68844413133064,7.458216945088149,9.888115202919302
Mw6.4_neighborhood,478,-2.2381655820749478,0.3983631270883299,0,0.0,,,,,,-117.5685014448753,35.68844539252183,6.9731628404906765,9.986231226954178
Mw6.4_neighborhood,479,-1.7381655820749478,0.3983631270883299,0,0.0,,,,,,-117.56297762035521,35.68844640027509,6.490377492873585,10.108155418778722
Mw6.4_neighborhood,480,-1.2381655820749478,0.3983631270883299,0,0.0,,,,,,-117.55745379571363,35.688447154590406,6.010407640085654,10.253038467799511
Mw6.4_neighborhood,481,-0.7381655820749478,0.3983631270883299,0,0.0,,,,,,-117.55192997098557,35.68844765546776,5.533985905294664,10.41992272880022
Mw6.4_neighborhood,482,-0.23816558207494776,0.3983631270883299,0,0.0,,,,,,-117.54640614620588,35.68844790290714,5.062114182829147,10.607769865818089
Mw6.4_neighborhood,483,0.26183441792505224,0.3983631270883299,1,20892961.308540408,4.364766666666666,4.25,4.5,4.25,4.5,-117.54088232140954,35.688447896908585,4.596194077712559,10.815487662521242
Mw6.4_neighborhood,484,0.7618344179250522,0.3983631270883299,1,660693.4480075964,32.31464166666667,32.25,32.5,32.25,32.5,-117.53535849663153,35.688447637472024,4.138236339311712,11.041954773958283
Mw6.4_neighborhood,485,1.2618344179250522,0.3983631270883299,2,3877622.4967627106,15.175177777777778,15.25,15.5,15.25,15.5,-117.52983467190676,35.688447124597495,3.69120576505835,11.286042578429827
Mw6.4_neighborhood,486,1.7618344179250522,0.3983631270883299,1,1798870.9151287875,28.440011111111108,28.25,28.5,28.25,28.5,-117.52431084727013,35.68844635828502,3.2596012026013246,11.546633662419618
Mw6.4_neighborhood,487,2.2618344179250522,0.3983631270883299,2,9307865.48383173,10.393458333333331,10.25,10.5,10.25,10.5,-117.51878702275667,35.6884453385346,2.850438562747845,11.822636794984136
Mw6.4_neighborhood,488,2.7618344179250522,0.3983631270883299,4,76253386.09422037,9.716769444444443,9.75,9.5,9.75,9.5,-117.51326319840129,35.688444065346246,2.4748737341529163,12.112998499054793
Mw6.4_neighborhood,489,3.2618344179250522,0.3983631270883299,17,462221873.96624297,0.4304111111111111,3.25,3.5,0.25,0.5,-117.50773937423891,35.68844253871997,2.1505813167606567,12.416711500638748
Mw6.4_neighborhood,490,3.7618344179250522,0.3983631270883299,20,661600618670.3431,0.0341111111111111,9.75,9.5,0.25,0.5,-117.50221555030448,35.688440758655815,1.9039432764659772,12.73282043940326
Mw6.4_neighborhood,491,4.261834417925052,0.3983631270883299,16,408144583.89717716,3.209461111111111,9.25,4.5,3.25,3.5,-117.49669172663297,35.6884387251538,1.7677669529663689,13.060425268500117
Mw6.4_neighborhood,492,4.761834417925052,0.3983631270883299,21,784962788.1845499,0.9421222222222222,0.75,3.5,0.75,0.5,-117.49116790325931,35.68843643821396,1.7677669529663689,13.398682772797752
Mw6.4_neighborhood,493,5.261834417925052,0.3983631270883299,15,1235892118.2141347,0.4362777777777777,5.75,5.5,0.25,0.5,-117.48564408021842,35.688433897836326,1.9039432764659772,13.746806607283675
Mw6.4_neighborhood,494,5.761834417925052,0.3983631270883299,5,26151914.725448787,4.267572222222222,32.25,32.5,4.25,4.5,-117.48012025754528,35.688431104020935,2.1505813167606567,14.10406621333185
Mw6.4_neighborhood,495,6.261834417925052,0.3983631270883299,9,95231384.83572745,3.5857166666666664,3.75,5.5,3.75,3.5,-117.47459643527482,35.68842805676784,2.4748737341529163,14.469784918997238
Mw6.4_neighborhood,496,6.761834417925052,0.3983631270883299,8,555537905.4741089,0.2735,0.25,0.5,0.25,0.5,-117.46907261344197,35.68842475607707,2.850438562747845,14.84333747692987
Mw6.4_neighborhood,497,7.261834417925052,0.3983631270883299,1,165958690.74375564,14.907944444444444,14.75,14.5,14.75,14.5,-117.46354879208168,35.68842120194871,3.2596012026013246,15.224147243968106
Mw6.4_neighborhood,498,7.761834417925052,0.3983631270883299,0,0.0,,,,,,-117.45802497122888,35.68841739438277,3.69120576505835,15.611683162235025
Mw6.4_neighborhood,499,8.261834417925051,0.3983631270883299,0,0.0,,,,,,-117.45250115091855,35.688413333379344,4.138236339311711,16.00545666358831
Mw6.4_neighborhood,500,8.761834417925051,0.3983631270883299,0,0.0,,,,,,-117.44697733118562,35.68840901893848,4.596194077712558,16.405018587675976
Mw6.4_neighborhood,501,9.261834417925051,0.3983631270883299,0,0.0,,,,,,-117.441453512065,35.68840445106025,5.062114182829146,16.809956178229175
Mw6.4_neighborhood,502,9.761834417925051,0.3983631270883299,0,0.0,,,,,,-117.43592969359169,35.688399629744715,5.533985905294663,17.21989020191407
Mw6.4_neighborhood,503,10.261834417925051,0.3983631270883299,0,0.0,,,,,,-117.43040587580056,35.68839455499198,6.010407640085654,17.63447221829922
Mw6.4_neighborhood,504,10.761834417925051,0.3983631270883299,0,0.0,,,,,,-117.42488205872664,35.68838922680209,6.490377492873583,18.053382017504585
Mw6.4_neighborhood,505,11.261834417925051,0.3983631270883299,0,0.0,,,,,,-117.41935824240481,35.68838364517514,6.973162840490676,18.476325233172012
Mw6.4_neighborhood,506,11.761834417925051,0.3983631270883299,0,0.0,,,,,,-117.41383442687003,35.68837781011121,7.458216945088148,18.903031131909497
Mw6.4_neighborhood,507,12.261834417925051,0.3983631270883299,0,0.0,,,,,,-117.40831061215722,35.68837172161041,7.945124291035351,19.333250575780852
Mw6.4_neighborhood,508,12.761834417925051,0.3983631270883299,0,0.0,,,,,,-117.40278679830136,35.68836537967282,8.4335638967165,19.766754151299637
Mw6.4_neighborhood,509,13.261834417925051,0.3983631270883299,0,0.0,,,,,,-117.3972629853374,35.68835878429853,8.923284148787374,20.203330456385462
Mw6.4_neighborhood,510,13.761834417925051,0.3983631270883299,0,0.0,,,,,,-117.39173917330024,35.68835193548766,9.414085191881366,20.64278453556843
Mw6.4_neighborhood,511,14.261834417925051,0.3983631270883299,0,0.0,,,,,,-117.38621536222487,35.68834483324031,9.905806378079475,21.084936453162342
Mw6.4_neighborhood,512,-5.238165582074948,0.8983631270883299,0,0.0,,,,,,-117.60164764243127,35.69294042388414,9.82980162566875,9.275450259931228
Mw6.4_neighborhood,513,-4.738165582074948,0.8983631270883299,0,0.0,,,,,,-117.59612350867921,35.69294295249725,9.334077351297235,9.24575412697359
Mw6.4_neighborhood,514,-4.238165582074948,0.8983631270883299,0,0.0,,,,,,-117.5905993745959,35.69294522764923,8.838834764831844,9.24304934685735
Mw6.4_neighborhood,515,-3.7381655820749478,0.8983631270883299,0,0.0,,,,,,-117.58507524021634,35.69294724934007,8.344159634139318,9.26735955277613
Mw6.4_neighborhood,516,-3.2381655820749478,0.8983631270883299,1,44668359.21509626,19.11844444444444,19.25,19.5,19.25,19.5,-117.57955110557543,35.69294901756973,7.850159234053791,9.318473315539507
Mw6.4_neighborhood,517,-2.7381655820749478,0.8983631270883299,0,0.0,,,,,,-117.57402697070815,35.6929505323382,7.3569694847810805,9.395953213187726
Mw6.4_neighborhood,518,-2.2381655820749478,0.8983631270883299,0,0.0,,,,,,-117.56850283564947,35.69295179364542,6.864765108872991,9.499154101097826
Mw6.4_neighborhood,519,-1.7381655820749478,0.8983631270883299,0,0.0,,,,,,-117.56297870043433,35.692952801491394,6.373774391990981,9.627248853561154
Mw6.4_neighborhood,520,-1.2381655820749478,0.8983631270883299,0,0.0,,,,,,-117.55745456509767,35.692953555876116,5.88430114796991,9.779259294056244
Mw6.4_neighborhood,521,-0.7381655820749478,0.8983631270883299,0,0.0,,,,,,-117.55193042967448,35.69295405679955,5.3967582862307255,9.954089822398446
Mw6.4_neighborhood,522,-0.23816558207494776,0.8983631270883299,0,0.0,,,,,,-117.54640629419966,35.692954304261704,4.911720676097125,10.150561365972191
Mw6.4_neighborhood,523,0.26183441792505224,0.8983631270883299,1,616595.0018614822,33.20217777777778,33.25,33.5,33.25,33.5,-117.5408821587082,35.69295429826257,4.430011286667337,10.367443652914547
Mw6.4_neighborhood,524,0.7618344179250522,0.8983631270883299,0,0.0,,,,,,-117.53535802323503,35.69295403880215,3.952847075210474,10.60348432112525
Mw6.4_neighborhood,525,1.2618344179250522,0.8983631270883299,0,0.0,,,,,,-117.52983388781514,35.69295352588045,3.48209706929603,10.857433932580014
Mw6.4_neighborhood,526,1.7618344179250522,0.8983631270883299,1,870963.5899560796,13.958180555555554,13.75,13.5,13.75,13.5,-117.52430975248345,35.692952759497466,3.020761493398643,11.128066474115384
Mw6.4_neighborhood,527,2.2618344179250522,0.8983631270883299,1,501187233.6272715,3.367005555555556,3.25,3.5,3.25,3.5,-117.51878561727493,35.69295173965322,2.57390753524675,11.414195341955635
Mw6.4_neighborhood,528,2.7618344179250522,0.8983631270883299,5,17142708.598973166,8.967652777777777,8.75,8.5,8.75,8.5,-117.5132614822245,35.692950466347725,2.1505813167606567,11.714685107006188
Mw6.4_neighborhood,529,3.2618344179250522,0.8983631270883299,13,1324788051.5056186,1.4608666666666663,9.75,9.5,1.25,1.5,-117.50773734736715,35.692948939581,1.7677669529663689,12.028459544276792
Mw6.4_neighborhood,530,3.7618344179250522,0.8983631270883299,16,234838025292.295,2.2435111111111112,7.25,7.5,2.25,2.5,-117.50221321273786,35.692947159353075,1.4577379737113252,12.35450650007091
Mw6.4_neighborhood,531,4.261834417925052,0.8983631270883299,10,66192101.23665681,14.134125,24.75,24.5,14.25,14.5,-117.49668907837149,35.69294512566398,1.2747548783981961,12.691880188226063
Mw6.4_neighborhood,532,4.761834417925052,0.8983631270883299,16,213848069.56075057,0.7690888888888888,11.75,11.5,0.75,0.5,-117.4911649443031,35.69294283851373,1.2747548783981961,13.039701475274507
Mw6.4_neighborhood,533,5.261834417925052,0.8983631270883299,31,6659322628.706425,1.608488888888889,4.25,15.5,1.75,1.5,-117.48564081056757,35.692940297902375,1.4577379737113252,13.397156654166102
Mw6.4_neighborhood,534,5.761834417925052,0.8983631270883299,19,4275139820.8155503,3.231138888888889,7.75,9.5,3.25,3.5,-117.48011667719989,35.69293750382995,1.7677669529663689,13.76349513271458
Mw6.4_neighborhood,535,6.261834417925052,0.8983631270883299,7,4266809932.8626266,0.1879444444444444,0.25,0.5,0.25,0.5,-117.47459254423498,35.692934456296484,2.1505813167606567,14.13802638702619
Mw6.4_neighborhood,536,6.761834417925052,0.8983631270883299,2,14791362493.798935,3.485116666666667,3.25,3.5,3.25,3.5,-117.4690684117078,35.69293115530206,2.57390753524675,14.520116458632131
Mw6.4_neighborhood,537,7.261834417925052,0.8983631270883299,3,588286608.8457315,1.13705,1.25,1.5,1.25,1.5,-117.46354427965333,35.6929276008467,3.020761493398643,14.90918421055393
Mw6.4_neighborhood,538,7.761834417925052,0.8983631270883299,0,0.0,,,,,,-117.4580201481065,35.69292379293046,3.48209706929603,15.304697503584366
Mw6.4_neighborhood,539,8.261834417925051,0.8983631270883299,0,0.0,,,,,,-117.45249601710229,35.69291973155341,3.952847075210473,15.706169409764188
Mw6.4_neighborhood,540,8.761834417925051,0.8983631270883299,0,0.0,,,,,,-117.44697188667563,35.69291541671561,4.4300112866673365,16.113154544663292
Mw6.4_neighborhood,541,9.261834417925051,0.8983631270883299,0,0.0,,,,,,-117.44144775686145,35.69291084841712,4.911720676097125,16.525245572523094
Mw6.4_neighborhood,542,9.761834417925051,0.8983631270883299,2,2661042.299339538,4.075716666666667,4.25,4.5,4.25,4.5,-117.43592362769473,35.69290602665802,5.396758286230725,16.94206991734437
Mw6.4_neighborhood,543,10.261834417925051,0.8983631270883299,0,0.0,,,,,,-117.43039949921045,35.692900951438396,5.884301147969909,17.36328669740196
Mw6.4_neighborhood,544,10.761834417925051,0.8983631270883299,0,0.0,,,,,,-117.4248753714435,35.6928956227583,6.37377439199098,17.788583889342256
Mw6.4_neighborhood,545,11.261834417925051,0.8983631270883299,0,0.0,,,,,,-117.41935124442891,35.69289004061782,6.864765108872989,18.217675720029646
Mw6.4_neighborhood,546,11.761834417925051,0.8983631270883299,0,0.0,,,,,,-117.41382711820157,35.69288420501706,7.35696948478108,18.65030027887349
Mw6.4_neighborhood,547,12.261834417925051,0.8983631270883299,1,2137962089.5022328,0.3982222222222222,0.25,0.5,0.25,0.5,-117.40830299279644,35.69287811595609,7.85015923405379,19.086217339853896
Mw6.4_neighborhood,548,12.761834417925051,0.8983631270883299,0,0.0,,,,,,-117.40277886824849,35.69287177343502,8.344159634139318,19.52520638037228
Mw6.4_neighborhood,549,13.261834417925051,0.8983631270883299,0,0.0,,,,,,-117.39725474459267,35.69286517745396,8.838834764831844,19.967064782990043
Mw6.4_neighborhood,550,13.761834417925051,0.8983631270883299,0,0.0,,,,,,-117.39173062186393,35.692858328012974,9.334077351297235,20.41160620578675
Mw6.4_neighborhood,551,14.261834417925051,0.8983631270883299,0,0.0,,,,,,-117.38620650009723,35.69285122511219,9.82980162566875,20.858659107241362
Mw6.4_neighborhood,552,-5.238165582074948,1.3983631270883299,0,0.0,,,,,,-117.60165089797842,35.69744682058097,9.778803607803972,8.7774194409671
Mw6.4_neighborhood,553,-4.738165582074948,1.3983631270883299,0,0.0,,,,,,-117.59612645347406,35.69744934942674,9.280355596635292,8.746032465904646
Mw6.4_neighborhood,554,-4.238165582074948,1.3983631270883299,1,18197008.586099826,2.941777777777778,2.75,2.5,2.75,2.5,-117.59060200863836,35.69745162478804,8.782084035125148,8.74317309371426
Mw6.4_neighborhood,555,-3.7381655820749478,1.3983631270883299,0,0.0,,,,,,-117.58507756350632,35.69745364666489,8.284020762890446,8.768869231471061
Mw6.4_neighborhood,556,-3.2381655820749478,1.3983631270883299,0,0.0,,,,,,-117.57955311811288,35.69745541505725,7.786205751198718,8.822871383548033
Mw6.4_neighborhood,557,-2.7381655820749478,1.3983631270883299,0,0.0,,,,,,-117.57402867249301,35.697456929965085,7.2886898685566255,8.904664581140699
Mw6.4_neighborhood,558,-2.2381655820749478,1.3983631270883299,0,0.0,,,,,,-117.56850422668167,35.69745819138836,6.791538853603062,9.013492284049095
Mw6.4_neighborhood,559,-1.7381655820749478,1.3983631270883299,0,0.0,,,,,,-117.56297978071383,35.69745919932707,6.294839156007086,9.148389749382316
Mw6.4_neighborhood,560,-1.2381655820749478,1.3983631270883299,0,0.0,,,,,,-117.55745533462444,35.69745995378119,5.798706752371601,9.30822361455688
Mw6.4_neighborhood,561,-0.7381655820749478,1.3983631270883299,0,0.0,,,,,,-117.55193088844848,35.69746045475072,5.303300858899107,9.491734230928785
Mw6.4_neighborhood,562,-0.23816558207494776,1.3983631270883299,0,0.0,,,,,,-117.54640644222088,35.697460702235645,4.808846015417836,9.69757756156537
Mw6.4_neighborhood,563,0.26183441792505224,1.3983631270883299,1,7413102.413009162,21.22565,21.25,21.5,21.25,21.5,-117.54088199597665,35.69746069623596,4.315669125408017,9.924364081117089
Mw6.4_neighborhood,564,0.7618344179250522,1.3983631270883299,0,0.0,,,,,,-117.53535754975071,35.69746043675167,3.824264635194589,10.170692909854171
Mw6.4_neighborhood,565,1.2618344179250522,1.3983631270883299,0,0.0,,,,,,-117.52983310357807,35.697459923782766,3.3354160160315836,10.435180214953109
Mw6.4_neighborhood,566,1.7618344179250522,1.3983631270883299,4,5508853.71999065,9.590263888888888,9.75,9.5,9.75,9.5,-117.52430865749363,35.69745915732927,2.850438562747845,10.716481604077885
Mw6.4_neighborhood,567,2.2618344179250522,1.3983631270883299,3,112432018.87817974,1.0752111111111111,1.25,1.5,1.25,1.5,-117.51878421153242,35.69745813739119,2.3717082451262845,11.013308759066486
Mw6.4_neighborhood,568,2.7618344179250522,1.3983631270883299,10,603020992.5475247,4.724688888888889,5.75,5.5,4.75,4.5,-117.51325976572933,35.69745686396855,1.9039432764659772,11.324440898981349
Mw6.4_neighborhood,569,3.2618344179250522,1.3983631270883299,3,187778719.45135695,1.1319222222222225,1.25,1.5,1.25,1.5,-117.50773532011941,35.69745533706135,1.4577379737113252,11.648731841986594
Mw6.4_neighborhood,570,3.7618344179250522,1.3983631270883299,11,2685376347.7528195,0.8545611111111111,1.75,1.5,0.75,0.5,-117.50221087473756,35.69745355666963,1.0606601717798212,11.985113490430672
Mw6.4_neighborhood,571,4.261834417925052,1.3983631270883299,10,176854436.50211436,3.590866666666667,5.75,5.5,3.75,3.5,-117.49668642961876,35.69745152279341,0.7905694150420949,12.332596532380931
Mw6.4_neighborhood,572,4.761834417925052,1.3983631270883299,9,756548304.0705794,0.4398277777777778,22.75,22.5,0.25,0.5,-117.49116198479796,35.69744923543273,0.7905694150420949,12.690269070531366
Mw6.4_neighborhood,573,5.261834417925052,1.3983631270883299,11,646258689.9737746,2.3410777777777776,2.25,22.5,2.25,2.5,-117.48563754031014,35.69744669458761,1.0606601717798212,13.057293782958089
Mw6.4_neighborhood,574,5.761834417925052,1.3983631270883299,32,3725152223.4660025,0.3850555555555556,14.25,3.5,0.25,0.5,-117.48011309619027,35.6974439002581,1.4577379737113252,13.43290410843712
Mw6.4_neighborhood,575,6.261834417925052,1.3983631270883299,12,33715641060.441895,2.5385444444444447,23.75,10.5,2.75,2.5,-117.47458865247326,35.69744085244426,1.9039432764659772,13.816399843608238
Mw6.4_neighborhood,576,6.761834417925052,1.3983631270883299,2,4956345.020766688,6.3091333333333335,6.25,6.5,6.25,6.5,-117.46906420919414,35.6974375511461,2.3717082451262845,14.207142446334823
Mw6.4_neighborhood,577,7.261834417925052,1.3983631270883299,2,64316868.850483164,2.746355555555555,2.75,2.5,2.75,2.5,-117.46353976638788,35.697433996363706,2.850438562747845,14.604550261560249
Mw6.4_neighborhood,578,7.761834417925052,1.3983631270883299,2,22316828.928844873,12.941675,12.75,12.5,12.75,12.5,-117.45801532408937,35.6974301880971,3.3354160160315836,15.008093822815422
Mw6.4_neighborhood,579,8.261834417925051,1.3983631270883299,0,0.0,,,,,,-117.45249088233362,35.697426126346365,3.8242646351945875,15.417291332994303
Mw6.4_neighborhood,580,8.761834417925051,1.3983631270883299,0,0.0,,,,,,-117.44696644115557,35.69742181111157,4.315669125408016,15.831704390191605
Mw6.4_neighborhood,581,9.261834417925051,1.3983631270883299,0,0.0,,,,,,-117.44144200059021,35.69741724239276,4.808846015417836,16.250933996247817
Mw6.4_neighborhood,582,9.761834417925051,1.3983631270883299,0,0.0,,,,,,-117.4359175606725,35.69741242019002,5.303300858899106,16.674616865235432
Mw6.4_neighborhood,583,10.261834417925051,1.3983631270883299,0,0.0,,,,,,-117.43039312143736,35.69740734450343,5.798706752371601,17.102422034740716
Mw6.4_neighborhood,584,10.761834417925051,1.3983631270883299,0,0.0,,,,,,-117.42486868291981,35.69740201533305,6.294839156007084,17.534047773015097
Mw6.4_neighborhood,585,11.261834417925051,1.3983631270883299,0,0.0,,,,,,-117.41934424515479,35.69739643267897,6.791538853603061,17.969218768726886
Mw6.4_neighborhood,586,11.761834417925051,1.3983631270883299,0,0.0,,,,,,-117.41381980817725,35.69739059654128,7.288689868556625,18.40768358621903
Mw6.4_neighborhood,587,12.261834417925051,1.3983631270883299,0,0.0,,,,,,-117.40829537202215,35.69738450692007,7.786205751198717,18.84921236716135
Mw6.4_neighborhood,588,12.761834417925051,1.3983631270883299,0,0.0,,,,,,-117.40277093672448,35.69737816381544,8.284020762890446,19.293594758736365
Mw6.4_neighborhood,589,13.261834417925051,1.3983631270883299,0,0.0,,,,,,-117.39724650231918,35.69737156722748,8.782084035125148,19.740638048612567
Mw6.4_neighborhood,590,13.761834417925051,1.3983631270883299,0,0.0,,,,,,-117.39172206884122,35.6973647171563,9.280355596635292,20.190165487640787
Mw6.4_neighborhood,591,14.261834417925051,1.3983631270883299,0,0.0,,,,,,-117.38619763632553,35.697357613601994,9.778803607803972,20.642014782242356
Mw6.4_neighborhood,592,-5.238165582074948,1.8983631270883299,0,0.0,,,,,,-117.60165415412953,35.70195321389681,9.75320460156558,8.279625991605908
Mw6.4_neighborhood,593,-4.738165582074948,1.8983631270883299,0,0.0,,,,,,-117.59612939881525,35.70195574297526,9.253377761660873,8.246344548517664
Mw6.4_neighborhood,594,-4.238165582074948,1.8983631270883299,0,0.0,,,,,,-117.59060464316951,35.70195801854594,8.753570700005799,8.243311850516024
Mw6.4_neighborhood,595,-3.7381655820749478,1.8983631270883299,0,0.0,,,,,,-117.58507988722735,35.70196004060883,8.253787009609589,8.270561173031053
Mw6.4_neighborhood,596,-3.2381655820749478,1.8983631270883299,0,0.0,,,,,,-117.5795551310237,35.701961809163905,7.754031209635412,8.32779526458472
Mw6.4_neighborhood,597,-2.7381655820749478,1.8983631270883299,0,0.0,,,,,,-117.57403037459359,35.70196332421113,7.254309064273454,8.414402285416985
Mw6.4_neighborhood,598,-2.2381655820749478,1.8983631270883299,0,0.0,,,,,,-117.56850561797194,35.701964585750474,6.754628043053148,8.529487538698996
Mw6.4_neighborhood,599,-1.7381655820749478,1.8983631270883299,1,2540972.705549301,18.485516666666665,18.25,18.5,18.25,18.5,-117.56298086119375,35.70196559378192,6.254998001598402,8.671917292318485
Mw6.4_neighborhood,600,-1.2381655820749478,1.8983631270883299,0,0.0,,,,,,-117.55745610429396,35.70196634830547,5.755432216610669,8.84036997963339
Mw6.4_neighborhood,601,-0.7381655820749478,1.8983631270883299,1,6683439.175686149,2.7904944444444446,2.75,2.5,2.75,2.5,-117.55193134730759,35.701966849321096,5.25594901040716,9.033389907935677
Mw6.4_neighborhood,602,-0.23816558207494776,1.8983631270883299,0,0.0,,,,,,-117.54640659026958,35.701967096828795,4.756574397610112,9.24943917655471
Mw6.4_neighborhood,603,0.26183441792505224,1.8983631270883299,2,1913918.8820854183,13.250913888888888,13.25,13.5,13.25,13.5,-117.54088183321491,35.70196709082854,4.257346591481601,9.486944552002818
Mw6.4_neighborhood,604,0.7618344179250522,1.8983631270883299,0,0.0,,,,,,-117.53535707617856,35.701966831320384,3.758324094593227,9.744337267601468
Mw6.4_neighborhood,605,1.2618344179250522,1.8983631270883299,1,841395.1416451947,33.130338888888886,33.25,33.5,33.25,33.5,-117.52983231919549,35.70196631830429,3.2596012026013246,10.020084861754302
Mw6.4_neighborhood,606,1.7618344179250522,1.8983631270883299,4,492020517.65558714,0.51075,18.25,18.5,0.75,0.5,-117.52430756230069,35.70196555178027,2.7613402542968153,10.31271508812052
Mw6.4_neighborhood,607,2.2618344179250522,1.8983631270883299,1,92257142.71547627,17.670416666666668,17.75,17.5,17.75,17.5,-117.51878280552913,35.70196453174834,2.2638462845343543,10.620832563445274
Mw6.4_neighborhood,608,2.7618344179250522,1.8983631270883299,3,502495399.693907,1.7189555555555556,1.75,1.5,1.75,1.5,-117.51325804891573,35.701963258208515,1.7677669529663689,10.943129177375656
Mw6.4_neighborhood,609,3.2618344179250522,1.8983631270883299,6,71200930.16699448,6.884238888888889,6.75,6.5,6.75,6.5,-117.50773329249554,35.70196173116082,1.2747548783981961,11.27838942600943
Mw6.4_neighborhood,610,3.7618344179250522,1.8983631270883299,14,208499842122.77753,0.4037,13.25,13.5,0.25,0.5,-117.5022085363035,35.70195995060528,0.7905694150420949,11.625491813111056
Mw6.4_neighborhood,611,4.261834417925052,1.8983631270883299,5,165872930.55397338,2.0081333333333333,2.25,2.5,2.25,2.5,-117.49668378037457,35.701957916541915,0.3535533905932738,11.983407351363095
Mw6.4_neighborhood,612,4.761834417925052,1.8983631270883299,9,20759212184.81722,0.4692277777777778,0.25,0.5,0.25,0.5,-117.49115902474375,35.701955628970765,0.3535533905932738,12.351196039278705
Mw6.4_neighborhood,613,5.261834417925052,1.8983631270883299,9,1708843000.3908408,1.0822888888888889,4.75,4.5,1.25,1.5,-117.485634269446,35.701953087891845,0.7905694150420949,12.728002021239817
Mw6.4_neighborhood,614,5.761834417925052,1.8983631270883299,16,2868311277.835431,0.3238055555555555,5.75,2.5,0.25,0.5,-117.48010951451629,35.701950293305224,1.2747548783981961,13.113047979195217
Mw6.4_neighborhood,615,6.261834417925052,1.8983631270883299,29,228766055710.915,2.729888888888889,4.25,4.5,2.75,2.5,-117.47458475998958,35.70194724521094,1.7677669529663689,13.505629165524525
Mw6.4_neighborhood,616,6.761834417925052,1.8983631270883299,8,5862810410.184274,3.295027777777778,11.75,11.5,3.25,3.5,-117.46906000590084,35.70194394360901,2.2638462845343543,13.905107371345881
Mw6.4_neighborhood,617,7.261834417925052,1.8983631270883299,2,12746062.534494365,16.90893611111111,16.75,16.5,16.75,16.5,-117.46353525228508,35.70194038849952,2.7613402542968153,14.310905032898807
Mw6.4_neighborhood,618,7.761834417925052,1.8983631270883299,0,0.0,,,,,,-117.45801049917726,35.70193657988251,3.2596012026013246,14.722499608172496
Mw6.4_neighborhood,619,8.261834417925051,1.8983631270883299,0,0.0,,,,,,-117.45248574661231,35.70193251775804,3.758324094593226,15.13941830337712
Mw6.4_neighborhood,620,8.761834417925051,1.8983631270883299,0,0.0,,,,,,-117.44696099462526,35.70192820212618,4.2573465914816,15.561233190741056
Mw6.4_neighborhood,621,9.261834417925051,1.8983631270883299,0,0.0,,,,,,-117.44143624325106,35.70192363298698,4.756574397610112,15.987556732303155
Mw6.4_neighborhood,622,9.761834417925051,1.8983631270883299,0,0.0,,,,,,-117.43591149252465,35.70191881034052,5.255949010407159,16.41803770615121
Mw6.4_neighborhood,623,10.261834417925051,1.8983631270883299,0,0.0,,,,,,-117.43038674248108,35.701913734186896,5.755432216610669,16.852357519723874
Mw6.4_neighborhood,624,10.761834417925051,1.8983631270883299,0,0.0,,,,,,-117.42486199315523,35.701908404526165,6.254998001598401,17.29022688759707
Mw6.4_neighborhood,625,11.261834417925051,1.8983631270883299,0,0.0,,,,,,-117.41933724458214,35.70190282135841,6.754628043053147,17.731382847273235
Mw6.4_neighborhood,626,11.761834417925051,1.8983631270883299,0,0.0,,,,,,-117.41381249679672,35.70189698468371,7.254309064273453,18.175586084871277
Mw6.4_neighborhood,627,12.261834417925051,1.8983631270883299,0,0.0,,,,,,-117.40828774983403,35.701890894502164,7.754031209635411,18.62261854252933
Mw6.4_neighborhood,628,12.761834417925051,1.8983631270883299,0,0.0,,,,,,-117.40276300372896,35.70188455081388,8.253787009609589,19.072281280238823
Mw6.4_neighborhood,629,13.261834417925051,1.8983631270883299,0,0.0,,,,,,-117.39723825851652,35.70187795361895,8.753570700005799,19.524392566339653
Mw6.4_neighborhood,630,13.761834417925051,1.8983631270883299,0,0.0,,,,,,-117.39171351423168,35.70187110291747,9.253377761660873,19.978786172751587
Mw6.4_neighborhood,631,14.261834417925051,1.8983631270883299,0,0.0,,,,,,-117.3861887709094,35.701863998709534,9.75320460156558,20.435309853009834
Mw6.4_neighborhood,632,-5.238165582074948,2.39836312708833,0,0.0,,,,,,-117.6016574108848,35.706459603831476,9.75320460156558,7.782115462975671
Mw6.4_neighborhood,633,-4.738165582074948,2.39836312708833,0,0.0,,,,,,-117.59613234470288,35.70646213314265,9.253377761660873,7.746696904557189
Mw6.4_neighborhood,634,-4.238165582074948,2.39836312708833,0,0.0,,,,,,-117.59060727818945,35.70646440892274,8.753570700005799,7.743468524057344
Mw6.4_neighborhood,635,-3.7381655820749478,2.39836312708833,0,0.0,,,,,,-117.5850822113795,35.706466431171705,8.253787009609589,7.772470433205759
Mw6.4_neighborhood,636,-3.2381655820749478,2.39836312708833,0,0.0,,,,,,-117.579557144308,35.70646819988952,7.754031209635412,7.833344655193502
Mw6.4_neighborhood,637,-2.7381655820749478,2.39836312708833,0,0.0,,,,,,-117.57403207700996,35.70646971507617,7.254309064273454,7.925356795693144
Mw6.4_neighborhood,638,-2.2381655820749478,2.39836312708833,0,0.0,,,,,,-117.56850700952033,35.706470976731595,6.754628043053148,8.047438859104828
Mw6.4_neighborhood,639,-1.7381655820749478,2.39836312708833,0,0.0,,,,,,-117.56298194187411,35.706471984855796,6.254998001598402,8.198247620255275
Mw6.4_neighborhood,640,-1.2381655820749478,2.39836312708833,3,146075519.52405816,1.4696888888888888,1.25,1.5,1.25,1.5,-117.55745687410631,35.70647273944878,5.755432216610669,8.376231604666396
Mw6.4_neighborhood,641,-0.7381655820749478,2.39836312708833,0,0.0,,,,,,-117.55193180625186,35.706473240510505,5.25594901040716,8.579699746902747
Mw6.4_neighborhood,642,-0.23816558207494776,2.39836312708833,2,9061677.373231104,15.752477777777775,15.75,15.5,15.75,15.5,-117.54640673834575,35.70647348804098,4.756574397610112,8.806885919494697
Mw6.4_neighborhood,643,0.26183441792505224,2.39836312708833,0,0.0,,,,,,-117.54088167042298,35.70647348204018,4.257346591481601,9.056005270039591
Mw6.4_neighborhood,644,0.7618344179250522,2.39836312708833,1,1513561.2484362072,18.457344444444445,18.25,18.5,18.25,18.5,-117.53535660251853,35.70647322250814,3.758324094593227,9.325300172271977
Mw6.4_neighborhood,645,1.2618344179250522,2.39836312708833,3,2627523936.7121363,0.1929333333333333,0.25,0.5,0.25,0.5,-117.52983153466738,35.70647270944483,3.2596012026013246,9.613075218418228
Mw6.4_neighborhood,646,1.7618344179250522,2.39836312708833,1,1364583.136588924,19.237436111111112,19.25,19.5,19.25,19.5,-117.52430646690453,35.70647194285028,2.7613402542968153,9.917721865779335
Mw6.4_neighborhood,647,2.2618344179250522,2.39836312708833,3,58276356.91063052,15.50076111111111,15.75,15.5,15.75,15.5,-117.51878139926497,35.70647092272448,2.2638462845343543,10.23773406857926
Mw6.4_neighborhood,648,2.7618344179250522,2.39836312708833,2,1718489.9354070614,6.333644444444444,6.25,6.5,6.25,6.5,-117.5132563317836,35.70646964906748,1.7677669529663689,10.571716545147213
Mw6.4_neighborhood,649,3.2618344179250522,2.39836312708833,9,229895353.45247185,2.896522222222222,2.75,2.5,2.75,2.5,-117.50773126449549,35.70646812187926,1.2747548783981961,10.918387360912336
Mw6.4_neighborhood,650,3.7618344179250522,2.39836312708833,9,251189859111222.06,0.0,0.25,21.5,0.25,0.5,-117.5022061974356,35.70646634115987,0.7905694150420949,11.27657636053253
Mw6.4_neighborhood,651,4.261834417925052,2.39836312708833,7,49758699.58112382,3.184655555555556,3.25,3.5,3.25,3.5,-117.49668113063889,35.70646430690933,0.3535533905932738,11.645220747882455
Mw6.4_neighborhood,652,4.761834417925052,2.39836312708833,6,421796861648.5887,0.1080444444444444,2.25,2.5,0.25,0.5,-117.49115606414037,35.70646201912768,0.3535533905932738,12.023358853452844
Mw6.4_neighborhood,653,5.261834417925052,2.39836312708833,10,99530420.08511841,4.2845,5.25,5.5,4.25,4.5,-117.485630997975,35.70645947781493,0.7905694150420949,12.410122882989265
Mw6.4_neighborhood,654,5.761834417925052,2.39836312708833,6,761169790.347098,5.555949999999999,5.75,5.5,5.75,5.5,-117.48010593217778,35.70645668297116,1.2747548783981961,12.804731228061161
Mw6.4_neighborhood,655,6.261834417925052,2.39836312708833,36,2089498835.0708635,0.6409722222222223,26.75,1.5,0.75,0.5,-117.47458086678368,35.70645363459638,1.7677669529663689,13.2064807452582
Mw6.4_neighborhood,656,6.761834417925052,2.39836312708833,34,1913953697.9388776,0.3681333333333333,30.25,3.5,0.25,0.5,-117.46905580182768,35.706450332690636,2.2638462845343543,13.614739275023465
Mw6.4_neighborhood,657,7.261834417925052,2.39836312708833,5,763128011.072983,0.5738722222222222,0.75,0.5,0.75,0.5,-117.4635307373448,35.70644677725401,2.7613402542968153,14.028938569216752
Mw6.4_neighborhood,658,7.761834417925052,2.39836312708833,1,1035142.1666793432,22.87665,22.75,22.5,22.75,22.5,-117.45800567336995,35.706442968286524,3.2596012026013246,14.448567722471603
Mw6.4_neighborhood,659,8.261834417925051,2.39836312708833,0,0.0,,,,,,-117.45248060993818,35.706438905788254,3.758324094593226,14.873167150369792
Mw6.4_neighborhood,660,8.761834417925051,2.39836312708833,0,0.0,,,,,,-117.44695554708443,35.70643458975927,4.2573465914816,15.302323122154688
Mw6.4_neighborhood,661,9.261834417925051,2.39836312708833,0,0.0,,,,,,-117.4414304848437,35.70643002019961,4.756574397610112,15.73566283277641
Mw6.4_neighborhood,662,9.761834417925051,2.39836312708833,0,0.0,,,,,,-117.435905423251,35.70642519710938,5.255949010407159,16.172849985046287
Mw6.4_neighborhood,663,10.261834417925051,2.39836312708833,0,0.0,,,,,,-117.43038036234125,35.706420120488644,5.755432216610669,16.61358084492331
Mw6.4_neighborhood,664,10.761834417925051,2.39836312708833,0,0.0,,,,,,-117.42485530214947,35.70641479033747,6.254998001598401,17.057580729481938
Mw6.4_neighborhood,665,11.261834417925051,2.39836312708833,0,0.0,,,,,,-117.41933024271061,35.70640920665595,6.754628043053147,17.50460088647509
Mw6.4_neighborhood,666,11.761834417925051,2.39836312708833,0,0.0,,,,,,-117.41380518405973,35.70640336944416,7.254309064273453,17.954415725575014
Mw6.4_neighborhood,667,12.261834417925051,2.39836312708833,0,0.0,,,,,,-117.40828012623173,35.70639727870221,7.754031209635411,18.40682036362517
Mw6.4_neighborhood,668,12.761834417925051,2.39836312708833,0,0.0,,,,,,-117.40275506926162,35.70639093443017,8.253787009609589,18.861628449069745
Mw6.4_neighborhood,669,13.261834417925051,2.39836312708833,0,0.0,,,,,,-117.39723001318438,35.70638433662817,8.753570700005799,19.318670233811332
Mw6.4_neighborhood,670,13.761834417925051,2.39836312708833,0,0.0,,,,,,-117.39170495803499,35.70637748529629,9.253377761660873,19.777790863863913
Mw6.4_neighborhood,671,14.261834417925051,2.39836312708833,0,0.0,,,,,,-117.38617990384846,35.70637038043462,9.75320460156558,20.23884886318216
Mw6.4_neighborhood,672,-5.238165582074948,2.89836312708833,0,0.0,,,,,,-117.60166066824432,35.71096599038482,9.778803607803972,7.284945819791246
Mw6.4_neighborhood,673,-4.738165582074948,2.89836312708833,0,0.0,,,,,,-117.5961352911371,35.71096851992874,9.280355596635292,7.2470978639235195
Mw6.4_neighborhood,674,-4.238165582074948,2.89836312708833,0,0.0,,,,,,-117.59060991369827,35.710970795918264,8.782084035125148,7.243646823339452
Mw6.4_neighborhood,675,-3.7381655820749478,2.89836312708833,0,0.0,,,,,,-117.58508453596286,35.710972818353326,8.284020762890446,7.2746416511926295
Mw6.4_neighborhood,676,-3.2381655820749478,2.89836312708833,0,0.0,,,,,,-117.57955915796583,35.71097458723391,7.786205751198718,7.339645972746745
Mw6.4_neighborhood,677,-2.7381655820749478,2.89836312708833,1,298538.26189179573,29.50051111111111,29.75,29.5,29.75,29.5,-117.5740337797422,35.71097610255998,7.2886898685566255,7.437768136830323
Mw6.4_neighborhood,678,-2.2381655820749478,2.89836312708833,1,1862087.1366628653,16.30368611111111,16.25,16.5,16.25,16.5,-117.56850840132691,35.71097736433152,6.791538853603062,7.567720046965222
Mw6.4_neighborhood,679,-1.7381655820749478,2.89836312708833,0,0.0,,,,,,-117.56298302275502,35.71097837254851,6.294839156007086,7.727896127745908
Mw6.4_neighborhood,680,-1.2381655820749478,2.89836312708833,0,0.0,,,,,,-117.55745764406144,35.710979127210926,5.798706752371601,7.916461988364568
Mw6.4_neighborhood,681,-0.7381655820749478,2.89836312708833,3,3717845064.659043,0.1943666666666667,0.25,0.5,0.25,0.5,-117.55193226528124,35.710979628318775,5.303300858899107,8.131442815713088
Mw6.4_neighborhood,682,-0.23816558207494776,2.89836312708833,7,28414126712.4089,1.3980222222222225,1.25,1.5,1.25,1.5,-117.54640688644938,35.71097987587202,4.808846015417836,8.370803672121506
Mw6.4_neighborhood,683,0.26183441792505224,2.89836312708833,0,0.0,,,,,,-117.54088150760084,35.710979869870684,4.315669125408017,8.632516780707338
Mw6.4_neighborhood,684,0.7618344179250522,2.89836312708833,2,2852078.868171311,13.511688888888887,13.75,13.5,13.75,13.5,-117.53535612877063,35.710979610314745,3.824264635194589,8.914613722488745
Mw6.4_neighborhood,685,1.2618344179250522,2.89836312708833,1,966050.878989812,9.278052777777775,9.25,9.5,9.25,9.5,-117.52983074999374,35.71097909720422,3.3354160160315836,9.215222714247092
Mw6.4_neighborhood,686,1.7618344179250522,2.89836312708833,0,0.0,,,,,,-117.52430537130515,35.71097833053912,2.850438562747845,9.532592592005935
Mw6.4_neighborhood,687,2.2618344179250522,2.89836312708833,2,3443098.508059481,26.24402222222222,26.25,26.5,26.25,26.5,-117.51877999273987,35.71097731031945,2.3717082451262845,9.865105847235363
Mw6.4_neighborhood,688,2.7618344179250522,2.89836312708833,2,36641938.46536495,2.138233333333333,2.25,2.5,2.25,2.5,-117.51325461433288,35.710976036545226,1.9039432764659772,10.211283231266687
Mw6.4_neighborhood,689,3.2618344179250522,2.89836312708833,9,76377679.33547987,2.986166666666667,2.75,2.5,2.75,2.5,-117.50772923611916,35.71097450921648,1.4577379737113252,10.569782262711902
Mw6.4_neighborhood,690,3.7618344179250522,2.89836312708833,6,3093394540.782591,0.2406444444444444,0.25,0.5,0.25,0.5,-117.50220385813373,35.71097272833322,1.0606601717798212,10.939391616224826
Mw6.4_neighborhood,691,4.261834417925052,2.89836312708833,4,112495110.78633241,3.5478444444444444,5.25,5.5,3.75,3.5,-117.49667848041155,35.71097069389547,0.7905694150420949,11.3190229607118
Mw6.4_neighborhood,692,4.761834417925052,2.89836312708833,1,555904.2572704037,11.54946111111111,11.75,11.5,11.75,11.5,-117.49115310298765,35.71096840590327,0.7905694150420949,11.707701424152898
Mw6.4_neighborhood,693,5.261834417925052,2.89836312708833,0,0.0,,,,,,-117.485627725897,35.71096586435667,1.0606601717798212,12.104555526292682
Mw6.4_neighborhood,694,5.761834417925052,2.89836312708833,2,8089858.803149063,7.3936222222222225,7.25,7.5,7.25,7.5,-117.48010234917459,35.7109630692557,1.4577379737113252,12.508807151007389
Mw6.4_neighborhood,695,6.261834417925052,2.89836312708833,15,23209468295.50451,0.6672277777777778,4.25,1.5,0.75,0.5,-117.47457697285542,35.71096002060038,1.9039432764659772,12.919761924783463
Mw6.4_neighborhood,696,6.761834417925052,2.89836312708833,30,22971249687.066635,0.4767111111111111,32.25,32.5,0.25,0.5,-117.4690515969745,35.71095671839078,2.3717082451262845,13.33680021763374
Mw6.4_neighborhood,697,7.261834417925052,2.89836312708833,15,1812429912.8576329,0.5922666666666666,8.25,8.5,0.75,0.5,-117.46352622156677,35.71095316262696,2.850438562747845,13.759368877134818
Mw6.4_neighborhood,698,7.761834417925052,2.89836312708833,3,125344502.92799245,3.4097,3.25,3.5,3.25,3.5,-117.45800084666728,35.71094935330895,3.3354160160315836,14.18697373469963
Mw6.4_neighborhood,699,8.261834417925051,2.89836312708833,0,0.0,,,,,,-117.45247547231095,35.71094529043683,3.8242646351945875,14.619172876775485
Mw6.4_neighborhood,700,8.761834417925051,2.89836312708833,6,291253651.45096517,16.267802777777778,32.75,32.5,16.25,16.5,-117.44695009853287,35.710940974010654,4.315669125408016,15.055570645214312
Mw6.4_neighborhood,701,9.261834417925051,2.89836312708833,0,0.0,,,,,,-117.44142472536794,35.71093640403049,4.808846015417836,15.495812315107258
Mw6.4_neighborhood,702,9.761834417925051,2.89836312708833,0,0.0,,,,,,-117.43589935285121,35.7109315804964,5.303300858899106,15.93957939084406
Mw6.4_neighborhood,703,10.261834417925051,2.89836312708833,0,0.0,,,,,,-117.43037398101764,35.71092650340848,5.798706752371601,16.38658545911904
Mw6.4_neighborhood,704,10.761834417925051,2.89836312708833,0,0.0,,,,,,-117.42484860990223,35.710921172766795,6.294839156007084,16.83657253899981
Mw6.4_neighborhood,705,11.261834417925051,2.89836312708833,0,0.0,,,,,,-117.41932323953998,35.71091558857144,6.791538853603061,17.28930787258395
Mw6.4_neighborhood,706,11.761834417925051,2.89836312708833,0,0.0,,,,,,-117.4137978699659,35.71090975082247,7.288689868556625,17.74458110424093
Mw6.4_neighborhood,707,12.261834417925051,2.89836312708833,0,0.0,,,,,,-117.40827250121492,35.710903659520014,7.786205751198717,18.202201801347417
Mw6.4_neighborhood,708,12.761834417925051,2.89836312708833,0,0.0,,,,,,-117.40274713332211,35.71089731466414,8.284020762890446,18.661997274379985
Mw6.4_neighborhood,709,13.261834417925051,2.89836312708833,0,0.0,,,,,,-117.39722176632239,35.71089071625496,8.782084035125148,19.1238106589915
Mw6.4_neighborhood,710,13.761834417925051,2.89836312708833,0,0.0,,,,,,-117.39169640025078,35.710883864292576,9.280355596635292,19.587499227133303
Mw6.4_neighborhood,711,14.261834417925051,2.89836312708833,0,0.0,,,,,,-117.38617103514228,35.71087675877709,9.778803607803972,20.052932898330326
Mw6.4_neighborhood,712,-5.238165582074948,3.39836312708833,0,0.0,,,,,,-117.60166392620823,35.715472373556636,9.82980162566875,6.788191962187197
Mw6.4_neighborhood,713,-4.738165582074948,3.39836312708833,0,0.0,,,,,,-117.59613823811803,35.715474903333366,9.334077351297235,6.747558222608661
Mw6.4_neighborhood,714,-4.238165582074948,3.39836312708833,0,0.0,,,,,,-117.59061254969617,35.71547717953234,8.838834764831844,6.743851556750389
Mw6.4_neighborhood,715,-3.7381655820749478,3.39836312708833,1,518800.038928961,19.456208333333336,19.25,19.5,19.25,19.5,-117.58508686097757,35.71547920215354,8.344159634139318,6.777132555253404
Mw6.4_neighborhood,716,-3.2381655820749478,3.39836312708833,0,0.0,,,,,,-117.57956117199733,35.71548097119692,7.850159234053791,6.846861874133758
Mw6.4_neighborhood,717,-2.7381655820749478,3.39836312708833,0,0.0,,,,,,-117.57403548279038,35.71548248666245,7.3569694847810805,6.95194284897807
Mw6.4_neighborhood,718,-2.2381655820749478,3.39836312708833,1,2213094.7096056365,16.80555,16.75,16.5,16.75,16.5,-117.56850979339175,35.71548374855011,6.864765108872991,7.090803990200844
Mw6.4_neighborhood,719,-1.7381655820749478,3.39836312708833,0,0.0,,,,,,-117.56298410383647,35.71548475685989,6.373774391990981,7.261507631300756
Mw6.4_neighborhood,720,-1.2381655820749478,3.39836312708833,0,0.0,,,,,,-117.55745841415948,35.71548551159176,5.88430114796991,7.461868729174348
Mw6.4_neighborhood,721,-0.7381655820749478,3.39836312708833,4,1319145451643.8699,0.5217666666666666,0.75,0.5,0.75,0.5,-117.55193272439583,35.71548601274571,5.3967582862307255,7.689569349672379
Mw6.4_neighborhood,722,-0.23816558207494776,3.39836312708833,3,28417904.012490552,2.162038888888889,2.25,2.5,2.25,2.5,-117.5464070345805,35.715486260321754,4.911720676097125,7.942258409005072
Mw6.4_neighborhood,723,0.26183441792505224,3.39836312708833,9,58904585.362305075,4.51,4.75,4.5,4.75,4.5,-117.54088134474848,35.715486254319856,4.430011286667337,8.217631075158016
Mw6.4_neighborhood,724,0.7618344179250522,3.39836312708833,7,888353639.5660344,6.916558333333334,6.75,6.5,6.75,6.5,-117.5353556549348,35.71548599474004,3.952847075210474,8.51348649728145
Mw6.4_neighborhood,725,1.2618344179250522,3.39836312708833,9,1196065455.474942,7.465833333333333,7.25,31.5,7.25,7.5,-117.52982996517446,35.71548548158229,3.48209706929603,8.827765526529602
Mw6.4_neighborhood,726,1.7618344179250522,3.39836312708833,13,490988442.0153588,6.206438888888889,6.75,6.5,6.25,6.5,-117.52430427550246,35.715484714846625,3.020761493398643,9.158571725076753
Mw6.4_neighborhood,727,2.2618344179250522,3.39836312708833,19,2664322798.6556644,0.53125,16.25,16.5,0.75,0.5,-117.51877858595378,35.71548369453307,2.57390753524675,9.504179496167266
Mw6.4_neighborhood,728,2.7618344179250522,3.39836312708833,7,98687126.31318475,5.412800000000001,14.75,14.5,5.25,5.5,-117.51325289656346,35.715482420641614,2.1505813167606567,9.863032989266392
Mw6.4_neighborhood,729,3.2618344179250522,3.39836312708833,9,143842480.15143028,3.085166666666667,11.75,11.5,3.25,3.5,-117.50772720736646,35.715480893172305,1.7677669529663689,10.233738886611679
Mw6.4_neighborhood,730,3.7618344179250522,3.39836312708833,2,2464556.709561189,25.397777777777776,25.25,25.5,25.25,25.5,-117.50220151839778,35.71547911212513,1.4577379737113252,10.615055508632016
Mw6.4_neighborhood,731,4.261834417925052,3.39836312708833,2,2097409.1770205833,10.169283333333333,10.25,10.5,10.25,10.5,-117.49667582969248,35.71547707750017,1.2747548783981961,11.005880033115472
Mw6.4_neighborhood,732,4.761834417925052,3.39836312708833,0,0.0,,,,,,-117.49115014128549,35.715474789297396,1.2747548783981961,11.405235076723352
Mw6.4_neighborhood,733,5.261834417925052,3.39836312708833,0,0.0,,,,,,-117.48562445321186,35.715472247516885,1.4577379737113252,11.812255458095699
Mw6.4_neighborhood,734,5.761834417925052,3.39836312708833,0,0.0,,,,,,-117.48009876550658,35.71546945215867,1.7677669529663689,12.226175643237852
Mw6.4_neighborhood,735,6.261834417925052,3.39836312708833,0,0.0,,,,,,-117.47457307820466,35.715466403222784,2.1505813167606567,12.646318148429344
Mw6.4_neighborhood,736,6.761834417925052,3.39836312708833,8,18670501743.311867,0.0756,0.25,0.5,0.25,0.5,-117.46904739134106,35.715463100709286,2.57390753524675,13.072083023117788
Mw6.4_neighborhood,737,7.261834417925052,3.39836312708833,5,47119646.998919524,0.6793111111111111,0.75,0.5,0.75,0.5,-117.46352170495086,35.71545954461822,3.020761493398643,13.502938436328412
Mw6.4_neighborhood,738,7.761834417925052,3.39836312708833,1,15310874.61682032,4.320611111111111,4.25,4.5,4.25,4.5,-117.45799601906899,35.71545573494963,3.48209706929603,13.93841232950389
Mw6.4_neighborhood,739,8.261834417925051,3.39836312708833,0,0.0,,,,,,-117.45247033373046,35.71545167170359,3.952847075210473,14.37808506440468
Mw6.4_neighborhood,740,8.761834417925051,3.39836312708833,1,2630267.9918953814,32.03974166666667,32.25,32.5,32.25,32.5,-117.4469446489703,35.71544735488017,4.4300112866673365,14.821582977915948
Mw6.4_neighborhood,741,9.261834417925051,3.39836312708833,2,18908091.377674893,5.21956111111111,5.25,5.5,5.25,5.5,-117.44141896482351,35.71544278447942,4.911720676097125,15.26857275003917
Mw6.4_neighborhood,742,9.761834417925051,3.39836312708833,0,0.0,,,,,,-117.43589328132506,35.71543796050142,5.396758286230725,15.718756492650098
Mw6.4_neighborhood,743,10.261834417925051,3.39836312708833,0,0.0,,,,,,-117.43036759850996,35.715432882946246,5.884301147969909,16.17186747185434
Mw6.4_neighborhood,744,10.761834417925051,3.39836312708833,0,0.0,,,,,,-117.42484191641326,35.715427551813974,6.37377439199098,16.627666384048347
Mw6.4_neighborhood,745,11.261834417925051,3.39836312708833,0,0.0,,,,,,-117.4193162350699,35.71542196710468,6.864765108872989,17.08593811387605
Mw6.4_neighborhood,746,11.761834417925051,3.39836312708833,0,0.0,,,,,,-117.41379055451492,35.71541612881847,7.35696948478108,17.546488910411483
Mw6.4_neighborhood,747,12.261834417925051,3.39836312708833,1,1273503.0810166604,9.076794444444443,9.25,9.5,9.25,9.5,-117.4082648747833,35.715410036955404,7.85015923405379,18.00914392566132
Mw6.4_neighborhood,748,12.761834417925051,3.39836312708833,0,0.0,,,,,,-117.40273919591004,35.71540369151561,8.344159634139318,18.473745066639164
Mw6.4_neighborhood,749,13.261834417925051,3.39836312708833,0,0.0,,,,,,-117.39721351793017,35.71539709249917,8.838834764831844,18.940149118715137
Mw6.4_neighborhood,750,13.761834417925051,3.39836312708833,0,0.0,,,,,,-117.39168784087865,35.71539023990618,9.334077351297235,19.408226103669463
Mw6.4_neighborhood,751,14.261834417925051,3.39836312708833,0,0.0,,,,,,-117.3861621647905,35.715383133736765,9.82980162566875,19.87785784090297
Mw6.4_neighborhood,752,-5.238165582074948,3.89836312708833,0,0.0,,,,,,-117.60166718477673,35.719978753346766,9.905806378079475,6.291952370585125
Mw6.4_neighborhood,753,-4.738165582074948,3.89836312708833,0,0.0,,,,,,-117.59614118564585,35.71998128335633,9.414085191881366,6.2480922276885975
Mw6.4_neighborhood,754,-4.238165582074948,3.89836312708833,0,0.0,,,,,,-117.59061518618316,35.719983559764806,8.923284148787374,6.244089071889794
Mw6.4_neighborhood,755,-3.7381655820749478,3.89836312708833,0,0.0,,,,,,-117.58508918642372,35.71998558257216,8.4335638967165,6.280019123353403
Mw6.4_neighborhood,756,-3.2381655820749478,3.89836312708833,0,0.0,,,,,,-117.57956318640252,35.71998735177835,7.945124291035352,6.355205114052208
Mw6.4_neighborhood,757,-2.7381655820749478,3.89836312708833,0,0.0,,,,,,-117.57403718615461,35.71998886738338,7.458216945088149,6.468278278929118
Mw6.4_neighborhood,758,-2.2381655820749478,3.89836312708833,2,2501497.8599182973,7.947922222222222,7.75,7.5,7.75,7.5,-117.56851118571494,35.719990129387185,6.9731628404906765,6.6172967098096125
Mw6.4_neighborhood,759,-1.7381655820749478,3.89836312708833,1,3981071.7055349695,13.532558333333332,13.75,13.5,13.75,13.5,-117.56298518511852,35.719991137789755,6.490377492873585,6.799897616703359
Mw6.4_neighborhood,760,-1.2381655820749478,3.89836312708833,8,141437494.68989116,12.56255,12.75,12.5,12.75,12.5,-117.55745918440041,35.71999189259108,6.010407640085654,7.0134584514089
Mw6.4_neighborhood,761,-0.7381655820749478,3.89836312708833,11,3954028203.6631017,1.1766166666666666,1.25,1.5,1.25,1.5,-117.55193318359558,35.719992393791166,5.533985905294664,7.2552457781683595
Mw6.4_neighborhood,762,-0.23816558207494776,3.89836312708833,14,1839059655440.0864,10.630383333333333,11.25,19.5,10.75,10.5,-117.5464071827391,35.719992641389986,5.062114182829147,7.522538345108033
Mw6.4_neighborhood,763,0.26183441792505224,3.89836312708833,7,1439713536.7560894,6.089122222222223,6.25,14.5,6.25,6.5,-117.54088118186591,35.719992635387534,4.596194077712559,7.812718797295317
Mw6.4_neighborhood,764,0.7618344179250522,3.89836312708833,10,1319392384.9472024,1.4348222222222222,7.25,7.5,1.25,1.5,-117.53535518101108,35.71999237578384,4.138236339311712,8.123334712887464
Mw6.4_neighborhood,765,1.2618344179250522,3.89836312708833,14,206710270.61225468,4.898033333333333,33.25,19.5,4.75,4.5,-117.52982918020957,35.71999186257885,3.69120576505835,8.45213338214639
Mw6.4_neighborhood,766,1.7618344179250522,3.89836312708833,13,1444193270.6875808,3.9152333333333336,13.75,23.5,3.75,3.5,-117.52430317949644,35.71999109577263,3.2596012026013246,8.79707625075424
Mw6.4_neighborhood,767,2.2618344179250522,3.89836312708833,22,7821144134.721517,0.4975055555555555,0.25,0.5,0.25,0.5,-117.51877717890667,35.71999007536515,2.850438562747845,9.156338919763463
Mw6.4_neighborhood,768,2.7618344179250522,3.89836312708833,15,2206647915.0202265,0.31455,13.25,5.5,0.25,0.5,-117.51325117847527,35.71998880135646,2.4748737341529163,9.528301751391275
Mw6.4_neighborhood,769,3.2618344179250522,3.89836312708833,6,532169686.2817977,1.4972222222222222,1.25,2.5,1.25,1.5,-117.50772517823727,35.71998727374656,2.1505813167606567,9.911535003093968
Mw6.4_neighborhood,770,3.7618344179250522,3.89836312708833,1,1412537.5446227554,31.742402777777777,31.75,31.5,31.75,31.5,-117.50219917822768,35.71998549253547,1.9039432764659772,10.304781315949787
Mw6.4_neighborhood,771,4.261834417925052,3.89836312708833,0,0.0,,,,,,-117.49667317848153,35.71998345772323,1.7677669529663689,10.706937462296992
Mw6.4_neighborhood,772,4.761834417925052,3.89836312708833,1,616595.0018614822,28.749277777777777,28.75,28.5,28.75,28.5,-117.49114717903376,35.719981169309875,1.7677669529663689,11.11703655087675
Mw6.4_neighborhood,773,5.261834417925052,3.89836312708833,0,0.0,,,,,,-117.48562117991946,35.719978627295426,1.9039432764659772,11.534231379919536
Mw6.4_neighborhood,774,5.761834417925052,3.89836312708833,1,1230268.770812381,8.0544,8.25,8.5,8.25,8.5,-117.4800951811736,35.719975831679925,2.1505813167606567,11.957779282856471
Mw6.4_neighborhood,775,6.261834417925052,3.89836312708833,2,333853822.7906687,0.5191388888888889,0.75,0.5,0.75,0.5,-117.47456918283117,35.71997278246342,2.4748737341529163,12.387028587579117
Mw6.4_neighborhood,776,6.761834417925052,3.89836312708833,0,0.0,,,,,,-117.46904318492724,35.71996947964597,2.850438562747845,12.821406673274707
Mw6.4_neighborhood,777,7.261834417925052,3.89836312708833,1,13335214.32163324,1.5632555555555556,1.75,1.5,1.75,1.5,-117.46351718749682,35.7199659232276,3.2596012026013246,13.26040953113757
Mw6.4_neighborhood,778,7.761834417925052,3.89836312708833,0,0.0,,,,,,-117.45799119057486,35.719962113208375,3.69120576505835,13.703592696277681
Mw6.4_neighborhood,779,8.261834417925051,3.89836312708833,0,0.0,,,,,,-117.45246519419642,35.71995804958837,4.138236339311711,14.150563403535063
Mw6.4_neighborhood,780,8.761834417925051,3.89836312708833,0,0.0,,,,,,-117.44693919839649,35.719953732367635,4.596194077712558,14.600973819901764
Mw6.4_neighborhood,781,9.261834417925051,3.89836312708833,1,1412537.5446227554,11.982994444444444,11.75,11.5,11.75,11.5,-117.4414132032101,35.71994916154623,5.062114182829146,15.054515214428116
Mw6.4_neighborhood,782,9.761834417925051,3.89836312708833,0,0.0,,,,,,-117.43588720867227,35.719944337124254,5.533985905294663,15.510912938748593
Mw6.4_neighborhood,783,10.261834417925051,3.89836312708833,0,0.0,,,,,,-117.43036121481798,35.71993925910174,6.010407640085654,15.969922105177263
Mw6.4_neighborhood,784,10.761834417925051,3.89836312708833,0,0.0,,,,,,-117.42483522168223,35.719933927478806,6.490377492873583,16.43132386320166
Mw6.4_neighborhood,785,11.261834417925051,3.89836312708833,0,0.0,,,,,,-117.41930922930004,35.719928342255514,6.973162840490676,16.894922188320702
Mw6.4_neighborhood,786,11.761834417925051,3.89836312708833,0,0.0,,,,,,-117.41378323770648,35.71992250343195,7.458216945088148,17.36054110911875
Mw6.4_neighborhood,787,12.261834417925051,3.89836312708833,0,0.0,,,,,,-117.40825724693651,35.71991641100822,7.945124291035351,17.8280223090895
Mw6.4_neighborhood,788,12.761834417925051,3.89836312708833,0,0.0,,,,,,-117.40273125702514,35.7199100649844,8.4335638967165,18.297223049014402
Mw6.4_neighborhood,789,13.261834417925051,3.89836312708833,1,1995262.3149688789,17.318052777777776,17.25,17.5,17.25,17.5,-117.39720526800737,35.719903465360595,8.923284148787374,18.768014363735304
Mw6.4_neighborhood,790,13.761834417925051,3.89836312708833,0,0.0,,,,,,-117.39167927991825,35.71989661213692,9.414085191881366,19.24027949405532
Mw6.4_neighborhood,791,14.261834417925051,3.89836312708833,0,0.0,,,,,,-117.38615329279276,35.71988950531347,9.905806378079475,19.71391252038409
Mw6.4_neighborhood,792,-4.738165582074948,4.39836312708833,0,0.0,,,,,,-117.5961441337206,35.724487659997465,9.519716382329886,5.7487190750559005
Mw6.4_neighborhood,793,-4.238165582074948,4.39836312708833,0,0.0,,,,,,-117.59061782315942,35.724489936615484,9.034655499796326,5.74436792483755
Mw6.4_neighborhood,794,-3.7381655820749478,4.39836312708833,0,0.0,,,,,,-117.5850915123014,35.72449195960901,8.551315688243536,5.78340338450409
Mw6.4_neighborhood,795,-3.2381655820749478,4.39836312708833,0,0.0,,,,,,-117.57956520118155,35.724493728978054,8.070006195784487,5.864959212124518
Mw6.4_neighborhood,796,-2.7381655820749478,4.39836312708833,0,0.0,,,,,,-117.57403888983491,35.72449524472256,7.591113225344488,5.987298089445283
Mw6.4_neighborhood,797,-2.2381655820749478,4.39836312708833,0,0.0,,,,,,-117.56851257829645,35.72449650684252,7.115124735378854,6.14798587049987
Mw6.4_neighborhood,798,-1.7381655820749478,4.39836312708833,2,58886164406.47397,0.1035888888888889,0.25,0.5,0.25,0.5,-117.56298626660123,35.72449751533793,6.642665127793212,6.344109245265007
Mw6.4_neighborhood,799,-1.2381655820749478,4.39836312708833,19,55324449358.070854,0.2310222222222222,0.25,0.5,0.25,0.5,-117.55745995478426,35.72449827020874,6.174544517614234,6.572496783403383
Mw6.4_neighborhood,800,-0.7381655820749478,4.39836312708833,18,5089456104.175253,1.4052,1.75,1.5,1.25,1.5,-117.55193364288058,35.72449877145495,5.7118298293979315,6.829912577759595
Mw6.4_neighborhood,801,-0.23816558207494776,4.39836312708833,36,1586070327.0424304,2.646455555555556,26.75,9.5,2.75,2.5,-117.54640733092519,35.72449901907654,5.25594901040716,7.113205864575382
Mw6.4_neighborhood,802,0.26183441792505224,4.39836312708833,14,3696147666.267043,3.087938888888889,3.25,3.5,3.25,3.5,-117.54088101895312,35.724499013073554,4.808846015417836,7.41941301747116
Mw6.4_neighborhood,803,0.7618344179250522,4.39836312708833,13,259982025.92194045,0.8293277777777778,25.75,4.5,0.75,0.5,-117.53535470699939,35.72449875344596,4.373213921133975,7.745817024421077
Mw6.4_neighborhood,804,1.2618344179250522,4.39836312708833,7,477360816.6046884,12.403302777777778,12.25,12.5,12.25,12.5,-117.52982839509903,35.72449824019374,3.952847075210474,8.089973623430566
Mw6.4_neighborhood,805,1.7618344179250522,4.39836312708833,12,3178462281.3539114,0.7123333333333334,0.75,1.5,0.75,0.5,-117.52430208328703,35.72449747331694,3.553167600887974,8.449713905203724
Mw6.4_neighborhood,806,2.2618344179250522,4.39836312708833,6,78768959.93987946,10.78201111111111,10.75,31.5,10.75,10.5,-117.51877577159846,35.72449645281554,3.181980515339464,8.823131923063606
Mw6.4_neighborhood,807,2.7618344179250522,4.39836312708833,14,5254338992.796594,1.8363333333333332,1.75,1.5,1.75,1.5,-117.5132494600683,35.72449517868958,2.850438562747845,9.208563882809033
Mw6.4_neighborhood,808,3.2618344179250522,4.39836312708833,4,54524365.38567634,2.5985555555555555,2.75,2.5,2.75,2.5,-117.50772314873156,35.724493650939074,2.57390753524675,9.6045635317679
Mw6.4_neighborhood,809,3.7618344179250522,4.39836312708833,0,0.0,,,,,,-117.50219683762333,35.724491869564034,2.3717082451262845,10.009876746881389
Mw6.4_neighborhood,810,4.261834417925052,4.39836312708833,0,0.0,,,,,,-117.49667052677859,35.7244898345645,2.2638462845343543,10.42341711435111
Mw6.4_neighborhood,811,4.761834417925052,4.39836312708833,0,0.0,,,,,,-117.49114421623234,35.7244875459405,2.2638462845343543,10.844243458708336
Mw6.4_neighborhood,812,5.261834417925052,4.39836312708833,0,0.0,,,,,,-117.4856179060196,35.72448500369209,2.3717082451262845,11.27153973704256
Mw6.4_neighborhood,813,5.761834417925052,4.39836312708833,0,0.0,,,,,,-117.48009159617546,35.72448220781926,2.57390753524675,11.704597382897044
Mw6.4_neighborhood,814,6.261834417925052,4.39836312708833,0,0.0,,,,,,-117.47456528673484,35.7244791583221,2.850438562747845,12.142799996199855
Mw6.4_neighborhood,815,6.761834417925052,4.39836312708833,1,1109174.8152624008,7.065080555555555,7.25,7.5,7.25,7.5,-117.46903897773288,35.72447585520064,3.181980515339464,12.585610179872175
Mw6.4_neighborhood,816,7.261834417925052,4.39836312708833,0,0.0,,,,,,-117.46351266920448,35.72447229845493,3.553167600887974,13.03255828499121
Mw6.4_neighborhood,817,7.761834417925052,4.39836312708833,1,518800.038928961,18.605061111111112,18.75,18.5,18.75,18.5,-117.45798636118472,35.72446848808502,3.952847075210474,13.48323282094038
Mw6.4_neighborhood,818,8.261834417925051,4.39836312708833,0,0.0,,,,,,-117.45246005370866,35.72446442409098,4.373213921133974,13.937272299688871
Mw6.4_neighborhood,819,8.761834417925051,4.39836312708833,0,0.0,,,,,,-117.44693374681127,35.72446010647287,4.808846015417836,14.394358304824346
Mw6.4_neighborhood,820,9.261834417925051,4.39836312708833,0,0.0,,,,,,-117.44140744052756,35.72445553523077,5.255949010407159,14.854209600637002
Mw6.4_neighborhood,821,9.761834417925051,4.39836312708833,0,0.0,,,,,,-117.43588113489255,35.72445071036472,5.711829829397931,15.31657712126464
Mw6.4_neighborhood,822,10.261834417925051,4.39836312708833,0,0.0,,,,,,-117.43035482994134,35.724445631874815,6.174544517614234,15.781239703003003
Mw6.4_neighborhood,823,10.761834417925051,4.39836312708833,0,0.0,,,,,,-117.42482852570885,35.724440299761135,6.64266512779321,16.248000443612415
Mw6.4_neighborhood,824,11.261834417925051,4.39836312708833,0,0.0,,,,,,-117.41930222223016,35.72443471402376,7.115124735378853,16.7166835905816
Mw6.4_neighborhood,825,11.761834417925051,4.39836312708833,0,0.0,,,,,,-117.41377591954029,35.72442887466277,7.591113225344487,17.187131875900963
Mw6.4_neighborhood,826,12.261834417925051,4.39836312708833,0,0.0,,,,,,-117.4082496176742,35.72442278167827,8.070006195784485,17.65920422815258
Mw6.4_neighborhood,827,12.761834417925051,4.39836312708833,0,0.0,,,,,,-117.402723316667,35.72441643507033,8.551315688243536,18.13277380390526
Mw6.4_neighborhood,828,13.261834417925051,4.39836312708833,0,0.0,,,,,,-117.39719701655365,35.72440983483908,9.034655499796326,18.607726289785745
Mw6.4_neighborhood,829,13.761834417925051,4.39836312708833,0,0.0,,,,,,-117.39167071736918,35.724402980984614,9.519716382329886,19.08395843444369
Mw6.4_neighborhood,830,-4.738165582074948,4.89836312708833,0,0.0,,,,,,-117.59614708234247,35.7289940332566,9.650129532809391,5.249465260588023
Mw6.4_neighborhood,831,-4.238165582074948,4.89836312708833,0,0.0,,,,,,-117.59062046062505,35.72899631008417,9.17196816392207,5.2446999317512315
Mw6.4_neighborhood,832,-3.7381655820749478,4.89836312708833,0,0.0,,,,,,-117.58509383861072,35.728998333263924,8.696263565463044,5.287425576412614
Mw6.4_neighborhood,833,-3.2381655820749478,4.89836312708833,0,0.0,,,,,,-117.5795672163345,35.72900010279582,8.223442101699263,5.3765101207096375
Mw6.4_neighborhood,834,-2.7381655820749478,4.89836312708833,1,4120975.190973304,31.07328888888889,31.25,31.5,31.25,31.5,-117.57404059383137,35.72900161867987,7.754031209635412,5.509705339678707
Mw6.4_neighborhood,835,-2.2381655820749478,4.89836312708833,1,92257142.71547627,1.206388888888889,1.25,1.5,1.25,1.5,-117.56851397113641,35.729002880916006,7.2886898685566255,5.683911046284499
Mw6.4_neighborhood,836,-1.7381655820749478,4.89836312708833,3,28141339.42084039,6.032877777777778,6.25,6.5,6.25,6.5,-117.56298734828465,35.729003889504234,6.8282501418738315,5.895492908490844
Mw6.4_neighborhood,837,-1.2381655820749478,4.89836312708833,8,1771978547.960768,3.9824888888888887,3.75,8.5,3.75,3.5,-117.55746072531109,35.72900464444453,6.373774391990981,6.1405886107161365
Mw6.4_neighborhood,838,-0.7381655820749478,4.89836312708833,12,15091500849.202663,0.1513277777777777,1.25,1.5,0.25,0.5,-117.55193410225081,35.729005145736885,5.926634795564849,6.415358161322533
Mw6.4_neighborhood,839,-0.23816558207494776,4.89836312708833,18,811487253.5496132,0.6308333333333334,31.25,8.5,0.75,0.5,-117.5464074791388,35.729005393381286,5.488624600025037,6.71616052443943
Mw6.4_neighborhood,840,0.26183441792505224,4.89836312708833,32,1056097825.5464231,0.8003555555555556,13.25,13.5,0.75,0.5,-117.54088085601009,35.72900538737773,5.062114182829147,7.039659369744349
Mw6.4_neighborhood,841,0.7618344179250522,4.89836312708833,10,446514579.7971669,0.9626111111111112,7.75,7.5,0.75,0.5,-117.53535423289975,35.72900512772623,4.650268809434569,7.3828717917908
Mw6.4_neighborhood,842,1.2618344179250522,4.89836312708833,5,812678217.3796195,0.9287111111111112,0.75,0.5,0.75,0.5,-117.52982760984276,35.72900461442677,4.257346591481601,7.743176851009616
Mw6.4_neighborhood,843,1.7618344179250522,4.89836312708833,18,1493394196.0403638,0.5670777777777778,0.75,0.5,0.75,0.5,-117.52430098687418,35.72900384747937,3.8890872965260113,8.118299058177278
Mw6.4_neighborhood,844,2.2618344179250522,4.89836312708833,5,701012732.70652,0.5351777777777778,0.75,0.5,0.75,0.5,-117.51877436402907,35.72900282688404,3.553167600887974,8.506278354838441
Mw6.4_neighborhood,845,2.7618344179250522,4.89836312708833,3,4162392.178665891,6.653377777777778,6.75,6.5,6.75,6.5,-117.5132477413424,35.729001552640796,3.2596012026013246,8.905434481370568
Mw6.4_neighborhood,846,3.2618344179250522,4.89836312708833,3,21317094.560559817,3.741811111111111,3.75,3.5,3.75,3.5,-117.50772111884923,35.729000024749666,3.020761493398643,9.314330633704966
Mw6.4_neighborhood,847,3.7618344179250522,4.89836312708833,0,0.0,,,,,,-117.5021944965846,35.72899824321066,2.850438562747845,9.73173915628474
Mw6.4_neighborhood,848,4.261834417925052,4.89836312708833,0,0.0,,,,,,-117.49666787458352,35.72899620802381,2.7613402542968153,10.156610598913229
Mw6.4_neighborhood,849,4.761834417925052,4.89836312708833,0,0.0,,,,,,-117.49114125288105,35.728993919189136,2.7613402542968153,10.588046595569338
Mw6.4_neighborhood,850,5.261834417925052,4.89836312708833,0,0.0,,,,,,-117.48561463151219,35.72899137670671,2.850438562747845,11.025276529953265
Mw6.4_neighborhood,851,5.761834417925052,4.89836312708833,0,0.0,,,,,,-117.480088010512,35.72898858057652,3.020761493398643,11.467637699802397
Mw6.4_neighborhood,852,6.261834417925052,4.89836312708833,3,35370582.964996606,5.68598888888889,5.75,5.5,5.75,5.5,-117.47456138991548,35.72898553079865,3.2596012026013246,11.91455858460229
Mw6.4_neighborhood,853,6.761834417925052,4.89836312708833,0,0.0,,,,,,-117.46903476975768,35.728982227373145,3.553167600887974,12.365544796648106
Mw6.4_neighborhood,854,7.261834417925052,4.89836312708833,0,0.0,,,,,,-117.46350815007366,35.72897867030003,3.8890872965260113,12.82016731442698
Mw6.4_neighborhood,855,7.761834417925052,4.89836312708833,0,0.0,,,,,,-117.45798153089837,35.728974859579395,4.257346591481601,13.278052636659217
Mw6.4_neighborhood,856,8.261834417925051,4.89836312708833,0,0.0,,,,,,-117.45245491226693,35.728970795211254,4.650268809434568,13.738874541747721
Mw6.4_neighborhood,857,8.761834417925051,4.89836312708833,1,1035142.1666793432,20.45925,20.25,20.5,20.25,20.5,-117.4469282942143,35.72896647719572,5.062114182829146,14.202347183683214
Mw6.4_neighborhood,858,9.261834417925051,4.89836312708833,0,0.0,,,,,,-117.44140167677554,35.72896190553283,5.4886246000250365,14.668219298124276
Mw6.4_neighborhood,859,9.761834417925051,4.89836312708833,0,0.0,,,,,,-117.43587505998572,35.72895708022265,5.926634795564849,15.136269329985389
Mw6.4_neighborhood,860,10.261834417925051,4.89836312708833,0,0.0,,,,,,-117.4303484438798,35.728952001265284,6.37377439199098,15.606301326126163
Mw6.4_neighborhood,861,10.761834417925051,4.89836312708833,0,0.0,,,,,,-117.42482182849284,35.728946668660775,6.828250141873831,16.078141463920453
Mw6.4_neighborhood,862,11.261834417925051,4.89836312708833,0,0.0,,,,,,-117.4192952138599,35.72894108240923,7.288689868556625,16.551635109131333
Mw6.4_neighborhood,863,11.761834417925051,4.89836312708833,0,0.0,,,,,,-117.41376860001596,35.72893524251073,7.754031209635411,17.02664431524368
Mw6.4_neighborhood,864,12.261834417925051,4.89836312708833,0,0.0,,,,,,-117.40824198699607,35.72892914896538,8.223442101699263,17.503045691816347
Mw6.4_neighborhood,865,12.761834417925051,4.89836312708833,0,0.0,,,,,,-117.40271537483528,35.728922801773244,8.696263565463044,17.980728582062564
Mw6.4_neighborhood,866,13.261834417925051,4.89836312708833,0,0.0,,,,,,-117.39718876356861,35.72891620093444,9.17196816392207,18.459593500231595
Mw6.4_neighborhood,867,13.761834417925051,4.89836312708833,0,0.0,,,,,,-117.3916621532311,35.72890934644908,9.650129532809391,18.939550787856174
Mw6.4_neighborhood,868,-4.738165582074948,5.39836312708833,0,0.0,,,,,,-117.59615003151157,35.73350040313355,9.80433577556379,4.750368411010813
Mw6.4_neighborhood,869,-4.238165582074948,5.39836312708833,0,0.0,,,,,,-117.59062309858018,35.733502680170716,9.334077351297235,4.745101884292927
Mw6.4_neighborhood,870,-3.7381655820749478,5.39836312708833,0,0.0,,,,,,-117.58509616535179,35.73350470353671,8.8670739254841,4.7922837712630475
Mw6.4_neighborhood,871,-3.2381655820749478,5.39836312708833,0,0.0,,,,,,-117.57956923186138,35.73350647323152,8.403868156985805,4.890396261684943
Mw6.4_neighborhood,872,-2.7381655820749478,5.39836312708833,0,0.0,,,,,,-117.57404229814406,35.7335079892551,7.945124291035352,5.036463784074394
Mw6.4_neighborhood,873,-2.2381655820749478,5.39836312708833,0,0.0,,,,,,-117.56851536423488,35.73350925160743,7.4916620318858484,5.226467191161143
Mw6.4_neighborhood,874,-1.7381655820749478,5.39836312708833,1,11614486.138403414,22.656572222222223,22.75,22.5,22.75,22.5,-117.5629884301688,35.733510260288504,7.044501401802686,5.455818101098565
Mw6.4_neighborhood,875,-1.2381655820749478,5.39836312708833,8,39668082.10245202,2.0866666666666664,2.25,2.5,2.25,2.5,-117.55746149598095,35.7335110152983,6.604922406811453,5.719785223613352
Mw6.4_neighborhood,876,-0.7381655820749478,5.39836312708833,9,2497263677.043006,5.600411111111111,21.25,21.5,5.75,5.5,-117.55193456170629,35.7335115166368,6.174544517614234,6.0138120070597925
Mw6.4_neighborhood,877,-0.23816558207494776,5.39836312708833,29,347574949.1289325,1.5489111111111111,5.25,19.5,1.75,1.5,-117.54640762737989,35.733511764304,5.755432216610669,6.33371350064458
Mw6.4_neighborhood,878,0.26183441792505224,5.39836312708833,26,761799717.3199586,2.085122222222222,2.25,2.5,2.25,2.5,-117.54088069303683,35.7335117582999,5.350233639758174,6.675771008672955
Mw6.4_neighborhood,879,0.7618344179250522,5.39836312708833,15,331477234.86764145,0.4798111111111111,4.75,4.5,0.25,0.5,-117.53535375871209,35.73351149862448,4.962358310319802,7.036754252652938
Mw6.4_neighborhood,880,1.2618344179250522,5.39836312708833,12,4654426497.858058,0.7867333333333333,0.75,0.5,0.75,0.5,-117.52982682444078,35.733510985277775,4.596194077712559,7.413899261806846
Mw6.4_neighborhood,881,1.7618344179250522,5.39836312708833,12,589269243.4978565,1.897622222222222,6.75,6.5,1.75,1.5,-117.52429989025786,35.733510218259774,4.257346591481601,7.804863491196435
Mw6.4_neighborhood,882,2.2618344179250522,5.39836312708833,4,56899088.3496397,0.7351777777777777,0.75,0.5,0.75,0.5,-117.51877295619845,35.733509197570505,3.952847075210474,8.207672384312248
Mw6.4_neighborhood,883,2.7618344179250522,5.39836312708833,2,99788563.76649071,0.6058166666666667,0.75,0.5,0.75,0.5,-117.51324602229752,35.733507923209956,3.69120576505835,8.620665741124219
Mw6.4_neighborhood,884,3.2618344179250522,5.39836312708833,1,2454708.915685029,23.62597777777778,23.75,23.5,23.75,23.5,-117.50771908859016,35.73350639517816,3.48209706929603,9.042448212303107
Mw6.4_neighborhood,885,3.7618344179250522,5.39836312708833,0,0.0,,,,,,-117.50219215511142,35.733504613475155,3.3354160160315836,9.471845729538387
Mw6.4_neighborhood,886,4.261834417925052,5.39836312708833,1,154881661.89124796,17.66135277777778,17.75,17.5,17.75,17.5,-117.49666522189627,35.73350257810095,3.2596012026013246,9.907868255894678
Mw6.4_neighborhood,887,4.761834417925052,5.39836312708833,0,0.0,,,,,,-117.49113828897983,35.73350028905559,3.2596012026013246,10.349678508444422
Mw6.4_neighborhood,888,5.261834417925052,5.39836312708833,0,0.0,,,,,,-117.48561135639707,35.733497746339104,3.3354160160315836,10.796565985541294
Mw6.4_neighborhood,889,5.761834417925052,5.39836312708833,0,0.0,,,,,,-117.48008442418309,35.73349494995152,3.48209706929603,11.247925539055553
Mw6.4_neighborhood,890,6.261834417925052,5.39836312708833,1,638263.4861905483,15.765691666666664,15.75,15.5,15.75,15.5,-117.47455749237292,35.73349189989291,3.69120576505835,11.703239755902167
Mw6.4_neighborhood,891,6.761834417925052,5.39836312708833,0,0.0,,,,,,-117.46903056100157,35.733488596163305,3.952847075210474,12.162064489062699
Mw6.4_neighborhood,892,7.261834417925052,5.39836312708833,0,0.0,,,,,,-117.46350363010411,35.733485038762744,4.257346591481601,12.624016971159016
Mw6.4_neighborhood,893,7.761834417925052,5.39836312708833,0,0.0,,,,,,-117.45797669971557,35.73348122769129,4.596194077712559,13.08876603580726
Mw6.4_neighborhood,894,8.261834417925051,5.39836312708833,0,0.0,,,,,,-117.45244976987098,35.733477162949015,4.962358310319801,13.55602405545566
Mw6.4_neighborhood,895,8.761834417925051,5.39836312708833,0,0.0,,,,,,-117.4469228406054,35.733472844535974,5.350233639758174,14.025540276370227
Mw6.4_neighborhood,896,9.261834417925051,5.39836312708833,0,0.0,,,,,,-117.44139591195388,35.733468272452235,5.755432216610669,14.497095291680825
Mw6.4_neighborhood,897,9.761834417925051,5.39836312708833,0,0.0,,,,,,-117.43586898395142,35.73346344669787,6.174544517614234,14.970496442939535
Mw6.4_neighborhood,898,10.261834417925051,5.39836312708833,0,0.0,,,,,,-117.43034205663308,35.73345836727295,6.604922406811452,15.445573980919457
Mw6.4_neighborhood,899,10.761834417925051,5.39836312708833,0,0.0,,,,,,-117.4248151300339,35.73345303417755,7.044501401802685,15.922177848901418
Mw6.4_neighborhood,900,11.261834417925051,5.39836312708833,0,0.0,,,,,,-117.41928820418894,35.73344744741176,7.491662031885848,16.40017497784819
Mw6.4_neighborhood,901,11.761834417925051,5.39836312708833,0,0.0,,,,,,-117.41376127913323,35.73344160697568,7.945124291035351,16.879447003857347
Mw6.4_neighborhood,902,12.261834417925051,5.39836312708833,0,0.0,,,,,,-117.40823435490181,35.73343551286938,8.403868156985805,17.35988833512531
Mw6.4_neighborhood,903,12.761834417925051,5.39836312708833,0,0.0,,,,,,-117.40270743152969,35.733429165092964,8.8670739254841,17.841404509175018
Mw6.4_neighborhood,904,13.261834417925051,5.39836312708833,0,0.0,,,,,,-117.39718050905192,35.73342256364651,9.334077351297235,18.323910791968004
Mw6.4_neighborhood,905,13.761834417925051,5.39836312708833,0,0.0,,,,,,-117.39165358750358,35.73341570853015,9.80433577556379,18.807330979274873
Mw6.4_neighborhood,906,-4.738165582074948,5.89836312708833,0,0.0,,,,,,-117.596152981228,35.73800676962815,9.981232388838565,4.251483806688943
Mw6.4_neighborhood,907,-4.238165582074948,5.89836312708833,0,0.0,,,,,,-117.5906257370249,35.73800904687493,9.519716382329886,4.2455984749537015
Mw6.4_neighborhood,908,-3.7381655820749478,5.89836312708833,1,638263.4861905483,15.83738611111111,15.75,15.5,15.75,15.5,-117.58509849252466,35.7380110704272,9.06228448019593,4.298266890564159
Mw6.4_neighborhood,909,-3.2381655820749478,5.89836312708833,1,1462177.1744567184,32.59312222222222,32.75,32.5,32.75,32.5,-117.57957124776239,35.73801284028493,8.609587678861281,4.40739039733389
Mw6.4_neighborhood,910,-2.7381655820749478,5.89836312708833,4,251160987.53416392,11.645566666666667,11.75,32.5,11.75,11.5,-117.5740440027731,35.738014356448076,8.162413858657255,4.5689256906303335
Mw6.4_neighborhood,911,-2.2381655820749478,5.89836312708833,4,7199606.578402372,17.295358333333333,17.25,17.5,17.25,17.5,-117.5685167575919,35.738015618916634,7.721722605740251,4.777559399786963
Mw6.4_neighborhood,912,-1.7381655820749478,5.89836312708833,9,78184324.42253569,10.377647222222222,23.25,23.5,10.25,10.5,-117.56298951225378,35.73801662769056,7.2886898685566255,5.0274313193204
Mw6.4_neighborhood,913,-1.2381655820749478,5.89836312708833,31,2185512157.3844485,6.412288888888889,21.75,21.5,6.25,6.5,-117.55746226679379,35.73801738276987,6.864765108872991,5.312725997308213
Mw6.4_neighborhood,914,-0.7381655820749478,5.89836312708833,16,3038359508.40224,6.515663888888889,22.75,33.5,6.75,6.5,-117.55193502124703,35.73801788415452,6.45174395028197,5.628059112559626
Mw6.4_neighborhood,915,-0.23816558207494776,5.89836312708833,18,2100219877.1632621,2.468533333333333,16.75,16.5,2.25,2.5,-117.54640777564852,35.73801813184452,6.051859218455102,5.968671646728135
Mw6.4_neighborhood,916,0.26183441792505224,5.89836312708833,29,574161445.3904145,1.9171333333333331,6.25,11.5,1.75,1.5,-117.54088053003332,35.738018125839865,5.667892024377317,6.3304844268386935
Mw6.4_neighborhood,917,0.7618344179250522,5.89836312708833,18,11264270270.852463,0.1255444444444444,4.75,4.5,0.25,0.5,-117.53535328443645,35.738017866140545,5.303300858899107,6.710068921437254
Mw6.4_neighborhood,918,1.2618344179250522,5.89836312708833,8,128330448.33996451,6.056172222222223,6.25,6.5,6.25,6.5,-117.529826038893,35.73801735274659,4.962358310319802,7.104577171262834
Mw6.4_neighborhood,919,1.7618344179250522,5.89836312708833,6,499127728.16796476,3.544916666666667,3.75,12.5,3.75,3.5,-117.524298793438,35.73801658565797,4.650268809434569,7.511658181415067
Mw6.4_neighborhood,920,2.2618344179250522,5.89836312708833,1,13803842.64602884,4.026255555555555,4.25,4.5,4.25,4.5,-117.51877154810653,35.73801556487472,4.373213921133975,7.929375794248296
Mw6.4_neighborhood,921,2.7618344179250522,5.89836312708833,0,0.0,,,,,,-117.5132443029336,35.738014290396855,4.138236339311712,8.356135011977829
Mw6.4_neighborhood,922,3.2618344179250522,5.89836312708833,0,0.0,,,,,,-117.50771705795428,35.73801276222439,3.952847075210474,8.790619101655615
Mw6.4_neighborhood,923,3.7618344179250522,5.89836312708833,1,30549211.13215509,3.5202444444444443,3.75,3.5,3.75,3.5,-117.50218981320363,35.73801098035736,3.824264635194589,9.231737433570318
Mw6.4_neighborhood,924,4.261834417925052,5.89836312708833,0,0.0,,,,,,-117.49666256871666,35.73800894479577,3.758324094593227,9.678582948674583
Mw6.4_neighborhood,925,4.761834417925052,5.89836312708833,0,0.0,,,,,,-117.49113532452849,35.73800665553968,3.758324094593227,10.130397807902968
Mw6.4_neighborhood,926,5.261834417925052,5.89836312708833,0,0.0,,,,,,-117.48560808067408,35.73800411258911,3.824264635194589,10.586545782187699
Mw6.4_neighborhood,927,5.761834417925052,5.89836312708833,2,2548703.41511555,9.256333333333334,9.25,9.5,9.25,9.5,-117.48008083718858,35.738001315944096,3.952847075210474,11.046490096421897
Mw6.4_neighborhood,928,6.261834417925052,5.89836312708833,0,0.0,,,,,,-117.47455359410696,35.73799826560469,4.138236339311712,11.509775640834096
Mw6.4_neighborhood,929,6.761834417925052,5.89836312708833,0,0.0,,,,,,-117.46902635146434,35.73799496157092,4.373213921133975,11.976014660742898
Mw6.4_neighborhood,930,7.261834417925052,5.89836312708833,0,0.0,,,,,,-117.46349910929568,35.73799140384288,4.650268809434569,12.44487521055634
Mw6.4_neighborhood,931,7.761834417925052,5.89836312708833,0,0.0,,,,,,-117.45797186763609,35.73798759242057,4.962358310319802,12.916071804473319
Mw6.4_neighborhood,932,8.261834417925051,5.89836312708833,0,0.0,,,,,,-117.45244462652064,35.737983527304095,5.303300858899106,13.38935781545558
Mw6.4_neighborhood,933,8.761834417925051,5.89836312708833,0,0.0,,,,,,-117.44691738598432,35.73797920849349,5.667892024377316,13.864519269065637
Mw6.4_neighborhood,934,9.261834417925051,5.89836312708833,0,0.0,,,,,,-117.44139014606223,35.73797463598884,6.051859218455101,14.341369753767708
Mw6.4_neighborhood,935,9.761834417925051,5.89836312708833,0,0.0,,,,,,-117.43586290678942,35.737969809790215,6.451743950281969,14.8197462281334
Mw6.4_neighborhood,936,10.261834417925051,5.89836312708833,0,0.0,,,,,,-117.4303356682009,35.73796472989767,6.86476510887299,15.299505551430904
Mw6.4_neighborhood,937,10.761834417925051,5.89836312708833,0,0.0,,,,,,-117.42480843033178,35.7379593963113,7.288689868556625,15.780521600069369
Mw6.4_neighborhood,938,11.261834417925051,5.89836312708833,0,0.0,,,,,,-117.41928119321702,35.73795380903119,7.72172260574025,16.26268286053217
Mw6.4_neighborhood,939,11.761834417925051,5.89836312708833,0,0.0,,,,,,-117.41375395689177,35.73794796805742,8.162413858657253,16.745890411508064
Mw6.4_neighborhood,940,12.261834417925051,5.89836312708833,0,0.0,,,,,,-117.408226721391,35.7379418733901,8.609587678861281,17.230056225277636
Mw6.4_neighborhood,941,12.761834417925051,5.89836312708833,0,0.0,,,,,,-117.40269948674981,35.737935525029286,9.06228448019593,17.71510173208778
Mw6.4_neighborhood,942,13.261834417925051,5.89836312708833,0,0.0,,,,,,-117.39717225300323,35.73792892297511,9.519716382329886,18.200956602063815
Mw6.4_neighborhood,943,13.761834417925051,5.89836312708833,0,0.0,,,,,,-117.39164502018632,35.73792206722766,9.981232388838565,18.687557707795882
Mw6.4_neighborhood,944,-4.238165582074948,6.39836312708833,0,0.0,,,,,,-117.5906283759593,35.74251541019666,9.72753822917186,3.7462275596575956
Mw6.4_neighborhood,945,-3.7381655820749478,6.39836312708833,0,0.0,,,,,,-117.58510082012948,35.742517433935234,9.280355596635292,3.8058130249302837
Mw6.4_neighborhood,946,-3.2381655820749478,6.39836312708833,1,660693.4480075964,32.73836111111111,32.75,32.5,32.75,32.5,-117.57957326403755,35.74251920395591,8.838834764831844,3.928639030595696
Mw6.4_neighborhood,947,-2.7381655820749478,6.39836312708833,6,211841630.44380122,13.2229,17.75,17.5,13.25,13.5,-117.57404570771854,35.74252072025865,8.403868156985805,4.109038389296306
Mw6.4_neighborhood,948,-2.2381655820749478,6.39836312708833,9,98980597.65149799,17.980108333333334,17.75,28.5,17.75,17.5,-117.56851815120753,35.742521982843435,7.976528066771908,4.339837362932126
Mw6.4_neighborhood,949,-1.7381655820749478,6.39836312708833,18,126035299690.14294,5.944772222222222,5.75,20.5,5.75,5.5,-117.56299059453957,35.74252299171024,7.558108228915487,4.613478101030996
Mw6.4_neighborhood,950,-1.2381655820749478,6.39836312708833,49,86858758378.42416,2.105211111111111,18.75,20.5,2.25,2.5,-117.55746303774973,35.742523746859064,7.1501748230375455,4.922821552797081
Mw6.4_neighborhood,951,-0.7381655820749478,6.39836312708833,13,1221095591.8122218,2.668988888888889,6.75,6.5,2.75,2.5,-117.55193548087308,35.74252424828987,6.754628043053148,5.261574278927776
Mw6.4_neighborhood,952,-0.23816558207494776,6.39836312708833,10,240098178.69616395,1.3186444444444445,1.25,24.5,1.25,1.5,-117.54640792394466,35.74252449600267,6.373774391990981,5.6244249256848695
Mw6.4_neighborhood,953,0.26183441792505224,6.39836312708833,22,82297373542.05086,0.0683888888888888,30.75,30.5,0.25,0.5,-117.54088036699953,35.74252448999747,6.010407640085654,6.0070082068077895
Mw6.4_neighborhood,954,0.7618344179250522,6.39836312708833,25,32333029595.98887,0.1666388888888889,0.25,0.5,0.25,0.5,-117.53535281007278,35.74252423027424,5.667892024377317,6.405789525784236
Mw6.4_neighborhood,955,1.2618344179250522,6.39836312708833,11,112097727.71654974,1.8652888888888888,1.75,27.5,1.75,1.5,-117.52982525319945,35.742523716833006,5.350233639758174,6.817927199716783
Mw6.4_neighborhood,956,1.7618344179250522,6.39836312708833,0,0.0,,,,,,-117.52429769641459,35.74252294967377,5.062114182829147,7.241141011790118
Mw6.4_neighborhood,957,2.2618344179250522,6.39836312708833,2,3180343.8752192724,18.786386111111117,18.75,18.5,18.75,18.5,-117.51877013975329,35.74252192879654,4.808846015417836,7.67359856942098
Mw6.4_neighborhood,958,2.7618344179250522,6.39836312708833,0,0.0,,,,,,-117.51324258325056,35.74252065420133,4.596194077712559,8.113821963576141
Mw6.4_neighborhood,959,3.2618344179250522,6.39836312708833,0,0.0,,,,,,-117.5077150269415,35.74251912588819,4.430011286667337,8.560613220359945
Mw6.4_neighborhood,960,3.7618344179250522,6.39836312708833,1,1412537.5446227554,33.43066944444445,33.25,33.5,33.25,33.5,-117.50218747086119,35.742517343857095,4.315669125408017,9.012995648539524
Mw6.4_neighborhood,961,4.261834417925052,6.39836312708833,1,785235.634610071,22.338672222222225,22.25,22.5,22.25,22.5,-117.49665991504463,35.7425153081081,4.257346591481601,9.470168024516951
Mw6.4_neighborhood,962,4.761834417925052,6.39836312708833,0,0.0,,,,,,-117.49113235952692,35.74251301864125,4.257346591481601,9.931468887560095
Mw6.4_neighborhood,963,5.261834417925052,6.39836312708833,0,0.0,,,,,,-117.48560480434314,35.74251047545654,4.315669125408017,10.396348691563066
Mw6.4_neighborhood,964,5.761834417925052,6.39836312708833,0,0.0,,,,,,-117.48007724952829,35.742507678554055,4.430011286667337,10.864348023169912
Mw6.4_neighborhood,965,6.261834417925052,6.39836312708833,0,0.0,,,,,,-117.47454969511747,35.74250462793381,4.596194077712559,11.335080494665526
Mw6.4_neighborhood,966,6.761834417925052,6.39836312708833,0,0.0,,,,,,-117.46902214114574,35.74250132359585,4.808846015417836,11.8082192422286
Mw6.4_neighborhood,967,7.261834417925052,6.39836312708833,0,0.0,,,,,,-117.46349458764816,35.74249776554025,5.062114182829147,12.283486212168295
Mw6.4_neighborhood,968,7.761834417925052,6.39836312708833,0,0.0,,,,,,-117.45796703465975,35.742493953767045,5.350233639758174,12.760643611374762
Mw6.4_neighborhood,969,8.261834417925051,6.39836312708833,0,0.0,,,,,,-117.45243948221565,35.7424898882763,5.667892024377316,13.239487045520699
Mw6.4_neighborhood,970,8.761834417925051,6.39836312708833,0,0.0,,,,,,-117.44691193035084,35.74248556906808,6.010407640085654,13.719839980134655
Mw6.4_neighborhood,971,9.261834417925051,6.39836312708833,0,0.0,,,,,,-117.44138437910044,35.742480996142454,6.37377439199098,14.201549244096299
Mw6.4_neighborhood,972,9.761834417925051,6.39836312708833,0,0.0,,,,,,-117.43585682849948,35.74247616949948,6.754628043053147,14.684481359056678
Mw6.4_neighborhood,973,10.261834417925051,6.39836312708833,0,0.0,,,,,,-117.430329278583,35.74247108913926,7.1501748230375455,15.168519526851457
Mw6.4_neighborhood,974,10.761834417925051,6.39836312708833,0,0.0,,,,,,-117.42480172938612,35.742465755061836,7.558108228915486,15.653561143984613
Mw6.4_neighborhood,975,11.261834417925051,6.39836312708833,0,0.0,,,,,,-117.41927418094384,35.742460167267325,7.976528066771907,16.13951574058081
Mw6.4_neighborhood,976,11.761834417925051,6.39836312708833,0,0.0,,,,,,-117.41374663329124,35.742454325755794,8.403868156985805,16.626303262976005
Mw6.4_neighborhood,977,12.261834417925051,6.39836312708833,0,0.0,,,,,,-117.40821908646339,35.742448230527344,8.838834764831843,17.113852635933192
Mw6.4_neighborhood,978,12.761834417925051,6.39836312708833,0,0.0,,,,,,-117.40269154049533,35.74244188158207,9.280355596635292,17.602100553525663
Mw6.4_neighborhood,979,13.261834417925051,6.39836312708833,1,683911.6472814293,31.172969444444444,31.25,31.5,31.25,31.5,-117.39716399542215,35.74243527892005,9.72753822917186,18.09099045791632
Mw6.4_neighborhood,980,-4.238165582074948,6.89836312708833,2,686049609.3709329,5.407444444444444,5.25,5.5,5.25,5.5,-117.59063101538356,35.747021770135724,9.956153875869939,3.247050268620277
Mw6.4_neighborhood,981,-3.7381655820749478,6.89836312708833,3,5360971.683423671,21.84604444444444,21.75,21.5,21.75,21.5,-117.58510314816635,35.747023794060624,9.519716382329886,3.315618690220259
Mw6.4_neighborhood,982,-3.2381655820749478,6.89836312708833,9,165962086.11461684,18.479275,18.25,18.5,18.25,18.5,-117.57957528068694,35.74702556424426,9.089829481348922,3.4559107556371877
Mw6.4_neighborhood,983,-2.7381655820749478,6.89836312708833,22,81613880852.93336,5.654372222222222,19.25,19.5,5.75,5.5,-117.5740474129804,35.747027080686614,8.667467911679857,3.659687282121205
Mw6.4_neighborhood,984,-2.2381655820749478,6.89836312708833,28,2199189524.2745204,5.67875,17.75,17.5,5.75,5.5,-117.56851954508181,35.74702834338765,8.253787009609589,3.917052827689535
Mw6.4_neighborhood,985,-1.7381655820749478,6.89836312708833,20,79479207263.16112,6.145711111111112,17.75,17.5,6.25,6.5,-117.56299167702626,35.747029352347354,7.850159234053791,4.218209893651746
Mw6.4_neighborhood,986,-1.2381655820749478,6.89836312708833,27,977566312879.6304,1.6267999999999998,13.75,13.5,1.75,1.5,-117.55746380884875,35.7470301075657,7.458216945088149,4.554479834063641
Mw6.4_neighborhood,987,-0.7381655820749478,6.89836312708833,12,95995181.54855055,6.929691666666667,10.25,10.5,6.75,6.5,-117.55193594058443,35.747030609042675,7.079901129253148,4.918666324409825
Mw6.4_neighborhood,988,-0.23816558207494776,6.89836312708833,3,575452825326.3738,0.9028166666666666,0.75,0.5,0.75,0.5,-117.54640807226832,35.74703085677829,6.7175144212722016,5.305023116148897
Mw6.4_neighborhood,989,0.26183441792505224,6.89836312708833,0,0.0,,,,,,-117.5408802039355,35.74703085077252,6.373774391990981,5.709050894401367
Mw6.4_neighborhood,990,0.7618344179250522,6.89836312708833,5,1478165182.3908896,0.4914666666666666,0.25,0.5,0.25,0.5,-117.53535233562104,35.747030591025386,6.051859218455102,6.127255010757749
Mw6.4_neighborhood,991,1.2618344179250522,6.89836312708833,11,102739856.56613739,2.843288888888889,2.75,3.5,2.75,2.5,-117.52982446736006,35.747030077536884,5.755432216610669,6.556923502592266
Mw6.4_neighborhood,992,1.7618344179250522,6.89836312708833,1,707945.7843841374,15.547505555555556,15.75,15.5,15.75,15.5,-117.52429659918752,35.747029310307006,5.488624600025037,6.995944373051985
Mw6.4_neighborhood,993,2.2618344179250522,6.89836312708833,0,0.0,,,,,,-117.5187687311386,35.747028289335795,5.25594901040716,7.4426627978720505
Mw6.4_neighborhood,994,2.7618344179250522,6.89836312708833,1,1678804.018122559,16.274375,16.25,16.5,16.25,16.5,-117.51324086324833,35.74702701462323,5.062114182829147,7.895772373543928
Mw6.4_neighborhood,995,3.2618344179250522,6.89836312708833,1,5821032.17770871,22.533219444444445,22.75,22.5,22.75,22.5,-117.50771299555174,35.747025486169356,4.911720676097125,8.354233251879577
Mw6.4_neighborhood,996,3.7618344179250522,6.89836312708833,0,0.0,,,,,,-117.50218512808395,35.74702370397418,4.808846015417836,8.817210731223412
Mw6.4_neighborhood,997,4.261834417925052,6.89836312708833,0,0.0,,,,,,-117.49665726088001,35.74702166803777,4.756574397610112,9.284029132375242
Mw6.4_neighborhood,998,4.761834417925052,6.89836312708833,0,0.0,,,,,,-117.49112939397503,35.7470193783601,4.756574397610112,9.754137008612453
Mw6.4_neighborhood,999,5.261834417925052,6.89836312708833,0,0.0,,,,,,-117.48560152740401,35.74701683494125,4.808846015417836,10.22708074842347
Mw6.4_neighborhood,1000,5.761834417925052,6.89836312708833,0,0.0,,,,,,-117.48007366120206,35.74701403778124,4.911720676097125,10.702484407218956
Mw6.4_neighborhood,1001,6.261834417925052,6.89836312708833,0,0.0,,,,,,-117.47454579540427,35.74701098688009,5.062114182829147,11.180034183255245
Mw6.4_neighborhood,1002,6.761834417925052,6.89836312708833,0,0.0,,,,,,-117.46901793004564,35.747007682237914,5.25594901040716,11.659466376757843
Mw6.4_neighborhood,1003,7.261834417925052,6.89836312708833,0,0.0,,,,,,-117.46349006516135,35.74700412385471,5.488624600025037,12.140557979052591
Mw6.4_neighborhood,1004,7.761834417925052,6.89836312708833,0,0.0,,,,,,-117.45796220078635,35.74700031173054,5.755432216610669,12.62311926168522
Mw6.4_neighborhood,1005,8.261834417925051,6.89836312708833,0,0.0,,,,,,-117.4524343369558,35.74699624586547,6.051859218455101,13.10698789755752
Mw6.4_neighborhood,1006,8.761834417925051,6.89836312708833,0,0.0,,,,,,-117.44690647370471,35.74699192625956,6.37377439199098,13.592024264203996
Mw6.4_neighborhood,1007,9.261834417925051,6.89836312708833,0,0.0,,,,,,-117.44137861106819,35.7469873529129,6.717514421272201,14.078107665829988
Mw6.4_neighborhood,1008,9.761834417925051,6.89836312708833,1,1737800.8287493763,12.770644444444445,12.75,12.5,12.75,12.5,-117.43585074908128,35.746982525825516,7.079901129253147,14.565133274456914
Mw6.4_neighborhood,1009,10.261834417925051,6.89836312708833,0,0.0,,,,,,-117.4303228877791,35.746977444997526,7.458216945088148,15.053009637766225
Mw6.4_neighborhood,1010,10.761834417925051,6.89836312708833,0,0.0,,,,,,-117.42479502719665,35.74697211042899,7.85015923405379,15.541656636493864
Mw6.4_neighborhood,1011,11.261834417925051,6.89836312708833,0,0.0,,,,,,-117.41926716736903,35.74696652211999,8.253787009609589,16.031003800718928
Mw6.4_neighborhood,1012,11.761834417925051,6.89836312708833,0,0.0,,,,,,-117.41373930833134,35.746960680070615,8.667467911679857,16.52098891442808
Mw6.4_neighborhood,1013,12.261834417925051,6.89836312708833,0,0.0,,,,,,-117.40821145011861,35.74695458428097,9.08982948134892,17.01155685299398
Mw6.4_neighborhood,1014,12.761834417925051,6.89836312708833,0,0.0,,,,,,-117.40268359276592,35.74694823475111,9.519716382329886,17.50265860989802
Mw6.4_neighborhood,1015,13.261834417925051,6.89836312708833,0,0.0,,,,,,-117.39715573630833,35.74694163148118,9.956153875869939,17.994250478045153
Mw6.4_neighborhood,1016,-3.7381655820749478,7.39836312708833,1,47863009232.2638,0.0528666666666666,0.25,0.5,0.25,0.5,-117.58510547663538,35.75153015080319,9.778803607803972,2.828858748178639
Mw6.4_neighborhood,1017,-3.2381655820749478,7.39836312708833,16,6469928480.069642,17.60556111111111,17.75,17.5,17.75,17.5,-117.5795772977107,35.75153192114983,9.360822613424528,2.9920617756219055
Mw6.4_neighborhood,1018,-2.7381655820749478,7.39836312708833,30,1557093677.966855,15.876858333333336,18.25,18.5,15.75,15.5,-117.57404911855883,35.75153343773181,8.951256894984079,3.2252791384822186
Mw6.4_neighborhood,1019,-2.2381655820749478,7.39836312708833,19,3537560951.2108893,11.023924999999998,17.75,17.5,11.25,11.5,-117.56852093921489,35.751534700549115,8.551315688243536,3.514600599373917
Mw6.4_neighborhood,1020,-1.7381655820749478,7.39836312708833,15,410569381.0941258,6.2362,21.25,18.5,6.25,6.5,-117.56299275971386,35.75153570960172,8.162413858657255,3.8473899237158675
Mw6.4_neighborhood,1021,-1.2381655820749478,7.39836312708833,11,8017465069.227503,4.694722222222223,4.75,27.5,4.75,4.5,-117.55746458009092,35.751536464889604,7.786205751198718,4.213359832378583
Mw6.4_neighborhood,1022,-0.7381655820749478,7.39836312708833,6,38589544.32029013,5.7088833333333335,5.75,5.5,5.75,5.5,-117.55193640038111,35.751536966412765,7.424621202458749,4.604605621450351
Mw6.4_neighborhood,1023,-0.23816558207494776,7.39836312708833,3,18123779.983598743,5.8538,5.75,5.5,5.75,5.5,-117.54640822061951,35.75153721417119,7.079901129253148,5.015215327489246
Mw6.4_neighborhood,1024,0.26183441792505224,7.39836312708833,0,0.0,,,,,,-117.5408800408412,35.75153720816487,6.754628043053148,5.440806616033505
Mw6.4_neighborhood,1025,0.7618344179250522,7.39836312708833,0,0.0,,,,,,-117.53535186108127,35.75153694839381,6.45174395028197,5.878126273317447
Mw6.4_neighborhood,1026,1.2618344179250522,7.39836312708833,0,0.0,,,,,,-117.52982368137476,35.751536434858025,6.174544517614234,6.324741918612627
Mw6.4_neighborhood,1027,1.7618344179250522,7.39836312708833,0,0.0,,,,,,-117.52429550175681,35.75153566755751,5.926634795564849,6.778816429808868
Mw6.4_neighborhood,1028,2.2618344179250522,7.39836312708833,1,251188.6431509582,23.6415,23.75,23.5,23.75,23.5,-117.51876732226245,35.751534646492274,5.7118298293979315,7.2389463350019065
Mw6.4_neighborhood,1029,2.7618344179250522,7.39836312708833,0,0.0,,,,,,-117.5132391429268,35.75153337166235,5.533985905294664,7.704046721887687
Mw6.4_neighborhood,1030,3.2618344179250522,7.39836312708833,0,0.0,,,,,,-117.5077109637849,35.751531843067724,5.3967582862307255,8.173269097797974
Mw6.4_neighborhood,1031,3.7618344179250522,7.39836312708833,0,0.0,,,,,,-117.50218278487186,35.75153006070846,5.303300858899107,8.64594237761334
Mw6.4_neighborhood,1032,4.261834417925052,7.39836312708833,0,0.0,,,,,,-117.49665460622272,35.75152802458457,5.25594901040716,9.121530104593258
Mw6.4_neighborhood,1033,4.761834417925052,7.39836312708833,0,0.0,,,,,,-117.49112642787263,35.75152573469608,5.25594901040716,9.599599121890037
Mw6.4_neighborhood,1034,5.261834417925052,7.39836312708833,0,0.0,,,,,,-117.48559824985661,35.75152319104303,5.303300858899107,10.07979638450018
Mw6.4_neighborhood,1035,5.761834417925052,7.39836312708833,0,0.0,,,,,,-117.48007007220978,35.75152039362545,5.3967582862307255,10.56183161222398
Mw6.4_neighborhood,1036,6.261834417925052,7.39836312708833,0,0.0,,,,,,-117.47454189496716,35.7515173424434,5.533985905294664,11.045464175713244
Mw6.4_neighborhood,1037,6.761834417925052,7.39836312708833,0,0.0,,,,,,-117.4690137181639,35.75151403749692,5.7118298293979315,11.530493081779094
Mw6.4_neighborhood,1038,7.261834417925052,7.39836312708833,0,0.0,,,,,,-117.46348554183503,35.75151047878606,5.926634795564849,12.016749250980752
Mw6.4_neighborhood,1039,7.761834417925052,7.39836312708833,0,0.0,,,,,,-117.45795736601565,35.751506666310874,6.174544517614234,12.504089507554612
Mw6.4_neighborhood,1040,8.261834417925051,7.39836312708833,0,0.0,,,,,,-117.45242919074084,35.751502600071426,6.451743950281969,12.992391860813319
Mw6.4_neighborhood,1041,8.761834417925051,7.39836312708833,0,0.0,,,,,,-117.44690101604567,35.75149828006778,6.754628043053147,13.48155176961907
Mw6.4_neighborhood,1042,9.261834417925051,7.39836312708833,0,0.0,,,,,,-117.44137284196525,35.75149370629999,7.079901129253147,13.971479161810677
Mw6.4_neighborhood,1043,9.761834417925051,7.39836312708833,0,0.0,,,,,,-117.4358446685346,35.75148887876815,7.424621202458749,14.462096038296139
Mw6.4_neighborhood,1044,10.261834417925051,7.39836312708833,0,0.0,,,,,,-117.43031649578886,35.75148379747232,7.786205751198718,14.953334533571159
Mw6.4_neighborhood,1045,10.761834417925051,7.39836312708833,0,0.0,,,,,,-117.42478832376308,35.75147846241258,8.162413858657253,15.445135335272484
Mw6.4_neighborhood,1046,11.261834417925051,7.39836312708833,0,0.0,,,,,,-117.41926015249236,35.75147287358902,8.551315688243534,15.9374463882039
Mw6.4_neighborhood,1047,11.761834417925051,7.39836312708833,0,0.0,,,,,,-117.41373198201173,35.75146703100172,8.951256894984077,16.43022182530913
Mw6.4_neighborhood,1048,12.261834417925051,7.39836312708833,0,0.0,,,,,,-117.40820381235633,35.75146093465076,9.360822613424526,16.923421080882413
Mw6.4_neighborhood,1049,12.761834417925051,7.39836312708833,0,0.0,,,,,,-117.40267564356121,35.751454584536255,9.778803607803972,17.41700815102428
Mw6.4_neighborhood,1050,-3.2381655820749478,7.89836312708833,5,10130240.98989166,15.124794444444444,15.25,31.5,15.25,15.5,-117.57957931510887,35.75603827467243,9.650129532809391,2.5419575502644842
Mw6.4_neighborhood,1051,-2.7381655820749478,7.89836312708833,14,9245251253.68838,15.668708333333331,17.75,17.5,15.75,15.5,-117.57405082445386,35.75603979139405,9.253377761660873,2.8127459962352646
Mw6.4_neighborhood,1052,-2.2381655820749478,7.89836312708833,22,7209183011757.8955,14.62212777777778,17.75,18.5,14.75,14.5,-117.56852233360672,35.756041054327646,8.8670739254841,3.1403076109401136
Mw6.4_neighborhood,1053,-1.7381655820749478,7.89836312708833,4,670028794.5486568,10.628925,10.75,10.5,10.75,10.5,-117.56299384260248,35.75604206347318,8.492643875731515,3.5087780983298584
Mw6.4_neighborhood,1054,-1.2381655820749478,7.89836312708833,5,12748478.158059394,12.303761111111111,12.25,12.5,12.25,12.5,-117.55746535147627,35.75604281883061,8.131727983645296,3.9065989806109087
Mw6.4_neighborhood,1055,-0.7381655820749478,7.89836312708833,3,212334263.58487573,18.13010833333333,18.25,18.5,18.25,18.5,-117.55193686026315,35.75604332039996,7.786205751198718,4.325679998254735
Mw6.4_neighborhood,1056,-0.23816558207494776,7.89836312708833,4,8609977.321589164,24.894022222222222,24.75,24.5,24.75,24.5,-117.54640836899824,35.75604356818119,7.458216945088149,4.76040957264099
Mw6.4_neighborhood,1057,0.26183441792505224,7.89836312708833,2,47527990.020029806,5.087594444444444,5.25,5.5,5.25,5.5,-117.54087987771662,35.75604356217433,7.1501748230375455,5.206869611511591
Mw6.4_neighborhood,1058,0.7618344179250522,7.89836312708833,0,0.0,,,,,,-117.53535138645339,35.75604330237935,6.864765108872991,5.662286022736203
Mw6.4_neighborhood,1059,1.2618344179250522,7.89836312708833,0,0.0,,,,,,-117.52982289524357,35.756042788796265,6.604922406811453,6.124661203304608
Mw6.4_neighborhood,1060,1.7618344179250522,7.89836312708833,0,0.0,,,,,,-117.52429440412234,35.75604202142509,6.373774391990981,6.5925311305488385
Mw6.4_neighborhood,1061,2.2618344179250522,7.89836312708833,0,0.0,,,,,,-117.51876591312478,35.75604100026584,6.174544517614234,7.064804212378885
Mw6.4_neighborhood,1062,2.7618344179250522,7.89836312708833,0,0.0,,,,,,-117.5132374222859,35.75603972531851,6.010407640085654,7.540653182002029
Mw6.4_neighborhood,1063,3.2618344179250522,7.89836312708833,0,0.0,,,,,,-117.50770893164089,35.75603819658314,5.88430114796991,8.019441518162486
Mw6.4_neighborhood,1064,3.7618344179250522,7.89836312708833,0,0.0,,,,,,-117.50218044122475,35.75603641405974,5.798706752371601,8.500672568404168
Mw6.4_neighborhood,1065,4.261834417925052,7.89836312708833,0,0.0,,,,,,-117.49665195107265,35.75603437774835,5.755432216610669,8.98395380482391
Mw6.4_neighborhood,1066,4.761834417925052,7.89836312708833,0,0.0,,,,,,-117.49112346121962,35.756032087649,5.755432216610669,9.468971317899369
Mw6.4_neighborhood,1067,5.261834417925052,7.89836312708833,0,0.0,,,,,,-117.48559497170078,35.75602954376172,5.798706752371601,9.955471343497091
Mw6.4_neighborhood,1068,5.761834417925052,7.89836312708833,0,0.0,,,,,,-117.48006648255121,35.75602674608653,5.88430114796991,10.443246694547758
Mw6.4_neighborhood,1069,6.261834417925052,7.89836312708833,0,0.0,,,,,,-117.47453799380601,35.75602369462352,6.010407640085654,10.932126662967896
Mw6.4_neighborhood,1070,6.761834417925052,7.89836312708833,0,0.0,,,,,,-117.46900950550025,35.7560203893727,6.174544517614234,11.421969411058868
Mw6.4_neighborhood,1071,7.261834417925052,7.89836312708833,0,0.0,,,,,,-117.46348101766904,35.75601683033414,6.373774391990981,11.912656172288166
Mw6.4_neighborhood,1072,7.761834417925052,7.89836312708833,0,0.0,,,,,,-117.45795253034746,35.75601301750789,6.604922406811453,12.404086783441427
Mw6.4_neighborhood,1073,8.261834417925051,7.89836312708833,0,0.0,,,,,,-117.45242404357059,35.75600895089399,6.86476510887299,12.896176207819785
Mw6.4_neighborhood,1074,8.761834417925051,7.89836312708833,0,0.0,,,,,,-117.44689555737351,35.756004630492534,7.1501748230375455,13.388851804211143
Mw6.4_neighborhood,1075,9.261834417925051,7.89836312708833,0,0.0,,,,,,-117.44136707179136,35.756000056303584,7.458216945088148,13.882051162818803
Mw6.4_neighborhood,1076,9.761834417925051,7.89836312708833,0,0.0,,,,,,-117.43583858685919,35.755995228327194,7.786205751198718,14.375720376353659
Mw6.4_neighborhood,1077,10.261834417925051,7.89836312708833,0,0.0,,,,,,-117.43031010261207,35.75599014656345,8.131727983645296,14.869812648150639
Mw6.4_neighborhood,1078,10.761834417925051,7.89836312708833,0,0.0,,,,,,-117.42478161908514,35.75598481101244,8.492643875731513,15.364287163519549
Mw6.4_neighborhood,1079,11.261834417925051,7.89836312708833,0,0.0,,,,,,-117.41925313631346,35.755979221674224,8.8670739254841,15.859108168339178
Mw6.4_neighborhood,1080,11.761834417925051,7.89836312708833,0,0.0,,,,,,-117.41372465433213,35.75597337854891,9.253377761660873,16.3542442120409
Mw6.4_neighborhood,1081,12.261834417925051,7.89836312708833,0,0.0,,,,,,-117.40819617317621,35.75596728163657,9.650129532809391,16.84966752191462
Mw6.4_neighborhood,1082,-3.2381655820749478,8.39836312708833,7,354014162.5645552,6.687477777777778,6.75,6.5,6.75,6.5,-117.57958133288157,35.76054462481189,9.956153875869939,2.114394169864154
Mw6.4_neighborhood,1083,-2.7381655820749478,8.39836312708833,17,1223219547.073762,18.37026944444445,20.25,22.5,18.25,18.5,-117.57405253066561,35.760546141673196,9.572094859538325,2.4332395191485814
Mw6.4_neighborhood,1084,-2.2381655820749478,8.39836312708833,13,101034085.05498962,17.87942222222222,18.25,18.5,17.75,17.5,-117.56852372825743,35.7605474047231,9.19918474648705,2.8054672355130634
Mw6.4_neighborhood,1085,-1.7381655820749478,8.39836312708833,14,2941224671.1875887,19.64278333333333,29.25,24.5,19.75,19.5,-117.56299492569214,35.760548413961544,8.838834764831844,3.212575020373564
Mw6.4_neighborhood,1086,-1.2381655820749478,8.39836312708833,3,35289133.88603972,6.874266666666667,6.75,6.5,6.75,6.5,-117.55746612300482,35.76054916938855,8.492643875731515,3.64288760649009
Mw6.4_neighborhood,1087,-0.7381655820749478,8.39836312708833,3,10138284.054838426,15.081033333333334,15.25,15.5,15.25,15.5,-117.55193732023058,35.76054967100407,8.162413858657255,4.08908571266365
Mw6.4_neighborhood,1088,-0.23816558207494776,8.39836312708833,2,12037535.407560263,17.82036111111111,17.75,17.5,17.75,17.5,-117.54640851740453,35.76054991880814,7.850159234053792,4.546494673647038
Mw6.4_neighborhood,1089,0.26183441792505224,8.39836312708833,1,870963.5899560796,23.342725,23.25,23.5,23.25,23.5,-117.54087971456177,35.760549912800705,7.558108228915488,5.012046056202175
Mw6.4_neighborhood,1090,0.7618344179250522,8.39836312708833,0,0.0,,,,,,-117.53535091173737,35.76054965298181,7.288689868556626,5.483666430544683
Mw6.4_neighborhood,1091,1.2618344179250522,8.39836312708833,0,0.0,,,,,,-117.52982210896647,35.76054913935143,7.044501401802687,5.959915215292376
Mw6.4_neighborhood,1092,1.7618344179250522,8.39836312708833,0,0.0,,,,,,-117.52429330628414,35.76054837190959,6.828250141873832,6.439765618829963
Mw6.4_neighborhood,1093,2.2618344179250522,8.39836312708833,0,0.0,,,,,,-117.51876450372548,35.7605473506563,6.6426651277932125,6.922468712638241
Mw6.4_neighborhood,1094,2.7618344179250522,8.39836312708833,0,0.0,,,,,,-117.5132357013256,35.76054607559156,6.490377492873586,7.4074668362029294
Mw6.4_neighborhood,1095,3.2618344179250522,8.39836312708833,0,0.0,,,,,,-117.50770689911961,35.76054454671541,6.373774391990982,7.8943370070853405
Mw6.4_neighborhood,1096,3.7618344179250522,8.39836312708833,0,0.0,,,,,,-117.50217809714259,35.76054276402786,6.294839156007087,8.38275304619121
Mw6.4_neighborhood,1097,4.261834417925052,8.39836312708833,0,0.0,,,,,,-117.49664929542966,35.76054072752894,6.254998001598403,8.87245966378089
Mw6.4_neighborhood,1098,4.761834417925052,8.39836312708833,0,0.0,,,,,,-117.49112049401589,35.76053843721868,6.254998001598403,9.363254366800563
Mw6.4_neighborhood,1099,5.261834417925052,8.39836312708833,0,0.0,,,,,,-117.4855916929364,35.76053589309713,6.294839156007087,9.85497459100736
Mw6.4_neighborhood,1100,5.761834417925052,8.39836312708833,0,0.0,,,,,,-117.48006289222629,35.76053309516432,6.373774391990982,10.347488392909247
Mw6.4_neighborhood,1101,6.261834417925052,8.39836312708833,0,0.0,,,,,,-117.47453409192063,35.76053004342028,6.490377492873586,10.840687611650033
Mw6.4_neighborhood,1102,6.761834417925052,8.39836312708833,0,0.0,,,,,,-117.46900529205456,35.76052673786508,6.6426651277932125,11.334482773614921
Mw6.4_neighborhood,1103,7.261834417925052,8.39836312708833,0,0.0,,,,,,-117.46347649266316,35.760523178498765,6.828250141873832,11.828799245796857
Mw6.4_neighborhood,1104,7.761834417925052,8.39836312708833,0,0.0,,,,,,-117.45794769378153,35.760519365321386,7.044501401802687,12.32357429682457
Mw6.4_neighborhood,1105,8.261834417925051,8.39836312708833,0,0.0,,,,,,-117.45241889544478,35.760515298333004,7.288689868556626,12.818754826477727
Mw6.4_neighborhood,1106,8.761834417925051,8.39836312708833,0,0.0,,,,,,-117.446890097688,35.76051097753368,7.558108228915487,13.314295593584248
Mw6.4_neighborhood,1107,9.261834417925051,8.39836312708833,0,0.0,,,,,,-117.44136130054628,35.76050640292348,7.850159234053791,13.810157819711106
Mw6.4_neighborhood,1108,9.761834417925051,8.39836312708833,0,0.0,,,,,,-117.43583250405472,35.76050157450248,8.162413858657255,14.306308079211725
Mw6.4_neighborhood,1109,10.261834417925051,8.39836312708833,0,0.0,,,,,,-117.43030370824843,35.76049649227075,8.492643875731515,14.802717409628192
Mw6.4_neighborhood,1110,10.761834417925051,8.39836312708833,0,0.0,,,,,,-117.42477491316254,35.76049115622838,8.838834764831844,15.299360593217628
Mw6.4_neighborhood,1111,11.261834417925051,8.39836312708833,0,0.0,,,,,,-117.41924611883208,35.76048556637546,9.199184746487049,15.796215572512656
Mw6.4_neighborhood,1112,11.761834417925051,8.39836312708833,0,0.0,,,,,,-117.41371732529218,35.760479722712034,9.572094859538323,16.293262971709574
Mw6.4_neighborhood,1113,12.261834417925051,8.39836312708833,0,0.0,,,,,,-117.40818853257797,35.76047362523823,9.956153875869939,16.790485702244386
Mw6.4_neighborhood,1114,-2.7381655820749478,8.89836312708833,6,18036148.41230761,4.754722222222222,19.75,19.5,4.75,4.5,-117.5740542371941,35.76505248856904,9.905806378079475,2.104701659560169
Mw6.4_neighborhood,1115,-2.2381655820749478,8.89836312708833,10,585047077.6265161,0.2630444444444444,0.25,18.5,0.25,0.5,-117.56852512316706,35.76505375173525,9.545941546018392,2.5258188628138445
Mw6.4_neighborhood,1116,-1.7381655820749478,8.89836312708833,7,113885739.04960261,18.09361388888889,18.25,19.5,18.25,18.5,-117.56299600898286,35.76505476106665,9.19918474648705,2.971489993208309
Mw6.4_neighborhood,1117,-1.2381655820749478,8.89836312708833,5,134657912.62121925,17.738408333333332,29.75,29.5,17.75,17.5,-117.5574668946766,35.76505551656322,8.8670739254841,3.432163258315083
Mw6.4_neighborhood,1118,-0.7381655820749478,8.89836312708833,1,3349654.3915782725,18.407947222222223,18.25,18.5,18.25,18.5,-117.55193778028341,35.76505601822496,8.551315688243536,3.9025294981228393
Mw6.4_neighborhood,1119,-0.23816558207494776,8.89836312708833,0,0.0,,,,,,-117.54640866583837,35.765056266051836,8.25378700960959,4.379466672519588
Mw6.4_neighborhood,1120,0.26183441792505224,8.89836312708833,0,0.0,,,,,,-117.54087955137662,35.765056260043856,7.976528066771909,4.861041060071462
Mw6.4_neighborhood,1121,0.7618344179250522,8.89836312708833,1,812830.5161640996,33.03738611111111,33.25,33.5,33.25,33.5,-117.53535043693326,35.76505600020103,7.7217226057402515,5.345999629600771
Mw6.4_neighborhood,1122,1.2618344179250522,8.89836312708833,0,0.0,,,,,,-117.52982132254338,35.76505548652335,7.491662031885849,5.833498426474672
Mw6.4_neighborhood,1123,1.7618344179250522,8.89836312708833,0,0.0,,,,,,-117.5242922082421,35.76505471901083,7.288689868556626,6.322949924178853
Mw6.4_neighborhood,1124,2.2618344179250522,8.89836312708833,0,0.0,,,,,,-117.51876309406454,35.76505369766349,7.1151247353788545,6.813933342472925
Mw6.4_neighborhood,1125,2.7618344179250522,8.89836312708833,0,0.0,,,,,,-117.51323398004581,35.76505242248132,6.973162840490677,7.3061398458868245
Mw6.4_neighborhood,1126,3.2618344179250522,8.89836312708833,1,1737800.8287493763,11.1594,11.25,11.5,11.25,11.5,-117.50770486622102,35.76505089346435,6.864765108872992,7.799337875720352
Mw6.4_neighborhood,1127,3.7618344179250522,8.89836312708833,0,0.0,,,,,,-117.50217575262526,35.765049110612615,6.791538853603064,8.293350538331111
Mw6.4_neighborhood,1128,4.261834417925052,8.89836312708833,0,0.0,,,,,,-117.49664663929364,35.76504707392615,6.754628043053149,8.788040453003607
Mw6.4_neighborhood,1129,4.761834417925052,8.89836312708833,0,0.0,,,,,,-117.49111752626128,35.76504478340497,6.754628043053149,9.283299351826306
Mw6.4_neighborhood,1130,5.261834417925052,8.89836312708833,0,0.0,,,,,,-117.4855884135633,35.7650422390491,6.791538853603064,9.779040786682998
Mw6.4_neighborhood,1131,5.761834417925052,8.89836312708833,0,0.0,,,,,,-117.48005930123479,35.76503944085861,6.864765108872992,10.275194915893348
Mw6.4_neighborhood,1132,6.261834417925052,8.89836312708833,0,0.0,,,,,,-117.47453018931085,35.76503638883352,6.973162840490677,10.771704712420936
Mw6.4_neighborhood,1133,6.761834417925052,8.89836312708833,0,0.0,,,,,,-117.46900107782663,35.76503308297389,7.1151247353788545,11.268523162490384
Mw6.4_neighborhood,1134,7.261834417925052,8.89836312708833,0,0.0,,,,,,-117.46347196681721,35.765029523279765,7.288689868556626,11.765611166257926
Mw6.4_neighborhood,1135,7.761834417925052,8.89836312708833,0,0.0,,,,,,-117.45794285631771,35.76502570975121,7.491662031885849,12.262935944037386
Mw6.4_neighborhood,1136,8.261834417925051,8.89836312708833,0,0.0,,,,,,-117.4524137463632,35.76502164238827,7.721722605740251,12.760469811866447
Mw6.4_neighborhood,1137,8.761834417925051,8.89836312708833,0,0.0,,,,,,-117.44688463698887,35.76501732119102,7.976528066771909,13.258189230492444
Mw6.4_neighborhood,1138,9.261834417925051,8.89836312708833,0,0.0,,,,,,-117.44135552822976,35.765012746159506,8.253787009609589,13.756074059248762
Mw6.4_neighborhood,1139,9.761834417925051,8.89836312708833,0,0.0,,,,,,-117.43582642012097,35.76500791729383,8.551315688243536,14.254106965205768
Mw6.4_neighborhood,1140,10.261834417925051,8.89836312708833,0,0.0,,,,,,-117.43029731269769,35.76500283459404,8.8670739254841,14.752272951227498
Mw6.4_neighborhood,1141,10.761834417925051,8.89836312708833,0,0.0,,,,,,-117.42476820599494,35.76499749806024,9.199184746487049,15.250558975969025
Mw6.4_neighborhood,1142,11.261834417925051,8.89836312708833,0,0.0,,,,,,-117.41923910004785,35.76499190769249,9.545941546018392,15.748953645607706
Mw6.4_neighborhood,1143,11.761834417925051,8.89836312708833,0,0.0,,,,,,-117.41370999489159,35.7649860634909,9.905806378079475,16.247446962015022
Mw6.4_neighborhood,1144,-2.2381655820749478,9.39836312708833,2,34748855.96880774,18.06730555555556,18.25,18.5,18.25,18.5,-117.56852651833567,35.76956009536397,9.905806378079475,2.321395150756358
Mw6.4_neighborhood,1145,-1.7381655820749478,9.39836312708833,16,273072773264.25348,17.923758333333332,18.25,18.5,17.75,17.5,-117.56299709247472,35.76956110478832,9.572094859538325,2.7997977244697565
Mw6.4_neighborhood,1146,-1.2381655820749478,9.39836312708833,19,381517001.473086,17.717516666666665,18.25,18.5,17.75,17.5,-117.55746766649165,35.76956186035449,9.253377761660875,3.284639881316812
Mw6.4_neighborhood,1147,-0.7381655820749478,9.39836312708833,2,1981448.8654007977,10.861308333333334,10.75,10.5,10.75,10.5,-117.55193824042163,35.769562362062416,8.951256894984079,3.7734402078114093
Mw6.4_neighborhood,1148,-0.23816558207494776,9.39836312708833,1,933254.3007969904,21.398791666666664,21.25,21.5,21.25,21.5,-117.54640881429977,35.76956260991213,8.667467911679859,4.264837963383686
Mw6.4_neighborhood,1149,0.26183441792505224,9.39836312708833,0,0.0,,,,,,-117.54087938816116,35.769562603903594,8.403868156985807,4.758028447362373
Mw6.4_neighborhood,1150,0.7618344179250522,9.39836312708833,0,0.0,,,,,,-117.53534996204097,35.76956234403683,8.162413858657255,5.2525066927992095
Mw6.4_neighborhood,1151,1.2618344179250522,9.39836312708833,0,0.0,,,,,,-117.52982053597427,35.76956183031185,7.945124291035353,5.747940362416036
Mw6.4_neighborhood,1152,1.7618344179250522,9.39836312708833,0,0.0,,,,,,-117.52429110999618,35.769561062728634,7.7540312096354125,6.244102038074192
Mw6.4_neighborhood,1153,2.2618344179250522,9.39836312708833,0,0.0,,,,,,-117.51876168414186,35.76956004128722,7.591113225344489,6.740830966125257
Mw6.4_neighborhood,1154,2.7618344179250522,9.39836312708833,0,0.0,,,,,,-117.51323225844642,35.769558765987604,7.45821694508815,7.238010359612928
Mw6.4_neighborhood,1155,3.2618344179250522,9.39836312708833,0,0.0,,,,,,-117.50770283294497,35.76955723682981,7.356969484781081,7.735553362097307
Mw6.4_neighborhood,1156,3.7618344179250522,9.39836312708833,0,0.0,,,,,,-117.5021734076726,35.76955545381389,7.288689868556626,8.233394055299785
Mw6.4_neighborhood,1157,4.261834417925052,9.39836312708833,0,0.0,,,,,,-117.49664398266445,35.769553416939814,7.254309064273455,8.73148151929767
Mw6.4_neighborhood,1158,4.761834417925052,9.39836312708833,0,0.0,,,,,,-117.49111455795567,35.76955112620767,7.254309064273455,9.229775803009932
Mw6.4_neighborhood,1159,5.261834417925052,9.39836312708833,0,0.0,,,,,,-117.48558513358132,35.76954858161747,7.288689868556626,9.728245125705794
Mw6.4_neighborhood,1160,5.761834417925052,9.39836312708833,0,0.0,,,,,,-117.48005570957659,35.76954578316925,7.356969484781081,10.226863892602141
Mw6.4_neighborhood,1161,6.261834417925052,9.39836312708833,0,0.0,,,,,,-117.47452628597652,35.76954273086307,7.45821694508815,10.725611261359434
Mw6.4_neighborhood,1162,6.761834417925052,9.39836312708833,0,0.0,,,,,,-117.46899686281628,35.76953942469897,7.591113225344489,11.224470089130765
Mw6.4_neighborhood,1163,7.261834417925052,9.39836312708833,0,0.0,,,,,,-117.46346744013097,35.76953586467698,7.7540312096354125,11.723426147410239
Mw6.4_neighborhood,1164,7.761834417925052,9.39836312708833,0,0.0,,,,,,-117.45793801795574,35.76953205079718,7.945124291035353,12.22246752852193
Mw6.4_neighborhood,1165,8.261834417925051,9.39836312708833,0,0.0,,,,,,-117.45240859632565,35.769527983059625,8.162413858657255,12.721584191356195
Mw6.4_neighborhood,1166,8.761834417925051,9.39836312708833,0,0.0,,,,,,-117.44687917527588,35.76952366146438,8.403868156985805,13.220767609702348
Mw6.4_neighborhood,1167,9.261834417925051,9.39836312708833,1,4265795.188015926,14.128102777777777,14.25,14.5,14.25,14.5,-117.44134975484151,35.7695190860115,8.667467911679857,13.720010497144148
Mw6.4_neighborhood,1168,9.761834417925051,9.39836312708833,0,0.0,,,,,,-117.43582033505768,35.769514256701065,8.951256894984079,14.219306589765075
Mw6.4_neighborhood,1169,10.261834417925051,9.39836312708833,0,0.0,,,,,,-117.43029091595949,35.76950917353316,9.253377761660873,14.718650472979084
Mw6.4_neighborhood,1170,10.761834417925051,9.39836312708833,0,0.0,,,,,,-117.42476149758208,35.76950383650784,9.572094859538323,15.21803744238127
Mw6.4_neighborhood,1171,11.261834417925051,9.39836312708833,0,0.0,,,,,,-117.41923207996054,35.769498245625215,9.905806378079475,15.717463391072657
Mw6.4_neighborhood,1172,-1.7381655820749478,9.89836312708833,6,453788628.91991574,15.261258333333332,15.25,15.5,15.25,15.5,-117.56299817616772,35.77406744512639,9.956153875869939,2.7107161076281923
Mw6.4_neighborhood,1173,-1.2381655820749478,9.89836312708833,13,1864829220.416865,17.61706388888889,18.25,18.5,17.75,17.5,-117.55746843845,35.77406820076213,9.650129532809393,3.2090456008205663
Mw6.4_neighborhood,1174,-0.7381655820749478,9.89836312708833,5,18784733.100803252,19.18668333333333,19.25,19.5,19.25,19.5,-117.5519387006453,35.77406870251628,9.360822613424528,3.707824904190693
Mw6.4_neighborhood,1175,-0.23816558207494776,9.89836312708833,1,1035142.1666793432,26.0291,26.25,26.5,26.25,26.5,-117.54640896278872,35.77406895038882,9.089829481348922,4.206894029105988
Mw6.4_neighborhood,1176,0.26183441792505224,9.89836312708833,0,0.0,,,,,,-117.54087922491543,35.774068944379735,8.838834764831844,4.7061607732969035
Mw6.4_neighborhood,1177,0.7618344179250522,9.89836312708833,0,0.0,,,,,,-117.5353494870605,35.77406868448904,8.609587678861283,5.205568276001133
Mw6.4_neighborhood,1178,1.2618344179250522,9.89836312708833,0,0.0,,,,,,-117.5298197492591,35.77406817071673,8.403868156985807,5.705079572459993
Mw6.4_neighborhood,1179,1.7618344179250522,9.89836312708833,1,5432503.314924325,14.363497222222222,14.25,14.5,14.25,14.5,-117.52429001154638,35.77406740306282,8.223442101699264,6.204669594756129
Mw6.4_neighborhood,1180,2.2618344179250522,9.89836312708833,0,0.0,,,,,,-117.51876027395744,35.77406638152731,8.070006195784487,6.704320743526676
Mw6.4_neighborhood,1181,2.7618344179250522,9.89836312708833,0,0.0,,,,,,-117.5132305365274,35.774065106110235,7.945124291035353,7.204020300087512
Mw6.4_neighborhood,1182,3.2618344179250522,9.89836312708833,0,0.0,,,,,,-117.50770079929138,35.7740635768116,7.850159234053792,7.703758844620194
Mw6.4_neighborhood,1183,3.7618344179250522,9.89836312708833,0,0.0,,,,,,-117.50217106228457,35.77406179363143,7.786205751198719,8.20352925197776
Mw6.4_neighborhood,1184,4.261834417925052,9.89836312708833,0,0.0,,,,,,-117.49664132554203,35.77405975656976,7.7540312096354125,8.703326033192463
Mw6.4_neighborhood,1185,4.761834417925052,9.89836312708833,0,0.0,,,,,,-117.49111158909892,35.774057465626626,7.7540312096354125,9.203144891396448
Mw6.4_neighborhood,1186,5.261834417925052,9.89836312708833,0,0.0,,,,,,-117.48558185299036,35.77405492080205,7.786205751198719,9.702982414908698
Mw6.4_neighborhood,1187,5.761834417925052,9.89836312708833,0,0.0,,,,,,-117.4800521172515,35.77405212209606,7.850159234053792,10.202835860485962
Mw6.4_neighborhood,1188,6.261834417925052,9.89836312708833,1,1737800.8287493763,31.711305555555555,31.75,31.5,31.75,31.5,-117.47452238191744,35.77404906950874,7.945124291035353,10.70270299728107
Mw6.4_neighborhood,1189,6.761834417925052,9.89836312708833,0,0.0,,,,,,-117.46899264702333,35.7740457630401,8.070006195784487,11.202581992558684
Mw6.4_neighborhood,1190,7.261834417925052,9.89836312708833,0,0.0,,,,,,-117.46346291260429,35.77404220269021,8.223442101699264,11.702471326689547
Mw6.4_neighborhood,1191,7.761834417925052,9.89836312708833,0,0.0,,,,,,-117.45793317869544,35.77403838845912,8.403868156985807,12.202369729031401
Mw6.4_neighborhood,1192,8.261834417925051,9.89836312708833,0,0.0,,,,,,-117.45240344533191,35.77403432034689,8.609587678861281,12.702276128945266
Mw6.4_neighborhood,1193,8.761834417925051,9.89836312708833,0,0.0,,,,,,-117.44687371254882,35.77402999835358,8.838834764831844,13.202189617937005
Mw6.4_neighborhood,1194,9.261834417925051,9.89836312708833,0,0.0,,,,,,-117.44134398038133,35.77402542247928,9.089829481348922,13.702109420083994
Mw6.4_neighborhood,1195,9.761834417925051,9.89836312708833,0,0.0,,,,,,-117.43581424886455,35.77402059272402,9.360822613424528,14.202034868706154
Mw6.4_neighborhood,1196,10.261834417925051,9.89836312708833,0,0.0,,,,,,-117.43028451803363,35.7740155090879,9.650129532809391,14.70196538779548
Mw6.4_neighborhood,1197,10.761834417925051,9.89836312708833,0,0.0,,,,,,-117.42475478792363,35.77401017157101,9.956153875869939,15.201900477109012
Mw6.4_neighborhood,1198,-0.7381655820749478,10.39836312708833,1,1412537.5446227554,30.358544444444444,30.25,30.5,30.25,30.5,-117.5519391609544,35.77857503958638,9.778803607803972,3.7090537928622216
Mw6.4_neighborhood,1199,-0.23816558207494776,10.39836312708833,2,2291844.5865698326,19.91438055555556,19.75,19.5,19.75,19.5,-117.54640911130525,35.77857528748175,9.519716382329886,4.207977173219518
Mw6.4_neighborhood,1200,0.26183441792505224,10.39836312708833,1,1000000.0,21.257752777777775,21.25,21.5,21.25,21.5,-117.54087906163936,35.77857528147212,9.280355596635292,4.707129033957686
Mw6.4_neighborhood,1201,0.7618344179250522,10.39836312708833,0,0.0,,,,,,-117.53534901199185,35.778575021557494,9.06228448019593,5.206443660918488
Mw6.4_neighborhood,1202,1.2618344179250522,10.39836312708833,0,0.0,,,,,,-117.5298189623979,35.778574507737844,8.8670739254841,5.705878323826158
Mw6.4_neighborhood,1203,1.7618344179250522,10.39836312708833,0,0.0,,,,,,-117.5242889128926,35.778573740013215,8.696263565463044,6.205404039891366
Mw6.4_neighborhood,1204,2.2618344179250522,10.39836312708833,0,0.0,,,,,,-117.51875886351115,35.778572718383636,8.551315688243536,6.705000458634659
Mw6.4_neighborhood,1205,2.7618344179250522,10.39836312708833,0,0.0,,,,,,-117.51322881428865,35.778571442849056,8.4335638967165,7.204652871740725
Mw6.4_neighborhood,1206,3.2618344179250522,10.39836312708833,0,0.0,,,,,,-117.50769876526023,35.77856991340956,8.344159634139318,7.704350384962562
Mw6.4_neighborhood,1207,3.7618344179250522,10.39836312708833,0,0.0,,,,,,-117.50216871646106,35.77856813006513,8.284020762890446,8.204084757379318
Mw6.4_neighborhood,1208,4.261834417925052,10.39836312708833,0,0.0,,,,,,-117.49663866792623,35.778566092815815,8.253787009609589,8.703849640145133
Mw6.4_neighborhood,1209,4.761834417925052,10.39836312708833,0,0.0,,,,,,-117.49110861969093,35.77856380166165,8.253787009609589,9.20364006305361
Mw6.4_neighborhood,1210,5.261834417925052,10.39836312708833,0,0.0,,,,,,-117.48557857179027,35.77856125660265,8.284020762890446,9.703452079658884
Mw6.4_neighborhood,1211,5.761834417925052,10.39836312708833,0,0.0,,,,,,-117.48004852425942,35.77855845763887,8.344159634139318,10.203282516632932
Mw6.4_neighborhood,1212,6.261834417925052,10.39836312708833,0,0.0,,,,,,-117.47451847713346,35.77855540477036,8.4335638967165,10.703128793311707
Mw6.4_neighborhood,1213,6.761834417925052,10.39836312708833,0,0.0,,,,,,-117.46898843044758,35.77855209799714,8.551315688243536,11.202988789524383
Mw6.4_neighborhood,1214,7.261834417925052,10.39836312708833,0,0.0,,,,,,-117.46345838423689,35.778548537319296,8.696263565463044,11.702860747278843
Mw6.4_neighborhood,1215,7.761834417925052,10.39836312708833,0,0.0,,,,,,-117.45792833853656,35.77854472273686,8.8670739254841,12.20274319660095
Mw6.4_neighborhood,1216,8.261834417925051,10.39836312708833,0,0.0,,,,,,-117.45239829338168,35.77854065424991,9.06228448019593,12.702634898877543
Mw6.4_neighborhood,1217,8.761834417925051,10.39836312708833,0,0.0,,,,,,-117.44686824880745,35.778536331858476,9.280355596635292,13.202534803066134
Mw6.4_neighborhood,1218,9.261834417925051,10.39836312708833,0,0.0,,,,,,-117.44133820484896,35.77853175556266,9.519716382329884,13.702442011486983
Mw6.4_neighborhood,1219,9.761834417925051,10.39836312708833,0,0.0,,,,,,-117.43580816154135,35.77852692536252,9.778803607803972,14.202355752837425
Mw6.4_neighborhood,1220,-0.23816558207494776,10.89836312708833,0,0.0,,,,,,-117.54640925984936,35.78308162119075,9.956153875869939,4.268042456272599
Mw6.4_neighborhood,1221,0.26183441792505224,10.89836312708833,2,3753044.8272244884,6.422933333333334,6.25,6.5,6.25,6.5,-117.54087889833296,35.78308161518056,9.72753822917186,4.760900992515632
Mw6.4_neighborhood,1222,0.7618344179250522,10.89836312708833,0,0.0,,,,,,-117.53534853683497,35.78308135524198,9.519716382329886,5.255108953440187
Mw6.4_neighborhood,1223,1.2618344179250522,10.89836312708833,0,0.0,,,,,,-117.52981817539056,35.78308084137502,9.334077351297235,5.750318422880434
Mw6.4_neighborhood,1224,1.7618344179250522,10.89836312708833,0,0.0,,,,,,-117.52428781403482,35.78308007357967,9.17196816392207,6.246291204907838
Mw6.4_neighborhood,1225,2.2618344179250522,10.89836312708833,1,149623565.60944358,2.020288888888889,2.25,2.5,2.25,2.5,-117.51875745280296,35.78307905185596,9.034655499796326,6.742858864643386
Mw6.4_neighborhood,1226,2.7618344179250522,10.89836312708833,0,0.0,,,,,,-117.51322709173007,35.78307777620388,8.923284148787374,7.239898999329396
Mw6.4_neighborhood,1227,3.2618344179250522,10.89836312708833,0,0.0,,,,,,-117.50769673085136,35.78307624662348,8.838834764831844,7.737320555107026
Mw6.4_neighborhood,1228,3.7618344179250522,10.89836312708833,0,0.0,,,,,,-117.50216637020192,35.78307446311479,8.782084035125148,8.235054415392323
Mw6.4_neighborhood,1229,4.261834417925052,10.89836312708833,0,0.0,,,,,,-117.49663600981695,35.783072425677794,8.753570700005799,8.733047181623576
Mw6.4_neighborhood,1230,4.761834417925052,10.89836312708833,0,0.0,,,,,,-117.49110564973154,35.78307013431256,8.753570700005799,9.231256952791117
Mw6.4_neighborhood,1231,5.261834417925052,10.89836312708833,0,0.0,,,,,,-117.4855752899809,35.78306758901912,8.782084035125148,9.729650393536515
Mw6.4_neighborhood,1232,5.761834417925052,10.89836312708833,0,0.0,,,,,,-117.48004493060012,35.7830647897975,8.838834764831844,10.228200654681944
Mw6.4_neighborhood,1233,6.261834417925052,10.89836312708833,0,0.0,,,,,,-117.47451457162438,35.78306173664774,8.923284148787374,10.72688587076543
Mw6.4_neighborhood,1234,6.761834417925052,10.89836312708833,0,0.0,,,,,,-117.46898421308885,35.78305842956993,9.034655499796326,11.225688056258196
Mw6.4_neighborhood,1235,7.261834417925052,10.89836312708833,0,0.0,,,,,,-117.46345385502865,35.78305486856406,9.17196816392207,11.72459228239553
Mw6.4_neighborhood,1236,7.761834417925052,10.89836312708833,0,0.0,,,,,,-117.45792349747893,35.78305105363023,9.334077351297235,12.223586054853122
Mw6.4_neighborhood,1237,8.261834417925051,10.89836312708833,0,0.0,,,,,,-117.45239314047481,35.783046984768475,9.519716382329886,12.722658837381067
Mw6.4_neighborhood,1238,8.761834417925051,10.89836312708833,0,0.0,,,,,,-117.44686278405149,35.783042661978875,9.72753822917186,13.22180168299243
Mw6.4_neighborhood,1239,9.261834417925051,10.89836312708833,0,0.0,,,,,,-117.44133242824411,35.78303808526148,9.956153875869937,13.721006945423953
Mw6.4_neighborhood,1240,0.7618344179250522,11.39836312708833,0,0.0,,,,,,-117.53534806158989,35.78758768554237,9.981232388838565,5.350260239533787
Mw6.4_neighborhood,1241,1.2618344179250522,11.39836312708833,0,0.0,,,,,,-117.52981738823706,35.78758717162806,9.80433577556379,5.837403231123153
Mw6.4_neighborhood,1242,1.7618344179250522,11.39836312708833,0,0.0,,,,,,-117.52428671497299,35.78758640376198,9.650129532809391,6.326552642215025
Mw6.4_neighborhood,1243,2.2618344179250522,11.39836312708833,0,0.0,,,,,,-117.5187560418328,35.78758538194413,9.519716382329886,6.8172765960248976
Mw6.4_neighborhood,1244,2.7618344179250522,11.39836312708833,1,11220184543.019651,0.0472111111111111,0.25,0.5,0.25,0.5,-117.51322536885165,35.78758410617454,9.414085191881366,7.3092579677214635
Mw6.4_neighborhood,1245,3.2618344179250522,11.39836312708833,0,0.0,,,,,,-117.50769469606468,35.78758257645323,9.334077351297235,7.802258896671566
Mw6.4_neighborhood,1246,3.7618344179250522,11.39836312708833,0,0.0,,,,,,-117.50216402350709,35.78758079278023,9.280355596635292,8.296097621332663
Mw6.4_neighborhood,1247,4.261834417925052,11.39836312708833,0,0.0,,,,,,-117.49663335121403,35.78757875515554,9.253377761660873,8.790632946191781
Mw6.4_neighborhood,1248,4.761834417925052,11.39836312708833,0,0.0,,,,,,-117.49110267922063,35.78757646357921,9.253377761660873,9.285753574517432
Mw6.4_neighborhood,1249,5.261834417925052,11.39836312708833,0,0.0,,,,,,-117.48557200756208,35.78757391805128,9.280355596635292,9.781370624746522
Mw6.4_neighborhood,1250,5.761834417925052,11.39836312708833,0,0.0,,,,,,-117.48004133627352,35.78757111857177,9.334077351297235,10.277412278907812
Mw6.4_neighborhood,1251,6.261834417925052,11.39836312708833,0,0.0,,,,,,-117.47451066539007,35.787568065140746,9.414085191881366,10.77381988909393
Mw6.4_neighborhood,1252,6.761834417925052,11.39836312708833,0,0.0,,,,,,-117.46897999494698,35.78756475775825,9.519716382329886,11.270545100154953
Mw6.4_neighborhood,1253,7.261834417925052,11.39836312708833,0,0.0,,,,,,-117.46344932497932,35.787561196424335,9.650129532809391,11.767547692982498
Mw6.4_neighborhood,1254,7.761834417925052,11.39836312708833,0,0.0,,,,,,-117.4579186555223,35.78755738113903,9.80433577556379,12.264793946846748
Mw6.4_neighborhood,1255,8.261834417925051,11.39836312708833,0,0.0,,,,,,-117.45238798661106,35.787553311902435,9.981232388838565,12.762255381028835
Mw6.4_neighborhood,1256,2.7618344179250522,11.89836312708833,0,0.0,,,,,,-117.51322364565326,35.79209043276088,9.905806378079475,7.41177216034793
Mw6.4_neighborhood,1257,3.2618344179250522,11.89836312708833,0,0.0,,,,,,-117.50769266090016,35.79208890289863,9.82980162566875,7.8983769477595525
Mw6.4_neighborhood,1258,3.7618344179250522,11.89836312708833,0,0.0,,,,,,-117.50216167637649,35.79208711906127,9.778803607803972,8.38655771224943
Mw6.4_neighborhood,1259,4.261834417925052,11.89836312708833,0,0.0,,,,,,-117.4966306921174,35.79208508124886,9.75320460156558,8.876054422595734
Mw6.4_neighborhood,1260,4.761834417925052,11.89836312708833,0,0.0,,,,,,-117.49109970815807,35.792082789461396,9.75320460156558,9.366660769178747
Mw6.4_neighborhood,1261,5.261834417925052,11.89836312708833,0,0.0,,,,,,-117.48556872453369,35.79208024369894,9.778803607803972,9.858211086037015
Mw6.4_neighborhood,1262,5.761834417925052,11.89836312708833,0,0.0,,,,,,-117.48003774127938,35.792077443961524,9.82980162566875,10.35057088613251
Mw6.4_neighborhood,1263,6.261834417925052,11.89836312708833,0,0.0,,,,,,-117.47450675843034,35.79207439024918,9.905806378079475,10.843629905195256
